predicted_probability,smoothed_observed_probability,design,cohort,representation,model
0.0,0.0,GEO_LOCO,GSE13067,fixed_log_expression,elastic_net
0.01,0.0,GEO_LOCO,GSE13067,fixed_log_expression,elastic_net
0.02,0.0,GEO_LOCO,GSE13067,fixed_log_expression,elastic_net
0.03,0.0,GEO_LOCO,GSE13067,fixed_log_expression,elastic_net
0.04,0.0,GEO_LOCO,GSE13067,fixed_log_expression,elastic_net
0.05,0.0,GEO_LOCO,GSE13067,fixed_log_expression,elastic_net
0.06,0.0,GEO_LOCO,GSE13067,fixed_log_expression,elastic_net
0.07,0.0,GEO_LOCO,GSE13067,fixed_log_expression,elastic_net
0.08,0.0,GEO_LOCO,GSE13067,fixed_log_expression,elastic_net
0.09,0.0,GEO_LOCO,GSE13067,fixed_log_expression,elastic_net
0.1,0.0,GEO_LOCO,GSE13067,fixed_log_expression,elastic_net
0.11,0.00010726361587825296,GEO_LOCO,GSE13067,fixed_log_expression,elastic_net
0.12,0.0003262743036821206,GEO_LOCO,GSE13067,fixed_log_expression,elastic_net
0.13,0.0005452849914859885,GEO_LOCO,GSE13067,fixed_log_expression,elastic_net
0.14,0.0007883599207095809,GEO_LOCO,GSE13067,fixed_log_expression,elastic_net
0.15,0.0010509283476573292,GEO_LOCO,GSE13067,fixed_log_expression,elastic_net
0.16,0.0013307262602601862,GEO_LOCO,GSE13067,fixed_log_expression,elastic_net
0.17,0.0016350326307262685,GEO_LOCO,GSE13067,fixed_log_expression,elastic_net
0.18,0.001961327984824272,GEO_LOCO,GSE13067,fixed_log_expression,elastic_net
0.19,0.0023318939622885395,GEO_LOCO,GSE13067,fixed_log_expression,elastic_net
0.2,0.0027264342093362257,GEO_LOCO,GSE13067,fixed_log_expression,elastic_net
0.21,0.0031210018025421694,GEO_LOCO,GSE13067,fixed_log_expression,elastic_net
0.22,0.0035880338139451465,GEO_LOCO,GSE13067,fixed_log_expression,elastic_net
0.23,0.004089729176622935,GEO_LOCO,GSE13067,fixed_log_expression,elastic_net
0.24,0.004657060477159121,GEO_LOCO,GSE13067,fixed_log_expression,elastic_net
0.25,0.006504130139876735,GEO_LOCO,GSE13067,fixed_log_expression,elastic_net
0.26,0.008922262317590149,GEO_LOCO,GSE13067,fixed_log_expression,elastic_net
0.27,0.011340394495303562,GEO_LOCO,GSE13067,fixed_log_expression,elastic_net
0.28,0.013758526673016976,GEO_LOCO,GSE13067,fixed_log_expression,elastic_net
0.29,0.016176658850730375,GEO_LOCO,GSE13067,fixed_log_expression,elastic_net
0.3,0.01859479102844379,GEO_LOCO,GSE13067,fixed_log_expression,elastic_net
0.31,0.021012923206157202,GEO_LOCO,GSE13067,fixed_log_expression,elastic_net
0.32,0.029229963507264416,GEO_LOCO,GSE13067,fixed_log_expression,elastic_net
0.33,0.03893161910325962,GEO_LOCO,GSE13067,fixed_log_expression,elastic_net
0.34,0.049124229397672636,GEO_LOCO,GSE13067,fixed_log_expression,elastic_net
0.35000000000000003,0.05724793610411892,GEO_LOCO,GSE13067,fixed_log_expression,elastic_net
0.36,0.06537164281056516,GEO_LOCO,GSE13067,fixed_log_expression,elastic_net
0.37,0.06993094677304487,GEO_LOCO,GSE13067,fixed_log_expression,elastic_net
0.38,0.07423611559665595,GEO_LOCO,GSE13067,fixed_log_expression,elastic_net
0.39,0.07854128442026703,GEO_LOCO,GSE13067,fixed_log_expression,elastic_net
0.4,0.08284645324387811,GEO_LOCO,GSE13067,fixed_log_expression,elastic_net
0.41000000000000003,0.08715162206748919,GEO_LOCO,GSE13067,fixed_log_expression,elastic_net
0.42,0.09145679089110025,GEO_LOCO,GSE13067,fixed_log_expression,elastic_net
0.43,0.09576195971471133,GEO_LOCO,GSE13067,fixed_log_expression,elastic_net
0.44,0.09989173402473796,GEO_LOCO,GSE13067,fixed_log_expression,elastic_net
0.45,0.10267068437126217,GEO_LOCO,GSE13067,fixed_log_expression,elastic_net
0.46,0.104983101001691,GEO_LOCO,GSE13067,fixed_log_expression,elastic_net
0.47000000000000003,0.10705403263826707,GEO_LOCO,GSE13067,fixed_log_expression,elastic_net
0.48,0.10912496427484313,GEO_LOCO,GSE13067,fixed_log_expression,elastic_net
0.49,0.11119589591141919,GEO_LOCO,GSE13067,fixed_log_expression,elastic_net
0.5,0.11326682754799526,GEO_LOCO,GSE13067,fixed_log_expression,elastic_net
0.51,0.11550448874851535,GEO_LOCO,GSE13067,fixed_log_expression,elastic_net
0.52,0.1179208879792206,GEO_LOCO,GSE13067,fixed_log_expression,elastic_net
0.53,0.12079718246199637,GEO_LOCO,GSE13067,fixed_log_expression,elastic_net
0.54,0.12367347694477215,GEO_LOCO,GSE13067,fixed_log_expression,elastic_net
0.55,0.12662564398138443,GEO_LOCO,GSE13067,fixed_log_expression,elastic_net
0.56,0.1302513503186671,GEO_LOCO,GSE13067,fixed_log_expression,elastic_net
0.5700000000000001,0.13654194773446138,GEO_LOCO,GSE13067,fixed_log_expression,elastic_net
0.58,0.1468526691842426,GEO_LOCO,GSE13067,fixed_log_expression,elastic_net
0.59,0.15900338970308858,GEO_LOCO,GSE13067,fixed_log_expression,elastic_net
0.6,0.17115411022193455,GEO_LOCO,GSE13067,fixed_log_expression,elastic_net
0.61,0.1847812471745274,GEO_LOCO,GSE13067,fixed_log_expression,elastic_net
0.62,0.19933983525731136,GEO_LOCO,GSE13067,fixed_log_expression,elastic_net
0.63,0.21389842334009532,GEO_LOCO,GSE13067,fixed_log_expression,elastic_net
0.64,0.22845701142287927,GEO_LOCO,GSE13067,fixed_log_expression,elastic_net
0.65,0.24288678286932425,GEO_LOCO,GSE13067,fixed_log_expression,elastic_net
0.66,0.25726436631286775,GEO_LOCO,GSE13067,fixed_log_expression,elastic_net
0.67,0.2716419497564113,GEO_LOCO,GSE13067,fixed_log_expression,elastic_net
0.68,0.2860195331999548,GEO_LOCO,GSE13067,fixed_log_expression,elastic_net
0.6900000000000001,0.3003156221520132,GEO_LOCO,GSE13067,fixed_log_expression,elastic_net
0.7000000000000001,0.314393976209673,GEO_LOCO,GSE13067,fixed_log_expression,elastic_net
0.71,0.32846477859797435,GEO_LOCO,GSE13067,fixed_log_expression,elastic_net
0.72,0.34253466155255224,GEO_LOCO,GSE13067,fixed_log_expression,elastic_net
0.73,0.35651223898098006,GEO_LOCO,GSE13067,fixed_log_expression,elastic_net
0.74,0.3704527570762647,GEO_LOCO,GSE13067,fixed_log_expression,elastic_net
0.75,0.3843856267219852,GEO_LOCO,GSE13067,fixed_log_expression,elastic_net
0.76,0.39828604366085757,GEO_LOCO,GSE13067,fixed_log_expression,elastic_net
0.77,0.4121661709491418,GEO_LOCO,GSE13067,fixed_log_expression,elastic_net
0.78,0.4260404889663627,GEO_LOCO,GSE13067,fixed_log_expression,elastic_net
0.79,0.43991877204308305,GEO_LOCO,GSE13067,fixed_log_expression,elastic_net
0.8,0.45380995402125845,GEO_LOCO,GSE13067,fixed_log_expression,elastic_net
0.81,0.46770113599943386,GEO_LOCO,GSE13067,fixed_log_expression,elastic_net
0.8200000000000001,0.48159231797760926,GEO_LOCO,GSE13067,fixed_log_expression,elastic_net
0.8300000000000001,0.49548349995578467,GEO_LOCO,GSE13067,fixed_log_expression,elastic_net
0.84,0.5094602450014613,GEO_LOCO,GSE13067,fixed_log_expression,elastic_net
0.85,0.5235816484501912,GEO_LOCO,GSE13067,fixed_log_expression,elastic_net
0.86,0.537703051898921,GEO_LOCO,GSE13067,fixed_log_expression,elastic_net
0.87,0.5518244553476508,GEO_LOCO,GSE13067,fixed_log_expression,elastic_net
0.88,0.5659458587963806,GEO_LOCO,GSE13067,fixed_log_expression,elastic_net
0.89,0.5800672622451104,GEO_LOCO,GSE13067,fixed_log_expression,elastic_net
0.9,0.5941886656938403,GEO_LOCO,GSE13067,fixed_log_expression,elastic_net
0.91,0.6083100691425701,GEO_LOCO,GSE13067,fixed_log_expression,elastic_net
0.92,0.6224822105667612,GEO_LOCO,GSE13067,fixed_log_expression,elastic_net
0.93,0.6370022799866105,GEO_LOCO,GSE13067,fixed_log_expression,elastic_net
0.9400000000000001,0.651571715417965,GEO_LOCO,GSE13067,fixed_log_expression,elastic_net
0.9500000000000001,0.6661411508493194,GEO_LOCO,GSE13067,fixed_log_expression,elastic_net
0.96,0.6807105862806737,GEO_LOCO,GSE13067,fixed_log_expression,elastic_net
0.97,0.6955300761390066,GEO_LOCO,GSE13067,fixed_log_expression,elastic_net
0.98,0.7104170117520728,GEO_LOCO,GSE13067,fixed_log_expression,elastic_net
0.99,0.7254771248187103,GEO_LOCO,GSE13067,fixed_log_expression,elastic_net
1.0,0.7404290750048196,GEO_LOCO,GSE13067,fixed_log_expression,elastic_net
0.0,0.0,GEO_LOCO,GSE13067,fixed_log_expression,svm_rbf
0.01,0.0,GEO_LOCO,GSE13067,fixed_log_expression,svm_rbf
0.02,0.0,GEO_LOCO,GSE13067,fixed_log_expression,svm_rbf
0.03,0.0,GEO_LOCO,GSE13067,fixed_log_expression,svm_rbf
0.04,0.0,GEO_LOCO,GSE13067,fixed_log_expression,svm_rbf
0.05,0.0,GEO_LOCO,GSE13067,fixed_log_expression,svm_rbf
0.06,0.0,GEO_LOCO,GSE13067,fixed_log_expression,svm_rbf
0.07,0.0,GEO_LOCO,GSE13067,fixed_log_expression,svm_rbf
0.08,0.0,GEO_LOCO,GSE13067,fixed_log_expression,svm_rbf
0.09,0.0,GEO_LOCO,GSE13067,fixed_log_expression,svm_rbf
0.1,0.0,GEO_LOCO,GSE13067,fixed_log_expression,svm_rbf
0.11,0.0,GEO_LOCO,GSE13067,fixed_log_expression,svm_rbf
0.12,0.0,GEO_LOCO,GSE13067,fixed_log_expression,svm_rbf
0.13,0.0,GEO_LOCO,GSE13067,fixed_log_expression,svm_rbf
0.14,0.0,GEO_LOCO,GSE13067,fixed_log_expression,svm_rbf
0.15,0.0,GEO_LOCO,GSE13067,fixed_log_expression,svm_rbf
0.16,0.0,GEO_LOCO,GSE13067,fixed_log_expression,svm_rbf
0.17,0.0,GEO_LOCO,GSE13067,fixed_log_expression,svm_rbf
0.18,0.0,GEO_LOCO,GSE13067,fixed_log_expression,svm_rbf
0.19,0.0,GEO_LOCO,GSE13067,fixed_log_expression,svm_rbf
0.2,0.0,GEO_LOCO,GSE13067,fixed_log_expression,svm_rbf
0.21,0.0,GEO_LOCO,GSE13067,fixed_log_expression,svm_rbf
0.22,0.0,GEO_LOCO,GSE13067,fixed_log_expression,svm_rbf
0.23,0.0,GEO_LOCO,GSE13067,fixed_log_expression,svm_rbf
0.24,0.0,GEO_LOCO,GSE13067,fixed_log_expression,svm_rbf
0.25,0.0,GEO_LOCO,GSE13067,fixed_log_expression,svm_rbf
0.26,0.0,GEO_LOCO,GSE13067,fixed_log_expression,svm_rbf
0.27,0.0,GEO_LOCO,GSE13067,fixed_log_expression,svm_rbf
0.28,0.00528385115057627,GEO_LOCO,GSE13067,fixed_log_expression,svm_rbf
0.29,0.01112388680795786,GEO_LOCO,GSE13067,fixed_log_expression,svm_rbf
0.3,0.01696392246533948,GEO_LOCO,GSE13067,fixed_log_expression,svm_rbf
0.31,0.0228039581227211,GEO_LOCO,GSE13067,fixed_log_expression,svm_rbf
0.32,0.02864399378010272,GEO_LOCO,GSE13067,fixed_log_expression,svm_rbf
0.33,0.03573083608927999,GEO_LOCO,GSE13067,fixed_log_expression,svm_rbf
0.34,0.04332511505531514,GEO_LOCO,GSE13067,fixed_log_expression,svm_rbf
0.35000000000000003,0.05091939402135029,GEO_LOCO,GSE13067,fixed_log_expression,svm_rbf
0.36,0.0585136729873854,GEO_LOCO,GSE13067,fixed_log_expression,svm_rbf
0.37,0.06610795195342055,GEO_LOCO,GSE13067,fixed_log_expression,svm_rbf
0.38,0.0739267410746955,GEO_LOCO,GSE13067,fixed_log_expression,svm_rbf
0.39,0.08342737234325634,GEO_LOCO,GSE13067,fixed_log_expression,svm_rbf
0.4,0.0940290230005113,GEO_LOCO,GSE13067,fixed_log_expression,svm_rbf
0.41000000000000003,0.10463067365776625,GEO_LOCO,GSE13067,fixed_log_expression,svm_rbf
0.42,0.11523232431502115,GEO_LOCO,GSE13067,fixed_log_expression,svm_rbf
0.43,0.1258339749722761,GEO_LOCO,GSE13067,fixed_log_expression,svm_rbf
0.44,0.13643562562953107,GEO_LOCO,GSE13067,fixed_log_expression,svm_rbf
0.45,0.14703727628678603,GEO_LOCO,GSE13067,fixed_log_expression,svm_rbf
0.46,0.15763892694404097,GEO_LOCO,GSE13067,fixed_log_expression,svm_rbf
0.47000000000000003,0.16824057760129596,GEO_LOCO,GSE13067,fixed_log_expression,svm_rbf
0.48,0.17884222825855084,GEO_LOCO,GSE13067,fixed_log_expression,svm_rbf
0.49,0.1891365313858062,GEO_LOCO,GSE13067,fixed_log_expression,svm_rbf
0.5,0.19941799637213953,GEO_LOCO,GSE13067,fixed_log_expression,svm_rbf
0.51,0.20969946135847284,GEO_LOCO,GSE13067,fixed_log_expression,svm_rbf
0.52,0.21998092634480615,GEO_LOCO,GSE13067,fixed_log_expression,svm_rbf
0.53,0.23112911371041459,GEO_LOCO,GSE13067,fixed_log_expression,svm_rbf
0.54,0.24446936683945095,GEO_LOCO,GSE13067,fixed_log_expression,svm_rbf
0.55,0.25811946796844804,GEO_LOCO,GSE13067,fixed_log_expression,svm_rbf
0.56,0.27220810590157163,GEO_LOCO,GSE13067,fixed_log_expression,svm_rbf
0.5700000000000001,0.28615242295243043,GEO_LOCO,GSE13067,fixed_log_expression,svm_rbf
0.58,0.30009674000328906,GEO_LOCO,GSE13067,fixed_log_expression,svm_rbf
0.59,0.31404105705414787,GEO_LOCO,GSE13067,fixed_log_expression,svm_rbf
0.6,0.3279853741050066,GEO_LOCO,GSE13067,fixed_log_expression,svm_rbf
0.61,0.3413565349694835,GEO_LOCO,GSE13067,fixed_log_expression,svm_rbf
0.62,0.35424857784066227,GEO_LOCO,GSE13067,fixed_log_expression,svm_rbf
0.63,0.36714062071184106,GEO_LOCO,GSE13067,fixed_log_expression,svm_rbf
0.64,0.38003266358301985,GEO_LOCO,GSE13067,fixed_log_expression,svm_rbf
0.65,0.39292470645419864,GEO_LOCO,GSE13067,fixed_log_expression,svm_rbf
0.66,0.4058167493253775,GEO_LOCO,GSE13067,fixed_log_expression,svm_rbf
0.67,0.41870879219655627,GEO_LOCO,GSE13067,fixed_log_expression,svm_rbf
0.68,0.43160083506773506,GEO_LOCO,GSE13067,fixed_log_expression,svm_rbf
0.6900000000000001,0.44449287793891384,GEO_LOCO,GSE13067,fixed_log_expression,svm_rbf
0.7000000000000001,0.45738492081009263,GEO_LOCO,GSE13067,fixed_log_expression,svm_rbf
0.71,0.47027371424369796,GEO_LOCO,GSE13067,fixed_log_expression,svm_rbf
0.72,0.48315983653295796,GEO_LOCO,GSE13067,fixed_log_expression,svm_rbf
0.73,0.49604595882221797,GEO_LOCO,GSE13067,fixed_log_expression,svm_rbf
0.74,0.5089320811114779,GEO_LOCO,GSE13067,fixed_log_expression,svm_rbf
0.75,0.5218182034007379,GEO_LOCO,GSE13067,fixed_log_expression,svm_rbf
0.76,0.5347043256899979,GEO_LOCO,GSE13067,fixed_log_expression,svm_rbf
0.77,0.5475904479792579,GEO_LOCO,GSE13067,fixed_log_expression,svm_rbf
0.78,0.5604765702685179,GEO_LOCO,GSE13067,fixed_log_expression,svm_rbf
0.79,0.5733626925577779,GEO_LOCO,GSE13067,fixed_log_expression,svm_rbf
0.8,0.5862488148470378,GEO_LOCO,GSE13067,fixed_log_expression,svm_rbf
0.81,0.5991349371362978,GEO_LOCO,GSE13067,fixed_log_expression,svm_rbf
0.8200000000000001,0.6121045016878891,GEO_LOCO,GSE13067,fixed_log_expression,svm_rbf
0.8300000000000001,0.6251283057096756,GEO_LOCO,GSE13067,fixed_log_expression,svm_rbf
0.84,0.6381521097314619,GEO_LOCO,GSE13067,fixed_log_expression,svm_rbf
0.85,0.6511759137532483,GEO_LOCO,GSE13067,fixed_log_expression,svm_rbf
0.86,0.6641997177750348,GEO_LOCO,GSE13067,fixed_log_expression,svm_rbf
0.87,0.6772253825990089,GEO_LOCO,GSE13067,fixed_log_expression,svm_rbf
0.88,0.690327230919337,GEO_LOCO,GSE13067,fixed_log_expression,svm_rbf
0.89,0.7034290792396651,GEO_LOCO,GSE13067,fixed_log_expression,svm_rbf
0.9,0.7165706924833644,GEO_LOCO,GSE13067,fixed_log_expression,svm_rbf
0.91,0.729767535931261,GEO_LOCO,GSE13067,fixed_log_expression,svm_rbf
0.92,0.7429643793791577,GEO_LOCO,GSE13067,fixed_log_expression,svm_rbf
0.93,0.7561612228270543,GEO_LOCO,GSE13067,fixed_log_expression,svm_rbf
0.9400000000000001,0.7693580662749511,GEO_LOCO,GSE13067,fixed_log_expression,svm_rbf
0.9500000000000001,0.7825549097228477,GEO_LOCO,GSE13067,fixed_log_expression,svm_rbf
0.96,0.7957954682051822,GEO_LOCO,GSE13067,fixed_log_expression,svm_rbf
0.97,0.8090914748906509,GEO_LOCO,GSE13067,fixed_log_expression,svm_rbf
0.98,0.8224377632026608,GEO_LOCO,GSE13067,fixed_log_expression,svm_rbf
0.99,0.835792901208211,GEO_LOCO,GSE13067,fixed_log_expression,svm_rbf
1.0,0.8491585706309589,GEO_LOCO,GSE13067,fixed_log_expression,svm_rbf
0.0,0.0,GEO_LOCO,GSE13067,fixed_log_expression,xgboost
0.01,0.0,GEO_LOCO,GSE13067,fixed_log_expression,xgboost
0.02,0.0,GEO_LOCO,GSE13067,fixed_log_expression,xgboost
0.03,0.0,GEO_LOCO,GSE13067,fixed_log_expression,xgboost
0.04,0.0,GEO_LOCO,GSE13067,fixed_log_expression,xgboost
0.05,0.0,GEO_LOCO,GSE13067,fixed_log_expression,xgboost
0.06,0.0,GEO_LOCO,GSE13067,fixed_log_expression,xgboost
0.07,0.0,GEO_LOCO,GSE13067,fixed_log_expression,xgboost
0.08,0.0,GEO_LOCO,GSE13067,fixed_log_expression,xgboost
0.09,0.0,GEO_LOCO,GSE13067,fixed_log_expression,xgboost
0.1,0.0,GEO_LOCO,GSE13067,fixed_log_expression,xgboost
0.11,0.0,GEO_LOCO,GSE13067,fixed_log_expression,xgboost
0.12,0.0,GEO_LOCO,GSE13067,fixed_log_expression,xgboost
0.13,0.0,GEO_LOCO,GSE13067,fixed_log_expression,xgboost
0.14,0.0,GEO_LOCO,GSE13067,fixed_log_expression,xgboost
0.15,0.0,GEO_LOCO,GSE13067,fixed_log_expression,xgboost
0.16,0.0,GEO_LOCO,GSE13067,fixed_log_expression,xgboost
0.17,0.0,GEO_LOCO,GSE13067,fixed_log_expression,xgboost
0.18,0.0,GEO_LOCO,GSE13067,fixed_log_expression,xgboost
0.19,0.0,GEO_LOCO,GSE13067,fixed_log_expression,xgboost
0.2,0.0,GEO_LOCO,GSE13067,fixed_log_expression,xgboost
0.21,0.0,GEO_LOCO,GSE13067,fixed_log_expression,xgboost
0.22,0.0,GEO_LOCO,GSE13067,fixed_log_expression,xgboost
0.23,0.0,GEO_LOCO,GSE13067,fixed_log_expression,xgboost
0.24,0.0,GEO_LOCO,GSE13067,fixed_log_expression,xgboost
0.25,0.0,GEO_LOCO,GSE13067,fixed_log_expression,xgboost
0.26,0.0,GEO_LOCO,GSE13067,fixed_log_expression,xgboost
0.27,0.0,GEO_LOCO,GSE13067,fixed_log_expression,xgboost
0.28,0.0,GEO_LOCO,GSE13067,fixed_log_expression,xgboost
0.29,0.0,GEO_LOCO,GSE13067,fixed_log_expression,xgboost
0.3,0.0,GEO_LOCO,GSE13067,fixed_log_expression,xgboost
0.31,0.0,GEO_LOCO,GSE13067,fixed_log_expression,xgboost
0.32,0.0,GEO_LOCO,GSE13067,fixed_log_expression,xgboost
0.33,0.0,GEO_LOCO,GSE13067,fixed_log_expression,xgboost
0.34,0.0,GEO_LOCO,GSE13067,fixed_log_expression,xgboost
0.35000000000000003,0.00010107192132297071,GEO_LOCO,GSE13067,fixed_log_expression,xgboost
0.36,0.00043234138738450825,GEO_LOCO,GSE13067,fixed_log_expression,xgboost
0.37,0.0007636108534460476,GEO_LOCO,GSE13067,fixed_log_expression,xgboost
0.38,0.001094880319507587,GEO_LOCO,GSE13067,fixed_log_expression,xgboost
0.39,0.005366557851675476,GEO_LOCO,GSE13067,fixed_log_expression,xgboost
0.4,0.014290988223631078,GEO_LOCO,GSE13067,fixed_log_expression,xgboost
0.41000000000000003,0.027818108883890212,GEO_LOCO,GSE13067,fixed_log_expression,xgboost
0.42,0.04134522954414927,GEO_LOCO,GSE13067,fixed_log_expression,xgboost
0.43,0.05487235020440841,GEO_LOCO,GSE13067,fixed_log_expression,xgboost
0.44,0.06839947086466754,GEO_LOCO,GSE13067,fixed_log_expression,xgboost
0.45,0.08192659152492666,GEO_LOCO,GSE13067,fixed_log_expression,xgboost
0.46,0.09545371218518581,GEO_LOCO,GSE13067,fixed_log_expression,xgboost
0.47000000000000003,0.10898083284544494,GEO_LOCO,GSE13067,fixed_log_expression,xgboost
0.48,0.122507953505704,GEO_LOCO,GSE13067,fixed_log_expression,xgboost
0.49,0.13603507416596314,GEO_LOCO,GSE13067,fixed_log_expression,xgboost
0.5,0.14956219482622227,GEO_LOCO,GSE13067,fixed_log_expression,xgboost
0.51,0.16308931548648142,GEO_LOCO,GSE13067,fixed_log_expression,xgboost
0.52,0.1765772387978792,GEO_LOCO,GSE13067,fixed_log_expression,xgboost
0.53,0.18991374051594637,GEO_LOCO,GSE13067,fixed_log_expression,xgboost
0.54,0.20325024223401356,GEO_LOCO,GSE13067,fixed_log_expression,xgboost
0.55,0.21658674395208072,GEO_LOCO,GSE13067,fixed_log_expression,xgboost
0.56,0.2299232456701479,GEO_LOCO,GSE13067,fixed_log_expression,xgboost
0.5700000000000001,0.2439080330709737,GEO_LOCO,GSE13067,fixed_log_expression,xgboost
0.58,0.258125180784069,GEO_LOCO,GSE13067,fixed_log_expression,xgboost
0.59,0.27234232849716444,GEO_LOCO,GSE13067,fixed_log_expression,xgboost
0.6,0.2865594762102599,GEO_LOCO,GSE13067,fixed_log_expression,xgboost
0.61,0.30077662392335536,GEO_LOCO,GSE13067,fixed_log_expression,xgboost
0.62,0.3149937716364508,GEO_LOCO,GSE13067,fixed_log_expression,xgboost
0.63,0.32921091934954627,GEO_LOCO,GSE13067,fixed_log_expression,xgboost
0.64,0.34342806706264173,GEO_LOCO,GSE13067,fixed_log_expression,xgboost
0.65,0.35722911062776896,GEO_LOCO,GSE13067,fixed_log_expression,xgboost
0.66,0.37098834939379144,GEO_LOCO,GSE13067,fixed_log_expression,xgboost
0.67,0.38474758815981397,GEO_LOCO,GSE13067,fixed_log_expression,xgboost
0.68,0.39850682692583644,GEO_LOCO,GSE13067,fixed_log_expression,xgboost
0.6900000000000001,0.4122660656918589,GEO_LOCO,GSE13067,fixed_log_expression,xgboost
0.7000000000000001,0.4260790491234635,GEO_LOCO,GSE13067,fixed_log_expression,xgboost
0.71,0.43993836526256225,GEO_LOCO,GSE13067,fixed_log_expression,xgboost
0.72,0.45391475305489803,GEO_LOCO,GSE13067,fixed_log_expression,xgboost
0.73,0.4679559631166274,GEO_LOCO,GSE13067,fixed_log_expression,xgboost
0.74,0.4819971731783567,GEO_LOCO,GSE13067,fixed_log_expression,xgboost
0.75,0.4960383832400861,GEO_LOCO,GSE13067,fixed_log_expression,xgboost
0.76,0.5102336757793057,GEO_LOCO,GSE13067,fixed_log_expression,xgboost
0.77,0.5245373935390066,GEO_LOCO,GSE13067,fixed_log_expression,xgboost
0.78,0.5388411112987076,GEO_LOCO,GSE13067,fixed_log_expression,xgboost
0.79,0.5531484204383782,GEO_LOCO,GSE13067,fixed_log_expression,xgboost
0.8,0.567699621840371,GEO_LOCO,GSE13067,fixed_log_expression,xgboost
0.81,0.582250823242364,GEO_LOCO,GSE13067,fixed_log_expression,xgboost
0.8200000000000001,0.5968020246443568,GEO_LOCO,GSE13067,fixed_log_expression,xgboost
0.8300000000000001,0.6113532260463497,GEO_LOCO,GSE13067,fixed_log_expression,xgboost
0.84,0.6261177373884207,GEO_LOCO,GSE13067,fixed_log_expression,xgboost
0.85,0.6409040108211855,GEO_LOCO,GSE13067,fixed_log_expression,xgboost
0.86,0.6556902842539504,GEO_LOCO,GSE13067,fixed_log_expression,xgboost
0.87,0.6704765576867152,GEO_LOCO,GSE13067,fixed_log_expression,xgboost
0.88,0.6853367593845522,GEO_LOCO,GSE13067,fixed_log_expression,xgboost
0.89,0.7003540280857573,GEO_LOCO,GSE13067,fixed_log_expression,xgboost
0.9,0.7154151771542645,GEO_LOCO,GSE13067,fixed_log_expression,xgboost
0.91,0.7304763262227717,GEO_LOCO,GSE13067,fixed_log_expression,xgboost
0.92,0.7455374752912789,GEO_LOCO,GSE13067,fixed_log_expression,xgboost
0.93,0.760685756979145,GEO_LOCO,GSE13067,fixed_log_expression,xgboost
0.9400000000000001,0.7759998417264807,GEO_LOCO,GSE13067,fixed_log_expression,xgboost
0.9500000000000001,0.7913139264738164,GEO_LOCO,GSE13067,fixed_log_expression,xgboost
0.96,0.8066280112211519,GEO_LOCO,GSE13067,fixed_log_expression,xgboost
0.97,0.8220557581422543,GEO_LOCO,GSE13067,fixed_log_expression,xgboost
0.98,0.8375640778456009,GEO_LOCO,GSE13067,fixed_log_expression,xgboost
0.99,0.8520192689197157,GEO_LOCO,GSE13067,fixed_log_expression,xgboost
1.0,0.8520192689197157,GEO_LOCO,GSE13067,fixed_log_expression,xgboost
0.0,0.0,GEO_LOCO,GSE13067,single_sample_rank,elastic_net
0.01,0.0,GEO_LOCO,GSE13067,single_sample_rank,elastic_net
0.02,0.0,GEO_LOCO,GSE13067,single_sample_rank,elastic_net
0.03,0.0,GEO_LOCO,GSE13067,single_sample_rank,elastic_net
0.04,0.0,GEO_LOCO,GSE13067,single_sample_rank,elastic_net
0.05,0.0,GEO_LOCO,GSE13067,single_sample_rank,elastic_net
0.06,0.0,GEO_LOCO,GSE13067,single_sample_rank,elastic_net
0.07,0.0,GEO_LOCO,GSE13067,single_sample_rank,elastic_net
0.08,0.0,GEO_LOCO,GSE13067,single_sample_rank,elastic_net
0.09,0.0,GEO_LOCO,GSE13067,single_sample_rank,elastic_net
0.1,0.0,GEO_LOCO,GSE13067,single_sample_rank,elastic_net
0.11,0.0,GEO_LOCO,GSE13067,single_sample_rank,elastic_net
0.12,0.0,GEO_LOCO,GSE13067,single_sample_rank,elastic_net
0.13,0.0,GEO_LOCO,GSE13067,single_sample_rank,elastic_net
0.14,0.0,GEO_LOCO,GSE13067,single_sample_rank,elastic_net
0.15,0.0,GEO_LOCO,GSE13067,single_sample_rank,elastic_net
0.16,0.0,GEO_LOCO,GSE13067,single_sample_rank,elastic_net
0.17,0.0,GEO_LOCO,GSE13067,single_sample_rank,elastic_net
0.18,0.0,GEO_LOCO,GSE13067,single_sample_rank,elastic_net
0.19,0.0,GEO_LOCO,GSE13067,single_sample_rank,elastic_net
0.2,0.0,GEO_LOCO,GSE13067,single_sample_rank,elastic_net
0.21,0.0,GEO_LOCO,GSE13067,single_sample_rank,elastic_net
0.22,0.0,GEO_LOCO,GSE13067,single_sample_rank,elastic_net
0.23,0.0,GEO_LOCO,GSE13067,single_sample_rank,elastic_net
0.24,0.0,GEO_LOCO,GSE13067,single_sample_rank,elastic_net
0.25,0.0,GEO_LOCO,GSE13067,single_sample_rank,elastic_net
0.26,0.0,GEO_LOCO,GSE13067,single_sample_rank,elastic_net
0.27,0.0010880144496733424,GEO_LOCO,GSE13067,single_sample_rank,elastic_net
0.28,0.002733724168210072,GEO_LOCO,GSE13067,single_sample_rank,elastic_net
0.29,0.004379433886746793,GEO_LOCO,GSE13067,single_sample_rank,elastic_net
0.3,0.006025143605283522,GEO_LOCO,GSE13067,single_sample_rank,elastic_net
0.31,0.007670853323820252,GEO_LOCO,GSE13067,single_sample_rank,elastic_net
0.32,0.017793681344448097,GEO_LOCO,GSE13067,single_sample_rank,elastic_net
0.33,0.02901036836475695,GEO_LOCO,GSE13067,single_sample_rank,elastic_net
0.34,0.040227055385065796,GEO_LOCO,GSE13067,single_sample_rank,elastic_net
0.35000000000000003,0.05144374240537465,GEO_LOCO,GSE13067,single_sample_rank,elastic_net
0.36,0.06266042942568344,GEO_LOCO,GSE13067,single_sample_rank,elastic_net
0.37,0.07387711644599229,GEO_LOCO,GSE13067,single_sample_rank,elastic_net
0.38,0.08509380346630115,GEO_LOCO,GSE13067,single_sample_rank,elastic_net
0.39,0.09631049048661,GEO_LOCO,GSE13067,single_sample_rank,elastic_net
0.4,0.10752717750691884,GEO_LOCO,GSE13067,single_sample_rank,elastic_net
0.41000000000000003,0.1187438645272277,GEO_LOCO,GSE13067,single_sample_rank,elastic_net
0.42,0.1299605515475365,GEO_LOCO,GSE13067,single_sample_rank,elastic_net
0.43,0.14117723856784534,GEO_LOCO,GSE13067,single_sample_rank,elastic_net
0.44,0.1523939255881542,GEO_LOCO,GSE13067,single_sample_rank,elastic_net
0.45,0.16361061260846305,GEO_LOCO,GSE13067,single_sample_rank,elastic_net
0.46,0.1748272996287719,GEO_LOCO,GSE13067,single_sample_rank,elastic_net
0.47000000000000003,0.18604398664908076,GEO_LOCO,GSE13067,single_sample_rank,elastic_net
0.48,0.19726067366938954,GEO_LOCO,GSE13067,single_sample_rank,elastic_net
0.49,0.20847736068969838,GEO_LOCO,GSE13067,single_sample_rank,elastic_net
0.5,0.21969404771000725,GEO_LOCO,GSE13067,single_sample_rank,elastic_net
0.51,0.2309107347303161,GEO_LOCO,GSE13067,single_sample_rank,elastic_net
0.52,0.24212742175062493,GEO_LOCO,GSE13067,single_sample_rank,elastic_net
0.53,0.25334410877093383,GEO_LOCO,GSE13067,single_sample_rank,elastic_net
0.54,0.2645607957912427,GEO_LOCO,GSE13067,single_sample_rank,elastic_net
0.55,0.2757774828115515,GEO_LOCO,GSE13067,single_sample_rank,elastic_net
0.56,0.2869941698318604,GEO_LOCO,GSE13067,single_sample_rank,elastic_net
0.5700000000000001,0.29821085685216925,GEO_LOCO,GSE13067,single_sample_rank,elastic_net
0.58,0.30942754387247795,GEO_LOCO,GSE13067,single_sample_rank,elastic_net
0.59,0.3206442308927868,GEO_LOCO,GSE13067,single_sample_rank,elastic_net
0.6,0.3318609179130957,GEO_LOCO,GSE13067,single_sample_rank,elastic_net
0.61,0.3431807545474115,GEO_LOCO,GSE13067,single_sample_rank,elastic_net
0.62,0.35454806973114517,GEO_LOCO,GSE13067,single_sample_rank,elastic_net
0.63,0.3659153849148788,GEO_LOCO,GSE13067,single_sample_rank,elastic_net
0.64,0.3772827000986124,GEO_LOCO,GSE13067,single_sample_rank,elastic_net
0.65,0.3886500152823461,GEO_LOCO,GSE13067,single_sample_rank,elastic_net
0.66,0.40001733046607973,GEO_LOCO,GSE13067,single_sample_rank,elastic_net
0.67,0.4113846456498134,GEO_LOCO,GSE13067,single_sample_rank,elastic_net
0.68,0.42275196083354705,GEO_LOCO,GSE13067,single_sample_rank,elastic_net
0.6900000000000001,0.43411927601728073,GEO_LOCO,GSE13067,single_sample_rank,elastic_net
0.7000000000000001,0.44548659120101436,GEO_LOCO,GSE13067,single_sample_rank,elastic_net
0.71,0.4568539063847479,GEO_LOCO,GSE13067,single_sample_rank,elastic_net
0.72,0.46816926330059655,GEO_LOCO,GSE13067,single_sample_rank,elastic_net
0.73,0.4792720738936477,GEO_LOCO,GSE13067,single_sample_rank,elastic_net
0.74,0.4903748844866988,GEO_LOCO,GSE13067,single_sample_rank,elastic_net
0.75,0.5014776950797499,GEO_LOCO,GSE13067,single_sample_rank,elastic_net
0.76,0.512580505672801,GEO_LOCO,GSE13067,single_sample_rank,elastic_net
0.77,0.5237549734120611,GEO_LOCO,GSE13067,single_sample_rank,elastic_net
0.78,0.5349706320248576,GEO_LOCO,GSE13067,single_sample_rank,elastic_net
0.79,0.5461862906376542,GEO_LOCO,GSE13067,single_sample_rank,elastic_net
0.8,0.5574019492504508,GEO_LOCO,GSE13067,single_sample_rank,elastic_net
0.81,0.5686176078632474,GEO_LOCO,GSE13067,single_sample_rank,elastic_net
0.8200000000000001,0.5798332664760439,GEO_LOCO,GSE13067,single_sample_rank,elastic_net
0.8300000000000001,0.5910489250888405,GEO_LOCO,GSE13067,single_sample_rank,elastic_net
0.84,0.6023193880029649,GEO_LOCO,GSE13067,single_sample_rank,elastic_net
0.85,0.6137284315123723,GEO_LOCO,GSE13067,single_sample_rank,elastic_net
0.86,0.6253667454556774,GEO_LOCO,GSE13067,single_sample_rank,elastic_net
0.87,0.6370050593989823,GEO_LOCO,GSE13067,single_sample_rank,elastic_net
0.88,0.6486433733422874,GEO_LOCO,GSE13067,single_sample_rank,elastic_net
0.89,0.6602816872855923,GEO_LOCO,GSE13067,single_sample_rank,elastic_net
0.9,0.6719200012288974,GEO_LOCO,GSE13067,single_sample_rank,elastic_net
0.91,0.6835583151722023,GEO_LOCO,GSE13067,single_sample_rank,elastic_net
0.92,0.6951966291155074,GEO_LOCO,GSE13067,single_sample_rank,elastic_net
0.93,0.7073381059295492,GEO_LOCO,GSE13067,single_sample_rank,elastic_net
0.9400000000000001,0.7195135555878954,GEO_LOCO,GSE13067,single_sample_rank,elastic_net
0.9500000000000001,0.7316890052462416,GEO_LOCO,GSE13067,single_sample_rank,elastic_net
0.96,0.7438644549045877,GEO_LOCO,GSE13067,single_sample_rank,elastic_net
0.97,0.756039904562934,GEO_LOCO,GSE13067,single_sample_rank,elastic_net
0.98,0.7682153542212802,GEO_LOCO,GSE13067,single_sample_rank,elastic_net
0.99,0.7804624076404785,GEO_LOCO,GSE13067,single_sample_rank,elastic_net
1.0,0.7930148216126124,GEO_LOCO,GSE13067,single_sample_rank,elastic_net
0.0,0.0,GEO_LOCO,GSE13067,single_sample_rank,svm_rbf
0.01,0.0,GEO_LOCO,GSE13067,single_sample_rank,svm_rbf
0.02,0.0,GEO_LOCO,GSE13067,single_sample_rank,svm_rbf
0.03,0.0,GEO_LOCO,GSE13067,single_sample_rank,svm_rbf
0.04,0.0,GEO_LOCO,GSE13067,single_sample_rank,svm_rbf
0.05,0.0,GEO_LOCO,GSE13067,single_sample_rank,svm_rbf
0.06,0.0,GEO_LOCO,GSE13067,single_sample_rank,svm_rbf
0.07,0.0,GEO_LOCO,GSE13067,single_sample_rank,svm_rbf
0.08,0.0,GEO_LOCO,GSE13067,single_sample_rank,svm_rbf
0.09,0.0,GEO_LOCO,GSE13067,single_sample_rank,svm_rbf
0.1,0.0,GEO_LOCO,GSE13067,single_sample_rank,svm_rbf
0.11,0.0,GEO_LOCO,GSE13067,single_sample_rank,svm_rbf
0.12,0.0,GEO_LOCO,GSE13067,single_sample_rank,svm_rbf
0.13,0.0,GEO_LOCO,GSE13067,single_sample_rank,svm_rbf
0.14,0.0,GEO_LOCO,GSE13067,single_sample_rank,svm_rbf
0.15,0.0,GEO_LOCO,GSE13067,single_sample_rank,svm_rbf
0.16,0.0,GEO_LOCO,GSE13067,single_sample_rank,svm_rbf
0.17,0.0,GEO_LOCO,GSE13067,single_sample_rank,svm_rbf
0.18,0.0,GEO_LOCO,GSE13067,single_sample_rank,svm_rbf
0.19,0.0,GEO_LOCO,GSE13067,single_sample_rank,svm_rbf
0.2,0.0,GEO_LOCO,GSE13067,single_sample_rank,svm_rbf
0.21,0.0,GEO_LOCO,GSE13067,single_sample_rank,svm_rbf
0.22,0.0,GEO_LOCO,GSE13067,single_sample_rank,svm_rbf
0.23,0.0,GEO_LOCO,GSE13067,single_sample_rank,svm_rbf
0.24,0.0,GEO_LOCO,GSE13067,single_sample_rank,svm_rbf
0.25,0.0,GEO_LOCO,GSE13067,single_sample_rank,svm_rbf
0.26,0.0,GEO_LOCO,GSE13067,single_sample_rank,svm_rbf
0.27,0.0,GEO_LOCO,GSE13067,single_sample_rank,svm_rbf
0.28,0.0,GEO_LOCO,GSE13067,single_sample_rank,svm_rbf
0.29,0.0,GEO_LOCO,GSE13067,single_sample_rank,svm_rbf
0.3,0.0,GEO_LOCO,GSE13067,single_sample_rank,svm_rbf
0.31,0.0,GEO_LOCO,GSE13067,single_sample_rank,svm_rbf
0.32,0.0,GEO_LOCO,GSE13067,single_sample_rank,svm_rbf
0.33,0.0,GEO_LOCO,GSE13067,single_sample_rank,svm_rbf
0.34,0.0,GEO_LOCO,GSE13067,single_sample_rank,svm_rbf
0.35000000000000003,0.0,GEO_LOCO,GSE13067,single_sample_rank,svm_rbf
0.36,0.01061852150051001,GEO_LOCO,GSE13067,single_sample_rank,svm_rbf
0.37,0.025990973147431908,GEO_LOCO,GSE13067,single_sample_rank,svm_rbf
0.38,0.0413634247943538,GEO_LOCO,GSE13067,single_sample_rank,svm_rbf
0.39,0.0567358764412757,GEO_LOCO,GSE13067,single_sample_rank,svm_rbf
0.4,0.0721083280881976,GEO_LOCO,GSE13067,single_sample_rank,svm_rbf
0.41000000000000003,0.08748077973511949,GEO_LOCO,GSE13067,single_sample_rank,svm_rbf
0.42,0.1028532313820413,GEO_LOCO,GSE13067,single_sample_rank,svm_rbf
0.43,0.1182256830289632,GEO_LOCO,GSE13067,single_sample_rank,svm_rbf
0.44,0.1335981346758851,GEO_LOCO,GSE13067,single_sample_rank,svm_rbf
0.45,0.148970586322807,GEO_LOCO,GSE13067,single_sample_rank,svm_rbf
0.46,0.1643430379697289,GEO_LOCO,GSE13067,single_sample_rank,svm_rbf
0.47000000000000003,0.1797154896166508,GEO_LOCO,GSE13067,single_sample_rank,svm_rbf
0.48,0.1950879412635726,GEO_LOCO,GSE13067,single_sample_rank,svm_rbf
0.49,0.2104603929104945,GEO_LOCO,GSE13067,single_sample_rank,svm_rbf
0.5,0.2258328445574164,GEO_LOCO,GSE13067,single_sample_rank,svm_rbf
0.51,0.24120529620433828,GEO_LOCO,GSE13067,single_sample_rank,svm_rbf
0.52,0.2565777478512602,GEO_LOCO,GSE13067,single_sample_rank,svm_rbf
0.53,0.2719501994981821,GEO_LOCO,GSE13067,single_sample_rank,svm_rbf
0.54,0.28732265114510397,GEO_LOCO,GSE13067,single_sample_rank,svm_rbf
0.55,0.3026951027920259,GEO_LOCO,GSE13067,single_sample_rank,svm_rbf
0.56,0.3180675544389478,GEO_LOCO,GSE13067,single_sample_rank,svm_rbf
0.5700000000000001,0.33344000608586966,GEO_LOCO,GSE13067,single_sample_rank,svm_rbf
0.58,0.3488124577327914,GEO_LOCO,GSE13067,single_sample_rank,svm_rbf
0.59,0.3641849093797133,GEO_LOCO,GSE13067,single_sample_rank,svm_rbf
0.6,0.3795573610266352,GEO_LOCO,GSE13067,single_sample_rank,svm_rbf
0.61,0.3949298126735571,GEO_LOCO,GSE13067,single_sample_rank,svm_rbf
0.62,0.410302264320479,GEO_LOCO,GSE13067,single_sample_rank,svm_rbf
0.63,0.42567471596740086,GEO_LOCO,GSE13067,single_sample_rank,svm_rbf
0.64,0.4410471676143228,GEO_LOCO,GSE13067,single_sample_rank,svm_rbf
0.65,0.4564196192612447,GEO_LOCO,GSE13067,single_sample_rank,svm_rbf
0.66,0.47179207090816655,GEO_LOCO,GSE13067,single_sample_rank,svm_rbf
0.67,0.48716452255508846,GEO_LOCO,GSE13067,single_sample_rank,svm_rbf
0.68,0.5025369742020104,GEO_LOCO,GSE13067,single_sample_rank,svm_rbf
0.6900000000000001,0.5179094258489323,GEO_LOCO,GSE13067,single_sample_rank,svm_rbf
0.7000000000000001,0.5332818774958542,GEO_LOCO,GSE13067,single_sample_rank,svm_rbf
0.71,0.5486543291427759,GEO_LOCO,GSE13067,single_sample_rank,svm_rbf
0.72,0.5640267807896978,GEO_LOCO,GSE13067,single_sample_rank,svm_rbf
0.73,0.5772812784902986,GEO_LOCO,GSE13067,single_sample_rank,svm_rbf
0.74,0.5899127702539427,GEO_LOCO,GSE13067,single_sample_rank,svm_rbf
0.75,0.6025734260216576,GEO_LOCO,GSE13067,single_sample_rank,svm_rbf
0.76,0.615478135465541,GEO_LOCO,GSE13067,single_sample_rank,svm_rbf
0.77,0.6283828449094243,GEO_LOCO,GSE13067,single_sample_rank,svm_rbf
0.78,0.6412875543533078,GEO_LOCO,GSE13067,single_sample_rank,svm_rbf
0.79,0.6541922637971911,GEO_LOCO,GSE13067,single_sample_rank,svm_rbf
0.8,0.6670969732410744,GEO_LOCO,GSE13067,single_sample_rank,svm_rbf
0.81,0.6800016826849578,GEO_LOCO,GSE13067,single_sample_rank,svm_rbf
0.8200000000000001,0.6929063921288411,GEO_LOCO,GSE13067,single_sample_rank,svm_rbf
0.8300000000000001,0.7058111015727244,GEO_LOCO,GSE13067,single_sample_rank,svm_rbf
0.84,0.7187158110166076,GEO_LOCO,GSE13067,single_sample_rank,svm_rbf
0.85,0.731620520460491,GEO_LOCO,GSE13067,single_sample_rank,svm_rbf
0.86,0.7445252299043743,GEO_LOCO,GSE13067,single_sample_rank,svm_rbf
0.87,0.7576809995959037,GEO_LOCO,GSE13067,single_sample_rank,svm_rbf
0.88,0.7709644210576063,GEO_LOCO,GSE13067,single_sample_rank,svm_rbf
0.89,0.7842478425193089,GEO_LOCO,GSE13067,single_sample_rank,svm_rbf
0.9,0.7975312639810116,GEO_LOCO,GSE13067,single_sample_rank,svm_rbf
0.91,0.8108146854427142,GEO_LOCO,GSE13067,single_sample_rank,svm_rbf
0.92,0.8240981069044168,GEO_LOCO,GSE13067,single_sample_rank,svm_rbf
0.93,0.8373815283661195,GEO_LOCO,GSE13067,single_sample_rank,svm_rbf
0.9400000000000001,0.850664949827822,GEO_LOCO,GSE13067,single_sample_rank,svm_rbf
0.9500000000000001,0.8639813066471523,GEO_LOCO,GSE13067,single_sample_rank,svm_rbf
0.96,0.8774495162269202,GEO_LOCO,GSE13067,single_sample_rank,svm_rbf
0.97,0.8909177258066884,GEO_LOCO,GSE13067,single_sample_rank,svm_rbf
0.98,0.9043922551947366,GEO_LOCO,GSE13067,single_sample_rank,svm_rbf
0.99,0.9179430895288743,GEO_LOCO,GSE13067,single_sample_rank,svm_rbf
1.0,0.9315121381596378,GEO_LOCO,GSE13067,single_sample_rank,svm_rbf
0.0,0.0,GEO_LOCO,GSE13067,single_sample_rank,xgboost
0.01,0.0,GEO_LOCO,GSE13067,single_sample_rank,xgboost
0.02,0.0,GEO_LOCO,GSE13067,single_sample_rank,xgboost
0.03,0.0,GEO_LOCO,GSE13067,single_sample_rank,xgboost
0.04,0.0,GEO_LOCO,GSE13067,single_sample_rank,xgboost
0.05,0.0,GEO_LOCO,GSE13067,single_sample_rank,xgboost
0.06,0.0,GEO_LOCO,GSE13067,single_sample_rank,xgboost
0.07,0.0,GEO_LOCO,GSE13067,single_sample_rank,xgboost
0.08,0.0,GEO_LOCO,GSE13067,single_sample_rank,xgboost
0.09,0.0,GEO_LOCO,GSE13067,single_sample_rank,xgboost
0.1,0.0,GEO_LOCO,GSE13067,single_sample_rank,xgboost
0.11,0.0,GEO_LOCO,GSE13067,single_sample_rank,xgboost
0.12,0.0,GEO_LOCO,GSE13067,single_sample_rank,xgboost
0.13,0.0,GEO_LOCO,GSE13067,single_sample_rank,xgboost
0.14,0.0,GEO_LOCO,GSE13067,single_sample_rank,xgboost
0.15,0.0,GEO_LOCO,GSE13067,single_sample_rank,xgboost
0.16,0.0,GEO_LOCO,GSE13067,single_sample_rank,xgboost
0.17,0.0,GEO_LOCO,GSE13067,single_sample_rank,xgboost
0.18,0.0,GEO_LOCO,GSE13067,single_sample_rank,xgboost
0.19,0.0,GEO_LOCO,GSE13067,single_sample_rank,xgboost
0.2,0.0,GEO_LOCO,GSE13067,single_sample_rank,xgboost
0.21,0.0,GEO_LOCO,GSE13067,single_sample_rank,xgboost
0.22,0.0,GEO_LOCO,GSE13067,single_sample_rank,xgboost
0.23,0.0,GEO_LOCO,GSE13067,single_sample_rank,xgboost
0.24,0.0,GEO_LOCO,GSE13067,single_sample_rank,xgboost
0.25,0.0,GEO_LOCO,GSE13067,single_sample_rank,xgboost
0.26,0.0,GEO_LOCO,GSE13067,single_sample_rank,xgboost
0.27,0.0,GEO_LOCO,GSE13067,single_sample_rank,xgboost
0.28,0.0,GEO_LOCO,GSE13067,single_sample_rank,xgboost
0.29,0.0,GEO_LOCO,GSE13067,single_sample_rank,xgboost
0.3,0.0,GEO_LOCO,GSE13067,single_sample_rank,xgboost
0.31,0.0,GEO_LOCO,GSE13067,single_sample_rank,xgboost
0.32,0.0,GEO_LOCO,GSE13067,single_sample_rank,xgboost
0.33,0.0,GEO_LOCO,GSE13067,single_sample_rank,xgboost
0.34,0.0,GEO_LOCO,GSE13067,single_sample_rank,xgboost
0.35000000000000003,0.0,GEO_LOCO,GSE13067,single_sample_rank,xgboost
0.36,0.0,GEO_LOCO,GSE13067,single_sample_rank,xgboost
0.37,2.5379410284117308e-09,GEO_LOCO,GSE13067,single_sample_rank,xgboost
0.38,0.001316514971581186,GEO_LOCO,GSE13067,single_sample_rank,xgboost
0.39,0.009387782120954397,GEO_LOCO,GSE13067,single_sample_rank,xgboost
0.4,0.02111792519503719,GEO_LOCO,GSE13067,single_sample_rank,xgboost
0.41000000000000003,0.036096910049168304,GEO_LOCO,GSE13067,single_sample_rank,xgboost
0.42,0.05862254837393889,GEO_LOCO,GSE13067,single_sample_rank,xgboost
0.43,0.08114818669870959,GEO_LOCO,GSE13067,single_sample_rank,xgboost
0.44,0.1036738250234803,GEO_LOCO,GSE13067,single_sample_rank,xgboost
0.45,0.126199463348251,GEO_LOCO,GSE13067,single_sample_rank,xgboost
0.46,0.1487251016730217,GEO_LOCO,GSE13067,single_sample_rank,xgboost
0.47000000000000003,0.17108654662483389,GEO_LOCO,GSE13067,single_sample_rank,xgboost
0.48,0.18806188676543995,GEO_LOCO,GSE13067,single_sample_rank,xgboost
0.49,0.20444997765201908,GEO_LOCO,GSE13067,single_sample_rank,xgboost
0.5,0.22083806853859822,GEO_LOCO,GSE13067,single_sample_rank,xgboost
0.51,0.23722615942517739,GEO_LOCO,GSE13067,single_sample_rank,xgboost
0.52,0.2536142503117565,GEO_LOCO,GSE13067,single_sample_rank,xgboost
0.53,0.27000234119833566,GEO_LOCO,GSE13067,single_sample_rank,xgboost
0.54,0.28639043208491477,GEO_LOCO,GSE13067,single_sample_rank,xgboost
0.55,0.30277852297149394,GEO_LOCO,GSE13067,single_sample_rank,xgboost
0.56,0.3191666138580731,GEO_LOCO,GSE13067,single_sample_rank,xgboost
0.5700000000000001,0.3355547047446522,GEO_LOCO,GSE13067,single_sample_rank,xgboost
0.58,0.35194279563123115,GEO_LOCO,GSE13067,single_sample_rank,xgboost
0.59,0.3683308865178103,GEO_LOCO,GSE13067,single_sample_rank,xgboost
0.6,0.38471897740438943,GEO_LOCO,GSE13067,single_sample_rank,xgboost
0.61,0.4011070682909686,GEO_LOCO,GSE13067,single_sample_rank,xgboost
0.62,0.41749515917754776,GEO_LOCO,GSE13067,single_sample_rank,xgboost
0.63,0.43388325006412687,GEO_LOCO,GSE13067,single_sample_rank,xgboost
0.64,0.450271340950706,GEO_LOCO,GSE13067,single_sample_rank,xgboost
0.65,0.46665943183728514,GEO_LOCO,GSE13067,single_sample_rank,xgboost
0.66,0.48304752272386425,GEO_LOCO,GSE13067,single_sample_rank,xgboost
0.67,0.4994356136104434,GEO_LOCO,GSE13067,single_sample_rank,xgboost
0.68,0.5158237044970226,GEO_LOCO,GSE13067,single_sample_rank,xgboost
0.6900000000000001,0.5322117953836016,GEO_LOCO,GSE13067,single_sample_rank,xgboost
0.7000000000000001,0.5485998862701809,GEO_LOCO,GSE13067,single_sample_rank,xgboost
0.71,0.5642007601510918,GEO_LOCO,GSE13067,single_sample_rank,xgboost
0.72,0.5796831760549058,GEO_LOCO,GSE13067,single_sample_rank,xgboost
0.73,0.5951655919587199,GEO_LOCO,GSE13067,single_sample_rank,xgboost
0.74,0.610648007862534,GEO_LOCO,GSE13067,single_sample_rank,xgboost
0.75,0.6261304237663481,GEO_LOCO,GSE13067,single_sample_rank,xgboost
0.76,0.6416128396701621,GEO_LOCO,GSE13067,single_sample_rank,xgboost
0.77,0.6570952555739762,GEO_LOCO,GSE13067,single_sample_rank,xgboost
0.78,0.6725776714777904,GEO_LOCO,GSE13067,single_sample_rank,xgboost
0.79,0.6880600873816044,GEO_LOCO,GSE13067,single_sample_rank,xgboost
0.8,0.7035425032854185,GEO_LOCO,GSE13067,single_sample_rank,xgboost
0.81,0.7190249191892326,GEO_LOCO,GSE13067,single_sample_rank,xgboost
0.8200000000000001,0.7345073350930467,GEO_LOCO,GSE13067,single_sample_rank,xgboost
0.8300000000000001,0.7499897509968607,GEO_LOCO,GSE13067,single_sample_rank,xgboost
0.84,0.7654721669006747,GEO_LOCO,GSE13067,single_sample_rank,xgboost
0.85,0.7809545828044887,GEO_LOCO,GSE13067,single_sample_rank,xgboost
0.86,0.7964669142968567,GEO_LOCO,GSE13067,single_sample_rank,xgboost
0.87,0.8120106306530807,GEO_LOCO,GSE13067,single_sample_rank,xgboost
0.88,0.8275543470093045,GEO_LOCO,GSE13067,single_sample_rank,xgboost
0.89,0.8430980633655285,GEO_LOCO,GSE13067,single_sample_rank,xgboost
0.9,0.8586417797217525,GEO_LOCO,GSE13067,single_sample_rank,xgboost
0.91,0.8741854960779764,GEO_LOCO,GSE13067,single_sample_rank,xgboost
0.92,0.8897292124342003,GEO_LOCO,GSE13067,single_sample_rank,xgboost
0.93,0.9052729287904242,GEO_LOCO,GSE13067,single_sample_rank,xgboost
0.9400000000000001,0.9208166451466482,GEO_LOCO,GSE13067,single_sample_rank,xgboost
0.9500000000000001,0.9363830631139929,GEO_LOCO,GSE13067,single_sample_rank,xgboost
0.96,0.9519823226037489,GEO_LOCO,GSE13067,single_sample_rank,xgboost
0.97,0.9675979658337641,GEO_LOCO,GSE13067,single_sample_rank,xgboost
0.98,0.9832241232988994,GEO_LOCO,GSE13067,single_sample_rank,xgboost
0.99,0.9895919999088683,GEO_LOCO,GSE13067,single_sample_rank,xgboost
1.0,0.9895919999088683,GEO_LOCO,GSE13067,single_sample_rank,xgboost
0.0,0.0,GEO_LOCO,GSE13067,target_cohort_adaptive_zscore,elastic_net
0.01,0.0,GEO_LOCO,GSE13067,target_cohort_adaptive_zscore,elastic_net
0.02,0.0,GEO_LOCO,GSE13067,target_cohort_adaptive_zscore,elastic_net
0.03,0.0,GEO_LOCO,GSE13067,target_cohort_adaptive_zscore,elastic_net
0.04,0.0,GEO_LOCO,GSE13067,target_cohort_adaptive_zscore,elastic_net
0.05,0.0,GEO_LOCO,GSE13067,target_cohort_adaptive_zscore,elastic_net
0.06,0.0,GEO_LOCO,GSE13067,target_cohort_adaptive_zscore,elastic_net
0.07,0.0,GEO_LOCO,GSE13067,target_cohort_adaptive_zscore,elastic_net
0.08,0.0,GEO_LOCO,GSE13067,target_cohort_adaptive_zscore,elastic_net
0.09,0.0,GEO_LOCO,GSE13067,target_cohort_adaptive_zscore,elastic_net
0.1,0.0,GEO_LOCO,GSE13067,target_cohort_adaptive_zscore,elastic_net
0.11,0.0,GEO_LOCO,GSE13067,target_cohort_adaptive_zscore,elastic_net
0.12,0.0,GEO_LOCO,GSE13067,target_cohort_adaptive_zscore,elastic_net
0.13,0.0,GEO_LOCO,GSE13067,target_cohort_adaptive_zscore,elastic_net
0.14,0.0,GEO_LOCO,GSE13067,target_cohort_adaptive_zscore,elastic_net
0.15,0.0,GEO_LOCO,GSE13067,target_cohort_adaptive_zscore,elastic_net
0.16,0.0,GEO_LOCO,GSE13067,target_cohort_adaptive_zscore,elastic_net
0.17,0.0,GEO_LOCO,GSE13067,target_cohort_adaptive_zscore,elastic_net
0.18,0.0,GEO_LOCO,GSE13067,target_cohort_adaptive_zscore,elastic_net
0.19,0.0,GEO_LOCO,GSE13067,target_cohort_adaptive_zscore,elastic_net
0.2,0.0,GEO_LOCO,GSE13067,target_cohort_adaptive_zscore,elastic_net
0.21,0.0,GEO_LOCO,GSE13067,target_cohort_adaptive_zscore,elastic_net
0.22,0.0,GEO_LOCO,GSE13067,target_cohort_adaptive_zscore,elastic_net
0.23,0.0,GEO_LOCO,GSE13067,target_cohort_adaptive_zscore,elastic_net
0.24,0.0,GEO_LOCO,GSE13067,target_cohort_adaptive_zscore,elastic_net
0.25,0.0,GEO_LOCO,GSE13067,target_cohort_adaptive_zscore,elastic_net
0.26,0.0,GEO_LOCO,GSE13067,target_cohort_adaptive_zscore,elastic_net
0.27,0.0,GEO_LOCO,GSE13067,target_cohort_adaptive_zscore,elastic_net
0.28,0.0,GEO_LOCO,GSE13067,target_cohort_adaptive_zscore,elastic_net
0.29,0.0,GEO_LOCO,GSE13067,target_cohort_adaptive_zscore,elastic_net
0.3,0.0,GEO_LOCO,GSE13067,target_cohort_adaptive_zscore,elastic_net
0.31,0.0,GEO_LOCO,GSE13067,target_cohort_adaptive_zscore,elastic_net
0.32,0.0018931986684020362,GEO_LOCO,GSE13067,target_cohort_adaptive_zscore,elastic_net
0.33,0.006816937046896939,GEO_LOCO,GSE13067,target_cohort_adaptive_zscore,elastic_net
0.34,0.011740675425391842,GEO_LOCO,GSE13067,target_cohort_adaptive_zscore,elastic_net
0.35000000000000003,0.016664413803886745,GEO_LOCO,GSE13067,target_cohort_adaptive_zscore,elastic_net
0.36,0.02158815218238162,GEO_LOCO,GSE13067,target_cohort_adaptive_zscore,elastic_net
0.37,0.026511890560876522,GEO_LOCO,GSE13067,target_cohort_adaptive_zscore,elastic_net
0.38,0.03143562893937143,GEO_LOCO,GSE13067,target_cohort_adaptive_zscore,elastic_net
0.39,0.03635936731786633,GEO_LOCO,GSE13067,target_cohort_adaptive_zscore,elastic_net
0.4,0.04128310569636123,GEO_LOCO,GSE13067,target_cohort_adaptive_zscore,elastic_net
0.41000000000000003,0.04620684407485613,GEO_LOCO,GSE13067,target_cohort_adaptive_zscore,elastic_net
0.42,0.05113058245335101,GEO_LOCO,GSE13067,target_cohort_adaptive_zscore,elastic_net
0.43,0.056054320831845916,GEO_LOCO,GSE13067,target_cohort_adaptive_zscore,elastic_net
0.44,0.060978059210340815,GEO_LOCO,GSE13067,target_cohort_adaptive_zscore,elastic_net
0.45,0.06590179758883571,GEO_LOCO,GSE13067,target_cohort_adaptive_zscore,elastic_net
0.46,0.07082553596733063,GEO_LOCO,GSE13067,target_cohort_adaptive_zscore,elastic_net
0.47000000000000003,0.07574927434582553,GEO_LOCO,GSE13067,target_cohort_adaptive_zscore,elastic_net
0.48,0.0806730127243204,GEO_LOCO,GSE13067,target_cohort_adaptive_zscore,elastic_net
0.49,0.0855967511028153,GEO_LOCO,GSE13067,target_cohort_adaptive_zscore,elastic_net
0.5,0.09052048948131021,GEO_LOCO,GSE13067,target_cohort_adaptive_zscore,elastic_net
0.51,0.09544422785980511,GEO_LOCO,GSE13067,target_cohort_adaptive_zscore,elastic_net
0.52,0.10036796623830001,GEO_LOCO,GSE13067,target_cohort_adaptive_zscore,elastic_net
0.53,0.10529170461679492,GEO_LOCO,GSE13067,target_cohort_adaptive_zscore,elastic_net
0.54,0.11021544299528982,GEO_LOCO,GSE13067,target_cohort_adaptive_zscore,elastic_net
0.55,0.11513918137378472,GEO_LOCO,GSE13067,target_cohort_adaptive_zscore,elastic_net
0.56,0.12077286443415046,GEO_LOCO,GSE13067,target_cohort_adaptive_zscore,elastic_net
0.5700000000000001,0.13255417820909846,GEO_LOCO,GSE13067,target_cohort_adaptive_zscore,elastic_net
0.58,0.1443354919840463,GEO_LOCO,GSE13067,target_cohort_adaptive_zscore,elastic_net
0.59,0.15611680575899428,GEO_LOCO,GSE13067,target_cohort_adaptive_zscore,elastic_net
0.6,0.1678981195339423,GEO_LOCO,GSE13067,target_cohort_adaptive_zscore,elastic_net
0.61,0.17967943330889027,GEO_LOCO,GSE13067,target_cohort_adaptive_zscore,elastic_net
0.62,0.19146074708383826,GEO_LOCO,GSE13067,target_cohort_adaptive_zscore,elastic_net
0.63,0.20324206085878627,GEO_LOCO,GSE13067,target_cohort_adaptive_zscore,elastic_net
0.64,0.21502337463373425,GEO_LOCO,GSE13067,target_cohort_adaptive_zscore,elastic_net
0.65,0.22680468840868223,GEO_LOCO,GSE13067,target_cohort_adaptive_zscore,elastic_net
0.66,0.23858600218363024,GEO_LOCO,GSE13067,target_cohort_adaptive_zscore,elastic_net
0.67,0.2503673159585782,GEO_LOCO,GSE13067,target_cohort_adaptive_zscore,elastic_net
0.68,0.2621486297335262,GEO_LOCO,GSE13067,target_cohort_adaptive_zscore,elastic_net
0.6900000000000001,0.2739299435084742,GEO_LOCO,GSE13067,target_cohort_adaptive_zscore,elastic_net
0.7000000000000001,0.28571125728342217,GEO_LOCO,GSE13067,target_cohort_adaptive_zscore,elastic_net
0.71,0.29749257105837,GEO_LOCO,GSE13067,target_cohort_adaptive_zscore,elastic_net
0.72,0.309273884833318,GEO_LOCO,GSE13067,target_cohort_adaptive_zscore,elastic_net
0.73,0.32105519860826603,GEO_LOCO,GSE13067,target_cohort_adaptive_zscore,elastic_net
0.74,0.332836512383214,GEO_LOCO,GSE13067,target_cohort_adaptive_zscore,elastic_net
0.75,0.344617826158162,GEO_LOCO,GSE13067,target_cohort_adaptive_zscore,elastic_net
0.76,0.35639913993311,GEO_LOCO,GSE13067,target_cohort_adaptive_zscore,elastic_net
0.77,0.36818045370805796,GEO_LOCO,GSE13067,target_cohort_adaptive_zscore,elastic_net
0.78,0.379961767483006,GEO_LOCO,GSE13067,target_cohort_adaptive_zscore,elastic_net
0.79,0.3915830860088743,GEO_LOCO,GSE13067,target_cohort_adaptive_zscore,elastic_net
0.8,0.4033681045098307,GEO_LOCO,GSE13067,target_cohort_adaptive_zscore,elastic_net
0.81,0.41515685097545424,GEO_LOCO,GSE13067,target_cohort_adaptive_zscore,elastic_net
0.8200000000000001,0.4275543738362937,GEO_LOCO,GSE13067,target_cohort_adaptive_zscore,elastic_net
0.8300000000000001,0.4399923137199521,GEO_LOCO,GSE13067,target_cohort_adaptive_zscore,elastic_net
0.84,0.45243025360361044,GEO_LOCO,GSE13067,target_cohort_adaptive_zscore,elastic_net
0.85,0.46486819348726893,GEO_LOCO,GSE13067,target_cohort_adaptive_zscore,elastic_net
0.86,0.47730613337092737,GEO_LOCO,GSE13067,target_cohort_adaptive_zscore,elastic_net
0.87,0.4898904408982711,GEO_LOCO,GSE13067,target_cohort_adaptive_zscore,elastic_net
0.88,0.5032861970063028,GEO_LOCO,GSE13067,target_cohort_adaptive_zscore,elastic_net
0.89,0.5166819531143347,GEO_LOCO,GSE13067,target_cohort_adaptive_zscore,elastic_net
0.9,0.5300777092223665,GEO_LOCO,GSE13067,target_cohort_adaptive_zscore,elastic_net
0.91,0.5434734653303983,GEO_LOCO,GSE13067,target_cohort_adaptive_zscore,elastic_net
0.92,0.5573579487938227,GEO_LOCO,GSE13067,target_cohort_adaptive_zscore,elastic_net
0.93,0.5717069701576771,GEO_LOCO,GSE13067,target_cohort_adaptive_zscore,elastic_net
0.9400000000000001,0.5860559915215315,GEO_LOCO,GSE13067,target_cohort_adaptive_zscore,elastic_net
0.9500000000000001,0.600405012885386,GEO_LOCO,GSE13067,target_cohort_adaptive_zscore,elastic_net
0.96,0.6147540342492402,GEO_LOCO,GSE13067,target_cohort_adaptive_zscore,elastic_net
0.97,0.6296202482275318,GEO_LOCO,GSE13067,target_cohort_adaptive_zscore,elastic_net
0.98,0.644681428484842,GEO_LOCO,GSE13067,target_cohort_adaptive_zscore,elastic_net
0.99,0.6600609975222157,GEO_LOCO,GSE13067,target_cohort_adaptive_zscore,elastic_net
1.0,0.67557899368586,GEO_LOCO,GSE13067,target_cohort_adaptive_zscore,elastic_net
0.0,0.0,GEO_LOCO,GSE13067,target_cohort_adaptive_zscore,svm_rbf
0.01,0.0,GEO_LOCO,GSE13067,target_cohort_adaptive_zscore,svm_rbf
0.02,0.0,GEO_LOCO,GSE13067,target_cohort_adaptive_zscore,svm_rbf
0.03,0.0,GEO_LOCO,GSE13067,target_cohort_adaptive_zscore,svm_rbf
0.04,0.0,GEO_LOCO,GSE13067,target_cohort_adaptive_zscore,svm_rbf
0.05,0.0,GEO_LOCO,GSE13067,target_cohort_adaptive_zscore,svm_rbf
0.06,0.0,GEO_LOCO,GSE13067,target_cohort_adaptive_zscore,svm_rbf
0.07,0.0,GEO_LOCO,GSE13067,target_cohort_adaptive_zscore,svm_rbf
0.08,0.0,GEO_LOCO,GSE13067,target_cohort_adaptive_zscore,svm_rbf
0.09,0.0,GEO_LOCO,GSE13067,target_cohort_adaptive_zscore,svm_rbf
0.1,0.0,GEO_LOCO,GSE13067,target_cohort_adaptive_zscore,svm_rbf
0.11,0.0,GEO_LOCO,GSE13067,target_cohort_adaptive_zscore,svm_rbf
0.12,0.0,GEO_LOCO,GSE13067,target_cohort_adaptive_zscore,svm_rbf
0.13,0.0,GEO_LOCO,GSE13067,target_cohort_adaptive_zscore,svm_rbf
0.14,0.0,GEO_LOCO,GSE13067,target_cohort_adaptive_zscore,svm_rbf
0.15,0.0,GEO_LOCO,GSE13067,target_cohort_adaptive_zscore,svm_rbf
0.16,0.0,GEO_LOCO,GSE13067,target_cohort_adaptive_zscore,svm_rbf
0.17,0.0,GEO_LOCO,GSE13067,target_cohort_adaptive_zscore,svm_rbf
0.18,0.0,GEO_LOCO,GSE13067,target_cohort_adaptive_zscore,svm_rbf
0.19,0.0,GEO_LOCO,GSE13067,target_cohort_adaptive_zscore,svm_rbf
0.2,0.0,GEO_LOCO,GSE13067,target_cohort_adaptive_zscore,svm_rbf
0.21,1.3742625037175881e-05,GEO_LOCO,GSE13067,target_cohort_adaptive_zscore,svm_rbf
0.22,0.02474359264156908,GEO_LOCO,GSE13067,target_cohort_adaptive_zscore,svm_rbf
0.23,0.04947344265810098,GEO_LOCO,GSE13067,target_cohort_adaptive_zscore,svm_rbf
0.24,0.07420329267463283,GEO_LOCO,GSE13067,target_cohort_adaptive_zscore,svm_rbf
0.25,0.09893314269116472,GEO_LOCO,GSE13067,target_cohort_adaptive_zscore,svm_rbf
0.26,0.1080888319025243,GEO_LOCO,GSE13067,target_cohort_adaptive_zscore,svm_rbf
0.27,0.11480595249942606,GEO_LOCO,GSE13067,target_cohort_adaptive_zscore,svm_rbf
0.28,0.1215230730963278,GEO_LOCO,GSE13067,target_cohort_adaptive_zscore,svm_rbf
0.29,0.1282401936932295,GEO_LOCO,GSE13067,target_cohort_adaptive_zscore,svm_rbf
0.3,0.13495731429013125,GEO_LOCO,GSE13067,target_cohort_adaptive_zscore,svm_rbf
0.31,0.141674434887033,GEO_LOCO,GSE13067,target_cohort_adaptive_zscore,svm_rbf
0.32,0.14839155548393473,GEO_LOCO,GSE13067,target_cohort_adaptive_zscore,svm_rbf
0.33,0.1551086760808365,GEO_LOCO,GSE13067,target_cohort_adaptive_zscore,svm_rbf
0.34,0.16182579667773825,GEO_LOCO,GSE13067,target_cohort_adaptive_zscore,svm_rbf
0.35000000000000003,0.16854291727464,GEO_LOCO,GSE13067,target_cohort_adaptive_zscore,svm_rbf
0.36,0.1752600378715417,GEO_LOCO,GSE13067,target_cohort_adaptive_zscore,svm_rbf
0.37,0.18197715846844342,GEO_LOCO,GSE13067,target_cohort_adaptive_zscore,svm_rbf
0.38,0.1886942790653452,GEO_LOCO,GSE13067,target_cohort_adaptive_zscore,svm_rbf
0.39,0.19541139966224694,GEO_LOCO,GSE13067,target_cohort_adaptive_zscore,svm_rbf
0.4,0.20212852025914868,GEO_LOCO,GSE13067,target_cohort_adaptive_zscore,svm_rbf
0.41000000000000003,0.20884564085605042,GEO_LOCO,GSE13067,target_cohort_adaptive_zscore,svm_rbf
0.42,0.2155627614529521,GEO_LOCO,GSE13067,target_cohort_adaptive_zscore,svm_rbf
0.43,0.22031816845355837,GEO_LOCO,GSE13067,target_cohort_adaptive_zscore,svm_rbf
0.44,0.23176625282169364,GEO_LOCO,GSE13067,target_cohort_adaptive_zscore,svm_rbf
0.45,0.2444238797867453,GEO_LOCO,GSE13067,target_cohort_adaptive_zscore,svm_rbf
0.46,0.2570815067517969,GEO_LOCO,GSE13067,target_cohort_adaptive_zscore,svm_rbf
0.47000000000000003,0.26973913371684854,GEO_LOCO,GSE13067,target_cohort_adaptive_zscore,svm_rbf
0.48,0.2823967606819001,GEO_LOCO,GSE13067,target_cohort_adaptive_zscore,svm_rbf
0.49,0.29505438764695174,GEO_LOCO,GSE13067,target_cohort_adaptive_zscore,svm_rbf
0.5,0.30771201461200337,GEO_LOCO,GSE13067,target_cohort_adaptive_zscore,svm_rbf
0.51,0.320369641577055,GEO_LOCO,GSE13067,target_cohort_adaptive_zscore,svm_rbf
0.52,0.3330272685421066,GEO_LOCO,GSE13067,target_cohort_adaptive_zscore,svm_rbf
0.53,0.34568489550715825,GEO_LOCO,GSE13067,target_cohort_adaptive_zscore,svm_rbf
0.54,0.3583425224722099,GEO_LOCO,GSE13067,target_cohort_adaptive_zscore,svm_rbf
0.55,0.37100014943726156,GEO_LOCO,GSE13067,target_cohort_adaptive_zscore,svm_rbf
0.56,0.38365777640231313,GEO_LOCO,GSE13067,target_cohort_adaptive_zscore,svm_rbf
0.5700000000000001,0.3963154033673648,GEO_LOCO,GSE13067,target_cohort_adaptive_zscore,svm_rbf
0.58,0.4089730303324163,GEO_LOCO,GSE13067,target_cohort_adaptive_zscore,svm_rbf
0.59,0.4216306572974679,GEO_LOCO,GSE13067,target_cohort_adaptive_zscore,svm_rbf
0.6,0.4342890149562729,GEO_LOCO,GSE13067,target_cohort_adaptive_zscore,svm_rbf
0.61,0.44701929008368163,GEO_LOCO,GSE13067,target_cohort_adaptive_zscore,svm_rbf
0.62,0.45974956521109034,GEO_LOCO,GSE13067,target_cohort_adaptive_zscore,svm_rbf
0.63,0.472479840338499,GEO_LOCO,GSE13067,target_cohort_adaptive_zscore,svm_rbf
0.64,0.4852101154659077,GEO_LOCO,GSE13067,target_cohort_adaptive_zscore,svm_rbf
0.65,0.4979403905933164,GEO_LOCO,GSE13067,target_cohort_adaptive_zscore,svm_rbf
0.66,0.5106706657207251,GEO_LOCO,GSE13067,target_cohort_adaptive_zscore,svm_rbf
0.67,0.5234009408481337,GEO_LOCO,GSE13067,target_cohort_adaptive_zscore,svm_rbf
0.68,0.5361312159755425,GEO_LOCO,GSE13067,target_cohort_adaptive_zscore,svm_rbf
0.6900000000000001,0.5488614911029511,GEO_LOCO,GSE13067,target_cohort_adaptive_zscore,svm_rbf
0.7000000000000001,0.5615917662303598,GEO_LOCO,GSE13067,target_cohort_adaptive_zscore,svm_rbf
0.71,0.5743220413577683,GEO_LOCO,GSE13067,target_cohort_adaptive_zscore,svm_rbf
0.72,0.5870523164851771,GEO_LOCO,GSE13067,target_cohort_adaptive_zscore,svm_rbf
0.73,0.5997825916125857,GEO_LOCO,GSE13067,target_cohort_adaptive_zscore,svm_rbf
0.74,0.6125128667399944,GEO_LOCO,GSE13067,target_cohort_adaptive_zscore,svm_rbf
0.75,0.6251615285915991,GEO_LOCO,GSE13067,target_cohort_adaptive_zscore,svm_rbf
0.76,0.6375161129045118,GEO_LOCO,GSE13067,target_cohort_adaptive_zscore,svm_rbf
0.77,0.6498706972174246,GEO_LOCO,GSE13067,target_cohort_adaptive_zscore,svm_rbf
0.78,0.6623226552038538,GEO_LOCO,GSE13067,target_cohort_adaptive_zscore,svm_rbf
0.79,0.6748390573084736,GEO_LOCO,GSE13067,target_cohort_adaptive_zscore,svm_rbf
0.8,0.6873554594130934,GEO_LOCO,GSE13067,target_cohort_adaptive_zscore,svm_rbf
0.81,0.6998718615177132,GEO_LOCO,GSE13067,target_cohort_adaptive_zscore,svm_rbf
0.8200000000000001,0.7123882636223331,GEO_LOCO,GSE13067,target_cohort_adaptive_zscore,svm_rbf
0.8300000000000001,0.7249046657269529,GEO_LOCO,GSE13067,target_cohort_adaptive_zscore,svm_rbf
0.84,0.7375422226046657,GEO_LOCO,GSE13067,target_cohort_adaptive_zscore,svm_rbf
0.85,0.7502547607804171,GEO_LOCO,GSE13067,target_cohort_adaptive_zscore,svm_rbf
0.86,0.7633707579962379,GEO_LOCO,GSE13067,target_cohort_adaptive_zscore,svm_rbf
0.87,0.776489934596758,GEO_LOCO,GSE13067,target_cohort_adaptive_zscore,svm_rbf
0.88,0.789609111197278,GEO_LOCO,GSE13067,target_cohort_adaptive_zscore,svm_rbf
0.89,0.8027282877977979,GEO_LOCO,GSE13067,target_cohort_adaptive_zscore,svm_rbf
0.9,0.8158474643983179,GEO_LOCO,GSE13067,target_cohort_adaptive_zscore,svm_rbf
0.91,0.8289666409988379,GEO_LOCO,GSE13067,target_cohort_adaptive_zscore,svm_rbf
0.92,0.842085817599358,GEO_LOCO,GSE13067,target_cohort_adaptive_zscore,svm_rbf
0.93,0.8552049941998779,GEO_LOCO,GSE13067,target_cohort_adaptive_zscore,svm_rbf
0.9400000000000001,0.8683241708003979,GEO_LOCO,GSE13067,target_cohort_adaptive_zscore,svm_rbf
0.9500000000000001,0.8816297445396802,GEO_LOCO,GSE13067,target_cohort_adaptive_zscore,svm_rbf
0.96,0.8952176842418976,GEO_LOCO,GSE13067,target_cohort_adaptive_zscore,svm_rbf
0.97,0.9089110421965296,GEO_LOCO,GSE13067,target_cohort_adaptive_zscore,svm_rbf
0.98,0.9227008584185097,GEO_LOCO,GSE13067,target_cohort_adaptive_zscore,svm_rbf
0.99,0.9365626706983227,GEO_LOCO,GSE13067,target_cohort_adaptive_zscore,svm_rbf
1.0,0.9504673094136247,GEO_LOCO,GSE13067,target_cohort_adaptive_zscore,svm_rbf
0.0,0.0,GEO_LOCO,GSE13067,target_cohort_adaptive_zscore,xgboost
0.01,0.0,GEO_LOCO,GSE13067,target_cohort_adaptive_zscore,xgboost
0.02,0.0,GEO_LOCO,GSE13067,target_cohort_adaptive_zscore,xgboost
0.03,0.0,GEO_LOCO,GSE13067,target_cohort_adaptive_zscore,xgboost
0.04,0.0,GEO_LOCO,GSE13067,target_cohort_adaptive_zscore,xgboost
0.05,0.0,GEO_LOCO,GSE13067,target_cohort_adaptive_zscore,xgboost
0.06,0.0,GEO_LOCO,GSE13067,target_cohort_adaptive_zscore,xgboost
0.07,0.0,GEO_LOCO,GSE13067,target_cohort_adaptive_zscore,xgboost
0.08,0.0,GEO_LOCO,GSE13067,target_cohort_adaptive_zscore,xgboost
0.09,0.0,GEO_LOCO,GSE13067,target_cohort_adaptive_zscore,xgboost
0.1,0.0,GEO_LOCO,GSE13067,target_cohort_adaptive_zscore,xgboost
0.11,0.0,GEO_LOCO,GSE13067,target_cohort_adaptive_zscore,xgboost
0.12,0.0,GEO_LOCO,GSE13067,target_cohort_adaptive_zscore,xgboost
0.13,0.0,GEO_LOCO,GSE13067,target_cohort_adaptive_zscore,xgboost
0.14,0.0,GEO_LOCO,GSE13067,target_cohort_adaptive_zscore,xgboost
0.15,0.0,GEO_LOCO,GSE13067,target_cohort_adaptive_zscore,xgboost
0.16,0.0,GEO_LOCO,GSE13067,target_cohort_adaptive_zscore,xgboost
0.17,0.0,GEO_LOCO,GSE13067,target_cohort_adaptive_zscore,xgboost
0.18,0.0,GEO_LOCO,GSE13067,target_cohort_adaptive_zscore,xgboost
0.19,0.0,GEO_LOCO,GSE13067,target_cohort_adaptive_zscore,xgboost
0.2,0.0,GEO_LOCO,GSE13067,target_cohort_adaptive_zscore,xgboost
0.21,0.0,GEO_LOCO,GSE13067,target_cohort_adaptive_zscore,xgboost
0.22,0.0,GEO_LOCO,GSE13067,target_cohort_adaptive_zscore,xgboost
0.23,0.0,GEO_LOCO,GSE13067,target_cohort_adaptive_zscore,xgboost
0.24,0.0,GEO_LOCO,GSE13067,target_cohort_adaptive_zscore,xgboost
0.25,0.0,GEO_LOCO,GSE13067,target_cohort_adaptive_zscore,xgboost
0.26,0.0,GEO_LOCO,GSE13067,target_cohort_adaptive_zscore,xgboost
0.27,0.0,GEO_LOCO,GSE13067,target_cohort_adaptive_zscore,xgboost
0.28,0.0,GEO_LOCO,GSE13067,target_cohort_adaptive_zscore,xgboost
0.29,0.0,GEO_LOCO,GSE13067,target_cohort_adaptive_zscore,xgboost
0.3,0.0,GEO_LOCO,GSE13067,target_cohort_adaptive_zscore,xgboost
0.31,0.0,GEO_LOCO,GSE13067,target_cohort_adaptive_zscore,xgboost
0.32,0.0,GEO_LOCO,GSE13067,target_cohort_adaptive_zscore,xgboost
0.33,0.0,GEO_LOCO,GSE13067,target_cohort_adaptive_zscore,xgboost
0.34,0.0,GEO_LOCO,GSE13067,target_cohort_adaptive_zscore,xgboost
0.35000000000000003,0.0,GEO_LOCO,GSE13067,target_cohort_adaptive_zscore,xgboost
0.36,0.0,GEO_LOCO,GSE13067,target_cohort_adaptive_zscore,xgboost
0.37,0.0,GEO_LOCO,GSE13067,target_cohort_adaptive_zscore,xgboost
0.38,0.0,GEO_LOCO,GSE13067,target_cohort_adaptive_zscore,xgboost
0.39,0.0,GEO_LOCO,GSE13067,target_cohort_adaptive_zscore,xgboost
0.4,0.0,GEO_LOCO,GSE13067,target_cohort_adaptive_zscore,xgboost
0.41000000000000003,0.0,GEO_LOCO,GSE13067,target_cohort_adaptive_zscore,xgboost
0.42,0.0,GEO_LOCO,GSE13067,target_cohort_adaptive_zscore,xgboost
0.43,0.0,GEO_LOCO,GSE13067,target_cohort_adaptive_zscore,xgboost
0.44,0.0,GEO_LOCO,GSE13067,target_cohort_adaptive_zscore,xgboost
0.45,0.0,GEO_LOCO,GSE13067,target_cohort_adaptive_zscore,xgboost
0.46,0.0,GEO_LOCO,GSE13067,target_cohort_adaptive_zscore,xgboost
0.47000000000000003,0.0,GEO_LOCO,GSE13067,target_cohort_adaptive_zscore,xgboost
0.48,0.0,GEO_LOCO,GSE13067,target_cohort_adaptive_zscore,xgboost
0.49,0.0004141112229207535,GEO_LOCO,GSE13067,target_cohort_adaptive_zscore,xgboost
0.5,0.026005429440443775,GEO_LOCO,GSE13067,target_cohort_adaptive_zscore,xgboost
0.51,0.0515967476579668,GEO_LOCO,GSE13067,target_cohort_adaptive_zscore,xgboost
0.52,0.07718806587548982,GEO_LOCO,GSE13067,target_cohort_adaptive_zscore,xgboost
0.53,0.10277938409301283,GEO_LOCO,GSE13067,target_cohort_adaptive_zscore,xgboost
0.54,0.12837070231053585,GEO_LOCO,GSE13067,target_cohort_adaptive_zscore,xgboost
0.55,0.15396202052805888,GEO_LOCO,GSE13067,target_cohort_adaptive_zscore,xgboost
0.56,0.1795533387455819,GEO_LOCO,GSE13067,target_cohort_adaptive_zscore,xgboost
0.5700000000000001,0.2051446569631049,GEO_LOCO,GSE13067,target_cohort_adaptive_zscore,xgboost
0.58,0.23073597518062766,GEO_LOCO,GSE13067,target_cohort_adaptive_zscore,xgboost
0.59,0.2563272933981507,GEO_LOCO,GSE13067,target_cohort_adaptive_zscore,xgboost
0.6,0.2819186116156737,GEO_LOCO,GSE13067,target_cohort_adaptive_zscore,xgboost
0.61,0.3075099298331967,GEO_LOCO,GSE13067,target_cohort_adaptive_zscore,xgboost
0.62,0.33026375150295,GEO_LOCO,GSE13067,target_cohort_adaptive_zscore,xgboost
0.63,0.3455904238542532,GEO_LOCO,GSE13067,target_cohort_adaptive_zscore,xgboost
0.64,0.3609170962055564,GEO_LOCO,GSE13067,target_cohort_adaptive_zscore,xgboost
0.65,0.3762437685568596,GEO_LOCO,GSE13067,target_cohort_adaptive_zscore,xgboost
0.66,0.39157044090816284,GEO_LOCO,GSE13067,target_cohort_adaptive_zscore,xgboost
0.67,0.40689711325946604,GEO_LOCO,GSE13067,target_cohort_adaptive_zscore,xgboost
0.68,0.42222378561076923,GEO_LOCO,GSE13067,target_cohort_adaptive_zscore,xgboost
0.6900000000000001,0.4375504579620724,GEO_LOCO,GSE13067,target_cohort_adaptive_zscore,xgboost
0.7000000000000001,0.4528771303133756,GEO_LOCO,GSE13067,target_cohort_adaptive_zscore,xgboost
0.71,0.46820380266467865,GEO_LOCO,GSE13067,target_cohort_adaptive_zscore,xgboost
0.72,0.4833034940947003,GEO_LOCO,GSE13067,target_cohort_adaptive_zscore,xgboost
0.73,0.4980114801902914,GEO_LOCO,GSE13067,target_cohort_adaptive_zscore,xgboost
0.74,0.5127194662858825,GEO_LOCO,GSE13067,target_cohort_adaptive_zscore,xgboost
0.75,0.5274274523814735,GEO_LOCO,GSE13067,target_cohort_adaptive_zscore,xgboost
0.76,0.5421354384770646,GEO_LOCO,GSE13067,target_cohort_adaptive_zscore,xgboost
0.77,0.5568434245726557,GEO_LOCO,GSE13067,target_cohort_adaptive_zscore,xgboost
0.78,0.5715514106682468,GEO_LOCO,GSE13067,target_cohort_adaptive_zscore,xgboost
0.79,0.5862593967638379,GEO_LOCO,GSE13067,target_cohort_adaptive_zscore,xgboost
0.8,0.6009673828594289,GEO_LOCO,GSE13067,target_cohort_adaptive_zscore,xgboost
0.81,0.61567536895502,GEO_LOCO,GSE13067,target_cohort_adaptive_zscore,xgboost
0.8200000000000001,0.630383355050611,GEO_LOCO,GSE13067,target_cohort_adaptive_zscore,xgboost
0.8300000000000001,0.6450913411462021,GEO_LOCO,GSE13067,target_cohort_adaptive_zscore,xgboost
0.84,0.659799327241793,GEO_LOCO,GSE13067,target_cohort_adaptive_zscore,xgboost
0.85,0.6745073133373841,GEO_LOCO,GSE13067,target_cohort_adaptive_zscore,xgboost
0.86,0.6892152994329752,GEO_LOCO,GSE13067,target_cohort_adaptive_zscore,xgboost
0.87,0.7039232855285662,GEO_LOCO,GSE13067,target_cohort_adaptive_zscore,xgboost
0.88,0.7186312716241573,GEO_LOCO,GSE13067,target_cohort_adaptive_zscore,xgboost
0.89,0.7333392577197484,GEO_LOCO,GSE13067,target_cohort_adaptive_zscore,xgboost
0.9,0.7480472438153394,GEO_LOCO,GSE13067,target_cohort_adaptive_zscore,xgboost
0.91,0.7627552299109306,GEO_LOCO,GSE13067,target_cohort_adaptive_zscore,xgboost
0.92,0.7774632160065216,GEO_LOCO,GSE13067,target_cohort_adaptive_zscore,xgboost
0.93,0.7929358481029772,GEO_LOCO,GSE13067,target_cohort_adaptive_zscore,xgboost
0.9400000000000001,0.8087219711740604,GEO_LOCO,GSE13067,target_cohort_adaptive_zscore,xgboost
0.9500000000000001,0.8245080942451437,GEO_LOCO,GSE13067,target_cohort_adaptive_zscore,xgboost
0.96,0.8402942173162267,GEO_LOCO,GSE13067,target_cohort_adaptive_zscore,xgboost
0.97,0.85608034038731,GEO_LOCO,GSE13067,target_cohort_adaptive_zscore,xgboost
0.98,0.8718664634583931,GEO_LOCO,GSE13067,target_cohort_adaptive_zscore,xgboost
0.99,0.8877339418595205,GEO_LOCO,GSE13067,target_cohort_adaptive_zscore,xgboost
1.0,0.9020083936209389,GEO_LOCO,GSE13067,target_cohort_adaptive_zscore,xgboost
0.0,0.0670457830479509,GEO_LOCO,GSE13294,fixed_log_expression,elastic_net
0.01,0.07636133034521546,GEO_LOCO,GSE13294,fixed_log_expression,elastic_net
0.02,0.08569924087695713,GEO_LOCO,GSE13294,fixed_log_expression,elastic_net
0.03,0.09505575532308551,GEO_LOCO,GSE13294,fixed_log_expression,elastic_net
0.04,0.10442795504412589,GEO_LOCO,GSE13294,fixed_log_expression,elastic_net
0.05,0.11381652714908759,GEO_LOCO,GSE13294,fixed_log_expression,elastic_net
0.06,0.12322113215124905,GEO_LOCO,GSE13294,fixed_log_expression,elastic_net
0.07,0.13264075292385616,GEO_LOCO,GSE13294,fixed_log_expression,elastic_net
0.08,0.14207456864059873,GEO_LOCO,GSE13294,fixed_log_expression,elastic_net
0.09,0.15152942992445942,GEO_LOCO,GSE13294,fixed_log_expression,elastic_net
0.1,0.16098935421727578,GEO_LOCO,GSE13294,fixed_log_expression,elastic_net
0.11,0.17044927851009212,GEO_LOCO,GSE13294,fixed_log_expression,elastic_net
0.12,0.17992606457420932,GEO_LOCO,GSE13294,fixed_log_expression,elastic_net
0.13,0.18941098699183723,GEO_LOCO,GSE13294,fixed_log_expression,elastic_net
0.14,0.1989081532223524,GEO_LOCO,GSE13294,fixed_log_expression,elastic_net
0.15,0.20841000940146473,GEO_LOCO,GSE13294,fixed_log_expression,elastic_net
0.16,0.21791186558057707,GEO_LOCO,GSE13294,fixed_log_expression,elastic_net
0.17,0.22742281688557692,GEO_LOCO,GSE13294,fixed_log_expression,elastic_net
0.18,0.23693737534858422,GEO_LOCO,GSE13294,fixed_log_expression,elastic_net
0.19,0.2464556561940218,GEO_LOCO,GSE13294,fixed_log_expression,elastic_net
0.2,0.25597393703945936,GEO_LOCO,GSE13294,fixed_log_expression,elastic_net
0.21,0.26549221788489685,GEO_LOCO,GSE13294,fixed_log_expression,elastic_net
0.22,0.27501049873033445,GEO_LOCO,GSE13294,fixed_log_expression,elastic_net
0.23,0.28452873575256943,GEO_LOCO,GSE13294,fixed_log_expression,elastic_net
0.24,0.29404623231907157,GEO_LOCO,GSE13294,fixed_log_expression,elastic_net
0.25,0.30356217303860406,GEO_LOCO,GSE13294,fixed_log_expression,elastic_net
0.26,0.3130753438716454,GEO_LOCO,GSE13294,fixed_log_expression,elastic_net
0.27,0.32258483614256983,GEO_LOCO,GSE13294,fixed_log_expression,elastic_net
0.28,0.33208939394658604,GEO_LOCO,GSE13294,fixed_log_expression,elastic_net
0.29,0.3415939517506022,GEO_LOCO,GSE13294,fixed_log_expression,elastic_net
0.3,0.3510985095546184,GEO_LOCO,GSE13294,fixed_log_expression,elastic_net
0.31,0.3606030673586347,GEO_LOCO,GSE13294,fixed_log_expression,elastic_net
0.32,0.3701076251626509,GEO_LOCO,GSE13294,fixed_log_expression,elastic_net
0.33,0.37960931994824065,GEO_LOCO,GSE13294,fixed_log_expression,elastic_net
0.34,0.38910157122371186,GEO_LOCO,GSE13294,fixed_log_expression,elastic_net
0.35000000000000003,0.39859365697425414,GEO_LOCO,GSE13294,fixed_log_expression,elastic_net
0.36,0.40808574272479636,GEO_LOCO,GSE13294,fixed_log_expression,elastic_net
0.37,0.4175778284753386,GEO_LOCO,GSE13294,fixed_log_expression,elastic_net
0.38,0.42706991422588086,GEO_LOCO,GSE13294,fixed_log_expression,elastic_net
0.39,0.4365468404241953,GEO_LOCO,GSE13294,fixed_log_expression,elastic_net
0.4,0.44599090284987647,GEO_LOCO,GSE13294,fixed_log_expression,elastic_net
0.41000000000000003,0.4553298254992137,GEO_LOCO,GSE13294,fixed_log_expression,elastic_net
0.42,0.4646635226223535,GEO_LOCO,GSE13294,fixed_log_expression,elastic_net
0.43,0.47399721974549336,GEO_LOCO,GSE13294,fixed_log_expression,elastic_net
0.44,0.4833309168686333,GEO_LOCO,GSE13294,fixed_log_expression,elastic_net
0.45,0.49266461399177314,GEO_LOCO,GSE13294,fixed_log_expression,elastic_net
0.46,0.501998311114913,GEO_LOCO,GSE13294,fixed_log_expression,elastic_net
0.47000000000000003,0.5113320082380529,GEO_LOCO,GSE13294,fixed_log_expression,elastic_net
0.48,0.5206657053611927,GEO_LOCO,GSE13294,fixed_log_expression,elastic_net
0.49,0.5299994024843325,GEO_LOCO,GSE13294,fixed_log_expression,elastic_net
0.5,0.5393330996074724,GEO_LOCO,GSE13294,fixed_log_expression,elastic_net
0.51,0.5486667967306124,GEO_LOCO,GSE13294,fixed_log_expression,elastic_net
0.52,0.5576162313837212,GEO_LOCO,GSE13294,fixed_log_expression,elastic_net
0.53,0.56616126094054,GEO_LOCO,GSE13294,fixed_log_expression,elastic_net
0.54,0.5747062904973588,GEO_LOCO,GSE13294,fixed_log_expression,elastic_net
0.55,0.5832513200541777,GEO_LOCO,GSE13294,fixed_log_expression,elastic_net
0.56,0.5917963496109965,GEO_LOCO,GSE13294,fixed_log_expression,elastic_net
0.5700000000000001,0.6003413791678153,GEO_LOCO,GSE13294,fixed_log_expression,elastic_net
0.58,0.6088864087246341,GEO_LOCO,GSE13294,fixed_log_expression,elastic_net
0.59,0.6179583582167751,GEO_LOCO,GSE13294,fixed_log_expression,elastic_net
0.6,0.6271636822483706,GEO_LOCO,GSE13294,fixed_log_expression,elastic_net
0.61,0.6363690062799661,GEO_LOCO,GSE13294,fixed_log_expression,elastic_net
0.62,0.6455743303115615,GEO_LOCO,GSE13294,fixed_log_expression,elastic_net
0.63,0.6547788485961785,GEO_LOCO,GSE13294,fixed_log_expression,elastic_net
0.64,0.6639833214317654,GEO_LOCO,GSE13294,fixed_log_expression,elastic_net
0.65,0.6731877942673523,GEO_LOCO,GSE13294,fixed_log_expression,elastic_net
0.66,0.6823595794956763,GEO_LOCO,GSE13294,fixed_log_expression,elastic_net
0.67,0.6914477593363423,GEO_LOCO,GSE13294,fixed_log_expression,elastic_net
0.68,0.7005277939474756,GEO_LOCO,GSE13294,fixed_log_expression,elastic_net
0.6900000000000001,0.7096078285586088,GEO_LOCO,GSE13294,fixed_log_expression,elastic_net
0.7000000000000001,0.7186878631697421,GEO_LOCO,GSE13294,fixed_log_expression,elastic_net
0.71,0.7277678977808753,GEO_LOCO,GSE13294,fixed_log_expression,elastic_net
0.72,0.7368397060716373,GEO_LOCO,GSE13294,fixed_log_expression,elastic_net
0.73,0.7458278753664777,GEO_LOCO,GSE13294,fixed_log_expression,elastic_net
0.74,0.7547658565398989,GEO_LOCO,GSE13294,fixed_log_expression,elastic_net
0.75,0.7636926823722436,GEO_LOCO,GSE13294,fixed_log_expression,elastic_net
0.76,0.7726195082045884,GEO_LOCO,GSE13294,fixed_log_expression,elastic_net
0.77,0.7815078972595975,GEO_LOCO,GSE13294,fixed_log_expression,elastic_net
0.78,0.7903598458377286,GEO_LOCO,GSE13294,fixed_log_expression,elastic_net
0.79,0.7991801828355856,GEO_LOCO,GSE13294,fixed_log_expression,elastic_net
0.8,0.8079843375328685,GEO_LOCO,GSE13294,fixed_log_expression,elastic_net
0.81,0.8167236157251657,GEO_LOCO,GSE13294,fixed_log_expression,elastic_net
0.8200000000000001,0.8254324529127046,GEO_LOCO,GSE13294,fixed_log_expression,elastic_net
0.8300000000000001,0.8341412901002435,GEO_LOCO,GSE13294,fixed_log_expression,elastic_net
0.84,0.8428501272877824,GEO_LOCO,GSE13294,fixed_log_expression,elastic_net
0.85,0.8515589644753213,GEO_LOCO,GSE13294,fixed_log_expression,elastic_net
0.86,0.8602678016628603,GEO_LOCO,GSE13294,fixed_log_expression,elastic_net
0.87,0.8689755776759024,GEO_LOCO,GSE13294,fixed_log_expression,elastic_net
0.88,0.8776043240201004,GEO_LOCO,GSE13294,fixed_log_expression,elastic_net
0.89,0.8862201573838479,GEO_LOCO,GSE13294,fixed_log_expression,elastic_net
0.9,0.8947817659972221,GEO_LOCO,GSE13294,fixed_log_expression,elastic_net
0.91,0.9033433746105966,GEO_LOCO,GSE13294,fixed_log_expression,elastic_net
0.92,0.911904983223971,GEO_LOCO,GSE13294,fixed_log_expression,elastic_net
0.93,0.9204665918373454,GEO_LOCO,GSE13294,fixed_log_expression,elastic_net
0.9400000000000001,0.9290282004507198,GEO_LOCO,GSE13294,fixed_log_expression,elastic_net
0.9500000000000001,0.9375898090640942,GEO_LOCO,GSE13294,fixed_log_expression,elastic_net
0.96,0.9461193197497835,GEO_LOCO,GSE13294,fixed_log_expression,elastic_net
0.97,0.9546309841315631,GEO_LOCO,GSE13294,fixed_log_expression,elastic_net
0.98,0.963132648280618,GEO_LOCO,GSE13294,fixed_log_expression,elastic_net
0.99,0.9716257589685391,GEO_LOCO,GSE13294,fixed_log_expression,elastic_net
1.0,0.9801115374863003,GEO_LOCO,GSE13294,fixed_log_expression,elastic_net
0.0,0.06814807938826264,GEO_LOCO,GSE13294,fixed_log_expression,svm_rbf
0.01,0.08026356864753754,GEO_LOCO,GSE13294,fixed_log_expression,svm_rbf
0.02,0.0923726140612919,GEO_LOCO,GSE13294,fixed_log_expression,svm_rbf
0.03,0.10445403765545479,GEO_LOCO,GSE13294,fixed_log_expression,svm_rbf
0.04,0.11650524040166574,GEO_LOCO,GSE13294,fixed_log_expression,svm_rbf
0.05,0.12853202791465398,GEO_LOCO,GSE13294,fixed_log_expression,svm_rbf
0.06,0.14050968283879922,GEO_LOCO,GSE13294,fixed_log_expression,svm_rbf
0.07,0.15246478735056065,GEO_LOCO,GSE13294,fixed_log_expression,svm_rbf
0.08,0.1644198918623221,GEO_LOCO,GSE13294,fixed_log_expression,svm_rbf
0.09,0.17632252359601353,GEO_LOCO,GSE13294,fixed_log_expression,svm_rbf
0.1,0.1881854841782069,GEO_LOCO,GSE13294,fixed_log_expression,svm_rbf
0.11,0.20001869337491154,GEO_LOCO,GSE13294,fixed_log_expression,svm_rbf
0.12,0.21180877272327517,GEO_LOCO,GSE13294,fixed_log_expression,svm_rbf
0.13,0.22354304631529928,GEO_LOCO,GSE13294,fixed_log_expression,svm_rbf
0.14,0.23527032274230003,GEO_LOCO,GSE13294,fixed_log_expression,svm_rbf
0.15,0.2468743298765103,GEO_LOCO,GSE13294,fixed_log_expression,svm_rbf
0.16,0.2584711479399801,GEO_LOCO,GSE13294,fixed_log_expression,svm_rbf
0.17,0.27006796600344996,GEO_LOCO,GSE13294,fixed_log_expression,svm_rbf
0.18,0.2816331135931883,GEO_LOCO,GSE13294,fixed_log_expression,svm_rbf
0.19,0.29298527629886983,GEO_LOCO,GSE13294,fixed_log_expression,svm_rbf
0.2,0.30433743900455135,GEO_LOCO,GSE13294,fixed_log_expression,svm_rbf
0.21,0.3156896017102328,GEO_LOCO,GSE13294,fixed_log_expression,svm_rbf
0.22,0.32704176441591426,GEO_LOCO,GSE13294,fixed_log_expression,svm_rbf
0.23,0.3383939271215958,GEO_LOCO,GSE13294,fixed_log_expression,svm_rbf
0.24,0.349368728617061,GEO_LOCO,GSE13294,fixed_log_expression,svm_rbf
0.25,0.3601529354235531,GEO_LOCO,GSE13294,fixed_log_expression,svm_rbf
0.26,0.37093714223004515,GEO_LOCO,GSE13294,fixed_log_expression,svm_rbf
0.27,0.38172134903653726,GEO_LOCO,GSE13294,fixed_log_expression,svm_rbf
0.28,0.3925055558430294,GEO_LOCO,GSE13294,fixed_log_expression,svm_rbf
0.29,0.4032897626495214,GEO_LOCO,GSE13294,fixed_log_expression,svm_rbf
0.3,0.4140739694560135,GEO_LOCO,GSE13294,fixed_log_expression,svm_rbf
0.31,0.42485817626250555,GEO_LOCO,GSE13294,fixed_log_expression,svm_rbf
0.32,0.43564238306899766,GEO_LOCO,GSE13294,fixed_log_expression,svm_rbf
0.33,0.4464265898754898,GEO_LOCO,GSE13294,fixed_log_expression,svm_rbf
0.34,0.45721079668198183,GEO_LOCO,GSE13294,fixed_log_expression,svm_rbf
0.35000000000000003,0.4679950034884739,GEO_LOCO,GSE13294,fixed_log_expression,svm_rbf
0.36,0.47877921029496595,GEO_LOCO,GSE13294,fixed_log_expression,svm_rbf
0.37,0.48956341710145806,GEO_LOCO,GSE13294,fixed_log_expression,svm_rbf
0.38,0.501204086755084,GEO_LOCO,GSE13294,fixed_log_expression,svm_rbf
0.39,0.5153495827722092,GEO_LOCO,GSE13294,fixed_log_expression,svm_rbf
0.4,0.5294950787893343,GEO_LOCO,GSE13294,fixed_log_expression,svm_rbf
0.41000000000000003,0.5436405748064594,GEO_LOCO,GSE13294,fixed_log_expression,svm_rbf
0.42,0.5577860708235846,GEO_LOCO,GSE13294,fixed_log_expression,svm_rbf
0.43,0.5719315668407097,GEO_LOCO,GSE13294,fixed_log_expression,svm_rbf
0.44,0.5860770628578348,GEO_LOCO,GSE13294,fixed_log_expression,svm_rbf
0.45,0.6002225588749599,GEO_LOCO,GSE13294,fixed_log_expression,svm_rbf
0.46,0.6143680548920851,GEO_LOCO,GSE13294,fixed_log_expression,svm_rbf
0.47000000000000003,0.6285135509092102,GEO_LOCO,GSE13294,fixed_log_expression,svm_rbf
0.48,0.6426590469263352,GEO_LOCO,GSE13294,fixed_log_expression,svm_rbf
0.49,0.6568045429434605,GEO_LOCO,GSE13294,fixed_log_expression,svm_rbf
0.5,0.6709500389605856,GEO_LOCO,GSE13294,fixed_log_expression,svm_rbf
0.51,0.680849167202756,GEO_LOCO,GSE13294,fixed_log_expression,svm_rbf
0.52,0.6898798188951946,GEO_LOCO,GSE13294,fixed_log_expression,svm_rbf
0.53,0.6983900779520433,GEO_LOCO,GSE13294,fixed_log_expression,svm_rbf
0.54,0.7067068311411261,GEO_LOCO,GSE13294,fixed_log_expression,svm_rbf
0.55,0.7146693016369527,GEO_LOCO,GSE13294,fixed_log_expression,svm_rbf
0.56,0.7226317721327793,GEO_LOCO,GSE13294,fixed_log_expression,svm_rbf
0.5700000000000001,0.730594242628606,GEO_LOCO,GSE13294,fixed_log_expression,svm_rbf
0.58,0.7385567131244324,GEO_LOCO,GSE13294,fixed_log_expression,svm_rbf
0.59,0.746519183620259,GEO_LOCO,GSE13294,fixed_log_expression,svm_rbf
0.6,0.7544816541160856,GEO_LOCO,GSE13294,fixed_log_expression,svm_rbf
0.61,0.7624441246119122,GEO_LOCO,GSE13294,fixed_log_expression,svm_rbf
0.62,0.769383651611926,GEO_LOCO,GSE13294,fixed_log_expression,svm_rbf
0.63,0.7762792966300932,GEO_LOCO,GSE13294,fixed_log_expression,svm_rbf
0.64,0.7831749416482604,GEO_LOCO,GSE13294,fixed_log_expression,svm_rbf
0.65,0.7900705866664276,GEO_LOCO,GSE13294,fixed_log_expression,svm_rbf
0.66,0.7969662316845948,GEO_LOCO,GSE13294,fixed_log_expression,svm_rbf
0.67,0.8037204174568768,GEO_LOCO,GSE13294,fixed_log_expression,svm_rbf
0.68,0.8100649317728562,GEO_LOCO,GSE13294,fixed_log_expression,svm_rbf
0.6900000000000001,0.8164094460888357,GEO_LOCO,GSE13294,fixed_log_expression,svm_rbf
0.7000000000000001,0.8226726747285107,GEO_LOCO,GSE13294,fixed_log_expression,svm_rbf
0.71,0.8287746451410042,GEO_LOCO,GSE13294,fixed_log_expression,svm_rbf
0.72,0.8348246497022045,GEO_LOCO,GSE13294,fixed_log_expression,svm_rbf
0.73,0.840749001037833,GEO_LOCO,GSE13294,fixed_log_expression,svm_rbf
0.74,0.8465812461963063,GEO_LOCO,GSE13294,fixed_log_expression,svm_rbf
0.75,0.8523635610350133,GEO_LOCO,GSE13294,fixed_log_expression,svm_rbf
0.76,0.8580948918399043,GEO_LOCO,GSE13294,fixed_log_expression,svm_rbf
0.77,0.8637331631330288,GEO_LOCO,GSE13294,fixed_log_expression,svm_rbf
0.78,0.8693418843343615,GEO_LOCO,GSE13294,fixed_log_expression,svm_rbf
0.79,0.8748677496673382,GEO_LOCO,GSE13294,fixed_log_expression,svm_rbf
0.8,0.8803565112044784,GEO_LOCO,GSE13294,fixed_log_expression,svm_rbf
0.81,0.8857635031206894,GEO_LOCO,GSE13294,fixed_log_expression,svm_rbf
0.8200000000000001,0.8911704950369004,GEO_LOCO,GSE13294,fixed_log_expression,svm_rbf
0.8300000000000001,0.8965774869531113,GEO_LOCO,GSE13294,fixed_log_expression,svm_rbf
0.84,0.90193703926683,GEO_LOCO,GSE13294,fixed_log_expression,svm_rbf
0.85,0.9072407736150564,GEO_LOCO,GSE13294,fixed_log_expression,svm_rbf
0.86,0.9125445079632829,GEO_LOCO,GSE13294,fixed_log_expression,svm_rbf
0.87,0.9178482423115093,GEO_LOCO,GSE13294,fixed_log_expression,svm_rbf
0.88,0.9231415258052639,GEO_LOCO,GSE13294,fixed_log_expression,svm_rbf
0.89,0.9284017153697424,GEO_LOCO,GSE13294,fixed_log_expression,svm_rbf
0.9,0.9336556232615022,GEO_LOCO,GSE13294,fixed_log_expression,svm_rbf
0.91,0.9388983041616867,GEO_LOCO,GSE13294,fixed_log_expression,svm_rbf
0.92,0.944133245836853,GEO_LOCO,GSE13294,fixed_log_expression,svm_rbf
0.93,0.9493630572919227,GEO_LOCO,GSE13294,fixed_log_expression,svm_rbf
0.9400000000000001,0.9545858424116832,GEO_LOCO,GSE13294,fixed_log_expression,svm_rbf
0.9500000000000001,0.9598060271981108,GEO_LOCO,GSE13294,fixed_log_expression,svm_rbf
0.96,0.9650253100885154,GEO_LOCO,GSE13294,fixed_log_expression,svm_rbf
0.97,0.9702399763428491,GEO_LOCO,GSE13294,fixed_log_expression,svm_rbf
0.98,0.9754529600694585,GEO_LOCO,GSE13294,fixed_log_expression,svm_rbf
0.99,0.9806641801256526,GEO_LOCO,GSE13294,fixed_log_expression,svm_rbf
1.0,0.985873485181595,GEO_LOCO,GSE13294,fixed_log_expression,svm_rbf
0.0,0.067570857934117,GEO_LOCO,GSE13294,fixed_log_expression,xgboost
0.01,0.06828654810380648,GEO_LOCO,GSE13294,fixed_log_expression,xgboost
0.02,0.0698771402421168,GEO_LOCO,GSE13294,fixed_log_expression,xgboost
0.03,0.07151770061386895,GEO_LOCO,GSE13294,fixed_log_expression,xgboost
0.04,0.07320672231291639,GEO_LOCO,GSE13294,fixed_log_expression,xgboost
0.05,0.07495112928868143,GEO_LOCO,GSE13294,fixed_log_expression,xgboost
0.06,0.07675246570341479,GEO_LOCO,GSE13294,fixed_log_expression,xgboost
0.07,0.07860688608718985,GEO_LOCO,GSE13294,fixed_log_expression,xgboost
0.08,0.08053156250847326,GEO_LOCO,GSE13294,fixed_log_expression,xgboost
0.09,0.08250383878894854,GEO_LOCO,GSE13294,fixed_log_expression,xgboost
0.1,0.08454637678521379,GEO_LOCO,GSE13294,fixed_log_expression,xgboost
0.11,0.08664064096536193,GEO_LOCO,GSE13294,fixed_log_expression,xgboost
0.12,0.08881401147688142,GEO_LOCO,GSE13294,fixed_log_expression,xgboost
0.13,0.09104640788139735,GEO_LOCO,GSE13294,fixed_log_expression,xgboost
0.14,0.09334357526991502,GEO_LOCO,GSE13294,fixed_log_expression,xgboost
0.15,0.09571222404171988,GEO_LOCO,GSE13294,fixed_log_expression,xgboost
0.16,0.09816629474115976,GEO_LOCO,GSE13294,fixed_log_expression,xgboost
0.17,0.1006676860768293,GEO_LOCO,GSE13294,fixed_log_expression,xgboost
0.18,0.10326909379273218,GEO_LOCO,GSE13294,fixed_log_expression,xgboost
0.19,0.10596635250052659,GEO_LOCO,GSE13294,fixed_log_expression,xgboost
0.2,0.1086704077911504,GEO_LOCO,GSE13294,fixed_log_expression,xgboost
0.21,0.11150557770106634,GEO_LOCO,GSE13294,fixed_log_expression,xgboost
0.22,0.11443359790677995,GEO_LOCO,GSE13294,fixed_log_expression,xgboost
0.23,0.11744539221837665,GEO_LOCO,GSE13294,fixed_log_expression,xgboost
0.24,0.12055389342372301,GEO_LOCO,GSE13294,fixed_log_expression,xgboost
0.25,0.12380335425219881,GEO_LOCO,GSE13294,fixed_log_expression,xgboost
0.26,0.12706338690074745,GEO_LOCO,GSE13294,fixed_log_expression,xgboost
0.27,0.13052829272750166,GEO_LOCO,GSE13294,fixed_log_expression,xgboost
0.28,0.13410721698222272,GEO_LOCO,GSE13294,fixed_log_expression,xgboost
0.29,0.13771572854567582,GEO_LOCO,GSE13294,fixed_log_expression,xgboost
0.3,0.14181396587156145,GEO_LOCO,GSE13294,fixed_log_expression,xgboost
0.31,0.14591220319744708,GEO_LOCO,GSE13294,fixed_log_expression,xgboost
0.32,0.1500104405233327,GEO_LOCO,GSE13294,fixed_log_expression,xgboost
0.33,0.15410867784921833,GEO_LOCO,GSE13294,fixed_log_expression,xgboost
0.34,0.158206915175104,GEO_LOCO,GSE13294,fixed_log_expression,xgboost
0.35000000000000003,0.16238114170081402,GEO_LOCO,GSE13294,fixed_log_expression,xgboost
0.36,0.16695774724222984,GEO_LOCO,GSE13294,fixed_log_expression,xgboost
0.37,0.17171494353884814,GEO_LOCO,GSE13294,fixed_log_expression,xgboost
0.38,0.17673171203544158,GEO_LOCO,GSE13294,fixed_log_expression,xgboost
0.39,0.18174848053203504,GEO_LOCO,GSE13294,fixed_log_expression,xgboost
0.4,0.18676524902862848,GEO_LOCO,GSE13294,fixed_log_expression,xgboost
0.41000000000000003,0.19178201752522192,GEO_LOCO,GSE13294,fixed_log_expression,xgboost
0.42,0.19706563548484105,GEO_LOCO,GSE13294,fixed_log_expression,xgboost
0.43,0.2023610971547893,GEO_LOCO,GSE13294,fixed_log_expression,xgboost
0.44,0.20766558657660175,GEO_LOCO,GSE13294,fixed_log_expression,xgboost
0.45,0.21293499749338488,GEO_LOCO,GSE13294,fixed_log_expression,xgboost
0.46,0.21810789675304176,GEO_LOCO,GSE13294,fixed_log_expression,xgboost
0.47000000000000003,0.22314639856452412,GEO_LOCO,GSE13294,fixed_log_expression,xgboost
0.48,0.22847520213774183,GEO_LOCO,GSE13294,fixed_log_expression,xgboost
0.49,0.23390075312020792,GEO_LOCO,GSE13294,fixed_log_expression,xgboost
0.5,0.24201198899713386,GEO_LOCO,GSE13294,fixed_log_expression,xgboost
0.51,0.2525871669396677,GEO_LOCO,GSE13294,fixed_log_expression,xgboost
0.52,0.25857524705594065,GEO_LOCO,GSE13294,fixed_log_expression,xgboost
0.53,0.26456332717221354,GEO_LOCO,GSE13294,fixed_log_expression,xgboost
0.54,0.27191923208309465,GEO_LOCO,GSE13294,fixed_log_expression,xgboost
0.55,0.28014007853609507,GEO_LOCO,GSE13294,fixed_log_expression,xgboost
0.56,0.2883609249890955,GEO_LOCO,GSE13294,fixed_log_expression,xgboost
0.5700000000000001,0.29658177144209585,GEO_LOCO,GSE13294,fixed_log_expression,xgboost
0.58,0.30480261789509616,GEO_LOCO,GSE13294,fixed_log_expression,xgboost
0.59,0.32082868773704776,GEO_LOCO,GSE13294,fixed_log_expression,xgboost
0.6,0.3372308647460395,GEO_LOCO,GSE13294,fixed_log_expression,xgboost
0.61,0.3536330417550313,GEO_LOCO,GSE13294,fixed_log_expression,xgboost
0.62,0.3700352187640231,GEO_LOCO,GSE13294,fixed_log_expression,xgboost
0.63,0.38643739577301484,GEO_LOCO,GSE13294,fixed_log_expression,xgboost
0.64,0.40283957278200666,GEO_LOCO,GSE13294,fixed_log_expression,xgboost
0.65,0.4192417497909984,GEO_LOCO,GSE13294,fixed_log_expression,xgboost
0.66,0.43538278047503026,GEO_LOCO,GSE13294,fixed_log_expression,xgboost
0.67,0.4515601963829649,GEO_LOCO,GSE13294,fixed_log_expression,xgboost
0.68,0.46773761229089955,GEO_LOCO,GSE13294,fixed_log_expression,xgboost
0.6900000000000001,0.4839150281988342,GEO_LOCO,GSE13294,fixed_log_expression,xgboost
0.7000000000000001,0.5000924441067689,GEO_LOCO,GSE13294,fixed_log_expression,xgboost
0.71,0.5162698600147033,GEO_LOCO,GSE13294,fixed_log_expression,xgboost
0.72,0.532447275922638,GEO_LOCO,GSE13294,fixed_log_expression,xgboost
0.73,0.5486246918305726,GEO_LOCO,GSE13294,fixed_log_expression,xgboost
0.74,0.5648021077385073,GEO_LOCO,GSE13294,fixed_log_expression,xgboost
0.75,0.5811321683273721,GEO_LOCO,GSE13294,fixed_log_expression,xgboost
0.76,0.5975905170054172,GEO_LOCO,GSE13294,fixed_log_expression,xgboost
0.77,0.6141234996542719,GEO_LOCO,GSE13294,fixed_log_expression,xgboost
0.78,0.6306564823031267,GEO_LOCO,GSE13294,fixed_log_expression,xgboost
0.79,0.6471894649519814,GEO_LOCO,GSE13294,fixed_log_expression,xgboost
0.8,0.6637713818826424,GEO_LOCO,GSE13294,fixed_log_expression,xgboost
0.81,0.6804162532202116,GEO_LOCO,GSE13294,fixed_log_expression,xgboost
0.8200000000000001,0.6970611245577809,GEO_LOCO,GSE13294,fixed_log_expression,xgboost
0.8300000000000001,0.7137096215215583,GEO_LOCO,GSE13294,fixed_log_expression,xgboost
0.84,0.7304174638220734,GEO_LOCO,GSE13294,fixed_log_expression,xgboost
0.85,0.7471526787184586,GEO_LOCO,GSE13294,fixed_log_expression,xgboost
0.86,0.7639111152247533,GEO_LOCO,GSE13294,fixed_log_expression,xgboost
0.87,0.7806980385885673,GEO_LOCO,GSE13294,fixed_log_expression,xgboost
0.88,0.7975064313313155,GEO_LOCO,GSE13294,fixed_log_expression,xgboost
0.89,0.8143388658197886,GEO_LOCO,GSE13294,fixed_log_expression,xgboost
0.9,0.8312000819725401,GEO_LOCO,GSE13294,fixed_log_expression,xgboost
0.91,0.8480738894273904,GEO_LOCO,GSE13294,fixed_log_expression,xgboost
0.92,0.8649764505515471,GEO_LOCO,GSE13294,fixed_log_expression,xgboost
0.93,0.8818855259983844,GEO_LOCO,GSE13294,fixed_log_expression,xgboost
0.9400000000000001,0.8988232696570466,GEO_LOCO,GSE13294,fixed_log_expression,xgboost
0.9500000000000001,0.9157795865982223,GEO_LOCO,GSE13294,fixed_log_expression,xgboost
0.96,0.9327511369088813,GEO_LOCO,GSE13294,fixed_log_expression,xgboost
0.97,0.9497392576490019,GEO_LOCO,GSE13294,fixed_log_expression,xgboost
0.98,0.9667416594052154,GEO_LOCO,GSE13294,fixed_log_expression,xgboost
0.99,0.9837575933324046,GEO_LOCO,GSE13294,fixed_log_expression,xgboost
1.0,0.9944740454510744,GEO_LOCO,GSE13294,fixed_log_expression,xgboost
0.0,0.04077500505351029,GEO_LOCO,GSE13294,single_sample_rank,elastic_net
0.01,0.044597442728093344,GEO_LOCO,GSE13294,single_sample_rank,elastic_net
0.02,0.04912344749647263,GEO_LOCO,GSE13294,single_sample_rank,elastic_net
0.03,0.05368989881797037,GEO_LOCO,GSE13294,single_sample_rank,elastic_net
0.04,0.05829996680079962,GEO_LOCO,GSE13294,single_sample_rank,elastic_net
0.05,0.06295508626930389,GEO_LOCO,GSE13294,single_sample_rank,elastic_net
0.06,0.06764996341839775,GEO_LOCO,GSE13294,single_sample_rank,elastic_net
0.07,0.07238985304403303,GEO_LOCO,GSE13294,single_sample_rank,elastic_net
0.08,0.0771969835276428,GEO_LOCO,GSE13294,single_sample_rank,elastic_net
0.09,0.08201152210478974,GEO_LOCO,GSE13294,single_sample_rank,elastic_net
0.1,0.08689629276927507,GEO_LOCO,GSE13294,single_sample_rank,elastic_net
0.11,0.09183768779559107,GEO_LOCO,GSE13294,single_sample_rank,elastic_net
0.12,0.0967961639063054,GEO_LOCO,GSE13294,single_sample_rank,elastic_net
0.13,0.10182698220369928,GEO_LOCO,GSE13294,single_sample_rank,elastic_net
0.14,0.10691654112221084,GEO_LOCO,GSE13294,single_sample_rank,elastic_net
0.15,0.11204479555582078,GEO_LOCO,GSE13294,single_sample_rank,elastic_net
0.16,0.11722337788576512,GEO_LOCO,GSE13294,single_sample_rank,elastic_net
0.17,0.12246678737985509,GEO_LOCO,GSE13294,single_sample_rank,elastic_net
0.18,0.1277666109911403,GEO_LOCO,GSE13294,single_sample_rank,elastic_net
0.19,0.1331414512025165,GEO_LOCO,GSE13294,single_sample_rank,elastic_net
0.2,0.13861549693858097,GEO_LOCO,GSE13294,single_sample_rank,elastic_net
0.21,0.14408954267464544,GEO_LOCO,GSE13294,single_sample_rank,elastic_net
0.22,0.1495635884107099,GEO_LOCO,GSE13294,single_sample_rank,elastic_net
0.23,0.15517700738431345,GEO_LOCO,GSE13294,single_sample_rank,elastic_net
0.24,0.1608445085531384,GEO_LOCO,GSE13294,single_sample_rank,elastic_net
0.25,0.16659659909835775,GEO_LOCO,GSE13294,single_sample_rank,elastic_net
0.26,0.17245171728869746,GEO_LOCO,GSE13294,single_sample_rank,elastic_net
0.27,0.17833717279863423,GEO_LOCO,GSE13294,single_sample_rank,elastic_net
0.28,0.1843563278105754,GEO_LOCO,GSE13294,single_sample_rank,elastic_net
0.29,0.1904399349192563,GEO_LOCO,GSE13294,single_sample_rank,elastic_net
0.3,0.19652354202793723,GEO_LOCO,GSE13294,single_sample_rank,elastic_net
0.31,0.2027885845698855,GEO_LOCO,GSE13294,single_sample_rank,elastic_net
0.32,0.20912171162116136,GEO_LOCO,GSE13294,single_sample_rank,elastic_net
0.33,0.21568108009114445,GEO_LOCO,GSE13294,single_sample_rank,elastic_net
0.34,0.22228861873049732,GEO_LOCO,GSE13294,single_sample_rank,elastic_net
0.35000000000000003,0.2288961573698502,GEO_LOCO,GSE13294,single_sample_rank,elastic_net
0.36,0.2359345180923411,GEO_LOCO,GSE13294,single_sample_rank,elastic_net
0.37,0.24330569759229465,GEO_LOCO,GSE13294,single_sample_rank,elastic_net
0.38,0.2506768770922482,GEO_LOCO,GSE13294,single_sample_rank,elastic_net
0.39,0.25804805659220176,GEO_LOCO,GSE13294,single_sample_rank,elastic_net
0.4,0.2654192360921553,GEO_LOCO,GSE13294,single_sample_rank,elastic_net
0.41000000000000003,0.2727904155921088,GEO_LOCO,GSE13294,single_sample_rank,elastic_net
0.42,0.28016159509206234,GEO_LOCO,GSE13294,single_sample_rank,elastic_net
0.43,0.2875665137262498,GEO_LOCO,GSE13294,single_sample_rank,elastic_net
0.44,0.2956535871599621,GEO_LOCO,GSE13294,single_sample_rank,elastic_net
0.45,0.3037808084087681,GEO_LOCO,GSE13294,single_sample_rank,elastic_net
0.46,0.31205961947922517,GEO_LOCO,GSE13294,single_sample_rank,elastic_net
0.47000000000000003,0.3204450810011005,GEO_LOCO,GSE13294,single_sample_rank,elastic_net
0.48,0.3289011458674607,GEO_LOCO,GSE13294,single_sample_rank,elastic_net
0.49,0.33735721073382097,GEO_LOCO,GSE13294,single_sample_rank,elastic_net
0.5,0.34628906401846565,GEO_LOCO,GSE13294,single_sample_rank,elastic_net
0.51,0.355392226744198,GEO_LOCO,GSE13294,single_sample_rank,elastic_net
0.52,0.36631718024491144,GEO_LOCO,GSE13294,single_sample_rank,elastic_net
0.53,0.37949913750153585,GEO_LOCO,GSE13294,single_sample_rank,elastic_net
0.54,0.39417385590744797,GEO_LOCO,GSE13294,single_sample_rank,elastic_net
0.55,0.40977320906413706,GEO_LOCO,GSE13294,single_sample_rank,elastic_net
0.56,0.42442731371157155,GEO_LOCO,GSE13294,single_sample_rank,elastic_net
0.5700000000000001,0.4368555074573388,GEO_LOCO,GSE13294,single_sample_rank,elastic_net
0.58,0.44928370120310596,GEO_LOCO,GSE13294,single_sample_rank,elastic_net
0.59,0.46171189494887316,GEO_LOCO,GSE13294,single_sample_rank,elastic_net
0.6,0.4741400886946404,GEO_LOCO,GSE13294,single_sample_rank,elastic_net
0.61,0.4865682824404077,GEO_LOCO,GSE13294,single_sample_rank,elastic_net
0.62,0.49899647618617493,GEO_LOCO,GSE13294,single_sample_rank,elastic_net
0.63,0.5114246699319421,GEO_LOCO,GSE13294,single_sample_rank,elastic_net
0.64,0.5238528636777094,GEO_LOCO,GSE13294,single_sample_rank,elastic_net
0.65,0.5362810574234766,GEO_LOCO,GSE13294,single_sample_rank,elastic_net
0.66,0.548709251169244,GEO_LOCO,GSE13294,single_sample_rank,elastic_net
0.67,0.5611374449150112,GEO_LOCO,GSE13294,single_sample_rank,elastic_net
0.68,0.5735656386607784,GEO_LOCO,GSE13294,single_sample_rank,elastic_net
0.6900000000000001,0.5859496305814895,GEO_LOCO,GSE13294,single_sample_rank,elastic_net
0.7000000000000001,0.598354932371197,GEO_LOCO,GSE13294,single_sample_rank,elastic_net
0.71,0.6107754962331073,GEO_LOCO,GSE13294,single_sample_rank,elastic_net
0.72,0.6232320843213273,GEO_LOCO,GSE13294,single_sample_rank,elastic_net
0.73,0.6357431765290656,GEO_LOCO,GSE13294,single_sample_rank,elastic_net
0.74,0.6484605238002746,GEO_LOCO,GSE13294,single_sample_rank,elastic_net
0.75,0.6612354959769777,GEO_LOCO,GSE13294,single_sample_rank,elastic_net
0.76,0.6740104681536809,GEO_LOCO,GSE13294,single_sample_rank,elastic_net
0.77,0.686785440330384,GEO_LOCO,GSE13294,single_sample_rank,elastic_net
0.78,0.6995604125070872,GEO_LOCO,GSE13294,single_sample_rank,elastic_net
0.79,0.7123353846837903,GEO_LOCO,GSE13294,single_sample_rank,elastic_net
0.8,0.7251103568604935,GEO_LOCO,GSE13294,single_sample_rank,elastic_net
0.81,0.7378853290371966,GEO_LOCO,GSE13294,single_sample_rank,elastic_net
0.8200000000000001,0.7506603012138997,GEO_LOCO,GSE13294,single_sample_rank,elastic_net
0.8300000000000001,0.7634352733906029,GEO_LOCO,GSE13294,single_sample_rank,elastic_net
0.84,0.7762102455673059,GEO_LOCO,GSE13294,single_sample_rank,elastic_net
0.85,0.788985217744009,GEO_LOCO,GSE13294,single_sample_rank,elastic_net
0.86,0.8017601899207122,GEO_LOCO,GSE13294,single_sample_rank,elastic_net
0.87,0.8145351620974153,GEO_LOCO,GSE13294,single_sample_rank,elastic_net
0.88,0.8273101342741185,GEO_LOCO,GSE13294,single_sample_rank,elastic_net
0.89,0.8401339389524093,GEO_LOCO,GSE13294,single_sample_rank,elastic_net
0.9,0.8530926024272194,GEO_LOCO,GSE13294,single_sample_rank,elastic_net
0.91,0.8660749354701172,GEO_LOCO,GSE13294,single_sample_rank,elastic_net
0.92,0.8790572685130149,GEO_LOCO,GSE13294,single_sample_rank,elastic_net
0.93,0.8920508167173081,GEO_LOCO,GSE13294,single_sample_rank,elastic_net
0.9400000000000001,0.9050606468210067,GEO_LOCO,GSE13294,single_sample_rank,elastic_net
0.9500000000000001,0.918074008258217,GEO_LOCO,GSE13294,single_sample_rank,elastic_net
0.96,0.9310999210671366,GEO_LOCO,GSE13294,single_sample_rank,elastic_net
0.97,0.9441312081177647,GEO_LOCO,GSE13294,single_sample_rank,elastic_net
0.98,0.9571630201101048,GEO_LOCO,GSE13294,single_sample_rank,elastic_net
0.99,0.9702033128374835,GEO_LOCO,GSE13294,single_sample_rank,elastic_net
1.0,0.9832461513399345,GEO_LOCO,GSE13294,single_sample_rank,elastic_net
0.0,0.0,GEO_LOCO,GSE13294,single_sample_rank,svm_rbf
0.01,0.0,GEO_LOCO,GSE13294,single_sample_rank,svm_rbf
0.02,0.0024198485135716835,GEO_LOCO,GSE13294,single_sample_rank,svm_rbf
0.03,0.02034410421578242,GEO_LOCO,GSE13294,single_sample_rank,svm_rbf
0.04,0.038283459296319274,GEO_LOCO,GSE13294,single_sample_rank,svm_rbf
0.05,0.056235233556028955,GEO_LOCO,GSE13294,single_sample_rank,svm_rbf
0.06,0.07419371645730269,GEO_LOCO,GSE13294,single_sample_rank,svm_rbf
0.07,0.09215632049820677,GEO_LOCO,GSE13294,single_sample_rank,svm_rbf
0.08,0.11011958154493375,GEO_LOCO,GSE13294,single_sample_rank,svm_rbf
0.09,0.12808095398092884,GEO_LOCO,GSE13294,single_sample_rank,svm_rbf
0.1,0.146038832230718,GEO_LOCO,GSE13294,single_sample_rank,svm_rbf
0.11,0.16399246418101943,GEO_LOCO,GSE13294,single_sample_rank,svm_rbf
0.12,0.18194251237397863,GEO_LOCO,GSE13294,single_sample_rank,svm_rbf
0.13,0.19988777790432782,GEO_LOCO,GSE13294,single_sample_rank,svm_rbf
0.14,0.217829263544203,GEO_LOCO,GSE13294,single_sample_rank,svm_rbf
0.15,0.23576675807409708,GEO_LOCO,GSE13294,single_sample_rank,svm_rbf
0.16,0.2537007125212698,GEO_LOCO,GSE13294,single_sample_rank,svm_rbf
0.17,0.27162891913467063,GEO_LOCO,GSE13294,single_sample_rank,svm_rbf
0.18,0.2895571257480714,GEO_LOCO,GSE13294,single_sample_rank,svm_rbf
0.19,0.3074808953711243,GEO_LOCO,GSE13294,single_sample_rank,svm_rbf
0.2,0.3254034922957137,GEO_LOCO,GSE13294,single_sample_rank,svm_rbf
0.21,0.3433266538144701,GEO_LOCO,GSE13294,single_sample_rank,svm_rbf
0.22,0.361253874143706,GEO_LOCO,GSE13294,single_sample_rank,svm_rbf
0.23,0.3791841054960605,GEO_LOCO,GSE13294,single_sample_rank,svm_rbf
0.24,0.39711565702161683,GEO_LOCO,GSE13294,single_sample_rank,svm_rbf
0.25,0.41504924876815097,GEO_LOCO,GSE13294,single_sample_rank,svm_rbf
0.26,0.4329828405146851,GEO_LOCO,GSE13294,single_sample_rank,svm_rbf
0.27,0.45091643226121925,GEO_LOCO,GSE13294,single_sample_rank,svm_rbf
0.28,0.46886356983723826,GEO_LOCO,GSE13294,single_sample_rank,svm_rbf
0.29,0.48684858077596177,GEO_LOCO,GSE13294,single_sample_rank,svm_rbf
0.3,0.5048335917146854,GEO_LOCO,GSE13294,single_sample_rank,svm_rbf
0.31,0.5228186026534091,GEO_LOCO,GSE13294,single_sample_rank,svm_rbf
0.32,0.5408036135921327,GEO_LOCO,GSE13294,single_sample_rank,svm_rbf
0.33,0.5587886245308563,GEO_LOCO,GSE13294,single_sample_rank,svm_rbf
0.34,0.5767736354695799,GEO_LOCO,GSE13294,single_sample_rank,svm_rbf
0.35000000000000003,0.5947586464083036,GEO_LOCO,GSE13294,single_sample_rank,svm_rbf
0.36,0.6136608491920887,GEO_LOCO,GSE13294,single_sample_rank,svm_rbf
0.37,0.6332245303326028,GEO_LOCO,GSE13294,single_sample_rank,svm_rbf
0.38,0.6487176673978244,GEO_LOCO,GSE13294,single_sample_rank,svm_rbf
0.39,0.6634596201111026,GEO_LOCO,GSE13294,single_sample_rank,svm_rbf
0.4,0.6782015728243809,GEO_LOCO,GSE13294,single_sample_rank,svm_rbf
0.41000000000000003,0.692943525537659,GEO_LOCO,GSE13294,single_sample_rank,svm_rbf
0.42,0.7076854782509371,GEO_LOCO,GSE13294,single_sample_rank,svm_rbf
0.43,0.7224274309642152,GEO_LOCO,GSE13294,single_sample_rank,svm_rbf
0.44,0.7371693836774935,GEO_LOCO,GSE13294,single_sample_rank,svm_rbf
0.45,0.7499572173665353,GEO_LOCO,GSE13294,single_sample_rank,svm_rbf
0.46,0.762342931839389,GEO_LOCO,GSE13294,single_sample_rank,svm_rbf
0.47000000000000003,0.7736374034910902,GEO_LOCO,GSE13294,single_sample_rank,svm_rbf
0.48,0.7850914859087703,GEO_LOCO,GSE13294,single_sample_rank,svm_rbf
0.49,0.799665054723168,GEO_LOCO,GSE13294,single_sample_rank,svm_rbf
0.5,0.8172143267383534,GEO_LOCO,GSE13294,single_sample_rank,svm_rbf
0.51,0.8297309419445388,GEO_LOCO,GSE13294,single_sample_rank,svm_rbf
0.52,0.8413656686752176,GEO_LOCO,GSE13294,single_sample_rank,svm_rbf
0.53,0.8536445609207246,GEO_LOCO,GSE13294,single_sample_rank,svm_rbf
0.54,0.8619140038738846,GEO_LOCO,GSE13294,single_sample_rank,svm_rbf
0.55,0.8683754347047903,GEO_LOCO,GSE13294,single_sample_rank,svm_rbf
0.56,0.8747633803688959,GEO_LOCO,GSE13294,single_sample_rank,svm_rbf
0.5700000000000001,0.8805481222599253,GEO_LOCO,GSE13294,single_sample_rank,svm_rbf
0.58,0.8861041383405364,GEO_LOCO,GSE13294,single_sample_rank,svm_rbf
0.59,0.8913613718687246,GEO_LOCO,GSE13294,single_sample_rank,svm_rbf
0.6,0.8966186053969127,GEO_LOCO,GSE13294,single_sample_rank,svm_rbf
0.61,0.9017791743765466,GEO_LOCO,GSE13294,single_sample_rank,svm_rbf
0.62,0.9065696142228843,GEO_LOCO,GSE13294,single_sample_rank,svm_rbf
0.63,0.9112950331622133,GEO_LOCO,GSE13294,single_sample_rank,svm_rbf
0.64,0.9160204521015424,GEO_LOCO,GSE13294,single_sample_rank,svm_rbf
0.65,0.9205134444347436,GEO_LOCO,GSE13294,single_sample_rank,svm_rbf
0.66,0.9249232500124118,GEO_LOCO,GSE13294,single_sample_rank,svm_rbf
0.67,0.9292641835511674,GEO_LOCO,GSE13294,single_sample_rank,svm_rbf
0.68,0.9334650035968268,GEO_LOCO,GSE13294,single_sample_rank,svm_rbf
0.6900000000000001,0.9376289681263827,GEO_LOCO,GSE13294,single_sample_rank,svm_rbf
0.7000000000000001,0.9416258714984576,GEO_LOCO,GSE13294,single_sample_rank,svm_rbf
0.71,0.9456227748705324,GEO_LOCO,GSE13294,single_sample_rank,svm_rbf
0.72,0.9495580473747566,GEO_LOCO,GSE13294,single_sample_rank,svm_rbf
0.73,0.9533631117266388,GEO_LOCO,GSE13294,single_sample_rank,svm_rbf
0.74,0.9571222453568219,GEO_LOCO,GSE13294,single_sample_rank,svm_rbf
0.75,0.9608030759709558,GEO_LOCO,GSE13294,single_sample_rank,svm_rbf
0.76,0.9644165254346669,GEO_LOCO,GSE13294,single_sample_rank,svm_rbf
0.77,0.9679664456160091,GEO_LOCO,GSE13294,single_sample_rank,svm_rbf
0.78,0.9714412319612223,GEO_LOCO,GSE13294,single_sample_rank,svm_rbf
0.79,0.9748371149251052,GEO_LOCO,GSE13294,single_sample_rank,svm_rbf
0.8,0.9782329978889879,GEO_LOCO,GSE13294,single_sample_rank,svm_rbf
0.81,0.9815961120530061,GEO_LOCO,GSE13294,single_sample_rank,svm_rbf
0.8200000000000001,0.9848589983453561,GEO_LOCO,GSE13294,single_sample_rank,svm_rbf
0.8300000000000001,0.988075321577115,GEO_LOCO,GSE13294,single_sample_rank,svm_rbf
0.84,0.9912422502992758,GEO_LOCO,GSE13294,single_sample_rank,svm_rbf
0.85,0.9943562518225488,GEO_LOCO,GSE13294,single_sample_rank,svm_rbf
0.86,0.9974181330076002,GEO_LOCO,GSE13294,single_sample_rank,svm_rbf
0.87,0.9995876603785888,GEO_LOCO,GSE13294,single_sample_rank,svm_rbf
0.88,1.0,GEO_LOCO,GSE13294,single_sample_rank,svm_rbf
0.89,1.0,GEO_LOCO,GSE13294,single_sample_rank,svm_rbf
0.9,1.0,GEO_LOCO,GSE13294,single_sample_rank,svm_rbf
0.91,1.0,GEO_LOCO,GSE13294,single_sample_rank,svm_rbf
0.92,1.0,GEO_LOCO,GSE13294,single_sample_rank,svm_rbf
0.93,1.0,GEO_LOCO,GSE13294,single_sample_rank,svm_rbf
0.9400000000000001,1.0,GEO_LOCO,GSE13294,single_sample_rank,svm_rbf
0.9500000000000001,1.0,GEO_LOCO,GSE13294,single_sample_rank,svm_rbf
0.96,1.0,GEO_LOCO,GSE13294,single_sample_rank,svm_rbf
0.97,1.0,GEO_LOCO,GSE13294,single_sample_rank,svm_rbf
0.98,1.0,GEO_LOCO,GSE13294,single_sample_rank,svm_rbf
0.99,1.0,GEO_LOCO,GSE13294,single_sample_rank,svm_rbf
1.0,1.0,GEO_LOCO,GSE13294,single_sample_rank,svm_rbf
0.0,0.056013001514594936,GEO_LOCO,GSE13294,single_sample_rank,xgboost
0.01,0.05845369480415953,GEO_LOCO,GSE13294,single_sample_rank,xgboost
0.02,0.06268947360820507,GEO_LOCO,GSE13294,single_sample_rank,xgboost
0.03,0.06696268917579067,GEO_LOCO,GSE13294,single_sample_rank,xgboost
0.04,0.07127568879220987,GEO_LOCO,GSE13294,single_sample_rank,xgboost
0.05,0.07562811248865267,GEO_LOCO,GSE13294,single_sample_rank,xgboost
0.06,0.08002407378174872,GEO_LOCO,GSE13294,single_sample_rank,xgboost
0.07,0.08445786602306286,GEO_LOCO,GSE13294,single_sample_rank,xgboost
0.08,0.08893009012930904,GEO_LOCO,GSE13294,single_sample_rank,xgboost
0.09,0.09345385132348491,GEO_LOCO,GSE13294,single_sample_rank,xgboost
0.1,0.09800558271485005,GEO_LOCO,GSE13294,single_sample_rank,xgboost
0.11,0.10259622831182909,GEO_LOCO,GSE13294,single_sample_rank,xgboost
0.12,0.10723233687276294,GEO_LOCO,GSE13294,single_sample_rank,xgboost
0.13,0.11191179069360056,GEO_LOCO,GSE13294,single_sample_rank,xgboost
0.14,0.11663232162099829,GEO_LOCO,GSE13294,single_sample_rank,xgboost
0.15,0.12138518234132555,GEO_LOCO,GSE13294,single_sample_rank,xgboost
0.16,0.12618946827740832,GEO_LOCO,GSE13294,single_sample_rank,xgboost
0.17,0.13103914507068237,GEO_LOCO,GSE13294,single_sample_rank,xgboost
0.18,0.1359859414820734,GEO_LOCO,GSE13294,single_sample_rank,xgboost
0.19,0.14108412774270498,GEO_LOCO,GSE13294,single_sample_rank,xgboost
0.2,0.14618231400333656,GEO_LOCO,GSE13294,single_sample_rank,xgboost
0.21,0.15128050026396814,GEO_LOCO,GSE13294,single_sample_rank,xgboost
0.22,0.15637868652459974,GEO_LOCO,GSE13294,single_sample_rank,xgboost
0.23,0.16147687278523132,GEO_LOCO,GSE13294,single_sample_rank,xgboost
0.24,0.1665750590458629,GEO_LOCO,GSE13294,single_sample_rank,xgboost
0.25,0.17167324530649447,GEO_LOCO,GSE13294,single_sample_rank,xgboost
0.26,0.17699707168976253,GEO_LOCO,GSE13294,single_sample_rank,xgboost
0.27,0.18248731926193268,GEO_LOCO,GSE13294,single_sample_rank,xgboost
0.28,0.18797756683410285,GEO_LOCO,GSE13294,single_sample_rank,xgboost
0.29,0.193467814406273,GEO_LOCO,GSE13294,single_sample_rank,xgboost
0.3,0.19912264812803532,GEO_LOCO,GSE13294,single_sample_rank,xgboost
0.31,0.2049928243970425,GEO_LOCO,GSE13294,single_sample_rank,xgboost
0.32,0.2108630006660497,GEO_LOCO,GSE13294,single_sample_rank,xgboost
0.33,0.2168331238373037,GEO_LOCO,GSE13294,single_sample_rank,xgboost
0.34,0.22317401217087238,GEO_LOCO,GSE13294,single_sample_rank,xgboost
0.35000000000000003,0.22951490050444104,GEO_LOCO,GSE13294,single_sample_rank,xgboost
0.36,0.23585578883800967,GEO_LOCO,GSE13294,single_sample_rank,xgboost
0.37,0.24258239793312802,GEO_LOCO,GSE13294,single_sample_rank,xgboost
0.38,0.2495348618072497,GEO_LOCO,GSE13294,single_sample_rank,xgboost
0.39,0.2564873256813714,GEO_LOCO,GSE13294,single_sample_rank,xgboost
0.4,0.26375335077256745,GEO_LOCO,GSE13294,single_sample_rank,xgboost
0.41000000000000003,0.27135499411752617,GEO_LOCO,GSE13294,single_sample_rank,xgboost
0.42,0.27895663746248484,GEO_LOCO,GSE13294,single_sample_rank,xgboost
0.43,0.2865648319589591,GEO_LOCO,GSE13294,single_sample_rank,xgboost
0.44,0.29479475551762274,GEO_LOCO,GSE13294,single_sample_rank,xgboost
0.45,0.3030246790762864,GEO_LOCO,GSE13294,single_sample_rank,xgboost
0.46,0.31125460263495003,GEO_LOCO,GSE13294,single_sample_rank,xgboost
0.47000000000000003,0.31948452619361367,GEO_LOCO,GSE13294,single_sample_rank,xgboost
0.48,0.3277144497522773,GEO_LOCO,GSE13294,single_sample_rank,xgboost
0.49,0.33594437331094096,GEO_LOCO,GSE13294,single_sample_rank,xgboost
0.5,0.3441742968696046,GEO_LOCO,GSE13294,single_sample_rank,xgboost
0.51,0.35240422042826824,GEO_LOCO,GSE13294,single_sample_rank,xgboost
0.52,0.36456821553813656,GEO_LOCO,GSE13294,single_sample_rank,xgboost
0.53,0.38058062906064094,GEO_LOCO,GSE13294,single_sample_rank,xgboost
0.54,0.39581752821119137,GEO_LOCO,GSE13294,single_sample_rank,xgboost
0.55,0.40916674083212834,GEO_LOCO,GSE13294,single_sample_rank,xgboost
0.56,0.42251595345306536,GEO_LOCO,GSE13294,single_sample_rank,xgboost
0.5700000000000001,0.4358651660740023,GEO_LOCO,GSE13294,single_sample_rank,xgboost
0.58,0.44921437869493913,GEO_LOCO,GSE13294,single_sample_rank,xgboost
0.59,0.4625635913158761,GEO_LOCO,GSE13294,single_sample_rank,xgboost
0.6,0.47591280393681307,GEO_LOCO,GSE13294,single_sample_rank,xgboost
0.61,0.48926201655775003,GEO_LOCO,GSE13294,single_sample_rank,xgboost
0.62,0.5026112291786871,GEO_LOCO,GSE13294,single_sample_rank,xgboost
0.63,0.515960441799624,GEO_LOCO,GSE13294,single_sample_rank,xgboost
0.64,0.529309654420561,GEO_LOCO,GSE13294,single_sample_rank,xgboost
0.65,0.5426588670414979,GEO_LOCO,GSE13294,single_sample_rank,xgboost
0.66,0.5554296271207634,GEO_LOCO,GSE13294,single_sample_rank,xgboost
0.67,0.5674811356116806,GEO_LOCO,GSE13294,single_sample_rank,xgboost
0.68,0.5795326441025976,GEO_LOCO,GSE13294,single_sample_rank,xgboost
0.6900000000000001,0.5915841525935147,GEO_LOCO,GSE13294,single_sample_rank,xgboost
0.7000000000000001,0.6036356610844319,GEO_LOCO,GSE13294,single_sample_rank,xgboost
0.71,0.6156871695753489,GEO_LOCO,GSE13294,single_sample_rank,xgboost
0.72,0.6277386780662659,GEO_LOCO,GSE13294,single_sample_rank,xgboost
0.73,0.6401048733877271,GEO_LOCO,GSE13294,single_sample_rank,xgboost
0.74,0.6524913478644452,GEO_LOCO,GSE13294,single_sample_rank,xgboost
0.75,0.6652162372344387,GEO_LOCO,GSE13294,single_sample_rank,xgboost
0.76,0.6780607536260307,GEO_LOCO,GSE13294,single_sample_rank,xgboost
0.77,0.6909052700176227,GEO_LOCO,GSE13294,single_sample_rank,xgboost
0.78,0.7037497864092146,GEO_LOCO,GSE13294,single_sample_rank,xgboost
0.79,0.7165943028008066,GEO_LOCO,GSE13294,single_sample_rank,xgboost
0.8,0.7294388191923986,GEO_LOCO,GSE13294,single_sample_rank,xgboost
0.81,0.7422833355839905,GEO_LOCO,GSE13294,single_sample_rank,xgboost
0.8200000000000001,0.7551278519755825,GEO_LOCO,GSE13294,single_sample_rank,xgboost
0.8300000000000001,0.7679723683671744,GEO_LOCO,GSE13294,single_sample_rank,xgboost
0.84,0.7808168847587663,GEO_LOCO,GSE13294,single_sample_rank,xgboost
0.85,0.7936614011503582,GEO_LOCO,GSE13294,single_sample_rank,xgboost
0.86,0.8065561296409187,GEO_LOCO,GSE13294,single_sample_rank,xgboost
0.87,0.8197595077334211,GEO_LOCO,GSE13294,single_sample_rank,xgboost
0.88,0.8329628858259235,GEO_LOCO,GSE13294,single_sample_rank,xgboost
0.89,0.8462478766956805,GEO_LOCO,GSE13294,single_sample_rank,xgboost
0.9,0.8595510720127844,GEO_LOCO,GSE13294,single_sample_rank,xgboost
0.91,0.8729152975733887,GEO_LOCO,GSE13294,single_sample_rank,xgboost
0.92,0.8863161495179263,GEO_LOCO,GSE13294,single_sample_rank,xgboost
0.93,0.8997729442707014,GEO_LOCO,GSE13294,single_sample_rank,xgboost
0.9400000000000001,0.9132641023440435,GEO_LOCO,GSE13294,single_sample_rank,xgboost
0.9500000000000001,0.9268118556841688,GEO_LOCO,GSE13294,single_sample_rank,xgboost
0.96,0.9404034172200582,GEO_LOCO,GSE13294,single_sample_rank,xgboost
0.97,0.9540438435915221,GEO_LOCO,GSE13294,single_sample_rank,xgboost
0.98,0.9677310046469427,GEO_LOCO,GSE13294,single_sample_rank,xgboost
0.99,0.9814649477519062,GEO_LOCO,GSE13294,single_sample_rank,xgboost
1.0,0.9941077545444442,GEO_LOCO,GSE13294,single_sample_rank,xgboost
0.0,0.09910638775877352,GEO_LOCO,GSE13294,target_cohort_adaptive_zscore,elastic_net
0.01,0.1232107130534205,GEO_LOCO,GSE13294,target_cohort_adaptive_zscore,elastic_net
0.02,0.1481414926960782,GEO_LOCO,GSE13294,target_cohort_adaptive_zscore,elastic_net
0.03,0.17280542342840682,GEO_LOCO,GSE13294,target_cohort_adaptive_zscore,elastic_net
0.04,0.19725945273039427,GEO_LOCO,GSE13294,target_cohort_adaptive_zscore,elastic_net
0.05,0.2213385817169398,GEO_LOCO,GSE13294,target_cohort_adaptive_zscore,elastic_net
0.06,0.24512618938093336,GEO_LOCO,GSE13294,target_cohort_adaptive_zscore,elastic_net
0.07,0.26891379704492696,GEO_LOCO,GSE13294,target_cohort_adaptive_zscore,elastic_net
0.08,0.29245702056214273,GEO_LOCO,GSE13294,target_cohort_adaptive_zscore,elastic_net
0.09,0.3156545113972043,GEO_LOCO,GSE13294,target_cohort_adaptive_zscore,elastic_net
0.1,0.33851737186046443,GEO_LOCO,GSE13294,target_cohort_adaptive_zscore,elastic_net
0.11,0.3609018896452137,GEO_LOCO,GSE13294,target_cohort_adaptive_zscore,elastic_net
0.12,0.3832864074299629,GEO_LOCO,GSE13294,target_cohort_adaptive_zscore,elastic_net
0.13,0.40567092521471215,GEO_LOCO,GSE13294,target_cohort_adaptive_zscore,elastic_net
0.14,0.4275044380785453,GEO_LOCO,GSE13294,target_cohort_adaptive_zscore,elastic_net
0.15,0.44919579969175655,GEO_LOCO,GSE13294,target_cohort_adaptive_zscore,elastic_net
0.16,0.47055751813262586,GEO_LOCO,GSE13294,target_cohort_adaptive_zscore,elastic_net
0.17,0.491586755694769,GEO_LOCO,GSE13294,target_cohort_adaptive_zscore,elastic_net
0.18,0.5123965631419889,GEO_LOCO,GSE13294,target_cohort_adaptive_zscore,elastic_net
0.19,0.5330257827891877,GEO_LOCO,GSE13294,target_cohort_adaptive_zscore,elastic_net
0.2,0.5525803131841094,GEO_LOCO,GSE13294,target_cohort_adaptive_zscore,elastic_net
0.21,0.572134843579031,GEO_LOCO,GSE13294,target_cohort_adaptive_zscore,elastic_net
0.22,0.5916893739739527,GEO_LOCO,GSE13294,target_cohort_adaptive_zscore,elastic_net
0.23,0.6112439043688744,GEO_LOCO,GSE13294,target_cohort_adaptive_zscore,elastic_net
0.24,0.6307984347637962,GEO_LOCO,GSE13294,target_cohort_adaptive_zscore,elastic_net
0.25,0.6503529651587179,GEO_LOCO,GSE13294,target_cohort_adaptive_zscore,elastic_net
0.26,0.6678346505447877,GEO_LOCO,GSE13294,target_cohort_adaptive_zscore,elastic_net
0.27,0.6848160108750341,GEO_LOCO,GSE13294,target_cohort_adaptive_zscore,elastic_net
0.28,0.7017973712052804,GEO_LOCO,GSE13294,target_cohort_adaptive_zscore,elastic_net
0.29,0.7187787315355266,GEO_LOCO,GSE13294,target_cohort_adaptive_zscore,elastic_net
0.3,0.735760091865773,GEO_LOCO,GSE13294,target_cohort_adaptive_zscore,elastic_net
0.31,0.7527414521960194,GEO_LOCO,GSE13294,target_cohort_adaptive_zscore,elastic_net
0.32,0.7697228125262657,GEO_LOCO,GSE13294,target_cohort_adaptive_zscore,elastic_net
0.33,0.7867041728565121,GEO_LOCO,GSE13294,target_cohort_adaptive_zscore,elastic_net
0.34,0.8036855331867584,GEO_LOCO,GSE13294,target_cohort_adaptive_zscore,elastic_net
0.35000000000000003,0.8206668935170047,GEO_LOCO,GSE13294,target_cohort_adaptive_zscore,elastic_net
0.36,0.837648253847251,GEO_LOCO,GSE13294,target_cohort_adaptive_zscore,elastic_net
0.37,0.8546296141774974,GEO_LOCO,GSE13294,target_cohort_adaptive_zscore,elastic_net
0.38,0.8716109745077437,GEO_LOCO,GSE13294,target_cohort_adaptive_zscore,elastic_net
0.39,0.88859233483799,GEO_LOCO,GSE13294,target_cohort_adaptive_zscore,elastic_net
0.4,0.9055736951682364,GEO_LOCO,GSE13294,target_cohort_adaptive_zscore,elastic_net
0.41000000000000003,0.9225550554984827,GEO_LOCO,GSE13294,target_cohort_adaptive_zscore,elastic_net
0.42,0.9395364158287289,GEO_LOCO,GSE13294,target_cohort_adaptive_zscore,elastic_net
0.43,0.9411545168213248,GEO_LOCO,GSE13294,target_cohort_adaptive_zscore,elastic_net
0.44,0.9409121024609055,GEO_LOCO,GSE13294,target_cohort_adaptive_zscore,elastic_net
0.45,0.9406696881004862,GEO_LOCO,GSE13294,target_cohort_adaptive_zscore,elastic_net
0.46,0.9409182598267811,GEO_LOCO,GSE13294,target_cohort_adaptive_zscore,elastic_net
0.47000000000000003,0.9423027158200852,GEO_LOCO,GSE13294,target_cohort_adaptive_zscore,elastic_net
0.48,0.9437939618396628,GEO_LOCO,GSE13294,target_cohort_adaptive_zscore,elastic_net
0.49,0.9452852078592404,GEO_LOCO,GSE13294,target_cohort_adaptive_zscore,elastic_net
0.5,0.946776453878818,GEO_LOCO,GSE13294,target_cohort_adaptive_zscore,elastic_net
0.51,0.948148443647145,GEO_LOCO,GSE13294,target_cohort_adaptive_zscore,elastic_net
0.52,0.9494901553682313,GEO_LOCO,GSE13294,target_cohort_adaptive_zscore,elastic_net
0.53,0.9507592047396805,GEO_LOCO,GSE13294,target_cohort_adaptive_zscore,elastic_net
0.54,0.9520282541111296,GEO_LOCO,GSE13294,target_cohort_adaptive_zscore,elastic_net
0.55,0.9532973034825788,GEO_LOCO,GSE13294,target_cohort_adaptive_zscore,elastic_net
0.56,0.9545663528540279,GEO_LOCO,GSE13294,target_cohort_adaptive_zscore,elastic_net
0.5700000000000001,0.955835402225477,GEO_LOCO,GSE13294,target_cohort_adaptive_zscore,elastic_net
0.58,0.9571044515969261,GEO_LOCO,GSE13294,target_cohort_adaptive_zscore,elastic_net
0.59,0.9583735009683753,GEO_LOCO,GSE13294,target_cohort_adaptive_zscore,elastic_net
0.6,0.9596425503398245,GEO_LOCO,GSE13294,target_cohort_adaptive_zscore,elastic_net
0.61,0.9609115997112736,GEO_LOCO,GSE13294,target_cohort_adaptive_zscore,elastic_net
0.62,0.9621197852470111,GEO_LOCO,GSE13294,target_cohort_adaptive_zscore,elastic_net
0.63,0.9632415438068171,GEO_LOCO,GSE13294,target_cohort_adaptive_zscore,elastic_net
0.64,0.9643599685027262,GEO_LOCO,GSE13294,target_cohort_adaptive_zscore,elastic_net
0.65,0.9654783931986353,GEO_LOCO,GSE13294,target_cohort_adaptive_zscore,elastic_net
0.66,0.9665775617318304,GEO_LOCO,GSE13294,target_cohort_adaptive_zscore,elastic_net
0.67,0.9676404925326186,GEO_LOCO,GSE13294,target_cohort_adaptive_zscore,elastic_net
0.68,0.9686853784249336,GEO_LOCO,GSE13294,target_cohort_adaptive_zscore,elastic_net
0.6900000000000001,0.9696965492313248,GEO_LOCO,GSE13294,target_cohort_adaptive_zscore,elastic_net
0.7000000000000001,0.9707015135371055,GEO_LOCO,GSE13294,target_cohort_adaptive_zscore,elastic_net
0.71,0.9717064778428863,GEO_LOCO,GSE13294,target_cohort_adaptive_zscore,elastic_net
0.72,0.9726921108604937,GEO_LOCO,GSE13294,target_cohort_adaptive_zscore,elastic_net
0.73,0.9736435386518508,GEO_LOCO,GSE13294,target_cohort_adaptive_zscore,elastic_net
0.74,0.974592881238384,GEO_LOCO,GSE13294,target_cohort_adaptive_zscore,elastic_net
0.75,0.975542223824917,GEO_LOCO,GSE13294,target_cohort_adaptive_zscore,elastic_net
0.76,0.9764878453562218,GEO_LOCO,GSE13294,target_cohort_adaptive_zscore,elastic_net
0.77,0.9774193648072818,GEO_LOCO,GSE13294,target_cohort_adaptive_zscore,elastic_net
0.78,0.978349221672852,GEO_LOCO,GSE13294,target_cohort_adaptive_zscore,elastic_net
0.79,0.9792776334941727,GEO_LOCO,GSE13294,target_cohort_adaptive_zscore,elastic_net
0.8,0.980206683230443,GEO_LOCO,GSE13294,target_cohort_adaptive_zscore,elastic_net
0.81,0.981136135381762,GEO_LOCO,GSE13294,target_cohort_adaptive_zscore,elastic_net
0.8200000000000001,0.9820675498696047,GEO_LOCO,GSE13294,target_cohort_adaptive_zscore,elastic_net
0.8300000000000001,0.9830028611227299,GEO_LOCO,GSE13294,target_cohort_adaptive_zscore,elastic_net
0.84,0.9839437660104831,GEO_LOCO,GSE13294,target_cohort_adaptive_zscore,elastic_net
0.85,0.9848870798290162,GEO_LOCO,GSE13294,target_cohort_adaptive_zscore,elastic_net
0.86,0.9858354281264687,GEO_LOCO,GSE13294,target_cohort_adaptive_zscore,elastic_net
0.87,0.9867905337090125,GEO_LOCO,GSE13294,target_cohort_adaptive_zscore,elastic_net
0.88,0.987751299488563,GEO_LOCO,GSE13294,target_cohort_adaptive_zscore,elastic_net
0.89,0.9887180568457935,GEO_LOCO,GSE13294,target_cohort_adaptive_zscore,elastic_net
0.9,0.9896925103386001,GEO_LOCO,GSE13294,target_cohort_adaptive_zscore,elastic_net
0.91,0.9906741377046301,GEO_LOCO,GSE13294,target_cohort_adaptive_zscore,elastic_net
0.92,0.9916638840491694,GEO_LOCO,GSE13294,target_cohort_adaptive_zscore,elastic_net
0.93,0.9926595094699732,GEO_LOCO,GSE13294,target_cohort_adaptive_zscore,elastic_net
0.9400000000000001,0.993663099697852,GEO_LOCO,GSE13294,target_cohort_adaptive_zscore,elastic_net
0.9500000000000001,0.994679851646095,GEO_LOCO,GSE13294,target_cohort_adaptive_zscore,elastic_net
0.96,0.9956973944107157,GEO_LOCO,GSE13294,target_cohort_adaptive_zscore,elastic_net
0.97,0.9967209387752176,GEO_LOCO,GSE13294,target_cohort_adaptive_zscore,elastic_net
0.98,0.9977554796501662,GEO_LOCO,GSE13294,target_cohort_adaptive_zscore,elastic_net
0.99,0.9987979456210396,GEO_LOCO,GSE13294,target_cohort_adaptive_zscore,elastic_net
1.0,0.9996127011914386,GEO_LOCO,GSE13294,target_cohort_adaptive_zscore,elastic_net
0.0,0.13423990816527873,GEO_LOCO,GSE13294,target_cohort_adaptive_zscore,svm_rbf
0.01,0.16376276535246728,GEO_LOCO,GSE13294,target_cohort_adaptive_zscore,svm_rbf
0.02,0.19331984834515226,GEO_LOCO,GSE13294,target_cohort_adaptive_zscore,svm_rbf
0.03,0.22251623642300836,GEO_LOCO,GSE13294,target_cohort_adaptive_zscore,svm_rbf
0.04,0.2513289820608664,GEO_LOCO,GSE13294,target_cohort_adaptive_zscore,svm_rbf
0.05,0.2798395447149317,GEO_LOCO,GSE13294,target_cohort_adaptive_zscore,svm_rbf
0.06,0.30797887678403724,GEO_LOCO,GSE13294,target_cohort_adaptive_zscore,svm_rbf
0.07,0.3357064090551291,GEO_LOCO,GSE13294,target_cohort_adaptive_zscore,svm_rbf
0.08,0.36315017650190745,GEO_LOCO,GSE13294,target_cohort_adaptive_zscore,svm_rbf
0.09,0.3902858239452815,GEO_LOCO,GSE13294,target_cohort_adaptive_zscore,svm_rbf
0.1,0.41701612524724835,GEO_LOCO,GSE13294,target_cohort_adaptive_zscore,svm_rbf
0.11,0.4433427942661668,GEO_LOCO,GSE13294,target_cohort_adaptive_zscore,svm_rbf
0.12,0.46931563342369664,GEO_LOCO,GSE13294,target_cohort_adaptive_zscore,svm_rbf
0.13,0.4949001515592342,GEO_LOCO,GSE13294,target_cohort_adaptive_zscore,svm_rbf
0.14,0.5199606611840883,GEO_LOCO,GSE13294,target_cohort_adaptive_zscore,svm_rbf
0.15,0.5444702161460336,GEO_LOCO,GSE13294,target_cohort_adaptive_zscore,svm_rbf
0.16,0.5689797711079789,GEO_LOCO,GSE13294,target_cohort_adaptive_zscore,svm_rbf
0.17,0.5922843327565686,GEO_LOCO,GSE13294,target_cohort_adaptive_zscore,svm_rbf
0.18,0.6148418179533333,GEO_LOCO,GSE13294,target_cohort_adaptive_zscore,svm_rbf
0.19,0.6373993031500979,GEO_LOCO,GSE13294,target_cohort_adaptive_zscore,svm_rbf
0.2,0.6599567883468626,GEO_LOCO,GSE13294,target_cohort_adaptive_zscore,svm_rbf
0.21,0.6816533390634048,GEO_LOCO,GSE13294,target_cohort_adaptive_zscore,svm_rbf
0.22,0.701296107869197,GEO_LOCO,GSE13294,target_cohort_adaptive_zscore,svm_rbf
0.23,0.7209388766749893,GEO_LOCO,GSE13294,target_cohort_adaptive_zscore,svm_rbf
0.24,0.7405816454807815,GEO_LOCO,GSE13294,target_cohort_adaptive_zscore,svm_rbf
0.25,0.7596633609684851,GEO_LOCO,GSE13294,target_cohort_adaptive_zscore,svm_rbf
0.26,0.7782212936104901,GEO_LOCO,GSE13294,target_cohort_adaptive_zscore,svm_rbf
0.27,0.7967792262524951,GEO_LOCO,GSE13294,target_cohort_adaptive_zscore,svm_rbf
0.28,0.8153371588945001,GEO_LOCO,GSE13294,target_cohort_adaptive_zscore,svm_rbf
0.29,0.833895091536505,GEO_LOCO,GSE13294,target_cohort_adaptive_zscore,svm_rbf
0.3,0.85245302417851,GEO_LOCO,GSE13294,target_cohort_adaptive_zscore,svm_rbf
0.31,0.871010956820515,GEO_LOCO,GSE13294,target_cohort_adaptive_zscore,svm_rbf
0.32,0.8895202525110377,GEO_LOCO,GSE13294,target_cohort_adaptive_zscore,svm_rbf
0.33,0.8965986708868052,GEO_LOCO,GSE13294,target_cohort_adaptive_zscore,svm_rbf
0.34,0.9018129886632036,GEO_LOCO,GSE13294,target_cohort_adaptive_zscore,svm_rbf
0.35000000000000003,0.9068662756959144,GEO_LOCO,GSE13294,target_cohort_adaptive_zscore,svm_rbf
0.36,0.91172846912899,GEO_LOCO,GSE13294,target_cohort_adaptive_zscore,svm_rbf
0.37,0.9165906625620657,GEO_LOCO,GSE13294,target_cohort_adaptive_zscore,svm_rbf
0.38,0.9214528559951414,GEO_LOCO,GSE13294,target_cohort_adaptive_zscore,svm_rbf
0.39,0.9263150494282171,GEO_LOCO,GSE13294,target_cohort_adaptive_zscore,svm_rbf
0.4,0.9311073329402474,GEO_LOCO,GSE13294,target_cohort_adaptive_zscore,svm_rbf
0.41000000000000003,0.935133044678028,GEO_LOCO,GSE13294,target_cohort_adaptive_zscore,svm_rbf
0.42,0.9391587564158086,GEO_LOCO,GSE13294,target_cohort_adaptive_zscore,svm_rbf
0.43,0.9429197399231305,GEO_LOCO,GSE13294,target_cohort_adaptive_zscore,svm_rbf
0.44,0.945656348034836,GEO_LOCO,GSE13294,target_cohort_adaptive_zscore,svm_rbf
0.45,0.9478900302569891,GEO_LOCO,GSE13294,target_cohort_adaptive_zscore,svm_rbf
0.46,0.9501237124791423,GEO_LOCO,GSE13294,target_cohort_adaptive_zscore,svm_rbf
0.47000000000000003,0.9523573947012954,GEO_LOCO,GSE13294,target_cohort_adaptive_zscore,svm_rbf
0.48,0.9537676232592927,GEO_LOCO,GSE13294,target_cohort_adaptive_zscore,svm_rbf
0.49,0.9551443071059612,GEO_LOCO,GSE13294,target_cohort_adaptive_zscore,svm_rbf
0.5,0.9562683107993111,GEO_LOCO,GSE13294,target_cohort_adaptive_zscore,svm_rbf
0.51,0.9573923144926609,GEO_LOCO,GSE13294,target_cohort_adaptive_zscore,svm_rbf
0.52,0.9585163181860108,GEO_LOCO,GSE13294,target_cohort_adaptive_zscore,svm_rbf
0.53,0.9596747394922238,GEO_LOCO,GSE13294,target_cohort_adaptive_zscore,svm_rbf
0.54,0.9609727072124348,GEO_LOCO,GSE13294,target_cohort_adaptive_zscore,svm_rbf
0.55,0.962426493705816,GEO_LOCO,GSE13294,target_cohort_adaptive_zscore,svm_rbf
0.56,0.9640093721387449,GEO_LOCO,GSE13294,target_cohort_adaptive_zscore,svm_rbf
0.5700000000000001,0.9655922505716737,GEO_LOCO,GSE13294,target_cohort_adaptive_zscore,svm_rbf
0.58,0.9671947851946937,GEO_LOCO,GSE13294,target_cohort_adaptive_zscore,svm_rbf
0.59,0.9687818514961362,GEO_LOCO,GSE13294,target_cohort_adaptive_zscore,svm_rbf
0.6,0.9703461265018376,GEO_LOCO,GSE13294,target_cohort_adaptive_zscore,svm_rbf
0.61,0.9719104015075389,GEO_LOCO,GSE13294,target_cohort_adaptive_zscore,svm_rbf
0.62,0.9734746765132404,GEO_LOCO,GSE13294,target_cohort_adaptive_zscore,svm_rbf
0.63,0.9750389515189417,GEO_LOCO,GSE13294,target_cohort_adaptive_zscore,svm_rbf
0.64,0.9766032265246432,GEO_LOCO,GSE13294,target_cohort_adaptive_zscore,svm_rbf
0.65,0.9780797715951198,GEO_LOCO,GSE13294,target_cohort_adaptive_zscore,svm_rbf
0.66,0.9794956867745004,GEO_LOCO,GSE13294,target_cohort_adaptive_zscore,svm_rbf
0.67,0.980855779767832,GEO_LOCO,GSE13294,target_cohort_adaptive_zscore,svm_rbf
0.68,0.9821256869184375,GEO_LOCO,GSE13294,target_cohort_adaptive_zscore,svm_rbf
0.6900000000000001,0.9833606574865681,GEO_LOCO,GSE13294,target_cohort_adaptive_zscore,svm_rbf
0.7000000000000001,0.9845956280546987,GEO_LOCO,GSE13294,target_cohort_adaptive_zscore,svm_rbf
0.71,0.9858305986228293,GEO_LOCO,GSE13294,target_cohort_adaptive_zscore,svm_rbf
0.72,0.9870514164672655,GEO_LOCO,GSE13294,target_cohort_adaptive_zscore,svm_rbf
0.73,0.9881480774115957,GEO_LOCO,GSE13294,target_cohort_adaptive_zscore,svm_rbf
0.74,0.9892447383559261,GEO_LOCO,GSE13294,target_cohort_adaptive_zscore,svm_rbf
0.75,0.9902942391830118,GEO_LOCO,GSE13294,target_cohort_adaptive_zscore,svm_rbf
0.76,0.9912700728962017,GEO_LOCO,GSE13294,target_cohort_adaptive_zscore,svm_rbf
0.77,0.9922459066093916,GEO_LOCO,GSE13294,target_cohort_adaptive_zscore,svm_rbf
0.78,0.9932217403225815,GEO_LOCO,GSE13294,target_cohort_adaptive_zscore,svm_rbf
0.79,0.9941975740357714,GEO_LOCO,GSE13294,target_cohort_adaptive_zscore,svm_rbf
0.8,0.9951156627440412,GEO_LOCO,GSE13294,target_cohort_adaptive_zscore,svm_rbf
0.81,0.9959827669841738,GEO_LOCO,GSE13294,target_cohort_adaptive_zscore,svm_rbf
0.8200000000000001,0.996839241139987,GEO_LOCO,GSE13294,target_cohort_adaptive_zscore,svm_rbf
0.8300000000000001,0.997651800614471,GEO_LOCO,GSE13294,target_cohort_adaptive_zscore,svm_rbf
0.84,0.9984576725824694,GEO_LOCO,GSE13294,target_cohort_adaptive_zscore,svm_rbf
0.85,0.9992257388125175,GEO_LOCO,GSE13294,target_cohort_adaptive_zscore,svm_rbf
0.86,0.9998779823332895,GEO_LOCO,GSE13294,target_cohort_adaptive_zscore,svm_rbf
0.87,0.9999727488420546,GEO_LOCO,GSE13294,target_cohort_adaptive_zscore,svm_rbf
0.88,1.0,GEO_LOCO,GSE13294,target_cohort_adaptive_zscore,svm_rbf
0.89,1.0,GEO_LOCO,GSE13294,target_cohort_adaptive_zscore,svm_rbf
0.9,1.0,GEO_LOCO,GSE13294,target_cohort_adaptive_zscore,svm_rbf
0.91,1.0,GEO_LOCO,GSE13294,target_cohort_adaptive_zscore,svm_rbf
0.92,1.0,GEO_LOCO,GSE13294,target_cohort_adaptive_zscore,svm_rbf
0.93,1.0,GEO_LOCO,GSE13294,target_cohort_adaptive_zscore,svm_rbf
0.9400000000000001,1.0,GEO_LOCO,GSE13294,target_cohort_adaptive_zscore,svm_rbf
0.9500000000000001,1.0,GEO_LOCO,GSE13294,target_cohort_adaptive_zscore,svm_rbf
0.96,1.0,GEO_LOCO,GSE13294,target_cohort_adaptive_zscore,svm_rbf
0.97,1.0,GEO_LOCO,GSE13294,target_cohort_adaptive_zscore,svm_rbf
0.98,1.0,GEO_LOCO,GSE13294,target_cohort_adaptive_zscore,svm_rbf
0.99,1.0,GEO_LOCO,GSE13294,target_cohort_adaptive_zscore,svm_rbf
1.0,1.0,GEO_LOCO,GSE13294,target_cohort_adaptive_zscore,svm_rbf
0.0,0.13898092857553895,GEO_LOCO,GSE13294,target_cohort_adaptive_zscore,xgboost
0.01,0.16728911388579418,GEO_LOCO,GSE13294,target_cohort_adaptive_zscore,xgboost
0.02,0.19954925040427895,GEO_LOCO,GSE13294,target_cohort_adaptive_zscore,xgboost
0.03,0.23153894729151944,GEO_LOCO,GSE13294,target_cohort_adaptive_zscore,xgboost
0.04,0.26313623851034984,GEO_LOCO,GSE13294,target_cohort_adaptive_zscore,xgboost
0.05,0.29440750329065585,GEO_LOCO,GSE13294,target_cohort_adaptive_zscore,xgboost
0.06,0.3256787680709618,GEO_LOCO,GSE13294,target_cohort_adaptive_zscore,xgboost
0.07,0.35678839696988474,GEO_LOCO,GSE13294,target_cohort_adaptive_zscore,xgboost
0.08,0.38740813742846697,GEO_LOCO,GSE13294,target_cohort_adaptive_zscore,xgboost
0.09,0.4174598445728323,GEO_LOCO,GSE13294,target_cohort_adaptive_zscore,xgboost
0.1,0.4475115517171977,GEO_LOCO,GSE13294,target_cohort_adaptive_zscore,xgboost
0.11,0.47756325886156303,GEO_LOCO,GSE13294,target_cohort_adaptive_zscore,xgboost
0.12,0.507172975808929,GEO_LOCO,GSE13294,target_cohort_adaptive_zscore,xgboost
0.13,0.5365074922784524,GEO_LOCO,GSE13294,target_cohort_adaptive_zscore,xgboost
0.14,0.5654779604695201,GEO_LOCO,GSE13294,target_cohort_adaptive_zscore,xgboost
0.15,0.5939236778412051,GEO_LOCO,GSE13294,target_cohort_adaptive_zscore,xgboost
0.16,0.6221229007220628,GEO_LOCO,GSE13294,target_cohort_adaptive_zscore,xgboost
0.17,0.6503221236029204,GEO_LOCO,GSE13294,target_cohort_adaptive_zscore,xgboost
0.18,0.6783959062856066,GEO_LOCO,GSE13294,target_cohort_adaptive_zscore,xgboost
0.19,0.7051082837737644,GEO_LOCO,GSE13294,target_cohort_adaptive_zscore,xgboost
0.2,0.7312607479723332,GEO_LOCO,GSE13294,target_cohort_adaptive_zscore,xgboost
0.21,0.7574132121709019,GEO_LOCO,GSE13294,target_cohort_adaptive_zscore,xgboost
0.22,0.7835656763694707,GEO_LOCO,GSE13294,target_cohort_adaptive_zscore,xgboost
0.23,0.8097181405680395,GEO_LOCO,GSE13294,target_cohort_adaptive_zscore,xgboost
0.24,0.8346366402884109,GEO_LOCO,GSE13294,target_cohort_adaptive_zscore,xgboost
0.25,0.8574896317993382,GEO_LOCO,GSE13294,target_cohort_adaptive_zscore,xgboost
0.26,0.8803426233102657,GEO_LOCO,GSE13294,target_cohort_adaptive_zscore,xgboost
0.27,0.903195614821193,GEO_LOCO,GSE13294,target_cohort_adaptive_zscore,xgboost
0.28,0.925140055126697,GEO_LOCO,GSE13294,target_cohort_adaptive_zscore,xgboost
0.29,0.9454274740065564,GEO_LOCO,GSE13294,target_cohort_adaptive_zscore,xgboost
0.3,0.9651961067420224,GEO_LOCO,GSE13294,target_cohort_adaptive_zscore,xgboost
0.31,0.977004963150882,GEO_LOCO,GSE13294,target_cohort_adaptive_zscore,xgboost
0.32,0.9869559246195437,GEO_LOCO,GSE13294,target_cohort_adaptive_zscore,xgboost
0.33,0.9969068860882055,GEO_LOCO,GSE13294,target_cohort_adaptive_zscore,xgboost
0.34,0.9970536871019428,GEO_LOCO,GSE13294,target_cohort_adaptive_zscore,xgboost
0.35000000000000003,0.9968441001271349,GEO_LOCO,GSE13294,target_cohort_adaptive_zscore,xgboost
0.36,0.9964278648879014,GEO_LOCO,GSE13294,target_cohort_adaptive_zscore,xgboost
0.37,0.9961743956138295,GEO_LOCO,GSE13294,target_cohort_adaptive_zscore,xgboost
0.38,0.9959209263397576,GEO_LOCO,GSE13294,target_cohort_adaptive_zscore,xgboost
0.39,0.9958539394896191,GEO_LOCO,GSE13294,target_cohort_adaptive_zscore,xgboost
0.4,0.9960119007802781,GEO_LOCO,GSE13294,target_cohort_adaptive_zscore,xgboost
0.41000000000000003,0.9961744499507329,GEO_LOCO,GSE13294,target_cohort_adaptive_zscore,xgboost
0.42,0.9963369991211876,GEO_LOCO,GSE13294,target_cohort_adaptive_zscore,xgboost
0.43,0.9965004545853926,GEO_LOCO,GSE13294,target_cohort_adaptive_zscore,xgboost
0.44,0.996664880373705,GEO_LOCO,GSE13294,target_cohort_adaptive_zscore,xgboost
0.45,0.9968293061620174,GEO_LOCO,GSE13294,target_cohort_adaptive_zscore,xgboost
0.46,0.9969937319503297,GEO_LOCO,GSE13294,target_cohort_adaptive_zscore,xgboost
0.47000000000000003,0.997158157738642,GEO_LOCO,GSE13294,target_cohort_adaptive_zscore,xgboost
0.48,0.9973225835269545,GEO_LOCO,GSE13294,target_cohort_adaptive_zscore,xgboost
0.49,0.9974870093152668,GEO_LOCO,GSE13294,target_cohort_adaptive_zscore,xgboost
0.5,0.9976479580972624,GEO_LOCO,GSE13294,target_cohort_adaptive_zscore,xgboost
0.51,0.9977435566942469,GEO_LOCO,GSE13294,target_cohort_adaptive_zscore,xgboost
0.52,0.9978391552912315,GEO_LOCO,GSE13294,target_cohort_adaptive_zscore,xgboost
0.53,0.997934753888216,GEO_LOCO,GSE13294,target_cohort_adaptive_zscore,xgboost
0.54,0.9980303524852006,GEO_LOCO,GSE13294,target_cohort_adaptive_zscore,xgboost
0.55,0.998125951082185,GEO_LOCO,GSE13294,target_cohort_adaptive_zscore,xgboost
0.56,0.9982203400863305,GEO_LOCO,GSE13294,target_cohort_adaptive_zscore,xgboost
0.5700000000000001,0.9983146726435005,GEO_LOCO,GSE13294,target_cohort_adaptive_zscore,xgboost
0.58,0.9984090052006703,GEO_LOCO,GSE13294,target_cohort_adaptive_zscore,xgboost
0.59,0.9985033377578403,GEO_LOCO,GSE13294,target_cohort_adaptive_zscore,xgboost
0.6,0.9985976703150101,GEO_LOCO,GSE13294,target_cohort_adaptive_zscore,xgboost
0.61,0.9986915809423541,GEO_LOCO,GSE13294,target_cohort_adaptive_zscore,xgboost
0.62,0.9987752071099595,GEO_LOCO,GSE13294,target_cohort_adaptive_zscore,xgboost
0.63,0.9988588332775649,GEO_LOCO,GSE13294,target_cohort_adaptive_zscore,xgboost
0.64,0.9989381702673807,GEO_LOCO,GSE13294,target_cohort_adaptive_zscore,xgboost
0.65,0.9990128918594446,GEO_LOCO,GSE13294,target_cohort_adaptive_zscore,xgboost
0.66,0.999085874674958,GEO_LOCO,GSE13294,target_cohort_adaptive_zscore,xgboost
0.67,0.9991577514491802,GEO_LOCO,GSE13294,target_cohort_adaptive_zscore,xgboost
0.68,0.9992236289178374,GEO_LOCO,GSE13294,target_cohort_adaptive_zscore,xgboost
0.6900000000000001,0.9992893435469509,GEO_LOCO,GSE13294,target_cohort_adaptive_zscore,xgboost
0.7000000000000001,0.9993498031590465,GEO_LOCO,GSE13294,target_cohort_adaptive_zscore,xgboost
0.71,0.999406907732847,GEO_LOCO,GSE13294,target_cohort_adaptive_zscore,xgboost
0.72,0.9994640123066474,GEO_LOCO,GSE13294,target_cohort_adaptive_zscore,xgboost
0.73,0.9995211168804479,GEO_LOCO,GSE13294,target_cohort_adaptive_zscore,xgboost
0.74,0.9995782214542482,GEO_LOCO,GSE13294,target_cohort_adaptive_zscore,xgboost
0.75,0.9996304421183352,GEO_LOCO,GSE13294,target_cohort_adaptive_zscore,xgboost
0.76,0.9996776745808303,GEO_LOCO,GSE13294,target_cohort_adaptive_zscore,xgboost
0.77,0.9997249070433256,GEO_LOCO,GSE13294,target_cohort_adaptive_zscore,xgboost
0.78,0.9997721395058209,GEO_LOCO,GSE13294,target_cohort_adaptive_zscore,xgboost
0.79,0.9998187779380892,GEO_LOCO,GSE13294,target_cohort_adaptive_zscore,xgboost
0.8,0.9998614899485815,GEO_LOCO,GSE13294,target_cohort_adaptive_zscore,xgboost
0.81,0.9999029456138339,GEO_LOCO,GSE13294,target_cohort_adaptive_zscore,xgboost
0.8200000000000001,0.9999424753602276,GEO_LOCO,GSE13294,target_cohort_adaptive_zscore,xgboost
0.8300000000000001,0.9999778227661287,GEO_LOCO,GSE13294,target_cohort_adaptive_zscore,xgboost
0.84,0.9999905840329606,GEO_LOCO,GSE13294,target_cohort_adaptive_zscore,xgboost
0.85,1.0,GEO_LOCO,GSE13294,target_cohort_adaptive_zscore,xgboost
0.86,1.0,GEO_LOCO,GSE13294,target_cohort_adaptive_zscore,xgboost
0.87,1.0,GEO_LOCO,GSE13294,target_cohort_adaptive_zscore,xgboost
0.88,1.0,GEO_LOCO,GSE13294,target_cohort_adaptive_zscore,xgboost
0.89,1.0,GEO_LOCO,GSE13294,target_cohort_adaptive_zscore,xgboost
0.9,1.0,GEO_LOCO,GSE13294,target_cohort_adaptive_zscore,xgboost
0.91,1.0,GEO_LOCO,GSE13294,target_cohort_adaptive_zscore,xgboost
0.92,1.0,GEO_LOCO,GSE13294,target_cohort_adaptive_zscore,xgboost
0.93,1.0,GEO_LOCO,GSE13294,target_cohort_adaptive_zscore,xgboost
0.9400000000000001,1.0,GEO_LOCO,GSE13294,target_cohort_adaptive_zscore,xgboost
0.9500000000000001,1.0,GEO_LOCO,GSE13294,target_cohort_adaptive_zscore,xgboost
0.96,1.0,GEO_LOCO,GSE13294,target_cohort_adaptive_zscore,xgboost
0.97,1.0,GEO_LOCO,GSE13294,target_cohort_adaptive_zscore,xgboost
0.98,1.0,GEO_LOCO,GSE13294,target_cohort_adaptive_zscore,xgboost
0.99,1.0,GEO_LOCO,GSE13294,target_cohort_adaptive_zscore,xgboost
1.0,1.0,GEO_LOCO,GSE13294,target_cohort_adaptive_zscore,xgboost
0.0,0.0,GEO_LOCO,GSE18088,fixed_log_expression,elastic_net
0.01,0.0,GEO_LOCO,GSE18088,fixed_log_expression,elastic_net
0.02,0.0,GEO_LOCO,GSE18088,fixed_log_expression,elastic_net
0.03,0.0,GEO_LOCO,GSE18088,fixed_log_expression,elastic_net
0.04,0.0,GEO_LOCO,GSE18088,fixed_log_expression,elastic_net
0.05,0.0,GEO_LOCO,GSE18088,fixed_log_expression,elastic_net
0.06,0.0,GEO_LOCO,GSE18088,fixed_log_expression,elastic_net
0.07,0.0,GEO_LOCO,GSE18088,fixed_log_expression,elastic_net
0.08,0.0,GEO_LOCO,GSE18088,fixed_log_expression,elastic_net
0.09,0.0,GEO_LOCO,GSE18088,fixed_log_expression,elastic_net
0.1,0.0,GEO_LOCO,GSE18088,fixed_log_expression,elastic_net
0.11,0.0,GEO_LOCO,GSE18088,fixed_log_expression,elastic_net
0.12,0.0,GEO_LOCO,GSE18088,fixed_log_expression,elastic_net
0.13,0.0,GEO_LOCO,GSE18088,fixed_log_expression,elastic_net
0.14,0.0,GEO_LOCO,GSE18088,fixed_log_expression,elastic_net
0.15,0.0,GEO_LOCO,GSE18088,fixed_log_expression,elastic_net
0.16,0.0,GEO_LOCO,GSE18088,fixed_log_expression,elastic_net
0.17,0.0,GEO_LOCO,GSE18088,fixed_log_expression,elastic_net
0.18,0.0,GEO_LOCO,GSE18088,fixed_log_expression,elastic_net
0.19,0.0,GEO_LOCO,GSE18088,fixed_log_expression,elastic_net
0.2,0.0,GEO_LOCO,GSE18088,fixed_log_expression,elastic_net
0.21,0.0,GEO_LOCO,GSE18088,fixed_log_expression,elastic_net
0.22,0.0,GEO_LOCO,GSE18088,fixed_log_expression,elastic_net
0.23,0.0,GEO_LOCO,GSE18088,fixed_log_expression,elastic_net
0.24,0.0,GEO_LOCO,GSE18088,fixed_log_expression,elastic_net
0.25,0.0,GEO_LOCO,GSE18088,fixed_log_expression,elastic_net
0.26,0.0,GEO_LOCO,GSE18088,fixed_log_expression,elastic_net
0.27,0.0,GEO_LOCO,GSE18088,fixed_log_expression,elastic_net
0.28,0.0002482728975465366,GEO_LOCO,GSE18088,fixed_log_expression,elastic_net
0.29,0.0005870483357551909,GEO_LOCO,GSE18088,fixed_log_expression,elastic_net
0.3,0.0020442010654345578,GEO_LOCO,GSE18088,fixed_log_expression,elastic_net
0.31,0.0050235279647903456,GEO_LOCO,GSE18088,fixed_log_expression,elastic_net
0.32,0.008151197531153183,GEO_LOCO,GSE18088,fixed_log_expression,elastic_net
0.33,0.011278867097516021,GEO_LOCO,GSE18088,fixed_log_expression,elastic_net
0.34,0.014406536663878856,GEO_LOCO,GSE18088,fixed_log_expression,elastic_net
0.35000000000000003,0.01770783850558813,GEO_LOCO,GSE18088,fixed_log_expression,elastic_net
0.36,0.021079134363220217,GEO_LOCO,GSE18088,fixed_log_expression,elastic_net
0.37,0.02451292972384423,GEO_LOCO,GSE18088,fixed_log_expression,elastic_net
0.38,0.028259445442758754,GEO_LOCO,GSE18088,fixed_log_expression,elastic_net
0.39,0.032005961161673285,GEO_LOCO,GSE18088,fixed_log_expression,elastic_net
0.4,0.03575247688058781,GEO_LOCO,GSE18088,fixed_log_expression,elastic_net
0.41000000000000003,0.03949899259950233,GEO_LOCO,GSE18088,fixed_log_expression,elastic_net
0.42,0.043245508318416837,GEO_LOCO,GSE18088,fixed_log_expression,elastic_net
0.43,0.04742511022848627,GEO_LOCO,GSE18088,fixed_log_expression,elastic_net
0.44,0.05179900288292108,GEO_LOCO,GSE18088,fixed_log_expression,elastic_net
0.45,0.05639518814364838,GEO_LOCO,GSE18088,fixed_log_expression,elastic_net
0.46,0.0614756765520389,GEO_LOCO,GSE18088,fixed_log_expression,elastic_net
0.47000000000000003,0.07353120073474184,GEO_LOCO,GSE18088,fixed_log_expression,elastic_net
0.48,0.08920314987046753,GEO_LOCO,GSE18088,fixed_log_expression,elastic_net
0.49,0.10404047772655524,GEO_LOCO,GSE18088,fixed_log_expression,elastic_net
0.5,0.11887780558264294,GEO_LOCO,GSE18088,fixed_log_expression,elastic_net
0.51,0.13366800347283755,GEO_LOCO,GSE18088,fixed_log_expression,elastic_net
0.52,0.15038000327406073,GEO_LOCO,GSE18088,fixed_log_expression,elastic_net
0.53,0.1670920030752839,GEO_LOCO,GSE18088,fixed_log_expression,elastic_net
0.54,0.18507335926200413,GEO_LOCO,GSE18088,fixed_log_expression,elastic_net
0.55,0.20840018650427394,GEO_LOCO,GSE18088,fixed_log_expression,elastic_net
0.56,0.22907700809958131,GEO_LOCO,GSE18088,fixed_log_expression,elastic_net
0.5700000000000001,0.2514089508253189,GEO_LOCO,GSE18088,fixed_log_expression,elastic_net
0.58,0.27374089355105624,GEO_LOCO,GSE18088,fixed_log_expression,elastic_net
0.59,0.2960728362767938,GEO_LOCO,GSE18088,fixed_log_expression,elastic_net
0.6,0.3184047790025314,GEO_LOCO,GSE18088,fixed_log_expression,elastic_net
0.61,0.34073672172826897,GEO_LOCO,GSE18088,fixed_log_expression,elastic_net
0.62,0.36306866445400654,GEO_LOCO,GSE18088,fixed_log_expression,elastic_net
0.63,0.3857614856227552,GEO_LOCO,GSE18088,fixed_log_expression,elastic_net
0.64,0.4088029629738767,GEO_LOCO,GSE18088,fixed_log_expression,elastic_net
0.65,0.4318444403249982,GEO_LOCO,GSE18088,fixed_log_expression,elastic_net
0.66,0.4548859176761197,GEO_LOCO,GSE18088,fixed_log_expression,elastic_net
0.67,0.47792739502724124,GEO_LOCO,GSE18088,fixed_log_expression,elastic_net
0.68,0.5009688723783627,GEO_LOCO,GSE18088,fixed_log_expression,elastic_net
0.6900000000000001,0.5238735201150861,GEO_LOCO,GSE18088,fixed_log_expression,elastic_net
0.7000000000000001,0.5461032612295738,GEO_LOCO,GSE18088,fixed_log_expression,elastic_net
0.71,0.5684001825835705,GEO_LOCO,GSE18088,fixed_log_expression,elastic_net
0.72,0.5907542195285023,GEO_LOCO,GSE18088,fixed_log_expression,elastic_net
0.73,0.6133103103113448,GEO_LOCO,GSE18088,fixed_log_expression,elastic_net
0.74,0.6359502229192427,GEO_LOCO,GSE18088,fixed_log_expression,elastic_net
0.75,0.6586737462603517,GEO_LOCO,GSE18088,fixed_log_expression,elastic_net
0.76,0.6813972696014605,GEO_LOCO,GSE18088,fixed_log_expression,elastic_net
0.77,0.7041207929425695,GEO_LOCO,GSE18088,fixed_log_expression,elastic_net
0.78,0.7268419875205304,GEO_LOCO,GSE18088,fixed_log_expression,elastic_net
0.79,0.7494832153168112,GEO_LOCO,GSE18088,fixed_log_expression,elastic_net
0.8,0.7721244431130919,GEO_LOCO,GSE18088,fixed_log_expression,elastic_net
0.81,0.7947656709093727,GEO_LOCO,GSE18088,fixed_log_expression,elastic_net
0.8200000000000001,0.8174068987056534,GEO_LOCO,GSE18088,fixed_log_expression,elastic_net
0.8300000000000001,0.8400481265019342,GEO_LOCO,GSE18088,fixed_log_expression,elastic_net
0.84,0.8626707102014071,GEO_LOCO,GSE18088,fixed_log_expression,elastic_net
0.85,0.8851940887536858,GEO_LOCO,GSE18088,fixed_log_expression,elastic_net
0.86,0.9076417658416929,GEO_LOCO,GSE18088,fixed_log_expression,elastic_net
0.87,0.9300461516479481,GEO_LOCO,GSE18088,fixed_log_expression,elastic_net
0.88,0.9524505374542035,GEO_LOCO,GSE18088,fixed_log_expression,elastic_net
0.89,0.974785227298704,GEO_LOCO,GSE18088,fixed_log_expression,elastic_net
0.9,0.9950215681873527,GEO_LOCO,GSE18088,fixed_log_expression,elastic_net
0.91,1.0,GEO_LOCO,GSE18088,fixed_log_expression,elastic_net
0.92,1.0,GEO_LOCO,GSE18088,fixed_log_expression,elastic_net
0.93,1.0,GEO_LOCO,GSE18088,fixed_log_expression,elastic_net
0.9400000000000001,1.0,GEO_LOCO,GSE18088,fixed_log_expression,elastic_net
0.9500000000000001,1.0,GEO_LOCO,GSE18088,fixed_log_expression,elastic_net
0.96,1.0,GEO_LOCO,GSE18088,fixed_log_expression,elastic_net
0.97,1.0,GEO_LOCO,GSE18088,fixed_log_expression,elastic_net
0.98,1.0,GEO_LOCO,GSE18088,fixed_log_expression,elastic_net
0.99,1.0,GEO_LOCO,GSE18088,fixed_log_expression,elastic_net
1.0,1.0,GEO_LOCO,GSE18088,fixed_log_expression,elastic_net
0.0,0.0,GEO_LOCO,GSE18088,fixed_log_expression,svm_rbf
0.01,0.0,GEO_LOCO,GSE18088,fixed_log_expression,svm_rbf
0.02,0.0,GEO_LOCO,GSE18088,fixed_log_expression,svm_rbf
0.03,0.0,GEO_LOCO,GSE18088,fixed_log_expression,svm_rbf
0.04,0.0,GEO_LOCO,GSE18088,fixed_log_expression,svm_rbf
0.05,0.0,GEO_LOCO,GSE18088,fixed_log_expression,svm_rbf
0.06,0.0,GEO_LOCO,GSE18088,fixed_log_expression,svm_rbf
0.07,0.0,GEO_LOCO,GSE18088,fixed_log_expression,svm_rbf
0.08,0.0,GEO_LOCO,GSE18088,fixed_log_expression,svm_rbf
0.09,0.0,GEO_LOCO,GSE18088,fixed_log_expression,svm_rbf
0.1,0.0,GEO_LOCO,GSE18088,fixed_log_expression,svm_rbf
0.11,0.0,GEO_LOCO,GSE18088,fixed_log_expression,svm_rbf
0.12,0.0,GEO_LOCO,GSE18088,fixed_log_expression,svm_rbf
0.13,0.0,GEO_LOCO,GSE18088,fixed_log_expression,svm_rbf
0.14,0.0,GEO_LOCO,GSE18088,fixed_log_expression,svm_rbf
0.15,0.0,GEO_LOCO,GSE18088,fixed_log_expression,svm_rbf
0.16,0.0,GEO_LOCO,GSE18088,fixed_log_expression,svm_rbf
0.17,0.0,GEO_LOCO,GSE18088,fixed_log_expression,svm_rbf
0.18,0.0,GEO_LOCO,GSE18088,fixed_log_expression,svm_rbf
0.19,0.0,GEO_LOCO,GSE18088,fixed_log_expression,svm_rbf
0.2,0.0,GEO_LOCO,GSE18088,fixed_log_expression,svm_rbf
0.21,0.0,GEO_LOCO,GSE18088,fixed_log_expression,svm_rbf
0.22,0.0,GEO_LOCO,GSE18088,fixed_log_expression,svm_rbf
0.23,0.0,GEO_LOCO,GSE18088,fixed_log_expression,svm_rbf
0.24,0.0021821883475589615,GEO_LOCO,GSE18088,fixed_log_expression,svm_rbf
0.25,0.009002406638743169,GEO_LOCO,GSE18088,fixed_log_expression,svm_rbf
0.26,0.0161401288715753,GEO_LOCO,GSE18088,fixed_log_expression,svm_rbf
0.27,0.023713154024790174,GEO_LOCO,GSE18088,fixed_log_expression,svm_rbf
0.28,0.03149014599251739,GEO_LOCO,GSE18088,fixed_log_expression,svm_rbf
0.29,0.03938619892069449,GEO_LOCO,GSE18088,fixed_log_expression,svm_rbf
0.3,0.047726416032165764,GEO_LOCO,GSE18088,fixed_log_expression,svm_rbf
0.31,0.05648290457167235,GEO_LOCO,GSE18088,fixed_log_expression,svm_rbf
0.32,0.06523939311117893,GEO_LOCO,GSE18088,fixed_log_expression,svm_rbf
0.33,0.07399588165068552,GEO_LOCO,GSE18088,fixed_log_expression,svm_rbf
0.34,0.08330941637699704,GEO_LOCO,GSE18088,fixed_log_expression,svm_rbf
0.35000000000000003,0.09308997889962092,GEO_LOCO,GSE18088,fixed_log_expression,svm_rbf
0.36,0.10329795613667594,GEO_LOCO,GSE18088,fixed_log_expression,svm_rbf
0.37,0.11390170706740153,GEO_LOCO,GSE18088,fixed_log_expression,svm_rbf
0.38,0.1252467766589263,GEO_LOCO,GSE18088,fixed_log_expression,svm_rbf
0.39,0.13733448825068634,GEO_LOCO,GSE18088,fixed_log_expression,svm_rbf
0.4,0.1494221998424464,GEO_LOCO,GSE18088,fixed_log_expression,svm_rbf
0.41000000000000003,0.16185484848673373,GEO_LOCO,GSE18088,fixed_log_expression,svm_rbf
0.42,0.17554470942842929,GEO_LOCO,GSE18088,fixed_log_expression,svm_rbf
0.43,0.19094082713221683,GEO_LOCO,GSE18088,fixed_log_expression,svm_rbf
0.44,0.20633694483600434,GEO_LOCO,GSE18088,fixed_log_expression,svm_rbf
0.45,0.221896116852229,GEO_LOCO,GSE18088,fixed_log_expression,svm_rbf
0.46,0.24107263887661332,GEO_LOCO,GSE18088,fixed_log_expression,svm_rbf
0.47000000000000003,0.26053607636719156,GEO_LOCO,GSE18088,fixed_log_expression,svm_rbf
0.48,0.2799995138577697,GEO_LOCO,GSE18088,fixed_log_expression,svm_rbf
0.49,0.299462951348348,GEO_LOCO,GSE18088,fixed_log_expression,svm_rbf
0.5,0.31892638883892627,GEO_LOCO,GSE18088,fixed_log_expression,svm_rbf
0.51,0.33838982632950454,GEO_LOCO,GSE18088,fixed_log_expression,svm_rbf
0.52,0.35688272324528886,GEO_LOCO,GSE18088,fixed_log_expression,svm_rbf
0.53,0.3711006060165109,GEO_LOCO,GSE18088,fixed_log_expression,svm_rbf
0.54,0.38531848878773295,GEO_LOCO,GSE18088,fixed_log_expression,svm_rbf
0.55,0.399536371558955,GEO_LOCO,GSE18088,fixed_log_expression,svm_rbf
0.56,0.41375425433017704,GEO_LOCO,GSE18088,fixed_log_expression,svm_rbf
0.5700000000000001,0.42797213710139903,GEO_LOCO,GSE18088,fixed_log_expression,svm_rbf
0.58,0.44219001987262097,GEO_LOCO,GSE18088,fixed_log_expression,svm_rbf
0.59,0.456407902643843,GEO_LOCO,GSE18088,fixed_log_expression,svm_rbf
0.6,0.47062578541506506,GEO_LOCO,GSE18088,fixed_log_expression,svm_rbf
0.61,0.4848436681862871,GEO_LOCO,GSE18088,fixed_log_expression,svm_rbf
0.62,0.4990615509575091,GEO_LOCO,GSE18088,fixed_log_expression,svm_rbf
0.63,0.5132794337287312,GEO_LOCO,GSE18088,fixed_log_expression,svm_rbf
0.64,0.5274973164999532,GEO_LOCO,GSE18088,fixed_log_expression,svm_rbf
0.65,0.5417151992711753,GEO_LOCO,GSE18088,fixed_log_expression,svm_rbf
0.66,0.5559330820423973,GEO_LOCO,GSE18088,fixed_log_expression,svm_rbf
0.67,0.5701509648136193,GEO_LOCO,GSE18088,fixed_log_expression,svm_rbf
0.68,0.5867038947781442,GEO_LOCO,GSE18088,fixed_log_expression,svm_rbf
0.6900000000000001,0.6039181397978793,GEO_LOCO,GSE18088,fixed_log_expression,svm_rbf
0.7000000000000001,0.6211534046778108,GEO_LOCO,GSE18088,fixed_log_expression,svm_rbf
0.71,0.6385308443822729,GEO_LOCO,GSE18088,fixed_log_expression,svm_rbf
0.72,0.6559082840867352,GEO_LOCO,GSE18088,fixed_log_expression,svm_rbf
0.73,0.6732857237911974,GEO_LOCO,GSE18088,fixed_log_expression,svm_rbf
0.74,0.6906631634956597,GEO_LOCO,GSE18088,fixed_log_expression,svm_rbf
0.75,0.7080406032001221,GEO_LOCO,GSE18088,fixed_log_expression,svm_rbf
0.76,0.7254180429045843,GEO_LOCO,GSE18088,fixed_log_expression,svm_rbf
0.77,0.7424865350938007,GEO_LOCO,GSE18088,fixed_log_expression,svm_rbf
0.78,0.7595239548715815,GEO_LOCO,GSE18088,fixed_log_expression,svm_rbf
0.79,0.7762769103164802,GEO_LOCO,GSE18088,fixed_log_expression,svm_rbf
0.8,0.7928878926118803,GEO_LOCO,GSE18088,fixed_log_expression,svm_rbf
0.81,0.8094988749072807,GEO_LOCO,GSE18088,fixed_log_expression,svm_rbf
0.8200000000000001,0.8261098572026808,GEO_LOCO,GSE18088,fixed_log_expression,svm_rbf
0.8300000000000001,0.8427208394980812,GEO_LOCO,GSE18088,fixed_log_expression,svm_rbf
0.84,0.859113963485017,GEO_LOCO,GSE18088,fixed_log_expression,svm_rbf
0.85,0.875282013100371,GEO_LOCO,GSE18088,fixed_log_expression,svm_rbf
0.86,0.8914354171072693,GEO_LOCO,GSE18088,fixed_log_expression,svm_rbf
0.87,0.9073875516027281,GEO_LOCO,GSE18088,fixed_log_expression,svm_rbf
0.88,0.9232412786249583,GEO_LOCO,GSE18088,fixed_log_expression,svm_rbf
0.89,0.9389709105585784,GEO_LOCO,GSE18088,fixed_log_expression,svm_rbf
0.9,0.9545801387299722,GEO_LOCO,GSE18088,fixed_log_expression,svm_rbf
0.91,0.9701462374921749,GEO_LOCO,GSE18088,fixed_log_expression,svm_rbf
0.92,0.9845347956572134,GEO_LOCO,GSE18088,fixed_log_expression,svm_rbf
0.93,0.9911467496163402,GEO_LOCO,GSE18088,fixed_log_expression,svm_rbf
0.9400000000000001,0.9977587035754671,GEO_LOCO,GSE18088,fixed_log_expression,svm_rbf
0.9500000000000001,1.0,GEO_LOCO,GSE18088,fixed_log_expression,svm_rbf
0.96,1.0,GEO_LOCO,GSE18088,fixed_log_expression,svm_rbf
0.97,1.0,GEO_LOCO,GSE18088,fixed_log_expression,svm_rbf
0.98,1.0,GEO_LOCO,GSE18088,fixed_log_expression,svm_rbf
0.99,1.0,GEO_LOCO,GSE18088,fixed_log_expression,svm_rbf
1.0,1.0,GEO_LOCO,GSE18088,fixed_log_expression,svm_rbf
0.0,0.0,GEO_LOCO,GSE18088,fixed_log_expression,xgboost
0.01,0.0,GEO_LOCO,GSE18088,fixed_log_expression,xgboost
0.02,0.0,GEO_LOCO,GSE18088,fixed_log_expression,xgboost
0.03,0.0,GEO_LOCO,GSE18088,fixed_log_expression,xgboost
0.04,0.0,GEO_LOCO,GSE18088,fixed_log_expression,xgboost
0.05,0.0,GEO_LOCO,GSE18088,fixed_log_expression,xgboost
0.06,0.0,GEO_LOCO,GSE18088,fixed_log_expression,xgboost
0.07,0.0,GEO_LOCO,GSE18088,fixed_log_expression,xgboost
0.08,0.0,GEO_LOCO,GSE18088,fixed_log_expression,xgboost
0.09,0.0,GEO_LOCO,GSE18088,fixed_log_expression,xgboost
0.1,0.0,GEO_LOCO,GSE18088,fixed_log_expression,xgboost
0.11,0.0,GEO_LOCO,GSE18088,fixed_log_expression,xgboost
0.12,0.0,GEO_LOCO,GSE18088,fixed_log_expression,xgboost
0.13,0.0,GEO_LOCO,GSE18088,fixed_log_expression,xgboost
0.14,0.0,GEO_LOCO,GSE18088,fixed_log_expression,xgboost
0.15,0.0,GEO_LOCO,GSE18088,fixed_log_expression,xgboost
0.16,0.0,GEO_LOCO,GSE18088,fixed_log_expression,xgboost
0.17,0.0,GEO_LOCO,GSE18088,fixed_log_expression,xgboost
0.18,0.0,GEO_LOCO,GSE18088,fixed_log_expression,xgboost
0.19,0.0,GEO_LOCO,GSE18088,fixed_log_expression,xgboost
0.2,0.0,GEO_LOCO,GSE18088,fixed_log_expression,xgboost
0.21,0.0,GEO_LOCO,GSE18088,fixed_log_expression,xgboost
0.22,0.0,GEO_LOCO,GSE18088,fixed_log_expression,xgboost
0.23,0.0,GEO_LOCO,GSE18088,fixed_log_expression,xgboost
0.24,0.0,GEO_LOCO,GSE18088,fixed_log_expression,xgboost
0.25,0.0,GEO_LOCO,GSE18088,fixed_log_expression,xgboost
0.26,0.0,GEO_LOCO,GSE18088,fixed_log_expression,xgboost
0.27,0.0,GEO_LOCO,GSE18088,fixed_log_expression,xgboost
0.28,0.0,GEO_LOCO,GSE18088,fixed_log_expression,xgboost
0.29,0.0,GEO_LOCO,GSE18088,fixed_log_expression,xgboost
0.3,0.0,GEO_LOCO,GSE18088,fixed_log_expression,xgboost
0.31,0.0,GEO_LOCO,GSE18088,fixed_log_expression,xgboost
0.32,0.00035648157020723984,GEO_LOCO,GSE18088,fixed_log_expression,xgboost
0.33,0.0007962872145703417,GEO_LOCO,GSE18088,fixed_log_expression,xgboost
0.34,0.0012360928589334435,GEO_LOCO,GSE18088,fixed_log_expression,xgboost
0.35000000000000003,0.0016758985032965454,GEO_LOCO,GSE18088,fixed_log_expression,xgboost
0.36,0.0024288954775417452,GEO_LOCO,GSE18088,fixed_log_expression,xgboost
0.37,0.004252888000871254,GEO_LOCO,GSE18088,fixed_log_expression,xgboost
0.38,0.006076880524200764,GEO_LOCO,GSE18088,fixed_log_expression,xgboost
0.39,0.007900873047530274,GEO_LOCO,GSE18088,fixed_log_expression,xgboost
0.4,0.009735340670422232,GEO_LOCO,GSE18088,fixed_log_expression,xgboost
0.41000000000000003,0.01157081772074885,GEO_LOCO,GSE18088,fixed_log_expression,xgboost
0.42,0.013404767300973737,GEO_LOCO,GSE18088,fixed_log_expression,xgboost
0.43,0.015219498972979514,GEO_LOCO,GSE18088,fixed_log_expression,xgboost
0.44,0.017034230644985292,GEO_LOCO,GSE18088,fixed_log_expression,xgboost
0.45,0.01884896231699107,GEO_LOCO,GSE18088,fixed_log_expression,xgboost
0.46,0.020663693988996847,GEO_LOCO,GSE18088,fixed_log_expression,xgboost
0.47000000000000003,0.022474973591784488,GEO_LOCO,GSE18088,fixed_log_expression,xgboost
0.48,0.024258128365586978,GEO_LOCO,GSE18088,fixed_log_expression,xgboost
0.49,0.02603521896096067,GEO_LOCO,GSE18088,fixed_log_expression,xgboost
0.5,0.027815696620102963,GEO_LOCO,GSE18088,fixed_log_expression,xgboost
0.51,0.030032114384378993,GEO_LOCO,GSE18088,fixed_log_expression,xgboost
0.52,0.0323943704478661,GEO_LOCO,GSE18088,fixed_log_expression,xgboost
0.53,0.034756626511353195,GEO_LOCO,GSE18088,fixed_log_expression,xgboost
0.54,0.0371188825748403,GEO_LOCO,GSE18088,fixed_log_expression,xgboost
0.55,0.039481138638327404,GEO_LOCO,GSE18088,fixed_log_expression,xgboost
0.56,0.0418433947018145,GEO_LOCO,GSE18088,fixed_log_expression,xgboost
0.5700000000000001,0.0442056507653016,GEO_LOCO,GSE18088,fixed_log_expression,xgboost
0.58,0.046567906828788676,GEO_LOCO,GSE18088,fixed_log_expression,xgboost
0.59,0.04893016289227578,GEO_LOCO,GSE18088,fixed_log_expression,xgboost
0.6,0.05129241895576288,GEO_LOCO,GSE18088,fixed_log_expression,xgboost
0.61,0.05365467501924998,GEO_LOCO,GSE18088,fixed_log_expression,xgboost
0.62,0.05601693108273709,GEO_LOCO,GSE18088,fixed_log_expression,xgboost
0.63,0.05890367347201772,GEO_LOCO,GSE18088,fixed_log_expression,xgboost
0.64,0.06200469323853353,GEO_LOCO,GSE18088,fixed_log_expression,xgboost
0.65,0.06510571300504935,GEO_LOCO,GSE18088,fixed_log_expression,xgboost
0.66,0.06827823115873438,GEO_LOCO,GSE18088,fixed_log_expression,xgboost
0.67,0.07162491029330302,GEO_LOCO,GSE18088,fixed_log_expression,xgboost
0.68,0.07519302243592878,GEO_LOCO,GSE18088,fixed_log_expression,xgboost
0.6900000000000001,0.0792632695104807,GEO_LOCO,GSE18088,fixed_log_expression,xgboost
0.7000000000000001,0.08349999942018589,GEO_LOCO,GSE18088,fixed_log_expression,xgboost
0.71,0.08773672932989106,GEO_LOCO,GSE18088,fixed_log_expression,xgboost
0.72,0.09200503394864888,GEO_LOCO,GSE18088,fixed_log_expression,xgboost
0.73,0.09621516584138155,GEO_LOCO,GSE18088,fixed_log_expression,xgboost
0.74,0.10062328081248684,GEO_LOCO,GSE18088,fixed_log_expression,xgboost
0.75,0.10993529237718495,GEO_LOCO,GSE18088,fixed_log_expression,xgboost
0.76,0.11926563276016033,GEO_LOCO,GSE18088,fixed_log_expression,xgboost
0.77,0.1473097680615897,GEO_LOCO,GSE18088,fixed_log_expression,xgboost
0.78,0.17535390336301906,GEO_LOCO,GSE18088,fixed_log_expression,xgboost
0.79,0.20339803866444844,GEO_LOCO,GSE18088,fixed_log_expression,xgboost
0.8,0.23144217396587782,GEO_LOCO,GSE18088,fixed_log_expression,xgboost
0.81,0.25971518811448063,GEO_LOCO,GSE18088,fixed_log_expression,xgboost
0.8200000000000001,0.2915915035092847,GEO_LOCO,GSE18088,fixed_log_expression,xgboost
0.8300000000000001,0.32383660486240484,GEO_LOCO,GSE18088,fixed_log_expression,xgboost
0.84,0.3565209147489623,GEO_LOCO,GSE18088,fixed_log_expression,xgboost
0.85,0.38939669048694203,GEO_LOCO,GSE18088,fixed_log_expression,xgboost
0.86,0.42290260451828765,GEO_LOCO,GSE18088,fixed_log_expression,xgboost
0.87,0.4564085185496332,GEO_LOCO,GSE18088,fixed_log_expression,xgboost
0.88,0.49055552654497114,GEO_LOCO,GSE18088,fixed_log_expression,xgboost
0.89,0.5248782981841239,GEO_LOCO,GSE18088,fixed_log_expression,xgboost
0.9,0.5601534429876791,GEO_LOCO,GSE18088,fixed_log_expression,xgboost
0.91,0.5954285877912343,GEO_LOCO,GSE18088,fixed_log_expression,xgboost
0.92,0.6307037325947895,GEO_LOCO,GSE18088,fixed_log_expression,xgboost
0.93,0.6669973468934042,GEO_LOCO,GSE18088,fixed_log_expression,xgboost
0.9400000000000001,0.70350854646737,GEO_LOCO,GSE18088,fixed_log_expression,xgboost
0.9500000000000001,0.7402032562448124,GEO_LOCO,GSE18088,fixed_log_expression,xgboost
0.96,0.7776177189130035,GEO_LOCO,GSE18088,fixed_log_expression,xgboost
0.97,0.815492972185114,GEO_LOCO,GSE18088,fixed_log_expression,xgboost
0.98,0.8537748120272773,GEO_LOCO,GSE18088,fixed_log_expression,xgboost
0.99,0.8925312670606302,GEO_LOCO,GSE18088,fixed_log_expression,xgboost
1.0,0.9097687601821597,GEO_LOCO,GSE18088,fixed_log_expression,xgboost
0.0,0.0,GEO_LOCO,GSE18088,single_sample_rank,elastic_net
0.01,0.0029274545864565894,GEO_LOCO,GSE18088,single_sample_rank,elastic_net
0.02,0.010222218876564238,GEO_LOCO,GSE18088,single_sample_rank,elastic_net
0.03,0.017548389949565958,GEO_LOCO,GSE18088,single_sample_rank,elastic_net
0.04,0.024913244757791244,GEO_LOCO,GSE18088,single_sample_rank,elastic_net
0.05,0.03231618064259023,GEO_LOCO,GSE18088,single_sample_rank,elastic_net
0.06,0.039755271067810176,GEO_LOCO,GSE18088,single_sample_rank,elastic_net
0.07,0.047266319699136715,GEO_LOCO,GSE18088,single_sample_rank,elastic_net
0.08,0.05478707252586585,GEO_LOCO,GSE18088,single_sample_rank,elastic_net
0.09,0.062336880106345756,GEO_LOCO,GSE18088,single_sample_rank,elastic_net
0.1,0.06997133003230635,GEO_LOCO,GSE18088,single_sample_rank,elastic_net
0.11,0.07767701547047867,GEO_LOCO,GSE18088,single_sample_rank,elastic_net
0.12,0.085382700908651,GEO_LOCO,GSE18088,single_sample_rank,elastic_net
0.13,0.09308838634682334,GEO_LOCO,GSE18088,single_sample_rank,elastic_net
0.14,0.10088092195817286,GEO_LOCO,GSE18088,single_sample_rank,elastic_net
0.15,0.10873043097574035,GEO_LOCO,GSE18088,single_sample_rank,elastic_net
0.16,0.11665363004112002,GEO_LOCO,GSE18088,single_sample_rank,elastic_net
0.17,0.1247246947999518,GEO_LOCO,GSE18088,single_sample_rank,elastic_net
0.18,0.13279575955878356,GEO_LOCO,GSE18088,single_sample_rank,elastic_net
0.19,0.14086682431761532,GEO_LOCO,GSE18088,single_sample_rank,elastic_net
0.2,0.14893788907644712,GEO_LOCO,GSE18088,single_sample_rank,elastic_net
0.21,0.15700895383527885,GEO_LOCO,GSE18088,single_sample_rank,elastic_net
0.22,0.16508001859411064,GEO_LOCO,GSE18088,single_sample_rank,elastic_net
0.23,0.17315108335294244,GEO_LOCO,GSE18088,single_sample_rank,elastic_net
0.24,0.18122214811177417,GEO_LOCO,GSE18088,single_sample_rank,elastic_net
0.25,0.18946133656065225,GEO_LOCO,GSE18088,single_sample_rank,elastic_net
0.26,0.1977570060094294,GEO_LOCO,GSE18088,single_sample_rank,elastic_net
0.27,0.20605267545820655,GEO_LOCO,GSE18088,single_sample_rank,elastic_net
0.28,0.21434834490698368,GEO_LOCO,GSE18088,single_sample_rank,elastic_net
0.29,0.22264401435576078,GEO_LOCO,GSE18088,single_sample_rank,elastic_net
0.3,0.23093968380453792,GEO_LOCO,GSE18088,single_sample_rank,elastic_net
0.31,0.24126448984067891,GEO_LOCO,GSE18088,single_sample_rank,elastic_net
0.32,0.2519962500805062,GEO_LOCO,GSE18088,single_sample_rank,elastic_net
0.33,0.26272801032033344,GEO_LOCO,GSE18088,single_sample_rank,elastic_net
0.34,0.27345977056016074,GEO_LOCO,GSE18088,single_sample_rank,elastic_net
0.35000000000000003,0.284191530799988,GEO_LOCO,GSE18088,single_sample_rank,elastic_net
0.36,0.2949232910398152,GEO_LOCO,GSE18088,single_sample_rank,elastic_net
0.37,0.3056550512796425,GEO_LOCO,GSE18088,single_sample_rank,elastic_net
0.38,0.31638681151946974,GEO_LOCO,GSE18088,single_sample_rank,elastic_net
0.39,0.32711857175929704,GEO_LOCO,GSE18088,single_sample_rank,elastic_net
0.4,0.3378503319991243,GEO_LOCO,GSE18088,single_sample_rank,elastic_net
0.41000000000000003,0.34858209223895154,GEO_LOCO,GSE18088,single_sample_rank,elastic_net
0.42,0.3593138524787788,GEO_LOCO,GSE18088,single_sample_rank,elastic_net
0.43,0.37004561271860603,GEO_LOCO,GSE18088,single_sample_rank,elastic_net
0.44,0.3807773729584333,GEO_LOCO,GSE18088,single_sample_rank,elastic_net
0.45,0.3915091331982606,GEO_LOCO,GSE18088,single_sample_rank,elastic_net
0.46,0.40224089343808783,GEO_LOCO,GSE18088,single_sample_rank,elastic_net
0.47000000000000003,0.41297265367791514,GEO_LOCO,GSE18088,single_sample_rank,elastic_net
0.48,0.42370441391774233,GEO_LOCO,GSE18088,single_sample_rank,elastic_net
0.49,0.4344361741575696,GEO_LOCO,GSE18088,single_sample_rank,elastic_net
0.5,0.4451679343973969,GEO_LOCO,GSE18088,single_sample_rank,elastic_net
0.51,0.45589969463722413,GEO_LOCO,GSE18088,single_sample_rank,elastic_net
0.52,0.4668210480005107,GEO_LOCO,GSE18088,single_sample_rank,elastic_net
0.53,0.47784334060493855,GEO_LOCO,GSE18088,single_sample_rank,elastic_net
0.54,0.4888656332093664,GEO_LOCO,GSE18088,single_sample_rank,elastic_net
0.55,0.5002784051036799,GEO_LOCO,GSE18088,single_sample_rank,elastic_net
0.56,0.5126213141135075,GEO_LOCO,GSE18088,single_sample_rank,elastic_net
0.5700000000000001,0.5249642231233352,GEO_LOCO,GSE18088,single_sample_rank,elastic_net
0.58,0.5373071321331627,GEO_LOCO,GSE18088,single_sample_rank,elastic_net
0.59,0.5496500411429904,GEO_LOCO,GSE18088,single_sample_rank,elastic_net
0.6,0.561992950152818,GEO_LOCO,GSE18088,single_sample_rank,elastic_net
0.61,0.5743358591626457,GEO_LOCO,GSE18088,single_sample_rank,elastic_net
0.62,0.5866787681724733,GEO_LOCO,GSE18088,single_sample_rank,elastic_net
0.63,0.599021677182301,GEO_LOCO,GSE18088,single_sample_rank,elastic_net
0.64,0.6113645861921286,GEO_LOCO,GSE18088,single_sample_rank,elastic_net
0.65,0.6237074952019563,GEO_LOCO,GSE18088,single_sample_rank,elastic_net
0.66,0.6360504042117839,GEO_LOCO,GSE18088,single_sample_rank,elastic_net
0.67,0.6483933132216116,GEO_LOCO,GSE18088,single_sample_rank,elastic_net
0.68,0.6607362222314392,GEO_LOCO,GSE18088,single_sample_rank,elastic_net
0.6900000000000001,0.673079131241267,GEO_LOCO,GSE18088,single_sample_rank,elastic_net
0.7000000000000001,0.6854220402510945,GEO_LOCO,GSE18088,single_sample_rank,elastic_net
0.71,0.6977649492609221,GEO_LOCO,GSE18088,single_sample_rank,elastic_net
0.72,0.7101078582707497,GEO_LOCO,GSE18088,single_sample_rank,elastic_net
0.73,0.7224507672805774,GEO_LOCO,GSE18088,single_sample_rank,elastic_net
0.74,0.734793676290405,GEO_LOCO,GSE18088,single_sample_rank,elastic_net
0.75,0.7471365853002327,GEO_LOCO,GSE18088,single_sample_rank,elastic_net
0.76,0.7594794943100603,GEO_LOCO,GSE18088,single_sample_rank,elastic_net
0.77,0.7718224033198879,GEO_LOCO,GSE18088,single_sample_rank,elastic_net
0.78,0.7841653123297156,GEO_LOCO,GSE18088,single_sample_rank,elastic_net
0.79,0.7965082213395434,GEO_LOCO,GSE18088,single_sample_rank,elastic_net
0.8,0.8088511303493711,GEO_LOCO,GSE18088,single_sample_rank,elastic_net
0.81,0.8211940393591987,GEO_LOCO,GSE18088,single_sample_rank,elastic_net
0.8200000000000001,0.8335369483690263,GEO_LOCO,GSE18088,single_sample_rank,elastic_net
0.8300000000000001,0.845879857378854,GEO_LOCO,GSE18088,single_sample_rank,elastic_net
0.84,0.8581349326845312,GEO_LOCO,GSE18088,single_sample_rank,elastic_net
0.85,0.8702609912111334,GEO_LOCO,GSE18088,single_sample_rank,elastic_net
0.86,0.882380741811207,GEO_LOCO,GSE18088,single_sample_rank,elastic_net
0.87,0.8945004924112805,GEO_LOCO,GSE18088,single_sample_rank,elastic_net
0.88,0.906620243011354,GEO_LOCO,GSE18088,single_sample_rank,elastic_net
0.89,0.9187399936114276,GEO_LOCO,GSE18088,single_sample_rank,elastic_net
0.9,0.930859744211501,GEO_LOCO,GSE18088,single_sample_rank,elastic_net
0.91,0.9429794948115745,GEO_LOCO,GSE18088,single_sample_rank,elastic_net
0.92,0.955099245411648,GEO_LOCO,GSE18088,single_sample_rank,elastic_net
0.93,0.9671931103692525,GEO_LOCO,GSE18088,single_sample_rank,elastic_net
0.9400000000000001,0.9783666880439316,GEO_LOCO,GSE18088,single_sample_rank,elastic_net
0.9500000000000001,0.988055396940623,GEO_LOCO,GSE18088,single_sample_rank,elastic_net
0.96,0.9977441058373144,GEO_LOCO,GSE18088,single_sample_rank,elastic_net
0.97,1.0,GEO_LOCO,GSE18088,single_sample_rank,elastic_net
0.98,1.0,GEO_LOCO,GSE18088,single_sample_rank,elastic_net
0.99,1.0,GEO_LOCO,GSE18088,single_sample_rank,elastic_net
1.0,1.0,GEO_LOCO,GSE18088,single_sample_rank,elastic_net
0.0,0.01661834832972939,GEO_LOCO,GSE18088,single_sample_rank,svm_rbf
0.01,0.023368252377674713,GEO_LOCO,GSE18088,single_sample_rank,svm_rbf
0.02,0.03182296482869414,GEO_LOCO,GSE18088,single_sample_rank,svm_rbf
0.03,0.04035258480399551,GEO_LOCO,GSE18088,single_sample_rank,svm_rbf
0.04,0.0489499088172938,GEO_LOCO,GSE18088,single_sample_rank,svm_rbf
0.05,0.05763416232177556,GEO_LOCO,GSE18088,single_sample_rank,svm_rbf
0.06,0.06635601981100751,GEO_LOCO,GSE18088,single_sample_rank,svm_rbf
0.07,0.07531194683951661,GEO_LOCO,GSE18088,single_sample_rank,svm_rbf
0.08,0.08426821845827442,GEO_LOCO,GSE18088,single_sample_rank,svm_rbf
0.09,0.09322449007703222,GEO_LOCO,GSE18088,single_sample_rank,svm_rbf
0.1,0.10218076169579005,GEO_LOCO,GSE18088,single_sample_rank,svm_rbf
0.11,0.1111656582123683,GEO_LOCO,GSE18088,single_sample_rank,svm_rbf
0.12,0.12067742908820697,GEO_LOCO,GSE18088,single_sample_rank,svm_rbf
0.13,0.13018919996404565,GEO_LOCO,GSE18088,single_sample_rank,svm_rbf
0.14,0.13970097083988434,GEO_LOCO,GSE18088,single_sample_rank,svm_rbf
0.15,0.149212741715723,GEO_LOCO,GSE18088,single_sample_rank,svm_rbf
0.16,0.15872451259156167,GEO_LOCO,GSE18088,single_sample_rank,svm_rbf
0.17,0.16823628346740035,GEO_LOCO,GSE18088,single_sample_rank,svm_rbf
0.18,0.177748054343239,GEO_LOCO,GSE18088,single_sample_rank,svm_rbf
0.19,0.1872598252190777,GEO_LOCO,GSE18088,single_sample_rank,svm_rbf
0.2,0.19677159609491637,GEO_LOCO,GSE18088,single_sample_rank,svm_rbf
0.21,0.20705453229947593,GEO_LOCO,GSE18088,single_sample_rank,svm_rbf
0.22,0.21853188944912494,GEO_LOCO,GSE18088,single_sample_rank,svm_rbf
0.23,0.23000924659877395,GEO_LOCO,GSE18088,single_sample_rank,svm_rbf
0.24,0.2414866037484229,GEO_LOCO,GSE18088,single_sample_rank,svm_rbf
0.25,0.25296396089807194,GEO_LOCO,GSE18088,single_sample_rank,svm_rbf
0.26,0.2644413180477209,GEO_LOCO,GSE18088,single_sample_rank,svm_rbf
0.27,0.2759186751973699,GEO_LOCO,GSE18088,single_sample_rank,svm_rbf
0.28,0.28739603234701894,GEO_LOCO,GSE18088,single_sample_rank,svm_rbf
0.29,0.29887338949666786,GEO_LOCO,GSE18088,single_sample_rank,svm_rbf
0.3,0.3103507466463169,GEO_LOCO,GSE18088,single_sample_rank,svm_rbf
0.31,0.3218281037959659,GEO_LOCO,GSE18088,single_sample_rank,svm_rbf
0.32,0.33330546094561486,GEO_LOCO,GSE18088,single_sample_rank,svm_rbf
0.33,0.3447828180952639,GEO_LOCO,GSE18088,single_sample_rank,svm_rbf
0.34,0.35626017524491294,GEO_LOCO,GSE18088,single_sample_rank,svm_rbf
0.35000000000000003,0.3677375323945619,GEO_LOCO,GSE18088,single_sample_rank,svm_rbf
0.36,0.37921488954421084,GEO_LOCO,GSE18088,single_sample_rank,svm_rbf
0.37,0.3906922466938598,GEO_LOCO,GSE18088,single_sample_rank,svm_rbf
0.38,0.40216960384350886,GEO_LOCO,GSE18088,single_sample_rank,svm_rbf
0.39,0.4136469609931579,GEO_LOCO,GSE18088,single_sample_rank,svm_rbf
0.4,0.4251243181428069,GEO_LOCO,GSE18088,single_sample_rank,svm_rbf
0.41000000000000003,0.43660167529245586,GEO_LOCO,GSE18088,single_sample_rank,svm_rbf
0.42,0.4480790324421048,GEO_LOCO,GSE18088,single_sample_rank,svm_rbf
0.43,0.4595563895917538,GEO_LOCO,GSE18088,single_sample_rank,svm_rbf
0.44,0.4710337467414028,GEO_LOCO,GSE18088,single_sample_rank,svm_rbf
0.45,0.4841469971811173,GEO_LOCO,GSE18088,single_sample_rank,svm_rbf
0.46,0.49757360620103747,GEO_LOCO,GSE18088,single_sample_rank,svm_rbf
0.47000000000000003,0.5086086476173451,GEO_LOCO,GSE18088,single_sample_rank,svm_rbf
0.48,0.5195293020000806,GEO_LOCO,GSE18088,single_sample_rank,svm_rbf
0.49,0.5304499563828161,GEO_LOCO,GSE18088,single_sample_rank,svm_rbf
0.5,0.5413706107655516,GEO_LOCO,GSE18088,single_sample_rank,svm_rbf
0.51,0.5522912651482871,GEO_LOCO,GSE18088,single_sample_rank,svm_rbf
0.52,0.5632119195310226,GEO_LOCO,GSE18088,single_sample_rank,svm_rbf
0.53,0.5741325739137582,GEO_LOCO,GSE18088,single_sample_rank,svm_rbf
0.54,0.5850532282964936,GEO_LOCO,GSE18088,single_sample_rank,svm_rbf
0.55,0.5959738826792291,GEO_LOCO,GSE18088,single_sample_rank,svm_rbf
0.56,0.6068945370619646,GEO_LOCO,GSE18088,single_sample_rank,svm_rbf
0.5700000000000001,0.6178151914447001,GEO_LOCO,GSE18088,single_sample_rank,svm_rbf
0.58,0.6287358458274355,GEO_LOCO,GSE18088,single_sample_rank,svm_rbf
0.59,0.6396565002101711,GEO_LOCO,GSE18088,single_sample_rank,svm_rbf
0.6,0.6505771545929065,GEO_LOCO,GSE18088,single_sample_rank,svm_rbf
0.61,0.661497808975642,GEO_LOCO,GSE18088,single_sample_rank,svm_rbf
0.62,0.6724184633583775,GEO_LOCO,GSE18088,single_sample_rank,svm_rbf
0.63,0.683339117741113,GEO_LOCO,GSE18088,single_sample_rank,svm_rbf
0.64,0.6942597721238485,GEO_LOCO,GSE18088,single_sample_rank,svm_rbf
0.65,0.705180426506584,GEO_LOCO,GSE18088,single_sample_rank,svm_rbf
0.66,0.7161010808893196,GEO_LOCO,GSE18088,single_sample_rank,svm_rbf
0.67,0.727021735272055,GEO_LOCO,GSE18088,single_sample_rank,svm_rbf
0.68,0.7379423896547905,GEO_LOCO,GSE18088,single_sample_rank,svm_rbf
0.6900000000000001,0.748863044037526,GEO_LOCO,GSE18088,single_sample_rank,svm_rbf
0.7000000000000001,0.7597836984202615,GEO_LOCO,GSE18088,single_sample_rank,svm_rbf
0.71,0.7707043528029969,GEO_LOCO,GSE18088,single_sample_rank,svm_rbf
0.72,0.7816250071857325,GEO_LOCO,GSE18088,single_sample_rank,svm_rbf
0.73,0.792545661568468,GEO_LOCO,GSE18088,single_sample_rank,svm_rbf
0.74,0.8034663159512034,GEO_LOCO,GSE18088,single_sample_rank,svm_rbf
0.75,0.8143869703339389,GEO_LOCO,GSE18088,single_sample_rank,svm_rbf
0.76,0.8253076247166744,GEO_LOCO,GSE18088,single_sample_rank,svm_rbf
0.77,0.8360646713944637,GEO_LOCO,GSE18088,single_sample_rank,svm_rbf
0.78,0.8461462536001766,GEO_LOCO,GSE18088,single_sample_rank,svm_rbf
0.79,0.8561305230943211,GEO_LOCO,GSE18088,single_sample_rank,svm_rbf
0.8,0.8659685209285548,GEO_LOCO,GSE18088,single_sample_rank,svm_rbf
0.81,0.8758065187627885,GEO_LOCO,GSE18088,single_sample_rank,svm_rbf
0.8200000000000001,0.8856445165970221,GEO_LOCO,GSE18088,single_sample_rank,svm_rbf
0.8300000000000001,0.8954825144312558,GEO_LOCO,GSE18088,single_sample_rank,svm_rbf
0.84,0.9053205122654895,GEO_LOCO,GSE18088,single_sample_rank,svm_rbf
0.85,0.914968921179476,GEO_LOCO,GSE18088,single_sample_rank,svm_rbf
0.86,0.9244039598239897,GEO_LOCO,GSE18088,single_sample_rank,svm_rbf
0.87,0.9338389984685033,GEO_LOCO,GSE18088,single_sample_rank,svm_rbf
0.88,0.9432740371130169,GEO_LOCO,GSE18088,single_sample_rank,svm_rbf
0.89,0.9527090757575305,GEO_LOCO,GSE18088,single_sample_rank,svm_rbf
0.9,0.9621441144020442,GEO_LOCO,GSE18088,single_sample_rank,svm_rbf
0.91,0.9715791530465577,GEO_LOCO,GSE18088,single_sample_rank,svm_rbf
0.92,0.9808302594181347,GEO_LOCO,GSE18088,single_sample_rank,svm_rbf
0.93,0.9899709814523079,GEO_LOCO,GSE18088,single_sample_rank,svm_rbf
0.9400000000000001,0.997480781405914,GEO_LOCO,GSE18088,single_sample_rank,svm_rbf
0.9500000000000001,0.9987554884400932,GEO_LOCO,GSE18088,single_sample_rank,svm_rbf
0.96,1.0,GEO_LOCO,GSE18088,single_sample_rank,svm_rbf
0.97,1.0,GEO_LOCO,GSE18088,single_sample_rank,svm_rbf
0.98,1.0,GEO_LOCO,GSE18088,single_sample_rank,svm_rbf
0.99,1.0,GEO_LOCO,GSE18088,single_sample_rank,svm_rbf
1.0,1.0,GEO_LOCO,GSE18088,single_sample_rank,svm_rbf
0.0,0.015683288979398857,GEO_LOCO,GSE18088,single_sample_rank,xgboost
0.01,0.01673022977931833,GEO_LOCO,GSE18088,single_sample_rank,xgboost
0.02,0.029959010902569173,GEO_LOCO,GSE18088,single_sample_rank,xgboost
0.03,0.04316487932549852,GEO_LOCO,GSE18088,single_sample_rank,xgboost
0.04,0.056347973276156677,GEO_LOCO,GSE18088,single_sample_rank,xgboost
0.05,0.06951139768210751,GEO_LOCO,GSE18088,single_sample_rank,xgboost
0.06,0.08264376098231138,GEO_LOCO,GSE18088,single_sample_rank,xgboost
0.07,0.09575883774155931,GEO_LOCO,GSE18088,single_sample_rank,xgboost
0.08,0.10887391450080722,GEO_LOCO,GSE18088,single_sample_rank,xgboost
0.09,0.12195344067842535,GEO_LOCO,GSE18088,single_sample_rank,xgboost
0.1,0.13499075849453399,GEO_LOCO,GSE18088,single_sample_rank,xgboost
0.11,0.1480280763106426,GEO_LOCO,GSE18088,single_sample_rank,xgboost
0.12,0.1610653941267512,GEO_LOCO,GSE18088,single_sample_rank,xgboost
0.13,0.17410271194285984,GEO_LOCO,GSE18088,single_sample_rank,xgboost
0.14,0.18714002975896848,GEO_LOCO,GSE18088,single_sample_rank,xgboost
0.15,0.20014193420457893,GEO_LOCO,GSE18088,single_sample_rank,xgboost
0.16,0.2131137018874326,GEO_LOCO,GSE18088,single_sample_rank,xgboost
0.17,0.22601677976547752,GEO_LOCO,GSE18088,single_sample_rank,xgboost
0.18,0.2389171830698039,GEO_LOCO,GSE18088,single_sample_rank,xgboost
0.19,0.25075213947039066,GEO_LOCO,GSE18088,single_sample_rank,xgboost
0.2,0.2605311740421349,GEO_LOCO,GSE18088,single_sample_rank,xgboost
0.21,0.27031020861387905,GEO_LOCO,GSE18088,single_sample_rank,xgboost
0.22,0.28008924318562334,GEO_LOCO,GSE18088,single_sample_rank,xgboost
0.23,0.28986827775736757,GEO_LOCO,GSE18088,single_sample_rank,xgboost
0.24,0.29964731232911174,GEO_LOCO,GSE18088,single_sample_rank,xgboost
0.25,0.309426346900856,GEO_LOCO,GSE18088,single_sample_rank,xgboost
0.26,0.31920538147260025,GEO_LOCO,GSE18088,single_sample_rank,xgboost
0.27,0.3289844160443445,GEO_LOCO,GSE18088,single_sample_rank,xgboost
0.28,0.3387634506160887,GEO_LOCO,GSE18088,single_sample_rank,xgboost
0.29,0.3485424851878329,GEO_LOCO,GSE18088,single_sample_rank,xgboost
0.3,0.3583215197595771,GEO_LOCO,GSE18088,single_sample_rank,xgboost
0.31,0.3681005543313214,GEO_LOCO,GSE18088,single_sample_rank,xgboost
0.32,0.3778795889030656,GEO_LOCO,GSE18088,single_sample_rank,xgboost
0.33,0.38765862347480984,GEO_LOCO,GSE18088,single_sample_rank,xgboost
0.34,0.39743765804655407,GEO_LOCO,GSE18088,single_sample_rank,xgboost
0.35000000000000003,0.4072166926182983,GEO_LOCO,GSE18088,single_sample_rank,xgboost
0.36,0.41699572719004246,GEO_LOCO,GSE18088,single_sample_rank,xgboost
0.37,0.42677476176178675,GEO_LOCO,GSE18088,single_sample_rank,xgboost
0.38,0.436553796333531,GEO_LOCO,GSE18088,single_sample_rank,xgboost
0.39,0.4463328309052752,GEO_LOCO,GSE18088,single_sample_rank,xgboost
0.4,0.45611186547701943,GEO_LOCO,GSE18088,single_sample_rank,xgboost
0.41000000000000003,0.46589090004876366,GEO_LOCO,GSE18088,single_sample_rank,xgboost
0.42,0.47566993462050783,GEO_LOCO,GSE18088,single_sample_rank,xgboost
0.43,0.4854489691922521,GEO_LOCO,GSE18088,single_sample_rank,xgboost
0.44,0.49522800376399634,GEO_LOCO,GSE18088,single_sample_rank,xgboost
0.45,0.5050070383357406,GEO_LOCO,GSE18088,single_sample_rank,xgboost
0.46,0.5147860729074848,GEO_LOCO,GSE18088,single_sample_rank,xgboost
0.47000000000000003,0.524565107479229,GEO_LOCO,GSE18088,single_sample_rank,xgboost
0.48,0.5343441420509731,GEO_LOCO,GSE18088,single_sample_rank,xgboost
0.49,0.5441231766227175,GEO_LOCO,GSE18088,single_sample_rank,xgboost
0.5,0.5539022111944616,GEO_LOCO,GSE18088,single_sample_rank,xgboost
0.51,0.5636812457662059,GEO_LOCO,GSE18088,single_sample_rank,xgboost
0.52,0.5734602803379502,GEO_LOCO,GSE18088,single_sample_rank,xgboost
0.53,0.5832393149096944,GEO_LOCO,GSE18088,single_sample_rank,xgboost
0.54,0.5930183494814386,GEO_LOCO,GSE18088,single_sample_rank,xgboost
0.55,0.6027973840531828,GEO_LOCO,GSE18088,single_sample_rank,xgboost
0.56,0.6125764186249271,GEO_LOCO,GSE18088,single_sample_rank,xgboost
0.5700000000000001,0.6223554531966713,GEO_LOCO,GSE18088,single_sample_rank,xgboost
0.58,0.6321344877684154,GEO_LOCO,GSE18088,single_sample_rank,xgboost
0.59,0.6419135223401597,GEO_LOCO,GSE18088,single_sample_rank,xgboost
0.6,0.6516925569119039,GEO_LOCO,GSE18088,single_sample_rank,xgboost
0.61,0.6614715914836482,GEO_LOCO,GSE18088,single_sample_rank,xgboost
0.62,0.6712506260553923,GEO_LOCO,GSE18088,single_sample_rank,xgboost
0.63,0.6810296606271367,GEO_LOCO,GSE18088,single_sample_rank,xgboost
0.64,0.6908086951988809,GEO_LOCO,GSE18088,single_sample_rank,xgboost
0.65,0.7005877297706251,GEO_LOCO,GSE18088,single_sample_rank,xgboost
0.66,0.7103667643423693,GEO_LOCO,GSE18088,single_sample_rank,xgboost
0.67,0.7201457989141136,GEO_LOCO,GSE18088,single_sample_rank,xgboost
0.68,0.7299248334858578,GEO_LOCO,GSE18088,single_sample_rank,xgboost
0.6900000000000001,0.739703868057602,GEO_LOCO,GSE18088,single_sample_rank,xgboost
0.7000000000000001,0.7494829026293464,GEO_LOCO,GSE18088,single_sample_rank,xgboost
0.71,0.7592619372010905,GEO_LOCO,GSE18088,single_sample_rank,xgboost
0.72,0.7690409717728346,GEO_LOCO,GSE18088,single_sample_rank,xgboost
0.73,0.7788200063445789,GEO_LOCO,GSE18088,single_sample_rank,xgboost
0.74,0.788599040916323,GEO_LOCO,GSE18088,single_sample_rank,xgboost
0.75,0.7983780754880674,GEO_LOCO,GSE18088,single_sample_rank,xgboost
0.76,0.8081571100598115,GEO_LOCO,GSE18088,single_sample_rank,xgboost
0.77,0.8179361446315558,GEO_LOCO,GSE18088,single_sample_rank,xgboost
0.78,0.8277151792033,GEO_LOCO,GSE18088,single_sample_rank,xgboost
0.79,0.8374942137750443,GEO_LOCO,GSE18088,single_sample_rank,xgboost
0.8,0.8472732483467886,GEO_LOCO,GSE18088,single_sample_rank,xgboost
0.81,0.8570522829185327,GEO_LOCO,GSE18088,single_sample_rank,xgboost
0.8200000000000001,0.8668313174902771,GEO_LOCO,GSE18088,single_sample_rank,xgboost
0.8300000000000001,0.8766103520620212,GEO_LOCO,GSE18088,single_sample_rank,xgboost
0.84,0.8863893866337653,GEO_LOCO,GSE18088,single_sample_rank,xgboost
0.85,0.8961684212055097,GEO_LOCO,GSE18088,single_sample_rank,xgboost
0.86,0.9059141285487489,GEO_LOCO,GSE18088,single_sample_rank,xgboost
0.87,0.915444023482004,GEO_LOCO,GSE18088,single_sample_rank,xgboost
0.88,0.9249739184152591,GEO_LOCO,GSE18088,single_sample_rank,xgboost
0.89,0.9345038133485143,GEO_LOCO,GSE18088,single_sample_rank,xgboost
0.9,0.9439567420622105,GEO_LOCO,GSE18088,single_sample_rank,xgboost
0.91,0.953364856604547,GEO_LOCO,GSE18088,single_sample_rank,xgboost
0.92,0.9626554678198779,GEO_LOCO,GSE18088,single_sample_rank,xgboost
0.93,0.9719172179108002,GEO_LOCO,GSE18088,single_sample_rank,xgboost
0.9400000000000001,0.9811789680017227,GEO_LOCO,GSE18088,single_sample_rank,xgboost
0.9500000000000001,0.990440718092645,GEO_LOCO,GSE18088,single_sample_rank,xgboost
0.96,0.998176502506681,GEO_LOCO,GSE18088,single_sample_rank,xgboost
0.97,1.0,GEO_LOCO,GSE18088,single_sample_rank,xgboost
0.98,1.0,GEO_LOCO,GSE18088,single_sample_rank,xgboost
0.99,1.0,GEO_LOCO,GSE18088,single_sample_rank,xgboost
1.0,1.0,GEO_LOCO,GSE18088,single_sample_rank,xgboost
0.0,0.03172328840806399,GEO_LOCO,GSE18088,target_cohort_adaptive_zscore,elastic_net
0.01,0.053649250237099634,GEO_LOCO,GSE18088,target_cohort_adaptive_zscore,elastic_net
0.02,0.07526873087795012,GEO_LOCO,GSE18088,target_cohort_adaptive_zscore,elastic_net
0.03,0.09669065659717896,GEO_LOCO,GSE18088,target_cohort_adaptive_zscore,elastic_net
0.04,0.11776450792263522,GEO_LOCO,GSE18088,target_cohort_adaptive_zscore,elastic_net
0.05,0.1370455223237157,GEO_LOCO,GSE18088,target_cohort_adaptive_zscore,elastic_net
0.06,0.15590001705386586,GEO_LOCO,GSE18088,target_cohort_adaptive_zscore,elastic_net
0.07,0.17475451178401605,GEO_LOCO,GSE18088,target_cohort_adaptive_zscore,elastic_net
0.08,0.19360900651416618,GEO_LOCO,GSE18088,target_cohort_adaptive_zscore,elastic_net
0.09,0.21246350124431634,GEO_LOCO,GSE18088,target_cohort_adaptive_zscore,elastic_net
0.1,0.23131799597446653,GEO_LOCO,GSE18088,target_cohort_adaptive_zscore,elastic_net
0.11,0.25017249070461667,GEO_LOCO,GSE18088,target_cohort_adaptive_zscore,elastic_net
0.12,0.26902698543476683,GEO_LOCO,GSE18088,target_cohort_adaptive_zscore,elastic_net
0.13,0.287881480164917,GEO_LOCO,GSE18088,target_cohort_adaptive_zscore,elastic_net
0.14,0.3067359748950672,GEO_LOCO,GSE18088,target_cohort_adaptive_zscore,elastic_net
0.15,0.3255904696252173,GEO_LOCO,GSE18088,target_cohort_adaptive_zscore,elastic_net
0.16,0.34444496435536753,GEO_LOCO,GSE18088,target_cohort_adaptive_zscore,elastic_net
0.17,0.3632994590855177,GEO_LOCO,GSE18088,target_cohort_adaptive_zscore,elastic_net
0.18,0.38209217813838975,GEO_LOCO,GSE18088,target_cohort_adaptive_zscore,elastic_net
0.19,0.39144586726902264,GEO_LOCO,GSE18088,target_cohort_adaptive_zscore,elastic_net
0.2,0.4007995563996556,GEO_LOCO,GSE18088,target_cohort_adaptive_zscore,elastic_net
0.21,0.4101532455302884,GEO_LOCO,GSE18088,target_cohort_adaptive_zscore,elastic_net
0.22,0.41950693466092137,GEO_LOCO,GSE18088,target_cohort_adaptive_zscore,elastic_net
0.23,0.42886062379155426,GEO_LOCO,GSE18088,target_cohort_adaptive_zscore,elastic_net
0.24,0.43821431292218715,GEO_LOCO,GSE18088,target_cohort_adaptive_zscore,elastic_net
0.25,0.4475680020528201,GEO_LOCO,GSE18088,target_cohort_adaptive_zscore,elastic_net
0.26,0.456921691183453,GEO_LOCO,GSE18088,target_cohort_adaptive_zscore,elastic_net
0.27,0.4662753803140859,GEO_LOCO,GSE18088,target_cohort_adaptive_zscore,elastic_net
0.28,0.47562906944471883,GEO_LOCO,GSE18088,target_cohort_adaptive_zscore,elastic_net
0.29,0.48498275857535167,GEO_LOCO,GSE18088,target_cohort_adaptive_zscore,elastic_net
0.3,0.4943364477059846,GEO_LOCO,GSE18088,target_cohort_adaptive_zscore,elastic_net
0.31,0.5036901368366176,GEO_LOCO,GSE18088,target_cohort_adaptive_zscore,elastic_net
0.32,0.5130438259672504,GEO_LOCO,GSE18088,target_cohort_adaptive_zscore,elastic_net
0.33,0.5223975150978833,GEO_LOCO,GSE18088,target_cohort_adaptive_zscore,elastic_net
0.34,0.5317512042285162,GEO_LOCO,GSE18088,target_cohort_adaptive_zscore,elastic_net
0.35000000000000003,0.5411048933591491,GEO_LOCO,GSE18088,target_cohort_adaptive_zscore,elastic_net
0.36,0.5504585824897821,GEO_LOCO,GSE18088,target_cohort_adaptive_zscore,elastic_net
0.37,0.5598122716204149,GEO_LOCO,GSE18088,target_cohort_adaptive_zscore,elastic_net
0.38,0.5691659607510479,GEO_LOCO,GSE18088,target_cohort_adaptive_zscore,elastic_net
0.39,0.5785196498816807,GEO_LOCO,GSE18088,target_cohort_adaptive_zscore,elastic_net
0.4,0.5878733390123136,GEO_LOCO,GSE18088,target_cohort_adaptive_zscore,elastic_net
0.41000000000000003,0.5972270281429466,GEO_LOCO,GSE18088,target_cohort_adaptive_zscore,elastic_net
0.42,0.6065807172735794,GEO_LOCO,GSE18088,target_cohort_adaptive_zscore,elastic_net
0.43,0.6159344064042124,GEO_LOCO,GSE18088,target_cohort_adaptive_zscore,elastic_net
0.44,0.6252880955348452,GEO_LOCO,GSE18088,target_cohort_adaptive_zscore,elastic_net
0.45,0.6346417846654782,GEO_LOCO,GSE18088,target_cohort_adaptive_zscore,elastic_net
0.46,0.6439954737961111,GEO_LOCO,GSE18088,target_cohort_adaptive_zscore,elastic_net
0.47000000000000003,0.653349162926744,GEO_LOCO,GSE18088,target_cohort_adaptive_zscore,elastic_net
0.48,0.6627028520573769,GEO_LOCO,GSE18088,target_cohort_adaptive_zscore,elastic_net
0.49,0.6720565411880097,GEO_LOCO,GSE18088,target_cohort_adaptive_zscore,elastic_net
0.5,0.6814102303186427,GEO_LOCO,GSE18088,target_cohort_adaptive_zscore,elastic_net
0.51,0.6907639194492756,GEO_LOCO,GSE18088,target_cohort_adaptive_zscore,elastic_net
0.52,0.7001176085799086,GEO_LOCO,GSE18088,target_cohort_adaptive_zscore,elastic_net
0.53,0.7094712977105415,GEO_LOCO,GSE18088,target_cohort_adaptive_zscore,elastic_net
0.54,0.7188249868411744,GEO_LOCO,GSE18088,target_cohort_adaptive_zscore,elastic_net
0.55,0.7281786759718072,GEO_LOCO,GSE18088,target_cohort_adaptive_zscore,elastic_net
0.56,0.7375323651024401,GEO_LOCO,GSE18088,target_cohort_adaptive_zscore,elastic_net
0.5700000000000001,0.7468860542330731,GEO_LOCO,GSE18088,target_cohort_adaptive_zscore,elastic_net
0.58,0.7562397433637059,GEO_LOCO,GSE18088,target_cohort_adaptive_zscore,elastic_net
0.59,0.7655934324943388,GEO_LOCO,GSE18088,target_cohort_adaptive_zscore,elastic_net
0.6,0.7749471216249717,GEO_LOCO,GSE18088,target_cohort_adaptive_zscore,elastic_net
0.61,0.7843008107556046,GEO_LOCO,GSE18088,target_cohort_adaptive_zscore,elastic_net
0.62,0.7936544998862376,GEO_LOCO,GSE18088,target_cohort_adaptive_zscore,elastic_net
0.63,0.8030081890168705,GEO_LOCO,GSE18088,target_cohort_adaptive_zscore,elastic_net
0.64,0.8123618781475034,GEO_LOCO,GSE18088,target_cohort_adaptive_zscore,elastic_net
0.65,0.8217155672781363,GEO_LOCO,GSE18088,target_cohort_adaptive_zscore,elastic_net
0.66,0.8310692564087692,GEO_LOCO,GSE18088,target_cohort_adaptive_zscore,elastic_net
0.67,0.8404229455394021,GEO_LOCO,GSE18088,target_cohort_adaptive_zscore,elastic_net
0.68,0.8497766346700351,GEO_LOCO,GSE18088,target_cohort_adaptive_zscore,elastic_net
0.6900000000000001,0.859130323800668,GEO_LOCO,GSE18088,target_cohort_adaptive_zscore,elastic_net
0.7000000000000001,0.8684840129313008,GEO_LOCO,GSE18088,target_cohort_adaptive_zscore,elastic_net
0.71,0.8778377020619337,GEO_LOCO,GSE18088,target_cohort_adaptive_zscore,elastic_net
0.72,0.8871913911925666,GEO_LOCO,GSE18088,target_cohort_adaptive_zscore,elastic_net
0.73,0.8965450803231996,GEO_LOCO,GSE18088,target_cohort_adaptive_zscore,elastic_net
0.74,0.9058987694538325,GEO_LOCO,GSE18088,target_cohort_adaptive_zscore,elastic_net
0.75,0.9152524585844652,GEO_LOCO,GSE18088,target_cohort_adaptive_zscore,elastic_net
0.76,0.9246061477150982,GEO_LOCO,GSE18088,target_cohort_adaptive_zscore,elastic_net
0.77,0.9339598368457311,GEO_LOCO,GSE18088,target_cohort_adaptive_zscore,elastic_net
0.78,0.9381996673159241,GEO_LOCO,GSE18088,target_cohort_adaptive_zscore,elastic_net
0.79,0.9385070708614235,GEO_LOCO,GSE18088,target_cohort_adaptive_zscore,elastic_net
0.8,0.938814474406923,GEO_LOCO,GSE18088,target_cohort_adaptive_zscore,elastic_net
0.81,0.9391218779524224,GEO_LOCO,GSE18088,target_cohort_adaptive_zscore,elastic_net
0.8200000000000001,0.9394292814979218,GEO_LOCO,GSE18088,target_cohort_adaptive_zscore,elastic_net
0.8300000000000001,0.9397366850434212,GEO_LOCO,GSE18088,target_cohort_adaptive_zscore,elastic_net
0.84,0.9400440885889206,GEO_LOCO,GSE18088,target_cohort_adaptive_zscore,elastic_net
0.85,0.9403514921344202,GEO_LOCO,GSE18088,target_cohort_adaptive_zscore,elastic_net
0.86,0.9406588956799196,GEO_LOCO,GSE18088,target_cohort_adaptive_zscore,elastic_net
0.87,0.940966299225419,GEO_LOCO,GSE18088,target_cohort_adaptive_zscore,elastic_net
0.88,0.9412737027709184,GEO_LOCO,GSE18088,target_cohort_adaptive_zscore,elastic_net
0.89,0.9415811063164179,GEO_LOCO,GSE18088,target_cohort_adaptive_zscore,elastic_net
0.9,0.9418885098619173,GEO_LOCO,GSE18088,target_cohort_adaptive_zscore,elastic_net
0.91,0.9421959134074167,GEO_LOCO,GSE18088,target_cohort_adaptive_zscore,elastic_net
0.92,0.9425033169529161,GEO_LOCO,GSE18088,target_cohort_adaptive_zscore,elastic_net
0.93,0.9428107204984156,GEO_LOCO,GSE18088,target_cohort_adaptive_zscore,elastic_net
0.9400000000000001,0.943118124043915,GEO_LOCO,GSE18088,target_cohort_adaptive_zscore,elastic_net
0.9500000000000001,0.9434255275894144,GEO_LOCO,GSE18088,target_cohort_adaptive_zscore,elastic_net
0.96,0.9437329311349139,GEO_LOCO,GSE18088,target_cohort_adaptive_zscore,elastic_net
0.97,0.9440403346804134,GEO_LOCO,GSE18088,target_cohort_adaptive_zscore,elastic_net
0.98,0.9443659596072814,GEO_LOCO,GSE18088,target_cohort_adaptive_zscore,elastic_net
0.99,0.9449025492874211,GEO_LOCO,GSE18088,target_cohort_adaptive_zscore,elastic_net
1.0,0.9454524038407404,GEO_LOCO,GSE18088,target_cohort_adaptive_zscore,elastic_net
0.0,0.0,GEO_LOCO,GSE18088,target_cohort_adaptive_zscore,svm_rbf
0.01,0.006364547617102288,GEO_LOCO,GSE18088,target_cohort_adaptive_zscore,svm_rbf
0.02,0.022189997909309853,GEO_LOCO,GSE18088,target_cohort_adaptive_zscore,svm_rbf
0.03,0.03802732316991551,GEO_LOCO,GSE18088,target_cohort_adaptive_zscore,svm_rbf
0.04,0.05388140373575939,GEO_LOCO,GSE18088,target_cohort_adaptive_zscore,svm_rbf
0.05,0.06974943949686857,GEO_LOCO,GSE18088,target_cohort_adaptive_zscore,svm_rbf
0.06,0.08564501627707566,GEO_LOCO,GSE18088,target_cohort_adaptive_zscore,svm_rbf
0.07,0.10154059305728277,GEO_LOCO,GSE18088,target_cohort_adaptive_zscore,svm_rbf
0.08,0.11745645831604307,GEO_LOCO,GSE18088,target_cohort_adaptive_zscore,svm_rbf
0.09,0.133405956443996,GEO_LOCO,GSE18088,target_cohort_adaptive_zscore,svm_rbf
0.1,0.1493787392389991,GEO_LOCO,GSE18088,target_cohort_adaptive_zscore,svm_rbf
0.11,0.16540865751004688,GEO_LOCO,GSE18088,target_cohort_adaptive_zscore,svm_rbf
0.12,0.18143857578109468,GEO_LOCO,GSE18088,target_cohort_adaptive_zscore,svm_rbf
0.13,0.19746849405214245,GEO_LOCO,GSE18088,target_cohort_adaptive_zscore,svm_rbf
0.14,0.21381039290898562,GEO_LOCO,GSE18088,target_cohort_adaptive_zscore,svm_rbf
0.15,0.2301718889392666,GEO_LOCO,GSE18088,target_cohort_adaptive_zscore,svm_rbf
0.16,0.2465333849695476,GEO_LOCO,GSE18088,target_cohort_adaptive_zscore,svm_rbf
0.17,0.2628948809998286,GEO_LOCO,GSE18088,target_cohort_adaptive_zscore,svm_rbf
0.18,0.2792563770301096,GEO_LOCO,GSE18088,target_cohort_adaptive_zscore,svm_rbf
0.19,0.2956178730603906,GEO_LOCO,GSE18088,target_cohort_adaptive_zscore,svm_rbf
0.2,0.3119793690906716,GEO_LOCO,GSE18088,target_cohort_adaptive_zscore,svm_rbf
0.21,0.32834086512095256,GEO_LOCO,GSE18088,target_cohort_adaptive_zscore,svm_rbf
0.22,0.3447023611512336,GEO_LOCO,GSE18088,target_cohort_adaptive_zscore,svm_rbf
0.23,0.36106385718151457,GEO_LOCO,GSE18088,target_cohort_adaptive_zscore,svm_rbf
0.24,0.3774253532117956,GEO_LOCO,GSE18088,target_cohort_adaptive_zscore,svm_rbf
0.25,0.3937868492420766,GEO_LOCO,GSE18088,target_cohort_adaptive_zscore,svm_rbf
0.26,0.41014834527235755,GEO_LOCO,GSE18088,target_cohort_adaptive_zscore,svm_rbf
0.27,0.4265098413026386,GEO_LOCO,GSE18088,target_cohort_adaptive_zscore,svm_rbf
0.28,0.44061828689663346,GEO_LOCO,GSE18088,target_cohort_adaptive_zscore,svm_rbf
0.29,0.44904705758005675,GEO_LOCO,GSE18088,target_cohort_adaptive_zscore,svm_rbf
0.3,0.4574758282634801,GEO_LOCO,GSE18088,target_cohort_adaptive_zscore,svm_rbf
0.31,0.4659045989469034,GEO_LOCO,GSE18088,target_cohort_adaptive_zscore,svm_rbf
0.32,0.47433336963032674,GEO_LOCO,GSE18088,target_cohort_adaptive_zscore,svm_rbf
0.33,0.4827621403137501,GEO_LOCO,GSE18088,target_cohort_adaptive_zscore,svm_rbf
0.34,0.4911909109971734,GEO_LOCO,GSE18088,target_cohort_adaptive_zscore,svm_rbf
0.35000000000000003,0.49961968168059673,GEO_LOCO,GSE18088,target_cohort_adaptive_zscore,svm_rbf
0.36,0.5080484523640201,GEO_LOCO,GSE18088,target_cohort_adaptive_zscore,svm_rbf
0.37,0.5164772230474434,GEO_LOCO,GSE18088,target_cohort_adaptive_zscore,svm_rbf
0.38,0.5249059937308667,GEO_LOCO,GSE18088,target_cohort_adaptive_zscore,svm_rbf
0.39,0.5333347644142901,GEO_LOCO,GSE18088,target_cohort_adaptive_zscore,svm_rbf
0.4,0.5417635350977134,GEO_LOCO,GSE18088,target_cohort_adaptive_zscore,svm_rbf
0.41000000000000003,0.5501923057811366,GEO_LOCO,GSE18088,target_cohort_adaptive_zscore,svm_rbf
0.42,0.5586210764645599,GEO_LOCO,GSE18088,target_cohort_adaptive_zscore,svm_rbf
0.43,0.5670498471479832,GEO_LOCO,GSE18088,target_cohort_adaptive_zscore,svm_rbf
0.44,0.5754786178314066,GEO_LOCO,GSE18088,target_cohort_adaptive_zscore,svm_rbf
0.45,0.5839073885148299,GEO_LOCO,GSE18088,target_cohort_adaptive_zscore,svm_rbf
0.46,0.5923361591982532,GEO_LOCO,GSE18088,target_cohort_adaptive_zscore,svm_rbf
0.47000000000000003,0.6007649298816766,GEO_LOCO,GSE18088,target_cohort_adaptive_zscore,svm_rbf
0.48,0.6091937005650999,GEO_LOCO,GSE18088,target_cohort_adaptive_zscore,svm_rbf
0.49,0.6176224712485232,GEO_LOCO,GSE18088,target_cohort_adaptive_zscore,svm_rbf
0.5,0.6260512419319466,GEO_LOCO,GSE18088,target_cohort_adaptive_zscore,svm_rbf
0.51,0.6344800126153699,GEO_LOCO,GSE18088,target_cohort_adaptive_zscore,svm_rbf
0.52,0.6429087832987932,GEO_LOCO,GSE18088,target_cohort_adaptive_zscore,svm_rbf
0.53,0.6513375539822166,GEO_LOCO,GSE18088,target_cohort_adaptive_zscore,svm_rbf
0.54,0.6597663246656399,GEO_LOCO,GSE18088,target_cohort_adaptive_zscore,svm_rbf
0.55,0.6681950953490632,GEO_LOCO,GSE18088,target_cohort_adaptive_zscore,svm_rbf
0.56,0.6764467976436589,GEO_LOCO,GSE18088,target_cohort_adaptive_zscore,svm_rbf
0.5700000000000001,0.6841630869769276,GEO_LOCO,GSE18088,target_cohort_adaptive_zscore,svm_rbf
0.58,0.6918793763101964,GEO_LOCO,GSE18088,target_cohort_adaptive_zscore,svm_rbf
0.59,0.6995956656434651,GEO_LOCO,GSE18088,target_cohort_adaptive_zscore,svm_rbf
0.6,0.7073119549767339,GEO_LOCO,GSE18088,target_cohort_adaptive_zscore,svm_rbf
0.61,0.7150282443100027,GEO_LOCO,GSE18088,target_cohort_adaptive_zscore,svm_rbf
0.62,0.7227445336432714,GEO_LOCO,GSE18088,target_cohort_adaptive_zscore,svm_rbf
0.63,0.7304608229765402,GEO_LOCO,GSE18088,target_cohort_adaptive_zscore,svm_rbf
0.64,0.738177112309809,GEO_LOCO,GSE18088,target_cohort_adaptive_zscore,svm_rbf
0.65,0.7458934016430778,GEO_LOCO,GSE18088,target_cohort_adaptive_zscore,svm_rbf
0.66,0.7536096909763466,GEO_LOCO,GSE18088,target_cohort_adaptive_zscore,svm_rbf
0.67,0.7613259803096153,GEO_LOCO,GSE18088,target_cohort_adaptive_zscore,svm_rbf
0.68,0.7690422696428841,GEO_LOCO,GSE18088,target_cohort_adaptive_zscore,svm_rbf
0.6900000000000001,0.7767585589761529,GEO_LOCO,GSE18088,target_cohort_adaptive_zscore,svm_rbf
0.7000000000000001,0.7844748483094217,GEO_LOCO,GSE18088,target_cohort_adaptive_zscore,svm_rbf
0.71,0.7921911376426903,GEO_LOCO,GSE18088,target_cohort_adaptive_zscore,svm_rbf
0.72,0.7999074269759592,GEO_LOCO,GSE18088,target_cohort_adaptive_zscore,svm_rbf
0.73,0.8076237163092279,GEO_LOCO,GSE18088,target_cohort_adaptive_zscore,svm_rbf
0.74,0.8153400056424966,GEO_LOCO,GSE18088,target_cohort_adaptive_zscore,svm_rbf
0.75,0.8230562949757655,GEO_LOCO,GSE18088,target_cohort_adaptive_zscore,svm_rbf
0.76,0.8307725843090342,GEO_LOCO,GSE18088,target_cohort_adaptive_zscore,svm_rbf
0.77,0.8384888736423031,GEO_LOCO,GSE18088,target_cohort_adaptive_zscore,svm_rbf
0.78,0.8462051629755718,GEO_LOCO,GSE18088,target_cohort_adaptive_zscore,svm_rbf
0.79,0.8539214523088405,GEO_LOCO,GSE18088,target_cohort_adaptive_zscore,svm_rbf
0.8,0.8616377416421094,GEO_LOCO,GSE18088,target_cohort_adaptive_zscore,svm_rbf
0.81,0.8693540309753781,GEO_LOCO,GSE18088,target_cohort_adaptive_zscore,svm_rbf
0.8200000000000001,0.877070320308647,GEO_LOCO,GSE18088,target_cohort_adaptive_zscore,svm_rbf
0.8300000000000001,0.8847866096419157,GEO_LOCO,GSE18088,target_cohort_adaptive_zscore,svm_rbf
0.84,0.8925028989751844,GEO_LOCO,GSE18088,target_cohort_adaptive_zscore,svm_rbf
0.85,0.9002191883084532,GEO_LOCO,GSE18088,target_cohort_adaptive_zscore,svm_rbf
0.86,0.9079354776417219,GEO_LOCO,GSE18088,target_cohort_adaptive_zscore,svm_rbf
0.87,0.9156517669749907,GEO_LOCO,GSE18088,target_cohort_adaptive_zscore,svm_rbf
0.88,0.9233680563082595,GEO_LOCO,GSE18088,target_cohort_adaptive_zscore,svm_rbf
0.89,0.9310843456415283,GEO_LOCO,GSE18088,target_cohort_adaptive_zscore,svm_rbf
0.9,0.938800634974797,GEO_LOCO,GSE18088,target_cohort_adaptive_zscore,svm_rbf
0.91,0.9465169243080658,GEO_LOCO,GSE18088,target_cohort_adaptive_zscore,svm_rbf
0.92,0.9542332136413346,GEO_LOCO,GSE18088,target_cohort_adaptive_zscore,svm_rbf
0.93,0.9619495029746035,GEO_LOCO,GSE18088,target_cohort_adaptive_zscore,svm_rbf
0.9400000000000001,0.9696657923078722,GEO_LOCO,GSE18088,target_cohort_adaptive_zscore,svm_rbf
0.9500000000000001,0.9773820816411409,GEO_LOCO,GSE18088,target_cohort_adaptive_zscore,svm_rbf
0.96,0.9850309065779125,GEO_LOCO,GSE18088,target_cohort_adaptive_zscore,svm_rbf
0.97,0.9913627406622408,GEO_LOCO,GSE18088,target_cohort_adaptive_zscore,svm_rbf
0.98,0.9973433093969245,GEO_LOCO,GSE18088,target_cohort_adaptive_zscore,svm_rbf
0.99,1.0,GEO_LOCO,GSE18088,target_cohort_adaptive_zscore,svm_rbf
1.0,1.0,GEO_LOCO,GSE18088,target_cohort_adaptive_zscore,svm_rbf
0.0,0.002910207496886848,GEO_LOCO,GSE18088,target_cohort_adaptive_zscore,xgboost
0.01,0.010090304752563324,GEO_LOCO,GSE18088,target_cohort_adaptive_zscore,xgboost
0.02,0.025290564636563446,GEO_LOCO,GSE18088,target_cohort_adaptive_zscore,xgboost
0.03,0.04058898549306619,GEO_LOCO,GSE18088,target_cohort_adaptive_zscore,xgboost
0.04,0.0559620068289293,GEO_LOCO,GSE18088,target_cohort_adaptive_zscore,xgboost
0.05,0.07143201947104648,GEO_LOCO,GSE18088,target_cohort_adaptive_zscore,xgboost
0.06,0.08699492115367014,GEO_LOCO,GSE18088,target_cohort_adaptive_zscore,xgboost
0.07,0.10269600279206074,GEO_LOCO,GSE18088,target_cohort_adaptive_zscore,xgboost
0.08,0.1185036817354853,GEO_LOCO,GSE18088,target_cohort_adaptive_zscore,xgboost
0.09,0.13431136067890986,GEO_LOCO,GSE18088,target_cohort_adaptive_zscore,xgboost
0.1,0.15011903962233442,GEO_LOCO,GSE18088,target_cohort_adaptive_zscore,xgboost
0.11,0.16648988787883642,GEO_LOCO,GSE18088,target_cohort_adaptive_zscore,xgboost
0.12,0.18309356362628754,GEO_LOCO,GSE18088,target_cohort_adaptive_zscore,xgboost
0.13,0.19969723937373868,GEO_LOCO,GSE18088,target_cohort_adaptive_zscore,xgboost
0.14,0.21630091512118982,GEO_LOCO,GSE18088,target_cohort_adaptive_zscore,xgboost
0.15,0.2329045908686409,GEO_LOCO,GSE18088,target_cohort_adaptive_zscore,xgboost
0.16,0.24950826661609204,GEO_LOCO,GSE18088,target_cohort_adaptive_zscore,xgboost
0.17,0.2661119423635432,GEO_LOCO,GSE18088,target_cohort_adaptive_zscore,xgboost
0.18,0.2827156181109943,GEO_LOCO,GSE18088,target_cohort_adaptive_zscore,xgboost
0.19,0.29931929385844547,GEO_LOCO,GSE18088,target_cohort_adaptive_zscore,xgboost
0.2,0.3159229696058966,GEO_LOCO,GSE18088,target_cohort_adaptive_zscore,xgboost
0.21,0.33252664535334764,GEO_LOCO,GSE18088,target_cohort_adaptive_zscore,xgboost
0.22,0.3491303211007988,GEO_LOCO,GSE18088,target_cohort_adaptive_zscore,xgboost
0.23,0.3657339968482499,GEO_LOCO,GSE18088,target_cohort_adaptive_zscore,xgboost
0.24,0.38233767259570106,GEO_LOCO,GSE18088,target_cohort_adaptive_zscore,xgboost
0.25,0.3989413483431522,GEO_LOCO,GSE18088,target_cohort_adaptive_zscore,xgboost
0.26,0.4184872064744243,GEO_LOCO,GSE18088,target_cohort_adaptive_zscore,xgboost
0.27,0.4384240631292108,GEO_LOCO,GSE18088,target_cohort_adaptive_zscore,xgboost
0.28,0.45836091978399723,GEO_LOCO,GSE18088,target_cohort_adaptive_zscore,xgboost
0.29,0.4782977764387836,GEO_LOCO,GSE18088,target_cohort_adaptive_zscore,xgboost
0.3,0.49823463309357,GEO_LOCO,GSE18088,target_cohort_adaptive_zscore,xgboost
0.31,0.5181714897483565,GEO_LOCO,GSE18088,target_cohort_adaptive_zscore,xgboost
0.32,0.5381083464031429,GEO_LOCO,GSE18088,target_cohort_adaptive_zscore,xgboost
0.33,0.5580452030579294,GEO_LOCO,GSE18088,target_cohort_adaptive_zscore,xgboost
0.34,0.5779820597127159,GEO_LOCO,GSE18088,target_cohort_adaptive_zscore,xgboost
0.35000000000000003,0.5979189163675023,GEO_LOCO,GSE18088,target_cohort_adaptive_zscore,xgboost
0.36,0.6178557730222887,GEO_LOCO,GSE18088,target_cohort_adaptive_zscore,xgboost
0.37,0.6377926296770751,GEO_LOCO,GSE18088,target_cohort_adaptive_zscore,xgboost
0.38,0.6577294863318615,GEO_LOCO,GSE18088,target_cohort_adaptive_zscore,xgboost
0.39,0.677666342986648,GEO_LOCO,GSE18088,target_cohort_adaptive_zscore,xgboost
0.4,0.6976031996414345,GEO_LOCO,GSE18088,target_cohort_adaptive_zscore,xgboost
0.41000000000000003,0.7175400562962209,GEO_LOCO,GSE18088,target_cohort_adaptive_zscore,xgboost
0.42,0.7374769129510073,GEO_LOCO,GSE18088,target_cohort_adaptive_zscore,xgboost
0.43,0.7424057237084954,GEO_LOCO,GSE18088,target_cohort_adaptive_zscore,xgboost
0.44,0.7470586603926652,GEO_LOCO,GSE18088,target_cohort_adaptive_zscore,xgboost
0.45,0.7517115970768351,GEO_LOCO,GSE18088,target_cohort_adaptive_zscore,xgboost
0.46,0.7563645337610049,GEO_LOCO,GSE18088,target_cohort_adaptive_zscore,xgboost
0.47000000000000003,0.7610174704451746,GEO_LOCO,GSE18088,target_cohort_adaptive_zscore,xgboost
0.48,0.7656704071293445,GEO_LOCO,GSE18088,target_cohort_adaptive_zscore,xgboost
0.49,0.7703233438135143,GEO_LOCO,GSE18088,target_cohort_adaptive_zscore,xgboost
0.5,0.7749762804976842,GEO_LOCO,GSE18088,target_cohort_adaptive_zscore,xgboost
0.51,0.779629217181854,GEO_LOCO,GSE18088,target_cohort_adaptive_zscore,xgboost
0.52,0.7842821538660237,GEO_LOCO,GSE18088,target_cohort_adaptive_zscore,xgboost
0.53,0.7889350905501936,GEO_LOCO,GSE18088,target_cohort_adaptive_zscore,xgboost
0.54,0.7935880272343634,GEO_LOCO,GSE18088,target_cohort_adaptive_zscore,xgboost
0.55,0.7982409639185333,GEO_LOCO,GSE18088,target_cohort_adaptive_zscore,xgboost
0.56,0.802893900602703,GEO_LOCO,GSE18088,target_cohort_adaptive_zscore,xgboost
0.5700000000000001,0.8075468372868729,GEO_LOCO,GSE18088,target_cohort_adaptive_zscore,xgboost
0.58,0.8121997739710427,GEO_LOCO,GSE18088,target_cohort_adaptive_zscore,xgboost
0.59,0.8168527106552125,GEO_LOCO,GSE18088,target_cohort_adaptive_zscore,xgboost
0.6,0.8215056473393824,GEO_LOCO,GSE18088,target_cohort_adaptive_zscore,xgboost
0.61,0.8261585840235521,GEO_LOCO,GSE18088,target_cohort_adaptive_zscore,xgboost
0.62,0.830811520707722,GEO_LOCO,GSE18088,target_cohort_adaptive_zscore,xgboost
0.63,0.8354644573918918,GEO_LOCO,GSE18088,target_cohort_adaptive_zscore,xgboost
0.64,0.8401173940760616,GEO_LOCO,GSE18088,target_cohort_adaptive_zscore,xgboost
0.65,0.8447703307602314,GEO_LOCO,GSE18088,target_cohort_adaptive_zscore,xgboost
0.66,0.8494232674444012,GEO_LOCO,GSE18088,target_cohort_adaptive_zscore,xgboost
0.67,0.8540762041285711,GEO_LOCO,GSE18088,target_cohort_adaptive_zscore,xgboost
0.68,0.8587291408127409,GEO_LOCO,GSE18088,target_cohort_adaptive_zscore,xgboost
0.6900000000000001,0.8633820774969108,GEO_LOCO,GSE18088,target_cohort_adaptive_zscore,xgboost
0.7000000000000001,0.8680350141810805,GEO_LOCO,GSE18088,target_cohort_adaptive_zscore,xgboost
0.71,0.8726879508652503,GEO_LOCO,GSE18088,target_cohort_adaptive_zscore,xgboost
0.72,0.8773408875494202,GEO_LOCO,GSE18088,target_cohort_adaptive_zscore,xgboost
0.73,0.88199382423359,GEO_LOCO,GSE18088,target_cohort_adaptive_zscore,xgboost
0.74,0.8866467609177597,GEO_LOCO,GSE18088,target_cohort_adaptive_zscore,xgboost
0.75,0.8912996976019296,GEO_LOCO,GSE18088,target_cohort_adaptive_zscore,xgboost
0.76,0.8959526342860995,GEO_LOCO,GSE18088,target_cohort_adaptive_zscore,xgboost
0.77,0.9006055709702693,GEO_LOCO,GSE18088,target_cohort_adaptive_zscore,xgboost
0.78,0.905258507654439,GEO_LOCO,GSE18088,target_cohort_adaptive_zscore,xgboost
0.79,0.9099114443386089,GEO_LOCO,GSE18088,target_cohort_adaptive_zscore,xgboost
0.8,0.9145643810227787,GEO_LOCO,GSE18088,target_cohort_adaptive_zscore,xgboost
0.81,0.9192173177069486,GEO_LOCO,GSE18088,target_cohort_adaptive_zscore,xgboost
0.8200000000000001,0.9238702543911184,GEO_LOCO,GSE18088,target_cohort_adaptive_zscore,xgboost
0.8300000000000001,0.9285231910752882,GEO_LOCO,GSE18088,target_cohort_adaptive_zscore,xgboost
0.84,0.9331761277594579,GEO_LOCO,GSE18088,target_cohort_adaptive_zscore,xgboost
0.85,0.9378290644436278,GEO_LOCO,GSE18088,target_cohort_adaptive_zscore,xgboost
0.86,0.9424820011277977,GEO_LOCO,GSE18088,target_cohort_adaptive_zscore,xgboost
0.87,0.9471349378119674,GEO_LOCO,GSE18088,target_cohort_adaptive_zscore,xgboost
0.88,0.9517878744961372,GEO_LOCO,GSE18088,target_cohort_adaptive_zscore,xgboost
0.89,0.9564408111803071,GEO_LOCO,GSE18088,target_cohort_adaptive_zscore,xgboost
0.9,0.9610937478644769,GEO_LOCO,GSE18088,target_cohort_adaptive_zscore,xgboost
0.91,0.9657466845486468,GEO_LOCO,GSE18088,target_cohort_adaptive_zscore,xgboost
0.92,0.9703996212328165,GEO_LOCO,GSE18088,target_cohort_adaptive_zscore,xgboost
0.93,0.9750525579169864,GEO_LOCO,GSE18088,target_cohort_adaptive_zscore,xgboost
0.9400000000000001,0.9800787775704846,GEO_LOCO,GSE18088,target_cohort_adaptive_zscore,xgboost
0.9500000000000001,0.9858544342694738,GEO_LOCO,GSE18088,target_cohort_adaptive_zscore,xgboost
0.96,0.9915824121035337,GEO_LOCO,GSE18088,target_cohort_adaptive_zscore,xgboost
0.97,0.9972648866366864,GEO_LOCO,GSE18088,target_cohort_adaptive_zscore,xgboost
0.98,0.9998768026477451,GEO_LOCO,GSE18088,target_cohort_adaptive_zscore,xgboost
0.99,1.0,GEO_LOCO,GSE18088,target_cohort_adaptive_zscore,xgboost
1.0,1.0,GEO_LOCO,GSE18088,target_cohort_adaptive_zscore,xgboost
0.0,0.01742749827571718,GEO_LOCO,GSE26682,fixed_log_expression,elastic_net
0.01,0.024197203637804157,GEO_LOCO,GSE26682,fixed_log_expression,elastic_net
0.02,0.021708577231946163,GEO_LOCO,GSE26682,fixed_log_expression,elastic_net
0.03,0.008941870320331077,GEO_LOCO,GSE26682,fixed_log_expression,elastic_net
0.04,0.0033137408398720685,GEO_LOCO,GSE26682,fixed_log_expression,elastic_net
0.05,0.0015680970099138743,GEO_LOCO,GSE26682,fixed_log_expression,elastic_net
0.06,0.0,GEO_LOCO,GSE26682,fixed_log_expression,elastic_net
0.07,0.02448565318548289,GEO_LOCO,GSE26682,fixed_log_expression,elastic_net
0.08,0.12953897384193683,GEO_LOCO,GSE26682,fixed_log_expression,elastic_net
0.09,0.1907568139490835,GEO_LOCO,GSE26682,fixed_log_expression,elastic_net
0.1,0.25197465405623026,GEO_LOCO,GSE26682,fixed_log_expression,elastic_net
0.11,0.3131924941633769,GEO_LOCO,GSE26682,fixed_log_expression,elastic_net
0.12,0.3744103342705236,GEO_LOCO,GSE26682,fixed_log_expression,elastic_net
0.13,0.42709329793178863,GEO_LOCO,GSE26682,fixed_log_expression,elastic_net
0.14,0.4606306346131008,GEO_LOCO,GSE26682,fixed_log_expression,elastic_net
0.15,0.4941679712944128,GEO_LOCO,GSE26682,fixed_log_expression,elastic_net
0.16,0.5277053079757249,GEO_LOCO,GSE26682,fixed_log_expression,elastic_net
0.17,0.561242644657037,GEO_LOCO,GSE26682,fixed_log_expression,elastic_net
0.18,0.5952381094315239,GEO_LOCO,GSE26682,fixed_log_expression,elastic_net
0.19,0.6222065112392572,GEO_LOCO,GSE26682,fixed_log_expression,elastic_net
0.2,0.6343430762569037,GEO_LOCO,GSE26682,fixed_log_expression,elastic_net
0.21,0.6464796412745499,GEO_LOCO,GSE26682,fixed_log_expression,elastic_net
0.22,0.6586162062921964,GEO_LOCO,GSE26682,fixed_log_expression,elastic_net
0.23,0.6707527713098428,GEO_LOCO,GSE26682,fixed_log_expression,elastic_net
0.24,0.6828893363274892,GEO_LOCO,GSE26682,fixed_log_expression,elastic_net
0.25,0.6950259013451355,GEO_LOCO,GSE26682,fixed_log_expression,elastic_net
0.26,0.7071624663627819,GEO_LOCO,GSE26682,fixed_log_expression,elastic_net
0.27,0.7192990313804283,GEO_LOCO,GSE26682,fixed_log_expression,elastic_net
0.28,0.7314355963980747,GEO_LOCO,GSE26682,fixed_log_expression,elastic_net
0.29,0.743572161415721,GEO_LOCO,GSE26682,fixed_log_expression,elastic_net
0.3,0.7532921785808315,GEO_LOCO,GSE26682,fixed_log_expression,elastic_net
0.31,0.7614070369577547,GEO_LOCO,GSE26682,fixed_log_expression,elastic_net
0.32,0.7695218953346779,GEO_LOCO,GSE26682,fixed_log_expression,elastic_net
0.33,0.7776367537116009,GEO_LOCO,GSE26682,fixed_log_expression,elastic_net
0.34,0.7857516120885241,GEO_LOCO,GSE26682,fixed_log_expression,elastic_net
0.35000000000000003,0.7938664704654472,GEO_LOCO,GSE26682,fixed_log_expression,elastic_net
0.36,0.8019813288423703,GEO_LOCO,GSE26682,fixed_log_expression,elastic_net
0.37,0.8100961872192934,GEO_LOCO,GSE26682,fixed_log_expression,elastic_net
0.38,0.8182110455962166,GEO_LOCO,GSE26682,fixed_log_expression,elastic_net
0.39,0.8263259039731398,GEO_LOCO,GSE26682,fixed_log_expression,elastic_net
0.4,0.8344407623500629,GEO_LOCO,GSE26682,fixed_log_expression,elastic_net
0.41000000000000003,0.842555620726986,GEO_LOCO,GSE26682,fixed_log_expression,elastic_net
0.42,0.8506704791039091,GEO_LOCO,GSE26682,fixed_log_expression,elastic_net
0.43,0.8587853374808323,GEO_LOCO,GSE26682,fixed_log_expression,elastic_net
0.44,0.8669001958577554,GEO_LOCO,GSE26682,fixed_log_expression,elastic_net
0.45,0.8750150542346785,GEO_LOCO,GSE26682,fixed_log_expression,elastic_net
0.46,0.8831299126116017,GEO_LOCO,GSE26682,fixed_log_expression,elastic_net
0.47000000000000003,0.8884622222238928,GEO_LOCO,GSE26682,fixed_log_expression,elastic_net
0.48,0.8920693507600042,GEO_LOCO,GSE26682,fixed_log_expression,elastic_net
0.49,0.8958137900667311,GEO_LOCO,GSE26682,fixed_log_expression,elastic_net
0.5,0.8995582293734581,GEO_LOCO,GSE26682,fixed_log_expression,elastic_net
0.51,0.9037506540479714,GEO_LOCO,GSE26682,fixed_log_expression,elastic_net
0.52,0.9084313198025323,GEO_LOCO,GSE26682,fixed_log_expression,elastic_net
0.53,0.9131119855570934,GEO_LOCO,GSE26682,fixed_log_expression,elastic_net
0.54,0.9174254537603695,GEO_LOCO,GSE26682,fixed_log_expression,elastic_net
0.55,0.9214592380196492,GEO_LOCO,GSE26682,fixed_log_expression,elastic_net
0.56,0.9254930222789289,GEO_LOCO,GSE26682,fixed_log_expression,elastic_net
0.5700000000000001,0.9295268065382086,GEO_LOCO,GSE26682,fixed_log_expression,elastic_net
0.58,0.9335605907974882,GEO_LOCO,GSE26682,fixed_log_expression,elastic_net
0.59,0.9375943750567679,GEO_LOCO,GSE26682,fixed_log_expression,elastic_net
0.6,0.9416281593160477,GEO_LOCO,GSE26682,fixed_log_expression,elastic_net
0.61,0.9456619435753274,GEO_LOCO,GSE26682,fixed_log_expression,elastic_net
0.62,0.9496957278346071,GEO_LOCO,GSE26682,fixed_log_expression,elastic_net
0.63,0.9537295120938868,GEO_LOCO,GSE26682,fixed_log_expression,elastic_net
0.64,0.9577632963531665,GEO_LOCO,GSE26682,fixed_log_expression,elastic_net
0.65,0.9617970806124462,GEO_LOCO,GSE26682,fixed_log_expression,elastic_net
0.66,0.9658308648717259,GEO_LOCO,GSE26682,fixed_log_expression,elastic_net
0.67,0.9698646491310056,GEO_LOCO,GSE26682,fixed_log_expression,elastic_net
0.68,0.9738984333902853,GEO_LOCO,GSE26682,fixed_log_expression,elastic_net
0.6900000000000001,0.977932217649565,GEO_LOCO,GSE26682,fixed_log_expression,elastic_net
0.7000000000000001,0.9819660019088446,GEO_LOCO,GSE26682,fixed_log_expression,elastic_net
0.71,0.9859997861681243,GEO_LOCO,GSE26682,fixed_log_expression,elastic_net
0.72,0.990033570427404,GEO_LOCO,GSE26682,fixed_log_expression,elastic_net
0.73,0.9930401709189363,GEO_LOCO,GSE26682,fixed_log_expression,elastic_net
0.74,0.9960414079205779,GEO_LOCO,GSE26682,fixed_log_expression,elastic_net
0.75,0.9977382397185746,GEO_LOCO,GSE26682,fixed_log_expression,elastic_net
0.76,0.9989553054592242,GEO_LOCO,GSE26682,fixed_log_expression,elastic_net
0.77,1.0,GEO_LOCO,GSE26682,fixed_log_expression,elastic_net
0.78,1.0,GEO_LOCO,GSE26682,fixed_log_expression,elastic_net
0.79,1.0,GEO_LOCO,GSE26682,fixed_log_expression,elastic_net
0.8,1.0,GEO_LOCO,GSE26682,fixed_log_expression,elastic_net
0.81,1.0,GEO_LOCO,GSE26682,fixed_log_expression,elastic_net
0.8200000000000001,1.0,GEO_LOCO,GSE26682,fixed_log_expression,elastic_net
0.8300000000000001,1.0,GEO_LOCO,GSE26682,fixed_log_expression,elastic_net
0.84,1.0,GEO_LOCO,GSE26682,fixed_log_expression,elastic_net
0.85,1.0,GEO_LOCO,GSE26682,fixed_log_expression,elastic_net
0.86,1.0,GEO_LOCO,GSE26682,fixed_log_expression,elastic_net
0.87,1.0,GEO_LOCO,GSE26682,fixed_log_expression,elastic_net
0.88,1.0,GEO_LOCO,GSE26682,fixed_log_expression,elastic_net
0.89,1.0,GEO_LOCO,GSE26682,fixed_log_expression,elastic_net
0.9,1.0,GEO_LOCO,GSE26682,fixed_log_expression,elastic_net
0.91,1.0,GEO_LOCO,GSE26682,fixed_log_expression,elastic_net
0.92,1.0,GEO_LOCO,GSE26682,fixed_log_expression,elastic_net
0.93,1.0,GEO_LOCO,GSE26682,fixed_log_expression,elastic_net
0.9400000000000001,1.0,GEO_LOCO,GSE26682,fixed_log_expression,elastic_net
0.9500000000000001,1.0,GEO_LOCO,GSE26682,fixed_log_expression,elastic_net
0.96,1.0,GEO_LOCO,GSE26682,fixed_log_expression,elastic_net
0.97,1.0,GEO_LOCO,GSE26682,fixed_log_expression,elastic_net
0.98,1.0,GEO_LOCO,GSE26682,fixed_log_expression,elastic_net
0.99,1.0,GEO_LOCO,GSE26682,fixed_log_expression,elastic_net
1.0,1.0,GEO_LOCO,GSE26682,fixed_log_expression,elastic_net
0.0,0.0,GEO_LOCO,GSE26682,fixed_log_expression,svm_rbf
0.01,0.0,GEO_LOCO,GSE26682,fixed_log_expression,svm_rbf
0.02,0.0,GEO_LOCO,GSE26682,fixed_log_expression,svm_rbf
0.03,0.0,GEO_LOCO,GSE26682,fixed_log_expression,svm_rbf
0.04,0.0,GEO_LOCO,GSE26682,fixed_log_expression,svm_rbf
0.05,0.0,GEO_LOCO,GSE26682,fixed_log_expression,svm_rbf
0.06,0.0,GEO_LOCO,GSE26682,fixed_log_expression,svm_rbf
0.07,0.0,GEO_LOCO,GSE26682,fixed_log_expression,svm_rbf
0.08,0.0,GEO_LOCO,GSE26682,fixed_log_expression,svm_rbf
0.09,0.0,GEO_LOCO,GSE26682,fixed_log_expression,svm_rbf
0.1,0.0,GEO_LOCO,GSE26682,fixed_log_expression,svm_rbf
0.11,0.0,GEO_LOCO,GSE26682,fixed_log_expression,svm_rbf
0.12,0.0,GEO_LOCO,GSE26682,fixed_log_expression,svm_rbf
0.13,0.0,GEO_LOCO,GSE26682,fixed_log_expression,svm_rbf
0.14,0.0,GEO_LOCO,GSE26682,fixed_log_expression,svm_rbf
0.15,0.0,GEO_LOCO,GSE26682,fixed_log_expression,svm_rbf
0.16,0.0,GEO_LOCO,GSE26682,fixed_log_expression,svm_rbf
0.17,0.0,GEO_LOCO,GSE26682,fixed_log_expression,svm_rbf
0.18,0.0,GEO_LOCO,GSE26682,fixed_log_expression,svm_rbf
0.19,0.0,GEO_LOCO,GSE26682,fixed_log_expression,svm_rbf
0.2,0.0,GEO_LOCO,GSE26682,fixed_log_expression,svm_rbf
0.21,0.0,GEO_LOCO,GSE26682,fixed_log_expression,svm_rbf
0.22,0.0,GEO_LOCO,GSE26682,fixed_log_expression,svm_rbf
0.23,0.0,GEO_LOCO,GSE26682,fixed_log_expression,svm_rbf
0.24,0.0,GEO_LOCO,GSE26682,fixed_log_expression,svm_rbf
0.25,0.0,GEO_LOCO,GSE26682,fixed_log_expression,svm_rbf
0.26,0.0,GEO_LOCO,GSE26682,fixed_log_expression,svm_rbf
0.27,0.0,GEO_LOCO,GSE26682,fixed_log_expression,svm_rbf
0.28,0.0,GEO_LOCO,GSE26682,fixed_log_expression,svm_rbf
0.29,0.0,GEO_LOCO,GSE26682,fixed_log_expression,svm_rbf
0.3,0.0,GEO_LOCO,GSE26682,fixed_log_expression,svm_rbf
0.31,0.0,GEO_LOCO,GSE26682,fixed_log_expression,svm_rbf
0.32,0.0,GEO_LOCO,GSE26682,fixed_log_expression,svm_rbf
0.33,0.0,GEO_LOCO,GSE26682,fixed_log_expression,svm_rbf
0.34,0.0,GEO_LOCO,GSE26682,fixed_log_expression,svm_rbf
0.35000000000000003,0.004097325675948029,GEO_LOCO,GSE26682,fixed_log_expression,svm_rbf
0.36,0.017553703282758557,GEO_LOCO,GSE26682,fixed_log_expression,svm_rbf
0.37,0.0656359253870655,GEO_LOCO,GSE26682,fixed_log_expression,svm_rbf
0.38,0.15091816580871656,GEO_LOCO,GSE26682,fixed_log_expression,svm_rbf
0.39,0.4213539049353762,GEO_LOCO,GSE26682,fixed_log_expression,svm_rbf
0.4,0.604430737161762,GEO_LOCO,GSE26682,fixed_log_expression,svm_rbf
0.41000000000000003,0.7330569936477666,GEO_LOCO,GSE26682,fixed_log_expression,svm_rbf
0.42,0.8271801435497389,GEO_LOCO,GSE26682,fixed_log_expression,svm_rbf
0.43,0.9050046459735127,GEO_LOCO,GSE26682,fixed_log_expression,svm_rbf
0.44,0.9819528475099983,GEO_LOCO,GSE26682,fixed_log_expression,svm_rbf
0.45,1.0,GEO_LOCO,GSE26682,fixed_log_expression,svm_rbf
0.46,1.0,GEO_LOCO,GSE26682,fixed_log_expression,svm_rbf
0.47000000000000003,1.0,GEO_LOCO,GSE26682,fixed_log_expression,svm_rbf
0.48,1.0,GEO_LOCO,GSE26682,fixed_log_expression,svm_rbf
0.49,1.0,GEO_LOCO,GSE26682,fixed_log_expression,svm_rbf
0.5,1.0,GEO_LOCO,GSE26682,fixed_log_expression,svm_rbf
0.51,1.0,GEO_LOCO,GSE26682,fixed_log_expression,svm_rbf
0.52,1.0,GEO_LOCO,GSE26682,fixed_log_expression,svm_rbf
0.53,1.0,GEO_LOCO,GSE26682,fixed_log_expression,svm_rbf
0.54,1.0,GEO_LOCO,GSE26682,fixed_log_expression,svm_rbf
0.55,1.0,GEO_LOCO,GSE26682,fixed_log_expression,svm_rbf
0.56,1.0,GEO_LOCO,GSE26682,fixed_log_expression,svm_rbf
0.5700000000000001,1.0,GEO_LOCO,GSE26682,fixed_log_expression,svm_rbf
0.58,1.0,GEO_LOCO,GSE26682,fixed_log_expression,svm_rbf
0.59,1.0,GEO_LOCO,GSE26682,fixed_log_expression,svm_rbf
0.6,1.0,GEO_LOCO,GSE26682,fixed_log_expression,svm_rbf
0.61,1.0,GEO_LOCO,GSE26682,fixed_log_expression,svm_rbf
0.62,1.0,GEO_LOCO,GSE26682,fixed_log_expression,svm_rbf
0.63,1.0,GEO_LOCO,GSE26682,fixed_log_expression,svm_rbf
0.64,1.0,GEO_LOCO,GSE26682,fixed_log_expression,svm_rbf
0.65,1.0,GEO_LOCO,GSE26682,fixed_log_expression,svm_rbf
0.66,1.0,GEO_LOCO,GSE26682,fixed_log_expression,svm_rbf
0.67,1.0,GEO_LOCO,GSE26682,fixed_log_expression,svm_rbf
0.68,1.0,GEO_LOCO,GSE26682,fixed_log_expression,svm_rbf
0.6900000000000001,1.0,GEO_LOCO,GSE26682,fixed_log_expression,svm_rbf
0.7000000000000001,1.0,GEO_LOCO,GSE26682,fixed_log_expression,svm_rbf
0.71,1.0,GEO_LOCO,GSE26682,fixed_log_expression,svm_rbf
0.72,1.0,GEO_LOCO,GSE26682,fixed_log_expression,svm_rbf
0.73,1.0,GEO_LOCO,GSE26682,fixed_log_expression,svm_rbf
0.74,1.0,GEO_LOCO,GSE26682,fixed_log_expression,svm_rbf
0.75,1.0,GEO_LOCO,GSE26682,fixed_log_expression,svm_rbf
0.76,1.0,GEO_LOCO,GSE26682,fixed_log_expression,svm_rbf
0.77,1.0,GEO_LOCO,GSE26682,fixed_log_expression,svm_rbf
0.78,1.0,GEO_LOCO,GSE26682,fixed_log_expression,svm_rbf
0.79,1.0,GEO_LOCO,GSE26682,fixed_log_expression,svm_rbf
0.8,1.0,GEO_LOCO,GSE26682,fixed_log_expression,svm_rbf
0.81,1.0,GEO_LOCO,GSE26682,fixed_log_expression,svm_rbf
0.8200000000000001,1.0,GEO_LOCO,GSE26682,fixed_log_expression,svm_rbf
0.8300000000000001,1.0,GEO_LOCO,GSE26682,fixed_log_expression,svm_rbf
0.84,1.0,GEO_LOCO,GSE26682,fixed_log_expression,svm_rbf
0.85,1.0,GEO_LOCO,GSE26682,fixed_log_expression,svm_rbf
0.86,1.0,GEO_LOCO,GSE26682,fixed_log_expression,svm_rbf
0.87,1.0,GEO_LOCO,GSE26682,fixed_log_expression,svm_rbf
0.88,1.0,GEO_LOCO,GSE26682,fixed_log_expression,svm_rbf
0.89,1.0,GEO_LOCO,GSE26682,fixed_log_expression,svm_rbf
0.9,1.0,GEO_LOCO,GSE26682,fixed_log_expression,svm_rbf
0.91,1.0,GEO_LOCO,GSE26682,fixed_log_expression,svm_rbf
0.92,1.0,GEO_LOCO,GSE26682,fixed_log_expression,svm_rbf
0.93,1.0,GEO_LOCO,GSE26682,fixed_log_expression,svm_rbf
0.9400000000000001,1.0,GEO_LOCO,GSE26682,fixed_log_expression,svm_rbf
0.9500000000000001,1.0,GEO_LOCO,GSE26682,fixed_log_expression,svm_rbf
0.96,1.0,GEO_LOCO,GSE26682,fixed_log_expression,svm_rbf
0.97,1.0,GEO_LOCO,GSE26682,fixed_log_expression,svm_rbf
0.98,1.0,GEO_LOCO,GSE26682,fixed_log_expression,svm_rbf
0.99,1.0,GEO_LOCO,GSE26682,fixed_log_expression,svm_rbf
1.0,1.0,GEO_LOCO,GSE26682,fixed_log_expression,svm_rbf
0.0,0.0,GEO_LOCO,GSE26682,fixed_log_expression,xgboost
0.01,0.0,GEO_LOCO,GSE26682,fixed_log_expression,xgboost
0.02,0.0,GEO_LOCO,GSE26682,fixed_log_expression,xgboost
0.03,0.0,GEO_LOCO,GSE26682,fixed_log_expression,xgboost
0.04,0.0,GEO_LOCO,GSE26682,fixed_log_expression,xgboost
0.05,0.0,GEO_LOCO,GSE26682,fixed_log_expression,xgboost
0.06,0.0,GEO_LOCO,GSE26682,fixed_log_expression,xgboost
0.07,0.0,GEO_LOCO,GSE26682,fixed_log_expression,xgboost
0.08,0.0,GEO_LOCO,GSE26682,fixed_log_expression,xgboost
0.09,0.0,GEO_LOCO,GSE26682,fixed_log_expression,xgboost
0.1,0.0,GEO_LOCO,GSE26682,fixed_log_expression,xgboost
0.11,0.0,GEO_LOCO,GSE26682,fixed_log_expression,xgboost
0.12,0.0,GEO_LOCO,GSE26682,fixed_log_expression,xgboost
0.13,0.0,GEO_LOCO,GSE26682,fixed_log_expression,xgboost
0.14,0.0,GEO_LOCO,GSE26682,fixed_log_expression,xgboost
0.15,0.0,GEO_LOCO,GSE26682,fixed_log_expression,xgboost
0.16,0.0,GEO_LOCO,GSE26682,fixed_log_expression,xgboost
0.17,0.0,GEO_LOCO,GSE26682,fixed_log_expression,xgboost
0.18,0.0,GEO_LOCO,GSE26682,fixed_log_expression,xgboost
0.19,0.0,GEO_LOCO,GSE26682,fixed_log_expression,xgboost
0.2,0.0,GEO_LOCO,GSE26682,fixed_log_expression,xgboost
0.21,0.0,GEO_LOCO,GSE26682,fixed_log_expression,xgboost
0.22,0.0,GEO_LOCO,GSE26682,fixed_log_expression,xgboost
0.23,0.0,GEO_LOCO,GSE26682,fixed_log_expression,xgboost
0.24,0.0,GEO_LOCO,GSE26682,fixed_log_expression,xgboost
0.25,0.0,GEO_LOCO,GSE26682,fixed_log_expression,xgboost
0.26,0.0,GEO_LOCO,GSE26682,fixed_log_expression,xgboost
0.27,0.0,GEO_LOCO,GSE26682,fixed_log_expression,xgboost
0.28,0.0,GEO_LOCO,GSE26682,fixed_log_expression,xgboost
0.29,0.0,GEO_LOCO,GSE26682,fixed_log_expression,xgboost
0.3,0.0,GEO_LOCO,GSE26682,fixed_log_expression,xgboost
0.31,0.0,GEO_LOCO,GSE26682,fixed_log_expression,xgboost
0.32,0.0,GEO_LOCO,GSE26682,fixed_log_expression,xgboost
0.33,0.0,GEO_LOCO,GSE26682,fixed_log_expression,xgboost
0.34,0.0,GEO_LOCO,GSE26682,fixed_log_expression,xgboost
0.35000000000000003,0.0,GEO_LOCO,GSE26682,fixed_log_expression,xgboost
0.36,0.0,GEO_LOCO,GSE26682,fixed_log_expression,xgboost
0.37,0.0,GEO_LOCO,GSE26682,fixed_log_expression,xgboost
0.38,0.0,GEO_LOCO,GSE26682,fixed_log_expression,xgboost
0.39,0.20994908913047128,GEO_LOCO,GSE26682,fixed_log_expression,xgboost
0.4,0.9989954215490545,GEO_LOCO,GSE26682,fixed_log_expression,xgboost
0.41000000000000003,0.6999388974354215,GEO_LOCO,GSE26682,fixed_log_expression,xgboost
0.42,0.6095363886048857,GEO_LOCO,GSE26682,fixed_log_expression,xgboost
0.43,0.46543572812065853,GEO_LOCO,GSE26682,fixed_log_expression,xgboost
0.44,0.38437769039869585,GEO_LOCO,GSE26682,fixed_log_expression,xgboost
0.45,0.3460959271204601,GEO_LOCO,GSE26682,fixed_log_expression,xgboost
0.46,0.3645628584725764,GEO_LOCO,GSE26682,fixed_log_expression,xgboost
0.47000000000000003,0.465717287784884,GEO_LOCO,GSE26682,fixed_log_expression,xgboost
0.48,0.5318977548153188,GEO_LOCO,GSE26682,fixed_log_expression,xgboost
0.49,0.5980782218457539,GEO_LOCO,GSE26682,fixed_log_expression,xgboost
0.5,0.6642586888761891,GEO_LOCO,GSE26682,fixed_log_expression,xgboost
0.51,0.7304391559066242,GEO_LOCO,GSE26682,fixed_log_expression,xgboost
0.52,0.7760595174949957,GEO_LOCO,GSE26682,fixed_log_expression,xgboost
0.53,0.7760595174949957,GEO_LOCO,GSE26682,fixed_log_expression,xgboost
0.54,0.7760595174949957,GEO_LOCO,GSE26682,fixed_log_expression,xgboost
0.55,0.7760595174949957,GEO_LOCO,GSE26682,fixed_log_expression,xgboost
0.56,0.7760595174949957,GEO_LOCO,GSE26682,fixed_log_expression,xgboost
0.5700000000000001,0.7760595174949957,GEO_LOCO,GSE26682,fixed_log_expression,xgboost
0.58,0.7760595174949957,GEO_LOCO,GSE26682,fixed_log_expression,xgboost
0.59,0.7760595174949957,GEO_LOCO,GSE26682,fixed_log_expression,xgboost
0.6,0.7760595174949957,GEO_LOCO,GSE26682,fixed_log_expression,xgboost
0.61,0.7760595174949957,GEO_LOCO,GSE26682,fixed_log_expression,xgboost
0.62,0.7760595174949957,GEO_LOCO,GSE26682,fixed_log_expression,xgboost
0.63,0.7760595174949957,GEO_LOCO,GSE26682,fixed_log_expression,xgboost
0.64,0.7760595174949957,GEO_LOCO,GSE26682,fixed_log_expression,xgboost
0.65,0.7760595174949957,GEO_LOCO,GSE26682,fixed_log_expression,xgboost
0.66,0.7760595174949957,GEO_LOCO,GSE26682,fixed_log_expression,xgboost
0.67,0.7760595174949957,GEO_LOCO,GSE26682,fixed_log_expression,xgboost
0.68,0.7760595174949957,GEO_LOCO,GSE26682,fixed_log_expression,xgboost
0.6900000000000001,0.7760595174949957,GEO_LOCO,GSE26682,fixed_log_expression,xgboost
0.7000000000000001,0.7760595174949957,GEO_LOCO,GSE26682,fixed_log_expression,xgboost
0.71,0.7760595174949957,GEO_LOCO,GSE26682,fixed_log_expression,xgboost
0.72,0.7760595174949957,GEO_LOCO,GSE26682,fixed_log_expression,xgboost
0.73,0.7760595174949957,GEO_LOCO,GSE26682,fixed_log_expression,xgboost
0.74,0.7760595174949957,GEO_LOCO,GSE26682,fixed_log_expression,xgboost
0.75,0.7760595174949957,GEO_LOCO,GSE26682,fixed_log_expression,xgboost
0.76,0.7760595174949957,GEO_LOCO,GSE26682,fixed_log_expression,xgboost
0.77,0.7760595174949957,GEO_LOCO,GSE26682,fixed_log_expression,xgboost
0.78,0.7760595174949957,GEO_LOCO,GSE26682,fixed_log_expression,xgboost
0.79,0.7760595174949957,GEO_LOCO,GSE26682,fixed_log_expression,xgboost
0.8,0.7760595174949957,GEO_LOCO,GSE26682,fixed_log_expression,xgboost
0.81,0.7760595174949957,GEO_LOCO,GSE26682,fixed_log_expression,xgboost
0.8200000000000001,0.7760595174949957,GEO_LOCO,GSE26682,fixed_log_expression,xgboost
0.8300000000000001,0.7760595174949957,GEO_LOCO,GSE26682,fixed_log_expression,xgboost
0.84,0.7760595174949957,GEO_LOCO,GSE26682,fixed_log_expression,xgboost
0.85,0.7760595174949957,GEO_LOCO,GSE26682,fixed_log_expression,xgboost
0.86,0.7760595174949957,GEO_LOCO,GSE26682,fixed_log_expression,xgboost
0.87,0.7760595174949957,GEO_LOCO,GSE26682,fixed_log_expression,xgboost
0.88,0.7760595174949957,GEO_LOCO,GSE26682,fixed_log_expression,xgboost
0.89,0.7760595174949957,GEO_LOCO,GSE26682,fixed_log_expression,xgboost
0.9,0.7760595174949957,GEO_LOCO,GSE26682,fixed_log_expression,xgboost
0.91,0.7760595174949957,GEO_LOCO,GSE26682,fixed_log_expression,xgboost
0.92,0.7760595174949957,GEO_LOCO,GSE26682,fixed_log_expression,xgboost
0.93,0.7760595174949957,GEO_LOCO,GSE26682,fixed_log_expression,xgboost
0.9400000000000001,0.7760595174949957,GEO_LOCO,GSE26682,fixed_log_expression,xgboost
0.9500000000000001,0.7760595174949957,GEO_LOCO,GSE26682,fixed_log_expression,xgboost
0.96,0.7760595174949957,GEO_LOCO,GSE26682,fixed_log_expression,xgboost
0.97,0.7760595174949957,GEO_LOCO,GSE26682,fixed_log_expression,xgboost
0.98,0.7760595174949957,GEO_LOCO,GSE26682,fixed_log_expression,xgboost
0.99,0.7760595174949957,GEO_LOCO,GSE26682,fixed_log_expression,xgboost
1.0,0.7760595174949957,GEO_LOCO,GSE26682,fixed_log_expression,xgboost
0.0,0.015840902882861597,GEO_LOCO,GSE26682,single_sample_rank,elastic_net
0.01,0.015182211989123158,GEO_LOCO,GSE26682,single_sample_rank,elastic_net
0.02,0.014535638929824537,GEO_LOCO,GSE26682,single_sample_rank,elastic_net
0.03,0.013900466227113644,GEO_LOCO,GSE26682,single_sample_rank,elastic_net
0.04,0.013277156733900163,GEO_LOCO,GSE26682,single_sample_rank,elastic_net
0.05,0.012664957233905993,GEO_LOCO,GSE26682,single_sample_rank,elastic_net
0.06,0.012062848489218465,GEO_LOCO,GSE26682,single_sample_rank,elastic_net
0.07,0.011471470516221102,GEO_LOCO,GSE26682,single_sample_rank,elastic_net
0.08,0.010889524032062163,GEO_LOCO,GSE26682,single_sample_rank,elastic_net
0.09,0.010319051882852242,GEO_LOCO,GSE26682,single_sample_rank,elastic_net
0.1,0.0097593111788369,GEO_LOCO,GSE26682,single_sample_rank,elastic_net
0.11,0.00920984498228587,GEO_LOCO,GSE26682,single_sample_rank,elastic_net
0.12,0.008677798900602265,GEO_LOCO,GSE26682,single_sample_rank,elastic_net
0.13,0.008151878448484763,GEO_LOCO,GSE26682,single_sample_rank,elastic_net
0.14,0.0076315602005499455,GEO_LOCO,GSE26682,single_sample_rank,elastic_net
0.15,0.007132689592431923,GEO_LOCO,GSE26682,single_sample_rank,elastic_net
0.16,0.006636754094278678,GEO_LOCO,GSE26682,single_sample_rank,elastic_net
0.17,0.006176724937583627,GEO_LOCO,GSE26682,single_sample_rank,elastic_net
0.18,0.005736762511537349,GEO_LOCO,GSE26682,single_sample_rank,elastic_net
0.19,0.005296800085491071,GEO_LOCO,GSE26682,single_sample_rank,elastic_net
0.2,0.004856837659444793,GEO_LOCO,GSE26682,single_sample_rank,elastic_net
0.21,0.004426000316774219,GEO_LOCO,GSE26682,single_sample_rank,elastic_net
0.22,0.004049750232808335,GEO_LOCO,GSE26682,single_sample_rank,elastic_net
0.23,0.003675698042423641,GEO_LOCO,GSE26682,single_sample_rank,elastic_net
0.24,0.0033817270031761076,GEO_LOCO,GSE26682,single_sample_rank,elastic_net
0.25,0.0030883655601057288,GEO_LOCO,GSE26682,single_sample_rank,elastic_net
0.26,0.0027950041170353504,GEO_LOCO,GSE26682,single_sample_rank,elastic_net
0.27,0.0025016426739649716,GEO_LOCO,GSE26682,single_sample_rank,elastic_net
0.28,0.0022696394330630845,GEO_LOCO,GSE26682,single_sample_rank,elastic_net
0.29,0.002052702284637099,GEO_LOCO,GSE26682,single_sample_rank,elastic_net
0.3,0.0018357651362111125,GEO_LOCO,GSE26682,single_sample_rank,elastic_net
0.31,0.001618827987785126,GEO_LOCO,GSE26682,single_sample_rank,elastic_net
0.32,0.0014018908393591395,GEO_LOCO,GSE26682,single_sample_rank,elastic_net
0.33,0.0014613209523487627,GEO_LOCO,GSE26682,single_sample_rank,elastic_net
0.34,0.0025059338377147067,GEO_LOCO,GSE26682,single_sample_rank,elastic_net
0.35000000000000003,0.003550546723080651,GEO_LOCO,GSE26682,single_sample_rank,elastic_net
0.36,0.00459515960844659,GEO_LOCO,GSE26682,single_sample_rank,elastic_net
0.37,0.005639772493812534,GEO_LOCO,GSE26682,single_sample_rank,elastic_net
0.38,0.007462966282934317,GEO_LOCO,GSE26682,single_sample_rank,elastic_net
0.39,0.010454361196730573,GEO_LOCO,GSE26682,single_sample_rank,elastic_net
0.4,0.013410420895742247,GEO_LOCO,GSE26682,single_sample_rank,elastic_net
0.41000000000000003,0.016067321790956986,GEO_LOCO,GSE26682,single_sample_rank,elastic_net
0.42,0.01810117863184882,GEO_LOCO,GSE26682,single_sample_rank,elastic_net
0.43,0.01992785620046947,GEO_LOCO,GSE26682,single_sample_rank,elastic_net
0.44,0.021754533769090124,GEO_LOCO,GSE26682,single_sample_rank,elastic_net
0.45,0.023581211337710774,GEO_LOCO,GSE26682,single_sample_rank,elastic_net
0.46,0.025407888906331423,GEO_LOCO,GSE26682,single_sample_rank,elastic_net
0.47000000000000003,0.02646164878842263,GEO_LOCO,GSE26682,single_sample_rank,elastic_net
0.48,0.027097219232860383,GEO_LOCO,GSE26682,single_sample_rank,elastic_net
0.49,0.02773278967729814,GEO_LOCO,GSE26682,single_sample_rank,elastic_net
0.5,0.028368360121735894,GEO_LOCO,GSE26682,single_sample_rank,elastic_net
0.51,0.029357896749301487,GEO_LOCO,GSE26682,single_sample_rank,elastic_net
0.52,0.03149688794353006,GEO_LOCO,GSE26682,single_sample_rank,elastic_net
0.53,0.037203063080225474,GEO_LOCO,GSE26682,single_sample_rank,elastic_net
0.54,0.0462042921001644,GEO_LOCO,GSE26682,single_sample_rank,elastic_net
0.55,0.05520552112010333,GEO_LOCO,GSE26682,single_sample_rank,elastic_net
0.56,0.06420675014004226,GEO_LOCO,GSE26682,single_sample_rank,elastic_net
0.5700000000000001,0.07373790871092036,GEO_LOCO,GSE26682,single_sample_rank,elastic_net
0.58,0.08388914672417783,GEO_LOCO,GSE26682,single_sample_rank,elastic_net
0.59,0.09404038473743541,GEO_LOCO,GSE26682,single_sample_rank,elastic_net
0.6,0.10419162275069299,GEO_LOCO,GSE26682,single_sample_rank,elastic_net
0.61,0.11434286076395056,GEO_LOCO,GSE26682,single_sample_rank,elastic_net
0.62,0.1244854431824693,GEO_LOCO,GSE26682,single_sample_rank,elastic_net
0.63,0.13456126136978644,GEO_LOCO,GSE26682,single_sample_rank,elastic_net
0.64,0.14467029990566185,GEO_LOCO,GSE26682,single_sample_rank,elastic_net
0.65,0.15483824314123912,GEO_LOCO,GSE26682,single_sample_rank,elastic_net
0.66,0.16508366670562258,GEO_LOCO,GSE26682,single_sample_rank,elastic_net
0.67,0.17540704430599016,GEO_LOCO,GSE26682,single_sample_rank,elastic_net
0.68,0.18574050173173837,GEO_LOCO,GSE26682,single_sample_rank,elastic_net
0.6900000000000001,0.1962099684624891,GEO_LOCO,GSE26682,single_sample_rank,elastic_net
0.7000000000000001,0.2067919754121436,GEO_LOCO,GSE26682,single_sample_rank,elastic_net
0.71,0.2174039389185476,GEO_LOCO,GSE26682,single_sample_rank,elastic_net
0.72,0.22814770729499328,GEO_LOCO,GSE26682,single_sample_rank,elastic_net
0.73,0.238923261858497,GEO_LOCO,GSE26682,single_sample_rank,elastic_net
0.74,0.2498169914012283,GEO_LOCO,GSE26682,single_sample_rank,elastic_net
0.75,0.2608933661374626,GEO_LOCO,GSE26682,single_sample_rank,elastic_net
0.76,0.27205115512806,GEO_LOCO,GSE26682,single_sample_rank,elastic_net
0.77,0.2832089441186574,GEO_LOCO,GSE26682,single_sample_rank,elastic_net
0.78,0.29436673310925476,GEO_LOCO,GSE26682,single_sample_rank,elastic_net
0.79,0.30552452209985215,GEO_LOCO,GSE26682,single_sample_rank,elastic_net
0.8,0.31668231109044953,GEO_LOCO,GSE26682,single_sample_rank,elastic_net
0.81,0.3281619875386863,GEO_LOCO,GSE26682,single_sample_rank,elastic_net
0.8200000000000001,0.33964557538711876,GEO_LOCO,GSE26682,single_sample_rank,elastic_net
0.8300000000000001,0.3511291632355512,GEO_LOCO,GSE26682,single_sample_rank,elastic_net
0.84,0.36269157490124226,GEO_LOCO,GSE26682,single_sample_rank,elastic_net
0.85,0.3743925822498527,GEO_LOCO,GSE26682,single_sample_rank,elastic_net
0.86,0.38615489160703576,GEO_LOCO,GSE26682,single_sample_rank,elastic_net
0.87,0.3979172009642188,GEO_LOCO,GSE26682,single_sample_rank,elastic_net
0.88,0.40979278082041243,GEO_LOCO,GSE26682,single_sample_rank,elastic_net
0.89,0.42173795947707726,GEO_LOCO,GSE26682,single_sample_rank,elastic_net
0.9,0.43386975062143285,GEO_LOCO,GSE26682,single_sample_rank,elastic_net
0.91,0.4460535171016336,GEO_LOCO,GSE26682,single_sample_rank,elastic_net
0.92,0.45823728358183435,GEO_LOCO,GSE26682,single_sample_rank,elastic_net
0.93,0.4704210500620351,GEO_LOCO,GSE26682,single_sample_rank,elastic_net
0.9400000000000001,0.48264491092403805,GEO_LOCO,GSE26682,single_sample_rank,elastic_net
0.9500000000000001,0.4951126879587861,GEO_LOCO,GSE26682,single_sample_rank,elastic_net
0.96,0.5076696569770136,GEO_LOCO,GSE26682,single_sample_rank,elastic_net
0.97,0.5202266259952413,GEO_LOCO,GSE26682,single_sample_rank,elastic_net
0.98,0.5329273388634964,GEO_LOCO,GSE26682,single_sample_rank,elastic_net
0.99,0.5457207778177194,GEO_LOCO,GSE26682,single_sample_rank,elastic_net
1.0,0.5586287281731537,GEO_LOCO,GSE26682,single_sample_rank,elastic_net
0.0,0.0,GEO_LOCO,GSE26682,single_sample_rank,svm_rbf
0.01,0.0,GEO_LOCO,GSE26682,single_sample_rank,svm_rbf
0.02,0.0,GEO_LOCO,GSE26682,single_sample_rank,svm_rbf
0.03,0.0,GEO_LOCO,GSE26682,single_sample_rank,svm_rbf
0.04,0.0,GEO_LOCO,GSE26682,single_sample_rank,svm_rbf
0.05,0.0,GEO_LOCO,GSE26682,single_sample_rank,svm_rbf
0.06,0.0,GEO_LOCO,GSE26682,single_sample_rank,svm_rbf
0.07,0.0,GEO_LOCO,GSE26682,single_sample_rank,svm_rbf
0.08,0.0,GEO_LOCO,GSE26682,single_sample_rank,svm_rbf
0.09,0.0,GEO_LOCO,GSE26682,single_sample_rank,svm_rbf
0.1,0.0,GEO_LOCO,GSE26682,single_sample_rank,svm_rbf
0.11,0.0,GEO_LOCO,GSE26682,single_sample_rank,svm_rbf
0.12,0.0,GEO_LOCO,GSE26682,single_sample_rank,svm_rbf
0.13,0.0,GEO_LOCO,GSE26682,single_sample_rank,svm_rbf
0.14,0.0,GEO_LOCO,GSE26682,single_sample_rank,svm_rbf
0.15,0.0,GEO_LOCO,GSE26682,single_sample_rank,svm_rbf
0.16,0.0,GEO_LOCO,GSE26682,single_sample_rank,svm_rbf
0.17,0.0,GEO_LOCO,GSE26682,single_sample_rank,svm_rbf
0.18,0.0,GEO_LOCO,GSE26682,single_sample_rank,svm_rbf
0.19,0.0,GEO_LOCO,GSE26682,single_sample_rank,svm_rbf
0.2,0.0,GEO_LOCO,GSE26682,single_sample_rank,svm_rbf
0.21,0.0,GEO_LOCO,GSE26682,single_sample_rank,svm_rbf
0.22,0.0,GEO_LOCO,GSE26682,single_sample_rank,svm_rbf
0.23,0.0,GEO_LOCO,GSE26682,single_sample_rank,svm_rbf
0.24,0.0,GEO_LOCO,GSE26682,single_sample_rank,svm_rbf
0.25,0.0,GEO_LOCO,GSE26682,single_sample_rank,svm_rbf
0.26,0.0,GEO_LOCO,GSE26682,single_sample_rank,svm_rbf
0.27,4.974682721401751e-05,GEO_LOCO,GSE26682,single_sample_rank,svm_rbf
0.28,0.00022648560463254025,GEO_LOCO,GSE26682,single_sample_rank,svm_rbf
0.29,0.000403224382051062,GEO_LOCO,GSE26682,single_sample_rank,svm_rbf
0.3,0.0005799631594695847,GEO_LOCO,GSE26682,single_sample_rank,svm_rbf
0.31,0.0007567019368881075,GEO_LOCO,GSE26682,single_sample_rank,svm_rbf
0.32,0.0009334407143066302,GEO_LOCO,GSE26682,single_sample_rank,svm_rbf
0.33,0.0008695009068775743,GEO_LOCO,GSE26682,single_sample_rank,svm_rbf
0.34,0.0007217278019228711,GEO_LOCO,GSE26682,single_sample_rank,svm_rbf
0.35000000000000003,0.0005739546969681679,GEO_LOCO,GSE26682,single_sample_rank,svm_rbf
0.36,0.00042618159201346546,GEO_LOCO,GSE26682,single_sample_rank,svm_rbf
0.37,0.0002784084870587623,GEO_LOCO,GSE26682,single_sample_rank,svm_rbf
0.38,0.00013063538210405904,GEO_LOCO,GSE26682,single_sample_rank,svm_rbf
0.39,6.967283089897296e-05,GEO_LOCO,GSE26682,single_sample_rank,svm_rbf
0.4,0.0006704393762943698,GEO_LOCO,GSE26682,single_sample_rank,svm_rbf
0.41000000000000003,0.0012712059216897667,GEO_LOCO,GSE26682,single_sample_rank,svm_rbf
0.42,0.004067714152676085,GEO_LOCO,GSE26682,single_sample_rank,svm_rbf
0.43,0.009547218592124634,GEO_LOCO,GSE26682,single_sample_rank,svm_rbf
0.44,0.014687437603489641,GEO_LOCO,GSE26682,single_sample_rank,svm_rbf
0.45,0.019605125971504163,GEO_LOCO,GSE26682,single_sample_rank,svm_rbf
0.46,0.02448372521432536,GEO_LOCO,GSE26682,single_sample_rank,svm_rbf
0.47000000000000003,0.029631679079895674,GEO_LOCO,GSE26682,single_sample_rank,svm_rbf
0.48,0.03176068519431285,GEO_LOCO,GSE26682,single_sample_rank,svm_rbf
0.49,0.028613028221865816,GEO_LOCO,GSE26682,single_sample_rank,svm_rbf
0.5,0.016320327699473582,GEO_LOCO,GSE26682,single_sample_rank,svm_rbf
0.51,0.04740540684673901,GEO_LOCO,GSE26682,single_sample_rank,svm_rbf
0.52,0.17113978722355908,GEO_LOCO,GSE26682,single_sample_rank,svm_rbf
0.53,0.29860750752923215,GEO_LOCO,GSE26682,single_sample_rank,svm_rbf
0.54,0.43111917427293756,GEO_LOCO,GSE26682,single_sample_rank,svm_rbf
0.55,0.5513590482152468,GEO_LOCO,GSE26682,single_sample_rank,svm_rbf
0.56,0.6374119303863164,GEO_LOCO,GSE26682,single_sample_rank,svm_rbf
0.5700000000000001,0.6896828219313719,GEO_LOCO,GSE26682,single_sample_rank,svm_rbf
0.58,0.7419537134764269,GEO_LOCO,GSE26682,single_sample_rank,svm_rbf
0.59,0.7942246050214824,GEO_LOCO,GSE26682,single_sample_rank,svm_rbf
0.6,0.846495496566538,GEO_LOCO,GSE26682,single_sample_rank,svm_rbf
0.61,0.8668046816372282,GEO_LOCO,GSE26682,single_sample_rank,svm_rbf
0.62,0.8830326917414225,GEO_LOCO,GSE26682,single_sample_rank,svm_rbf
0.63,0.8824701794972889,GEO_LOCO,GSE26682,single_sample_rank,svm_rbf
0.64,0.8753975683845878,GEO_LOCO,GSE26682,single_sample_rank,svm_rbf
0.65,0.8683249572718867,GEO_LOCO,GSE26682,single_sample_rank,svm_rbf
0.66,0.8612523461591856,GEO_LOCO,GSE26682,single_sample_rank,svm_rbf
0.67,0.8541797350464845,GEO_LOCO,GSE26682,single_sample_rank,svm_rbf
0.68,0.8621869831093447,GEO_LOCO,GSE26682,single_sample_rank,svm_rbf
0.6900000000000001,0.878659759829968,GEO_LOCO,GSE26682,single_sample_rank,svm_rbf
0.7000000000000001,0.8951325365505913,GEO_LOCO,GSE26682,single_sample_rank,svm_rbf
0.71,0.9116053132712144,GEO_LOCO,GSE26682,single_sample_rank,svm_rbf
0.72,0.9280780899918377,GEO_LOCO,GSE26682,single_sample_rank,svm_rbf
0.73,0.9439781663201017,GEO_LOCO,GSE26682,single_sample_rank,svm_rbf
0.74,0.9529639028235504,GEO_LOCO,GSE26682,single_sample_rank,svm_rbf
0.75,0.9619496393269991,GEO_LOCO,GSE26682,single_sample_rank,svm_rbf
0.76,0.9709353758304478,GEO_LOCO,GSE26682,single_sample_rank,svm_rbf
0.77,0.9799211123338964,GEO_LOCO,GSE26682,single_sample_rank,svm_rbf
0.78,0.9898690733776092,GEO_LOCO,GSE26682,single_sample_rank,svm_rbf
0.79,0.9931313539254525,GEO_LOCO,GSE26682,single_sample_rank,svm_rbf
0.8,0.9955728108820002,GEO_LOCO,GSE26682,single_sample_rank,svm_rbf
0.81,0.998014267838548,GEO_LOCO,GSE26682,single_sample_rank,svm_rbf
0.8200000000000001,1.0,GEO_LOCO,GSE26682,single_sample_rank,svm_rbf
0.8300000000000001,1.0,GEO_LOCO,GSE26682,single_sample_rank,svm_rbf
0.84,1.0,GEO_LOCO,GSE26682,single_sample_rank,svm_rbf
0.85,1.0,GEO_LOCO,GSE26682,single_sample_rank,svm_rbf
0.86,1.0,GEO_LOCO,GSE26682,single_sample_rank,svm_rbf
0.87,1.0,GEO_LOCO,GSE26682,single_sample_rank,svm_rbf
0.88,1.0,GEO_LOCO,GSE26682,single_sample_rank,svm_rbf
0.89,1.0,GEO_LOCO,GSE26682,single_sample_rank,svm_rbf
0.9,1.0,GEO_LOCO,GSE26682,single_sample_rank,svm_rbf
0.91,1.0,GEO_LOCO,GSE26682,single_sample_rank,svm_rbf
0.92,1.0,GEO_LOCO,GSE26682,single_sample_rank,svm_rbf
0.93,1.0,GEO_LOCO,GSE26682,single_sample_rank,svm_rbf
0.9400000000000001,1.0,GEO_LOCO,GSE26682,single_sample_rank,svm_rbf
0.9500000000000001,1.0,GEO_LOCO,GSE26682,single_sample_rank,svm_rbf
0.96,1.0,GEO_LOCO,GSE26682,single_sample_rank,svm_rbf
0.97,1.0,GEO_LOCO,GSE26682,single_sample_rank,svm_rbf
0.98,1.0,GEO_LOCO,GSE26682,single_sample_rank,svm_rbf
0.99,1.0,GEO_LOCO,GSE26682,single_sample_rank,svm_rbf
1.0,1.0,GEO_LOCO,GSE26682,single_sample_rank,svm_rbf
0.0,0.04467210822251311,GEO_LOCO,GSE26682,single_sample_rank,xgboost
0.01,0.04467210822251311,GEO_LOCO,GSE26682,single_sample_rank,xgboost
0.02,0.042741246581337676,GEO_LOCO,GSE26682,single_sample_rank,xgboost
0.03,0.04053582233512706,GEO_LOCO,GSE26682,single_sample_rank,xgboost
0.04,0.03836164617398287,GEO_LOCO,GSE26682,single_sample_rank,xgboost
0.05,0.03621720098643885,GEO_LOCO,GSE26682,single_sample_rank,xgboost
0.06,0.03410120976508849,GEO_LOCO,GSE26682,single_sample_rank,xgboost
0.07,0.03201526366967374,GEO_LOCO,GSE26682,single_sample_rank,xgboost
0.08,0.029962081774480315,GEO_LOCO,GSE26682,single_sample_rank,xgboost
0.09,0.027938161961333616,GEO_LOCO,GSE26682,single_sample_rank,xgboost
0.1,0.02594583772717251,GEO_LOCO,GSE26682,single_sample_rank,xgboost
0.11,0.023980520253105587,GEO_LOCO,GSE26682,single_sample_rank,xgboost
0.12,0.022045993219596716,GEO_LOCO,GSE26682,single_sample_rank,xgboost
0.13,0.02014225746977394,GEO_LOCO,GSE26682,single_sample_rank,xgboost
0.14,0.01826979127676901,GEO_LOCO,GSE26682,single_sample_rank,xgboost
0.15,0.01643378379149763,GEO_LOCO,GSE26682,single_sample_rank,xgboost
0.16,0.014663840195389065,GEO_LOCO,GSE26682,single_sample_rank,xgboost
0.17,0.012923780577343905,GEO_LOCO,GSE26682,single_sample_rank,xgboost
0.18,0.011191257740352869,GEO_LOCO,GSE26682,single_sample_rank,xgboost
0.19,0.009561618064928992,GEO_LOCO,GSE26682,single_sample_rank,xgboost
0.2,0.008034514936101803,GEO_LOCO,GSE26682,single_sample_rank,xgboost
0.21,0.006608141674776598,GEO_LOCO,GSE26682,single_sample_rank,xgboost
0.22,0.0051887670639276144,GEO_LOCO,GSE26682,single_sample_rank,xgboost
0.23,0.003966969500162328,GEO_LOCO,GSE26682,single_sample_rank,xgboost
0.24,0.002983558283479762,GEO_LOCO,GSE26682,single_sample_rank,xgboost
0.25,0.0020382754276908493,GEO_LOCO,GSE26682,single_sample_rank,xgboost
0.26,0.0012719269490306638,GEO_LOCO,GSE26682,single_sample_rank,xgboost
0.27,0.0006988737274859771,GEO_LOCO,GSE26682,single_sample_rank,xgboost
0.28,0.00026357928608497424,GEO_LOCO,GSE26682,single_sample_rank,xgboost
0.29,4.5287433641338104e-05,GEO_LOCO,GSE26682,single_sample_rank,xgboost
0.3,3.495256673973044e-05,GEO_LOCO,GSE26682,single_sample_rank,xgboost
0.31,0.001549724378890093,GEO_LOCO,GSE26682,single_sample_rank,xgboost
0.32,0.004380433331971299,GEO_LOCO,GSE26682,single_sample_rank,xgboost
0.33,0.0085043417778593,GEO_LOCO,GSE26682,single_sample_rank,xgboost
0.34,0.013350892389182413,GEO_LOCO,GSE26682,single_sample_rank,xgboost
0.35000000000000003,0.01781664032460117,GEO_LOCO,GSE26682,single_sample_rank,xgboost
0.36,0.021985784611210278,GEO_LOCO,GSE26682,single_sample_rank,xgboost
0.37,0.02513131802239146,GEO_LOCO,GSE26682,single_sample_rank,xgboost
0.38,0.028266735869435587,GEO_LOCO,GSE26682,single_sample_rank,xgboost
0.39,0.03061384538030293,GEO_LOCO,GSE26682,single_sample_rank,xgboost
0.4,0.03165407380564318,GEO_LOCO,GSE26682,single_sample_rank,xgboost
0.41000000000000003,0.032694302230983435,GEO_LOCO,GSE26682,single_sample_rank,xgboost
0.42,0.03373453065632368,GEO_LOCO,GSE26682,single_sample_rank,xgboost
0.43,0.034774759081663935,GEO_LOCO,GSE26682,single_sample_rank,xgboost
0.44,0.035572041196888116,GEO_LOCO,GSE26682,single_sample_rank,xgboost
0.45,0.035595523687122266,GEO_LOCO,GSE26682,single_sample_rank,xgboost
0.46,0.03604806924910448,GEO_LOCO,GSE26682,single_sample_rank,xgboost
0.47000000000000003,0.0365006148110867,GEO_LOCO,GSE26682,single_sample_rank,xgboost
0.48,0.03695316037306892,GEO_LOCO,GSE26682,single_sample_rank,xgboost
0.49,0.03740570593505114,GEO_LOCO,GSE26682,single_sample_rank,xgboost
0.5,0.037966158574807896,GEO_LOCO,GSE26682,single_sample_rank,xgboost
0.51,0.04375296582850096,GEO_LOCO,GSE26682,single_sample_rank,xgboost
0.52,0.049778317735947944,GEO_LOCO,GSE26682,single_sample_rank,xgboost
0.53,0.05580366964339493,GEO_LOCO,GSE26682,single_sample_rank,xgboost
0.54,0.06182902155084191,GEO_LOCO,GSE26682,single_sample_rank,xgboost
0.55,0.06805412301852916,GEO_LOCO,GSE26682,single_sample_rank,xgboost
0.56,0.08417026801773149,GEO_LOCO,GSE26682,single_sample_rank,xgboost
0.5700000000000001,0.10192632055370013,GEO_LOCO,GSE26682,single_sample_rank,xgboost
0.58,0.1201755102867795,GEO_LOCO,GSE26682,single_sample_rank,xgboost
0.59,0.13846410639563345,GEO_LOCO,GSE26682,single_sample_rank,xgboost
0.6,0.15604945326598083,GEO_LOCO,GSE26682,single_sample_rank,xgboost
0.61,0.1725100129392904,GEO_LOCO,GSE26682,single_sample_rank,xgboost
0.62,0.18897057261259997,GEO_LOCO,GSE26682,single_sample_rank,xgboost
0.63,0.20543113228590956,GEO_LOCO,GSE26682,single_sample_rank,xgboost
0.64,0.22161331655980157,GEO_LOCO,GSE26682,single_sample_rank,xgboost
0.65,0.23671996067690257,GEO_LOCO,GSE26682,single_sample_rank,xgboost
0.66,0.25182660479400354,GEO_LOCO,GSE26682,single_sample_rank,xgboost
0.67,0.2666538241775892,GEO_LOCO,GSE26682,single_sample_rank,xgboost
0.68,0.28113145667425715,GEO_LOCO,GSE26682,single_sample_rank,xgboost
0.6900000000000001,0.2955451017059303,GEO_LOCO,GSE26682,single_sample_rank,xgboost
0.7000000000000001,0.3097858224672141,GEO_LOCO,GSE26682,single_sample_rank,xgboost
0.71,0.3239016975025239,GEO_LOCO,GSE26682,single_sample_rank,xgboost
0.72,0.3380175725378339,GEO_LOCO,GSE26682,single_sample_rank,xgboost
0.73,0.35213344757314385,GEO_LOCO,GSE26682,single_sample_rank,xgboost
0.74,0.366215490320276,GEO_LOCO,GSE26682,single_sample_rank,xgboost
0.75,0.380226590776831,GEO_LOCO,GSE26682,single_sample_rank,xgboost
0.76,0.39423769123338603,GEO_LOCO,GSE26682,single_sample_rank,xgboost
0.77,0.40824879168994105,GEO_LOCO,GSE26682,single_sample_rank,xgboost
0.78,0.42227103327414434,GEO_LOCO,GSE26682,single_sample_rank,xgboost
0.79,0.436367544535543,GEO_LOCO,GSE26682,single_sample_rank,xgboost
0.8,0.4504640557969417,GEO_LOCO,GSE26682,single_sample_rank,xgboost
0.81,0.46456056705834037,GEO_LOCO,GSE26682,single_sample_rank,xgboost
0.8200000000000001,0.4787302897329152,GEO_LOCO,GSE26682,single_sample_rank,xgboost
0.8300000000000001,0.4930154713410627,GEO_LOCO,GSE26682,single_sample_rank,xgboost
0.84,0.50737148147062,GEO_LOCO,GSE26682,single_sample_rank,xgboost
0.85,0.5217274916001774,GEO_LOCO,GSE26682,single_sample_rank,xgboost
0.86,0.5361393666726726,GEO_LOCO,GSE26682,single_sample_rank,xgboost
0.87,0.5506945867738624,GEO_LOCO,GSE26682,single_sample_rank,xgboost
0.88,0.5653464239382407,GEO_LOCO,GSE26682,single_sample_rank,xgboost
0.89,0.5800947340970805,GEO_LOCO,GSE26682,single_sample_rank,xgboost
0.9,0.5949264386112928,GEO_LOCO,GSE26682,single_sample_rank,xgboost
0.91,0.6099513257353614,GEO_LOCO,GSE26682,single_sample_rank,xgboost
0.92,0.6250108340615879,GEO_LOCO,GSE26682,single_sample_rank,xgboost
0.93,0.6402628506755814,GEO_LOCO,GSE26682,single_sample_rank,xgboost
0.9400000000000001,0.6556248696393219,GEO_LOCO,GSE26682,single_sample_rank,xgboost
0.9500000000000001,0.6711330393953319,GEO_LOCO,GSE26682,single_sample_rank,xgboost
0.96,0.6867265089085619,GEO_LOCO,GSE26682,single_sample_rank,xgboost
0.97,0.7025078048511165,GEO_LOCO,GSE26682,single_sample_rank,xgboost
0.98,0.718450272123584,GEO_LOCO,GSE26682,single_sample_rank,xgboost
0.99,0.7339675556134538,GEO_LOCO,GSE26682,single_sample_rank,xgboost
1.0,0.7339675556134538,GEO_LOCO,GSE26682,single_sample_rank,xgboost
0.0,0.027095667338588873,GEO_LOCO,GSE26682,target_cohort_adaptive_zscore,elastic_net
0.01,0.026024907691698723,GEO_LOCO,GSE26682,target_cohort_adaptive_zscore,elastic_net
0.02,0.024960588260962462,GEO_LOCO,GSE26682,target_cohort_adaptive_zscore,elastic_net
0.03,0.023904152402185602,GEO_LOCO,GSE26682,target_cohort_adaptive_zscore,elastic_net
0.04,0.02285836689924728,GEO_LOCO,GSE26682,target_cohort_adaptive_zscore,elastic_net
0.05,0.021822368036792383,GEO_LOCO,GSE26682,target_cohort_adaptive_zscore,elastic_net
0.06,0.02079816602977707,GEO_LOCO,GSE26682,target_cohort_adaptive_zscore,elastic_net
0.07,0.019781864624506932,GEO_LOCO,GSE26682,target_cohort_adaptive_zscore,elastic_net
0.08,0.0187777819329921,GEO_LOCO,GSE26682,target_cohort_adaptive_zscore,elastic_net
0.09,0.017780063396817775,GEO_LOCO,GSE26682,target_cohort_adaptive_zscore,elastic_net
0.1,0.016791983114370558,GEO_LOCO,GSE26682,target_cohort_adaptive_zscore,elastic_net
0.11,0.01581219873064054,GEO_LOCO,GSE26682,target_cohort_adaptive_zscore,elastic_net
0.12,0.014838906850011565,GEO_LOCO,GSE26682,target_cohort_adaptive_zscore,elastic_net
0.13,0.013872822799441176,GEO_LOCO,GSE26682,target_cohort_adaptive_zscore,elastic_net
0.14,0.012911297968201058,GEO_LOCO,GSE26682,target_cohort_adaptive_zscore,elastic_net
0.15,0.011954415901841068,GEO_LOCO,GSE26682,target_cohort_adaptive_zscore,elastic_net
0.16,0.011000986412035424,GEO_LOCO,GSE26682,target_cohort_adaptive_zscore,elastic_net
0.17,0.010050642079385993,GEO_LOCO,GSE26682,target_cohort_adaptive_zscore,elastic_net
0.18,0.009101615418717294,GEO_LOCO,GSE26682,target_cohort_adaptive_zscore,elastic_net
0.19,0.008154316083638159,GEO_LOCO,GSE26682,target_cohort_adaptive_zscore,elastic_net
0.2,0.0072156987728349675,GEO_LOCO,GSE26682,target_cohort_adaptive_zscore,elastic_net
0.21,0.0062770814620317795,GEO_LOCO,GSE26682,target_cohort_adaptive_zscore,elastic_net
0.22,0.005338464151228589,GEO_LOCO,GSE26682,target_cohort_adaptive_zscore,elastic_net
0.23,0.00442031638840753,GEO_LOCO,GSE26682,target_cohort_adaptive_zscore,elastic_net
0.24,0.003529530647967575,GEO_LOCO,GSE26682,target_cohort_adaptive_zscore,elastic_net
0.25,0.0027038236684272052,GEO_LOCO,GSE26682,target_cohort_adaptive_zscore,elastic_net
0.26,0.0018781166888868362,GEO_LOCO,GSE26682,target_cohort_adaptive_zscore,elastic_net
0.27,0.0011511220268783312,GEO_LOCO,GSE26682,target_cohort_adaptive_zscore,elastic_net
0.28,0.0005668490646213612,GEO_LOCO,GSE26682,target_cohort_adaptive_zscore,elastic_net
0.29,0.00018217250569171932,GEO_LOCO,GSE26682,target_cohort_adaptive_zscore,elastic_net
0.3,9.793160569812476e-05,GEO_LOCO,GSE26682,target_cohort_adaptive_zscore,elastic_net
0.31,9.285387193740535e-05,GEO_LOCO,GSE26682,target_cohort_adaptive_zscore,elastic_net
0.32,9.275510532440159e-05,GEO_LOCO,GSE26682,target_cohort_adaptive_zscore,elastic_net
0.33,9.265633871139783e-05,GEO_LOCO,GSE26682,target_cohort_adaptive_zscore,elastic_net
0.34,9.255757209839408e-05,GEO_LOCO,GSE26682,target_cohort_adaptive_zscore,elastic_net
0.35000000000000003,9.245880548539032e-05,GEO_LOCO,GSE26682,target_cohort_adaptive_zscore,elastic_net
0.36,9.236003887238655e-05,GEO_LOCO,GSE26682,target_cohort_adaptive_zscore,elastic_net
0.37,9.22612722593828e-05,GEO_LOCO,GSE26682,target_cohort_adaptive_zscore,elastic_net
0.38,8.4445282224762e-05,GEO_LOCO,GSE26682,target_cohort_adaptive_zscore,elastic_net
0.39,7.835586451038547e-05,GEO_LOCO,GSE26682,target_cohort_adaptive_zscore,elastic_net
0.4,7.792640646018971e-05,GEO_LOCO,GSE26682,target_cohort_adaptive_zscore,elastic_net
0.41000000000000003,7.749694840999395e-05,GEO_LOCO,GSE26682,target_cohort_adaptive_zscore,elastic_net
0.42,7.706749035979819e-05,GEO_LOCO,GSE26682,target_cohort_adaptive_zscore,elastic_net
0.43,7.731293850671801e-05,GEO_LOCO,GSE26682,target_cohort_adaptive_zscore,elastic_net
0.44,7.837362211727077e-05,GEO_LOCO,GSE26682,target_cohort_adaptive_zscore,elastic_net
0.45,7.943430572782354e-05,GEO_LOCO,GSE26682,target_cohort_adaptive_zscore,elastic_net
0.46,8.086400084040655e-05,GEO_LOCO,GSE26682,target_cohort_adaptive_zscore,elastic_net
0.47000000000000003,0.0011650287188014635,GEO_LOCO,GSE26682,target_cohort_adaptive_zscore,elastic_net
0.48,0.010536219340607977,GEO_LOCO,GSE26682,target_cohort_adaptive_zscore,elastic_net
0.49,0.019907409962414545,GEO_LOCO,GSE26682,target_cohort_adaptive_zscore,elastic_net
0.5,0.02927860058422111,GEO_LOCO,GSE26682,target_cohort_adaptive_zscore,elastic_net
0.51,0.03864979120602767,GEO_LOCO,GSE26682,target_cohort_adaptive_zscore,elastic_net
0.52,0.048020981827834236,GEO_LOCO,GSE26682,target_cohort_adaptive_zscore,elastic_net
0.53,0.0573921724496408,GEO_LOCO,GSE26682,target_cohort_adaptive_zscore,elastic_net
0.54,0.06676336307144738,GEO_LOCO,GSE26682,target_cohort_adaptive_zscore,elastic_net
0.55,0.07613455369325395,GEO_LOCO,GSE26682,target_cohort_adaptive_zscore,elastic_net
0.56,0.08550574431506051,GEO_LOCO,GSE26682,target_cohort_adaptive_zscore,elastic_net
0.5700000000000001,0.09640183075996157,GEO_LOCO,GSE26682,target_cohort_adaptive_zscore,elastic_net
0.58,0.11176956614470147,GEO_LOCO,GSE26682,target_cohort_adaptive_zscore,elastic_net
0.59,0.12537408148570645,GEO_LOCO,GSE26682,target_cohort_adaptive_zscore,elastic_net
0.6,0.1368655131594417,GEO_LOCO,GSE26682,target_cohort_adaptive_zscore,elastic_net
0.61,0.14835694483317693,GEO_LOCO,GSE26682,target_cohort_adaptive_zscore,elastic_net
0.62,0.1598483765069122,GEO_LOCO,GSE26682,target_cohort_adaptive_zscore,elastic_net
0.63,0.17133980818064742,GEO_LOCO,GSE26682,target_cohort_adaptive_zscore,elastic_net
0.64,0.18283123985438268,GEO_LOCO,GSE26682,target_cohort_adaptive_zscore,elastic_net
0.65,0.19432267152811794,GEO_LOCO,GSE26682,target_cohort_adaptive_zscore,elastic_net
0.66,0.20581410320185317,GEO_LOCO,GSE26682,target_cohort_adaptive_zscore,elastic_net
0.67,0.21728299162616185,GEO_LOCO,GSE26682,target_cohort_adaptive_zscore,elastic_net
0.68,0.22765136982463366,GEO_LOCO,GSE26682,target_cohort_adaptive_zscore,elastic_net
0.6900000000000001,0.23801974802310547,GEO_LOCO,GSE26682,target_cohort_adaptive_zscore,elastic_net
0.7000000000000001,0.24838812622157727,GEO_LOCO,GSE26682,target_cohort_adaptive_zscore,elastic_net
0.71,0.25875650442004894,GEO_LOCO,GSE26682,target_cohort_adaptive_zscore,elastic_net
0.72,0.2691254319864284,GEO_LOCO,GSE26682,target_cohort_adaptive_zscore,elastic_net
0.73,0.27949706685240444,GEO_LOCO,GSE26682,target_cohort_adaptive_zscore,elastic_net
0.74,0.2898687017183805,GEO_LOCO,GSE26682,target_cohort_adaptive_zscore,elastic_net
0.75,0.3002403365843565,GEO_LOCO,GSE26682,target_cohort_adaptive_zscore,elastic_net
0.76,0.3106984235663998,GEO_LOCO,GSE26682,target_cohort_adaptive_zscore,elastic_net
0.77,0.32115687120723224,GEO_LOCO,GSE26682,target_cohort_adaptive_zscore,elastic_net
0.78,0.3316600675679601,GEO_LOCO,GSE26682,target_cohort_adaptive_zscore,elastic_net
0.79,0.34233372780961313,GEO_LOCO,GSE26682,target_cohort_adaptive_zscore,elastic_net
0.8,0.35307720675756676,GEO_LOCO,GSE26682,target_cohort_adaptive_zscore,elastic_net
0.81,0.3638206857055204,GEO_LOCO,GSE26682,target_cohort_adaptive_zscore,elastic_net
0.8200000000000001,0.374564164653474,GEO_LOCO,GSE26682,target_cohort_adaptive_zscore,elastic_net
0.8300000000000001,0.3853076436014276,GEO_LOCO,GSE26682,target_cohort_adaptive_zscore,elastic_net
0.84,0.39605112254938113,GEO_LOCO,GSE26682,target_cohort_adaptive_zscore,elastic_net
0.85,0.40679460149733476,GEO_LOCO,GSE26682,target_cohort_adaptive_zscore,elastic_net
0.86,0.4177365438856169,GEO_LOCO,GSE26682,target_cohort_adaptive_zscore,elastic_net
0.87,0.4287772326024207,GEO_LOCO,GSE26682,target_cohort_adaptive_zscore,elastic_net
0.88,0.4399642553486901,GEO_LOCO,GSE26682,target_cohort_adaptive_zscore,elastic_net
0.89,0.4512760288788042,GEO_LOCO,GSE26682,target_cohort_adaptive_zscore,elastic_net
0.9,0.4625878024089183,GEO_LOCO,GSE26682,target_cohort_adaptive_zscore,elastic_net
0.91,0.47389957593903237,GEO_LOCO,GSE26682,target_cohort_adaptive_zscore,elastic_net
0.92,0.48521134946914646,GEO_LOCO,GSE26682,target_cohort_adaptive_zscore,elastic_net
0.93,0.496698755777933,GEO_LOCO,GSE26682,target_cohort_adaptive_zscore,elastic_net
0.9400000000000001,0.508369831024434,GEO_LOCO,GSE26682,target_cohort_adaptive_zscore,elastic_net
0.9500000000000001,0.5200409062709349,GEO_LOCO,GSE26682,target_cohort_adaptive_zscore,elastic_net
0.96,0.5317119815174358,GEO_LOCO,GSE26682,target_cohort_adaptive_zscore,elastic_net
0.97,0.5435880628743373,GEO_LOCO,GSE26682,target_cohort_adaptive_zscore,elastic_net
0.98,0.5555597986885009,GEO_LOCO,GSE26682,target_cohort_adaptive_zscore,elastic_net
0.99,0.5676423579597223,GEO_LOCO,GSE26682,target_cohort_adaptive_zscore,elastic_net
1.0,0.5798152997636078,GEO_LOCO,GSE26682,target_cohort_adaptive_zscore,elastic_net
0.0,0.02295301296587062,GEO_LOCO,GSE26682,target_cohort_adaptive_zscore,svm_rbf
0.01,0.02264117932255813,GEO_LOCO,GSE26682,target_cohort_adaptive_zscore,svm_rbf
0.02,0.022167021235858963,GEO_LOCO,GSE26682,target_cohort_adaptive_zscore,svm_rbf
0.03,0.02163191889159705,GEO_LOCO,GSE26682,target_cohort_adaptive_zscore,svm_rbf
0.04,0.02103552060954765,GEO_LOCO,GSE26682,target_cohort_adaptive_zscore,svm_rbf
0.05,0.020382966340099406,GEO_LOCO,GSE26682,target_cohort_adaptive_zscore,svm_rbf
0.06,0.019690830321899236,GEO_LOCO,GSE26682,target_cohort_adaptive_zscore,svm_rbf
0.07,0.01897654286926696,GEO_LOCO,GSE26682,target_cohort_adaptive_zscore,svm_rbf
0.08,0.018253362630629537,GEO_LOCO,GSE26682,target_cohort_adaptive_zscore,svm_rbf
0.09,0.017522532627022643,GEO_LOCO,GSE26682,target_cohort_adaptive_zscore,svm_rbf
0.1,0.016754847992283488,GEO_LOCO,GSE26682,target_cohort_adaptive_zscore,svm_rbf
0.11,0.01596391368115074,GEO_LOCO,GSE26682,target_cohort_adaptive_zscore,svm_rbf
0.12,0.015107818116956466,GEO_LOCO,GSE26682,target_cohort_adaptive_zscore,svm_rbf
0.13,0.014007812500738005,GEO_LOCO,GSE26682,target_cohort_adaptive_zscore,svm_rbf
0.14,0.012541177094741868,GEO_LOCO,GSE26682,target_cohort_adaptive_zscore,svm_rbf
0.15,0.010616950605237279,GEO_LOCO,GSE26682,target_cohort_adaptive_zscore,svm_rbf
0.16,0.008722251069722003,GEO_LOCO,GSE26682,target_cohort_adaptive_zscore,svm_rbf
0.17,0.007307529524107605,GEO_LOCO,GSE26682,target_cohort_adaptive_zscore,svm_rbf
0.18,0.00589280797849321,GEO_LOCO,GSE26682,target_cohort_adaptive_zscore,svm_rbf
0.19,0.0049584805650596765,GEO_LOCO,GSE26682,target_cohort_adaptive_zscore,svm_rbf
0.2,0.004962323878469958,GEO_LOCO,GSE26682,target_cohort_adaptive_zscore,svm_rbf
0.21,0.006968439264061521,GEO_LOCO,GSE26682,target_cohort_adaptive_zscore,svm_rbf
0.22,0.016177366402693294,GEO_LOCO,GSE26682,target_cohort_adaptive_zscore,svm_rbf
0.23,0.025386293541325072,GEO_LOCO,GSE26682,target_cohort_adaptive_zscore,svm_rbf
0.24,0.0341718411862625,GEO_LOCO,GSE26682,target_cohort_adaptive_zscore,svm_rbf
0.25,0.04060588538382706,GEO_LOCO,GSE26682,target_cohort_adaptive_zscore,svm_rbf
0.26,0.044618590413007295,GEO_LOCO,GSE26682,target_cohort_adaptive_zscore,svm_rbf
0.27,0.04711357084450376,GEO_LOCO,GSE26682,target_cohort_adaptive_zscore,svm_rbf
0.28,0.049608551276000216,GEO_LOCO,GSE26682,target_cohort_adaptive_zscore,svm_rbf
0.29,0.05210353170749667,GEO_LOCO,GSE26682,target_cohort_adaptive_zscore,svm_rbf
0.3,0.054598512138993124,GEO_LOCO,GSE26682,target_cohort_adaptive_zscore,svm_rbf
0.31,0.057442968569490424,GEO_LOCO,GSE26682,target_cohort_adaptive_zscore,svm_rbf
0.32,0.06190271103937227,GEO_LOCO,GSE26682,target_cohort_adaptive_zscore,svm_rbf
0.33,0.06757836617338936,GEO_LOCO,GSE26682,target_cohort_adaptive_zscore,svm_rbf
0.34,0.07325402130740646,GEO_LOCO,GSE26682,target_cohort_adaptive_zscore,svm_rbf
0.35000000000000003,0.07884689073464987,GEO_LOCO,GSE26682,target_cohort_adaptive_zscore,svm_rbf
0.36,0.08426245898019726,GEO_LOCO,GSE26682,target_cohort_adaptive_zscore,svm_rbf
0.37,0.08967802722574468,GEO_LOCO,GSE26682,target_cohort_adaptive_zscore,svm_rbf
0.38,0.09459577446218574,GEO_LOCO,GSE26682,target_cohort_adaptive_zscore,svm_rbf
0.39,0.09882453551215037,GEO_LOCO,GSE26682,target_cohort_adaptive_zscore,svm_rbf
0.4,0.10285109125773635,GEO_LOCO,GSE26682,target_cohort_adaptive_zscore,svm_rbf
0.41000000000000003,0.10674041264258737,GEO_LOCO,GSE26682,target_cohort_adaptive_zscore,svm_rbf
0.42,0.11069971050591808,GEO_LOCO,GSE26682,target_cohort_adaptive_zscore,svm_rbf
0.43,0.11468126874626755,GEO_LOCO,GSE26682,target_cohort_adaptive_zscore,svm_rbf
0.44,0.11970536713586624,GEO_LOCO,GSE26682,target_cohort_adaptive_zscore,svm_rbf
0.45,0.12522655654814552,GEO_LOCO,GSE26682,target_cohort_adaptive_zscore,svm_rbf
0.46,0.13166388517908725,GEO_LOCO,GSE26682,target_cohort_adaptive_zscore,svm_rbf
0.47000000000000003,0.138101213810029,GEO_LOCO,GSE26682,target_cohort_adaptive_zscore,svm_rbf
0.48,0.14453854244097067,GEO_LOCO,GSE26682,target_cohort_adaptive_zscore,svm_rbf
0.49,0.15096649581347038,GEO_LOCO,GSE26682,target_cohort_adaptive_zscore,svm_rbf
0.5,0.16018038114276,GEO_LOCO,GSE26682,target_cohort_adaptive_zscore,svm_rbf
0.51,0.16941340062068316,GEO_LOCO,GSE26682,target_cohort_adaptive_zscore,svm_rbf
0.52,0.1851596565011514,GEO_LOCO,GSE26682,target_cohort_adaptive_zscore,svm_rbf
0.53,0.20362484620148058,GEO_LOCO,GSE26682,target_cohort_adaptive_zscore,svm_rbf
0.54,0.22397877391778587,GEO_LOCO,GSE26682,target_cohort_adaptive_zscore,svm_rbf
0.55,0.2449838086380635,GEO_LOCO,GSE26682,target_cohort_adaptive_zscore,svm_rbf
0.56,0.26527220751948993,GEO_LOCO,GSE26682,target_cohort_adaptive_zscore,svm_rbf
0.5700000000000001,0.284398471954671,GEO_LOCO,GSE26682,target_cohort_adaptive_zscore,svm_rbf
0.58,0.3031235482770104,GEO_LOCO,GSE26682,target_cohort_adaptive_zscore,svm_rbf
0.59,0.3208881584742417,GEO_LOCO,GSE26682,target_cohort_adaptive_zscore,svm_rbf
0.6,0.338099428919245,GEO_LOCO,GSE26682,target_cohort_adaptive_zscore,svm_rbf
0.61,0.3539829948503152,GEO_LOCO,GSE26682,target_cohort_adaptive_zscore,svm_rbf
0.62,0.3698665607813854,GEO_LOCO,GSE26682,target_cohort_adaptive_zscore,svm_rbf
0.63,0.3857501267124556,GEO_LOCO,GSE26682,target_cohort_adaptive_zscore,svm_rbf
0.64,0.4016336926435258,GEO_LOCO,GSE26682,target_cohort_adaptive_zscore,svm_rbf
0.65,0.4174047771373976,GEO_LOCO,GSE26682,target_cohort_adaptive_zscore,svm_rbf
0.66,0.4325466525317027,GEO_LOCO,GSE26682,target_cohort_adaptive_zscore,svm_rbf
0.67,0.4475240417923938,GEO_LOCO,GSE26682,target_cohort_adaptive_zscore,svm_rbf
0.68,0.4625014310530849,GEO_LOCO,GSE26682,target_cohort_adaptive_zscore,svm_rbf
0.6900000000000001,0.4774439781510962,GEO_LOCO,GSE26682,target_cohort_adaptive_zscore,svm_rbf
0.7000000000000001,0.49227186535952233,GEO_LOCO,GSE26682,target_cohort_adaptive_zscore,svm_rbf
0.71,0.5070997525679483,GEO_LOCO,GSE26682,target_cohort_adaptive_zscore,svm_rbf
0.72,0.5219276397763744,GEO_LOCO,GSE26682,target_cohort_adaptive_zscore,svm_rbf
0.73,0.5367555269848006,GEO_LOCO,GSE26682,target_cohort_adaptive_zscore,svm_rbf
0.74,0.5515834141932267,GEO_LOCO,GSE26682,target_cohort_adaptive_zscore,svm_rbf
0.75,0.5664113014016527,GEO_LOCO,GSE26682,target_cohort_adaptive_zscore,svm_rbf
0.76,0.581239188610079,GEO_LOCO,GSE26682,target_cohort_adaptive_zscore,svm_rbf
0.77,0.596067075818505,GEO_LOCO,GSE26682,target_cohort_adaptive_zscore,svm_rbf
0.78,0.6108949630269311,GEO_LOCO,GSE26682,target_cohort_adaptive_zscore,svm_rbf
0.79,0.6257228502353573,GEO_LOCO,GSE26682,target_cohort_adaptive_zscore,svm_rbf
0.8,0.6405507374437834,GEO_LOCO,GSE26682,target_cohort_adaptive_zscore,svm_rbf
0.81,0.6554850513794955,GEO_LOCO,GSE26682,target_cohort_adaptive_zscore,svm_rbf
0.8200000000000001,0.6706223868067016,GEO_LOCO,GSE26682,target_cohort_adaptive_zscore,svm_rbf
0.8300000000000001,0.6857597222339077,GEO_LOCO,GSE26682,target_cohort_adaptive_zscore,svm_rbf
0.84,0.7008970576611135,GEO_LOCO,GSE26682,target_cohort_adaptive_zscore,svm_rbf
0.85,0.7160343930883196,GEO_LOCO,GSE26682,target_cohort_adaptive_zscore,svm_rbf
0.86,0.7311717285155257,GEO_LOCO,GSE26682,target_cohort_adaptive_zscore,svm_rbf
0.87,0.7463090639427317,GEO_LOCO,GSE26682,target_cohort_adaptive_zscore,svm_rbf
0.88,0.7614463993699377,GEO_LOCO,GSE26682,target_cohort_adaptive_zscore,svm_rbf
0.89,0.7765837347971438,GEO_LOCO,GSE26682,target_cohort_adaptive_zscore,svm_rbf
0.9,0.7917259113609828,GEO_LOCO,GSE26682,target_cohort_adaptive_zscore,svm_rbf
0.91,0.8071572962069224,GEO_LOCO,GSE26682,target_cohort_adaptive_zscore,svm_rbf
0.92,0.8225886810528621,GEO_LOCO,GSE26682,target_cohort_adaptive_zscore,svm_rbf
0.93,0.8380200658988017,GEO_LOCO,GSE26682,target_cohort_adaptive_zscore,svm_rbf
0.9400000000000001,0.8534514507447414,GEO_LOCO,GSE26682,target_cohort_adaptive_zscore,svm_rbf
0.9500000000000001,0.868941016003487,GEO_LOCO,GSE26682,target_cohort_adaptive_zscore,svm_rbf
0.96,0.884521287679526,GEO_LOCO,GSE26682,target_cohort_adaptive_zscore,svm_rbf
0.97,0.9001725538196513,GEO_LOCO,GSE26682,target_cohort_adaptive_zscore,svm_rbf
0.98,0.915867588598566,GEO_LOCO,GSE26682,target_cohort_adaptive_zscore,svm_rbf
0.99,0.931586875578664,GEO_LOCO,GSE26682,target_cohort_adaptive_zscore,svm_rbf
1.0,0.9424709948143715,GEO_LOCO,GSE26682,target_cohort_adaptive_zscore,svm_rbf
0.0,0.03626839632462252,GEO_LOCO,GSE26682,target_cohort_adaptive_zscore,xgboost
0.01,0.03626839632462252,GEO_LOCO,GSE26682,target_cohort_adaptive_zscore,xgboost
0.02,0.03528071871012946,GEO_LOCO,GSE26682,target_cohort_adaptive_zscore,xgboost
0.03,0.03379655383280872,GEO_LOCO,GSE26682,target_cohort_adaptive_zscore,xgboost
0.04,0.0323058691771224,GEO_LOCO,GSE26682,target_cohort_adaptive_zscore,xgboost
0.05,0.03080308399102305,GEO_LOCO,GSE26682,target_cohort_adaptive_zscore,xgboost
0.06,0.029281604670471497,GEO_LOCO,GSE26682,target_cohort_adaptive_zscore,xgboost
0.07,0.027741035702993525,GEO_LOCO,GSE26682,target_cohort_adaptive_zscore,xgboost
0.08,0.026186240686953056,GEO_LOCO,GSE26682,target_cohort_adaptive_zscore,xgboost
0.09,0.02462550448000425,GEO_LOCO,GSE26682,target_cohort_adaptive_zscore,xgboost
0.1,0.023071563635646816,GEO_LOCO,GSE26682,target_cohort_adaptive_zscore,xgboost
0.11,0.021549860184491357,GEO_LOCO,GSE26682,target_cohort_adaptive_zscore,xgboost
0.12,0.020068213978866812,GEO_LOCO,GSE26682,target_cohort_adaptive_zscore,xgboost
0.13,0.018653044492128852,GEO_LOCO,GSE26682,target_cohort_adaptive_zscore,xgboost
0.14,0.017305418910077225,GEO_LOCO,GSE26682,target_cohort_adaptive_zscore,xgboost
0.15,0.016050105333479503,GEO_LOCO,GSE26682,target_cohort_adaptive_zscore,xgboost
0.16,0.014870099791304221,GEO_LOCO,GSE26682,target_cohort_adaptive_zscore,xgboost
0.17,0.01377628673773818,GEO_LOCO,GSE26682,target_cohort_adaptive_zscore,xgboost
0.18,0.012739211177908844,GEO_LOCO,GSE26682,target_cohort_adaptive_zscore,xgboost
0.19,0.011702581471801511,GEO_LOCO,GSE26682,target_cohort_adaptive_zscore,xgboost
0.2,0.010678046440357948,GEO_LOCO,GSE26682,target_cohort_adaptive_zscore,xgboost
0.21,0.009688624658117305,GEO_LOCO,GSE26682,target_cohort_adaptive_zscore,xgboost
0.22,0.008780738606106132,GEO_LOCO,GSE26682,target_cohort_adaptive_zscore,xgboost
0.23,0.007793921888323872,GEO_LOCO,GSE26682,target_cohort_adaptive_zscore,xgboost
0.24,0.006863451283722677,GEO_LOCO,GSE26682,target_cohort_adaptive_zscore,xgboost
0.25,0.005934714422416681,GEO_LOCO,GSE26682,target_cohort_adaptive_zscore,xgboost
0.26,0.005011532931100461,GEO_LOCO,GSE26682,target_cohort_adaptive_zscore,xgboost
0.27,0.004088894425505643,GEO_LOCO,GSE26682,target_cohort_adaptive_zscore,xgboost
0.28,0.003391089088370651,GEO_LOCO,GSE26682,target_cohort_adaptive_zscore,xgboost
0.29,0.0027077885934814116,GEO_LOCO,GSE26682,target_cohort_adaptive_zscore,xgboost
0.3,0.002195608525637595,GEO_LOCO,GSE26682,target_cohort_adaptive_zscore,xgboost
0.31,0.0018307623900485888,GEO_LOCO,GSE26682,target_cohort_adaptive_zscore,xgboost
0.32,0.0015263373455665925,GEO_LOCO,GSE26682,target_cohort_adaptive_zscore,xgboost
0.33,0.0013085216915821633,GEO_LOCO,GSE26682,target_cohort_adaptive_zscore,xgboost
0.34,0.00119165186422525,GEO_LOCO,GSE26682,target_cohort_adaptive_zscore,xgboost
0.35000000000000003,0.0011088581616332878,GEO_LOCO,GSE26682,target_cohort_adaptive_zscore,xgboost
0.36,0.001005942492708719,GEO_LOCO,GSE26682,target_cohort_adaptive_zscore,xgboost
0.37,0.0008915292111748273,GEO_LOCO,GSE26682,target_cohort_adaptive_zscore,xgboost
0.38,0.0007733050500606128,GEO_LOCO,GSE26682,target_cohort_adaptive_zscore,xgboost
0.39,0.0006421313132088095,GEO_LOCO,GSE26682,target_cohort_adaptive_zscore,xgboost
0.4,0.0005312396924493536,GEO_LOCO,GSE26682,target_cohort_adaptive_zscore,xgboost
0.41000000000000003,0.0004319670455957492,GEO_LOCO,GSE26682,target_cohort_adaptive_zscore,xgboost
0.42,0.00033269439874214523,GEO_LOCO,GSE26682,target_cohort_adaptive_zscore,xgboost
0.43,0.0002690652292058438,GEO_LOCO,GSE26682,target_cohort_adaptive_zscore,xgboost
0.44,0.00023430180909380104,GEO_LOCO,GSE26682,target_cohort_adaptive_zscore,xgboost
0.45,0.00019953838898175826,GEO_LOCO,GSE26682,target_cohort_adaptive_zscore,xgboost
0.46,0.0001647749688697155,GEO_LOCO,GSE26682,target_cohort_adaptive_zscore,xgboost
0.47000000000000003,0.00013001154875767277,GEO_LOCO,GSE26682,target_cohort_adaptive_zscore,xgboost
0.48,9.767917615912875e-05,GEO_LOCO,GSE26682,target_cohort_adaptive_zscore,xgboost
0.49,0.000246993347632409,GEO_LOCO,GSE26682,target_cohort_adaptive_zscore,xgboost
0.5,0.0008243991115670683,GEO_LOCO,GSE26682,target_cohort_adaptive_zscore,xgboost
0.51,0.0016526122453149922,GEO_LOCO,GSE26682,target_cohort_adaptive_zscore,xgboost
0.52,0.006220709935158369,GEO_LOCO,GSE26682,target_cohort_adaptive_zscore,xgboost
0.53,0.010788807625001746,GEO_LOCO,GSE26682,target_cohort_adaptive_zscore,xgboost
0.54,0.025104437510465268,GEO_LOCO,GSE26682,target_cohort_adaptive_zscore,xgboost
0.55,0.053435744761634915,GEO_LOCO,GSE26682,target_cohort_adaptive_zscore,xgboost
0.56,0.08337643362475745,GEO_LOCO,GSE26682,target_cohort_adaptive_zscore,xgboost
0.5700000000000001,0.11331712248788,GEO_LOCO,GSE26682,target_cohort_adaptive_zscore,xgboost
0.58,0.1432578113510022,GEO_LOCO,GSE26682,target_cohort_adaptive_zscore,xgboost
0.59,0.1703571105759172,GEO_LOCO,GSE26682,target_cohort_adaptive_zscore,xgboost
0.6,0.19574840435455498,GEO_LOCO,GSE26682,target_cohort_adaptive_zscore,xgboost
0.61,0.22113969813319273,GEO_LOCO,GSE26682,target_cohort_adaptive_zscore,xgboost
0.62,0.2440448211241602,GEO_LOCO,GSE26682,target_cohort_adaptive_zscore,xgboost
0.63,0.26240030190570046,GEO_LOCO,GSE26682,target_cohort_adaptive_zscore,xgboost
0.64,0.2806102479721288,GEO_LOCO,GSE26682,target_cohort_adaptive_zscore,xgboost
0.65,0.2988201940385571,GEO_LOCO,GSE26682,target_cohort_adaptive_zscore,xgboost
0.66,0.3170301401049854,GEO_LOCO,GSE26682,target_cohort_adaptive_zscore,xgboost
0.67,0.33524008617141376,GEO_LOCO,GSE26682,target_cohort_adaptive_zscore,xgboost
0.68,0.35345003223784205,GEO_LOCO,GSE26682,target_cohort_adaptive_zscore,xgboost
0.6900000000000001,0.3716599783042704,GEO_LOCO,GSE26682,target_cohort_adaptive_zscore,xgboost
0.7000000000000001,0.3898699243706987,GEO_LOCO,GSE26682,target_cohort_adaptive_zscore,xgboost
0.71,0.40785152849458456,GEO_LOCO,GSE26682,target_cohort_adaptive_zscore,xgboost
0.72,0.4242253191375283,GEO_LOCO,GSE26682,target_cohort_adaptive_zscore,xgboost
0.73,0.4405177782714978,GEO_LOCO,GSE26682,target_cohort_adaptive_zscore,xgboost
0.74,0.4566470992678878,GEO_LOCO,GSE26682,target_cohort_adaptive_zscore,xgboost
0.75,0.47272884109155744,GEO_LOCO,GSE26682,target_cohort_adaptive_zscore,xgboost
0.76,0.488810582915227,GEO_LOCO,GSE26682,target_cohort_adaptive_zscore,xgboost
0.77,0.5048923247388966,GEO_LOCO,GSE26682,target_cohort_adaptive_zscore,xgboost
0.78,0.5209621363526814,GEO_LOCO,GSE26682,target_cohort_adaptive_zscore,xgboost
0.79,0.5370148869920819,GEO_LOCO,GSE26682,target_cohort_adaptive_zscore,xgboost
0.8,0.5531041669834029,GEO_LOCO,GSE26682,target_cohort_adaptive_zscore,xgboost
0.81,0.569193446974724,GEO_LOCO,GSE26682,target_cohort_adaptive_zscore,xgboost
0.8200000000000001,0.585282726966045,GEO_LOCO,GSE26682,target_cohort_adaptive_zscore,xgboost
0.8300000000000001,0.6018034428174213,GEO_LOCO,GSE26682,target_cohort_adaptive_zscore,xgboost
0.84,0.618416867282427,GEO_LOCO,GSE26682,target_cohort_adaptive_zscore,xgboost
0.85,0.6350302917474329,GEO_LOCO,GSE26682,target_cohort_adaptive_zscore,xgboost
0.86,0.6516437162124388,GEO_LOCO,GSE26682,target_cohort_adaptive_zscore,xgboost
0.87,0.6682571406774447,GEO_LOCO,GSE26682,target_cohort_adaptive_zscore,xgboost
0.88,0.6848705651424506,GEO_LOCO,GSE26682,target_cohort_adaptive_zscore,xgboost
0.89,0.7014839896074565,GEO_LOCO,GSE26682,target_cohort_adaptive_zscore,xgboost
0.9,0.7180974140724624,GEO_LOCO,GSE26682,target_cohort_adaptive_zscore,xgboost
0.91,0.7347108385374683,GEO_LOCO,GSE26682,target_cohort_adaptive_zscore,xgboost
0.92,0.7513242630024742,GEO_LOCO,GSE26682,target_cohort_adaptive_zscore,xgboost
0.93,0.7680395747556019,GEO_LOCO,GSE26682,target_cohort_adaptive_zscore,xgboost
0.9400000000000001,0.7853874957850525,GEO_LOCO,GSE26682,target_cohort_adaptive_zscore,xgboost
0.9500000000000001,0.8027354168145031,GEO_LOCO,GSE26682,target_cohort_adaptive_zscore,xgboost
0.96,0.8201501850829123,GEO_LOCO,GSE26682,target_cohort_adaptive_zscore,xgboost
0.97,0.8377812827795708,GEO_LOCO,GSE26682,target_cohort_adaptive_zscore,xgboost
0.98,0.8555335325852196,GEO_LOCO,GSE26682,target_cohort_adaptive_zscore,xgboost
0.99,0.8734164359204969,GEO_LOCO,GSE26682,target_cohort_adaptive_zscore,xgboost
1.0,0.8765202589730607,GEO_LOCO,GSE26682,target_cohort_adaptive_zscore,xgboost
0.0,0.0019678243808441583,GEO_LOCO,GSE39084,fixed_log_expression,elastic_net
0.01,0.00438126312439846,GEO_LOCO,GSE39084,fixed_log_expression,elastic_net
0.02,0.007313890115773864,GEO_LOCO,GSE39084,fixed_log_expression,elastic_net
0.03,0.010164155581613099,GEO_LOCO,GSE39084,fixed_log_expression,elastic_net
0.04,0.012917873776639279,GEO_LOCO,GSE39084,fixed_log_expression,elastic_net
0.05,0.01557875691731914,GEO_LOCO,GSE39084,fixed_log_expression,elastic_net
0.06,0.018180834996346946,GEO_LOCO,GSE39084,fixed_log_expression,elastic_net
0.07,0.020662966342962365,GEO_LOCO,GSE39084,fixed_log_expression,elastic_net
0.08,0.023063393033293363,GEO_LOCO,GSE39084,fixed_log_expression,elastic_net
0.09,0.025301892842455754,GEO_LOCO,GSE39084,fixed_log_expression,elastic_net
0.1,0.027537038496930653,GEO_LOCO,GSE39084,fixed_log_expression,elastic_net
0.11,0.029652426656386406,GEO_LOCO,GSE39084,fixed_log_expression,elastic_net
0.12,0.0316372787121596,GEO_LOCO,GSE39084,fixed_log_expression,elastic_net
0.13,0.03357604437128679,GEO_LOCO,GSE39084,fixed_log_expression,elastic_net
0.14,0.035413830651613014,GEO_LOCO,GSE39084,fixed_log_expression,elastic_net
0.15,0.037185067351164204,GEO_LOCO,GSE39084,fixed_log_expression,elastic_net
0.16,0.03885217829756027,GEO_LOCO,GSE39084,fixed_log_expression,elastic_net
0.17,0.040315291135280214,GEO_LOCO,GSE39084,fixed_log_expression,elastic_net
0.18,0.04160525815516601,GEO_LOCO,GSE39084,fixed_log_expression,elastic_net
0.19,0.042525101639045125,GEO_LOCO,GSE39084,fixed_log_expression,elastic_net
0.2,0.04274388700287437,GEO_LOCO,GSE39084,fixed_log_expression,elastic_net
0.21,0.04202272371018876,GEO_LOCO,GSE39084,fixed_log_expression,elastic_net
0.22,0.04089893965092533,GEO_LOCO,GSE39084,fixed_log_expression,elastic_net
0.23,0.03958494235478676,GEO_LOCO,GSE39084,fixed_log_expression,elastic_net
0.24,0.0382709450586482,GEO_LOCO,GSE39084,fixed_log_expression,elastic_net
0.25,0.03695694776250963,GEO_LOCO,GSE39084,fixed_log_expression,elastic_net
0.26,0.04784163104038093,GEO_LOCO,GSE39084,fixed_log_expression,elastic_net
0.27,0.08090625141357172,GEO_LOCO,GSE39084,fixed_log_expression,elastic_net
0.28,0.11397087178676249,GEO_LOCO,GSE39084,fixed_log_expression,elastic_net
0.29,0.1470354921599531,GEO_LOCO,GSE39084,fixed_log_expression,elastic_net
0.3,0.18010011253314387,GEO_LOCO,GSE39084,fixed_log_expression,elastic_net
0.31,0.21316473290633464,GEO_LOCO,GSE39084,fixed_log_expression,elastic_net
0.32,0.24641225074855486,GEO_LOCO,GSE39084,fixed_log_expression,elastic_net
0.33,0.280350888398592,GEO_LOCO,GSE39084,fixed_log_expression,elastic_net
0.34,0.31428952604862925,GEO_LOCO,GSE39084,fixed_log_expression,elastic_net
0.35000000000000003,0.34822816369866644,GEO_LOCO,GSE39084,fixed_log_expression,elastic_net
0.36,0.3648874334898689,GEO_LOCO,GSE39084,fixed_log_expression,elastic_net
0.37,0.37812970684244207,GEO_LOCO,GSE39084,fixed_log_expression,elastic_net
0.38,0.39137198019501523,GEO_LOCO,GSE39084,fixed_log_expression,elastic_net
0.39,0.4046142535475884,GEO_LOCO,GSE39084,fixed_log_expression,elastic_net
0.4,0.4178565269001615,GEO_LOCO,GSE39084,fixed_log_expression,elastic_net
0.41000000000000003,0.43109880025273467,GEO_LOCO,GSE39084,fixed_log_expression,elastic_net
0.42,0.4443410736053078,GEO_LOCO,GSE39084,fixed_log_expression,elastic_net
0.43,0.45758334695788094,GEO_LOCO,GSE39084,fixed_log_expression,elastic_net
0.44,0.47082562031045405,GEO_LOCO,GSE39084,fixed_log_expression,elastic_net
0.45,0.4840678936630272,GEO_LOCO,GSE39084,fixed_log_expression,elastic_net
0.46,0.4973101670156004,GEO_LOCO,GSE39084,fixed_log_expression,elastic_net
0.47000000000000003,0.505000914306871,GEO_LOCO,GSE39084,fixed_log_expression,elastic_net
0.48,0.5107991708641889,GEO_LOCO,GSE39084,fixed_log_expression,elastic_net
0.49,0.5178101685886926,GEO_LOCO,GSE39084,fixed_log_expression,elastic_net
0.5,0.5248211663131962,GEO_LOCO,GSE39084,fixed_log_expression,elastic_net
0.51,0.5318321640376998,GEO_LOCO,GSE39084,fixed_log_expression,elastic_net
0.52,0.5388431617622035,GEO_LOCO,GSE39084,fixed_log_expression,elastic_net
0.53,0.5479041583732818,GEO_LOCO,GSE39084,fixed_log_expression,elastic_net
0.54,0.5572000214663121,GEO_LOCO,GSE39084,fixed_log_expression,elastic_net
0.55,0.5666186670667348,GEO_LOCO,GSE39084,fixed_log_expression,elastic_net
0.56,0.576921603632761,GEO_LOCO,GSE39084,fixed_log_expression,elastic_net
0.5700000000000001,0.5872245401987872,GEO_LOCO,GSE39084,fixed_log_expression,elastic_net
0.58,0.5975274767648132,GEO_LOCO,GSE39084,fixed_log_expression,elastic_net
0.59,0.6080953513977385,GEO_LOCO,GSE39084,fixed_log_expression,elastic_net
0.6,0.6188116867403238,GEO_LOCO,GSE39084,fixed_log_expression,elastic_net
0.61,0.6295374817895616,GEO_LOCO,GSE39084,fixed_log_expression,elastic_net
0.62,0.6403238256111979,GEO_LOCO,GSE39084,fixed_log_expression,elastic_net
0.63,0.6511101694328342,GEO_LOCO,GSE39084,fixed_log_expression,elastic_net
0.64,0.6617875694969898,GEO_LOCO,GSE39084,fixed_log_expression,elastic_net
0.65,0.6724243633863817,GEO_LOCO,GSE39084,fixed_log_expression,elastic_net
0.66,0.6830611572757735,GEO_LOCO,GSE39084,fixed_log_expression,elastic_net
0.67,0.6936979511651653,GEO_LOCO,GSE39084,fixed_log_expression,elastic_net
0.68,0.7041043700602981,GEO_LOCO,GSE39084,fixed_log_expression,elastic_net
0.6900000000000001,0.714228284810328,GEO_LOCO,GSE39084,fixed_log_expression,elastic_net
0.7000000000000001,0.7243521995603577,GEO_LOCO,GSE39084,fixed_log_expression,elastic_net
0.71,0.7344761143103874,GEO_LOCO,GSE39084,fixed_log_expression,elastic_net
0.72,0.7446000290604172,GEO_LOCO,GSE39084,fixed_log_expression,elastic_net
0.73,0.7547239438104469,GEO_LOCO,GSE39084,fixed_log_expression,elastic_net
0.74,0.7648334698001259,GEO_LOCO,GSE39084,fixed_log_expression,elastic_net
0.75,0.7744534993434308,GEO_LOCO,GSE39084,fixed_log_expression,elastic_net
0.76,0.7840735288867356,GEO_LOCO,GSE39084,fixed_log_expression,elastic_net
0.77,0.7935936138203151,GEO_LOCO,GSE39084,fixed_log_expression,elastic_net
0.78,0.8029231706112605,GEO_LOCO,GSE39084,fixed_log_expression,elastic_net
0.79,0.812252727402206,GEO_LOCO,GSE39084,fixed_log_expression,elastic_net
0.8,0.8213234218550084,GEO_LOCO,GSE39084,fixed_log_expression,elastic_net
0.81,0.830346834216958,GEO_LOCO,GSE39084,fixed_log_expression,elastic_net
0.8200000000000001,0.8393702465789075,GEO_LOCO,GSE39084,fixed_log_expression,elastic_net
0.8300000000000001,0.8483103421284944,GEO_LOCO,GSE39084,fixed_log_expression,elastic_net
0.84,0.8570332699854971,GEO_LOCO,GSE39084,fixed_log_expression,elastic_net
0.85,0.8656997686878507,GEO_LOCO,GSE39084,fixed_log_expression,elastic_net
0.86,0.87435695635529,GEO_LOCO,GSE39084,fixed_log_expression,elastic_net
0.87,0.8828323362324328,GEO_LOCO,GSE39084,fixed_log_expression,elastic_net
0.88,0.8912540969333446,GEO_LOCO,GSE39084,fixed_log_expression,elastic_net
0.89,0.8995416861137038,GEO_LOCO,GSE39084,fixed_log_expression,elastic_net
0.9,0.9075131012881408,GEO_LOCO,GSE39084,fixed_log_expression,elastic_net
0.91,0.9154845164625777,GEO_LOCO,GSE39084,fixed_log_expression,elastic_net
0.92,0.9234559316370147,GEO_LOCO,GSE39084,fixed_log_expression,elastic_net
0.93,0.9314273468114517,GEO_LOCO,GSE39084,fixed_log_expression,elastic_net
0.9400000000000001,0.9393987619858886,GEO_LOCO,GSE39084,fixed_log_expression,elastic_net
0.9500000000000001,0.9473701771603256,GEO_LOCO,GSE39084,fixed_log_expression,elastic_net
0.96,0.9553415923347625,GEO_LOCO,GSE39084,fixed_log_expression,elastic_net
0.97,0.9633130075091993,GEO_LOCO,GSE39084,fixed_log_expression,elastic_net
0.98,0.9712844226836364,GEO_LOCO,GSE39084,fixed_log_expression,elastic_net
0.99,0.977375837742466,GEO_LOCO,GSE39084,fixed_log_expression,elastic_net
1.0,0.977375837742466,GEO_LOCO,GSE39084,fixed_log_expression,elastic_net
0.0,0.09126899732166391,GEO_LOCO,GSE39084,fixed_log_expression,svm_rbf
0.01,0.29687645488757725,GEO_LOCO,GSE39084,fixed_log_expression,svm_rbf
0.02,0.36229959018410024,GEO_LOCO,GSE39084,fixed_log_expression,svm_rbf
0.03,0.26845070516298525,GEO_LOCO,GSE39084,fixed_log_expression,svm_rbf
0.04,0.2534715506243482,GEO_LOCO,GSE39084,fixed_log_expression,svm_rbf
0.05,0.33121097908588165,GEO_LOCO,GSE39084,fixed_log_expression,svm_rbf
0.06,0.25080611392184876,GEO_LOCO,GSE39084,fixed_log_expression,svm_rbf
0.07,0.1888043458103328,GEO_LOCO,GSE39084,fixed_log_expression,svm_rbf
0.08,0.20866214696390312,GEO_LOCO,GSE39084,fixed_log_expression,svm_rbf
0.09,0.22443870766732937,GEO_LOCO,GSE39084,fixed_log_expression,svm_rbf
0.1,0.22873278991126178,GEO_LOCO,GSE39084,fixed_log_expression,svm_rbf
0.11,0.22912357658145685,GEO_LOCO,GSE39084,fixed_log_expression,svm_rbf
0.12,0.22947672279847758,GEO_LOCO,GSE39084,fixed_log_expression,svm_rbf
0.13,0.2317671325173831,GEO_LOCO,GSE39084,fixed_log_expression,svm_rbf
0.14,0.23846578177168862,GEO_LOCO,GSE39084,fixed_log_expression,svm_rbf
0.15,0.23846578177168862,GEO_LOCO,GSE39084,fixed_log_expression,svm_rbf
0.16,0.23846578177168862,GEO_LOCO,GSE39084,fixed_log_expression,svm_rbf
0.17,0.23846578177168862,GEO_LOCO,GSE39084,fixed_log_expression,svm_rbf
0.18,0.23846578177168862,GEO_LOCO,GSE39084,fixed_log_expression,svm_rbf
0.19,0.23846578177168862,GEO_LOCO,GSE39084,fixed_log_expression,svm_rbf
0.2,0.23846578177168862,GEO_LOCO,GSE39084,fixed_log_expression,svm_rbf
0.21,0.23846578177168862,GEO_LOCO,GSE39084,fixed_log_expression,svm_rbf
0.22,0.23846578177168862,GEO_LOCO,GSE39084,fixed_log_expression,svm_rbf
0.23,0.23846578177168862,GEO_LOCO,GSE39084,fixed_log_expression,svm_rbf
0.24,0.23846578177168862,GEO_LOCO,GSE39084,fixed_log_expression,svm_rbf
0.25,0.23846578177168862,GEO_LOCO,GSE39084,fixed_log_expression,svm_rbf
0.26,0.23846578177168862,GEO_LOCO,GSE39084,fixed_log_expression,svm_rbf
0.27,0.23846578177168862,GEO_LOCO,GSE39084,fixed_log_expression,svm_rbf
0.28,0.23846578177168862,GEO_LOCO,GSE39084,fixed_log_expression,svm_rbf
0.29,0.23846578177168862,GEO_LOCO,GSE39084,fixed_log_expression,svm_rbf
0.3,0.23846578177168862,GEO_LOCO,GSE39084,fixed_log_expression,svm_rbf
0.31,0.23846578177168862,GEO_LOCO,GSE39084,fixed_log_expression,svm_rbf
0.32,0.23846578177168862,GEO_LOCO,GSE39084,fixed_log_expression,svm_rbf
0.33,0.23846578177168862,GEO_LOCO,GSE39084,fixed_log_expression,svm_rbf
0.34,0.23846578177168862,GEO_LOCO,GSE39084,fixed_log_expression,svm_rbf
0.35000000000000003,0.23846578177168862,GEO_LOCO,GSE39084,fixed_log_expression,svm_rbf
0.36,0.23846578177168862,GEO_LOCO,GSE39084,fixed_log_expression,svm_rbf
0.37,0.23846578177168862,GEO_LOCO,GSE39084,fixed_log_expression,svm_rbf
0.38,0.23846578177168862,GEO_LOCO,GSE39084,fixed_log_expression,svm_rbf
0.39,0.23846578177168862,GEO_LOCO,GSE39084,fixed_log_expression,svm_rbf
0.4,0.23846578177168862,GEO_LOCO,GSE39084,fixed_log_expression,svm_rbf
0.41000000000000003,0.23846578177168862,GEO_LOCO,GSE39084,fixed_log_expression,svm_rbf
0.42,0.23846578177168862,GEO_LOCO,GSE39084,fixed_log_expression,svm_rbf
0.43,0.23846578177168862,GEO_LOCO,GSE39084,fixed_log_expression,svm_rbf
0.44,0.23846578177168862,GEO_LOCO,GSE39084,fixed_log_expression,svm_rbf
0.45,0.23846578177168862,GEO_LOCO,GSE39084,fixed_log_expression,svm_rbf
0.46,0.23846578177168862,GEO_LOCO,GSE39084,fixed_log_expression,svm_rbf
0.47000000000000003,0.23846578177168862,GEO_LOCO,GSE39084,fixed_log_expression,svm_rbf
0.48,0.23846578177168862,GEO_LOCO,GSE39084,fixed_log_expression,svm_rbf
0.49,0.23846578177168862,GEO_LOCO,GSE39084,fixed_log_expression,svm_rbf
0.5,0.23846578177168862,GEO_LOCO,GSE39084,fixed_log_expression,svm_rbf
0.51,0.23846578177168862,GEO_LOCO,GSE39084,fixed_log_expression,svm_rbf
0.52,0.23846578177168862,GEO_LOCO,GSE39084,fixed_log_expression,svm_rbf
0.53,0.23846578177168862,GEO_LOCO,GSE39084,fixed_log_expression,svm_rbf
0.54,0.23846578177168862,GEO_LOCO,GSE39084,fixed_log_expression,svm_rbf
0.55,0.23846578177168862,GEO_LOCO,GSE39084,fixed_log_expression,svm_rbf
0.56,0.23846578177168862,GEO_LOCO,GSE39084,fixed_log_expression,svm_rbf
0.5700000000000001,0.23846578177168862,GEO_LOCO,GSE39084,fixed_log_expression,svm_rbf
0.58,0.23846578177168862,GEO_LOCO,GSE39084,fixed_log_expression,svm_rbf
0.59,0.23846578177168862,GEO_LOCO,GSE39084,fixed_log_expression,svm_rbf
0.6,0.23846578177168862,GEO_LOCO,GSE39084,fixed_log_expression,svm_rbf
0.61,0.23846578177168862,GEO_LOCO,GSE39084,fixed_log_expression,svm_rbf
0.62,0.23846578177168862,GEO_LOCO,GSE39084,fixed_log_expression,svm_rbf
0.63,0.23846578177168862,GEO_LOCO,GSE39084,fixed_log_expression,svm_rbf
0.64,0.23846578177168862,GEO_LOCO,GSE39084,fixed_log_expression,svm_rbf
0.65,0.23846578177168862,GEO_LOCO,GSE39084,fixed_log_expression,svm_rbf
0.66,0.23846578177168862,GEO_LOCO,GSE39084,fixed_log_expression,svm_rbf
0.67,0.23846578177168862,GEO_LOCO,GSE39084,fixed_log_expression,svm_rbf
0.68,0.23846578177168862,GEO_LOCO,GSE39084,fixed_log_expression,svm_rbf
0.6900000000000001,0.23846578177168862,GEO_LOCO,GSE39084,fixed_log_expression,svm_rbf
0.7000000000000001,0.23846578177168862,GEO_LOCO,GSE39084,fixed_log_expression,svm_rbf
0.71,0.23846578177168862,GEO_LOCO,GSE39084,fixed_log_expression,svm_rbf
0.72,0.23846578177168862,GEO_LOCO,GSE39084,fixed_log_expression,svm_rbf
0.73,0.23846578177168862,GEO_LOCO,GSE39084,fixed_log_expression,svm_rbf
0.74,0.23846578177168862,GEO_LOCO,GSE39084,fixed_log_expression,svm_rbf
0.75,0.23846578177168862,GEO_LOCO,GSE39084,fixed_log_expression,svm_rbf
0.76,0.23846578177168862,GEO_LOCO,GSE39084,fixed_log_expression,svm_rbf
0.77,0.23846578177168862,GEO_LOCO,GSE39084,fixed_log_expression,svm_rbf
0.78,0.23846578177168862,GEO_LOCO,GSE39084,fixed_log_expression,svm_rbf
0.79,0.23846578177168862,GEO_LOCO,GSE39084,fixed_log_expression,svm_rbf
0.8,0.23846578177168862,GEO_LOCO,GSE39084,fixed_log_expression,svm_rbf
0.81,0.23846578177168862,GEO_LOCO,GSE39084,fixed_log_expression,svm_rbf
0.8200000000000001,0.23846578177168862,GEO_LOCO,GSE39084,fixed_log_expression,svm_rbf
0.8300000000000001,0.23846578177168862,GEO_LOCO,GSE39084,fixed_log_expression,svm_rbf
0.84,0.23846578177168862,GEO_LOCO,GSE39084,fixed_log_expression,svm_rbf
0.85,0.23846578177168862,GEO_LOCO,GSE39084,fixed_log_expression,svm_rbf
0.86,0.23846578177168862,GEO_LOCO,GSE39084,fixed_log_expression,svm_rbf
0.87,0.23846578177168862,GEO_LOCO,GSE39084,fixed_log_expression,svm_rbf
0.88,0.23846578177168862,GEO_LOCO,GSE39084,fixed_log_expression,svm_rbf
0.89,0.23846578177168862,GEO_LOCO,GSE39084,fixed_log_expression,svm_rbf
0.9,0.23846578177168862,GEO_LOCO,GSE39084,fixed_log_expression,svm_rbf
0.91,0.23846578177168862,GEO_LOCO,GSE39084,fixed_log_expression,svm_rbf
0.92,0.23846578177168862,GEO_LOCO,GSE39084,fixed_log_expression,svm_rbf
0.93,0.23846578177168862,GEO_LOCO,GSE39084,fixed_log_expression,svm_rbf
0.9400000000000001,0.23846578177168862,GEO_LOCO,GSE39084,fixed_log_expression,svm_rbf
0.9500000000000001,0.23846578177168862,GEO_LOCO,GSE39084,fixed_log_expression,svm_rbf
0.96,0.23846578177168862,GEO_LOCO,GSE39084,fixed_log_expression,svm_rbf
0.97,0.23846578177168862,GEO_LOCO,GSE39084,fixed_log_expression,svm_rbf
0.98,0.23846578177168862,GEO_LOCO,GSE39084,fixed_log_expression,svm_rbf
0.99,0.23846578177168862,GEO_LOCO,GSE39084,fixed_log_expression,svm_rbf
1.0,0.23846578177168862,GEO_LOCO,GSE39084,fixed_log_expression,svm_rbf
0.0,0.21124298137484304,GEO_LOCO,GSE39084,fixed_log_expression,xgboost
0.01,0.21124298137484304,GEO_LOCO,GSE39084,fixed_log_expression,xgboost
0.02,0.21121864015902464,GEO_LOCO,GSE39084,fixed_log_expression,xgboost
0.03,0.2114350632234556,GEO_LOCO,GSE39084,fixed_log_expression,xgboost
0.04,0.21432011508603505,GEO_LOCO,GSE39084,fixed_log_expression,xgboost
0.05,0.219144019892187,GEO_LOCO,GSE39084,fixed_log_expression,xgboost
0.06,0.22440758333416044,GEO_LOCO,GSE39084,fixed_log_expression,xgboost
0.07,0.22928269936352091,GEO_LOCO,GSE39084,fixed_log_expression,xgboost
0.08,0.2410256821344499,GEO_LOCO,GSE39084,fixed_log_expression,xgboost
0.09,0.229033955881678,GEO_LOCO,GSE39084,fixed_log_expression,xgboost
0.1,0.2078729037929729,GEO_LOCO,GSE39084,fixed_log_expression,xgboost
0.11,0.19618452053155722,GEO_LOCO,GSE39084,fixed_log_expression,xgboost
0.12,0.19002449101270932,GEO_LOCO,GSE39084,fixed_log_expression,xgboost
0.13,0.20480423348967972,GEO_LOCO,GSE39084,fixed_log_expression,xgboost
0.14,0.23648222034790128,GEO_LOCO,GSE39084,fixed_log_expression,xgboost
0.15,0.26505829791900193,GEO_LOCO,GSE39084,fixed_log_expression,xgboost
0.16,0.2796789320607485,GEO_LOCO,GSE39084,fixed_log_expression,xgboost
0.17,0.279808759085461,GEO_LOCO,GSE39084,fixed_log_expression,xgboost
0.18,0.289659079878745,GEO_LOCO,GSE39084,fixed_log_expression,xgboost
0.19,0.30112904701453,GEO_LOCO,GSE39084,fixed_log_expression,xgboost
0.2,0.3170676300812277,GEO_LOCO,GSE39084,fixed_log_expression,xgboost
0.21,0.3330062131479253,GEO_LOCO,GSE39084,fixed_log_expression,xgboost
0.22,0.348944796214623,GEO_LOCO,GSE39084,fixed_log_expression,xgboost
0.23,0.36488337928132064,GEO_LOCO,GSE39084,fixed_log_expression,xgboost
0.24,0.3831428288214399,GEO_LOCO,GSE39084,fixed_log_expression,xgboost
0.25,0.4126080591112907,GEO_LOCO,GSE39084,fixed_log_expression,xgboost
0.26,0.4403311404896442,GEO_LOCO,GSE39084,fixed_log_expression,xgboost
0.27,0.4652723562059433,GEO_LOCO,GSE39084,fixed_log_expression,xgboost
0.28,0.49021357192224246,GEO_LOCO,GSE39084,fixed_log_expression,xgboost
0.29,0.5151018801257631,GEO_LOCO,GSE39084,fixed_log_expression,xgboost
0.3,0.5373776200064957,GEO_LOCO,GSE39084,fixed_log_expression,xgboost
0.31,0.5596533598872283,GEO_LOCO,GSE39084,fixed_log_expression,xgboost
0.32,0.581929099767961,GEO_LOCO,GSE39084,fixed_log_expression,xgboost
0.33,0.6042048396486936,GEO_LOCO,GSE39084,fixed_log_expression,xgboost
0.34,0.6264805795294263,GEO_LOCO,GSE39084,fixed_log_expression,xgboost
0.35000000000000003,0.648756319410159,GEO_LOCO,GSE39084,fixed_log_expression,xgboost
0.36,0.6504570051768458,GEO_LOCO,GSE39084,fixed_log_expression,xgboost
0.37,0.6504570051768458,GEO_LOCO,GSE39084,fixed_log_expression,xgboost
0.38,0.6504570051768458,GEO_LOCO,GSE39084,fixed_log_expression,xgboost
0.39,0.6504570051768458,GEO_LOCO,GSE39084,fixed_log_expression,xgboost
0.4,0.6504570051768458,GEO_LOCO,GSE39084,fixed_log_expression,xgboost
0.41000000000000003,0.6504570051768458,GEO_LOCO,GSE39084,fixed_log_expression,xgboost
0.42,0.6504570051768458,GEO_LOCO,GSE39084,fixed_log_expression,xgboost
0.43,0.6504570051768458,GEO_LOCO,GSE39084,fixed_log_expression,xgboost
0.44,0.6504570051768458,GEO_LOCO,GSE39084,fixed_log_expression,xgboost
0.45,0.6504570051768458,GEO_LOCO,GSE39084,fixed_log_expression,xgboost
0.46,0.6504570051768458,GEO_LOCO,GSE39084,fixed_log_expression,xgboost
0.47000000000000003,0.6504570051768458,GEO_LOCO,GSE39084,fixed_log_expression,xgboost
0.48,0.6504570051768458,GEO_LOCO,GSE39084,fixed_log_expression,xgboost
0.49,0.6504570051768458,GEO_LOCO,GSE39084,fixed_log_expression,xgboost
0.5,0.6504570051768458,GEO_LOCO,GSE39084,fixed_log_expression,xgboost
0.51,0.6504570051768458,GEO_LOCO,GSE39084,fixed_log_expression,xgboost
0.52,0.6504570051768458,GEO_LOCO,GSE39084,fixed_log_expression,xgboost
0.53,0.6504570051768458,GEO_LOCO,GSE39084,fixed_log_expression,xgboost
0.54,0.6504570051768458,GEO_LOCO,GSE39084,fixed_log_expression,xgboost
0.55,0.6504570051768458,GEO_LOCO,GSE39084,fixed_log_expression,xgboost
0.56,0.6504570051768458,GEO_LOCO,GSE39084,fixed_log_expression,xgboost
0.5700000000000001,0.6504570051768458,GEO_LOCO,GSE39084,fixed_log_expression,xgboost
0.58,0.6504570051768458,GEO_LOCO,GSE39084,fixed_log_expression,xgboost
0.59,0.6504570051768458,GEO_LOCO,GSE39084,fixed_log_expression,xgboost
0.6,0.6504570051768458,GEO_LOCO,GSE39084,fixed_log_expression,xgboost
0.61,0.6504570051768458,GEO_LOCO,GSE39084,fixed_log_expression,xgboost
0.62,0.6504570051768458,GEO_LOCO,GSE39084,fixed_log_expression,xgboost
0.63,0.6504570051768458,GEO_LOCO,GSE39084,fixed_log_expression,xgboost
0.64,0.6504570051768458,GEO_LOCO,GSE39084,fixed_log_expression,xgboost
0.65,0.6504570051768458,GEO_LOCO,GSE39084,fixed_log_expression,xgboost
0.66,0.6504570051768458,GEO_LOCO,GSE39084,fixed_log_expression,xgboost
0.67,0.6504570051768458,GEO_LOCO,GSE39084,fixed_log_expression,xgboost
0.68,0.6504570051768458,GEO_LOCO,GSE39084,fixed_log_expression,xgboost
0.6900000000000001,0.6504570051768458,GEO_LOCO,GSE39084,fixed_log_expression,xgboost
0.7000000000000001,0.6504570051768458,GEO_LOCO,GSE39084,fixed_log_expression,xgboost
0.71,0.6504570051768458,GEO_LOCO,GSE39084,fixed_log_expression,xgboost
0.72,0.6504570051768458,GEO_LOCO,GSE39084,fixed_log_expression,xgboost
0.73,0.6504570051768458,GEO_LOCO,GSE39084,fixed_log_expression,xgboost
0.74,0.6504570051768458,GEO_LOCO,GSE39084,fixed_log_expression,xgboost
0.75,0.6504570051768458,GEO_LOCO,GSE39084,fixed_log_expression,xgboost
0.76,0.6504570051768458,GEO_LOCO,GSE39084,fixed_log_expression,xgboost
0.77,0.6504570051768458,GEO_LOCO,GSE39084,fixed_log_expression,xgboost
0.78,0.6504570051768458,GEO_LOCO,GSE39084,fixed_log_expression,xgboost
0.79,0.6504570051768458,GEO_LOCO,GSE39084,fixed_log_expression,xgboost
0.8,0.6504570051768458,GEO_LOCO,GSE39084,fixed_log_expression,xgboost
0.81,0.6504570051768458,GEO_LOCO,GSE39084,fixed_log_expression,xgboost
0.8200000000000001,0.6504570051768458,GEO_LOCO,GSE39084,fixed_log_expression,xgboost
0.8300000000000001,0.6504570051768458,GEO_LOCO,GSE39084,fixed_log_expression,xgboost
0.84,0.6504570051768458,GEO_LOCO,GSE39084,fixed_log_expression,xgboost
0.85,0.6504570051768458,GEO_LOCO,GSE39084,fixed_log_expression,xgboost
0.86,0.6504570051768458,GEO_LOCO,GSE39084,fixed_log_expression,xgboost
0.87,0.6504570051768458,GEO_LOCO,GSE39084,fixed_log_expression,xgboost
0.88,0.6504570051768458,GEO_LOCO,GSE39084,fixed_log_expression,xgboost
0.89,0.6504570051768458,GEO_LOCO,GSE39084,fixed_log_expression,xgboost
0.9,0.6504570051768458,GEO_LOCO,GSE39084,fixed_log_expression,xgboost
0.91,0.6504570051768458,GEO_LOCO,GSE39084,fixed_log_expression,xgboost
0.92,0.6504570051768458,GEO_LOCO,GSE39084,fixed_log_expression,xgboost
0.93,0.6504570051768458,GEO_LOCO,GSE39084,fixed_log_expression,xgboost
0.9400000000000001,0.6504570051768458,GEO_LOCO,GSE39084,fixed_log_expression,xgboost
0.9500000000000001,0.6504570051768458,GEO_LOCO,GSE39084,fixed_log_expression,xgboost
0.96,0.6504570051768458,GEO_LOCO,GSE39084,fixed_log_expression,xgboost
0.97,0.6504570051768458,GEO_LOCO,GSE39084,fixed_log_expression,xgboost
0.98,0.6504570051768458,GEO_LOCO,GSE39084,fixed_log_expression,xgboost
0.99,0.6504570051768458,GEO_LOCO,GSE39084,fixed_log_expression,xgboost
1.0,0.6504570051768458,GEO_LOCO,GSE39084,fixed_log_expression,xgboost
0.0,0.0024715505858394016,GEO_LOCO,GSE39084,single_sample_rank,elastic_net
0.01,0.00495699662090922,GEO_LOCO,GSE39084,single_sample_rank,elastic_net
0.02,0.007464241190036289,GEO_LOCO,GSE39084,single_sample_rank,elastic_net
0.03,0.009927129136000176,GEO_LOCO,GSE39084,single_sample_rank,elastic_net
0.04,0.012363315072780462,GEO_LOCO,GSE39084,single_sample_rank,elastic_net
0.05,0.014746858007662298,GEO_LOCO,GSE39084,single_sample_rank,elastic_net
0.06,0.01710158247971994,GEO_LOCO,GSE39084,single_sample_rank,elastic_net
0.07,0.019407400775563105,GEO_LOCO,GSE39084,single_sample_rank,elastic_net
0.08,0.02167383302788061,GEO_LOCO,GSE39084,single_sample_rank,elastic_net
0.09,0.02385677618561182,GEO_LOCO,GSE39084,single_sample_rank,elastic_net
0.1,0.02603455350403817,GEO_LOCO,GSE39084,single_sample_rank,elastic_net
0.11,0.028212330822464517,GEO_LOCO,GSE39084,single_sample_rank,elastic_net
0.12,0.030297180134358025,GEO_LOCO,GSE39084,single_sample_rank,elastic_net
0.13,0.03234333923284629,GEO_LOCO,GSE39084,single_sample_rank,elastic_net
0.14,0.034361552013437505,GEO_LOCO,GSE39084,single_sample_rank,elastic_net
0.15,0.03626620926579423,GEO_LOCO,GSE39084,single_sample_rank,elastic_net
0.16,0.03815672075038781,GEO_LOCO,GSE39084,single_sample_rank,elastic_net
0.17,0.0400472322349814,GEO_LOCO,GSE39084,single_sample_rank,elastic_net
0.18,0.04193774371957498,GEO_LOCO,GSE39084,single_sample_rank,elastic_net
0.19,0.043807818667970205,GEO_LOCO,GSE39084,single_sample_rank,elastic_net
0.2,0.04556582347556625,GEO_LOCO,GSE39084,single_sample_rank,elastic_net
0.21,0.04732382828316229,GEO_LOCO,GSE39084,single_sample_rank,elastic_net
0.22,0.04908183309075834,GEO_LOCO,GSE39084,single_sample_rank,elastic_net
0.23,0.05078436918437642,GEO_LOCO,GSE39084,single_sample_rank,elastic_net
0.24,0.05243456764365136,GEO_LOCO,GSE39084,single_sample_rank,elastic_net
0.25,0.054084766102926306,GEO_LOCO,GSE39084,single_sample_rank,elastic_net
0.26,0.05573496456220125,GEO_LOCO,GSE39084,single_sample_rank,elastic_net
0.27,0.0573851630214762,GEO_LOCO,GSE39084,single_sample_rank,elastic_net
0.28,0.05903536148075114,GEO_LOCO,GSE39084,single_sample_rank,elastic_net
0.29,0.06065413169098693,GEO_LOCO,GSE39084,single_sample_rank,elastic_net
0.3,0.06208937913017363,GEO_LOCO,GSE39084,single_sample_rank,elastic_net
0.31,0.06340156955387581,GEO_LOCO,GSE39084,single_sample_rank,elastic_net
0.32,0.06457832458052279,GEO_LOCO,GSE39084,single_sample_rank,elastic_net
0.33,0.06298231710295875,GEO_LOCO,GSE39084,single_sample_rank,elastic_net
0.34,0.060309935332589534,GEO_LOCO,GSE39084,single_sample_rank,elastic_net
0.35000000000000003,0.05763755356222033,GEO_LOCO,GSE39084,single_sample_rank,elastic_net
0.36,0.054965171791851127,GEO_LOCO,GSE39084,single_sample_rank,elastic_net
0.37,0.05229279002148192,GEO_LOCO,GSE39084,single_sample_rank,elastic_net
0.38,0.049620408251112705,GEO_LOCO,GSE39084,single_sample_rank,elastic_net
0.39,0.0469480264807435,GEO_LOCO,GSE39084,single_sample_rank,elastic_net
0.4,0.04427564471037429,GEO_LOCO,GSE39084,single_sample_rank,elastic_net
0.41000000000000003,0.03843489745966792,GEO_LOCO,GSE39084,single_sample_rank,elastic_net
0.42,0.03202135162669004,GEO_LOCO,GSE39084,single_sample_rank,elastic_net
0.43,0.02560780579371212,GEO_LOCO,GSE39084,single_sample_rank,elastic_net
0.44,0.03693914265889368,GEO_LOCO,GSE39084,single_sample_rank,elastic_net
0.45,0.04977514440337662,GEO_LOCO,GSE39084,single_sample_rank,elastic_net
0.46,0.06261114614785956,GEO_LOCO,GSE39084,single_sample_rank,elastic_net
0.47000000000000003,0.07544714789234251,GEO_LOCO,GSE39084,single_sample_rank,elastic_net
0.48,0.08828314963682538,GEO_LOCO,GSE39084,single_sample_rank,elastic_net
0.49,0.10111915138130832,GEO_LOCO,GSE39084,single_sample_rank,elastic_net
0.5,0.11602276881969315,GEO_LOCO,GSE39084,single_sample_rank,elastic_net
0.51,0.13259584523832452,GEO_LOCO,GSE39084,single_sample_rank,elastic_net
0.52,0.14916892165695592,GEO_LOCO,GSE39084,single_sample_rank,elastic_net
0.53,0.16574199807558732,GEO_LOCO,GSE39084,single_sample_rank,elastic_net
0.54,0.1823150744942187,GEO_LOCO,GSE39084,single_sample_rank,elastic_net
0.55,0.19888815091285006,GEO_LOCO,GSE39084,single_sample_rank,elastic_net
0.56,0.21546122733148146,GEO_LOCO,GSE39084,single_sample_rank,elastic_net
0.5700000000000001,0.23203430375011286,GEO_LOCO,GSE39084,single_sample_rank,elastic_net
0.58,0.24860738016874406,GEO_LOCO,GSE39084,single_sample_rank,elastic_net
0.59,0.26518045658737543,GEO_LOCO,GSE39084,single_sample_rank,elastic_net
0.6,0.2817535330060068,GEO_LOCO,GSE39084,single_sample_rank,elastic_net
0.61,0.2983266094246382,GEO_LOCO,GSE39084,single_sample_rank,elastic_net
0.62,0.3148996858432696,GEO_LOCO,GSE39084,single_sample_rank,elastic_net
0.63,0.331472762261901,GEO_LOCO,GSE39084,single_sample_rank,elastic_net
0.64,0.3480458386805324,GEO_LOCO,GSE39084,single_sample_rank,elastic_net
0.65,0.3646189150991638,GEO_LOCO,GSE39084,single_sample_rank,elastic_net
0.66,0.38119199151779515,GEO_LOCO,GSE39084,single_sample_rank,elastic_net
0.67,0.3977650679364265,GEO_LOCO,GSE39084,single_sample_rank,elastic_net
0.68,0.4143381443550579,GEO_LOCO,GSE39084,single_sample_rank,elastic_net
0.6900000000000001,0.4309112207736893,GEO_LOCO,GSE39084,single_sample_rank,elastic_net
0.7000000000000001,0.4474842971923207,GEO_LOCO,GSE39084,single_sample_rank,elastic_net
0.71,0.4640573736109519,GEO_LOCO,GSE39084,single_sample_rank,elastic_net
0.72,0.48063045002958327,GEO_LOCO,GSE39084,single_sample_rank,elastic_net
0.73,0.49720352644821464,GEO_LOCO,GSE39084,single_sample_rank,elastic_net
0.74,0.513776602866846,GEO_LOCO,GSE39084,single_sample_rank,elastic_net
0.75,0.5303496792854774,GEO_LOCO,GSE39084,single_sample_rank,elastic_net
0.76,0.5469227557041088,GEO_LOCO,GSE39084,single_sample_rank,elastic_net
0.77,0.5634958321227402,GEO_LOCO,GSE39084,single_sample_rank,elastic_net
0.78,0.5800689085413716,GEO_LOCO,GSE39084,single_sample_rank,elastic_net
0.79,0.596641984960003,GEO_LOCO,GSE39084,single_sample_rank,elastic_net
0.8,0.6132150613786344,GEO_LOCO,GSE39084,single_sample_rank,elastic_net
0.81,0.6297881377972657,GEO_LOCO,GSE39084,single_sample_rank,elastic_net
0.8200000000000001,0.6463612142158971,GEO_LOCO,GSE39084,single_sample_rank,elastic_net
0.8300000000000001,0.6603276275222947,GEO_LOCO,GSE39084,single_sample_rank,elastic_net
0.84,0.6742471378188589,GEO_LOCO,GSE39084,single_sample_rank,elastic_net
0.85,0.6882215279829482,GEO_LOCO,GSE39084,single_sample_rank,elastic_net
0.86,0.7026826342256975,GEO_LOCO,GSE39084,single_sample_rank,elastic_net
0.87,0.7172284157619975,GEO_LOCO,GSE39084,single_sample_rank,elastic_net
0.88,0.7317741972982974,GEO_LOCO,GSE39084,single_sample_rank,elastic_net
0.89,0.7463199788345973,GEO_LOCO,GSE39084,single_sample_rank,elastic_net
0.9,0.7608657603708973,GEO_LOCO,GSE39084,single_sample_rank,elastic_net
0.91,0.7754115419071972,GEO_LOCO,GSE39084,single_sample_rank,elastic_net
0.92,0.7899573234434971,GEO_LOCO,GSE39084,single_sample_rank,elastic_net
0.93,0.8045031049797969,GEO_LOCO,GSE39084,single_sample_rank,elastic_net
0.9400000000000001,0.8190488865160969,GEO_LOCO,GSE39084,single_sample_rank,elastic_net
0.9500000000000001,0.8335946680523968,GEO_LOCO,GSE39084,single_sample_rank,elastic_net
0.96,0.8481404495886966,GEO_LOCO,GSE39084,single_sample_rank,elastic_net
0.97,0.8626862311249965,GEO_LOCO,GSE39084,single_sample_rank,elastic_net
0.98,0.8772320126612965,GEO_LOCO,GSE39084,single_sample_rank,elastic_net
0.99,0.892432554019794,GEO_LOCO,GSE39084,single_sample_rank,elastic_net
1.0,0.907742267212873,GEO_LOCO,GSE39084,single_sample_rank,elastic_net
0.0,0.0,GEO_LOCO,GSE39084,single_sample_rank,svm_rbf
0.01,0.0,GEO_LOCO,GSE39084,single_sample_rank,svm_rbf
0.02,0.0,GEO_LOCO,GSE39084,single_sample_rank,svm_rbf
0.03,0.0,GEO_LOCO,GSE39084,single_sample_rank,svm_rbf
0.04,3.1055483776637077e-06,GEO_LOCO,GSE39084,single_sample_rank,svm_rbf
0.05,4.158009159242946e-05,GEO_LOCO,GSE39084,single_sample_rank,svm_rbf
0.06,9.24395831886326e-05,GEO_LOCO,GSE39084,single_sample_rank,svm_rbf
0.07,0.0001731320795705778,GEO_LOCO,GSE39084,single_sample_rank,svm_rbf
0.08,0.00026326429812689874,GEO_LOCO,GSE39084,single_sample_rank,svm_rbf
0.09,0.0003815446180164961,GEO_LOCO,GSE39084,single_sample_rank,svm_rbf
0.1,0.000505012221180571,GEO_LOCO,GSE39084,single_sample_rank,svm_rbf
0.11,0.0006284798243446456,GEO_LOCO,GSE39084,single_sample_rank,svm_rbf
0.12,0.000754939242259137,GEO_LOCO,GSE39084,single_sample_rank,svm_rbf
0.13,0.0009233150151748141,GEO_LOCO,GSE39084,single_sample_rank,svm_rbf
0.14,0.0011373836647275157,GEO_LOCO,GSE39084,single_sample_rank,svm_rbf
0.15,0.001356252017640666,GEO_LOCO,GSE39084,single_sample_rank,svm_rbf
0.16,0.001579307760972672,GEO_LOCO,GSE39084,single_sample_rank,svm_rbf
0.17,0.0021312537733101915,GEO_LOCO,GSE39084,single_sample_rank,svm_rbf
0.18,0.0031512711981929527,GEO_LOCO,GSE39084,single_sample_rank,svm_rbf
0.19,0.012061058450683657,GEO_LOCO,GSE39084,single_sample_rank,svm_rbf
0.2,0.02188704190226025,GEO_LOCO,GSE39084,single_sample_rank,svm_rbf
0.21,0.03169922998233266,GEO_LOCO,GSE39084,single_sample_rank,svm_rbf
0.22,0.04110881029151589,GEO_LOCO,GSE39084,single_sample_rank,svm_rbf
0.23,0.04900461998972712,GEO_LOCO,GSE39084,single_sample_rank,svm_rbf
0.24,0.05531163558312822,GEO_LOCO,GSE39084,single_sample_rank,svm_rbf
0.25,0.06052968994258277,GEO_LOCO,GSE39084,single_sample_rank,svm_rbf
0.26,0.06574774430203734,GEO_LOCO,GSE39084,single_sample_rank,svm_rbf
0.27,0.06895799094921207,GEO_LOCO,GSE39084,single_sample_rank,svm_rbf
0.28,0.07164746400039762,GEO_LOCO,GSE39084,single_sample_rank,svm_rbf
0.29,0.07414601378422332,GEO_LOCO,GSE39084,single_sample_rank,svm_rbf
0.3,0.07663527645583113,GEO_LOCO,GSE39084,single_sample_rank,svm_rbf
0.31,0.07924237642271974,GEO_LOCO,GSE39084,single_sample_rank,svm_rbf
0.32,0.08210903901922932,GEO_LOCO,GSE39084,single_sample_rank,svm_rbf
0.33,0.08506247121535564,GEO_LOCO,GSE39084,single_sample_rank,svm_rbf
0.34,0.08828886124129579,GEO_LOCO,GSE39084,single_sample_rank,svm_rbf
0.35000000000000003,0.09176393057885497,GEO_LOCO,GSE39084,single_sample_rank,svm_rbf
0.36,0.10871177183517712,GEO_LOCO,GSE39084,single_sample_rank,svm_rbf
0.37,0.12787812245380045,GEO_LOCO,GSE39084,single_sample_rank,svm_rbf
0.38,0.1470444730724238,GEO_LOCO,GSE39084,single_sample_rank,svm_rbf
0.39,0.16621082369104712,GEO_LOCO,GSE39084,single_sample_rank,svm_rbf
0.4,0.1853771743096705,GEO_LOCO,GSE39084,single_sample_rank,svm_rbf
0.41000000000000003,0.2045435249282938,GEO_LOCO,GSE39084,single_sample_rank,svm_rbf
0.42,0.22370987554691704,GEO_LOCO,GSE39084,single_sample_rank,svm_rbf
0.43,0.2475230753504508,GEO_LOCO,GSE39084,single_sample_rank,svm_rbf
0.44,0.2749927731369779,GEO_LOCO,GSE39084,single_sample_rank,svm_rbf
0.45,0.30246247092350503,GEO_LOCO,GSE39084,single_sample_rank,svm_rbf
0.46,0.32549075900089913,GEO_LOCO,GSE39084,single_sample_rank,svm_rbf
0.47000000000000003,0.3390603474835277,GEO_LOCO,GSE39084,single_sample_rank,svm_rbf
0.48,0.3526299359661562,GEO_LOCO,GSE39084,single_sample_rank,svm_rbf
0.49,0.3661995244487848,GEO_LOCO,GSE39084,single_sample_rank,svm_rbf
0.5,0.3797691129314134,GEO_LOCO,GSE39084,single_sample_rank,svm_rbf
0.51,0.393338701414042,GEO_LOCO,GSE39084,single_sample_rank,svm_rbf
0.52,0.4069082898966706,GEO_LOCO,GSE39084,single_sample_rank,svm_rbf
0.53,0.4204778783792992,GEO_LOCO,GSE39084,single_sample_rank,svm_rbf
0.54,0.43404746686192774,GEO_LOCO,GSE39084,single_sample_rank,svm_rbf
0.55,0.44761705534455637,GEO_LOCO,GSE39084,single_sample_rank,svm_rbf
0.56,0.461186643827185,GEO_LOCO,GSE39084,single_sample_rank,svm_rbf
0.5700000000000001,0.47475623230981356,GEO_LOCO,GSE39084,single_sample_rank,svm_rbf
0.58,0.488325820792442,GEO_LOCO,GSE39084,single_sample_rank,svm_rbf
0.59,0.5018954092750706,GEO_LOCO,GSE39084,single_sample_rank,svm_rbf
0.6,0.5154649977576992,GEO_LOCO,GSE39084,single_sample_rank,svm_rbf
0.61,0.5290345862403278,GEO_LOCO,GSE39084,single_sample_rank,svm_rbf
0.62,0.5426041747229564,GEO_LOCO,GSE39084,single_sample_rank,svm_rbf
0.63,0.556173763205585,GEO_LOCO,GSE39084,single_sample_rank,svm_rbf
0.64,0.5697433516882136,GEO_LOCO,GSE39084,single_sample_rank,svm_rbf
0.65,0.5833129401708421,GEO_LOCO,GSE39084,single_sample_rank,svm_rbf
0.66,0.5968825286534707,GEO_LOCO,GSE39084,single_sample_rank,svm_rbf
0.67,0.6104521171360993,GEO_LOCO,GSE39084,single_sample_rank,svm_rbf
0.68,0.6240217056187279,GEO_LOCO,GSE39084,single_sample_rank,svm_rbf
0.6900000000000001,0.6375869014889596,GEO_LOCO,GSE39084,single_sample_rank,svm_rbf
0.7000000000000001,0.6511295205122166,GEO_LOCO,GSE39084,single_sample_rank,svm_rbf
0.71,0.6646721395354734,GEO_LOCO,GSE39084,single_sample_rank,svm_rbf
0.72,0.6782147585587305,GEO_LOCO,GSE39084,single_sample_rank,svm_rbf
0.73,0.6917573775819874,GEO_LOCO,GSE39084,single_sample_rank,svm_rbf
0.74,0.7052999966052445,GEO_LOCO,GSE39084,single_sample_rank,svm_rbf
0.75,0.7188426156285015,GEO_LOCO,GSE39084,single_sample_rank,svm_rbf
0.76,0.7323852346517584,GEO_LOCO,GSE39084,single_sample_rank,svm_rbf
0.77,0.7459278536750155,GEO_LOCO,GSE39084,single_sample_rank,svm_rbf
0.78,0.7594868035830942,GEO_LOCO,GSE39084,single_sample_rank,svm_rbf
0.79,0.7731450086221551,GEO_LOCO,GSE39084,single_sample_rank,svm_rbf
0.8,0.7868032136612159,GEO_LOCO,GSE39084,single_sample_rank,svm_rbf
0.81,0.8004614187002767,GEO_LOCO,GSE39084,single_sample_rank,svm_rbf
0.8200000000000001,0.8141196237393376,GEO_LOCO,GSE39084,single_sample_rank,svm_rbf
0.8300000000000001,0.8277778287783983,GEO_LOCO,GSE39084,single_sample_rank,svm_rbf
0.84,0.841436033817459,GEO_LOCO,GSE39084,single_sample_rank,svm_rbf
0.85,0.8550942388565198,GEO_LOCO,GSE39084,single_sample_rank,svm_rbf
0.86,0.8687524438955807,GEO_LOCO,GSE39084,single_sample_rank,svm_rbf
0.87,0.8824106489346415,GEO_LOCO,GSE39084,single_sample_rank,svm_rbf
0.88,0.8960688539737023,GEO_LOCO,GSE39084,single_sample_rank,svm_rbf
0.89,0.9097270590127632,GEO_LOCO,GSE39084,single_sample_rank,svm_rbf
0.9,0.923385264051824,GEO_LOCO,GSE39084,single_sample_rank,svm_rbf
0.91,0.9370434690908849,GEO_LOCO,GSE39084,single_sample_rank,svm_rbf
0.92,0.9507016741299457,GEO_LOCO,GSE39084,single_sample_rank,svm_rbf
0.93,0.9643598791690065,GEO_LOCO,GSE39084,single_sample_rank,svm_rbf
0.9400000000000001,0.9779804506802756,GEO_LOCO,GSE39084,single_sample_rank,svm_rbf
0.9500000000000001,0.9891175768874838,GEO_LOCO,GSE39084,single_sample_rank,svm_rbf
0.96,1.0,GEO_LOCO,GSE39084,single_sample_rank,svm_rbf
0.97,1.0,GEO_LOCO,GSE39084,single_sample_rank,svm_rbf
0.98,1.0,GEO_LOCO,GSE39084,single_sample_rank,svm_rbf
0.99,1.0,GEO_LOCO,GSE39084,single_sample_rank,svm_rbf
1.0,1.0,GEO_LOCO,GSE39084,single_sample_rank,svm_rbf
0.0,0.0,GEO_LOCO,GSE39084,single_sample_rank,xgboost
0.01,0.0,GEO_LOCO,GSE39084,single_sample_rank,xgboost
0.02,0.0,GEO_LOCO,GSE39084,single_sample_rank,xgboost
0.03,0.0,GEO_LOCO,GSE39084,single_sample_rank,xgboost
0.04,0.0,GEO_LOCO,GSE39084,single_sample_rank,xgboost
0.05,0.0,GEO_LOCO,GSE39084,single_sample_rank,xgboost
0.06,0.0,GEO_LOCO,GSE39084,single_sample_rank,xgboost
0.07,0.0,GEO_LOCO,GSE39084,single_sample_rank,xgboost
0.08,0.0,GEO_LOCO,GSE39084,single_sample_rank,xgboost
0.09,0.0,GEO_LOCO,GSE39084,single_sample_rank,xgboost
0.1,0.0,GEO_LOCO,GSE39084,single_sample_rank,xgboost
0.11,0.0,GEO_LOCO,GSE39084,single_sample_rank,xgboost
0.12,0.0,GEO_LOCO,GSE39084,single_sample_rank,xgboost
0.13,0.0,GEO_LOCO,GSE39084,single_sample_rank,xgboost
0.14,0.0,GEO_LOCO,GSE39084,single_sample_rank,xgboost
0.15,0.0,GEO_LOCO,GSE39084,single_sample_rank,xgboost
0.16,0.0,GEO_LOCO,GSE39084,single_sample_rank,xgboost
0.17,0.0,GEO_LOCO,GSE39084,single_sample_rank,xgboost
0.18,0.0,GEO_LOCO,GSE39084,single_sample_rank,xgboost
0.19,0.0,GEO_LOCO,GSE39084,single_sample_rank,xgboost
0.2,0.0,GEO_LOCO,GSE39084,single_sample_rank,xgboost
0.21,0.0,GEO_LOCO,GSE39084,single_sample_rank,xgboost
0.22,0.0,GEO_LOCO,GSE39084,single_sample_rank,xgboost
0.23,0.0,GEO_LOCO,GSE39084,single_sample_rank,xgboost
0.24,0.0,GEO_LOCO,GSE39084,single_sample_rank,xgboost
0.25,0.0,GEO_LOCO,GSE39084,single_sample_rank,xgboost
0.26,0.0,GEO_LOCO,GSE39084,single_sample_rank,xgboost
0.27,0.0,GEO_LOCO,GSE39084,single_sample_rank,xgboost
0.28,0.0,GEO_LOCO,GSE39084,single_sample_rank,xgboost
0.29,0.0021502049933189854,GEO_LOCO,GSE39084,single_sample_rank,xgboost
0.3,0.004604923419220906,GEO_LOCO,GSE39084,single_sample_rank,xgboost
0.31,0.007059641845122826,GEO_LOCO,GSE39084,single_sample_rank,xgboost
0.32,0.013245273083860726,GEO_LOCO,GSE39084,single_sample_rank,xgboost
0.33,0.02327384617984349,GEO_LOCO,GSE39084,single_sample_rank,xgboost
0.34,0.03398737611229063,GEO_LOCO,GSE39084,single_sample_rank,xgboost
0.35000000000000003,0.04470090604473777,GEO_LOCO,GSE39084,single_sample_rank,xgboost
0.36,0.055414435977184845,GEO_LOCO,GSE39084,single_sample_rank,xgboost
0.37,0.06590147967541031,GEO_LOCO,GSE39084,single_sample_rank,xgboost
0.38,0.07625195238270577,GEO_LOCO,GSE39084,single_sample_rank,xgboost
0.39,0.08662296721397121,GEO_LOCO,GSE39084,single_sample_rank,xgboost
0.4,0.10050733568993112,GEO_LOCO,GSE39084,single_sample_rank,xgboost
0.41000000000000003,0.11439170416589103,GEO_LOCO,GSE39084,single_sample_rank,xgboost
0.42,0.12827607264185087,GEO_LOCO,GSE39084,single_sample_rank,xgboost
0.43,0.1421604411178108,GEO_LOCO,GSE39084,single_sample_rank,xgboost
0.44,0.1560448095937707,GEO_LOCO,GSE39084,single_sample_rank,xgboost
0.45,0.16992917806973062,GEO_LOCO,GSE39084,single_sample_rank,xgboost
0.46,0.18381354654569051,GEO_LOCO,GSE39084,single_sample_rank,xgboost
0.47000000000000003,0.19769791502165043,GEO_LOCO,GSE39084,single_sample_rank,xgboost
0.48,0.21158228349761027,GEO_LOCO,GSE39084,single_sample_rank,xgboost
0.49,0.2254666519735702,GEO_LOCO,GSE39084,single_sample_rank,xgboost
0.5,0.2393510204495301,GEO_LOCO,GSE39084,single_sample_rank,xgboost
0.51,0.2562613434139532,GEO_LOCO,GSE39084,single_sample_rank,xgboost
0.52,0.27675702957992104,GEO_LOCO,GSE39084,single_sample_rank,xgboost
0.53,0.29725967743634935,GEO_LOCO,GSE39084,single_sample_rank,xgboost
0.54,0.31776819183046595,GEO_LOCO,GSE39084,single_sample_rank,xgboost
0.55,0.3382767062245825,GEO_LOCO,GSE39084,single_sample_rank,xgboost
0.56,0.3587852206186991,GEO_LOCO,GSE39084,single_sample_rank,xgboost
0.5700000000000001,0.3784586550518832,GEO_LOCO,GSE39084,single_sample_rank,xgboost
0.58,0.3942614956119065,GEO_LOCO,GSE39084,single_sample_rank,xgboost
0.59,0.4094097070139623,GEO_LOCO,GSE39084,single_sample_rank,xgboost
0.6,0.4245579184160181,GEO_LOCO,GSE39084,single_sample_rank,xgboost
0.61,0.4397061298180739,GEO_LOCO,GSE39084,single_sample_rank,xgboost
0.62,0.4548543412201297,GEO_LOCO,GSE39084,single_sample_rank,xgboost
0.63,0.4700025526221855,GEO_LOCO,GSE39084,single_sample_rank,xgboost
0.64,0.4851507640242413,GEO_LOCO,GSE39084,single_sample_rank,xgboost
0.65,0.5002989754262971,GEO_LOCO,GSE39084,single_sample_rank,xgboost
0.66,0.5154471868283529,GEO_LOCO,GSE39084,single_sample_rank,xgboost
0.67,0.5305953982304087,GEO_LOCO,GSE39084,single_sample_rank,xgboost
0.68,0.5457436096324645,GEO_LOCO,GSE39084,single_sample_rank,xgboost
0.6900000000000001,0.5608918210345204,GEO_LOCO,GSE39084,single_sample_rank,xgboost
0.7000000000000001,0.5760400324365762,GEO_LOCO,GSE39084,single_sample_rank,xgboost
0.71,0.5911882438386318,GEO_LOCO,GSE39084,single_sample_rank,xgboost
0.72,0.6063364552406876,GEO_LOCO,GSE39084,single_sample_rank,xgboost
0.73,0.6214846666427434,GEO_LOCO,GSE39084,single_sample_rank,xgboost
0.74,0.6366328780447992,GEO_LOCO,GSE39084,single_sample_rank,xgboost
0.75,0.651781089446855,GEO_LOCO,GSE39084,single_sample_rank,xgboost
0.76,0.6669293008489108,GEO_LOCO,GSE39084,single_sample_rank,xgboost
0.77,0.6820775122509666,GEO_LOCO,GSE39084,single_sample_rank,xgboost
0.78,0.6972257236530224,GEO_LOCO,GSE39084,single_sample_rank,xgboost
0.79,0.7123739350550782,GEO_LOCO,GSE39084,single_sample_rank,xgboost
0.8,0.727522146457134,GEO_LOCO,GSE39084,single_sample_rank,xgboost
0.81,0.7426703578591898,GEO_LOCO,GSE39084,single_sample_rank,xgboost
0.8200000000000001,0.7578185692612456,GEO_LOCO,GSE39084,single_sample_rank,xgboost
0.8300000000000001,0.7729667806633015,GEO_LOCO,GSE39084,single_sample_rank,xgboost
0.84,0.7881149920653572,GEO_LOCO,GSE39084,single_sample_rank,xgboost
0.85,0.803263203467413,GEO_LOCO,GSE39084,single_sample_rank,xgboost
0.86,0.8185709233125644,GEO_LOCO,GSE39084,single_sample_rank,xgboost
0.87,0.834006811630276,GEO_LOCO,GSE39084,single_sample_rank,xgboost
0.88,0.8494426999479876,GEO_LOCO,GSE39084,single_sample_rank,xgboost
0.89,0.8648785882656992,GEO_LOCO,GSE39084,single_sample_rank,xgboost
0.9,0.8803144765834108,GEO_LOCO,GSE39084,single_sample_rank,xgboost
0.91,0.8957503649011223,GEO_LOCO,GSE39084,single_sample_rank,xgboost
0.92,0.9112238024892391,GEO_LOCO,GSE39084,single_sample_rank,xgboost
0.93,0.9267140326175402,GEO_LOCO,GSE39084,single_sample_rank,xgboost
0.9400000000000001,0.9422042627458412,GEO_LOCO,GSE39084,single_sample_rank,xgboost
0.9500000000000001,0.9576944928741422,GEO_LOCO,GSE39084,single_sample_rank,xgboost
0.96,0.9731847230024431,GEO_LOCO,GSE39084,single_sample_rank,xgboost
0.97,0.9886838334455132,GEO_LOCO,GSE39084,single_sample_rank,xgboost
0.98,0.9997986984747167,GEO_LOCO,GSE39084,single_sample_rank,xgboost
0.99,1.0,GEO_LOCO,GSE39084,single_sample_rank,xgboost
1.0,1.0,GEO_LOCO,GSE39084,single_sample_rank,xgboost
0.0,0.0,GEO_LOCO,GSE39084,target_cohort_adaptive_zscore,elastic_net
0.01,0.007302677654747041,GEO_LOCO,GSE39084,target_cohort_adaptive_zscore,elastic_net
0.02,0.020244287477193014,GEO_LOCO,GSE39084,target_cohort_adaptive_zscore,elastic_net
0.03,0.032682336151132835,GEO_LOCO,GSE39084,target_cohort_adaptive_zscore,elastic_net
0.04,0.04490162086090381,GEO_LOCO,GSE39084,target_cohort_adaptive_zscore,elastic_net
0.05,0.057120905570674785,GEO_LOCO,GSE39084,target_cohort_adaptive_zscore,elastic_net
0.06,0.06914557770770026,GEO_LOCO,GSE39084,target_cohort_adaptive_zscore,elastic_net
0.07,0.08042971218856126,GEO_LOCO,GSE39084,target_cohort_adaptive_zscore,elastic_net
0.08,0.0910813563453221,GEO_LOCO,GSE39084,target_cohort_adaptive_zscore,elastic_net
0.09,0.10038135617770987,GEO_LOCO,GSE39084,target_cohort_adaptive_zscore,elastic_net
0.1,0.10968135601009764,GEO_LOCO,GSE39084,target_cohort_adaptive_zscore,elastic_net
0.11,0.1189813558424854,GEO_LOCO,GSE39084,target_cohort_adaptive_zscore,elastic_net
0.12,0.12828135567487317,GEO_LOCO,GSE39084,target_cohort_adaptive_zscore,elastic_net
0.13,0.13758135550726094,GEO_LOCO,GSE39084,target_cohort_adaptive_zscore,elastic_net
0.14,0.14558674556914425,GEO_LOCO,GSE39084,target_cohort_adaptive_zscore,elastic_net
0.15,0.15302657140671877,GEO_LOCO,GSE39084,target_cohort_adaptive_zscore,elastic_net
0.16,0.15919791092420615,GEO_LOCO,GSE39084,target_cohort_adaptive_zscore,elastic_net
0.17,0.15933844753430004,GEO_LOCO,GSE39084,target_cohort_adaptive_zscore,elastic_net
0.18,0.15947898414439393,GEO_LOCO,GSE39084,target_cohort_adaptive_zscore,elastic_net
0.19,0.15961952075448785,GEO_LOCO,GSE39084,target_cohort_adaptive_zscore,elastic_net
0.2,0.15976005736458174,GEO_LOCO,GSE39084,target_cohort_adaptive_zscore,elastic_net
0.21,0.15990059397467565,GEO_LOCO,GSE39084,target_cohort_adaptive_zscore,elastic_net
0.22,0.16004113058476954,GEO_LOCO,GSE39084,target_cohort_adaptive_zscore,elastic_net
0.23,0.16018166719486346,GEO_LOCO,GSE39084,target_cohort_adaptive_zscore,elastic_net
0.24,0.15229272960899282,GEO_LOCO,GSE39084,target_cohort_adaptive_zscore,elastic_net
0.25,0.14218878348262043,GEO_LOCO,GSE39084,target_cohort_adaptive_zscore,elastic_net
0.26,0.132084837356248,GEO_LOCO,GSE39084,target_cohort_adaptive_zscore,elastic_net
0.27,0.12198089122987563,GEO_LOCO,GSE39084,target_cohort_adaptive_zscore,elastic_net
0.28,0.11187694510350324,GEO_LOCO,GSE39084,target_cohort_adaptive_zscore,elastic_net
0.29,0.10177299897713091,GEO_LOCO,GSE39084,target_cohort_adaptive_zscore,elastic_net
0.3,0.09166905285075852,GEO_LOCO,GSE39084,target_cohort_adaptive_zscore,elastic_net
0.31,0.08341803394853842,GEO_LOCO,GSE39084,target_cohort_adaptive_zscore,elastic_net
0.32,0.07937682431870514,GEO_LOCO,GSE39084,target_cohort_adaptive_zscore,elastic_net
0.33,0.07533561468887187,GEO_LOCO,GSE39084,target_cohort_adaptive_zscore,elastic_net
0.34,0.0712944050590386,GEO_LOCO,GSE39084,target_cohort_adaptive_zscore,elastic_net
0.35000000000000003,0.06725319542920533,GEO_LOCO,GSE39084,target_cohort_adaptive_zscore,elastic_net
0.36,0.06321198579937208,GEO_LOCO,GSE39084,target_cohort_adaptive_zscore,elastic_net
0.37,0.059170776169538815,GEO_LOCO,GSE39084,target_cohort_adaptive_zscore,elastic_net
0.38,0.05512956653970555,GEO_LOCO,GSE39084,target_cohort_adaptive_zscore,elastic_net
0.39,0.051088356909872276,GEO_LOCO,GSE39084,target_cohort_adaptive_zscore,elastic_net
0.4,0.047047147280039,GEO_LOCO,GSE39084,target_cohort_adaptive_zscore,elastic_net
0.41000000000000003,0.04300593765020574,GEO_LOCO,GSE39084,target_cohort_adaptive_zscore,elastic_net
0.42,0.05644669228895859,GEO_LOCO,GSE39084,target_cohort_adaptive_zscore,elastic_net
0.43,0.07382200622984543,GEO_LOCO,GSE39084,target_cohort_adaptive_zscore,elastic_net
0.44,0.09119732017073226,GEO_LOCO,GSE39084,target_cohort_adaptive_zscore,elastic_net
0.45,0.1085726341116191,GEO_LOCO,GSE39084,target_cohort_adaptive_zscore,elastic_net
0.46,0.12594794805250595,GEO_LOCO,GSE39084,target_cohort_adaptive_zscore,elastic_net
0.47000000000000003,0.1433232619933928,GEO_LOCO,GSE39084,target_cohort_adaptive_zscore,elastic_net
0.48,0.16069857593427953,GEO_LOCO,GSE39084,target_cohort_adaptive_zscore,elastic_net
0.49,0.17807388987516637,GEO_LOCO,GSE39084,target_cohort_adaptive_zscore,elastic_net
0.5,0.1954492038160532,GEO_LOCO,GSE39084,target_cohort_adaptive_zscore,elastic_net
0.51,0.21282451775694003,GEO_LOCO,GSE39084,target_cohort_adaptive_zscore,elastic_net
0.52,0.23019983169782687,GEO_LOCO,GSE39084,target_cohort_adaptive_zscore,elastic_net
0.53,0.24757514563871372,GEO_LOCO,GSE39084,target_cohort_adaptive_zscore,elastic_net
0.54,0.26495045957960056,GEO_LOCO,GSE39084,target_cohort_adaptive_zscore,elastic_net
0.55,0.2823257735204874,GEO_LOCO,GSE39084,target_cohort_adaptive_zscore,elastic_net
0.56,0.29970108746137425,GEO_LOCO,GSE39084,target_cohort_adaptive_zscore,elastic_net
0.5700000000000001,0.3170764014022611,GEO_LOCO,GSE39084,target_cohort_adaptive_zscore,elastic_net
0.58,0.33445171534314777,GEO_LOCO,GSE39084,target_cohort_adaptive_zscore,elastic_net
0.59,0.35182702928403453,GEO_LOCO,GSE39084,target_cohort_adaptive_zscore,elastic_net
0.6,0.3692023432249214,GEO_LOCO,GSE39084,target_cohort_adaptive_zscore,elastic_net
0.61,0.3848952031887787,GEO_LOCO,GSE39084,target_cohort_adaptive_zscore,elastic_net
0.62,0.3986705502659267,GEO_LOCO,GSE39084,target_cohort_adaptive_zscore,elastic_net
0.63,0.41244589734307474,GEO_LOCO,GSE39084,target_cohort_adaptive_zscore,elastic_net
0.64,0.4262212444202228,GEO_LOCO,GSE39084,target_cohort_adaptive_zscore,elastic_net
0.65,0.4399965914973708,GEO_LOCO,GSE39084,target_cohort_adaptive_zscore,elastic_net
0.66,0.45377193857451886,GEO_LOCO,GSE39084,target_cohort_adaptive_zscore,elastic_net
0.67,0.4675472856516669,GEO_LOCO,GSE39084,target_cohort_adaptive_zscore,elastic_net
0.68,0.4813226327288149,GEO_LOCO,GSE39084,target_cohort_adaptive_zscore,elastic_net
0.6900000000000001,0.495097979805963,GEO_LOCO,GSE39084,target_cohort_adaptive_zscore,elastic_net
0.7000000000000001,0.508873326883111,GEO_LOCO,GSE39084,target_cohort_adaptive_zscore,elastic_net
0.71,0.5226486739602589,GEO_LOCO,GSE39084,target_cohort_adaptive_zscore,elastic_net
0.72,0.5364240210374069,GEO_LOCO,GSE39084,target_cohort_adaptive_zscore,elastic_net
0.73,0.5501993681145549,GEO_LOCO,GSE39084,target_cohort_adaptive_zscore,elastic_net
0.74,0.5639747151917031,GEO_LOCO,GSE39084,target_cohort_adaptive_zscore,elastic_net
0.75,0.5777500622688511,GEO_LOCO,GSE39084,target_cohort_adaptive_zscore,elastic_net
0.76,0.5915254093459992,GEO_LOCO,GSE39084,target_cohort_adaptive_zscore,elastic_net
0.77,0.6053007564231472,GEO_LOCO,GSE39084,target_cohort_adaptive_zscore,elastic_net
0.78,0.6190761035002952,GEO_LOCO,GSE39084,target_cohort_adaptive_zscore,elastic_net
0.79,0.6328514505774432,GEO_LOCO,GSE39084,target_cohort_adaptive_zscore,elastic_net
0.8,0.6466267976545912,GEO_LOCO,GSE39084,target_cohort_adaptive_zscore,elastic_net
0.81,0.6604021447317393,GEO_LOCO,GSE39084,target_cohort_adaptive_zscore,elastic_net
0.8200000000000001,0.6741774918088874,GEO_LOCO,GSE39084,target_cohort_adaptive_zscore,elastic_net
0.8300000000000001,0.6879528388860354,GEO_LOCO,GSE39084,target_cohort_adaptive_zscore,elastic_net
0.84,0.7017281859631832,GEO_LOCO,GSE39084,target_cohort_adaptive_zscore,elastic_net
0.85,0.7155035330403313,GEO_LOCO,GSE39084,target_cohort_adaptive_zscore,elastic_net
0.86,0.7297718072893559,GEO_LOCO,GSE39084,target_cohort_adaptive_zscore,elastic_net
0.87,0.7457227825496874,GEO_LOCO,GSE39084,target_cohort_adaptive_zscore,elastic_net
0.88,0.7616737578100189,GEO_LOCO,GSE39084,target_cohort_adaptive_zscore,elastic_net
0.89,0.7776247330703505,GEO_LOCO,GSE39084,target_cohort_adaptive_zscore,elastic_net
0.9,0.793575708330682,GEO_LOCO,GSE39084,target_cohort_adaptive_zscore,elastic_net
0.91,0.8095266835910135,GEO_LOCO,GSE39084,target_cohort_adaptive_zscore,elastic_net
0.92,0.825477658851345,GEO_LOCO,GSE39084,target_cohort_adaptive_zscore,elastic_net
0.93,0.8414286341116767,GEO_LOCO,GSE39084,target_cohort_adaptive_zscore,elastic_net
0.9400000000000001,0.8573796093720082,GEO_LOCO,GSE39084,target_cohort_adaptive_zscore,elastic_net
0.9500000000000001,0.8733305846323398,GEO_LOCO,GSE39084,target_cohort_adaptive_zscore,elastic_net
0.96,0.8892815598926711,GEO_LOCO,GSE39084,target_cohort_adaptive_zscore,elastic_net
0.97,0.9052325351530026,GEO_LOCO,GSE39084,target_cohort_adaptive_zscore,elastic_net
0.98,0.9211835104133342,GEO_LOCO,GSE39084,target_cohort_adaptive_zscore,elastic_net
0.99,0.9371344856736658,GEO_LOCO,GSE39084,target_cohort_adaptive_zscore,elastic_net
1.0,0.9533482901560708,GEO_LOCO,GSE39084,target_cohort_adaptive_zscore,elastic_net
0.0,0.0,GEO_LOCO,GSE39084,target_cohort_adaptive_zscore,svm_rbf
0.01,0.0,GEO_LOCO,GSE39084,target_cohort_adaptive_zscore,svm_rbf
0.02,0.0,GEO_LOCO,GSE39084,target_cohort_adaptive_zscore,svm_rbf
0.03,0.0,GEO_LOCO,GSE39084,target_cohort_adaptive_zscore,svm_rbf
0.04,0.0,GEO_LOCO,GSE39084,target_cohort_adaptive_zscore,svm_rbf
0.05,0.0,GEO_LOCO,GSE39084,target_cohort_adaptive_zscore,svm_rbf
0.06,0.0,GEO_LOCO,GSE39084,target_cohort_adaptive_zscore,svm_rbf
0.07,0.0,GEO_LOCO,GSE39084,target_cohort_adaptive_zscore,svm_rbf
0.08,0.0,GEO_LOCO,GSE39084,target_cohort_adaptive_zscore,svm_rbf
0.09,0.0,GEO_LOCO,GSE39084,target_cohort_adaptive_zscore,svm_rbf
0.1,0.0,GEO_LOCO,GSE39084,target_cohort_adaptive_zscore,svm_rbf
0.11,0.0,GEO_LOCO,GSE39084,target_cohort_adaptive_zscore,svm_rbf
0.12,0.0,GEO_LOCO,GSE39084,target_cohort_adaptive_zscore,svm_rbf
0.13,0.0,GEO_LOCO,GSE39084,target_cohort_adaptive_zscore,svm_rbf
0.14,0.0,GEO_LOCO,GSE39084,target_cohort_adaptive_zscore,svm_rbf
0.15,0.0,GEO_LOCO,GSE39084,target_cohort_adaptive_zscore,svm_rbf
0.16,0.0,GEO_LOCO,GSE39084,target_cohort_adaptive_zscore,svm_rbf
0.17,0.0,GEO_LOCO,GSE39084,target_cohort_adaptive_zscore,svm_rbf
0.18,0.0,GEO_LOCO,GSE39084,target_cohort_adaptive_zscore,svm_rbf
0.19,0.0,GEO_LOCO,GSE39084,target_cohort_adaptive_zscore,svm_rbf
0.2,0.0,GEO_LOCO,GSE39084,target_cohort_adaptive_zscore,svm_rbf
0.21,0.0,GEO_LOCO,GSE39084,target_cohort_adaptive_zscore,svm_rbf
0.22,0.0,GEO_LOCO,GSE39084,target_cohort_adaptive_zscore,svm_rbf
0.23,0.0,GEO_LOCO,GSE39084,target_cohort_adaptive_zscore,svm_rbf
0.24,0.0,GEO_LOCO,GSE39084,target_cohort_adaptive_zscore,svm_rbf
0.25,0.0,GEO_LOCO,GSE39084,target_cohort_adaptive_zscore,svm_rbf
0.26,0.0,GEO_LOCO,GSE39084,target_cohort_adaptive_zscore,svm_rbf
0.27,0.0,GEO_LOCO,GSE39084,target_cohort_adaptive_zscore,svm_rbf
0.28,0.0,GEO_LOCO,GSE39084,target_cohort_adaptive_zscore,svm_rbf
0.29,0.0,GEO_LOCO,GSE39084,target_cohort_adaptive_zscore,svm_rbf
0.3,0.0,GEO_LOCO,GSE39084,target_cohort_adaptive_zscore,svm_rbf
0.31,0.0,GEO_LOCO,GSE39084,target_cohort_adaptive_zscore,svm_rbf
0.32,0.0,GEO_LOCO,GSE39084,target_cohort_adaptive_zscore,svm_rbf
0.33,0.0,GEO_LOCO,GSE39084,target_cohort_adaptive_zscore,svm_rbf
0.34,0.0066476698915605755,GEO_LOCO,GSE39084,target_cohort_adaptive_zscore,svm_rbf
0.35000000000000003,0.022532585928399174,GEO_LOCO,GSE39084,target_cohort_adaptive_zscore,svm_rbf
0.36,0.03841750196523768,GEO_LOCO,GSE39084,target_cohort_adaptive_zscore,svm_rbf
0.37,0.05430241800207628,GEO_LOCO,GSE39084,target_cohort_adaptive_zscore,svm_rbf
0.38,0.07018733403891488,GEO_LOCO,GSE39084,target_cohort_adaptive_zscore,svm_rbf
0.39,0.08607225007575348,GEO_LOCO,GSE39084,target_cohort_adaptive_zscore,svm_rbf
0.4,0.10195716611259208,GEO_LOCO,GSE39084,target_cohort_adaptive_zscore,svm_rbf
0.41000000000000003,0.11784208214943066,GEO_LOCO,GSE39084,target_cohort_adaptive_zscore,svm_rbf
0.42,0.13372699818626918,GEO_LOCO,GSE39084,target_cohort_adaptive_zscore,svm_rbf
0.43,0.14961191422310777,GEO_LOCO,GSE39084,target_cohort_adaptive_zscore,svm_rbf
0.44,0.16549683025994638,GEO_LOCO,GSE39084,target_cohort_adaptive_zscore,svm_rbf
0.45,0.18138174629678497,GEO_LOCO,GSE39084,target_cohort_adaptive_zscore,svm_rbf
0.46,0.19726666233362358,GEO_LOCO,GSE39084,target_cohort_adaptive_zscore,svm_rbf
0.47000000000000003,0.21315157837046217,GEO_LOCO,GSE39084,target_cohort_adaptive_zscore,svm_rbf
0.48,0.22903649440730067,GEO_LOCO,GSE39084,target_cohort_adaptive_zscore,svm_rbf
0.49,0.24492141044413926,GEO_LOCO,GSE39084,target_cohort_adaptive_zscore,svm_rbf
0.5,0.26080632648097785,GEO_LOCO,GSE39084,target_cohort_adaptive_zscore,svm_rbf
0.51,0.27669124251781646,GEO_LOCO,GSE39084,target_cohort_adaptive_zscore,svm_rbf
0.52,0.2925761585546551,GEO_LOCO,GSE39084,target_cohort_adaptive_zscore,svm_rbf
0.53,0.3084610745914937,GEO_LOCO,GSE39084,target_cohort_adaptive_zscore,svm_rbf
0.54,0.32434599062833225,GEO_LOCO,GSE39084,target_cohort_adaptive_zscore,svm_rbf
0.55,0.34023090666517086,GEO_LOCO,GSE39084,target_cohort_adaptive_zscore,svm_rbf
0.56,0.3561158227020095,GEO_LOCO,GSE39084,target_cohort_adaptive_zscore,svm_rbf
0.5700000000000001,0.37200073873884804,GEO_LOCO,GSE39084,target_cohort_adaptive_zscore,svm_rbf
0.58,0.3878856547756865,GEO_LOCO,GSE39084,target_cohort_adaptive_zscore,svm_rbf
0.59,0.4037705708125251,GEO_LOCO,GSE39084,target_cohort_adaptive_zscore,svm_rbf
0.6,0.41965548684936366,GEO_LOCO,GSE39084,target_cohort_adaptive_zscore,svm_rbf
0.61,0.43554040288620227,GEO_LOCO,GSE39084,target_cohort_adaptive_zscore,svm_rbf
0.62,0.4514253189230409,GEO_LOCO,GSE39084,target_cohort_adaptive_zscore,svm_rbf
0.63,0.46731023495987944,GEO_LOCO,GSE39084,target_cohort_adaptive_zscore,svm_rbf
0.64,0.48319515099671806,GEO_LOCO,GSE39084,target_cohort_adaptive_zscore,svm_rbf
0.65,0.4990800670335567,GEO_LOCO,GSE39084,target_cohort_adaptive_zscore,svm_rbf
0.66,0.5149649830703953,GEO_LOCO,GSE39084,target_cohort_adaptive_zscore,svm_rbf
0.67,0.5308498991072339,GEO_LOCO,GSE39084,target_cohort_adaptive_zscore,svm_rbf
0.68,0.5467348151440724,GEO_LOCO,GSE39084,target_cohort_adaptive_zscore,svm_rbf
0.6900000000000001,0.562619731180911,GEO_LOCO,GSE39084,target_cohort_adaptive_zscore,svm_rbf
0.7000000000000001,0.5785046472177496,GEO_LOCO,GSE39084,target_cohort_adaptive_zscore,svm_rbf
0.71,0.594389563254588,GEO_LOCO,GSE39084,target_cohort_adaptive_zscore,svm_rbf
0.72,0.6102744792914266,GEO_LOCO,GSE39084,target_cohort_adaptive_zscore,svm_rbf
0.73,0.6261593953282653,GEO_LOCO,GSE39084,target_cohort_adaptive_zscore,svm_rbf
0.74,0.6420443113651039,GEO_LOCO,GSE39084,target_cohort_adaptive_zscore,svm_rbf
0.75,0.6579292274019425,GEO_LOCO,GSE39084,target_cohort_adaptive_zscore,svm_rbf
0.76,0.6738141434387811,GEO_LOCO,GSE39084,target_cohort_adaptive_zscore,svm_rbf
0.77,0.6896990594756196,GEO_LOCO,GSE39084,target_cohort_adaptive_zscore,svm_rbf
0.78,0.7055839755124582,GEO_LOCO,GSE39084,target_cohort_adaptive_zscore,svm_rbf
0.79,0.7214688915492968,GEO_LOCO,GSE39084,target_cohort_adaptive_zscore,svm_rbf
0.8,0.7373538075861354,GEO_LOCO,GSE39084,target_cohort_adaptive_zscore,svm_rbf
0.81,0.7532387236229741,GEO_LOCO,GSE39084,target_cohort_adaptive_zscore,svm_rbf
0.8200000000000001,0.7691236396598127,GEO_LOCO,GSE39084,target_cohort_adaptive_zscore,svm_rbf
0.8300000000000001,0.7850085556966512,GEO_LOCO,GSE39084,target_cohort_adaptive_zscore,svm_rbf
0.84,0.8008934717334896,GEO_LOCO,GSE39084,target_cohort_adaptive_zscore,svm_rbf
0.85,0.8167783877703282,GEO_LOCO,GSE39084,target_cohort_adaptive_zscore,svm_rbf
0.86,0.8326633038071668,GEO_LOCO,GSE39084,target_cohort_adaptive_zscore,svm_rbf
0.87,0.8467645420293577,GEO_LOCO,GSE39084,target_cohort_adaptive_zscore,svm_rbf
0.88,0.8603478068058528,GEO_LOCO,GSE39084,target_cohort_adaptive_zscore,svm_rbf
0.89,0.8739310715823477,GEO_LOCO,GSE39084,target_cohort_adaptive_zscore,svm_rbf
0.9,0.8875143363588428,GEO_LOCO,GSE39084,target_cohort_adaptive_zscore,svm_rbf
0.91,0.9010976011353378,GEO_LOCO,GSE39084,target_cohort_adaptive_zscore,svm_rbf
0.92,0.9146808659118328,GEO_LOCO,GSE39084,target_cohort_adaptive_zscore,svm_rbf
0.93,0.9282641306883279,GEO_LOCO,GSE39084,target_cohort_adaptive_zscore,svm_rbf
0.9400000000000001,0.9418473954648229,GEO_LOCO,GSE39084,target_cohort_adaptive_zscore,svm_rbf
0.9500000000000001,0.955430660241318,GEO_LOCO,GSE39084,target_cohort_adaptive_zscore,svm_rbf
0.96,0.9690108268590344,GEO_LOCO,GSE39084,target_cohort_adaptive_zscore,svm_rbf
0.97,0.9825762695522247,GEO_LOCO,GSE39084,target_cohort_adaptive_zscore,svm_rbf
0.98,0.9961361869133427,GEO_LOCO,GSE39084,target_cohort_adaptive_zscore,svm_rbf
0.99,1.0,GEO_LOCO,GSE39084,target_cohort_adaptive_zscore,svm_rbf
1.0,1.0,GEO_LOCO,GSE39084,target_cohort_adaptive_zscore,svm_rbf
0.0,0.0,GEO_LOCO,GSE39084,target_cohort_adaptive_zscore,xgboost
0.01,0.0,GEO_LOCO,GSE39084,target_cohort_adaptive_zscore,xgboost
0.02,0.0,GEO_LOCO,GSE39084,target_cohort_adaptive_zscore,xgboost
0.03,0.0,GEO_LOCO,GSE39084,target_cohort_adaptive_zscore,xgboost
0.04,0.0,GEO_LOCO,GSE39084,target_cohort_adaptive_zscore,xgboost
0.05,0.0,GEO_LOCO,GSE39084,target_cohort_adaptive_zscore,xgboost
0.06,0.0,GEO_LOCO,GSE39084,target_cohort_adaptive_zscore,xgboost
0.07,0.0,GEO_LOCO,GSE39084,target_cohort_adaptive_zscore,xgboost
0.08,0.0,GEO_LOCO,GSE39084,target_cohort_adaptive_zscore,xgboost
0.09,0.0,GEO_LOCO,GSE39084,target_cohort_adaptive_zscore,xgboost
0.1,0.0,GEO_LOCO,GSE39084,target_cohort_adaptive_zscore,xgboost
0.11,0.0,GEO_LOCO,GSE39084,target_cohort_adaptive_zscore,xgboost
0.12,0.0,GEO_LOCO,GSE39084,target_cohort_adaptive_zscore,xgboost
0.13,0.0,GEO_LOCO,GSE39084,target_cohort_adaptive_zscore,xgboost
0.14,0.0,GEO_LOCO,GSE39084,target_cohort_adaptive_zscore,xgboost
0.15,0.0,GEO_LOCO,GSE39084,target_cohort_adaptive_zscore,xgboost
0.16,0.0,GEO_LOCO,GSE39084,target_cohort_adaptive_zscore,xgboost
0.17,0.0,GEO_LOCO,GSE39084,target_cohort_adaptive_zscore,xgboost
0.18,0.0,GEO_LOCO,GSE39084,target_cohort_adaptive_zscore,xgboost
0.19,0.0,GEO_LOCO,GSE39084,target_cohort_adaptive_zscore,xgboost
0.2,0.0,GEO_LOCO,GSE39084,target_cohort_adaptive_zscore,xgboost
0.21,0.0,GEO_LOCO,GSE39084,target_cohort_adaptive_zscore,xgboost
0.22,0.0031409859342790025,GEO_LOCO,GSE39084,target_cohort_adaptive_zscore,xgboost
0.23,0.02067493351389436,GEO_LOCO,GSE39084,target_cohort_adaptive_zscore,xgboost
0.24,0.038208881093509665,GEO_LOCO,GSE39084,target_cohort_adaptive_zscore,xgboost
0.25,0.05574282867312502,GEO_LOCO,GSE39084,target_cohort_adaptive_zscore,xgboost
0.26,0.07327677625274039,GEO_LOCO,GSE39084,target_cohort_adaptive_zscore,xgboost
0.27,0.09081072383235574,GEO_LOCO,GSE39084,target_cohort_adaptive_zscore,xgboost
0.28,0.1083446714119711,GEO_LOCO,GSE39084,target_cohort_adaptive_zscore,xgboost
0.29,0.12587861899158637,GEO_LOCO,GSE39084,target_cohort_adaptive_zscore,xgboost
0.3,0.14341256657120172,GEO_LOCO,GSE39084,target_cohort_adaptive_zscore,xgboost
0.31,0.16094651415081707,GEO_LOCO,GSE39084,target_cohort_adaptive_zscore,xgboost
0.32,0.17848046173043242,GEO_LOCO,GSE39084,target_cohort_adaptive_zscore,xgboost
0.33,0.19601440931004777,GEO_LOCO,GSE39084,target_cohort_adaptive_zscore,xgboost
0.34,0.21354835688966314,GEO_LOCO,GSE39084,target_cohort_adaptive_zscore,xgboost
0.35000000000000003,0.2310823044692785,GEO_LOCO,GSE39084,target_cohort_adaptive_zscore,xgboost
0.36,0.24861625204889376,GEO_LOCO,GSE39084,target_cohort_adaptive_zscore,xgboost
0.37,0.2661501996285091,GEO_LOCO,GSE39084,target_cohort_adaptive_zscore,xgboost
0.38,0.28368414720812446,GEO_LOCO,GSE39084,target_cohort_adaptive_zscore,xgboost
0.39,0.3012180947877398,GEO_LOCO,GSE39084,target_cohort_adaptive_zscore,xgboost
0.4,0.31875204236735516,GEO_LOCO,GSE39084,target_cohort_adaptive_zscore,xgboost
0.41000000000000003,0.3362859899469705,GEO_LOCO,GSE39084,target_cohort_adaptive_zscore,xgboost
0.42,0.3538199375265858,GEO_LOCO,GSE39084,target_cohort_adaptive_zscore,xgboost
0.43,0.37135388510620115,GEO_LOCO,GSE39084,target_cohort_adaptive_zscore,xgboost
0.44,0.3888878326858165,GEO_LOCO,GSE39084,target_cohort_adaptive_zscore,xgboost
0.45,0.40642178026543185,GEO_LOCO,GSE39084,target_cohort_adaptive_zscore,xgboost
0.46,0.4239557278450472,GEO_LOCO,GSE39084,target_cohort_adaptive_zscore,xgboost
0.47000000000000003,0.44148967542466255,GEO_LOCO,GSE39084,target_cohort_adaptive_zscore,xgboost
0.48,0.45902362300427785,GEO_LOCO,GSE39084,target_cohort_adaptive_zscore,xgboost
0.49,0.4765575705838932,GEO_LOCO,GSE39084,target_cohort_adaptive_zscore,xgboost
0.5,0.49409151816350855,GEO_LOCO,GSE39084,target_cohort_adaptive_zscore,xgboost
0.51,0.511625465743124,GEO_LOCO,GSE39084,target_cohort_adaptive_zscore,xgboost
0.52,0.5291594133227393,GEO_LOCO,GSE39084,target_cohort_adaptive_zscore,xgboost
0.53,0.5466933609023547,GEO_LOCO,GSE39084,target_cohort_adaptive_zscore,xgboost
0.54,0.56422730848197,GEO_LOCO,GSE39084,target_cohort_adaptive_zscore,xgboost
0.55,0.5817612560615854,GEO_LOCO,GSE39084,target_cohort_adaptive_zscore,xgboost
0.56,0.5992952036412007,GEO_LOCO,GSE39084,target_cohort_adaptive_zscore,xgboost
0.5700000000000001,0.616829151220816,GEO_LOCO,GSE39084,target_cohort_adaptive_zscore,xgboost
0.58,0.6308694972867542,GEO_LOCO,GSE39084,target_cohort_adaptive_zscore,xgboost
0.59,0.6404830257640277,GEO_LOCO,GSE39084,target_cohort_adaptive_zscore,xgboost
0.6,0.6500965542413012,GEO_LOCO,GSE39084,target_cohort_adaptive_zscore,xgboost
0.61,0.6597100827185746,GEO_LOCO,GSE39084,target_cohort_adaptive_zscore,xgboost
0.62,0.669323611195848,GEO_LOCO,GSE39084,target_cohort_adaptive_zscore,xgboost
0.63,0.6789371396731215,GEO_LOCO,GSE39084,target_cohort_adaptive_zscore,xgboost
0.64,0.688550668150395,GEO_LOCO,GSE39084,target_cohort_adaptive_zscore,xgboost
0.65,0.6981641966276684,GEO_LOCO,GSE39084,target_cohort_adaptive_zscore,xgboost
0.66,0.7077777251049419,GEO_LOCO,GSE39084,target_cohort_adaptive_zscore,xgboost
0.67,0.7173912535822153,GEO_LOCO,GSE39084,target_cohort_adaptive_zscore,xgboost
0.68,0.727096379617719,GEO_LOCO,GSE39084,target_cohort_adaptive_zscore,xgboost
0.6900000000000001,0.7368669857882721,GEO_LOCO,GSE39084,target_cohort_adaptive_zscore,xgboost
0.7000000000000001,0.7466375919588254,GEO_LOCO,GSE39084,target_cohort_adaptive_zscore,xgboost
0.71,0.7564081981293785,GEO_LOCO,GSE39084,target_cohort_adaptive_zscore,xgboost
0.72,0.7661788042999318,GEO_LOCO,GSE39084,target_cohort_adaptive_zscore,xgboost
0.73,0.775949410470485,GEO_LOCO,GSE39084,target_cohort_adaptive_zscore,xgboost
0.74,0.7857200166410382,GEO_LOCO,GSE39084,target_cohort_adaptive_zscore,xgboost
0.75,0.7954906228115914,GEO_LOCO,GSE39084,target_cohort_adaptive_zscore,xgboost
0.76,0.8052612289821447,GEO_LOCO,GSE39084,target_cohort_adaptive_zscore,xgboost
0.77,0.815031835152698,GEO_LOCO,GSE39084,target_cohort_adaptive_zscore,xgboost
0.78,0.8248024413232511,GEO_LOCO,GSE39084,target_cohort_adaptive_zscore,xgboost
0.79,0.8345730474938043,GEO_LOCO,GSE39084,target_cohort_adaptive_zscore,xgboost
0.8,0.8443436536643576,GEO_LOCO,GSE39084,target_cohort_adaptive_zscore,xgboost
0.81,0.8541142598349108,GEO_LOCO,GSE39084,target_cohort_adaptive_zscore,xgboost
0.8200000000000001,0.8638848660054641,GEO_LOCO,GSE39084,target_cohort_adaptive_zscore,xgboost
0.8300000000000001,0.8736554721760172,GEO_LOCO,GSE39084,target_cohort_adaptive_zscore,xgboost
0.84,0.8834260783465704,GEO_LOCO,GSE39084,target_cohort_adaptive_zscore,xgboost
0.85,0.8931966845171236,GEO_LOCO,GSE39084,target_cohort_adaptive_zscore,xgboost
0.86,0.9029672906876769,GEO_LOCO,GSE39084,target_cohort_adaptive_zscore,xgboost
0.87,0.91273789685823,GEO_LOCO,GSE39084,target_cohort_adaptive_zscore,xgboost
0.88,0.9225085030287833,GEO_LOCO,GSE39084,target_cohort_adaptive_zscore,xgboost
0.89,0.9322791091993365,GEO_LOCO,GSE39084,target_cohort_adaptive_zscore,xgboost
0.9,0.9420497153698898,GEO_LOCO,GSE39084,target_cohort_adaptive_zscore,xgboost
0.91,0.951820321540443,GEO_LOCO,GSE39084,target_cohort_adaptive_zscore,xgboost
0.92,0.9615909277109962,GEO_LOCO,GSE39084,target_cohort_adaptive_zscore,xgboost
0.93,0.971217901926358,GEO_LOCO,GSE39084,target_cohort_adaptive_zscore,xgboost
0.9400000000000001,0.9765692941462145,GEO_LOCO,GSE39084,target_cohort_adaptive_zscore,xgboost
0.9500000000000001,0.981920686366071,GEO_LOCO,GSE39084,target_cohort_adaptive_zscore,xgboost
0.96,0.9872720785859274,GEO_LOCO,GSE39084,target_cohort_adaptive_zscore,xgboost
0.97,0.9926234708057838,GEO_LOCO,GSE39084,target_cohort_adaptive_zscore,xgboost
0.98,0.9979748630256403,GEO_LOCO,GSE39084,target_cohort_adaptive_zscore,xgboost
0.99,1.0,GEO_LOCO,GSE39084,target_cohort_adaptive_zscore,xgboost
1.0,1.0,GEO_LOCO,GSE39084,target_cohort_adaptive_zscore,xgboost
0.0,0.0,TCGA_to_GEO,GSE13067,fixed_log_expression,elastic_net
0.01,0.0,TCGA_to_GEO,GSE13067,fixed_log_expression,elastic_net
0.02,0.0,TCGA_to_GEO,GSE13067,fixed_log_expression,elastic_net
0.03,0.0,TCGA_to_GEO,GSE13067,fixed_log_expression,elastic_net
0.04,0.0,TCGA_to_GEO,GSE13067,fixed_log_expression,elastic_net
0.05,0.0,TCGA_to_GEO,GSE13067,fixed_log_expression,elastic_net
0.06,0.0,TCGA_to_GEO,GSE13067,fixed_log_expression,elastic_net
0.07,0.0,TCGA_to_GEO,GSE13067,fixed_log_expression,elastic_net
0.08,0.0,TCGA_to_GEO,GSE13067,fixed_log_expression,elastic_net
0.09,0.0,TCGA_to_GEO,GSE13067,fixed_log_expression,elastic_net
0.1,0.0,TCGA_to_GEO,GSE13067,fixed_log_expression,elastic_net
0.11,0.0,TCGA_to_GEO,GSE13067,fixed_log_expression,elastic_net
0.12,0.0,TCGA_to_GEO,GSE13067,fixed_log_expression,elastic_net
0.13,0.0,TCGA_to_GEO,GSE13067,fixed_log_expression,elastic_net
0.14,0.0,TCGA_to_GEO,GSE13067,fixed_log_expression,elastic_net
0.15,0.0,TCGA_to_GEO,GSE13067,fixed_log_expression,elastic_net
0.16,0.0,TCGA_to_GEO,GSE13067,fixed_log_expression,elastic_net
0.17,0.0,TCGA_to_GEO,GSE13067,fixed_log_expression,elastic_net
0.18,0.0,TCGA_to_GEO,GSE13067,fixed_log_expression,elastic_net
0.19,0.0,TCGA_to_GEO,GSE13067,fixed_log_expression,elastic_net
0.2,0.0,TCGA_to_GEO,GSE13067,fixed_log_expression,elastic_net
0.21,0.0,TCGA_to_GEO,GSE13067,fixed_log_expression,elastic_net
0.22,0.0,TCGA_to_GEO,GSE13067,fixed_log_expression,elastic_net
0.23,0.0,TCGA_to_GEO,GSE13067,fixed_log_expression,elastic_net
0.24,0.0,TCGA_to_GEO,GSE13067,fixed_log_expression,elastic_net
0.25,0.0,TCGA_to_GEO,GSE13067,fixed_log_expression,elastic_net
0.26,0.0,TCGA_to_GEO,GSE13067,fixed_log_expression,elastic_net
0.27,0.0,TCGA_to_GEO,GSE13067,fixed_log_expression,elastic_net
0.28,0.0,TCGA_to_GEO,GSE13067,fixed_log_expression,elastic_net
0.29,0.0,TCGA_to_GEO,GSE13067,fixed_log_expression,elastic_net
0.3,0.0,TCGA_to_GEO,GSE13067,fixed_log_expression,elastic_net
0.31,0.0,TCGA_to_GEO,GSE13067,fixed_log_expression,elastic_net
0.32,0.0,TCGA_to_GEO,GSE13067,fixed_log_expression,elastic_net
0.33,0.0,TCGA_to_GEO,GSE13067,fixed_log_expression,elastic_net
0.34,0.0,TCGA_to_GEO,GSE13067,fixed_log_expression,elastic_net
0.35000000000000003,0.0,TCGA_to_GEO,GSE13067,fixed_log_expression,elastic_net
0.36,0.0,TCGA_to_GEO,GSE13067,fixed_log_expression,elastic_net
0.37,0.0,TCGA_to_GEO,GSE13067,fixed_log_expression,elastic_net
0.38,0.0,TCGA_to_GEO,GSE13067,fixed_log_expression,elastic_net
0.39,0.0,TCGA_to_GEO,GSE13067,fixed_log_expression,elastic_net
0.4,0.0,TCGA_to_GEO,GSE13067,fixed_log_expression,elastic_net
0.41000000000000003,0.0,TCGA_to_GEO,GSE13067,fixed_log_expression,elastic_net
0.42,0.0,TCGA_to_GEO,GSE13067,fixed_log_expression,elastic_net
0.43,0.0,TCGA_to_GEO,GSE13067,fixed_log_expression,elastic_net
0.44,0.0,TCGA_to_GEO,GSE13067,fixed_log_expression,elastic_net
0.45,0.0,TCGA_to_GEO,GSE13067,fixed_log_expression,elastic_net
0.46,0.0,TCGA_to_GEO,GSE13067,fixed_log_expression,elastic_net
0.47000000000000003,0.0,TCGA_to_GEO,GSE13067,fixed_log_expression,elastic_net
0.48,0.0,TCGA_to_GEO,GSE13067,fixed_log_expression,elastic_net
0.49,0.0,TCGA_to_GEO,GSE13067,fixed_log_expression,elastic_net
0.5,0.0,TCGA_to_GEO,GSE13067,fixed_log_expression,elastic_net
0.51,0.0,TCGA_to_GEO,GSE13067,fixed_log_expression,elastic_net
0.52,0.0,TCGA_to_GEO,GSE13067,fixed_log_expression,elastic_net
0.53,0.0,TCGA_to_GEO,GSE13067,fixed_log_expression,elastic_net
0.54,4.2545804274910256e-10,TCGA_to_GEO,GSE13067,fixed_log_expression,elastic_net
0.55,3.3648861853746555e-09,TCGA_to_GEO,GSE13067,fixed_log_expression,elastic_net
0.56,6.304314328000209e-09,TCGA_to_GEO,GSE13067,fixed_log_expression,elastic_net
0.5700000000000001,9.243742470625762e-09,TCGA_to_GEO,GSE13067,fixed_log_expression,elastic_net
0.58,1.1134342313640548e-08,TCGA_to_GEO,GSE13067,fixed_log_expression,elastic_net
0.59,2.0636123475664867e-09,TCGA_to_GEO,GSE13067,fixed_log_expression,elastic_net
0.6,0.0,TCGA_to_GEO,GSE13067,fixed_log_expression,elastic_net
0.61,0.0,TCGA_to_GEO,GSE13067,fixed_log_expression,elastic_net
0.62,0.0,TCGA_to_GEO,GSE13067,fixed_log_expression,elastic_net
0.63,0.0,TCGA_to_GEO,GSE13067,fixed_log_expression,elastic_net
0.64,0.0,TCGA_to_GEO,GSE13067,fixed_log_expression,elastic_net
0.65,0.0,TCGA_to_GEO,GSE13067,fixed_log_expression,elastic_net
0.66,0.0,TCGA_to_GEO,GSE13067,fixed_log_expression,elastic_net
0.67,0.0,TCGA_to_GEO,GSE13067,fixed_log_expression,elastic_net
0.68,0.0,TCGA_to_GEO,GSE13067,fixed_log_expression,elastic_net
0.6900000000000001,0.0,TCGA_to_GEO,GSE13067,fixed_log_expression,elastic_net
0.7000000000000001,0.0,TCGA_to_GEO,GSE13067,fixed_log_expression,elastic_net
0.71,0.0,TCGA_to_GEO,GSE13067,fixed_log_expression,elastic_net
0.72,0.0,TCGA_to_GEO,GSE13067,fixed_log_expression,elastic_net
0.73,0.006710024809325077,TCGA_to_GEO,GSE13067,fixed_log_expression,elastic_net
0.74,0.014343264335438324,TCGA_to_GEO,GSE13067,fixed_log_expression,elastic_net
0.75,0.021976503861551575,TCGA_to_GEO,GSE13067,fixed_log_expression,elastic_net
0.76,0.02960974338766482,TCGA_to_GEO,GSE13067,fixed_log_expression,elastic_net
0.77,0.03910905631962398,TCGA_to_GEO,GSE13067,fixed_log_expression,elastic_net
0.78,0.051572691312341476,TCGA_to_GEO,GSE13067,fixed_log_expression,elastic_net
0.79,0.06493470667737712,TCGA_to_GEO,GSE13067,fixed_log_expression,elastic_net
0.8,0.07924875811056656,TCGA_to_GEO,GSE13067,fixed_log_expression,elastic_net
0.81,0.09376611075313945,TCGA_to_GEO,GSE13067,fixed_log_expression,elastic_net
0.8200000000000001,0.10872609420449318,TCGA_to_GEO,GSE13067,fixed_log_expression,elastic_net
0.8300000000000001,0.12421834621933424,TCGA_to_GEO,GSE13067,fixed_log_expression,elastic_net
0.84,0.1400871222783681,TCGA_to_GEO,GSE13067,fixed_log_expression,elastic_net
0.85,0.15639646093816822,TCGA_to_GEO,GSE13067,fixed_log_expression,elastic_net
0.86,0.17274062904300208,TCGA_to_GEO,GSE13067,fixed_log_expression,elastic_net
0.87,0.18948761871097666,TCGA_to_GEO,GSE13067,fixed_log_expression,elastic_net
0.88,0.20649981663700565,TCGA_to_GEO,GSE13067,fixed_log_expression,elastic_net
0.89,0.22362260154522315,TCGA_to_GEO,GSE13067,fixed_log_expression,elastic_net
0.9,0.24087512455093338,TCGA_to_GEO,GSE13067,fixed_log_expression,elastic_net
0.91,0.2584162053994012,TCGA_to_GEO,GSE13067,fixed_log_expression,elastic_net
0.92,0.2760863053609589,TCGA_to_GEO,GSE13067,fixed_log_expression,elastic_net
0.93,0.29395460345384444,TCGA_to_GEO,GSE13067,fixed_log_expression,elastic_net
0.9400000000000001,0.3120753924354787,TCGA_to_GEO,GSE13067,fixed_log_expression,elastic_net
0.9500000000000001,0.33026452986857696,TCGA_to_GEO,GSE13067,fixed_log_expression,elastic_net
0.96,0.3487751695159247,TCGA_to_GEO,GSE13067,fixed_log_expression,elastic_net
0.97,0.36739314454467187,TCGA_to_GEO,GSE13067,fixed_log_expression,elastic_net
0.98,0.38628219184889484,TCGA_to_GEO,GSE13067,fixed_log_expression,elastic_net
0.99,0.4053724404264099,TCGA_to_GEO,GSE13067,fixed_log_expression,elastic_net
1.0,0.42473413616801786,TCGA_to_GEO,GSE13067,fixed_log_expression,elastic_net
0.0,0.0,TCGA_to_GEO,GSE13067,fixed_log_expression,svm_rbf
0.01,0.0,TCGA_to_GEO,GSE13067,fixed_log_expression,svm_rbf
0.02,0.0,TCGA_to_GEO,GSE13067,fixed_log_expression,svm_rbf
0.03,0.0,TCGA_to_GEO,GSE13067,fixed_log_expression,svm_rbf
0.04,0.0,TCGA_to_GEO,GSE13067,fixed_log_expression,svm_rbf
0.05,0.0,TCGA_to_GEO,GSE13067,fixed_log_expression,svm_rbf
0.06,0.0,TCGA_to_GEO,GSE13067,fixed_log_expression,svm_rbf
0.07,0.0,TCGA_to_GEO,GSE13067,fixed_log_expression,svm_rbf
0.08,0.0,TCGA_to_GEO,GSE13067,fixed_log_expression,svm_rbf
0.09,0.0,TCGA_to_GEO,GSE13067,fixed_log_expression,svm_rbf
0.1,0.0,TCGA_to_GEO,GSE13067,fixed_log_expression,svm_rbf
0.11,0.0,TCGA_to_GEO,GSE13067,fixed_log_expression,svm_rbf
0.12,0.0,TCGA_to_GEO,GSE13067,fixed_log_expression,svm_rbf
0.13,0.0,TCGA_to_GEO,GSE13067,fixed_log_expression,svm_rbf
0.14,0.0,TCGA_to_GEO,GSE13067,fixed_log_expression,svm_rbf
0.15,0.0,TCGA_to_GEO,GSE13067,fixed_log_expression,svm_rbf
0.16,0.0,TCGA_to_GEO,GSE13067,fixed_log_expression,svm_rbf
0.17,0.0,TCGA_to_GEO,GSE13067,fixed_log_expression,svm_rbf
0.18,0.0,TCGA_to_GEO,GSE13067,fixed_log_expression,svm_rbf
0.19,0.0,TCGA_to_GEO,GSE13067,fixed_log_expression,svm_rbf
0.2,0.0,TCGA_to_GEO,GSE13067,fixed_log_expression,svm_rbf
0.21,0.0,TCGA_to_GEO,GSE13067,fixed_log_expression,svm_rbf
0.22,0.0,TCGA_to_GEO,GSE13067,fixed_log_expression,svm_rbf
0.23,0.0,TCGA_to_GEO,GSE13067,fixed_log_expression,svm_rbf
0.24,0.0,TCGA_to_GEO,GSE13067,fixed_log_expression,svm_rbf
0.25,0.0,TCGA_to_GEO,GSE13067,fixed_log_expression,svm_rbf
0.26,0.0,TCGA_to_GEO,GSE13067,fixed_log_expression,svm_rbf
0.27,0.0,TCGA_to_GEO,GSE13067,fixed_log_expression,svm_rbf
0.28,0.0,TCGA_to_GEO,GSE13067,fixed_log_expression,svm_rbf
0.29,0.0,TCGA_to_GEO,GSE13067,fixed_log_expression,svm_rbf
0.3,0.0,TCGA_to_GEO,GSE13067,fixed_log_expression,svm_rbf
0.31,0.0,TCGA_to_GEO,GSE13067,fixed_log_expression,svm_rbf
0.32,0.0,TCGA_to_GEO,GSE13067,fixed_log_expression,svm_rbf
0.33,0.0,TCGA_to_GEO,GSE13067,fixed_log_expression,svm_rbf
0.34,0.0,TCGA_to_GEO,GSE13067,fixed_log_expression,svm_rbf
0.35000000000000003,0.0,TCGA_to_GEO,GSE13067,fixed_log_expression,svm_rbf
0.36,0.0,TCGA_to_GEO,GSE13067,fixed_log_expression,svm_rbf
0.37,0.0,TCGA_to_GEO,GSE13067,fixed_log_expression,svm_rbf
0.38,0.0,TCGA_to_GEO,GSE13067,fixed_log_expression,svm_rbf
0.39,0.0,TCGA_to_GEO,GSE13067,fixed_log_expression,svm_rbf
0.4,0.0012304756731104166,TCGA_to_GEO,GSE13067,fixed_log_expression,svm_rbf
0.41000000000000003,0.004833377999514126,TCGA_to_GEO,GSE13067,fixed_log_expression,svm_rbf
0.42,0.011119751814808723,TCGA_to_GEO,GSE13067,fixed_log_expression,svm_rbf
0.43,0.020299288365973507,TCGA_to_GEO,GSE13067,fixed_log_expression,svm_rbf
0.44,0.037252655554276454,TCGA_to_GEO,GSE13067,fixed_log_expression,svm_rbf
0.45,0.05502012282818301,TCGA_to_GEO,GSE13067,fixed_log_expression,svm_rbf
0.46,0.07495579591063908,TCGA_to_GEO,GSE13067,fixed_log_expression,svm_rbf
0.47000000000000003,0.0974580355357737,TCGA_to_GEO,GSE13067,fixed_log_expression,svm_rbf
0.48,0.12152565492974307,TCGA_to_GEO,GSE13067,fixed_log_expression,svm_rbf
0.49,0.1455932743237126,TCGA_to_GEO,GSE13067,fixed_log_expression,svm_rbf
0.5,0.17279524658961667,TCGA_to_GEO,GSE13067,fixed_log_expression,svm_rbf
0.51,0.2013046263297707,TCGA_to_GEO,GSE13067,fixed_log_expression,svm_rbf
0.52,0.22890352006311915,TCGA_to_GEO,GSE13067,fixed_log_expression,svm_rbf
0.53,0.25650241379646754,TCGA_to_GEO,GSE13067,fixed_log_expression,svm_rbf
0.54,0.284101307529816,TCGA_to_GEO,GSE13067,fixed_log_expression,svm_rbf
0.55,0.31170020126316444,TCGA_to_GEO,GSE13067,fixed_log_expression,svm_rbf
0.56,0.33989818507936137,TCGA_to_GEO,GSE13067,fixed_log_expression,svm_rbf
0.5700000000000001,0.36847733604817845,TCGA_to_GEO,GSE13067,fixed_log_expression,svm_rbf
0.58,0.3972444609301407,TCGA_to_GEO,GSE13067,fixed_log_expression,svm_rbf
0.59,0.4260115858121033,TCGA_to_GEO,GSE13067,fixed_log_expression,svm_rbf
0.6,0.45243989785540556,TCGA_to_GEO,GSE13067,fixed_log_expression,svm_rbf
0.61,0.47860352680565527,TCGA_to_GEO,GSE13067,fixed_log_expression,svm_rbf
0.62,0.504767155755905,TCGA_to_GEO,GSE13067,fixed_log_expression,svm_rbf
0.63,0.5301596805626188,TCGA_to_GEO,GSE13067,fixed_log_expression,svm_rbf
0.64,0.5553539641316748,TCGA_to_GEO,GSE13067,fixed_log_expression,svm_rbf
0.65,0.5806106591499626,TCGA_to_GEO,GSE13067,fixed_log_expression,svm_rbf
0.66,0.6059570773462898,TCGA_to_GEO,GSE13067,fixed_log_expression,svm_rbf
0.67,0.6313034955426171,TCGA_to_GEO,GSE13067,fixed_log_expression,svm_rbf
0.68,0.6569816006721866,TCGA_to_GEO,GSE13067,fixed_log_expression,svm_rbf
0.6900000000000001,0.6827323553954687,TCGA_to_GEO,GSE13067,fixed_log_expression,svm_rbf
0.7000000000000001,0.7086445947571883,TCGA_to_GEO,GSE13067,fixed_log_expression,svm_rbf
0.71,0.7348706664002745,TCGA_to_GEO,GSE13067,fixed_log_expression,svm_rbf
0.72,0.761096738043361,TCGA_to_GEO,GSE13067,fixed_log_expression,svm_rbf
0.73,0.7873883671648119,TCGA_to_GEO,GSE13067,fixed_log_expression,svm_rbf
0.74,0.8139345098808886,TCGA_to_GEO,GSE13067,fixed_log_expression,svm_rbf
0.75,0.8407483140790153,TCGA_to_GEO,GSE13067,fixed_log_expression,svm_rbf
0.76,0.8675821060483451,TCGA_to_GEO,GSE13067,fixed_log_expression,svm_rbf
0.77,0.8944158980176748,TCGA_to_GEO,GSE13067,fixed_log_expression,svm_rbf
0.78,0.9212496899870045,TCGA_to_GEO,GSE13067,fixed_log_expression,svm_rbf
0.79,0.9480834819563343,TCGA_to_GEO,GSE13067,fixed_log_expression,svm_rbf
0.8,0.9680192509408913,TCGA_to_GEO,GSE13067,fixed_log_expression,svm_rbf
0.81,0.9872289807813481,TCGA_to_GEO,GSE13067,fixed_log_expression,svm_rbf
0.8200000000000001,1.0,TCGA_to_GEO,GSE13067,fixed_log_expression,svm_rbf
0.8300000000000001,1.0,TCGA_to_GEO,GSE13067,fixed_log_expression,svm_rbf
0.84,1.0,TCGA_to_GEO,GSE13067,fixed_log_expression,svm_rbf
0.85,1.0,TCGA_to_GEO,GSE13067,fixed_log_expression,svm_rbf
0.86,1.0,TCGA_to_GEO,GSE13067,fixed_log_expression,svm_rbf
0.87,1.0,TCGA_to_GEO,GSE13067,fixed_log_expression,svm_rbf
0.88,1.0,TCGA_to_GEO,GSE13067,fixed_log_expression,svm_rbf
0.89,1.0,TCGA_to_GEO,GSE13067,fixed_log_expression,svm_rbf
0.9,1.0,TCGA_to_GEO,GSE13067,fixed_log_expression,svm_rbf
0.91,1.0,TCGA_to_GEO,GSE13067,fixed_log_expression,svm_rbf
0.92,1.0,TCGA_to_GEO,GSE13067,fixed_log_expression,svm_rbf
0.93,1.0,TCGA_to_GEO,GSE13067,fixed_log_expression,svm_rbf
0.9400000000000001,1.0,TCGA_to_GEO,GSE13067,fixed_log_expression,svm_rbf
0.9500000000000001,1.0,TCGA_to_GEO,GSE13067,fixed_log_expression,svm_rbf
0.96,1.0,TCGA_to_GEO,GSE13067,fixed_log_expression,svm_rbf
0.97,1.0,TCGA_to_GEO,GSE13067,fixed_log_expression,svm_rbf
0.98,1.0,TCGA_to_GEO,GSE13067,fixed_log_expression,svm_rbf
0.99,1.0,TCGA_to_GEO,GSE13067,fixed_log_expression,svm_rbf
1.0,1.0,TCGA_to_GEO,GSE13067,fixed_log_expression,svm_rbf
0.0,0.0,TCGA_to_GEO,GSE13067,fixed_log_expression,xgboost
0.01,0.0,TCGA_to_GEO,GSE13067,fixed_log_expression,xgboost
0.02,0.0,TCGA_to_GEO,GSE13067,fixed_log_expression,xgboost
0.03,0.0,TCGA_to_GEO,GSE13067,fixed_log_expression,xgboost
0.04,0.0,TCGA_to_GEO,GSE13067,fixed_log_expression,xgboost
0.05,0.0,TCGA_to_GEO,GSE13067,fixed_log_expression,xgboost
0.06,0.0,TCGA_to_GEO,GSE13067,fixed_log_expression,xgboost
0.07,0.0,TCGA_to_GEO,GSE13067,fixed_log_expression,xgboost
0.08,0.0,TCGA_to_GEO,GSE13067,fixed_log_expression,xgboost
0.09,0.0,TCGA_to_GEO,GSE13067,fixed_log_expression,xgboost
0.1,0.0,TCGA_to_GEO,GSE13067,fixed_log_expression,xgboost
0.11,0.0011808183838386535,TCGA_to_GEO,GSE13067,fixed_log_expression,xgboost
0.12,0.009780759287826492,TCGA_to_GEO,GSE13067,fixed_log_expression,xgboost
0.13,0.018753524207055082,TCGA_to_GEO,GSE13067,fixed_log_expression,xgboost
0.14,0.027814392942900026,TCGA_to_GEO,GSE13067,fixed_log_expression,xgboost
0.15,0.03679024272479705,TCGA_to_GEO,GSE13067,fixed_log_expression,xgboost
0.16,0.04557407074089321,TCGA_to_GEO,GSE13067,fixed_log_expression,xgboost
0.17,0.0548790311223169,TCGA_to_GEO,GSE13067,fixed_log_expression,xgboost
0.18,0.06587427696504519,TCGA_to_GEO,GSE13067,fixed_log_expression,xgboost
0.19,0.07736674824881817,TCGA_to_GEO,GSE13067,fixed_log_expression,xgboost
0.2,0.08703242088438422,TCGA_to_GEO,GSE13067,fixed_log_expression,xgboost
0.21,0.09020904265952358,TCGA_to_GEO,GSE13067,fixed_log_expression,xgboost
0.22,0.08989528012556551,TCGA_to_GEO,GSE13067,fixed_log_expression,xgboost
0.23,0.09308869010563409,TCGA_to_GEO,GSE13067,fixed_log_expression,xgboost
0.24,0.08940929159861026,TCGA_to_GEO,GSE13067,fixed_log_expression,xgboost
0.25,0.08357805451366444,TCGA_to_GEO,GSE13067,fixed_log_expression,xgboost
0.26,0.0792387458694354,TCGA_to_GEO,GSE13067,fixed_log_expression,xgboost
0.27,0.08693114061036529,TCGA_to_GEO,GSE13067,fixed_log_expression,xgboost
0.28,0.11001087006731919,TCGA_to_GEO,GSE13067,fixed_log_expression,xgboost
0.29,0.14718420010499075,TCGA_to_GEO,GSE13067,fixed_log_expression,xgboost
0.3,0.18911065964407958,TCGA_to_GEO,GSE13067,fixed_log_expression,xgboost
0.31,0.2404425212975607,TCGA_to_GEO,GSE13067,fixed_log_expression,xgboost
0.32,0.29085007513126815,TCGA_to_GEO,GSE13067,fixed_log_expression,xgboost
0.33,0.33991214271556025,TCGA_to_GEO,GSE13067,fixed_log_expression,xgboost
0.34,0.38103010074573745,TCGA_to_GEO,GSE13067,fixed_log_expression,xgboost
0.35000000000000003,0.42214805877591466,TCGA_to_GEO,GSE13067,fixed_log_expression,xgboost
0.36,0.46129336988281777,TCGA_to_GEO,GSE13067,fixed_log_expression,xgboost
0.37,0.4997433100274606,TCGA_to_GEO,GSE13067,fixed_log_expression,xgboost
0.38,0.5381932501721034,TCGA_to_GEO,GSE13067,fixed_log_expression,xgboost
0.39,0.5766431903167462,TCGA_to_GEO,GSE13067,fixed_log_expression,xgboost
0.4,0.6147646589458294,TCGA_to_GEO,GSE13067,fixed_log_expression,xgboost
0.41000000000000003,0.6523289455314595,TCGA_to_GEO,GSE13067,fixed_log_expression,xgboost
0.42,0.6873870144524739,TCGA_to_GEO,GSE13067,fixed_log_expression,xgboost
0.43,0.7163804196537821,TCGA_to_GEO,GSE13067,fixed_log_expression,xgboost
0.44,0.7431840273737129,TCGA_to_GEO,GSE13067,fixed_log_expression,xgboost
0.45,0.7699210890851695,TCGA_to_GEO,GSE13067,fixed_log_expression,xgboost
0.46,0.7953332480244789,TCGA_to_GEO,GSE13067,fixed_log_expression,xgboost
0.47000000000000003,0.8180305385055413,TCGA_to_GEO,GSE13067,fixed_log_expression,xgboost
0.48,0.8273717985890229,TCGA_to_GEO,GSE13067,fixed_log_expression,xgboost
0.49,0.8367130586725046,TCGA_to_GEO,GSE13067,fixed_log_expression,xgboost
0.5,0.8460543187559862,TCGA_to_GEO,GSE13067,fixed_log_expression,xgboost
0.51,0.8553955788394678,TCGA_to_GEO,GSE13067,fixed_log_expression,xgboost
0.52,0.8647368389229495,TCGA_to_GEO,GSE13067,fixed_log_expression,xgboost
0.53,0.8740780990064311,TCGA_to_GEO,GSE13067,fixed_log_expression,xgboost
0.54,0.8834193590899128,TCGA_to_GEO,GSE13067,fixed_log_expression,xgboost
0.55,0.8927606191733943,TCGA_to_GEO,GSE13067,fixed_log_expression,xgboost
0.56,0.902101879256876,TCGA_to_GEO,GSE13067,fixed_log_expression,xgboost
0.5700000000000001,0.9114431393403577,TCGA_to_GEO,GSE13067,fixed_log_expression,xgboost
0.58,0.9207843994238392,TCGA_to_GEO,GSE13067,fixed_log_expression,xgboost
0.59,0.9301256595073208,TCGA_to_GEO,GSE13067,fixed_log_expression,xgboost
0.6,0.9394669195908024,TCGA_to_GEO,GSE13067,fixed_log_expression,xgboost
0.61,0.9488081796742841,TCGA_to_GEO,GSE13067,fixed_log_expression,xgboost
0.62,0.9581494397577657,TCGA_to_GEO,GSE13067,fixed_log_expression,xgboost
0.63,0.9674906998412474,TCGA_to_GEO,GSE13067,fixed_log_expression,xgboost
0.64,0.976831959924729,TCGA_to_GEO,GSE13067,fixed_log_expression,xgboost
0.65,0.9861732200082106,TCGA_to_GEO,GSE13067,fixed_log_expression,xgboost
0.66,0.9955144800916922,TCGA_to_GEO,GSE13067,fixed_log_expression,xgboost
0.67,1.0,TCGA_to_GEO,GSE13067,fixed_log_expression,xgboost
0.68,1.0,TCGA_to_GEO,GSE13067,fixed_log_expression,xgboost
0.6900000000000001,1.0,TCGA_to_GEO,GSE13067,fixed_log_expression,xgboost
0.7000000000000001,1.0,TCGA_to_GEO,GSE13067,fixed_log_expression,xgboost
0.71,1.0,TCGA_to_GEO,GSE13067,fixed_log_expression,xgboost
0.72,1.0,TCGA_to_GEO,GSE13067,fixed_log_expression,xgboost
0.73,1.0,TCGA_to_GEO,GSE13067,fixed_log_expression,xgboost
0.74,1.0,TCGA_to_GEO,GSE13067,fixed_log_expression,xgboost
0.75,1.0,TCGA_to_GEO,GSE13067,fixed_log_expression,xgboost
0.76,1.0,TCGA_to_GEO,GSE13067,fixed_log_expression,xgboost
0.77,1.0,TCGA_to_GEO,GSE13067,fixed_log_expression,xgboost
0.78,1.0,TCGA_to_GEO,GSE13067,fixed_log_expression,xgboost
0.79,1.0,TCGA_to_GEO,GSE13067,fixed_log_expression,xgboost
0.8,1.0,TCGA_to_GEO,GSE13067,fixed_log_expression,xgboost
0.81,1.0,TCGA_to_GEO,GSE13067,fixed_log_expression,xgboost
0.8200000000000001,1.0,TCGA_to_GEO,GSE13067,fixed_log_expression,xgboost
0.8300000000000001,1.0,TCGA_to_GEO,GSE13067,fixed_log_expression,xgboost
0.84,1.0,TCGA_to_GEO,GSE13067,fixed_log_expression,xgboost
0.85,1.0,TCGA_to_GEO,GSE13067,fixed_log_expression,xgboost
0.86,1.0,TCGA_to_GEO,GSE13067,fixed_log_expression,xgboost
0.87,1.0,TCGA_to_GEO,GSE13067,fixed_log_expression,xgboost
0.88,1.0,TCGA_to_GEO,GSE13067,fixed_log_expression,xgboost
0.89,1.0,TCGA_to_GEO,GSE13067,fixed_log_expression,xgboost
0.9,1.0,TCGA_to_GEO,GSE13067,fixed_log_expression,xgboost
0.91,1.0,TCGA_to_GEO,GSE13067,fixed_log_expression,xgboost
0.92,1.0,TCGA_to_GEO,GSE13067,fixed_log_expression,xgboost
0.93,1.0,TCGA_to_GEO,GSE13067,fixed_log_expression,xgboost
0.9400000000000001,1.0,TCGA_to_GEO,GSE13067,fixed_log_expression,xgboost
0.9500000000000001,1.0,TCGA_to_GEO,GSE13067,fixed_log_expression,xgboost
0.96,1.0,TCGA_to_GEO,GSE13067,fixed_log_expression,xgboost
0.97,1.0,TCGA_to_GEO,GSE13067,fixed_log_expression,xgboost
0.98,1.0,TCGA_to_GEO,GSE13067,fixed_log_expression,xgboost
0.99,1.0,TCGA_to_GEO,GSE13067,fixed_log_expression,xgboost
1.0,1.0,TCGA_to_GEO,GSE13067,fixed_log_expression,xgboost
0.0,0.0,TCGA_to_GEO,GSE13067,single_sample_rank,compact_rank_20
0.01,0.0,TCGA_to_GEO,GSE13067,single_sample_rank,compact_rank_20
0.02,0.0,TCGA_to_GEO,GSE13067,single_sample_rank,compact_rank_20
0.03,0.0,TCGA_to_GEO,GSE13067,single_sample_rank,compact_rank_20
0.04,0.0,TCGA_to_GEO,GSE13067,single_sample_rank,compact_rank_20
0.05,0.0,TCGA_to_GEO,GSE13067,single_sample_rank,compact_rank_20
0.06,0.0,TCGA_to_GEO,GSE13067,single_sample_rank,compact_rank_20
0.07,0.0,TCGA_to_GEO,GSE13067,single_sample_rank,compact_rank_20
0.08,0.0,TCGA_to_GEO,GSE13067,single_sample_rank,compact_rank_20
0.09,0.0,TCGA_to_GEO,GSE13067,single_sample_rank,compact_rank_20
0.1,0.0,TCGA_to_GEO,GSE13067,single_sample_rank,compact_rank_20
0.11,0.0,TCGA_to_GEO,GSE13067,single_sample_rank,compact_rank_20
0.12,0.0,TCGA_to_GEO,GSE13067,single_sample_rank,compact_rank_20
0.13,0.0,TCGA_to_GEO,GSE13067,single_sample_rank,compact_rank_20
0.14,0.0,TCGA_to_GEO,GSE13067,single_sample_rank,compact_rank_20
0.15,0.0,TCGA_to_GEO,GSE13067,single_sample_rank,compact_rank_20
0.16,0.0,TCGA_to_GEO,GSE13067,single_sample_rank,compact_rank_20
0.17,0.0,TCGA_to_GEO,GSE13067,single_sample_rank,compact_rank_20
0.18,0.0,TCGA_to_GEO,GSE13067,single_sample_rank,compact_rank_20
0.19,0.0,TCGA_to_GEO,GSE13067,single_sample_rank,compact_rank_20
0.2,0.0,TCGA_to_GEO,GSE13067,single_sample_rank,compact_rank_20
0.21,0.0,TCGA_to_GEO,GSE13067,single_sample_rank,compact_rank_20
0.22,0.0,TCGA_to_GEO,GSE13067,single_sample_rank,compact_rank_20
0.23,0.0,TCGA_to_GEO,GSE13067,single_sample_rank,compact_rank_20
0.24,0.0,TCGA_to_GEO,GSE13067,single_sample_rank,compact_rank_20
0.25,0.0,TCGA_to_GEO,GSE13067,single_sample_rank,compact_rank_20
0.26,0.0,TCGA_to_GEO,GSE13067,single_sample_rank,compact_rank_20
0.27,0.0,TCGA_to_GEO,GSE13067,single_sample_rank,compact_rank_20
0.28,0.0,TCGA_to_GEO,GSE13067,single_sample_rank,compact_rank_20
0.29,0.0,TCGA_to_GEO,GSE13067,single_sample_rank,compact_rank_20
0.3,0.0,TCGA_to_GEO,GSE13067,single_sample_rank,compact_rank_20
0.31,0.0,TCGA_to_GEO,GSE13067,single_sample_rank,compact_rank_20
0.32,0.0,TCGA_to_GEO,GSE13067,single_sample_rank,compact_rank_20
0.33,0.0,TCGA_to_GEO,GSE13067,single_sample_rank,compact_rank_20
0.34,0.0,TCGA_to_GEO,GSE13067,single_sample_rank,compact_rank_20
0.35000000000000003,0.0,TCGA_to_GEO,GSE13067,single_sample_rank,compact_rank_20
0.36,0.0,TCGA_to_GEO,GSE13067,single_sample_rank,compact_rank_20
0.37,0.0,TCGA_to_GEO,GSE13067,single_sample_rank,compact_rank_20
0.38,0.0,TCGA_to_GEO,GSE13067,single_sample_rank,compact_rank_20
0.39,0.0,TCGA_to_GEO,GSE13067,single_sample_rank,compact_rank_20
0.4,0.0,TCGA_to_GEO,GSE13067,single_sample_rank,compact_rank_20
0.41000000000000003,0.0,TCGA_to_GEO,GSE13067,single_sample_rank,compact_rank_20
0.42,0.0,TCGA_to_GEO,GSE13067,single_sample_rank,compact_rank_20
0.43,0.0,TCGA_to_GEO,GSE13067,single_sample_rank,compact_rank_20
0.44,0.0,TCGA_to_GEO,GSE13067,single_sample_rank,compact_rank_20
0.45,0.0,TCGA_to_GEO,GSE13067,single_sample_rank,compact_rank_20
0.46,0.0,TCGA_to_GEO,GSE13067,single_sample_rank,compact_rank_20
0.47000000000000003,0.0,TCGA_to_GEO,GSE13067,single_sample_rank,compact_rank_20
0.48,0.0076458795917184255,TCGA_to_GEO,GSE13067,single_sample_rank,compact_rank_20
0.49,0.03293036701163789,TCGA_to_GEO,GSE13067,single_sample_rank,compact_rank_20
0.5,0.05821485443155735,TCGA_to_GEO,GSE13067,single_sample_rank,compact_rank_20
0.51,0.08349934185147681,TCGA_to_GEO,GSE13067,single_sample_rank,compact_rank_20
0.52,0.10878382927139627,TCGA_to_GEO,GSE13067,single_sample_rank,compact_rank_20
0.53,0.13406831669131572,TCGA_to_GEO,GSE13067,single_sample_rank,compact_rank_20
0.54,0.1593528041112352,TCGA_to_GEO,GSE13067,single_sample_rank,compact_rank_20
0.55,0.18463729153115466,TCGA_to_GEO,GSE13067,single_sample_rank,compact_rank_20
0.56,0.20992814876098784,TCGA_to_GEO,GSE13067,single_sample_rank,compact_rank_20
0.5700000000000001,0.23530688982831008,TCGA_to_GEO,GSE13067,single_sample_rank,compact_rank_20
0.58,0.260685630895632,TCGA_to_GEO,GSE13067,single_sample_rank,compact_rank_20
0.59,0.28606437196295426,TCGA_to_GEO,GSE13067,single_sample_rank,compact_rank_20
0.6,0.3086906028713824,TCGA_to_GEO,GSE13067,single_sample_rank,compact_rank_20
0.61,0.3243671399050765,TCGA_to_GEO,GSE13067,single_sample_rank,compact_rank_20
0.62,0.3400436769387706,TCGA_to_GEO,GSE13067,single_sample_rank,compact_rank_20
0.63,0.35572021397246467,TCGA_to_GEO,GSE13067,single_sample_rank,compact_rank_20
0.64,0.37139675100615877,TCGA_to_GEO,GSE13067,single_sample_rank,compact_rank_20
0.65,0.38707328803985286,TCGA_to_GEO,GSE13067,single_sample_rank,compact_rank_20
0.66,0.402749825073547,TCGA_to_GEO,GSE13067,single_sample_rank,compact_rank_20
0.67,0.4184263621072411,TCGA_to_GEO,GSE13067,single_sample_rank,compact_rank_20
0.68,0.4341028991409352,TCGA_to_GEO,GSE13067,single_sample_rank,compact_rank_20
0.6900000000000001,0.4497794361746293,TCGA_to_GEO,GSE13067,single_sample_rank,compact_rank_20
0.7000000000000001,0.46545597320832344,TCGA_to_GEO,GSE13067,single_sample_rank,compact_rank_20
0.71,0.4811325102420173,TCGA_to_GEO,GSE13067,single_sample_rank,compact_rank_20
0.72,0.4968090472757114,TCGA_to_GEO,GSE13067,single_sample_rank,compact_rank_20
0.73,0.5124855843094055,TCGA_to_GEO,GSE13067,single_sample_rank,compact_rank_20
0.74,0.5281621213430996,TCGA_to_GEO,GSE13067,single_sample_rank,compact_rank_20
0.75,0.5438386583767938,TCGA_to_GEO,GSE13067,single_sample_rank,compact_rank_20
0.76,0.5595151954104878,TCGA_to_GEO,GSE13067,single_sample_rank,compact_rank_20
0.77,0.575191732444182,TCGA_to_GEO,GSE13067,single_sample_rank,compact_rank_20
0.78,0.590868269477876,TCGA_to_GEO,GSE13067,single_sample_rank,compact_rank_20
0.79,0.6065448065115702,TCGA_to_GEO,GSE13067,single_sample_rank,compact_rank_20
0.8,0.6222213435452641,TCGA_to_GEO,GSE13067,single_sample_rank,compact_rank_20
0.81,0.6378978805789584,TCGA_to_GEO,GSE13067,single_sample_rank,compact_rank_20
0.8200000000000001,0.6535744176126524,TCGA_to_GEO,GSE13067,single_sample_rank,compact_rank_20
0.8300000000000001,0.6693151806058464,TCGA_to_GEO,GSE13067,single_sample_rank,compact_rank_20
0.84,0.6851258510567919,TCGA_to_GEO,GSE13067,single_sample_rank,compact_rank_20
0.85,0.7009365215077377,TCGA_to_GEO,GSE13067,single_sample_rank,compact_rank_20
0.86,0.7167471919586834,TCGA_to_GEO,GSE13067,single_sample_rank,compact_rank_20
0.87,0.7325578624096292,TCGA_to_GEO,GSE13067,single_sample_rank,compact_rank_20
0.88,0.7483685328605749,TCGA_to_GEO,GSE13067,single_sample_rank,compact_rank_20
0.89,0.7641792033115207,TCGA_to_GEO,GSE13067,single_sample_rank,compact_rank_20
0.9,0.7799898737624664,TCGA_to_GEO,GSE13067,single_sample_rank,compact_rank_20
0.91,0.7958005442134122,TCGA_to_GEO,GSE13067,single_sample_rank,compact_rank_20
0.92,0.8116112146643579,TCGA_to_GEO,GSE13067,single_sample_rank,compact_rank_20
0.93,0.8274218851153036,TCGA_to_GEO,GSE13067,single_sample_rank,compact_rank_20
0.9400000000000001,0.8432325555662493,TCGA_to_GEO,GSE13067,single_sample_rank,compact_rank_20
0.9500000000000001,0.8590432260171951,TCGA_to_GEO,GSE13067,single_sample_rank,compact_rank_20
0.96,0.8748538964681407,TCGA_to_GEO,GSE13067,single_sample_rank,compact_rank_20
0.97,0.8911092394694723,TCGA_to_GEO,GSE13067,single_sample_rank,compact_rank_20
0.98,0.9075649382694021,TCGA_to_GEO,GSE13067,single_sample_rank,compact_rank_20
0.99,0.924020637069332,TCGA_to_GEO,GSE13067,single_sample_rank,compact_rank_20
1.0,0.9404955770404141,TCGA_to_GEO,GSE13067,single_sample_rank,compact_rank_20
0.0,0.0,TCGA_to_GEO,GSE13067,single_sample_rank,elastic_net
0.01,0.0,TCGA_to_GEO,GSE13067,single_sample_rank,elastic_net
0.02,0.0,TCGA_to_GEO,GSE13067,single_sample_rank,elastic_net
0.03,0.0,TCGA_to_GEO,GSE13067,single_sample_rank,elastic_net
0.04,0.0,TCGA_to_GEO,GSE13067,single_sample_rank,elastic_net
0.05,0.0,TCGA_to_GEO,GSE13067,single_sample_rank,elastic_net
0.06,0.0,TCGA_to_GEO,GSE13067,single_sample_rank,elastic_net
0.07,0.0,TCGA_to_GEO,GSE13067,single_sample_rank,elastic_net
0.08,0.0,TCGA_to_GEO,GSE13067,single_sample_rank,elastic_net
0.09,0.0,TCGA_to_GEO,GSE13067,single_sample_rank,elastic_net
0.1,0.0,TCGA_to_GEO,GSE13067,single_sample_rank,elastic_net
0.11,0.0,TCGA_to_GEO,GSE13067,single_sample_rank,elastic_net
0.12,0.0,TCGA_to_GEO,GSE13067,single_sample_rank,elastic_net
0.13,0.0,TCGA_to_GEO,GSE13067,single_sample_rank,elastic_net
0.14,0.0,TCGA_to_GEO,GSE13067,single_sample_rank,elastic_net
0.15,0.0,TCGA_to_GEO,GSE13067,single_sample_rank,elastic_net
0.16,0.0,TCGA_to_GEO,GSE13067,single_sample_rank,elastic_net
0.17,0.0,TCGA_to_GEO,GSE13067,single_sample_rank,elastic_net
0.18,0.0,TCGA_to_GEO,GSE13067,single_sample_rank,elastic_net
0.19,0.0,TCGA_to_GEO,GSE13067,single_sample_rank,elastic_net
0.2,0.0,TCGA_to_GEO,GSE13067,single_sample_rank,elastic_net
0.21,0.0,TCGA_to_GEO,GSE13067,single_sample_rank,elastic_net
0.22,0.0,TCGA_to_GEO,GSE13067,single_sample_rank,elastic_net
0.23,0.0,TCGA_to_GEO,GSE13067,single_sample_rank,elastic_net
0.24,0.0028244277299099285,TCGA_to_GEO,GSE13067,single_sample_rank,elastic_net
0.25,0.01231286126468602,TCGA_to_GEO,GSE13067,single_sample_rank,elastic_net
0.26,0.02180129479946211,TCGA_to_GEO,GSE13067,single_sample_rank,elastic_net
0.27,0.0312897283342382,TCGA_to_GEO,GSE13067,single_sample_rank,elastic_net
0.28,0.04077816186901429,TCGA_to_GEO,GSE13067,single_sample_rank,elastic_net
0.29,0.050266595403790325,TCGA_to_GEO,GSE13067,single_sample_rank,elastic_net
0.3,0.059755028938566414,TCGA_to_GEO,GSE13067,single_sample_rank,elastic_net
0.31,0.06924346247334251,TCGA_to_GEO,GSE13067,single_sample_rank,elastic_net
0.32,0.0787318960081186,TCGA_to_GEO,GSE13067,single_sample_rank,elastic_net
0.33,0.08822032954289469,TCGA_to_GEO,GSE13067,single_sample_rank,elastic_net
0.34,0.09770876307767078,TCGA_to_GEO,GSE13067,single_sample_rank,elastic_net
0.35000000000000003,0.10719719661244687,TCGA_to_GEO,GSE13067,single_sample_rank,elastic_net
0.36,0.1238313717733528,TCGA_to_GEO,GSE13067,single_sample_rank,elastic_net
0.37,0.1471309975077966,TCGA_to_GEO,GSE13067,single_sample_rank,elastic_net
0.38,0.1704306232422404,TCGA_to_GEO,GSE13067,single_sample_rank,elastic_net
0.39,0.19373024897668423,TCGA_to_GEO,GSE13067,single_sample_rank,elastic_net
0.4,0.217029874711128,TCGA_to_GEO,GSE13067,single_sample_rank,elastic_net
0.41000000000000003,0.24032950044557183,TCGA_to_GEO,GSE13067,single_sample_rank,elastic_net
0.42,0.2636291261800155,TCGA_to_GEO,GSE13067,single_sample_rank,elastic_net
0.43,0.28692875191445927,TCGA_to_GEO,GSE13067,single_sample_rank,elastic_net
0.44,0.3102283776489031,TCGA_to_GEO,GSE13067,single_sample_rank,elastic_net
0.45,0.3335280033833469,TCGA_to_GEO,GSE13067,single_sample_rank,elastic_net
0.46,0.3568276291177907,TCGA_to_GEO,GSE13067,single_sample_rank,elastic_net
0.47000000000000003,0.38012725485223453,TCGA_to_GEO,GSE13067,single_sample_rank,elastic_net
0.48,0.39227895397658613,TCGA_to_GEO,GSE13067,single_sample_rank,elastic_net
0.49,0.4030070990488839,TCGA_to_GEO,GSE13067,single_sample_rank,elastic_net
0.5,0.4137352441211817,TCGA_to_GEO,GSE13067,single_sample_rank,elastic_net
0.51,0.4244633891934794,TCGA_to_GEO,GSE13067,single_sample_rank,elastic_net
0.52,0.43519153426577717,TCGA_to_GEO,GSE13067,single_sample_rank,elastic_net
0.53,0.44591967933807497,TCGA_to_GEO,GSE13067,single_sample_rank,elastic_net
0.54,0.4566478244103727,TCGA_to_GEO,GSE13067,single_sample_rank,elastic_net
0.55,0.46737596948267046,TCGA_to_GEO,GSE13067,single_sample_rank,elastic_net
0.56,0.47810411455496826,TCGA_to_GEO,GSE13067,single_sample_rank,elastic_net
0.5700000000000001,0.488832259627266,TCGA_to_GEO,GSE13067,single_sample_rank,elastic_net
0.58,0.49956040469956364,TCGA_to_GEO,GSE13067,single_sample_rank,elastic_net
0.59,0.5102885497718614,TCGA_to_GEO,GSE13067,single_sample_rank,elastic_net
0.6,0.5210166948441591,TCGA_to_GEO,GSE13067,single_sample_rank,elastic_net
0.61,0.5339370103049849,TCGA_to_GEO,GSE13067,single_sample_rank,elastic_net
0.62,0.5473853238153945,TCGA_to_GEO,GSE13067,single_sample_rank,elastic_net
0.63,0.5608336373258042,TCGA_to_GEO,GSE13067,single_sample_rank,elastic_net
0.64,0.5742819508362138,TCGA_to_GEO,GSE13067,single_sample_rank,elastic_net
0.65,0.5877302643466235,TCGA_to_GEO,GSE13067,single_sample_rank,elastic_net
0.66,0.6011785778570331,TCGA_to_GEO,GSE13067,single_sample_rank,elastic_net
0.67,0.6146268913674428,TCGA_to_GEO,GSE13067,single_sample_rank,elastic_net
0.68,0.6280752048778524,TCGA_to_GEO,GSE13067,single_sample_rank,elastic_net
0.6900000000000001,0.6415235183882622,TCGA_to_GEO,GSE13067,single_sample_rank,elastic_net
0.7000000000000001,0.6549718318986717,TCGA_to_GEO,GSE13067,single_sample_rank,elastic_net
0.71,0.6684201454090812,TCGA_to_GEO,GSE13067,single_sample_rank,elastic_net
0.72,0.6818684589194909,TCGA_to_GEO,GSE13067,single_sample_rank,elastic_net
0.73,0.6953167724299005,TCGA_to_GEO,GSE13067,single_sample_rank,elastic_net
0.74,0.7087650859403103,TCGA_to_GEO,GSE13067,single_sample_rank,elastic_net
0.75,0.7222133994507198,TCGA_to_GEO,GSE13067,single_sample_rank,elastic_net
0.76,0.7356617129611296,TCGA_to_GEO,GSE13067,single_sample_rank,elastic_net
0.77,0.7491100264715392,TCGA_to_GEO,GSE13067,single_sample_rank,elastic_net
0.78,0.7625583399819489,TCGA_to_GEO,GSE13067,single_sample_rank,elastic_net
0.79,0.7760066534923585,TCGA_to_GEO,GSE13067,single_sample_rank,elastic_net
0.8,0.7894549670027682,TCGA_to_GEO,GSE13067,single_sample_rank,elastic_net
0.81,0.8029032805131778,TCGA_to_GEO,GSE13067,single_sample_rank,elastic_net
0.8200000000000001,0.8163515940235875,TCGA_to_GEO,GSE13067,single_sample_rank,elastic_net
0.8300000000000001,0.8297999075339971,TCGA_to_GEO,GSE13067,single_sample_rank,elastic_net
0.84,0.8432482210444067,TCGA_to_GEO,GSE13067,single_sample_rank,elastic_net
0.85,0.8566965345548163,TCGA_to_GEO,GSE13067,single_sample_rank,elastic_net
0.86,0.870144848065226,TCGA_to_GEO,GSE13067,single_sample_rank,elastic_net
0.87,0.8835931615756356,TCGA_to_GEO,GSE13067,single_sample_rank,elastic_net
0.88,0.8968881813195864,TCGA_to_GEO,GSE13067,single_sample_rank,elastic_net
0.89,0.9101387171936991,TCGA_to_GEO,GSE13067,single_sample_rank,elastic_net
0.9,0.9233892530678119,TCGA_to_GEO,GSE13067,single_sample_rank,elastic_net
0.91,0.9366397889419247,TCGA_to_GEO,GSE13067,single_sample_rank,elastic_net
0.92,0.9498903248160375,TCGA_to_GEO,GSE13067,single_sample_rank,elastic_net
0.93,0.9630673003256871,TCGA_to_GEO,GSE13067,single_sample_rank,elastic_net
0.9400000000000001,0.9761822051519964,TCGA_to_GEO,GSE13067,single_sample_rank,elastic_net
0.9500000000000001,0.9870820029038342,TCGA_to_GEO,GSE13067,single_sample_rank,elastic_net
0.96,0.9913686914324172,TCGA_to_GEO,GSE13067,single_sample_rank,elastic_net
0.97,0.9956553799610004,TCGA_to_GEO,GSE13067,single_sample_rank,elastic_net
0.98,0.9999420684895836,TCGA_to_GEO,GSE13067,single_sample_rank,elastic_net
0.99,1.0,TCGA_to_GEO,GSE13067,single_sample_rank,elastic_net
1.0,1.0,TCGA_to_GEO,GSE13067,single_sample_rank,elastic_net
0.0,0.14864864864864866,TCGA_to_GEO,GSE13067,single_sample_rank,svm_rbf
0.01,0.14864864864864866,TCGA_to_GEO,GSE13067,single_sample_rank,svm_rbf
0.02,0.14864864864864866,TCGA_to_GEO,GSE13067,single_sample_rank,svm_rbf
0.03,0.14864864864864866,TCGA_to_GEO,GSE13067,single_sample_rank,svm_rbf
0.04,0.14864864864864866,TCGA_to_GEO,GSE13067,single_sample_rank,svm_rbf
0.05,0.14864864864864866,TCGA_to_GEO,GSE13067,single_sample_rank,svm_rbf
0.06,0.14864864864864866,TCGA_to_GEO,GSE13067,single_sample_rank,svm_rbf
0.07,0.14864864864864866,TCGA_to_GEO,GSE13067,single_sample_rank,svm_rbf
0.08,0.14864864864864866,TCGA_to_GEO,GSE13067,single_sample_rank,svm_rbf
0.09,0.14864864864864866,TCGA_to_GEO,GSE13067,single_sample_rank,svm_rbf
0.1,0.14864864864864866,TCGA_to_GEO,GSE13067,single_sample_rank,svm_rbf
0.11,0.14864864864864866,TCGA_to_GEO,GSE13067,single_sample_rank,svm_rbf
0.12,0.14864864864864866,TCGA_to_GEO,GSE13067,single_sample_rank,svm_rbf
0.13,0.14864864864864866,TCGA_to_GEO,GSE13067,single_sample_rank,svm_rbf
0.14,0.14864864864864866,TCGA_to_GEO,GSE13067,single_sample_rank,svm_rbf
0.15,0.14864864864864866,TCGA_to_GEO,GSE13067,single_sample_rank,svm_rbf
0.16,0.14864864864864866,TCGA_to_GEO,GSE13067,single_sample_rank,svm_rbf
0.17,0.14864864864864866,TCGA_to_GEO,GSE13067,single_sample_rank,svm_rbf
0.18,0.14864864864864866,TCGA_to_GEO,GSE13067,single_sample_rank,svm_rbf
0.19,0.14864864864864866,TCGA_to_GEO,GSE13067,single_sample_rank,svm_rbf
0.2,0.14864864864864866,TCGA_to_GEO,GSE13067,single_sample_rank,svm_rbf
0.21,0.14864864864864866,TCGA_to_GEO,GSE13067,single_sample_rank,svm_rbf
0.22,0.14864864864864866,TCGA_to_GEO,GSE13067,single_sample_rank,svm_rbf
0.23,0.14864864864864866,TCGA_to_GEO,GSE13067,single_sample_rank,svm_rbf
0.24,0.14864864864864866,TCGA_to_GEO,GSE13067,single_sample_rank,svm_rbf
0.25,0.14864864864864866,TCGA_to_GEO,GSE13067,single_sample_rank,svm_rbf
0.26,0.14864864864864866,TCGA_to_GEO,GSE13067,single_sample_rank,svm_rbf
0.27,0.14864864864864866,TCGA_to_GEO,GSE13067,single_sample_rank,svm_rbf
0.28,0.14864864864864866,TCGA_to_GEO,GSE13067,single_sample_rank,svm_rbf
0.29,0.14864864864864866,TCGA_to_GEO,GSE13067,single_sample_rank,svm_rbf
0.3,0.14864864864864866,TCGA_to_GEO,GSE13067,single_sample_rank,svm_rbf
0.31,0.14864864864864866,TCGA_to_GEO,GSE13067,single_sample_rank,svm_rbf
0.32,0.14864864864864866,TCGA_to_GEO,GSE13067,single_sample_rank,svm_rbf
0.33,0.14864864864864866,TCGA_to_GEO,GSE13067,single_sample_rank,svm_rbf
0.34,0.14864864864864866,TCGA_to_GEO,GSE13067,single_sample_rank,svm_rbf
0.35000000000000003,0.14864864864864866,TCGA_to_GEO,GSE13067,single_sample_rank,svm_rbf
0.36,0.14864864864864866,TCGA_to_GEO,GSE13067,single_sample_rank,svm_rbf
0.37,0.14864864864864866,TCGA_to_GEO,GSE13067,single_sample_rank,svm_rbf
0.38,0.14864864864864866,TCGA_to_GEO,GSE13067,single_sample_rank,svm_rbf
0.39,0.14864864864864866,TCGA_to_GEO,GSE13067,single_sample_rank,svm_rbf
0.4,0.14864864864864866,TCGA_to_GEO,GSE13067,single_sample_rank,svm_rbf
0.41000000000000003,0.14864864864864866,TCGA_to_GEO,GSE13067,single_sample_rank,svm_rbf
0.42,0.14864864864864866,TCGA_to_GEO,GSE13067,single_sample_rank,svm_rbf
0.43,0.14864864864864866,TCGA_to_GEO,GSE13067,single_sample_rank,svm_rbf
0.44,0.14864864864864866,TCGA_to_GEO,GSE13067,single_sample_rank,svm_rbf
0.45,0.14864864864864866,TCGA_to_GEO,GSE13067,single_sample_rank,svm_rbf
0.46,0.14864864864864866,TCGA_to_GEO,GSE13067,single_sample_rank,svm_rbf
0.47000000000000003,0.14864864864864866,TCGA_to_GEO,GSE13067,single_sample_rank,svm_rbf
0.48,0.14864864864864866,TCGA_to_GEO,GSE13067,single_sample_rank,svm_rbf
0.49,0.14864864864864866,TCGA_to_GEO,GSE13067,single_sample_rank,svm_rbf
0.5,0.14864864864864866,TCGA_to_GEO,GSE13067,single_sample_rank,svm_rbf
0.51,0.14864864864864866,TCGA_to_GEO,GSE13067,single_sample_rank,svm_rbf
0.52,0.14864864864864866,TCGA_to_GEO,GSE13067,single_sample_rank,svm_rbf
0.53,0.14864864864864866,TCGA_to_GEO,GSE13067,single_sample_rank,svm_rbf
0.54,0.14864864864864866,TCGA_to_GEO,GSE13067,single_sample_rank,svm_rbf
0.55,0.14864864864864866,TCGA_to_GEO,GSE13067,single_sample_rank,svm_rbf
0.56,0.14864864864864866,TCGA_to_GEO,GSE13067,single_sample_rank,svm_rbf
0.5700000000000001,0.14864864864864866,TCGA_to_GEO,GSE13067,single_sample_rank,svm_rbf
0.58,0.14864864864864866,TCGA_to_GEO,GSE13067,single_sample_rank,svm_rbf
0.59,0.14864864864864866,TCGA_to_GEO,GSE13067,single_sample_rank,svm_rbf
0.6,0.14864864864864866,TCGA_to_GEO,GSE13067,single_sample_rank,svm_rbf
0.61,0.14864864864864866,TCGA_to_GEO,GSE13067,single_sample_rank,svm_rbf
0.62,0.14864864864864866,TCGA_to_GEO,GSE13067,single_sample_rank,svm_rbf
0.63,0.14864864864864866,TCGA_to_GEO,GSE13067,single_sample_rank,svm_rbf
0.64,0.14864864864864866,TCGA_to_GEO,GSE13067,single_sample_rank,svm_rbf
0.65,0.14864864864864866,TCGA_to_GEO,GSE13067,single_sample_rank,svm_rbf
0.66,0.14864864864864866,TCGA_to_GEO,GSE13067,single_sample_rank,svm_rbf
0.67,0.14864864864864866,TCGA_to_GEO,GSE13067,single_sample_rank,svm_rbf
0.68,0.14864864864864866,TCGA_to_GEO,GSE13067,single_sample_rank,svm_rbf
0.6900000000000001,0.14864864864864866,TCGA_to_GEO,GSE13067,single_sample_rank,svm_rbf
0.7000000000000001,0.14864864864864866,TCGA_to_GEO,GSE13067,single_sample_rank,svm_rbf
0.71,0.14864864864864866,TCGA_to_GEO,GSE13067,single_sample_rank,svm_rbf
0.72,0.14864864864864866,TCGA_to_GEO,GSE13067,single_sample_rank,svm_rbf
0.73,0.14864864864864866,TCGA_to_GEO,GSE13067,single_sample_rank,svm_rbf
0.74,0.14864864864864866,TCGA_to_GEO,GSE13067,single_sample_rank,svm_rbf
0.75,0.14864864864864866,TCGA_to_GEO,GSE13067,single_sample_rank,svm_rbf
0.76,0.14864864864864866,TCGA_to_GEO,GSE13067,single_sample_rank,svm_rbf
0.77,0.14864864864864866,TCGA_to_GEO,GSE13067,single_sample_rank,svm_rbf
0.78,0.14864864864864866,TCGA_to_GEO,GSE13067,single_sample_rank,svm_rbf
0.79,0.14864864864864866,TCGA_to_GEO,GSE13067,single_sample_rank,svm_rbf
0.8,0.14864864864864866,TCGA_to_GEO,GSE13067,single_sample_rank,svm_rbf
0.81,0.14864864864864866,TCGA_to_GEO,GSE13067,single_sample_rank,svm_rbf
0.8200000000000001,0.14864864864864866,TCGA_to_GEO,GSE13067,single_sample_rank,svm_rbf
0.8300000000000001,0.14864864864864866,TCGA_to_GEO,GSE13067,single_sample_rank,svm_rbf
0.84,0.14864864864864866,TCGA_to_GEO,GSE13067,single_sample_rank,svm_rbf
0.85,0.14864864864864866,TCGA_to_GEO,GSE13067,single_sample_rank,svm_rbf
0.86,0.14864864864864866,TCGA_to_GEO,GSE13067,single_sample_rank,svm_rbf
0.87,0.14864864864864866,TCGA_to_GEO,GSE13067,single_sample_rank,svm_rbf
0.88,0.14864864864864866,TCGA_to_GEO,GSE13067,single_sample_rank,svm_rbf
0.89,0.14864864864864866,TCGA_to_GEO,GSE13067,single_sample_rank,svm_rbf
0.9,0.14864864864864866,TCGA_to_GEO,GSE13067,single_sample_rank,svm_rbf
0.91,0.14864864864864866,TCGA_to_GEO,GSE13067,single_sample_rank,svm_rbf
0.92,0.14864864864864866,TCGA_to_GEO,GSE13067,single_sample_rank,svm_rbf
0.93,0.14864864864864866,TCGA_to_GEO,GSE13067,single_sample_rank,svm_rbf
0.9400000000000001,0.14864864864864866,TCGA_to_GEO,GSE13067,single_sample_rank,svm_rbf
0.9500000000000001,0.14864864864864866,TCGA_to_GEO,GSE13067,single_sample_rank,svm_rbf
0.96,0.14864864864864866,TCGA_to_GEO,GSE13067,single_sample_rank,svm_rbf
0.97,0.14864864864864866,TCGA_to_GEO,GSE13067,single_sample_rank,svm_rbf
0.98,0.14864864864864866,TCGA_to_GEO,GSE13067,single_sample_rank,svm_rbf
0.99,0.14864864864864866,TCGA_to_GEO,GSE13067,single_sample_rank,svm_rbf
1.0,0.14864864864864866,TCGA_to_GEO,GSE13067,single_sample_rank,svm_rbf
0.0,0.0,TCGA_to_GEO,GSE13067,single_sample_rank,xgboost
0.01,0.0,TCGA_to_GEO,GSE13067,single_sample_rank,xgboost
0.02,0.0,TCGA_to_GEO,GSE13067,single_sample_rank,xgboost
0.03,0.0,TCGA_to_GEO,GSE13067,single_sample_rank,xgboost
0.04,0.0,TCGA_to_GEO,GSE13067,single_sample_rank,xgboost
0.05,0.0,TCGA_to_GEO,GSE13067,single_sample_rank,xgboost
0.06,0.0,TCGA_to_GEO,GSE13067,single_sample_rank,xgboost
0.07,0.0,TCGA_to_GEO,GSE13067,single_sample_rank,xgboost
0.08,0.0,TCGA_to_GEO,GSE13067,single_sample_rank,xgboost
0.09,0.0,TCGA_to_GEO,GSE13067,single_sample_rank,xgboost
0.1,0.0,TCGA_to_GEO,GSE13067,single_sample_rank,xgboost
0.11,0.0,TCGA_to_GEO,GSE13067,single_sample_rank,xgboost
0.12,0.00012330025940985348,TCGA_to_GEO,GSE13067,single_sample_rank,xgboost
0.13,0.0007546366476780458,TCGA_to_GEO,GSE13067,single_sample_rank,xgboost
0.14,0.0017213847126212375,TCGA_to_GEO,GSE13067,single_sample_rank,xgboost
0.15,0.0028187450571000605,TCGA_to_GEO,GSE13067,single_sample_rank,xgboost
0.16,0.004095229711890412,TCGA_to_GEO,GSE13067,single_sample_rank,xgboost
0.17,0.005557356158239086,TCGA_to_GEO,GSE13067,single_sample_rank,xgboost
0.18,0.007231469671654302,TCGA_to_GEO,GSE13067,single_sample_rank,xgboost
0.19,0.009396567008353297,TCGA_to_GEO,GSE13067,single_sample_rank,xgboost
0.2,0.015872675129799774,TCGA_to_GEO,GSE13067,single_sample_rank,xgboost
0.21,0.022581961251473513,TCGA_to_GEO,GSE13067,single_sample_rank,xgboost
0.22,0.032182218546047074,TCGA_to_GEO,GSE13067,single_sample_rank,xgboost
0.23,0.04896031832831943,TCGA_to_GEO,GSE13067,single_sample_rank,xgboost
0.24,0.06560104302590448,TCGA_to_GEO,GSE13067,single_sample_rank,xgboost
0.25,0.07903150297192031,TCGA_to_GEO,GSE13067,single_sample_rank,xgboost
0.26,0.0903245581258986,TCGA_to_GEO,GSE13067,single_sample_rank,xgboost
0.27,0.10111334304841275,TCGA_to_GEO,GSE13067,single_sample_rank,xgboost
0.28,0.1056299166940085,TCGA_to_GEO,GSE13067,single_sample_rank,xgboost
0.29,0.10900491093267252,TCGA_to_GEO,GSE13067,single_sample_rank,xgboost
0.3,0.11279990858730496,TCGA_to_GEO,GSE13067,single_sample_rank,xgboost
0.31,0.11887149898298277,TCGA_to_GEO,GSE13067,single_sample_rank,xgboost
0.32,0.1261965386311501,TCGA_to_GEO,GSE13067,single_sample_rank,xgboost
0.33,0.13536282367086266,TCGA_to_GEO,GSE13067,single_sample_rank,xgboost
0.34,0.1452821736209002,TCGA_to_GEO,GSE13067,single_sample_rank,xgboost
0.35000000000000003,0.15554596905592494,TCGA_to_GEO,GSE13067,single_sample_rank,xgboost
0.36,0.16612220785492807,TCGA_to_GEO,GSE13067,single_sample_rank,xgboost
0.37,0.17759692145683767,TCGA_to_GEO,GSE13067,single_sample_rank,xgboost
0.38,0.18953324852963382,TCGA_to_GEO,GSE13067,single_sample_rank,xgboost
0.39,0.20279212992877402,TCGA_to_GEO,GSE13067,single_sample_rank,xgboost
0.4,0.2224463851531656,TCGA_to_GEO,GSE13067,single_sample_rank,xgboost
0.41000000000000003,0.24344116419684675,TCGA_to_GEO,GSE13067,single_sample_rank,xgboost
0.42,0.27493269000624165,TCGA_to_GEO,GSE13067,single_sample_rank,xgboost
0.43,0.3079965069383635,TCGA_to_GEO,GSE13067,single_sample_rank,xgboost
0.44,0.3399906171426077,TCGA_to_GEO,GSE13067,single_sample_rank,xgboost
0.45,0.3687540487422637,TCGA_to_GEO,GSE13067,single_sample_rank,xgboost
0.46,0.3975174803419198,TCGA_to_GEO,GSE13067,single_sample_rank,xgboost
0.47000000000000003,0.4262809119415758,TCGA_to_GEO,GSE13067,single_sample_rank,xgboost
0.48,0.4550443435412317,TCGA_to_GEO,GSE13067,single_sample_rank,xgboost
0.49,0.48380777514088774,TCGA_to_GEO,GSE13067,single_sample_rank,xgboost
0.5,0.5083968933802508,TCGA_to_GEO,GSE13067,single_sample_rank,xgboost
0.51,0.5314701115280025,TCGA_to_GEO,GSE13067,single_sample_rank,xgboost
0.52,0.5542569805129655,TCGA_to_GEO,GSE13067,single_sample_rank,xgboost
0.53,0.5770438494979283,TCGA_to_GEO,GSE13067,single_sample_rank,xgboost
0.54,0.5998307184828913,TCGA_to_GEO,GSE13067,single_sample_rank,xgboost
0.55,0.6226175874678542,TCGA_to_GEO,GSE13067,single_sample_rank,xgboost
0.56,0.6454044564528171,TCGA_to_GEO,GSE13067,single_sample_rank,xgboost
0.5700000000000001,0.66819132543778,TCGA_to_GEO,GSE13067,single_sample_rank,xgboost
0.58,0.6909781944227427,TCGA_to_GEO,GSE13067,single_sample_rank,xgboost
0.59,0.7137650634077056,TCGA_to_GEO,GSE13067,single_sample_rank,xgboost
0.6,0.7365519323926686,TCGA_to_GEO,GSE13067,single_sample_rank,xgboost
0.61,0.7593388013776314,TCGA_to_GEO,GSE13067,single_sample_rank,xgboost
0.62,0.7821707515976506,TCGA_to_GEO,GSE13067,single_sample_rank,xgboost
0.63,0.8055584645807361,TCGA_to_GEO,GSE13067,single_sample_rank,xgboost
0.64,0.8289461775638216,TCGA_to_GEO,GSE13067,single_sample_rank,xgboost
0.65,0.8523471411527801,TCGA_to_GEO,GSE13067,single_sample_rank,xgboost
0.66,0.8760063707774081,TCGA_to_GEO,GSE13067,single_sample_rank,xgboost
0.67,0.8996826942904175,TCGA_to_GEO,GSE13067,single_sample_rank,xgboost
0.68,0.9231484265732425,TCGA_to_GEO,GSE13067,single_sample_rank,xgboost
0.6900000000000001,0.9466141588560675,TCGA_to_GEO,GSE13067,single_sample_rank,xgboost
0.7000000000000001,0.9700798911388925,TCGA_to_GEO,GSE13067,single_sample_rank,xgboost
0.71,0.9935456234217172,TCGA_to_GEO,GSE13067,single_sample_rank,xgboost
0.72,1.0,TCGA_to_GEO,GSE13067,single_sample_rank,xgboost
0.73,1.0,TCGA_to_GEO,GSE13067,single_sample_rank,xgboost
0.74,1.0,TCGA_to_GEO,GSE13067,single_sample_rank,xgboost
0.75,1.0,TCGA_to_GEO,GSE13067,single_sample_rank,xgboost
0.76,1.0,TCGA_to_GEO,GSE13067,single_sample_rank,xgboost
0.77,1.0,TCGA_to_GEO,GSE13067,single_sample_rank,xgboost
0.78,1.0,TCGA_to_GEO,GSE13067,single_sample_rank,xgboost
0.79,1.0,TCGA_to_GEO,GSE13067,single_sample_rank,xgboost
0.8,1.0,TCGA_to_GEO,GSE13067,single_sample_rank,xgboost
0.81,1.0,TCGA_to_GEO,GSE13067,single_sample_rank,xgboost
0.8200000000000001,1.0,TCGA_to_GEO,GSE13067,single_sample_rank,xgboost
0.8300000000000001,1.0,TCGA_to_GEO,GSE13067,single_sample_rank,xgboost
0.84,1.0,TCGA_to_GEO,GSE13067,single_sample_rank,xgboost
0.85,1.0,TCGA_to_GEO,GSE13067,single_sample_rank,xgboost
0.86,1.0,TCGA_to_GEO,GSE13067,single_sample_rank,xgboost
0.87,1.0,TCGA_to_GEO,GSE13067,single_sample_rank,xgboost
0.88,1.0,TCGA_to_GEO,GSE13067,single_sample_rank,xgboost
0.89,1.0,TCGA_to_GEO,GSE13067,single_sample_rank,xgboost
0.9,1.0,TCGA_to_GEO,GSE13067,single_sample_rank,xgboost
0.91,1.0,TCGA_to_GEO,GSE13067,single_sample_rank,xgboost
0.92,1.0,TCGA_to_GEO,GSE13067,single_sample_rank,xgboost
0.93,1.0,TCGA_to_GEO,GSE13067,single_sample_rank,xgboost
0.9400000000000001,1.0,TCGA_to_GEO,GSE13067,single_sample_rank,xgboost
0.9500000000000001,1.0,TCGA_to_GEO,GSE13067,single_sample_rank,xgboost
0.96,1.0,TCGA_to_GEO,GSE13067,single_sample_rank,xgboost
0.97,1.0,TCGA_to_GEO,GSE13067,single_sample_rank,xgboost
0.98,1.0,TCGA_to_GEO,GSE13067,single_sample_rank,xgboost
0.99,1.0,TCGA_to_GEO,GSE13067,single_sample_rank,xgboost
1.0,1.0,TCGA_to_GEO,GSE13067,single_sample_rank,xgboost
0.0,0.0,TCGA_to_GEO,GSE13067,target_cohort_adaptive_zscore,elastic_net
0.01,0.0,TCGA_to_GEO,GSE13067,target_cohort_adaptive_zscore,elastic_net
0.02,0.0,TCGA_to_GEO,GSE13067,target_cohort_adaptive_zscore,elastic_net
0.03,0.0,TCGA_to_GEO,GSE13067,target_cohort_adaptive_zscore,elastic_net
0.04,0.0,TCGA_to_GEO,GSE13067,target_cohort_adaptive_zscore,elastic_net
0.05,0.0,TCGA_to_GEO,GSE13067,target_cohort_adaptive_zscore,elastic_net
0.06,0.0,TCGA_to_GEO,GSE13067,target_cohort_adaptive_zscore,elastic_net
0.07,0.0,TCGA_to_GEO,GSE13067,target_cohort_adaptive_zscore,elastic_net
0.08,0.0,TCGA_to_GEO,GSE13067,target_cohort_adaptive_zscore,elastic_net
0.09,0.0,TCGA_to_GEO,GSE13067,target_cohort_adaptive_zscore,elastic_net
0.1,0.0,TCGA_to_GEO,GSE13067,target_cohort_adaptive_zscore,elastic_net
0.11,0.0,TCGA_to_GEO,GSE13067,target_cohort_adaptive_zscore,elastic_net
0.12,0.0,TCGA_to_GEO,GSE13067,target_cohort_adaptive_zscore,elastic_net
0.13,0.0,TCGA_to_GEO,GSE13067,target_cohort_adaptive_zscore,elastic_net
0.14,0.0,TCGA_to_GEO,GSE13067,target_cohort_adaptive_zscore,elastic_net
0.15,0.0,TCGA_to_GEO,GSE13067,target_cohort_adaptive_zscore,elastic_net
0.16,0.0,TCGA_to_GEO,GSE13067,target_cohort_adaptive_zscore,elastic_net
0.17,0.0,TCGA_to_GEO,GSE13067,target_cohort_adaptive_zscore,elastic_net
0.18,0.0,TCGA_to_GEO,GSE13067,target_cohort_adaptive_zscore,elastic_net
0.19,0.0,TCGA_to_GEO,GSE13067,target_cohort_adaptive_zscore,elastic_net
0.2,0.0,TCGA_to_GEO,GSE13067,target_cohort_adaptive_zscore,elastic_net
0.21,0.0,TCGA_to_GEO,GSE13067,target_cohort_adaptive_zscore,elastic_net
0.22,0.0,TCGA_to_GEO,GSE13067,target_cohort_adaptive_zscore,elastic_net
0.23,0.0,TCGA_to_GEO,GSE13067,target_cohort_adaptive_zscore,elastic_net
0.24,0.0,TCGA_to_GEO,GSE13067,target_cohort_adaptive_zscore,elastic_net
0.25,0.0,TCGA_to_GEO,GSE13067,target_cohort_adaptive_zscore,elastic_net
0.26,0.0,TCGA_to_GEO,GSE13067,target_cohort_adaptive_zscore,elastic_net
0.27,0.0,TCGA_to_GEO,GSE13067,target_cohort_adaptive_zscore,elastic_net
0.28,0.0,TCGA_to_GEO,GSE13067,target_cohort_adaptive_zscore,elastic_net
0.29,0.0,TCGA_to_GEO,GSE13067,target_cohort_adaptive_zscore,elastic_net
0.3,0.0,TCGA_to_GEO,GSE13067,target_cohort_adaptive_zscore,elastic_net
0.31,0.0,TCGA_to_GEO,GSE13067,target_cohort_adaptive_zscore,elastic_net
0.32,0.0013547021951830086,TCGA_to_GEO,GSE13067,target_cohort_adaptive_zscore,elastic_net
0.33,0.0032922247299418915,TCGA_to_GEO,GSE13067,target_cohort_adaptive_zscore,elastic_net
0.34,0.005229747264700774,TCGA_to_GEO,GSE13067,target_cohort_adaptive_zscore,elastic_net
0.35000000000000003,0.007167269799459658,TCGA_to_GEO,GSE13067,target_cohort_adaptive_zscore,elastic_net
0.36,0.010354244908825002,TCGA_to_GEO,GSE13067,target_cohort_adaptive_zscore,elastic_net
0.37,0.018288567569232896,TCGA_to_GEO,GSE13067,target_cohort_adaptive_zscore,elastic_net
0.38,0.026803239508400117,TCGA_to_GEO,GSE13067,target_cohort_adaptive_zscore,elastic_net
0.39,0.03531791144756734,TCGA_to_GEO,GSE13067,target_cohort_adaptive_zscore,elastic_net
0.4,0.04332843092764065,TCGA_to_GEO,GSE13067,target_cohort_adaptive_zscore,elastic_net
0.41000000000000003,0.050499749817973616,TCGA_to_GEO,GSE13067,target_cohort_adaptive_zscore,elastic_net
0.42,0.05767106870830653,TCGA_to_GEO,GSE13067,target_cohort_adaptive_zscore,elastic_net
0.43,0.06484238759863949,TCGA_to_GEO,GSE13067,target_cohort_adaptive_zscore,elastic_net
0.44,0.07201370648897246,TCGA_to_GEO,GSE13067,target_cohort_adaptive_zscore,elastic_net
0.45,0.07918502537930541,TCGA_to_GEO,GSE13067,target_cohort_adaptive_zscore,elastic_net
0.46,0.08635634426963837,TCGA_to_GEO,GSE13067,target_cohort_adaptive_zscore,elastic_net
0.47000000000000003,0.09275904544620435,TCGA_to_GEO,GSE13067,target_cohort_adaptive_zscore,elastic_net
0.48,0.0986907044250964,TCGA_to_GEO,GSE13067,target_cohort_adaptive_zscore,elastic_net
0.49,0.10442879437982283,TCGA_to_GEO,GSE13067,target_cohort_adaptive_zscore,elastic_net
0.5,0.11016688433454927,TCGA_to_GEO,GSE13067,target_cohort_adaptive_zscore,elastic_net
0.51,0.1159049742892757,TCGA_to_GEO,GSE13067,target_cohort_adaptive_zscore,elastic_net
0.52,0.13292336952314707,TCGA_to_GEO,GSE13067,target_cohort_adaptive_zscore,elastic_net
0.53,0.15550178509842294,TCGA_to_GEO,GSE13067,target_cohort_adaptive_zscore,elastic_net
0.54,0.17808020067369879,TCGA_to_GEO,GSE13067,target_cohort_adaptive_zscore,elastic_net
0.55,0.20065861624897469,TCGA_to_GEO,GSE13067,target_cohort_adaptive_zscore,elastic_net
0.56,0.22323703182425053,TCGA_to_GEO,GSE13067,target_cohort_adaptive_zscore,elastic_net
0.5700000000000001,0.24581544739952643,TCGA_to_GEO,GSE13067,target_cohort_adaptive_zscore,elastic_net
0.58,0.26555831628942705,TCGA_to_GEO,GSE13067,target_cohort_adaptive_zscore,elastic_net
0.59,0.2843617978436218,TCGA_to_GEO,GSE13067,target_cohort_adaptive_zscore,elastic_net
0.6,0.3031652793978166,TCGA_to_GEO,GSE13067,target_cohort_adaptive_zscore,elastic_net
0.61,0.3203137998583285,TCGA_to_GEO,GSE13067,target_cohort_adaptive_zscore,elastic_net
0.62,0.3359882565706427,TCGA_to_GEO,GSE13067,target_cohort_adaptive_zscore,elastic_net
0.63,0.35166271328295695,TCGA_to_GEO,GSE13067,target_cohort_adaptive_zscore,elastic_net
0.64,0.36733716999527116,TCGA_to_GEO,GSE13067,target_cohort_adaptive_zscore,elastic_net
0.65,0.3830116267075854,TCGA_to_GEO,GSE13067,target_cohort_adaptive_zscore,elastic_net
0.66,0.39810474631874,TCGA_to_GEO,GSE13067,target_cohort_adaptive_zscore,elastic_net
0.67,0.41271186096361867,TCGA_to_GEO,GSE13067,target_cohort_adaptive_zscore,elastic_net
0.68,0.42731897560849735,TCGA_to_GEO,GSE13067,target_cohort_adaptive_zscore,elastic_net
0.6900000000000001,0.441926090253376,TCGA_to_GEO,GSE13067,target_cohort_adaptive_zscore,elastic_net
0.7000000000000001,0.45653320489825466,TCGA_to_GEO,GSE13067,target_cohort_adaptive_zscore,elastic_net
0.71,0.4711477472013422,TCGA_to_GEO,GSE13067,target_cohort_adaptive_zscore,elastic_net
0.72,0.48587769181592916,TCGA_to_GEO,GSE13067,target_cohort_adaptive_zscore,elastic_net
0.73,0.5006076364305161,TCGA_to_GEO,GSE13067,target_cohort_adaptive_zscore,elastic_net
0.74,0.5153375810451031,TCGA_to_GEO,GSE13067,target_cohort_adaptive_zscore,elastic_net
0.75,0.53006752565969,TCGA_to_GEO,GSE13067,target_cohort_adaptive_zscore,elastic_net
0.76,0.5447974702742769,TCGA_to_GEO,GSE13067,target_cohort_adaptive_zscore,elastic_net
0.77,0.5595274148888638,TCGA_to_GEO,GSE13067,target_cohort_adaptive_zscore,elastic_net
0.78,0.5742573595034508,TCGA_to_GEO,GSE13067,target_cohort_adaptive_zscore,elastic_net
0.79,0.5889873041180377,TCGA_to_GEO,GSE13067,target_cohort_adaptive_zscore,elastic_net
0.8,0.6037172487326246,TCGA_to_GEO,GSE13067,target_cohort_adaptive_zscore,elastic_net
0.81,0.6184471933472115,TCGA_to_GEO,GSE13067,target_cohort_adaptive_zscore,elastic_net
0.8200000000000001,0.6331771379617985,TCGA_to_GEO,GSE13067,target_cohort_adaptive_zscore,elastic_net
0.8300000000000001,0.6479070825763854,TCGA_to_GEO,GSE13067,target_cohort_adaptive_zscore,elastic_net
0.84,0.6626370271909722,TCGA_to_GEO,GSE13067,target_cohort_adaptive_zscore,elastic_net
0.85,0.677366971805559,TCGA_to_GEO,GSE13067,target_cohort_adaptive_zscore,elastic_net
0.86,0.692096916420146,TCGA_to_GEO,GSE13067,target_cohort_adaptive_zscore,elastic_net
0.87,0.706826861034733,TCGA_to_GEO,GSE13067,target_cohort_adaptive_zscore,elastic_net
0.88,0.7215568056493199,TCGA_to_GEO,GSE13067,target_cohort_adaptive_zscore,elastic_net
0.89,0.7362867502639068,TCGA_to_GEO,GSE13067,target_cohort_adaptive_zscore,elastic_net
0.9,0.7510166948784938,TCGA_to_GEO,GSE13067,target_cohort_adaptive_zscore,elastic_net
0.91,0.7657466394930807,TCGA_to_GEO,GSE13067,target_cohort_adaptive_zscore,elastic_net
0.92,0.7804765841076676,TCGA_to_GEO,GSE13067,target_cohort_adaptive_zscore,elastic_net
0.93,0.7952065287222545,TCGA_to_GEO,GSE13067,target_cohort_adaptive_zscore,elastic_net
0.9400000000000001,0.8099364733368415,TCGA_to_GEO,GSE13067,target_cohort_adaptive_zscore,elastic_net
0.9500000000000001,0.8249384578747122,TCGA_to_GEO,GSE13067,target_cohort_adaptive_zscore,elastic_net
0.96,0.840188671756688,TCGA_to_GEO,GSE13067,target_cohort_adaptive_zscore,elastic_net
0.97,0.8554388856386639,TCGA_to_GEO,GSE13067,target_cohort_adaptive_zscore,elastic_net
0.98,0.8706890995206398,TCGA_to_GEO,GSE13067,target_cohort_adaptive_zscore,elastic_net
0.99,0.8860073666100048,TCGA_to_GEO,GSE13067,target_cohort_adaptive_zscore,elastic_net
1.0,0.9013962877402917,TCGA_to_GEO,GSE13067,target_cohort_adaptive_zscore,elastic_net
0.0,0.0,TCGA_to_GEO,GSE13067,target_cohort_adaptive_zscore,svm_rbf
0.01,0.0,TCGA_to_GEO,GSE13067,target_cohort_adaptive_zscore,svm_rbf
0.02,0.0,TCGA_to_GEO,GSE13067,target_cohort_adaptive_zscore,svm_rbf
0.03,0.0,TCGA_to_GEO,GSE13067,target_cohort_adaptive_zscore,svm_rbf
0.04,0.0,TCGA_to_GEO,GSE13067,target_cohort_adaptive_zscore,svm_rbf
0.05,0.0,TCGA_to_GEO,GSE13067,target_cohort_adaptive_zscore,svm_rbf
0.06,0.0,TCGA_to_GEO,GSE13067,target_cohort_adaptive_zscore,svm_rbf
0.07,0.0,TCGA_to_GEO,GSE13067,target_cohort_adaptive_zscore,svm_rbf
0.08,0.0,TCGA_to_GEO,GSE13067,target_cohort_adaptive_zscore,svm_rbf
0.09,0.0,TCGA_to_GEO,GSE13067,target_cohort_adaptive_zscore,svm_rbf
0.1,0.0,TCGA_to_GEO,GSE13067,target_cohort_adaptive_zscore,svm_rbf
0.11,0.0,TCGA_to_GEO,GSE13067,target_cohort_adaptive_zscore,svm_rbf
0.12,0.002144196489108018,TCGA_to_GEO,GSE13067,target_cohort_adaptive_zscore,svm_rbf
0.13,0.029803913456987494,TCGA_to_GEO,GSE13067,target_cohort_adaptive_zscore,svm_rbf
0.14,0.0692361047571482,TCGA_to_GEO,GSE13067,target_cohort_adaptive_zscore,svm_rbf
0.15,0.09788490648886662,TCGA_to_GEO,GSE13067,target_cohort_adaptive_zscore,svm_rbf
0.16,0.12653370822058513,TCGA_to_GEO,GSE13067,target_cohort_adaptive_zscore,svm_rbf
0.17,0.15518250995230362,TCGA_to_GEO,GSE13067,target_cohort_adaptive_zscore,svm_rbf
0.18,0.18383131168402203,TCGA_to_GEO,GSE13067,target_cohort_adaptive_zscore,svm_rbf
0.19,0.21248011341574055,TCGA_to_GEO,GSE13067,target_cohort_adaptive_zscore,svm_rbf
0.2,0.24036664212866515,TCGA_to_GEO,GSE13067,target_cohort_adaptive_zscore,svm_rbf
0.21,0.22934668308355438,TCGA_to_GEO,GSE13067,target_cohort_adaptive_zscore,svm_rbf
0.22,0.2183267240384436,TCGA_to_GEO,GSE13067,target_cohort_adaptive_zscore,svm_rbf
0.23,0.2073067649933328,TCGA_to_GEO,GSE13067,target_cohort_adaptive_zscore,svm_rbf
0.24,0.19702195621730703,TCGA_to_GEO,GSE13067,target_cohort_adaptive_zscore,svm_rbf
0.25,0.18901903878131973,TCGA_to_GEO,GSE13067,target_cohort_adaptive_zscore,svm_rbf
0.26,0.1810161213453324,TCGA_to_GEO,GSE13067,target_cohort_adaptive_zscore,svm_rbf
0.27,0.1730132039093451,TCGA_to_GEO,GSE13067,target_cohort_adaptive_zscore,svm_rbf
0.28,0.1650102864733578,TCGA_to_GEO,GSE13067,target_cohort_adaptive_zscore,svm_rbf
0.29,0.15700736903737053,TCGA_to_GEO,GSE13067,target_cohort_adaptive_zscore,svm_rbf
0.3,0.14900445160138323,TCGA_to_GEO,GSE13067,target_cohort_adaptive_zscore,svm_rbf
0.31,0.1410015341653959,TCGA_to_GEO,GSE13067,target_cohort_adaptive_zscore,svm_rbf
0.32,0.1409006483731424,TCGA_to_GEO,GSE13067,target_cohort_adaptive_zscore,svm_rbf
0.33,0.14099775284235044,TCGA_to_GEO,GSE13067,target_cohort_adaptive_zscore,svm_rbf
0.34,0.1410948573115585,TCGA_to_GEO,GSE13067,target_cohort_adaptive_zscore,svm_rbf
0.35000000000000003,0.1411919617807665,TCGA_to_GEO,GSE13067,target_cohort_adaptive_zscore,svm_rbf
0.36,0.14128906624997456,TCGA_to_GEO,GSE13067,target_cohort_adaptive_zscore,svm_rbf
0.37,0.14138617071918258,TCGA_to_GEO,GSE13067,target_cohort_adaptive_zscore,svm_rbf
0.38,0.14148327518839063,TCGA_to_GEO,GSE13067,target_cohort_adaptive_zscore,svm_rbf
0.39,0.14158037965759868,TCGA_to_GEO,GSE13067,target_cohort_adaptive_zscore,svm_rbf
0.4,0.15888666177957245,TCGA_to_GEO,GSE13067,target_cohort_adaptive_zscore,svm_rbf
0.41000000000000003,0.1838826824751409,TCGA_to_GEO,GSE13067,target_cohort_adaptive_zscore,svm_rbf
0.42,0.2088787031707092,TCGA_to_GEO,GSE13067,target_cohort_adaptive_zscore,svm_rbf
0.43,0.23387472386627767,TCGA_to_GEO,GSE13067,target_cohort_adaptive_zscore,svm_rbf
0.44,0.2588707445618461,TCGA_to_GEO,GSE13067,target_cohort_adaptive_zscore,svm_rbf
0.45,0.28386676525741456,TCGA_to_GEO,GSE13067,target_cohort_adaptive_zscore,svm_rbf
0.46,0.308862785952983,TCGA_to_GEO,GSE13067,target_cohort_adaptive_zscore,svm_rbf
0.47000000000000003,0.33385880664855144,TCGA_to_GEO,GSE13067,target_cohort_adaptive_zscore,svm_rbf
0.48,0.3588548273441198,TCGA_to_GEO,GSE13067,target_cohort_adaptive_zscore,svm_rbf
0.49,0.3802265206543171,TCGA_to_GEO,GSE13067,target_cohort_adaptive_zscore,svm_rbf
0.5,0.39418895064494613,TCGA_to_GEO,GSE13067,target_cohort_adaptive_zscore,svm_rbf
0.51,0.40815138063557516,TCGA_to_GEO,GSE13067,target_cohort_adaptive_zscore,svm_rbf
0.52,0.4221138106262042,TCGA_to_GEO,GSE13067,target_cohort_adaptive_zscore,svm_rbf
0.53,0.43607624061683326,TCGA_to_GEO,GSE13067,target_cohort_adaptive_zscore,svm_rbf
0.54,0.4500386706074623,TCGA_to_GEO,GSE13067,target_cohort_adaptive_zscore,svm_rbf
0.55,0.4640011005980913,TCGA_to_GEO,GSE13067,target_cohort_adaptive_zscore,svm_rbf
0.56,0.4779635305887204,TCGA_to_GEO,GSE13067,target_cohort_adaptive_zscore,svm_rbf
0.5700000000000001,0.4919259605793494,TCGA_to_GEO,GSE13067,target_cohort_adaptive_zscore,svm_rbf
0.58,0.5058883905699783,TCGA_to_GEO,GSE13067,target_cohort_adaptive_zscore,svm_rbf
0.59,0.5198508205606074,TCGA_to_GEO,GSE13067,target_cohort_adaptive_zscore,svm_rbf
0.6,0.5338132505512363,TCGA_to_GEO,GSE13067,target_cohort_adaptive_zscore,svm_rbf
0.61,0.5477756805418654,TCGA_to_GEO,GSE13067,target_cohort_adaptive_zscore,svm_rbf
0.62,0.5617381105324945,TCGA_to_GEO,GSE13067,target_cohort_adaptive_zscore,svm_rbf
0.63,0.5757005405231235,TCGA_to_GEO,GSE13067,target_cohort_adaptive_zscore,svm_rbf
0.64,0.5891262351475102,TCGA_to_GEO,GSE13067,target_cohort_adaptive_zscore,svm_rbf
0.65,0.6018239796952047,TCGA_to_GEO,GSE13067,target_cohort_adaptive_zscore,svm_rbf
0.66,0.6145217242428993,TCGA_to_GEO,GSE13067,target_cohort_adaptive_zscore,svm_rbf
0.67,0.6272194687905938,TCGA_to_GEO,GSE13067,target_cohort_adaptive_zscore,svm_rbf
0.68,0.6399172133382883,TCGA_to_GEO,GSE13067,target_cohort_adaptive_zscore,svm_rbf
0.6900000000000001,0.6526149578859829,TCGA_to_GEO,GSE13067,target_cohort_adaptive_zscore,svm_rbf
0.7000000000000001,0.6653127024336773,TCGA_to_GEO,GSE13067,target_cohort_adaptive_zscore,svm_rbf
0.71,0.6780104469813718,TCGA_to_GEO,GSE13067,target_cohort_adaptive_zscore,svm_rbf
0.72,0.6909462315185091,TCGA_to_GEO,GSE13067,target_cohort_adaptive_zscore,svm_rbf
0.73,0.7041050577506186,TCGA_to_GEO,GSE13067,target_cohort_adaptive_zscore,svm_rbf
0.74,0.7176061598640232,TCGA_to_GEO,GSE13067,target_cohort_adaptive_zscore,svm_rbf
0.75,0.7311072619774277,TCGA_to_GEO,GSE13067,target_cohort_adaptive_zscore,svm_rbf
0.76,0.7446083640908323,TCGA_to_GEO,GSE13067,target_cohort_adaptive_zscore,svm_rbf
0.77,0.7581094662042368,TCGA_to_GEO,GSE13067,target_cohort_adaptive_zscore,svm_rbf
0.78,0.7716105683176413,TCGA_to_GEO,GSE13067,target_cohort_adaptive_zscore,svm_rbf
0.79,0.7851116704310459,TCGA_to_GEO,GSE13067,target_cohort_adaptive_zscore,svm_rbf
0.8,0.7987835450966806,TCGA_to_GEO,GSE13067,target_cohort_adaptive_zscore,svm_rbf
0.81,0.8126293884804386,TCGA_to_GEO,GSE13067,target_cohort_adaptive_zscore,svm_rbf
0.8200000000000001,0.8264752318641967,TCGA_to_GEO,GSE13067,target_cohort_adaptive_zscore,svm_rbf
0.8300000000000001,0.8405298987866553,TCGA_to_GEO,GSE13067,target_cohort_adaptive_zscore,svm_rbf
0.84,0.8545935702262114,TCGA_to_GEO,GSE13067,target_cohort_adaptive_zscore,svm_rbf
0.85,0.8686572416657676,TCGA_to_GEO,GSE13067,target_cohort_adaptive_zscore,svm_rbf
0.86,0.8827209131053239,TCGA_to_GEO,GSE13067,target_cohort_adaptive_zscore,svm_rbf
0.87,0.8967845845448801,TCGA_to_GEO,GSE13067,target_cohort_adaptive_zscore,svm_rbf
0.88,0.9108482559844364,TCGA_to_GEO,GSE13067,target_cohort_adaptive_zscore,svm_rbf
0.89,0.9249119274239926,TCGA_to_GEO,GSE13067,target_cohort_adaptive_zscore,svm_rbf
0.9,0.9389755988635489,TCGA_to_GEO,GSE13067,target_cohort_adaptive_zscore,svm_rbf
0.91,0.9530392703031051,TCGA_to_GEO,GSE13067,target_cohort_adaptive_zscore,svm_rbf
0.92,0.9671029417426613,TCGA_to_GEO,GSE13067,target_cohort_adaptive_zscore,svm_rbf
0.93,0.9811666131822177,TCGA_to_GEO,GSE13067,target_cohort_adaptive_zscore,svm_rbf
0.9400000000000001,0.9952302846217739,TCGA_to_GEO,GSE13067,target_cohort_adaptive_zscore,svm_rbf
0.9500000000000001,1.0,TCGA_to_GEO,GSE13067,target_cohort_adaptive_zscore,svm_rbf
0.96,1.0,TCGA_to_GEO,GSE13067,target_cohort_adaptive_zscore,svm_rbf
0.97,1.0,TCGA_to_GEO,GSE13067,target_cohort_adaptive_zscore,svm_rbf
0.98,1.0,TCGA_to_GEO,GSE13067,target_cohort_adaptive_zscore,svm_rbf
0.99,1.0,TCGA_to_GEO,GSE13067,target_cohort_adaptive_zscore,svm_rbf
1.0,1.0,TCGA_to_GEO,GSE13067,target_cohort_adaptive_zscore,svm_rbf
0.0,0.0,TCGA_to_GEO,GSE13067,target_cohort_adaptive_zscore,xgboost
0.01,0.0,TCGA_to_GEO,GSE13067,target_cohort_adaptive_zscore,xgboost
0.02,0.0,TCGA_to_GEO,GSE13067,target_cohort_adaptive_zscore,xgboost
0.03,0.0,TCGA_to_GEO,GSE13067,target_cohort_adaptive_zscore,xgboost
0.04,0.0,TCGA_to_GEO,GSE13067,target_cohort_adaptive_zscore,xgboost
0.05,0.0,TCGA_to_GEO,GSE13067,target_cohort_adaptive_zscore,xgboost
0.06,0.0,TCGA_to_GEO,GSE13067,target_cohort_adaptive_zscore,xgboost
0.07,0.0,TCGA_to_GEO,GSE13067,target_cohort_adaptive_zscore,xgboost
0.08,0.0,TCGA_to_GEO,GSE13067,target_cohort_adaptive_zscore,xgboost
0.09,0.0,TCGA_to_GEO,GSE13067,target_cohort_adaptive_zscore,xgboost
0.1,0.0,TCGA_to_GEO,GSE13067,target_cohort_adaptive_zscore,xgboost
0.11,0.0,TCGA_to_GEO,GSE13067,target_cohort_adaptive_zscore,xgboost
0.12,0.0,TCGA_to_GEO,GSE13067,target_cohort_adaptive_zscore,xgboost
0.13,0.0010797597769740426,TCGA_to_GEO,GSE13067,target_cohort_adaptive_zscore,xgboost
0.14,0.010351108789519815,TCGA_to_GEO,GSE13067,target_cohort_adaptive_zscore,xgboost
0.15,0.019622457802065563,TCGA_to_GEO,GSE13067,target_cohort_adaptive_zscore,xgboost
0.16,0.028893806814611334,TCGA_to_GEO,GSE13067,target_cohort_adaptive_zscore,xgboost
0.17,0.038165155827157106,TCGA_to_GEO,GSE13067,target_cohort_adaptive_zscore,xgboost
0.18,0.04743650483970285,TCGA_to_GEO,GSE13067,target_cohort_adaptive_zscore,xgboost
0.19,0.05670785385224863,TCGA_to_GEO,GSE13067,target_cohort_adaptive_zscore,xgboost
0.2,0.08024557763260223,TCGA_to_GEO,GSE13067,target_cohort_adaptive_zscore,xgboost
0.21,0.10351351983158338,TCGA_to_GEO,GSE13067,target_cohort_adaptive_zscore,xgboost
0.22,0.1245639124195046,TCGA_to_GEO,GSE13067,target_cohort_adaptive_zscore,xgboost
0.23,0.14135392444020506,TCGA_to_GEO,GSE13067,target_cohort_adaptive_zscore,xgboost
0.24,0.15631653561760775,TCGA_to_GEO,GSE13067,target_cohort_adaptive_zscore,xgboost
0.25,0.1712791467950105,TCGA_to_GEO,GSE13067,target_cohort_adaptive_zscore,xgboost
0.26,0.1862417579724132,TCGA_to_GEO,GSE13067,target_cohort_adaptive_zscore,xgboost
0.27,0.20120436914981593,TCGA_to_GEO,GSE13067,target_cohort_adaptive_zscore,xgboost
0.28,0.21393434892638388,TCGA_to_GEO,GSE13067,target_cohort_adaptive_zscore,xgboost
0.29,0.2246234707560742,TCGA_to_GEO,GSE13067,target_cohort_adaptive_zscore,xgboost
0.3,0.23531259258576454,TCGA_to_GEO,GSE13067,target_cohort_adaptive_zscore,xgboost
0.31,0.25025104275518173,TCGA_to_GEO,GSE13067,target_cohort_adaptive_zscore,xgboost
0.32,0.2652976453401048,TCGA_to_GEO,GSE13067,target_cohort_adaptive_zscore,xgboost
0.33,0.2803442479250279,TCGA_to_GEO,GSE13067,target_cohort_adaptive_zscore,xgboost
0.34,0.295390850509951,TCGA_to_GEO,GSE13067,target_cohort_adaptive_zscore,xgboost
0.35000000000000003,0.3104374530948741,TCGA_to_GEO,GSE13067,target_cohort_adaptive_zscore,xgboost
0.36,0.3254840556797971,TCGA_to_GEO,GSE13067,target_cohort_adaptive_zscore,xgboost
0.37,0.3405306582647202,TCGA_to_GEO,GSE13067,target_cohort_adaptive_zscore,xgboost
0.38,0.3555772608496433,TCGA_to_GEO,GSE13067,target_cohort_adaptive_zscore,xgboost
0.39,0.3706238634345664,TCGA_to_GEO,GSE13067,target_cohort_adaptive_zscore,xgboost
0.4,0.3856704660194895,TCGA_to_GEO,GSE13067,target_cohort_adaptive_zscore,xgboost
0.41000000000000003,0.4007170686044126,TCGA_to_GEO,GSE13067,target_cohort_adaptive_zscore,xgboost
0.42,0.41576367118933555,TCGA_to_GEO,GSE13067,target_cohort_adaptive_zscore,xgboost
0.43,0.4308102737742587,TCGA_to_GEO,GSE13067,target_cohort_adaptive_zscore,xgboost
0.44,0.4459542149061094,TCGA_to_GEO,GSE13067,target_cohort_adaptive_zscore,xgboost
0.45,0.46157401610180376,TCGA_to_GEO,GSE13067,target_cohort_adaptive_zscore,xgboost
0.46,0.477200762284288,TCGA_to_GEO,GSE13067,target_cohort_adaptive_zscore,xgboost
0.47000000000000003,0.49159772185979483,TCGA_to_GEO,GSE13067,target_cohort_adaptive_zscore,xgboost
0.48,0.504460288356471,TCGA_to_GEO,GSE13067,target_cohort_adaptive_zscore,xgboost
0.49,0.5173228548531472,TCGA_to_GEO,GSE13067,target_cohort_adaptive_zscore,xgboost
0.5,0.5301854213498235,TCGA_to_GEO,GSE13067,target_cohort_adaptive_zscore,xgboost
0.51,0.5430479878464998,TCGA_to_GEO,GSE13067,target_cohort_adaptive_zscore,xgboost
0.52,0.555910554343176,TCGA_to_GEO,GSE13067,target_cohort_adaptive_zscore,xgboost
0.53,0.5681533847450223,TCGA_to_GEO,GSE13067,target_cohort_adaptive_zscore,xgboost
0.54,0.5797789917204387,TCGA_to_GEO,GSE13067,target_cohort_adaptive_zscore,xgboost
0.55,0.5914045986958552,TCGA_to_GEO,GSE13067,target_cohort_adaptive_zscore,xgboost
0.56,0.6030302056712715,TCGA_to_GEO,GSE13067,target_cohort_adaptive_zscore,xgboost
0.5700000000000001,0.614655812646688,TCGA_to_GEO,GSE13067,target_cohort_adaptive_zscore,xgboost
0.58,0.6262814196221043,TCGA_to_GEO,GSE13067,target_cohort_adaptive_zscore,xgboost
0.59,0.6379677625796352,TCGA_to_GEO,GSE13067,target_cohort_adaptive_zscore,xgboost
0.6,0.6501245061041789,TCGA_to_GEO,GSE13067,target_cohort_adaptive_zscore,xgboost
0.61,0.6622812496287228,TCGA_to_GEO,GSE13067,target_cohort_adaptive_zscore,xgboost
0.62,0.6744379931532666,TCGA_to_GEO,GSE13067,target_cohort_adaptive_zscore,xgboost
0.63,0.6865947366778105,TCGA_to_GEO,GSE13067,target_cohort_adaptive_zscore,xgboost
0.64,0.6987514802023542,TCGA_to_GEO,GSE13067,target_cohort_adaptive_zscore,xgboost
0.65,0.7109082237268981,TCGA_to_GEO,GSE13067,target_cohort_adaptive_zscore,xgboost
0.66,0.723064967251442,TCGA_to_GEO,GSE13067,target_cohort_adaptive_zscore,xgboost
0.67,0.7352217107759857,TCGA_to_GEO,GSE13067,target_cohort_adaptive_zscore,xgboost
0.68,0.7474307995653159,TCGA_to_GEO,GSE13067,target_cohort_adaptive_zscore,xgboost
0.6900000000000001,0.7597509005627364,TCGA_to_GEO,GSE13067,target_cohort_adaptive_zscore,xgboost
0.7000000000000001,0.772071001560157,TCGA_to_GEO,GSE13067,target_cohort_adaptive_zscore,xgboost
0.71,0.7843911025575775,TCGA_to_GEO,GSE13067,target_cohort_adaptive_zscore,xgboost
0.72,0.796711203554998,TCGA_to_GEO,GSE13067,target_cohort_adaptive_zscore,xgboost
0.73,0.8090313045524187,TCGA_to_GEO,GSE13067,target_cohort_adaptive_zscore,xgboost
0.74,0.8213514055498392,TCGA_to_GEO,GSE13067,target_cohort_adaptive_zscore,xgboost
0.75,0.8336715065472597,TCGA_to_GEO,GSE13067,target_cohort_adaptive_zscore,xgboost
0.76,0.8459916075446804,TCGA_to_GEO,GSE13067,target_cohort_adaptive_zscore,xgboost
0.77,0.8583117085421009,TCGA_to_GEO,GSE13067,target_cohort_adaptive_zscore,xgboost
0.78,0.8706318095395216,TCGA_to_GEO,GSE13067,target_cohort_adaptive_zscore,xgboost
0.79,0.8829519105369421,TCGA_to_GEO,GSE13067,target_cohort_adaptive_zscore,xgboost
0.8,0.8952720115343626,TCGA_to_GEO,GSE13067,target_cohort_adaptive_zscore,xgboost
0.81,0.9075921125317833,TCGA_to_GEO,GSE13067,target_cohort_adaptive_zscore,xgboost
0.8200000000000001,0.9199122135292038,TCGA_to_GEO,GSE13067,target_cohort_adaptive_zscore,xgboost
0.8300000000000001,0.9322323145266245,TCGA_to_GEO,GSE13067,target_cohort_adaptive_zscore,xgboost
0.84,0.9445524155240449,TCGA_to_GEO,GSE13067,target_cohort_adaptive_zscore,xgboost
0.85,0.9568725165214654,TCGA_to_GEO,GSE13067,target_cohort_adaptive_zscore,xgboost
0.86,0.969121735989109,TCGA_to_GEO,GSE13067,target_cohort_adaptive_zscore,xgboost
0.87,0.9813436318393822,TCGA_to_GEO,GSE13067,target_cohort_adaptive_zscore,xgboost
0.88,0.9935655276896554,TCGA_to_GEO,GSE13067,target_cohort_adaptive_zscore,xgboost
0.89,0.9998339866554096,TCGA_to_GEO,GSE13067,target_cohort_adaptive_zscore,xgboost
0.9,0.9998611790120807,TCGA_to_GEO,GSE13067,target_cohort_adaptive_zscore,xgboost
0.91,0.9998883713687517,TCGA_to_GEO,GSE13067,target_cohort_adaptive_zscore,xgboost
0.92,0.9999155637254229,TCGA_to_GEO,GSE13067,target_cohort_adaptive_zscore,xgboost
0.93,0.9999427560820939,TCGA_to_GEO,GSE13067,target_cohort_adaptive_zscore,xgboost
0.9400000000000001,0.9999699484387651,TCGA_to_GEO,GSE13067,target_cohort_adaptive_zscore,xgboost
0.9500000000000001,0.9999971407954361,TCGA_to_GEO,GSE13067,target_cohort_adaptive_zscore,xgboost
0.96,1.0,TCGA_to_GEO,GSE13067,target_cohort_adaptive_zscore,xgboost
0.97,1.0,TCGA_to_GEO,GSE13067,target_cohort_adaptive_zscore,xgboost
0.98,1.0,TCGA_to_GEO,GSE13067,target_cohort_adaptive_zscore,xgboost
0.99,1.0,TCGA_to_GEO,GSE13067,target_cohort_adaptive_zscore,xgboost
1.0,1.0,TCGA_to_GEO,GSE13067,target_cohort_adaptive_zscore,xgboost
0.0,0.0684376285438215,TCGA_to_GEO,GSE13294,fixed_log_expression,elastic_net
0.01,0.06804549871020073,TCGA_to_GEO,GSE13294,fixed_log_expression,elastic_net
0.02,0.06767337423709403,TCGA_to_GEO,GSE13294,fixed_log_expression,elastic_net
0.03,0.06732573060273286,TCGA_to_GEO,GSE13294,fixed_log_expression,elastic_net
0.04,0.06699656172064847,TCGA_to_GEO,GSE13294,fixed_log_expression,elastic_net
0.05,0.06669163975861947,TCGA_to_GEO,GSE13294,fixed_log_expression,elastic_net
0.06,0.06642190362232551,TCGA_to_GEO,GSE13294,fixed_log_expression,elastic_net
0.07,0.06616987818029814,TCGA_to_GEO,GSE13294,fixed_log_expression,elastic_net
0.08,0.06591785273827076,TCGA_to_GEO,GSE13294,fixed_log_expression,elastic_net
0.09,0.06573228026742958,TCGA_to_GEO,GSE13294,fixed_log_expression,elastic_net
0.1,0.06554971709029807,TCGA_to_GEO,GSE13294,fixed_log_expression,elastic_net
0.11,0.06536715391316657,TCGA_to_GEO,GSE13294,fixed_log_expression,elastic_net
0.12,0.06522333309462952,TCGA_to_GEO,GSE13294,fixed_log_expression,elastic_net
0.13,0.06511334516296095,TCGA_to_GEO,GSE13294,fixed_log_expression,elastic_net
0.14,0.06503594020814595,TCGA_to_GEO,GSE13294,fixed_log_expression,elastic_net
0.15,0.06497915756911063,TCGA_to_GEO,GSE13294,fixed_log_expression,elastic_net
0.16,0.06495477778404682,TCGA_to_GEO,GSE13294,fixed_log_expression,elastic_net
0.17,0.06497130097430869,TCGA_to_GEO,GSE13294,fixed_log_expression,elastic_net
0.18,0.06501248642110118,TCGA_to_GEO,GSE13294,fixed_log_expression,elastic_net
0.19,0.06506931686738622,TCGA_to_GEO,GSE13294,fixed_log_expression,elastic_net
0.2,0.0651775199313428,TCGA_to_GEO,GSE13294,fixed_log_expression,elastic_net
0.21,0.06534206896638522,TCGA_to_GEO,GSE13294,fixed_log_expression,elastic_net
0.22,0.06552889826631635,TCGA_to_GEO,GSE13294,fixed_log_expression,elastic_net
0.23,0.06573928602964081,TCGA_to_GEO,GSE13294,fixed_log_expression,elastic_net
0.24,0.0660166093165984,TCGA_to_GEO,GSE13294,fixed_log_expression,elastic_net
0.25,0.0663450669939355,TCGA_to_GEO,GSE13294,fixed_log_expression,elastic_net
0.26,0.06678195147225102,TCGA_to_GEO,GSE13294,fixed_log_expression,elastic_net
0.27,0.06721883595056655,TCGA_to_GEO,GSE13294,fixed_log_expression,elastic_net
0.28,0.06765572042888207,TCGA_to_GEO,GSE13294,fixed_log_expression,elastic_net
0.29,0.0680926049071976,TCGA_to_GEO,GSE13294,fixed_log_expression,elastic_net
0.3,0.0685961584285509,TCGA_to_GEO,GSE13294,fixed_log_expression,elastic_net
0.31,0.06919461931664178,TCGA_to_GEO,GSE13294,fixed_log_expression,elastic_net
0.32,0.06989143898940911,TCGA_to_GEO,GSE13294,fixed_log_expression,elastic_net
0.33,0.07058825866217643,TCGA_to_GEO,GSE13294,fixed_log_expression,elastic_net
0.34,0.07138447597202657,TCGA_to_GEO,GSE13294,fixed_log_expression,elastic_net
0.35000000000000003,0.0722043615138789,TCGA_to_GEO,GSE13294,fixed_log_expression,elastic_net
0.36,0.07309153188140398,TCGA_to_GEO,GSE13294,fixed_log_expression,elastic_net
0.37,0.07412928328928223,TCGA_to_GEO,GSE13294,fixed_log_expression,elastic_net
0.38,0.07524623314532171,TCGA_to_GEO,GSE13294,fixed_log_expression,elastic_net
0.39,0.07636318300136118,TCGA_to_GEO,GSE13294,fixed_log_expression,elastic_net
0.4,0.07748013285740066,TCGA_to_GEO,GSE13294,fixed_log_expression,elastic_net
0.41000000000000003,0.07859708271344013,TCGA_to_GEO,GSE13294,fixed_log_expression,elastic_net
0.42,0.07971403256947959,TCGA_to_GEO,GSE13294,fixed_log_expression,elastic_net
0.43,0.08083098242551906,TCGA_to_GEO,GSE13294,fixed_log_expression,elastic_net
0.44,0.08201073746152933,TCGA_to_GEO,GSE13294,fixed_log_expression,elastic_net
0.45,0.083197889178748,TCGA_to_GEO,GSE13294,fixed_log_expression,elastic_net
0.46,0.08438504089596667,TCGA_to_GEO,GSE13294,fixed_log_expression,elastic_net
0.47000000000000003,0.08557219261318535,TCGA_to_GEO,GSE13294,fixed_log_expression,elastic_net
0.48,0.08675934433040401,TCGA_to_GEO,GSE13294,fixed_log_expression,elastic_net
0.49,0.0879464960476227,TCGA_to_GEO,GSE13294,fixed_log_expression,elastic_net
0.5,0.08913364776484137,TCGA_to_GEO,GSE13294,fixed_log_expression,elastic_net
0.51,0.09032079948206004,TCGA_to_GEO,GSE13294,fixed_log_expression,elastic_net
0.52,0.0933264259956554,TCGA_to_GEO,GSE13294,fixed_log_expression,elastic_net
0.53,0.09691960186522142,TCGA_to_GEO,GSE13294,fixed_log_expression,elastic_net
0.54,0.10051277773478742,TCGA_to_GEO,GSE13294,fixed_log_expression,elastic_net
0.55,0.10749752646481783,TCGA_to_GEO,GSE13294,fixed_log_expression,elastic_net
0.56,0.1386273366706371,TCGA_to_GEO,GSE13294,fixed_log_expression,elastic_net
0.5700000000000001,0.16975714687645638,TCGA_to_GEO,GSE13294,fixed_log_expression,elastic_net
0.58,0.19622685761129496,TCGA_to_GEO,GSE13294,fixed_log_expression,elastic_net
0.59,0.2214526903652255,TCGA_to_GEO,GSE13294,fixed_log_expression,elastic_net
0.6,0.2408314655390331,TCGA_to_GEO,GSE13294,fixed_log_expression,elastic_net
0.61,0.2575102493187596,TCGA_to_GEO,GSE13294,fixed_log_expression,elastic_net
0.62,0.2734952997110667,TCGA_to_GEO,GSE13294,fixed_log_expression,elastic_net
0.63,0.28948035010337375,TCGA_to_GEO,GSE13294,fixed_log_expression,elastic_net
0.64,0.30519610271370506,TCGA_to_GEO,GSE13294,fixed_log_expression,elastic_net
0.65,0.3202779956086111,TCGA_to_GEO,GSE13294,fixed_log_expression,elastic_net
0.66,0.3353598885035171,TCGA_to_GEO,GSE13294,fixed_log_expression,elastic_net
0.67,0.35044178139842314,TCGA_to_GEO,GSE13294,fixed_log_expression,elastic_net
0.68,0.3655236742933292,TCGA_to_GEO,GSE13294,fixed_log_expression,elastic_net
0.6900000000000001,0.38060556718823524,TCGA_to_GEO,GSE13294,fixed_log_expression,elastic_net
0.7000000000000001,0.39570458099810335,TCGA_to_GEO,GSE13294,fixed_log_expression,elastic_net
0.71,0.41124515965809566,TCGA_to_GEO,GSE13294,fixed_log_expression,elastic_net
0.72,0.42729123220816545,TCGA_to_GEO,GSE13294,fixed_log_expression,elastic_net
0.73,0.443516876134272,TCGA_to_GEO,GSE13294,fixed_log_expression,elastic_net
0.74,0.4597425200603785,TCGA_to_GEO,GSE13294,fixed_log_expression,elastic_net
0.75,0.47596816398648506,TCGA_to_GEO,GSE13294,fixed_log_expression,elastic_net
0.76,0.4921938079125916,TCGA_to_GEO,GSE13294,fixed_log_expression,elastic_net
0.77,0.5084194518386982,TCGA_to_GEO,GSE13294,fixed_log_expression,elastic_net
0.78,0.5246450957648047,TCGA_to_GEO,GSE13294,fixed_log_expression,elastic_net
0.79,0.5413245281932294,TCGA_to_GEO,GSE13294,fixed_log_expression,elastic_net
0.8,0.5584002925273537,TCGA_to_GEO,GSE13294,fixed_log_expression,elastic_net
0.81,0.575476056861478,TCGA_to_GEO,GSE13294,fixed_log_expression,elastic_net
0.8200000000000001,0.5925518211956021,TCGA_to_GEO,GSE13294,fixed_log_expression,elastic_net
0.8300000000000001,0.609750579527608,TCGA_to_GEO,GSE13294,fixed_log_expression,elastic_net
0.84,0.62740741399051,TCGA_to_GEO,GSE13294,fixed_log_expression,elastic_net
0.85,0.6454534068150015,TCGA_to_GEO,GSE13294,fixed_log_expression,elastic_net
0.86,0.6634993996394929,TCGA_to_GEO,GSE13294,fixed_log_expression,elastic_net
0.87,0.6815453924639844,TCGA_to_GEO,GSE13294,fixed_log_expression,elastic_net
0.88,0.6995913852884759,TCGA_to_GEO,GSE13294,fixed_log_expression,elastic_net
0.89,0.7176373781129674,TCGA_to_GEO,GSE13294,fixed_log_expression,elastic_net
0.9,0.7356833709374588,TCGA_to_GEO,GSE13294,fixed_log_expression,elastic_net
0.91,0.7537293637619502,TCGA_to_GEO,GSE13294,fixed_log_expression,elastic_net
0.92,0.7717832345289314,TCGA_to_GEO,GSE13294,fixed_log_expression,elastic_net
0.93,0.7904222580741277,TCGA_to_GEO,GSE13294,fixed_log_expression,elastic_net
0.9400000000000001,0.8092163735453689,TCGA_to_GEO,GSE13294,fixed_log_expression,elastic_net
0.9500000000000001,0.8280926937985315,TCGA_to_GEO,GSE13294,fixed_log_expression,elastic_net
0.96,0.8471393038371766,TCGA_to_GEO,GSE13294,fixed_log_expression,elastic_net
0.97,0.866185913875822,TCGA_to_GEO,GSE13294,fixed_log_expression,elastic_net
0.98,0.8854060811802722,TCGA_to_GEO,GSE13294,fixed_log_expression,elastic_net
0.99,0.9047415528476599,TCGA_to_GEO,GSE13294,fixed_log_expression,elastic_net
1.0,0.9242003068967166,TCGA_to_GEO,GSE13294,fixed_log_expression,elastic_net
0.0,0.0,TCGA_to_GEO,GSE13294,fixed_log_expression,svm_rbf
0.01,0.0,TCGA_to_GEO,GSE13294,fixed_log_expression,svm_rbf
0.02,0.0,TCGA_to_GEO,GSE13294,fixed_log_expression,svm_rbf
0.03,0.0,TCGA_to_GEO,GSE13294,fixed_log_expression,svm_rbf
0.04,0.0,TCGA_to_GEO,GSE13294,fixed_log_expression,svm_rbf
0.05,0.0,TCGA_to_GEO,GSE13294,fixed_log_expression,svm_rbf
0.06,0.0,TCGA_to_GEO,GSE13294,fixed_log_expression,svm_rbf
0.07,0.0,TCGA_to_GEO,GSE13294,fixed_log_expression,svm_rbf
0.08,0.0016246072612776758,TCGA_to_GEO,GSE13294,fixed_log_expression,svm_rbf
0.09,0.005308076686501507,TCGA_to_GEO,GSE13294,fixed_log_expression,svm_rbf
0.1,0.012939378276692429,TCGA_to_GEO,GSE13294,fixed_log_expression,svm_rbf
0.11,0.02071226570292775,TCGA_to_GEO,GSE13294,fixed_log_expression,svm_rbf
0.12,0.028660605310605835,TCGA_to_GEO,GSE13294,fixed_log_expression,svm_rbf
0.13,0.03672023162869787,TCGA_to_GEO,GSE13294,fixed_log_expression,svm_rbf
0.14,0.04495091330487133,TCGA_to_GEO,GSE13294,fixed_log_expression,svm_rbf
0.15,0.05335263628223602,TCGA_to_GEO,GSE13294,fixed_log_expression,svm_rbf
0.16,0.06192456814766656,TCGA_to_GEO,GSE13294,fixed_log_expression,svm_rbf
0.17,0.07068056807949674,TCGA_to_GEO,GSE13294,fixed_log_expression,svm_rbf
0.18,0.07960430563278867,TCGA_to_GEO,GSE13294,fixed_log_expression,svm_rbf
0.19,0.08872128799900754,TCGA_to_GEO,GSE13294,fixed_log_expression,svm_rbf
0.2,0.09803211991192615,TCGA_to_GEO,GSE13294,fixed_log_expression,svm_rbf
0.21,0.10756079160689885,TCGA_to_GEO,GSE13294,fixed_log_expression,svm_rbf
0.22,0.11725395506272586,TCGA_to_GEO,GSE13294,fixed_log_expression,svm_rbf
0.23,0.12717472861095883,TCGA_to_GEO,GSE13294,fixed_log_expression,svm_rbf
0.24,0.1372994854864026,TCGA_to_GEO,GSE13294,fixed_log_expression,svm_rbf
0.25,0.14765720660497708,TCGA_to_GEO,GSE13294,fixed_log_expression,svm_rbf
0.26,0.15825434390440232,TCGA_to_GEO,GSE13294,fixed_log_expression,svm_rbf
0.27,0.16904575658997237,TCGA_to_GEO,GSE13294,fixed_log_expression,svm_rbf
0.28,0.180104293391012,TCGA_to_GEO,GSE13294,fixed_log_expression,svm_rbf
0.29,0.19141806954426988,TCGA_to_GEO,GSE13294,fixed_log_expression,svm_rbf
0.3,0.20304516855245536,TCGA_to_GEO,GSE13294,fixed_log_expression,svm_rbf
0.31,0.21484137260090314,TCGA_to_GEO,GSE13294,fixed_log_expression,svm_rbf
0.32,0.22697797791382748,TCGA_to_GEO,GSE13294,fixed_log_expression,svm_rbf
0.33,0.23939861929564632,TCGA_to_GEO,GSE13294,fixed_log_expression,svm_rbf
0.34,0.25214886101394035,TCGA_to_GEO,GSE13294,fixed_log_expression,svm_rbf
0.35000000000000003,0.26513356110214836,TCGA_to_GEO,GSE13294,fixed_log_expression,svm_rbf
0.36,0.278563085547049,TCGA_to_GEO,GSE13294,fixed_log_expression,svm_rbf
0.37,0.2920611085422898,TCGA_to_GEO,GSE13294,fixed_log_expression,svm_rbf
0.38,0.3057523696695201,TCGA_to_GEO,GSE13294,fixed_log_expression,svm_rbf
0.39,0.31965646796721336,TCGA_to_GEO,GSE13294,fixed_log_expression,svm_rbf
0.4,0.33402151816210984,TCGA_to_GEO,GSE13294,fixed_log_expression,svm_rbf
0.41000000000000003,0.3510433325619983,TCGA_to_GEO,GSE13294,fixed_log_expression,svm_rbf
0.42,0.36912596179037344,TCGA_to_GEO,GSE13294,fixed_log_expression,svm_rbf
0.43,0.38735834633506633,TCGA_to_GEO,GSE13294,fixed_log_expression,svm_rbf
0.44,0.40495616342665286,TCGA_to_GEO,GSE13294,fixed_log_expression,svm_rbf
0.45,0.42225438715561303,TCGA_to_GEO,GSE13294,fixed_log_expression,svm_rbf
0.46,0.43732792481407623,TCGA_to_GEO,GSE13294,fixed_log_expression,svm_rbf
0.47000000000000003,0.4551665672369444,TCGA_to_GEO,GSE13294,fixed_log_expression,svm_rbf
0.48,0.4730052096598124,TCGA_to_GEO,GSE13294,fixed_log_expression,svm_rbf
0.49,0.49002592418144175,TCGA_to_GEO,GSE13294,fixed_log_expression,svm_rbf
0.5,0.507036875473623,TCGA_to_GEO,GSE13294,fixed_log_expression,svm_rbf
0.51,0.5244406031318976,TCGA_to_GEO,GSE13294,fixed_log_expression,svm_rbf
0.52,0.5431664562022643,TCGA_to_GEO,GSE13294,fixed_log_expression,svm_rbf
0.53,0.5620136241240873,TCGA_to_GEO,GSE13294,fixed_log_expression,svm_rbf
0.54,0.5814026717971342,TCGA_to_GEO,GSE13294,fixed_log_expression,svm_rbf
0.55,0.6007804358159216,TCGA_to_GEO,GSE13294,fixed_log_expression,svm_rbf
0.56,0.6197639652706377,TCGA_to_GEO,GSE13294,fixed_log_expression,svm_rbf
0.5700000000000001,0.6386595062675215,TCGA_to_GEO,GSE13294,fixed_log_expression,svm_rbf
0.58,0.6572752421436767,TCGA_to_GEO,GSE13294,fixed_log_expression,svm_rbf
0.59,0.6755736061458,TCGA_to_GEO,GSE13294,fixed_log_expression,svm_rbf
0.6,0.6936359932701772,TCGA_to_GEO,GSE13294,fixed_log_expression,svm_rbf
0.61,0.7116983803945545,TCGA_to_GEO,GSE13294,fixed_log_expression,svm_rbf
0.62,0.7293320406929966,TCGA_to_GEO,GSE13294,fixed_log_expression,svm_rbf
0.63,0.7468477857613252,TCGA_to_GEO,GSE13294,fixed_log_expression,svm_rbf
0.64,0.764003674968057,TCGA_to_GEO,GSE13294,fixed_log_expression,svm_rbf
0.65,0.7809628881882027,TCGA_to_GEO,GSE13294,fixed_log_expression,svm_rbf
0.66,0.7979097997961101,TCGA_to_GEO,GSE13294,fixed_log_expression,svm_rbf
0.67,0.8145103307454133,TCGA_to_GEO,GSE13294,fixed_log_expression,svm_rbf
0.68,0.8309751407791564,TCGA_to_GEO,GSE13294,fixed_log_expression,svm_rbf
0.6900000000000001,0.8473071988804814,TCGA_to_GEO,GSE13294,fixed_log_expression,svm_rbf
0.7000000000000001,0.8634789246129247,TCGA_to_GEO,GSE13294,fixed_log_expression,svm_rbf
0.71,0.8794961407473904,TCGA_to_GEO,GSE13294,fixed_log_expression,svm_rbf
0.72,0.8953580370581418,TCGA_to_GEO,GSE13294,fixed_log_expression,svm_rbf
0.73,0.9110834184342766,TCGA_to_GEO,GSE13294,fixed_log_expression,svm_rbf
0.74,0.9266329735602107,TCGA_to_GEO,GSE13294,fixed_log_expression,svm_rbf
0.75,0.9420935860111179,TCGA_to_GEO,GSE13294,fixed_log_expression,svm_rbf
0.76,0.9573826038090852,TCGA_to_GEO,GSE13294,fixed_log_expression,svm_rbf
0.77,0.9725109514800008,TCGA_to_GEO,GSE13294,fixed_log_expression,svm_rbf
0.78,0.9875130170259606,TCGA_to_GEO,GSE13294,fixed_log_expression,svm_rbf
0.79,1.0,TCGA_to_GEO,GSE13294,fixed_log_expression,svm_rbf
0.8,1.0,TCGA_to_GEO,GSE13294,fixed_log_expression,svm_rbf
0.81,1.0,TCGA_to_GEO,GSE13294,fixed_log_expression,svm_rbf
0.8200000000000001,1.0,TCGA_to_GEO,GSE13294,fixed_log_expression,svm_rbf
0.8300000000000001,1.0,TCGA_to_GEO,GSE13294,fixed_log_expression,svm_rbf
0.84,1.0,TCGA_to_GEO,GSE13294,fixed_log_expression,svm_rbf
0.85,1.0,TCGA_to_GEO,GSE13294,fixed_log_expression,svm_rbf
0.86,1.0,TCGA_to_GEO,GSE13294,fixed_log_expression,svm_rbf
0.87,1.0,TCGA_to_GEO,GSE13294,fixed_log_expression,svm_rbf
0.88,1.0,TCGA_to_GEO,GSE13294,fixed_log_expression,svm_rbf
0.89,1.0,TCGA_to_GEO,GSE13294,fixed_log_expression,svm_rbf
0.9,1.0,TCGA_to_GEO,GSE13294,fixed_log_expression,svm_rbf
0.91,1.0,TCGA_to_GEO,GSE13294,fixed_log_expression,svm_rbf
0.92,1.0,TCGA_to_GEO,GSE13294,fixed_log_expression,svm_rbf
0.93,1.0,TCGA_to_GEO,GSE13294,fixed_log_expression,svm_rbf
0.9400000000000001,1.0,TCGA_to_GEO,GSE13294,fixed_log_expression,svm_rbf
0.9500000000000001,1.0,TCGA_to_GEO,GSE13294,fixed_log_expression,svm_rbf
0.96,1.0,TCGA_to_GEO,GSE13294,fixed_log_expression,svm_rbf
0.97,1.0,TCGA_to_GEO,GSE13294,fixed_log_expression,svm_rbf
0.98,1.0,TCGA_to_GEO,GSE13294,fixed_log_expression,svm_rbf
0.99,1.0,TCGA_to_GEO,GSE13294,fixed_log_expression,svm_rbf
1.0,1.0,TCGA_to_GEO,GSE13294,fixed_log_expression,svm_rbf
0.0,0.0,TCGA_to_GEO,GSE13294,fixed_log_expression,xgboost
0.01,0.0,TCGA_to_GEO,GSE13294,fixed_log_expression,xgboost
0.02,0.0,TCGA_to_GEO,GSE13294,fixed_log_expression,xgboost
0.03,0.0,TCGA_to_GEO,GSE13294,fixed_log_expression,xgboost
0.04,0.0,TCGA_to_GEO,GSE13294,fixed_log_expression,xgboost
0.05,0.0,TCGA_to_GEO,GSE13294,fixed_log_expression,xgboost
0.06,0.0,TCGA_to_GEO,GSE13294,fixed_log_expression,xgboost
0.07,0.011593903187385225,TCGA_to_GEO,GSE13294,fixed_log_expression,xgboost
0.08,0.030621499568426837,TCGA_to_GEO,GSE13294,fixed_log_expression,xgboost
0.09,0.050053896018935305,TCGA_to_GEO,GSE13294,fixed_log_expression,xgboost
0.1,0.06990843143533565,TCGA_to_GEO,GSE13294,fixed_log_expression,xgboost
0.11,0.09012931815166901,TCGA_to_GEO,GSE13294,fixed_log_expression,xgboost
0.12,0.11072227970883945,TCGA_to_GEO,GSE13294,fixed_log_expression,xgboost
0.13,0.13165603881305393,TCGA_to_GEO,GSE13294,fixed_log_expression,xgboost
0.14,0.15291987189014633,TCGA_to_GEO,GSE13294,fixed_log_expression,xgboost
0.15,0.17452576762359037,TCGA_to_GEO,GSE13294,fixed_log_expression,xgboost
0.16,0.19648200495988608,TCGA_to_GEO,GSE13294,fixed_log_expression,xgboost
0.17,0.21884080911446696,TCGA_to_GEO,GSE13294,fixed_log_expression,xgboost
0.18,0.2416818005481797,TCGA_to_GEO,GSE13294,fixed_log_expression,xgboost
0.19,0.2649954473645648,TCGA_to_GEO,GSE13294,fixed_log_expression,xgboost
0.2,0.28905461891251744,TCGA_to_GEO,GSE13294,fixed_log_expression,xgboost
0.21,0.31474023529379375,TCGA_to_GEO,GSE13294,fixed_log_expression,xgboost
0.22,0.34042585167507017,TCGA_to_GEO,GSE13294,fixed_log_expression,xgboost
0.23,0.3673594879272204,TCGA_to_GEO,GSE13294,fixed_log_expression,xgboost
0.24,0.39685819907324216,TCGA_to_GEO,GSE13294,fixed_log_expression,xgboost
0.25,0.42798102656187653,TCGA_to_GEO,GSE13294,fixed_log_expression,xgboost
0.26,0.4588276751689304,TCGA_to_GEO,GSE13294,fixed_log_expression,xgboost
0.27,0.4893880314533009,TCGA_to_GEO,GSE13294,fixed_log_expression,xgboost
0.28,0.5198424581088963,TCGA_to_GEO,GSE13294,fixed_log_expression,xgboost
0.29,0.5490828568175146,TCGA_to_GEO,GSE13294,fixed_log_expression,xgboost
0.3,0.5772760691793366,TCGA_to_GEO,GSE13294,fixed_log_expression,xgboost
0.31,0.6047112044200855,TCGA_to_GEO,GSE13294,fixed_log_expression,xgboost
0.32,0.6321648802446368,TCGA_to_GEO,GSE13294,fixed_log_expression,xgboost
0.33,0.6606794836894975,TCGA_to_GEO,GSE13294,fixed_log_expression,xgboost
0.34,0.6871326233098074,TCGA_to_GEO,GSE13294,fixed_log_expression,xgboost
0.35000000000000003,0.7113938257065107,TCGA_to_GEO,GSE13294,fixed_log_expression,xgboost
0.36,0.7350726250490284,TCGA_to_GEO,GSE13294,fixed_log_expression,xgboost
0.37,0.7566388611792997,TCGA_to_GEO,GSE13294,fixed_log_expression,xgboost
0.38,0.7766058946327601,TCGA_to_GEO,GSE13294,fixed_log_expression,xgboost
0.39,0.7945162424328015,TCGA_to_GEO,GSE13294,fixed_log_expression,xgboost
0.4,0.8110112275302997,TCGA_to_GEO,GSE13294,fixed_log_expression,xgboost
0.41000000000000003,0.8269418272597026,TCGA_to_GEO,GSE13294,fixed_log_expression,xgboost
0.42,0.8418957332883868,TCGA_to_GEO,GSE13294,fixed_log_expression,xgboost
0.43,0.8566064184550256,TCGA_to_GEO,GSE13294,fixed_log_expression,xgboost
0.44,0.8718822625409586,TCGA_to_GEO,GSE13294,fixed_log_expression,xgboost
0.45,0.8857538593253463,TCGA_to_GEO,GSE13294,fixed_log_expression,xgboost
0.46,0.8982624548838023,TCGA_to_GEO,GSE13294,fixed_log_expression,xgboost
0.47000000000000003,0.9092339373278091,TCGA_to_GEO,GSE13294,fixed_log_expression,xgboost
0.48,0.9177404878575324,TCGA_to_GEO,GSE13294,fixed_log_expression,xgboost
0.49,0.9252721275485863,TCGA_to_GEO,GSE13294,fixed_log_expression,xgboost
0.5,0.9317144925371169,TCGA_to_GEO,GSE13294,fixed_log_expression,xgboost
0.51,0.937701590085504,TCGA_to_GEO,GSE13294,fixed_log_expression,xgboost
0.52,0.9435394524159288,TCGA_to_GEO,GSE13294,fixed_log_expression,xgboost
0.53,0.9493888309737946,TCGA_to_GEO,GSE13294,fixed_log_expression,xgboost
0.54,0.9552923416482582,TCGA_to_GEO,GSE13294,fixed_log_expression,xgboost
0.55,0.9612688331835726,TCGA_to_GEO,GSE13294,fixed_log_expression,xgboost
0.56,0.9673144284674694,TCGA_to_GEO,GSE13294,fixed_log_expression,xgboost
0.5700000000000001,0.9733692544149933,TCGA_to_GEO,GSE13294,fixed_log_expression,xgboost
0.58,0.9794340637868431,TCGA_to_GEO,GSE13294,fixed_log_expression,xgboost
0.59,0.9854841839176645,TCGA_to_GEO,GSE13294,fixed_log_expression,xgboost
0.6,0.9914804967799606,TCGA_to_GEO,GSE13294,fixed_log_expression,xgboost
0.61,0.9973959145831802,TCGA_to_GEO,GSE13294,fixed_log_expression,xgboost
0.62,0.9996070018900496,TCGA_to_GEO,GSE13294,fixed_log_expression,xgboost
0.63,0.9996651823724663,TCGA_to_GEO,GSE13294,fixed_log_expression,xgboost
0.64,0.999723362854883,TCGA_to_GEO,GSE13294,fixed_log_expression,xgboost
0.65,0.9997815433372996,TCGA_to_GEO,GSE13294,fixed_log_expression,xgboost
0.66,0.9998397238197163,TCGA_to_GEO,GSE13294,fixed_log_expression,xgboost
0.67,0.999897904302133,TCGA_to_GEO,GSE13294,fixed_log_expression,xgboost
0.68,0.9999560847845497,TCGA_to_GEO,GSE13294,fixed_log_expression,xgboost
0.6900000000000001,1.0,TCGA_to_GEO,GSE13294,fixed_log_expression,xgboost
0.7000000000000001,1.0,TCGA_to_GEO,GSE13294,fixed_log_expression,xgboost
0.71,1.0,TCGA_to_GEO,GSE13294,fixed_log_expression,xgboost
0.72,1.0,TCGA_to_GEO,GSE13294,fixed_log_expression,xgboost
0.73,1.0,TCGA_to_GEO,GSE13294,fixed_log_expression,xgboost
0.74,1.0,TCGA_to_GEO,GSE13294,fixed_log_expression,xgboost
0.75,1.0,TCGA_to_GEO,GSE13294,fixed_log_expression,xgboost
0.76,1.0,TCGA_to_GEO,GSE13294,fixed_log_expression,xgboost
0.77,1.0,TCGA_to_GEO,GSE13294,fixed_log_expression,xgboost
0.78,1.0,TCGA_to_GEO,GSE13294,fixed_log_expression,xgboost
0.79,1.0,TCGA_to_GEO,GSE13294,fixed_log_expression,xgboost
0.8,1.0,TCGA_to_GEO,GSE13294,fixed_log_expression,xgboost
0.81,1.0,TCGA_to_GEO,GSE13294,fixed_log_expression,xgboost
0.8200000000000001,1.0,TCGA_to_GEO,GSE13294,fixed_log_expression,xgboost
0.8300000000000001,1.0,TCGA_to_GEO,GSE13294,fixed_log_expression,xgboost
0.84,1.0,TCGA_to_GEO,GSE13294,fixed_log_expression,xgboost
0.85,1.0,TCGA_to_GEO,GSE13294,fixed_log_expression,xgboost
0.86,1.0,TCGA_to_GEO,GSE13294,fixed_log_expression,xgboost
0.87,1.0,TCGA_to_GEO,GSE13294,fixed_log_expression,xgboost
0.88,1.0,TCGA_to_GEO,GSE13294,fixed_log_expression,xgboost
0.89,1.0,TCGA_to_GEO,GSE13294,fixed_log_expression,xgboost
0.9,1.0,TCGA_to_GEO,GSE13294,fixed_log_expression,xgboost
0.91,1.0,TCGA_to_GEO,GSE13294,fixed_log_expression,xgboost
0.92,1.0,TCGA_to_GEO,GSE13294,fixed_log_expression,xgboost
0.93,1.0,TCGA_to_GEO,GSE13294,fixed_log_expression,xgboost
0.9400000000000001,1.0,TCGA_to_GEO,GSE13294,fixed_log_expression,xgboost
0.9500000000000001,1.0,TCGA_to_GEO,GSE13294,fixed_log_expression,xgboost
0.96,1.0,TCGA_to_GEO,GSE13294,fixed_log_expression,xgboost
0.97,1.0,TCGA_to_GEO,GSE13294,fixed_log_expression,xgboost
0.98,1.0,TCGA_to_GEO,GSE13294,fixed_log_expression,xgboost
0.99,1.0,TCGA_to_GEO,GSE13294,fixed_log_expression,xgboost
1.0,1.0,TCGA_to_GEO,GSE13294,fixed_log_expression,xgboost
0.0,0.05390251234158186,TCGA_to_GEO,GSE13294,single_sample_rank,compact_rank_20
0.01,0.05883300602484979,TCGA_to_GEO,GSE13294,single_sample_rank,compact_rank_20
0.02,0.06378504758750547,TCGA_to_GEO,GSE13294,single_sample_rank,compact_rank_20
0.03,0.06872756683139719,TCGA_to_GEO,GSE13294,single_sample_rank,compact_rank_20
0.04,0.0736574989200727,TCGA_to_GEO,GSE13294,single_sample_rank,compact_rank_20
0.05,0.07858227941373133,TCGA_to_GEO,GSE13294,single_sample_rank,compact_rank_20
0.06,0.08349472396840484,TCGA_to_GEO,GSE13294,single_sample_rank,compact_rank_20
0.07,0.08839721838879853,TCGA_to_GEO,GSE13294,single_sample_rank,compact_rank_20
0.08,0.09328950069821083,TCGA_to_GEO,GSE13294,single_sample_rank,compact_rank_20
0.09,0.09817182745805465,TCGA_to_GEO,GSE13294,single_sample_rank,compact_rank_20
0.1,0.10303981633995404,TCGA_to_GEO,GSE13294,single_sample_rank,compact_rank_20
0.11,0.10790608895454032,TCGA_to_GEO,GSE13294,single_sample_rank,compact_rank_20
0.12,0.11276211436459299,TCGA_to_GEO,GSE13294,single_sample_rank,compact_rank_20
0.13,0.11759364703085598,TCGA_to_GEO,GSE13294,single_sample_rank,compact_rank_20
0.14,0.12242225972418272,TCGA_to_GEO,GSE13294,single_sample_rank,compact_rank_20
0.15,0.12725087241750943,TCGA_to_GEO,GSE13294,single_sample_rank,compact_rank_20
0.16,0.13207948511083617,TCGA_to_GEO,GSE13294,single_sample_rank,compact_rank_20
0.17,0.1369080978041629,TCGA_to_GEO,GSE13294,single_sample_rank,compact_rank_20
0.18,0.14173204706155274,TCGA_to_GEO,GSE13294,single_sample_rank,compact_rank_20
0.19,0.14654479883679505,TCGA_to_GEO,GSE13294,single_sample_rank,compact_rank_20
0.2,0.15135755061203737,TCGA_to_GEO,GSE13294,single_sample_rank,compact_rank_20
0.21,0.15617303294041399,TCGA_to_GEO,GSE13294,single_sample_rank,compact_rank_20
0.22,0.16099800905588316,TCGA_to_GEO,GSE13294,single_sample_rank,compact_rank_20
0.23,0.1658229851713523,TCGA_to_GEO,GSE13294,single_sample_rank,compact_rank_20
0.24,0.17064796128682141,TCGA_to_GEO,GSE13294,single_sample_rank,compact_rank_20
0.25,0.17548264181590364,TCGA_to_GEO,GSE13294,single_sample_rank,compact_rank_20
0.26,0.18033998416521704,TCGA_to_GEO,GSE13294,single_sample_rank,compact_rank_20
0.27,0.18519732651453044,TCGA_to_GEO,GSE13294,single_sample_rank,compact_rank_20
0.28,0.19005466886384384,TCGA_to_GEO,GSE13294,single_sample_rank,compact_rank_20
0.29,0.19497977374442982,TCGA_to_GEO,GSE13294,single_sample_rank,compact_rank_20
0.3,0.19994130526827827,TCGA_to_GEO,GSE13294,single_sample_rank,compact_rank_20
0.31,0.20490283679212673,TCGA_to_GEO,GSE13294,single_sample_rank,compact_rank_20
0.32,0.20986436831597516,TCGA_to_GEO,GSE13294,single_sample_rank,compact_rank_20
0.33,0.21482589983982361,TCGA_to_GEO,GSE13294,single_sample_rank,compact_rank_20
0.34,0.21978743136367207,TCGA_to_GEO,GSE13294,single_sample_rank,compact_rank_20
0.35000000000000003,0.2247489628875205,TCGA_to_GEO,GSE13294,single_sample_rank,compact_rank_20
0.36,0.22972093530744764,TCGA_to_GEO,GSE13294,single_sample_rank,compact_rank_20
0.37,0.23491974307463148,TCGA_to_GEO,GSE13294,single_sample_rank,compact_rank_20
0.38,0.24013183120788223,TCGA_to_GEO,GSE13294,single_sample_rank,compact_rank_20
0.39,0.24534391934113298,TCGA_to_GEO,GSE13294,single_sample_rank,compact_rank_20
0.4,0.2505560074743837,TCGA_to_GEO,GSE13294,single_sample_rank,compact_rank_20
0.41000000000000003,0.25576809560763447,TCGA_to_GEO,GSE13294,single_sample_rank,compact_rank_20
0.42,0.26098018374088516,TCGA_to_GEO,GSE13294,single_sample_rank,compact_rank_20
0.43,0.26960959514641014,TCGA_to_GEO,GSE13294,single_sample_rank,compact_rank_20
0.44,0.27925777482310493,TCGA_to_GEO,GSE13294,single_sample_rank,compact_rank_20
0.45,0.28890595449979967,TCGA_to_GEO,GSE13294,single_sample_rank,compact_rank_20
0.46,0.2985541341764944,TCGA_to_GEO,GSE13294,single_sample_rank,compact_rank_20
0.47000000000000003,0.3082023138531892,TCGA_to_GEO,GSE13294,single_sample_rank,compact_rank_20
0.48,0.31785049352988387,TCGA_to_GEO,GSE13294,single_sample_rank,compact_rank_20
0.49,0.3274986732065786,TCGA_to_GEO,GSE13294,single_sample_rank,compact_rank_20
0.5,0.33714685288327334,TCGA_to_GEO,GSE13294,single_sample_rank,compact_rank_20
0.51,0.34679503255996813,TCGA_to_GEO,GSE13294,single_sample_rank,compact_rank_20
0.52,0.35644321223666287,TCGA_to_GEO,GSE13294,single_sample_rank,compact_rank_20
0.53,0.3660913919133576,TCGA_to_GEO,GSE13294,single_sample_rank,compact_rank_20
0.54,0.3793194306022744,TCGA_to_GEO,GSE13294,single_sample_rank,compact_rank_20
0.55,0.3970895026615024,TCGA_to_GEO,GSE13294,single_sample_rank,compact_rank_20
0.56,0.4085983200626771,TCGA_to_GEO,GSE13294,single_sample_rank,compact_rank_20
0.5700000000000001,0.4201071374638518,TCGA_to_GEO,GSE13294,single_sample_rank,compact_rank_20
0.58,0.43161595486502646,TCGA_to_GEO,GSE13294,single_sample_rank,compact_rank_20
0.59,0.4431247722662012,TCGA_to_GEO,GSE13294,single_sample_rank,compact_rank_20
0.6,0.4546335896673759,TCGA_to_GEO,GSE13294,single_sample_rank,compact_rank_20
0.61,0.4661424070685506,TCGA_to_GEO,GSE13294,single_sample_rank,compact_rank_20
0.62,0.47765122446972536,TCGA_to_GEO,GSE13294,single_sample_rank,compact_rank_20
0.63,0.48916004187090006,TCGA_to_GEO,GSE13294,single_sample_rank,compact_rank_20
0.64,0.5006688592720748,TCGA_to_GEO,GSE13294,single_sample_rank,compact_rank_20
0.65,0.5121058850215963,TCGA_to_GEO,GSE13294,single_sample_rank,compact_rank_20
0.66,0.5231368140783714,TCGA_to_GEO,GSE13294,single_sample_rank,compact_rank_20
0.67,0.5341677431351467,TCGA_to_GEO,GSE13294,single_sample_rank,compact_rank_20
0.68,0.5451986721919219,TCGA_to_GEO,GSE13294,single_sample_rank,compact_rank_20
0.6900000000000001,0.5562296012486971,TCGA_to_GEO,GSE13294,single_sample_rank,compact_rank_20
0.7000000000000001,0.5672605303054723,TCGA_to_GEO,GSE13294,single_sample_rank,compact_rank_20
0.71,0.5788126816641517,TCGA_to_GEO,GSE13294,single_sample_rank,compact_rank_20
0.72,0.590697802939579,TCGA_to_GEO,GSE13294,single_sample_rank,compact_rank_20
0.73,0.6025829242150063,TCGA_to_GEO,GSE13294,single_sample_rank,compact_rank_20
0.74,0.6144680454904337,TCGA_to_GEO,GSE13294,single_sample_rank,compact_rank_20
0.75,0.626353166765861,TCGA_to_GEO,GSE13294,single_sample_rank,compact_rank_20
0.76,0.6382382880412882,TCGA_to_GEO,GSE13294,single_sample_rank,compact_rank_20
0.77,0.6501234093167155,TCGA_to_GEO,GSE13294,single_sample_rank,compact_rank_20
0.78,0.6620085305921428,TCGA_to_GEO,GSE13294,single_sample_rank,compact_rank_20
0.79,0.6738936518675701,TCGA_to_GEO,GSE13294,single_sample_rank,compact_rank_20
0.8,0.6861923220447564,TCGA_to_GEO,GSE13294,single_sample_rank,compact_rank_20
0.81,0.6987627808828873,TCGA_to_GEO,GSE13294,single_sample_rank,compact_rank_20
0.8200000000000001,0.7113332397210183,TCGA_to_GEO,GSE13294,single_sample_rank,compact_rank_20
0.8300000000000001,0.7239442445624497,TCGA_to_GEO,GSE13294,single_sample_rank,compact_rank_20
0.84,0.7367762908590589,TCGA_to_GEO,GSE13294,single_sample_rank,compact_rank_20
0.85,0.7496641930152607,TCGA_to_GEO,GSE13294,single_sample_rank,compact_rank_20
0.86,0.7626795429413191,TCGA_to_GEO,GSE13294,single_sample_rank,compact_rank_20
0.87,0.7757241484571379,TCGA_to_GEO,GSE13294,single_sample_rank,compact_rank_20
0.88,0.7889026752146278,TCGA_to_GEO,GSE13294,single_sample_rank,compact_rank_20
0.89,0.8022571285079654,TCGA_to_GEO,GSE13294,single_sample_rank,compact_rank_20
0.9,0.8158447329499231,TCGA_to_GEO,GSE13294,single_sample_rank,compact_rank_20
0.91,0.8294323373918807,TCGA_to_GEO,GSE13294,single_sample_rank,compact_rank_20
0.92,0.8430199418338384,TCGA_to_GEO,GSE13294,single_sample_rank,compact_rank_20
0.93,0.856607546275796,TCGA_to_GEO,GSE13294,single_sample_rank,compact_rank_20
0.9400000000000001,0.8701951507177538,TCGA_to_GEO,GSE13294,single_sample_rank,compact_rank_20
0.9500000000000001,0.8837827551597114,TCGA_to_GEO,GSE13294,single_sample_rank,compact_rank_20
0.96,0.8973935794412029,TCGA_to_GEO,GSE13294,single_sample_rank,compact_rank_20
0.97,0.9113298189423138,TCGA_to_GEO,GSE13294,single_sample_rank,compact_rank_20
0.98,0.9253445310479523,TCGA_to_GEO,GSE13294,single_sample_rank,compact_rank_20
0.99,0.9394467285420671,TCGA_to_GEO,GSE13294,single_sample_rank,compact_rank_20
1.0,0.9536141314612597,TCGA_to_GEO,GSE13294,single_sample_rank,compact_rank_20
0.0,0.043939561247088754,TCGA_to_GEO,GSE13294,single_sample_rank,elastic_net
0.01,0.05334734151158652,TCGA_to_GEO,GSE13294,single_sample_rank,elastic_net
0.02,0.06344586743353493,TCGA_to_GEO,GSE13294,single_sample_rank,elastic_net
0.03,0.07356143667753819,TCGA_to_GEO,GSE13294,single_sample_rank,elastic_net
0.04,0.08369219339554171,TCGA_to_GEO,GSE13294,single_sample_rank,elastic_net
0.05,0.09383839201553565,TCGA_to_GEO,GSE13294,single_sample_rank,elastic_net
0.06,0.10400078706793679,TCGA_to_GEO,GSE13294,single_sample_rank,elastic_net
0.07,0.11417631377452632,TCGA_to_GEO,GSE13294,single_sample_rank,elastic_net
0.08,0.12436655147379283,TCGA_to_GEO,GSE13294,single_sample_rank,elastic_net
0.09,0.13457075170228872,TCGA_to_GEO,GSE13294,single_sample_rank,elastic_net
0.1,0.14479573658731715,TCGA_to_GEO,GSE13294,single_sample_rank,elastic_net
0.11,0.15502225225746774,TCGA_to_GEO,GSE13294,single_sample_rank,elastic_net
0.12,0.1652696666591956,TCGA_to_GEO,GSE13294,single_sample_rank,elastic_net
0.13,0.17553083611244732,TCGA_to_GEO,GSE13294,single_sample_rank,elastic_net
0.14,0.18580825349531993,TCGA_to_GEO,GSE13294,single_sample_rank,elastic_net
0.15,0.19610132236602948,TCGA_to_GEO,GSE13294,single_sample_rank,elastic_net
0.16,0.2063978917921972,TCGA_to_GEO,GSE13294,single_sample_rank,elastic_net
0.17,0.2167269753523366,TCGA_to_GEO,GSE13294,single_sample_rank,elastic_net
0.18,0.227056058912476,TCGA_to_GEO,GSE13294,single_sample_rank,elastic_net
0.19,0.2373851424726154,TCGA_to_GEO,GSE13294,single_sample_rank,elastic_net
0.2,0.24773258984288393,TCGA_to_GEO,GSE13294,single_sample_rank,elastic_net
0.21,0.25808913126290367,TCGA_to_GEO,GSE13294,single_sample_rank,elastic_net
0.22,0.2684630669943855,TCGA_to_GEO,GSE13294,single_sample_rank,elastic_net
0.23,0.27883700272586737,TCGA_to_GEO,GSE13294,single_sample_rank,elastic_net
0.24,0.2892176477218302,TCGA_to_GEO,GSE13294,single_sample_rank,elastic_net
0.25,0.29961881720302047,TCGA_to_GEO,GSE13294,single_sample_rank,elastic_net
0.26,0.3100199866842108,TCGA_to_GEO,GSE13294,single_sample_rank,elastic_net
0.27,0.3204211561654011,TCGA_to_GEO,GSE13294,single_sample_rank,elastic_net
0.28,0.3308223256465915,TCGA_to_GEO,GSE13294,single_sample_rank,elastic_net
0.29,0.34123217199745276,TCGA_to_GEO,GSE13294,single_sample_rank,elastic_net
0.3,0.3516636263443929,TCGA_to_GEO,GSE13294,single_sample_rank,elastic_net
0.31,0.3620950806913331,TCGA_to_GEO,GSE13294,single_sample_rank,elastic_net
0.32,0.3725265350382733,TCGA_to_GEO,GSE13294,single_sample_rank,elastic_net
0.33,0.38295798938521347,TCGA_to_GEO,GSE13294,single_sample_rank,elastic_net
0.34,0.393408474263316,TCGA_to_GEO,GSE13294,single_sample_rank,elastic_net
0.35000000000000003,0.40386424651342095,TCGA_to_GEO,GSE13294,single_sample_rank,elastic_net
0.36,0.41433166530277576,TCGA_to_GEO,GSE13294,single_sample_rank,elastic_net
0.37,0.4248028152630065,TCGA_to_GEO,GSE13294,single_sample_rank,elastic_net
0.38,0.43527396522323725,TCGA_to_GEO,GSE13294,single_sample_rank,elastic_net
0.39,0.445745115183468,TCGA_to_GEO,GSE13294,single_sample_rank,elastic_net
0.4,0.4562089038751141,TCGA_to_GEO,GSE13294,single_sample_rank,elastic_net
0.41000000000000003,0.46648967250728984,TCGA_to_GEO,GSE13294,single_sample_rank,elastic_net
0.42,0.47670161704777847,TCGA_to_GEO,GSE13294,single_sample_rank,elastic_net
0.43,0.48691356158826715,TCGA_to_GEO,GSE13294,single_sample_rank,elastic_net
0.44,0.49712550612875583,TCGA_to_GEO,GSE13294,single_sample_rank,elastic_net
0.45,0.507252760209994,TCGA_to_GEO,GSE13294,single_sample_rank,elastic_net
0.46,0.5170171471302877,TCGA_to_GEO,GSE13294,single_sample_rank,elastic_net
0.47000000000000003,0.5267815340505813,TCGA_to_GEO,GSE13294,single_sample_rank,elastic_net
0.48,0.5365459209708748,TCGA_to_GEO,GSE13294,single_sample_rank,elastic_net
0.49,0.5463103078911685,TCGA_to_GEO,GSE13294,single_sample_rank,elastic_net
0.5,0.5560746948114621,TCGA_to_GEO,GSE13294,single_sample_rank,elastic_net
0.51,0.5658390817317558,TCGA_to_GEO,GSE13294,single_sample_rank,elastic_net
0.52,0.5756034686520494,TCGA_to_GEO,GSE13294,single_sample_rank,elastic_net
0.53,0.585367855572343,TCGA_to_GEO,GSE13294,single_sample_rank,elastic_net
0.54,0.5951322424926366,TCGA_to_GEO,GSE13294,single_sample_rank,elastic_net
0.55,0.6048966294129303,TCGA_to_GEO,GSE13294,single_sample_rank,elastic_net
0.56,0.614535904217001,TCGA_to_GEO,GSE13294,single_sample_rank,elastic_net
0.5700000000000001,0.6241555284728953,TCGA_to_GEO,GSE13294,single_sample_rank,elastic_net
0.58,0.6338836292924522,TCGA_to_GEO,GSE13294,single_sample_rank,elastic_net
0.59,0.6436905655899734,TCGA_to_GEO,GSE13294,single_sample_rank,elastic_net
0.6,0.653516151326508,TCGA_to_GEO,GSE13294,single_sample_rank,elastic_net
0.61,0.663335945827203,TCGA_to_GEO,GSE13294,single_sample_rank,elastic_net
0.62,0.6730430248449327,TCGA_to_GEO,GSE13294,single_sample_rank,elastic_net
0.63,0.6827501038626624,TCGA_to_GEO,GSE13294,single_sample_rank,elastic_net
0.64,0.692457182880392,TCGA_to_GEO,GSE13294,single_sample_rank,elastic_net
0.65,0.7021642618981218,TCGA_to_GEO,GSE13294,single_sample_rank,elastic_net
0.66,0.7118713409158515,TCGA_to_GEO,GSE13294,single_sample_rank,elastic_net
0.67,0.7215784199335811,TCGA_to_GEO,GSE13294,single_sample_rank,elastic_net
0.68,0.7312552493196751,TCGA_to_GEO,GSE13294,single_sample_rank,elastic_net
0.6900000000000001,0.740788118981925,TCGA_to_GEO,GSE13294,single_sample_rank,elastic_net
0.7000000000000001,0.7502679046268312,TCGA_to_GEO,GSE13294,single_sample_rank,elastic_net
0.71,0.7597247708665349,TCGA_to_GEO,GSE13294,single_sample_rank,elastic_net
0.72,0.7691679049745387,TCGA_to_GEO,GSE13294,single_sample_rank,elastic_net
0.73,0.7785300923762986,TCGA_to_GEO,GSE13294,single_sample_rank,elastic_net
0.74,0.7878922797780583,TCGA_to_GEO,GSE13294,single_sample_rank,elastic_net
0.75,0.7972544671798182,TCGA_to_GEO,GSE13294,single_sample_rank,elastic_net
0.76,0.8065556477396721,TCGA_to_GEO,GSE13294,single_sample_rank,elastic_net
0.77,0.815742100591797,TCGA_to_GEO,GSE13294,single_sample_rank,elastic_net
0.78,0.8249232025776847,TCGA_to_GEO,GSE13294,single_sample_rank,elastic_net
0.79,0.8341043045635725,TCGA_to_GEO,GSE13294,single_sample_rank,elastic_net
0.8,0.8432854065494604,TCGA_to_GEO,GSE13294,single_sample_rank,elastic_net
0.81,0.8524665085353481,TCGA_to_GEO,GSE13294,single_sample_rank,elastic_net
0.8200000000000001,0.861647610521236,TCGA_to_GEO,GSE13294,single_sample_rank,elastic_net
0.8300000000000001,0.8708287125071237,TCGA_to_GEO,GSE13294,single_sample_rank,elastic_net
0.84,0.8799083884521348,TCGA_to_GEO,GSE13294,single_sample_rank,elastic_net
0.85,0.8889495143432765,TCGA_to_GEO,GSE13294,single_sample_rank,elastic_net
0.86,0.8979560114997842,TCGA_to_GEO,GSE13294,single_sample_rank,elastic_net
0.87,0.906939486481743,TCGA_to_GEO,GSE13294,single_sample_rank,elastic_net
0.88,0.9159028947754905,TCGA_to_GEO,GSE13294,single_sample_rank,elastic_net
0.89,0.9248394451676574,TCGA_to_GEO,GSE13294,single_sample_rank,elastic_net
0.9,0.93373473818605,TCGA_to_GEO,GSE13294,single_sample_rank,elastic_net
0.91,0.942615680396627,TCGA_to_GEO,GSE13294,single_sample_rank,elastic_net
0.92,0.9514875251195523,TCGA_to_GEO,GSE13294,single_sample_rank,elastic_net
0.93,0.960320338893481,TCGA_to_GEO,GSE13294,single_sample_rank,elastic_net
0.9400000000000001,0.9691267559522916,TCGA_to_GEO,GSE13294,single_sample_rank,elastic_net
0.9500000000000001,0.9779102136807138,TCGA_to_GEO,GSE13294,single_sample_rank,elastic_net
0.96,0.9866690750112684,TCGA_to_GEO,GSE13294,single_sample_rank,elastic_net
0.97,0.9954010838751826,TCGA_to_GEO,GSE13294,single_sample_rank,elastic_net
0.98,1.0,TCGA_to_GEO,GSE13294,single_sample_rank,elastic_net
0.99,1.0,TCGA_to_GEO,GSE13294,single_sample_rank,elastic_net
1.0,1.0,TCGA_to_GEO,GSE13294,single_sample_rank,elastic_net
0.0,0.5032258064516129,TCGA_to_GEO,GSE13294,single_sample_rank,svm_rbf
0.01,0.5032258064516129,TCGA_to_GEO,GSE13294,single_sample_rank,svm_rbf
0.02,0.5032258064516129,TCGA_to_GEO,GSE13294,single_sample_rank,svm_rbf
0.03,0.5032258064516129,TCGA_to_GEO,GSE13294,single_sample_rank,svm_rbf
0.04,0.5032258064516129,TCGA_to_GEO,GSE13294,single_sample_rank,svm_rbf
0.05,0.5032258064516129,TCGA_to_GEO,GSE13294,single_sample_rank,svm_rbf
0.06,0.5032258064516129,TCGA_to_GEO,GSE13294,single_sample_rank,svm_rbf
0.07,0.5032258064516129,TCGA_to_GEO,GSE13294,single_sample_rank,svm_rbf
0.08,0.5032258064516129,TCGA_to_GEO,GSE13294,single_sample_rank,svm_rbf
0.09,0.5032258064516129,TCGA_to_GEO,GSE13294,single_sample_rank,svm_rbf
0.1,0.5032258064516129,TCGA_to_GEO,GSE13294,single_sample_rank,svm_rbf
0.11,0.5032258064516129,TCGA_to_GEO,GSE13294,single_sample_rank,svm_rbf
0.12,0.5032258064516129,TCGA_to_GEO,GSE13294,single_sample_rank,svm_rbf
0.13,0.5032258064516129,TCGA_to_GEO,GSE13294,single_sample_rank,svm_rbf
0.14,0.5032258064516129,TCGA_to_GEO,GSE13294,single_sample_rank,svm_rbf
0.15,0.5032258064516129,TCGA_to_GEO,GSE13294,single_sample_rank,svm_rbf
0.16,0.5032258064516129,TCGA_to_GEO,GSE13294,single_sample_rank,svm_rbf
0.17,0.5032258064516129,TCGA_to_GEO,GSE13294,single_sample_rank,svm_rbf
0.18,0.5032258064516129,TCGA_to_GEO,GSE13294,single_sample_rank,svm_rbf
0.19,0.5032258064516129,TCGA_to_GEO,GSE13294,single_sample_rank,svm_rbf
0.2,0.5032258064516129,TCGA_to_GEO,GSE13294,single_sample_rank,svm_rbf
0.21,0.5032258064516129,TCGA_to_GEO,GSE13294,single_sample_rank,svm_rbf
0.22,0.5032258064516129,TCGA_to_GEO,GSE13294,single_sample_rank,svm_rbf
0.23,0.5032258064516129,TCGA_to_GEO,GSE13294,single_sample_rank,svm_rbf
0.24,0.5032258064516129,TCGA_to_GEO,GSE13294,single_sample_rank,svm_rbf
0.25,0.5032258064516129,TCGA_to_GEO,GSE13294,single_sample_rank,svm_rbf
0.26,0.5032258064516129,TCGA_to_GEO,GSE13294,single_sample_rank,svm_rbf
0.27,0.5032258064516129,TCGA_to_GEO,GSE13294,single_sample_rank,svm_rbf
0.28,0.5032258064516129,TCGA_to_GEO,GSE13294,single_sample_rank,svm_rbf
0.29,0.5032258064516129,TCGA_to_GEO,GSE13294,single_sample_rank,svm_rbf
0.3,0.5032258064516129,TCGA_to_GEO,GSE13294,single_sample_rank,svm_rbf
0.31,0.5032258064516129,TCGA_to_GEO,GSE13294,single_sample_rank,svm_rbf
0.32,0.5032258064516129,TCGA_to_GEO,GSE13294,single_sample_rank,svm_rbf
0.33,0.5032258064516129,TCGA_to_GEO,GSE13294,single_sample_rank,svm_rbf
0.34,0.5032258064516129,TCGA_to_GEO,GSE13294,single_sample_rank,svm_rbf
0.35000000000000003,0.5032258064516129,TCGA_to_GEO,GSE13294,single_sample_rank,svm_rbf
0.36,0.5032258064516129,TCGA_to_GEO,GSE13294,single_sample_rank,svm_rbf
0.37,0.5032258064516129,TCGA_to_GEO,GSE13294,single_sample_rank,svm_rbf
0.38,0.5032258064516129,TCGA_to_GEO,GSE13294,single_sample_rank,svm_rbf
0.39,0.5032258064516129,TCGA_to_GEO,GSE13294,single_sample_rank,svm_rbf
0.4,0.5032258064516129,TCGA_to_GEO,GSE13294,single_sample_rank,svm_rbf
0.41000000000000003,0.5032258064516129,TCGA_to_GEO,GSE13294,single_sample_rank,svm_rbf
0.42,0.5032258064516129,TCGA_to_GEO,GSE13294,single_sample_rank,svm_rbf
0.43,0.5032258064516129,TCGA_to_GEO,GSE13294,single_sample_rank,svm_rbf
0.44,0.5032258064516129,TCGA_to_GEO,GSE13294,single_sample_rank,svm_rbf
0.45,0.5032258064516129,TCGA_to_GEO,GSE13294,single_sample_rank,svm_rbf
0.46,0.5032258064516129,TCGA_to_GEO,GSE13294,single_sample_rank,svm_rbf
0.47000000000000003,0.5032258064516129,TCGA_to_GEO,GSE13294,single_sample_rank,svm_rbf
0.48,0.5032258064516129,TCGA_to_GEO,GSE13294,single_sample_rank,svm_rbf
0.49,0.5032258064516129,TCGA_to_GEO,GSE13294,single_sample_rank,svm_rbf
0.5,0.5032258064516129,TCGA_to_GEO,GSE13294,single_sample_rank,svm_rbf
0.51,0.5032258064516129,TCGA_to_GEO,GSE13294,single_sample_rank,svm_rbf
0.52,0.5032258064516129,TCGA_to_GEO,GSE13294,single_sample_rank,svm_rbf
0.53,0.5032258064516129,TCGA_to_GEO,GSE13294,single_sample_rank,svm_rbf
0.54,0.5032258064516129,TCGA_to_GEO,GSE13294,single_sample_rank,svm_rbf
0.55,0.5032258064516129,TCGA_to_GEO,GSE13294,single_sample_rank,svm_rbf
0.56,0.5032258064516129,TCGA_to_GEO,GSE13294,single_sample_rank,svm_rbf
0.5700000000000001,0.5032258064516129,TCGA_to_GEO,GSE13294,single_sample_rank,svm_rbf
0.58,0.5032258064516129,TCGA_to_GEO,GSE13294,single_sample_rank,svm_rbf
0.59,0.5032258064516129,TCGA_to_GEO,GSE13294,single_sample_rank,svm_rbf
0.6,0.5032258064516129,TCGA_to_GEO,GSE13294,single_sample_rank,svm_rbf
0.61,0.5032258064516129,TCGA_to_GEO,GSE13294,single_sample_rank,svm_rbf
0.62,0.5032258064516129,TCGA_to_GEO,GSE13294,single_sample_rank,svm_rbf
0.63,0.5032258064516129,TCGA_to_GEO,GSE13294,single_sample_rank,svm_rbf
0.64,0.5032258064516129,TCGA_to_GEO,GSE13294,single_sample_rank,svm_rbf
0.65,0.5032258064516129,TCGA_to_GEO,GSE13294,single_sample_rank,svm_rbf
0.66,0.5032258064516129,TCGA_to_GEO,GSE13294,single_sample_rank,svm_rbf
0.67,0.5032258064516129,TCGA_to_GEO,GSE13294,single_sample_rank,svm_rbf
0.68,0.5032258064516129,TCGA_to_GEO,GSE13294,single_sample_rank,svm_rbf
0.6900000000000001,0.5032258064516129,TCGA_to_GEO,GSE13294,single_sample_rank,svm_rbf
0.7000000000000001,0.5032258064516129,TCGA_to_GEO,GSE13294,single_sample_rank,svm_rbf
0.71,0.5032258064516129,TCGA_to_GEO,GSE13294,single_sample_rank,svm_rbf
0.72,0.5032258064516129,TCGA_to_GEO,GSE13294,single_sample_rank,svm_rbf
0.73,0.5032258064516129,TCGA_to_GEO,GSE13294,single_sample_rank,svm_rbf
0.74,0.5032258064516129,TCGA_to_GEO,GSE13294,single_sample_rank,svm_rbf
0.75,0.5032258064516129,TCGA_to_GEO,GSE13294,single_sample_rank,svm_rbf
0.76,0.5032258064516129,TCGA_to_GEO,GSE13294,single_sample_rank,svm_rbf
0.77,0.5032258064516129,TCGA_to_GEO,GSE13294,single_sample_rank,svm_rbf
0.78,0.5032258064516129,TCGA_to_GEO,GSE13294,single_sample_rank,svm_rbf
0.79,0.5032258064516129,TCGA_to_GEO,GSE13294,single_sample_rank,svm_rbf
0.8,0.5032258064516129,TCGA_to_GEO,GSE13294,single_sample_rank,svm_rbf
0.81,0.5032258064516129,TCGA_to_GEO,GSE13294,single_sample_rank,svm_rbf
0.8200000000000001,0.5032258064516129,TCGA_to_GEO,GSE13294,single_sample_rank,svm_rbf
0.8300000000000001,0.5032258064516129,TCGA_to_GEO,GSE13294,single_sample_rank,svm_rbf
0.84,0.5032258064516129,TCGA_to_GEO,GSE13294,single_sample_rank,svm_rbf
0.85,0.5032258064516129,TCGA_to_GEO,GSE13294,single_sample_rank,svm_rbf
0.86,0.5032258064516129,TCGA_to_GEO,GSE13294,single_sample_rank,svm_rbf
0.87,0.5032258064516129,TCGA_to_GEO,GSE13294,single_sample_rank,svm_rbf
0.88,0.5032258064516129,TCGA_to_GEO,GSE13294,single_sample_rank,svm_rbf
0.89,0.5032258064516129,TCGA_to_GEO,GSE13294,single_sample_rank,svm_rbf
0.9,0.5032258064516129,TCGA_to_GEO,GSE13294,single_sample_rank,svm_rbf
0.91,0.5032258064516129,TCGA_to_GEO,GSE13294,single_sample_rank,svm_rbf
0.92,0.5032258064516129,TCGA_to_GEO,GSE13294,single_sample_rank,svm_rbf
0.93,0.5032258064516129,TCGA_to_GEO,GSE13294,single_sample_rank,svm_rbf
0.9400000000000001,0.5032258064516129,TCGA_to_GEO,GSE13294,single_sample_rank,svm_rbf
0.9500000000000001,0.5032258064516129,TCGA_to_GEO,GSE13294,single_sample_rank,svm_rbf
0.96,0.5032258064516129,TCGA_to_GEO,GSE13294,single_sample_rank,svm_rbf
0.97,0.5032258064516129,TCGA_to_GEO,GSE13294,single_sample_rank,svm_rbf
0.98,0.5032258064516129,TCGA_to_GEO,GSE13294,single_sample_rank,svm_rbf
0.99,0.5032258064516129,TCGA_to_GEO,GSE13294,single_sample_rank,svm_rbf
1.0,0.5032258064516129,TCGA_to_GEO,GSE13294,single_sample_rank,svm_rbf
0.0,0.0,TCGA_to_GEO,GSE13294,single_sample_rank,xgboost
0.01,0.0,TCGA_to_GEO,GSE13294,single_sample_rank,xgboost
0.02,0.0,TCGA_to_GEO,GSE13294,single_sample_rank,xgboost
0.03,0.0,TCGA_to_GEO,GSE13294,single_sample_rank,xgboost
0.04,0.0,TCGA_to_GEO,GSE13294,single_sample_rank,xgboost
0.05,0.0,TCGA_to_GEO,GSE13294,single_sample_rank,xgboost
0.06,0.0,TCGA_to_GEO,GSE13294,single_sample_rank,xgboost
0.07,0.020689213085702332,TCGA_to_GEO,GSE13294,single_sample_rank,xgboost
0.08,0.044611282821352974,TCGA_to_GEO,GSE13294,single_sample_rank,xgboost
0.09,0.06859118616520893,TCGA_to_GEO,GSE13294,single_sample_rank,xgboost
0.1,0.09265103814212723,TCGA_to_GEO,GSE13294,single_sample_rank,xgboost
0.11,0.11678256806519707,TCGA_to_GEO,GSE13294,single_sample_rank,xgboost
0.12,0.14098855687742962,TCGA_to_GEO,GSE13294,single_sample_rank,xgboost
0.13,0.16527060881611724,TCGA_to_GEO,GSE13294,single_sample_rank,xgboost
0.14,0.1896395629436116,TCGA_to_GEO,GSE13294,single_sample_rank,xgboost
0.15,0.21411320482188353,TCGA_to_GEO,GSE13294,single_sample_rank,xgboost
0.16,0.23865035259473885,TCGA_to_GEO,GSE13294,single_sample_rank,xgboost
0.17,0.2632957893721866,TCGA_to_GEO,GSE13294,single_sample_rank,xgboost
0.18,0.2880409158439869,TCGA_to_GEO,GSE13294,single_sample_rank,xgboost
0.19,0.31285914894879324,TCGA_to_GEO,GSE13294,single_sample_rank,xgboost
0.2,0.33776422535181455,TCGA_to_GEO,GSE13294,single_sample_rank,xgboost
0.21,0.36276869156085995,TCGA_to_GEO,GSE13294,single_sample_rank,xgboost
0.22,0.3878345998222053,TCGA_to_GEO,GSE13294,single_sample_rank,xgboost
0.23,0.4129572610999357,TCGA_to_GEO,GSE13294,single_sample_rank,xgboost
0.24,0.4380878429594984,TCGA_to_GEO,GSE13294,single_sample_rank,xgboost
0.25,0.4638645753511352,TCGA_to_GEO,GSE13294,single_sample_rank,xgboost
0.26,0.49110329793199536,TCGA_to_GEO,GSE13294,single_sample_rank,xgboost
0.27,0.5200406029686699,TCGA_to_GEO,GSE13294,single_sample_rank,xgboost
0.28,0.5482790594762689,TCGA_to_GEO,GSE13294,single_sample_rank,xgboost
0.29,0.5764643985789994,TCGA_to_GEO,GSE13294,single_sample_rank,xgboost
0.3,0.6036293574692677,TCGA_to_GEO,GSE13294,single_sample_rank,xgboost
0.31,0.6301426316593551,TCGA_to_GEO,GSE13294,single_sample_rank,xgboost
0.32,0.6562277682406396,TCGA_to_GEO,GSE13294,single_sample_rank,xgboost
0.33,0.6795996954562593,TCGA_to_GEO,GSE13294,single_sample_rank,xgboost
0.34,0.7021402928718473,TCGA_to_GEO,GSE13294,single_sample_rank,xgboost
0.35000000000000003,0.7220450700332197,TCGA_to_GEO,GSE13294,single_sample_rank,xgboost
0.36,0.7404197370965786,TCGA_to_GEO,GSE13294,single_sample_rank,xgboost
0.37,0.758371212232517,TCGA_to_GEO,GSE13294,single_sample_rank,xgboost
0.38,0.7740484761250708,TCGA_to_GEO,GSE13294,single_sample_rank,xgboost
0.39,0.7876433648959125,TCGA_to_GEO,GSE13294,single_sample_rank,xgboost
0.4,0.7982921712931759,TCGA_to_GEO,GSE13294,single_sample_rank,xgboost
0.41000000000000003,0.8084675145113995,TCGA_to_GEO,GSE13294,single_sample_rank,xgboost
0.42,0.8200216298410157,TCGA_to_GEO,GSE13294,single_sample_rank,xgboost
0.43,0.8322623961414156,TCGA_to_GEO,GSE13294,single_sample_rank,xgboost
0.44,0.8435534402603296,TCGA_to_GEO,GSE13294,single_sample_rank,xgboost
0.45,0.8543514809146999,TCGA_to_GEO,GSE13294,single_sample_rank,xgboost
0.46,0.8649943869868097,TCGA_to_GEO,GSE13294,single_sample_rank,xgboost
0.47000000000000003,0.8753540479555059,TCGA_to_GEO,GSE13294,single_sample_rank,xgboost
0.48,0.8856968419943768,TCGA_to_GEO,GSE13294,single_sample_rank,xgboost
0.49,0.8958333890805498,TCGA_to_GEO,GSE13294,single_sample_rank,xgboost
0.5,0.9053465229792124,TCGA_to_GEO,GSE13294,single_sample_rank,xgboost
0.51,0.9146613313392015,TCGA_to_GEO,GSE13294,single_sample_rank,xgboost
0.52,0.9237463652491911,TCGA_to_GEO,GSE13294,single_sample_rank,xgboost
0.53,0.9326587578899732,TCGA_to_GEO,GSE13294,single_sample_rank,xgboost
0.54,0.9414238024749542,TCGA_to_GEO,GSE13294,single_sample_rank,xgboost
0.55,0.9500552870801978,TCGA_to_GEO,GSE13294,single_sample_rank,xgboost
0.56,0.9585703121238643,TCGA_to_GEO,GSE13294,single_sample_rank,xgboost
0.5700000000000001,0.9669543480213159,TCGA_to_GEO,GSE13294,single_sample_rank,xgboost
0.58,0.9752765141821313,TCGA_to_GEO,GSE13294,single_sample_rank,xgboost
0.59,0.9834409728042357,TCGA_to_GEO,GSE13294,single_sample_rank,xgboost
0.6,0.991554495093949,TCGA_to_GEO,GSE13294,single_sample_rank,xgboost
0.61,0.9967124093435424,TCGA_to_GEO,GSE13294,single_sample_rank,xgboost
0.62,0.9996898368656726,TCGA_to_GEO,GSE13294,single_sample_rank,xgboost
0.63,1.0,TCGA_to_GEO,GSE13294,single_sample_rank,xgboost
0.64,1.0,TCGA_to_GEO,GSE13294,single_sample_rank,xgboost
0.65,1.0,TCGA_to_GEO,GSE13294,single_sample_rank,xgboost
0.66,1.0,TCGA_to_GEO,GSE13294,single_sample_rank,xgboost
0.67,1.0,TCGA_to_GEO,GSE13294,single_sample_rank,xgboost
0.68,1.0,TCGA_to_GEO,GSE13294,single_sample_rank,xgboost
0.6900000000000001,1.0,TCGA_to_GEO,GSE13294,single_sample_rank,xgboost
0.7000000000000001,1.0,TCGA_to_GEO,GSE13294,single_sample_rank,xgboost
0.71,1.0,TCGA_to_GEO,GSE13294,single_sample_rank,xgboost
0.72,1.0,TCGA_to_GEO,GSE13294,single_sample_rank,xgboost
0.73,1.0,TCGA_to_GEO,GSE13294,single_sample_rank,xgboost
0.74,1.0,TCGA_to_GEO,GSE13294,single_sample_rank,xgboost
0.75,1.0,TCGA_to_GEO,GSE13294,single_sample_rank,xgboost
0.76,1.0,TCGA_to_GEO,GSE13294,single_sample_rank,xgboost
0.77,1.0,TCGA_to_GEO,GSE13294,single_sample_rank,xgboost
0.78,1.0,TCGA_to_GEO,GSE13294,single_sample_rank,xgboost
0.79,1.0,TCGA_to_GEO,GSE13294,single_sample_rank,xgboost
0.8,1.0,TCGA_to_GEO,GSE13294,single_sample_rank,xgboost
0.81,1.0,TCGA_to_GEO,GSE13294,single_sample_rank,xgboost
0.8200000000000001,1.0,TCGA_to_GEO,GSE13294,single_sample_rank,xgboost
0.8300000000000001,1.0,TCGA_to_GEO,GSE13294,single_sample_rank,xgboost
0.84,1.0,TCGA_to_GEO,GSE13294,single_sample_rank,xgboost
0.85,1.0,TCGA_to_GEO,GSE13294,single_sample_rank,xgboost
0.86,1.0,TCGA_to_GEO,GSE13294,single_sample_rank,xgboost
0.87,1.0,TCGA_to_GEO,GSE13294,single_sample_rank,xgboost
0.88,1.0,TCGA_to_GEO,GSE13294,single_sample_rank,xgboost
0.89,1.0,TCGA_to_GEO,GSE13294,single_sample_rank,xgboost
0.9,1.0,TCGA_to_GEO,GSE13294,single_sample_rank,xgboost
0.91,1.0,TCGA_to_GEO,GSE13294,single_sample_rank,xgboost
0.92,1.0,TCGA_to_GEO,GSE13294,single_sample_rank,xgboost
0.93,1.0,TCGA_to_GEO,GSE13294,single_sample_rank,xgboost
0.9400000000000001,1.0,TCGA_to_GEO,GSE13294,single_sample_rank,xgboost
0.9500000000000001,1.0,TCGA_to_GEO,GSE13294,single_sample_rank,xgboost
0.96,1.0,TCGA_to_GEO,GSE13294,single_sample_rank,xgboost
0.97,1.0,TCGA_to_GEO,GSE13294,single_sample_rank,xgboost
0.98,1.0,TCGA_to_GEO,GSE13294,single_sample_rank,xgboost
0.99,1.0,TCGA_to_GEO,GSE13294,single_sample_rank,xgboost
1.0,1.0,TCGA_to_GEO,GSE13294,single_sample_rank,xgboost
0.0,0.09346735763547301,TCGA_to_GEO,GSE13294,target_cohort_adaptive_zscore,elastic_net
0.01,0.1096497881768758,TCGA_to_GEO,GSE13294,target_cohort_adaptive_zscore,elastic_net
0.02,0.12579320132446414,TCGA_to_GEO,GSE13294,target_cohort_adaptive_zscore,elastic_net
0.03,0.14184976851488262,TCGA_to_GEO,GSE13294,target_cohort_adaptive_zscore,elastic_net
0.04,0.15781379015823202,TCGA_to_GEO,GSE13294,target_cohort_adaptive_zscore,elastic_net
0.05,0.1735882911281025,TCGA_to_GEO,GSE13294,target_cohort_adaptive_zscore,elastic_net
0.06,0.18926056486605375,TCGA_to_GEO,GSE13294,target_cohort_adaptive_zscore,elastic_net
0.07,0.204932838604005,TCGA_to_GEO,GSE13294,target_cohort_adaptive_zscore,elastic_net
0.08,0.22060511234195623,TCGA_to_GEO,GSE13294,target_cohort_adaptive_zscore,elastic_net
0.09,0.23627738607990745,TCGA_to_GEO,GSE13294,target_cohort_adaptive_zscore,elastic_net
0.1,0.2517488879220881,TCGA_to_GEO,GSE13294,target_cohort_adaptive_zscore,elastic_net
0.11,0.2670279264650028,TCGA_to_GEO,GSE13294,target_cohort_adaptive_zscore,elastic_net
0.12,0.2822779506564797,TCGA_to_GEO,GSE13294,target_cohort_adaptive_zscore,elastic_net
0.13,0.2975279748479567,TCGA_to_GEO,GSE13294,target_cohort_adaptive_zscore,elastic_net
0.14,0.31260245772569617,TCGA_to_GEO,GSE13294,target_cohort_adaptive_zscore,elastic_net
0.15,0.32763829775229464,TCGA_to_GEO,GSE13294,target_cohort_adaptive_zscore,elastic_net
0.16,0.3424220697214224,TCGA_to_GEO,GSE13294,target_cohort_adaptive_zscore,elastic_net
0.17,0.3571905385431986,TCGA_to_GEO,GSE13294,target_cohort_adaptive_zscore,elastic_net
0.18,0.37195900736497467,TCGA_to_GEO,GSE13294,target_cohort_adaptive_zscore,elastic_net
0.19,0.38672747618675085,TCGA_to_GEO,GSE13294,target_cohort_adaptive_zscore,elastic_net
0.2,0.40135668619342824,TCGA_to_GEO,GSE13294,target_cohort_adaptive_zscore,elastic_net
0.21,0.41564038158946554,TCGA_to_GEO,GSE13294,target_cohort_adaptive_zscore,elastic_net
0.22,0.4299240769855029,TCGA_to_GEO,GSE13294,target_cohort_adaptive_zscore,elastic_net
0.23,0.44420777238154024,TCGA_to_GEO,GSE13294,target_cohort_adaptive_zscore,elastic_net
0.24,0.45849146777757754,TCGA_to_GEO,GSE13294,target_cohort_adaptive_zscore,elastic_net
0.25,0.4727751631736149,TCGA_to_GEO,GSE13294,target_cohort_adaptive_zscore,elastic_net
0.26,0.48705885856965225,TCGA_to_GEO,GSE13294,target_cohort_adaptive_zscore,elastic_net
0.27,0.5012691752434506,TCGA_to_GEO,GSE13294,target_cohort_adaptive_zscore,elastic_net
0.28,0.5151909056605317,TCGA_to_GEO,GSE13294,target_cohort_adaptive_zscore,elastic_net
0.29,0.5291068448161698,TCGA_to_GEO,GSE13294,target_cohort_adaptive_zscore,elastic_net
0.3,0.542835746857836,TCGA_to_GEO,GSE13294,target_cohort_adaptive_zscore,elastic_net
0.31,0.5564499729437187,TCGA_to_GEO,GSE13294,target_cohort_adaptive_zscore,elastic_net
0.32,0.5700641990296014,TCGA_to_GEO,GSE13294,target_cohort_adaptive_zscore,elastic_net
0.33,0.5836784251154841,TCGA_to_GEO,GSE13294,target_cohort_adaptive_zscore,elastic_net
0.34,0.5972926512013668,TCGA_to_GEO,GSE13294,target_cohort_adaptive_zscore,elastic_net
0.35000000000000003,0.6109068772872495,TCGA_to_GEO,GSE13294,target_cohort_adaptive_zscore,elastic_net
0.36,0.6245211033731322,TCGA_to_GEO,GSE13294,target_cohort_adaptive_zscore,elastic_net
0.37,0.6394380932698703,TCGA_to_GEO,GSE13294,target_cohort_adaptive_zscore,elastic_net
0.38,0.6578227210614158,TCGA_to_GEO,GSE13294,target_cohort_adaptive_zscore,elastic_net
0.39,0.6762073488529612,TCGA_to_GEO,GSE13294,target_cohort_adaptive_zscore,elastic_net
0.4,0.6945919766445067,TCGA_to_GEO,GSE13294,target_cohort_adaptive_zscore,elastic_net
0.41000000000000003,0.712976604436052,TCGA_to_GEO,GSE13294,target_cohort_adaptive_zscore,elastic_net
0.42,0.7313612322275974,TCGA_to_GEO,GSE13294,target_cohort_adaptive_zscore,elastic_net
0.43,0.7497458600191428,TCGA_to_GEO,GSE13294,target_cohort_adaptive_zscore,elastic_net
0.44,0.7681304878106883,TCGA_to_GEO,GSE13294,target_cohort_adaptive_zscore,elastic_net
0.45,0.7865151156022336,TCGA_to_GEO,GSE13294,target_cohort_adaptive_zscore,elastic_net
0.46,0.8032107964121965,TCGA_to_GEO,GSE13294,target_cohort_adaptive_zscore,elastic_net
0.47000000000000003,0.8103656911007326,TCGA_to_GEO,GSE13294,target_cohort_adaptive_zscore,elastic_net
0.48,0.8175205857892689,TCGA_to_GEO,GSE13294,target_cohort_adaptive_zscore,elastic_net
0.49,0.8246754804778051,TCGA_to_GEO,GSE13294,target_cohort_adaptive_zscore,elastic_net
0.5,0.8318303751663414,TCGA_to_GEO,GSE13294,target_cohort_adaptive_zscore,elastic_net
0.51,0.8389852698548776,TCGA_to_GEO,GSE13294,target_cohort_adaptive_zscore,elastic_net
0.52,0.8461401645434139,TCGA_to_GEO,GSE13294,target_cohort_adaptive_zscore,elastic_net
0.53,0.8532950592319501,TCGA_to_GEO,GSE13294,target_cohort_adaptive_zscore,elastic_net
0.54,0.8593884844183284,TCGA_to_GEO,GSE13294,target_cohort_adaptive_zscore,elastic_net
0.55,0.8629944291512419,TCGA_to_GEO,GSE13294,target_cohort_adaptive_zscore,elastic_net
0.56,0.8666003738841553,TCGA_to_GEO,GSE13294,target_cohort_adaptive_zscore,elastic_net
0.5700000000000001,0.8702063186170689,TCGA_to_GEO,GSE13294,target_cohort_adaptive_zscore,elastic_net
0.58,0.8738122633499823,TCGA_to_GEO,GSE13294,target_cohort_adaptive_zscore,elastic_net
0.59,0.8774427904800679,TCGA_to_GEO,GSE13294,target_cohort_adaptive_zscore,elastic_net
0.6,0.8811372253724346,TCGA_to_GEO,GSE13294,target_cohort_adaptive_zscore,elastic_net
0.61,0.8848174821337094,TCGA_to_GEO,GSE13294,target_cohort_adaptive_zscore,elastic_net
0.62,0.8884613336504286,TCGA_to_GEO,GSE13294,target_cohort_adaptive_zscore,elastic_net
0.63,0.8921051851671479,TCGA_to_GEO,GSE13294,target_cohort_adaptive_zscore,elastic_net
0.64,0.8957279768760315,TCGA_to_GEO,GSE13294,target_cohort_adaptive_zscore,elastic_net
0.65,0.8993051409622124,TCGA_to_GEO,GSE13294,target_cohort_adaptive_zscore,elastic_net
0.66,0.9028455347273657,TCGA_to_GEO,GSE13294,target_cohort_adaptive_zscore,elastic_net
0.67,0.9063593014996777,TCGA_to_GEO,GSE13294,target_cohort_adaptive_zscore,elastic_net
0.68,0.90978617867771,TCGA_to_GEO,GSE13294,target_cohort_adaptive_zscore,elastic_net
0.6900000000000001,0.9132130558557422,TCGA_to_GEO,GSE13294,target_cohort_adaptive_zscore,elastic_net
0.7000000000000001,0.9166399330337746,TCGA_to_GEO,GSE13294,target_cohort_adaptive_zscore,elastic_net
0.71,0.9200464866194302,TCGA_to_GEO,GSE13294,target_cohort_adaptive_zscore,elastic_net
0.72,0.923373275824929,TCGA_to_GEO,GSE13294,target_cohort_adaptive_zscore,elastic_net
0.73,0.9267000650304278,TCGA_to_GEO,GSE13294,target_cohort_adaptive_zscore,elastic_net
0.74,0.9300110588555799,TCGA_to_GEO,GSE13294,target_cohort_adaptive_zscore,elastic_net
0.75,0.9332121158948773,TCGA_to_GEO,GSE13294,target_cohort_adaptive_zscore,elastic_net
0.76,0.9364131729341748,TCGA_to_GEO,GSE13294,target_cohort_adaptive_zscore,elastic_net
0.77,0.9396142299734723,TCGA_to_GEO,GSE13294,target_cohort_adaptive_zscore,elastic_net
0.78,0.9428152870127697,TCGA_to_GEO,GSE13294,target_cohort_adaptive_zscore,elastic_net
0.79,0.9460163440520672,TCGA_to_GEO,GSE13294,target_cohort_adaptive_zscore,elastic_net
0.8,0.9492174010913648,TCGA_to_GEO,GSE13294,target_cohort_adaptive_zscore,elastic_net
0.81,0.9524184581306622,TCGA_to_GEO,GSE13294,target_cohort_adaptive_zscore,elastic_net
0.8200000000000001,0.9555928559872071,TCGA_to_GEO,GSE13294,target_cohort_adaptive_zscore,elastic_net
0.8300000000000001,0.9587048464158702,TCGA_to_GEO,GSE13294,target_cohort_adaptive_zscore,elastic_net
0.84,0.9617972285269627,TCGA_to_GEO,GSE13294,target_cohort_adaptive_zscore,elastic_net
0.85,0.96487340636465,TCGA_to_GEO,GSE13294,target_cohort_adaptive_zscore,elastic_net
0.86,0.9679171691095088,TCGA_to_GEO,GSE13294,target_cohort_adaptive_zscore,elastic_net
0.87,0.9709609318543675,TCGA_to_GEO,GSE13294,target_cohort_adaptive_zscore,elastic_net
0.88,0.9740046945992262,TCGA_to_GEO,GSE13294,target_cohort_adaptive_zscore,elastic_net
0.89,0.9770405127861628,TCGA_to_GEO,GSE13294,target_cohort_adaptive_zscore,elastic_net
0.9,0.9800459505426713,TCGA_to_GEO,GSE13294,target_cohort_adaptive_zscore,elastic_net
0.91,0.983034799669712,TCGA_to_GEO,GSE13294,target_cohort_adaptive_zscore,elastic_net
0.92,0.9860099845417014,TCGA_to_GEO,GSE13294,target_cohort_adaptive_zscore,elastic_net
0.93,0.9889791310121843,TCGA_to_GEO,GSE13294,target_cohort_adaptive_zscore,elastic_net
0.9400000000000001,0.9919307749956249,TCGA_to_GEO,GSE13294,target_cohort_adaptive_zscore,elastic_net
0.9500000000000001,0.9948696631638602,TCGA_to_GEO,GSE13294,target_cohort_adaptive_zscore,elastic_net
0.96,0.9977972248503041,TCGA_to_GEO,GSE13294,target_cohort_adaptive_zscore,elastic_net
0.97,0.9997916486830938,TCGA_to_GEO,GSE13294,target_cohort_adaptive_zscore,elastic_net
0.98,1.0,TCGA_to_GEO,GSE13294,target_cohort_adaptive_zscore,elastic_net
0.99,1.0,TCGA_to_GEO,GSE13294,target_cohort_adaptive_zscore,elastic_net
1.0,1.0,TCGA_to_GEO,GSE13294,target_cohort_adaptive_zscore,elastic_net
0.0,0.11616940629190384,TCGA_to_GEO,GSE13294,target_cohort_adaptive_zscore,svm_rbf
0.01,0.15039666205304775,TCGA_to_GEO,GSE13294,target_cohort_adaptive_zscore,svm_rbf
0.02,0.18673722962608988,TCGA_to_GEO,GSE13294,target_cohort_adaptive_zscore,svm_rbf
0.03,0.22270758929776951,TCGA_to_GEO,GSE13294,target_cohort_adaptive_zscore,svm_rbf
0.04,0.25836287018628606,TCGA_to_GEO,GSE13294,target_cohort_adaptive_zscore,svm_rbf
0.05,0.29357573613980276,TCGA_to_GEO,GSE13294,target_cohort_adaptive_zscore,svm_rbf
0.06,0.3285459227943786,TCGA_to_GEO,GSE13294,target_cohort_adaptive_zscore,svm_rbf
0.07,0.3629698457928497,TCGA_to_GEO,GSE13294,target_cohort_adaptive_zscore,svm_rbf
0.08,0.39738345845527995,TCGA_to_GEO,GSE13294,target_cohort_adaptive_zscore,svm_rbf
0.09,0.4311170231402031,TCGA_to_GEO,GSE13294,target_cohort_adaptive_zscore,svm_rbf
0.1,0.4646606721527403,TCGA_to_GEO,GSE13294,target_cohort_adaptive_zscore,svm_rbf
0.11,0.49766484693713897,TCGA_to_GEO,GSE13294,target_cohort_adaptive_zscore,svm_rbf
0.12,0.5292324646814368,TCGA_to_GEO,GSE13294,target_cohort_adaptive_zscore,svm_rbf
0.13,0.5608000824257348,TCGA_to_GEO,GSE13294,target_cohort_adaptive_zscore,svm_rbf
0.14,0.5923677001700327,TCGA_to_GEO,GSE13294,target_cohort_adaptive_zscore,svm_rbf
0.15,0.6239353179143305,TCGA_to_GEO,GSE13294,target_cohort_adaptive_zscore,svm_rbf
0.16,0.6555029356586284,TCGA_to_GEO,GSE13294,target_cohort_adaptive_zscore,svm_rbf
0.17,0.6863386397842428,TCGA_to_GEO,GSE13294,target_cohort_adaptive_zscore,svm_rbf
0.18,0.7158189519075888,TCGA_to_GEO,GSE13294,target_cohort_adaptive_zscore,svm_rbf
0.19,0.7459807127264244,TCGA_to_GEO,GSE13294,target_cohort_adaptive_zscore,svm_rbf
0.2,0.7814325988028356,TCGA_to_GEO,GSE13294,target_cohort_adaptive_zscore,svm_rbf
0.21,0.8168844848792467,TCGA_to_GEO,GSE13294,target_cohort_adaptive_zscore,svm_rbf
0.22,0.852336370955658,TCGA_to_GEO,GSE13294,target_cohort_adaptive_zscore,svm_rbf
0.23,0.8859480240339385,TCGA_to_GEO,GSE13294,target_cohort_adaptive_zscore,svm_rbf
0.24,0.9003517915746889,TCGA_to_GEO,GSE13294,target_cohort_adaptive_zscore,svm_rbf
0.25,0.9093288171737637,TCGA_to_GEO,GSE13294,target_cohort_adaptive_zscore,svm_rbf
0.26,0.9170556642662653,TCGA_to_GEO,GSE13294,target_cohort_adaptive_zscore,svm_rbf
0.27,0.9242000996188472,TCGA_to_GEO,GSE13294,target_cohort_adaptive_zscore,svm_rbf
0.28,0.9313445349714291,TCGA_to_GEO,GSE13294,target_cohort_adaptive_zscore,svm_rbf
0.29,0.938488970324011,TCGA_to_GEO,GSE13294,target_cohort_adaptive_zscore,svm_rbf
0.3,0.9449570191838417,TCGA_to_GEO,GSE13294,target_cohort_adaptive_zscore,svm_rbf
0.31,0.9508717255931328,TCGA_to_GEO,GSE13294,target_cohort_adaptive_zscore,svm_rbf
0.32,0.956786432002424,TCGA_to_GEO,GSE13294,target_cohort_adaptive_zscore,svm_rbf
0.33,0.9614044645782979,TCGA_to_GEO,GSE13294,target_cohort_adaptive_zscore,svm_rbf
0.34,0.965021795862896,TCGA_to_GEO,GSE13294,target_cohort_adaptive_zscore,svm_rbf
0.35000000000000003,0.9679126970785971,TCGA_to_GEO,GSE13294,target_cohort_adaptive_zscore,svm_rbf
0.36,0.970128687453928,TCGA_to_GEO,GSE13294,target_cohort_adaptive_zscore,svm_rbf
0.37,0.97208382996012,TCGA_to_GEO,GSE13294,target_cohort_adaptive_zscore,svm_rbf
0.38,0.9740389724663121,TCGA_to_GEO,GSE13294,target_cohort_adaptive_zscore,svm_rbf
0.39,0.9758037045451043,TCGA_to_GEO,GSE13294,target_cohort_adaptive_zscore,svm_rbf
0.4,0.9770884605351219,TCGA_to_GEO,GSE13294,target_cohort_adaptive_zscore,svm_rbf
0.41000000000000003,0.9782546229420345,TCGA_to_GEO,GSE13294,target_cohort_adaptive_zscore,svm_rbf
0.42,0.9794207853489469,TCGA_to_GEO,GSE13294,target_cohort_adaptive_zscore,svm_rbf
0.43,0.9805033570157807,TCGA_to_GEO,GSE13294,target_cohort_adaptive_zscore,svm_rbf
0.44,0.9813402511693362,TCGA_to_GEO,GSE13294,target_cohort_adaptive_zscore,svm_rbf
0.45,0.9821578418254138,TCGA_to_GEO,GSE13294,target_cohort_adaptive_zscore,svm_rbf
0.46,0.9829735069639823,TCGA_to_GEO,GSE13294,target_cohort_adaptive_zscore,svm_rbf
0.47000000000000003,0.9838161986346424,TCGA_to_GEO,GSE13294,target_cohort_adaptive_zscore,svm_rbf
0.48,0.9845285165433004,TCGA_to_GEO,GSE13294,target_cohort_adaptive_zscore,svm_rbf
0.49,0.985101431992747,TCGA_to_GEO,GSE13294,target_cohort_adaptive_zscore,svm_rbf
0.5,0.9856743474421936,TCGA_to_GEO,GSE13294,target_cohort_adaptive_zscore,svm_rbf
0.51,0.9862472628916401,TCGA_to_GEO,GSE13294,target_cohort_adaptive_zscore,svm_rbf
0.52,0.9868201783410867,TCGA_to_GEO,GSE13294,target_cohort_adaptive_zscore,svm_rbf
0.53,0.9873781671760047,TCGA_to_GEO,GSE13294,target_cohort_adaptive_zscore,svm_rbf
0.54,0.9878939535435958,TCGA_to_GEO,GSE13294,target_cohort_adaptive_zscore,svm_rbf
0.55,0.9884097399111867,TCGA_to_GEO,GSE13294,target_cohort_adaptive_zscore,svm_rbf
0.56,0.9889255262787777,TCGA_to_GEO,GSE13294,target_cohort_adaptive_zscore,svm_rbf
0.5700000000000001,0.9894479608915722,TCGA_to_GEO,GSE13294,target_cohort_adaptive_zscore,svm_rbf
0.58,0.9900089319828687,TCGA_to_GEO,GSE13294,target_cohort_adaptive_zscore,svm_rbf
0.59,0.9905697978903039,TCGA_to_GEO,GSE13294,target_cohort_adaptive_zscore,svm_rbf
0.6,0.9911304279282755,TCGA_to_GEO,GSE13294,target_cohort_adaptive_zscore,svm_rbf
0.61,0.9916910579662473,TCGA_to_GEO,GSE13294,target_cohort_adaptive_zscore,svm_rbf
0.62,0.992251600205455,TCGA_to_GEO,GSE13294,target_cohort_adaptive_zscore,svm_rbf
0.63,0.992798642047612,TCGA_to_GEO,GSE13294,target_cohort_adaptive_zscore,svm_rbf
0.64,0.9933355750348813,TCGA_to_GEO,GSE13294,target_cohort_adaptive_zscore,svm_rbf
0.65,0.9938582826865812,TCGA_to_GEO,GSE13294,target_cohort_adaptive_zscore,svm_rbf
0.66,0.9943596833773125,TCGA_to_GEO,GSE13294,target_cohort_adaptive_zscore,svm_rbf
0.67,0.9948610840680439,TCGA_to_GEO,GSE13294,target_cohort_adaptive_zscore,svm_rbf
0.68,0.9953624847587751,TCGA_to_GEO,GSE13294,target_cohort_adaptive_zscore,svm_rbf
0.6900000000000001,0.995857842595917,TCGA_to_GEO,GSE13294,target_cohort_adaptive_zscore,svm_rbf
0.7000000000000001,0.996311608116918,TCGA_to_GEO,GSE13294,target_cohort_adaptive_zscore,svm_rbf
0.71,0.9967556328107712,TCGA_to_GEO,GSE13294,target_cohort_adaptive_zscore,svm_rbf
0.72,0.9971996575046244,TCGA_to_GEO,GSE13294,target_cohort_adaptive_zscore,svm_rbf
0.73,0.9976436821984777,TCGA_to_GEO,GSE13294,target_cohort_adaptive_zscore,svm_rbf
0.74,0.9980877068923308,TCGA_to_GEO,GSE13294,target_cohort_adaptive_zscore,svm_rbf
0.75,0.9985018873766169,TCGA_to_GEO,GSE13294,target_cohort_adaptive_zscore,svm_rbf
0.76,0.9989022576354458,TCGA_to_GEO,GSE13294,target_cohort_adaptive_zscore,svm_rbf
0.77,0.9992544069592411,TCGA_to_GEO,GSE13294,target_cohort_adaptive_zscore,svm_rbf
0.78,0.9996065562830363,TCGA_to_GEO,GSE13294,target_cohort_adaptive_zscore,svm_rbf
0.79,0.9999587056068315,TCGA_to_GEO,GSE13294,target_cohort_adaptive_zscore,svm_rbf
0.8,1.0,TCGA_to_GEO,GSE13294,target_cohort_adaptive_zscore,svm_rbf
0.81,1.0,TCGA_to_GEO,GSE13294,target_cohort_adaptive_zscore,svm_rbf
0.8200000000000001,1.0,TCGA_to_GEO,GSE13294,target_cohort_adaptive_zscore,svm_rbf
0.8300000000000001,1.0,TCGA_to_GEO,GSE13294,target_cohort_adaptive_zscore,svm_rbf
0.84,1.0,TCGA_to_GEO,GSE13294,target_cohort_adaptive_zscore,svm_rbf
0.85,1.0,TCGA_to_GEO,GSE13294,target_cohort_adaptive_zscore,svm_rbf
0.86,1.0,TCGA_to_GEO,GSE13294,target_cohort_adaptive_zscore,svm_rbf
0.87,1.0,TCGA_to_GEO,GSE13294,target_cohort_adaptive_zscore,svm_rbf
0.88,1.0,TCGA_to_GEO,GSE13294,target_cohort_adaptive_zscore,svm_rbf
0.89,1.0,TCGA_to_GEO,GSE13294,target_cohort_adaptive_zscore,svm_rbf
0.9,1.0,TCGA_to_GEO,GSE13294,target_cohort_adaptive_zscore,svm_rbf
0.91,1.0,TCGA_to_GEO,GSE13294,target_cohort_adaptive_zscore,svm_rbf
0.92,1.0,TCGA_to_GEO,GSE13294,target_cohort_adaptive_zscore,svm_rbf
0.93,1.0,TCGA_to_GEO,GSE13294,target_cohort_adaptive_zscore,svm_rbf
0.9400000000000001,1.0,TCGA_to_GEO,GSE13294,target_cohort_adaptive_zscore,svm_rbf
0.9500000000000001,1.0,TCGA_to_GEO,GSE13294,target_cohort_adaptive_zscore,svm_rbf
0.96,1.0,TCGA_to_GEO,GSE13294,target_cohort_adaptive_zscore,svm_rbf
0.97,1.0,TCGA_to_GEO,GSE13294,target_cohort_adaptive_zscore,svm_rbf
0.98,1.0,TCGA_to_GEO,GSE13294,target_cohort_adaptive_zscore,svm_rbf
0.99,1.0,TCGA_to_GEO,GSE13294,target_cohort_adaptive_zscore,svm_rbf
1.0,1.0,TCGA_to_GEO,GSE13294,target_cohort_adaptive_zscore,svm_rbf
0.0,0.06888972999114333,TCGA_to_GEO,GSE13294,target_cohort_adaptive_zscore,xgboost
0.01,0.07006391790398452,TCGA_to_GEO,GSE13294,target_cohort_adaptive_zscore,xgboost
0.02,0.10518671865402084,TCGA_to_GEO,GSE13294,target_cohort_adaptive_zscore,xgboost
0.03,0.1401216822598457,TCGA_to_GEO,GSE13294,target_cohort_adaptive_zscore,xgboost
0.04,0.174865094166944,TCGA_to_GEO,GSE13294,target_cohort_adaptive_zscore,xgboost
0.05,0.20941439231498746,TCGA_to_GEO,GSE13294,target_cohort_adaptive_zscore,xgboost
0.06,0.24377642120819404,TCGA_to_GEO,GSE13294,target_cohort_adaptive_zscore,xgboost
0.07,0.27796950976034596,TCGA_to_GEO,GSE13294,target_cohort_adaptive_zscore,xgboost
0.08,0.3119657103540156,TCGA_to_GEO,GSE13294,target_cohort_adaptive_zscore,xgboost
0.09,0.3458042597967886,TCGA_to_GEO,GSE13294,target_cohort_adaptive_zscore,xgboost
0.1,0.37954404092389105,TCGA_to_GEO,GSE13294,target_cohort_adaptive_zscore,xgboost
0.11,0.4131012904072678,TCGA_to_GEO,GSE13294,target_cohort_adaptive_zscore,xgboost
0.12,0.44648351134901554,TCGA_to_GEO,GSE13294,target_cohort_adaptive_zscore,xgboost
0.13,0.4797911176907103,TCGA_to_GEO,GSE13294,target_cohort_adaptive_zscore,xgboost
0.14,0.51292512848999,TCGA_to_GEO,GSE13294,target_cohort_adaptive_zscore,xgboost
0.15,0.5459464885029294,TCGA_to_GEO,GSE13294,target_cohort_adaptive_zscore,xgboost
0.16,0.5787782356107173,TCGA_to_GEO,GSE13294,target_cohort_adaptive_zscore,xgboost
0.17,0.6113511531354207,TCGA_to_GEO,GSE13294,target_cohort_adaptive_zscore,xgboost
0.18,0.6437463535972336,TCGA_to_GEO,GSE13294,target_cohort_adaptive_zscore,xgboost
0.19,0.6755771878615964,TCGA_to_GEO,GSE13294,target_cohort_adaptive_zscore,xgboost
0.2,0.7060927193578791,TCGA_to_GEO,GSE13294,target_cohort_adaptive_zscore,xgboost
0.21,0.7350088329838219,TCGA_to_GEO,GSE13294,target_cohort_adaptive_zscore,xgboost
0.22,0.7639249466097648,TCGA_to_GEO,GSE13294,target_cohort_adaptive_zscore,xgboost
0.23,0.7895585408137538,TCGA_to_GEO,GSE13294,target_cohort_adaptive_zscore,xgboost
0.24,0.8090574017917413,TCGA_to_GEO,GSE13294,target_cohort_adaptive_zscore,xgboost
0.25,0.8243536438393332,TCGA_to_GEO,GSE13294,target_cohort_adaptive_zscore,xgboost
0.26,0.8354200112212158,TCGA_to_GEO,GSE13294,target_cohort_adaptive_zscore,xgboost
0.27,0.8426941259797066,TCGA_to_GEO,GSE13294,target_cohort_adaptive_zscore,xgboost
0.28,0.8485224627423239,TCGA_to_GEO,GSE13294,target_cohort_adaptive_zscore,xgboost
0.29,0.8547231552980286,TCGA_to_GEO,GSE13294,target_cohort_adaptive_zscore,xgboost
0.3,0.8620674478243737,TCGA_to_GEO,GSE13294,target_cohort_adaptive_zscore,xgboost
0.31,0.8702545445882905,TCGA_to_GEO,GSE13294,target_cohort_adaptive_zscore,xgboost
0.32,0.8780383463369965,TCGA_to_GEO,GSE13294,target_cohort_adaptive_zscore,xgboost
0.33,0.8853725087843158,TCGA_to_GEO,GSE13294,target_cohort_adaptive_zscore,xgboost
0.34,0.892706671231635,TCGA_to_GEO,GSE13294,target_cohort_adaptive_zscore,xgboost
0.35000000000000003,0.8999593497017208,TCGA_to_GEO,GSE13294,target_cohort_adaptive_zscore,xgboost
0.36,0.904244117117507,TCGA_to_GEO,GSE13294,target_cohort_adaptive_zscore,xgboost
0.37,0.9085288845332932,TCGA_to_GEO,GSE13294,target_cohort_adaptive_zscore,xgboost
0.38,0.9128136519490794,TCGA_to_GEO,GSE13294,target_cohort_adaptive_zscore,xgboost
0.39,0.9164010131804757,TCGA_to_GEO,GSE13294,target_cohort_adaptive_zscore,xgboost
0.4,0.9194230727019519,TCGA_to_GEO,GSE13294,target_cohort_adaptive_zscore,xgboost
0.41000000000000003,0.922445132223428,TCGA_to_GEO,GSE13294,target_cohort_adaptive_zscore,xgboost
0.42,0.9254671917449042,TCGA_to_GEO,GSE13294,target_cohort_adaptive_zscore,xgboost
0.43,0.9284892512663805,TCGA_to_GEO,GSE13294,target_cohort_adaptive_zscore,xgboost
0.44,0.9315113107878567,TCGA_to_GEO,GSE13294,target_cohort_adaptive_zscore,xgboost
0.45,0.934593843018022,TCGA_to_GEO,GSE13294,target_cohort_adaptive_zscore,xgboost
0.46,0.937725263589644,TCGA_to_GEO,GSE13294,target_cohort_adaptive_zscore,xgboost
0.47000000000000003,0.9407934237279904,TCGA_to_GEO,GSE13294,target_cohort_adaptive_zscore,xgboost
0.48,0.9438205192399576,TCGA_to_GEO,GSE13294,target_cohort_adaptive_zscore,xgboost
0.49,0.946355471185266,TCGA_to_GEO,GSE13294,target_cohort_adaptive_zscore,xgboost
0.5,0.9487308848300023,TCGA_to_GEO,GSE13294,target_cohort_adaptive_zscore,xgboost
0.51,0.9503999991701103,TCGA_to_GEO,GSE13294,target_cohort_adaptive_zscore,xgboost
0.52,0.951889225112532,TCGA_to_GEO,GSE13294,target_cohort_adaptive_zscore,xgboost
0.53,0.9534904197578878,TCGA_to_GEO,GSE13294,target_cohort_adaptive_zscore,xgboost
0.54,0.9550916144032436,TCGA_to_GEO,GSE13294,target_cohort_adaptive_zscore,xgboost
0.55,0.9566928090485994,TCGA_to_GEO,GSE13294,target_cohort_adaptive_zscore,xgboost
0.56,0.9582940036939551,TCGA_to_GEO,GSE13294,target_cohort_adaptive_zscore,xgboost
0.5700000000000001,0.9598951983393109,TCGA_to_GEO,GSE13294,target_cohort_adaptive_zscore,xgboost
0.58,0.9614963929846667,TCGA_to_GEO,GSE13294,target_cohort_adaptive_zscore,xgboost
0.59,0.9632236569180558,TCGA_to_GEO,GSE13294,target_cohort_adaptive_zscore,xgboost
0.6,0.9651783419764032,TCGA_to_GEO,GSE13294,target_cohort_adaptive_zscore,xgboost
0.61,0.9671965108595155,TCGA_to_GEO,GSE13294,target_cohort_adaptive_zscore,xgboost
0.62,0.9692278535172077,TCGA_to_GEO,GSE13294,target_cohort_adaptive_zscore,xgboost
0.63,0.9712591961749,TCGA_to_GEO,GSE13294,target_cohort_adaptive_zscore,xgboost
0.64,0.9733107777247129,TCGA_to_GEO,GSE13294,target_cohort_adaptive_zscore,xgboost
0.65,0.9753551787088938,TCGA_to_GEO,GSE13294,target_cohort_adaptive_zscore,xgboost
0.66,0.9773995796930748,TCGA_to_GEO,GSE13294,target_cohort_adaptive_zscore,xgboost
0.67,0.9794370327249833,TCGA_to_GEO,GSE13294,target_cohort_adaptive_zscore,xgboost
0.68,0.9814514092725616,TCGA_to_GEO,GSE13294,target_cohort_adaptive_zscore,xgboost
0.6900000000000001,0.9834388696186999,TCGA_to_GEO,GSE13294,target_cohort_adaptive_zscore,xgboost
0.7000000000000001,0.985403235373921,TCGA_to_GEO,GSE13294,target_cohort_adaptive_zscore,xgboost
0.71,0.9873676011291422,TCGA_to_GEO,GSE13294,target_cohort_adaptive_zscore,xgboost
0.72,0.9892910365266059,TCGA_to_GEO,GSE13294,target_cohort_adaptive_zscore,xgboost
0.73,0.9911936364331582,TCGA_to_GEO,GSE13294,target_cohort_adaptive_zscore,xgboost
0.74,0.9930568664042567,TCGA_to_GEO,GSE13294,target_cohort_adaptive_zscore,xgboost
0.75,0.9948929646746251,TCGA_to_GEO,GSE13294,target_cohort_adaptive_zscore,xgboost
0.76,0.9966980084167556,TCGA_to_GEO,GSE13294,target_cohort_adaptive_zscore,xgboost
0.77,0.9984527114465428,TCGA_to_GEO,GSE13294,target_cohort_adaptive_zscore,xgboost
0.78,0.9989433039168651,TCGA_to_GEO,GSE13294,target_cohort_adaptive_zscore,xgboost
0.79,0.9994338963871875,TCGA_to_GEO,GSE13294,target_cohort_adaptive_zscore,xgboost
0.8,0.99992448885751,TCGA_to_GEO,GSE13294,target_cohort_adaptive_zscore,xgboost
0.81,1.0,TCGA_to_GEO,GSE13294,target_cohort_adaptive_zscore,xgboost
0.8200000000000001,1.0,TCGA_to_GEO,GSE13294,target_cohort_adaptive_zscore,xgboost
0.8300000000000001,1.0,TCGA_to_GEO,GSE13294,target_cohort_adaptive_zscore,xgboost
0.84,1.0,TCGA_to_GEO,GSE13294,target_cohort_adaptive_zscore,xgboost
0.85,1.0,TCGA_to_GEO,GSE13294,target_cohort_adaptive_zscore,xgboost
0.86,1.0,TCGA_to_GEO,GSE13294,target_cohort_adaptive_zscore,xgboost
0.87,1.0,TCGA_to_GEO,GSE13294,target_cohort_adaptive_zscore,xgboost
0.88,1.0,TCGA_to_GEO,GSE13294,target_cohort_adaptive_zscore,xgboost
0.89,1.0,TCGA_to_GEO,GSE13294,target_cohort_adaptive_zscore,xgboost
0.9,1.0,TCGA_to_GEO,GSE13294,target_cohort_adaptive_zscore,xgboost
0.91,1.0,TCGA_to_GEO,GSE13294,target_cohort_adaptive_zscore,xgboost
0.92,1.0,TCGA_to_GEO,GSE13294,target_cohort_adaptive_zscore,xgboost
0.93,1.0,TCGA_to_GEO,GSE13294,target_cohort_adaptive_zscore,xgboost
0.9400000000000001,1.0,TCGA_to_GEO,GSE13294,target_cohort_adaptive_zscore,xgboost
0.9500000000000001,1.0,TCGA_to_GEO,GSE13294,target_cohort_adaptive_zscore,xgboost
0.96,1.0,TCGA_to_GEO,GSE13294,target_cohort_adaptive_zscore,xgboost
0.97,1.0,TCGA_to_GEO,GSE13294,target_cohort_adaptive_zscore,xgboost
0.98,1.0,TCGA_to_GEO,GSE13294,target_cohort_adaptive_zscore,xgboost
0.99,1.0,TCGA_to_GEO,GSE13294,target_cohort_adaptive_zscore,xgboost
1.0,1.0,TCGA_to_GEO,GSE13294,target_cohort_adaptive_zscore,xgboost
0.0,0.26078651256097574,TCGA_to_GEO,GSE18088,fixed_log_expression,elastic_net
0.01,0.26078651256097574,TCGA_to_GEO,GSE18088,fixed_log_expression,elastic_net
0.02,0.26078651256097574,TCGA_to_GEO,GSE18088,fixed_log_expression,elastic_net
0.03,0.26078651256097574,TCGA_to_GEO,GSE18088,fixed_log_expression,elastic_net
0.04,0.26078651256097574,TCGA_to_GEO,GSE18088,fixed_log_expression,elastic_net
0.05,0.26078651256097574,TCGA_to_GEO,GSE18088,fixed_log_expression,elastic_net
0.06,0.26078651256097574,TCGA_to_GEO,GSE18088,fixed_log_expression,elastic_net
0.07,0.26078651256097574,TCGA_to_GEO,GSE18088,fixed_log_expression,elastic_net
0.08,0.26078651256097574,TCGA_to_GEO,GSE18088,fixed_log_expression,elastic_net
0.09,0.26078651256097574,TCGA_to_GEO,GSE18088,fixed_log_expression,elastic_net
0.1,0.26078651256097574,TCGA_to_GEO,GSE18088,fixed_log_expression,elastic_net
0.11,0.26078651256097574,TCGA_to_GEO,GSE18088,fixed_log_expression,elastic_net
0.12,0.26078651256097574,TCGA_to_GEO,GSE18088,fixed_log_expression,elastic_net
0.13,0.26078651256097574,TCGA_to_GEO,GSE18088,fixed_log_expression,elastic_net
0.14,0.26078651256097574,TCGA_to_GEO,GSE18088,fixed_log_expression,elastic_net
0.15,0.26078651256097574,TCGA_to_GEO,GSE18088,fixed_log_expression,elastic_net
0.16,0.26078651256097574,TCGA_to_GEO,GSE18088,fixed_log_expression,elastic_net
0.17,0.26078651256097574,TCGA_to_GEO,GSE18088,fixed_log_expression,elastic_net
0.18,0.26078651256097574,TCGA_to_GEO,GSE18088,fixed_log_expression,elastic_net
0.19,0.26078651256097574,TCGA_to_GEO,GSE18088,fixed_log_expression,elastic_net
0.2,0.26078651256097574,TCGA_to_GEO,GSE18088,fixed_log_expression,elastic_net
0.21,0.26078651256097574,TCGA_to_GEO,GSE18088,fixed_log_expression,elastic_net
0.22,0.26078651256097574,TCGA_to_GEO,GSE18088,fixed_log_expression,elastic_net
0.23,0.26078651256097574,TCGA_to_GEO,GSE18088,fixed_log_expression,elastic_net
0.24,0.26078651256097574,TCGA_to_GEO,GSE18088,fixed_log_expression,elastic_net
0.25,0.26078651256097574,TCGA_to_GEO,GSE18088,fixed_log_expression,elastic_net
0.26,0.26078651256097574,TCGA_to_GEO,GSE18088,fixed_log_expression,elastic_net
0.27,0.26078651256097574,TCGA_to_GEO,GSE18088,fixed_log_expression,elastic_net
0.28,0.26078651256097574,TCGA_to_GEO,GSE18088,fixed_log_expression,elastic_net
0.29,0.26078651256097574,TCGA_to_GEO,GSE18088,fixed_log_expression,elastic_net
0.3,0.26078651256097574,TCGA_to_GEO,GSE18088,fixed_log_expression,elastic_net
0.31,0.26078651256097574,TCGA_to_GEO,GSE18088,fixed_log_expression,elastic_net
0.32,0.26078651256097574,TCGA_to_GEO,GSE18088,fixed_log_expression,elastic_net
0.33,0.26078651256097574,TCGA_to_GEO,GSE18088,fixed_log_expression,elastic_net
0.34,0.26078651256097574,TCGA_to_GEO,GSE18088,fixed_log_expression,elastic_net
0.35000000000000003,0.26078651256097574,TCGA_to_GEO,GSE18088,fixed_log_expression,elastic_net
0.36,0.26078651256097574,TCGA_to_GEO,GSE18088,fixed_log_expression,elastic_net
0.37,0.26078651256097574,TCGA_to_GEO,GSE18088,fixed_log_expression,elastic_net
0.38,0.26078651256097574,TCGA_to_GEO,GSE18088,fixed_log_expression,elastic_net
0.39,0.26078651256097574,TCGA_to_GEO,GSE18088,fixed_log_expression,elastic_net
0.4,0.26078651256097574,TCGA_to_GEO,GSE18088,fixed_log_expression,elastic_net
0.41000000000000003,0.26078651256097574,TCGA_to_GEO,GSE18088,fixed_log_expression,elastic_net
0.42,0.26078651256097574,TCGA_to_GEO,GSE18088,fixed_log_expression,elastic_net
0.43,0.26078651256097574,TCGA_to_GEO,GSE18088,fixed_log_expression,elastic_net
0.44,0.26078651256097574,TCGA_to_GEO,GSE18088,fixed_log_expression,elastic_net
0.45,0.26078651256097574,TCGA_to_GEO,GSE18088,fixed_log_expression,elastic_net
0.46,0.26078651256097574,TCGA_to_GEO,GSE18088,fixed_log_expression,elastic_net
0.47000000000000003,0.26078651256097574,TCGA_to_GEO,GSE18088,fixed_log_expression,elastic_net
0.48,0.26078651256097574,TCGA_to_GEO,GSE18088,fixed_log_expression,elastic_net
0.49,0.26078651256097574,TCGA_to_GEO,GSE18088,fixed_log_expression,elastic_net
0.5,0.26078651256097574,TCGA_to_GEO,GSE18088,fixed_log_expression,elastic_net
0.51,0.26078651256097574,TCGA_to_GEO,GSE18088,fixed_log_expression,elastic_net
0.52,0.26078651256097574,TCGA_to_GEO,GSE18088,fixed_log_expression,elastic_net
0.53,0.26078651256097574,TCGA_to_GEO,GSE18088,fixed_log_expression,elastic_net
0.54,0.26078651256097574,TCGA_to_GEO,GSE18088,fixed_log_expression,elastic_net
0.55,0.26078651256097574,TCGA_to_GEO,GSE18088,fixed_log_expression,elastic_net
0.56,0.26078651256097574,TCGA_to_GEO,GSE18088,fixed_log_expression,elastic_net
0.5700000000000001,0.26078651256097574,TCGA_to_GEO,GSE18088,fixed_log_expression,elastic_net
0.58,0.26078651256097574,TCGA_to_GEO,GSE18088,fixed_log_expression,elastic_net
0.59,0.26078651256097574,TCGA_to_GEO,GSE18088,fixed_log_expression,elastic_net
0.6,0.26078651256097574,TCGA_to_GEO,GSE18088,fixed_log_expression,elastic_net
0.61,0.26078651256097574,TCGA_to_GEO,GSE18088,fixed_log_expression,elastic_net
0.62,0.26078651256097574,TCGA_to_GEO,GSE18088,fixed_log_expression,elastic_net
0.63,0.26078651256097574,TCGA_to_GEO,GSE18088,fixed_log_expression,elastic_net
0.64,0.26078651256097574,TCGA_to_GEO,GSE18088,fixed_log_expression,elastic_net
0.65,0.26078651256097574,TCGA_to_GEO,GSE18088,fixed_log_expression,elastic_net
0.66,0.26078651256097574,TCGA_to_GEO,GSE18088,fixed_log_expression,elastic_net
0.67,0.26078651256097574,TCGA_to_GEO,GSE18088,fixed_log_expression,elastic_net
0.68,0.26078651256097574,TCGA_to_GEO,GSE18088,fixed_log_expression,elastic_net
0.6900000000000001,0.26078651256097574,TCGA_to_GEO,GSE18088,fixed_log_expression,elastic_net
0.7000000000000001,0.26078651256097574,TCGA_to_GEO,GSE18088,fixed_log_expression,elastic_net
0.71,0.26078651256097574,TCGA_to_GEO,GSE18088,fixed_log_expression,elastic_net
0.72,0.26078651256097574,TCGA_to_GEO,GSE18088,fixed_log_expression,elastic_net
0.73,0.26078651256097574,TCGA_to_GEO,GSE18088,fixed_log_expression,elastic_net
0.74,0.26078651256097574,TCGA_to_GEO,GSE18088,fixed_log_expression,elastic_net
0.75,0.26078651256097574,TCGA_to_GEO,GSE18088,fixed_log_expression,elastic_net
0.76,0.26078651256097574,TCGA_to_GEO,GSE18088,fixed_log_expression,elastic_net
0.77,0.26078651256097574,TCGA_to_GEO,GSE18088,fixed_log_expression,elastic_net
0.78,0.26078651256097574,TCGA_to_GEO,GSE18088,fixed_log_expression,elastic_net
0.79,0.26078651256097574,TCGA_to_GEO,GSE18088,fixed_log_expression,elastic_net
0.8,0.26078651256097574,TCGA_to_GEO,GSE18088,fixed_log_expression,elastic_net
0.81,0.26078651256097574,TCGA_to_GEO,GSE18088,fixed_log_expression,elastic_net
0.8200000000000001,0.26078651256097574,TCGA_to_GEO,GSE18088,fixed_log_expression,elastic_net
0.8300000000000001,0.26078651256097574,TCGA_to_GEO,GSE18088,fixed_log_expression,elastic_net
0.84,0.26078651256097574,TCGA_to_GEO,GSE18088,fixed_log_expression,elastic_net
0.85,0.26078651256097574,TCGA_to_GEO,GSE18088,fixed_log_expression,elastic_net
0.86,0.26078651256097574,TCGA_to_GEO,GSE18088,fixed_log_expression,elastic_net
0.87,0.26078651256097574,TCGA_to_GEO,GSE18088,fixed_log_expression,elastic_net
0.88,0.26078651256097574,TCGA_to_GEO,GSE18088,fixed_log_expression,elastic_net
0.89,0.26078651256097574,TCGA_to_GEO,GSE18088,fixed_log_expression,elastic_net
0.9,0.26078651256097574,TCGA_to_GEO,GSE18088,fixed_log_expression,elastic_net
0.91,0.26078651256097574,TCGA_to_GEO,GSE18088,fixed_log_expression,elastic_net
0.92,0.26078651256097574,TCGA_to_GEO,GSE18088,fixed_log_expression,elastic_net
0.93,0.26078651256097574,TCGA_to_GEO,GSE18088,fixed_log_expression,elastic_net
0.9400000000000001,0.26078651256097574,TCGA_to_GEO,GSE18088,fixed_log_expression,elastic_net
0.9500000000000001,0.26078651256097574,TCGA_to_GEO,GSE18088,fixed_log_expression,elastic_net
0.96,0.26078651256097574,TCGA_to_GEO,GSE18088,fixed_log_expression,elastic_net
0.97,0.26078651256097574,TCGA_to_GEO,GSE18088,fixed_log_expression,elastic_net
0.98,0.1635874482647542,TCGA_to_GEO,GSE18088,fixed_log_expression,elastic_net
0.99,0.0,TCGA_to_GEO,GSE18088,fixed_log_expression,elastic_net
1.0,0.8956703004918989,TCGA_to_GEO,GSE18088,fixed_log_expression,elastic_net
0.0,0.41290605914690814,TCGA_to_GEO,GSE18088,fixed_log_expression,svm_rbf
0.01,0.41290605914690814,TCGA_to_GEO,GSE18088,fixed_log_expression,svm_rbf
0.02,0.41290605914690814,TCGA_to_GEO,GSE18088,fixed_log_expression,svm_rbf
0.03,0.41290605914690814,TCGA_to_GEO,GSE18088,fixed_log_expression,svm_rbf
0.04,0.41290605914690814,TCGA_to_GEO,GSE18088,fixed_log_expression,svm_rbf
0.05,0.41290605914690814,TCGA_to_GEO,GSE18088,fixed_log_expression,svm_rbf
0.06,0.41290605914690814,TCGA_to_GEO,GSE18088,fixed_log_expression,svm_rbf
0.07,0.41290605914690814,TCGA_to_GEO,GSE18088,fixed_log_expression,svm_rbf
0.08,0.41290605914690814,TCGA_to_GEO,GSE18088,fixed_log_expression,svm_rbf
0.09,0.41290605914690814,TCGA_to_GEO,GSE18088,fixed_log_expression,svm_rbf
0.1,0.41290605914690814,TCGA_to_GEO,GSE18088,fixed_log_expression,svm_rbf
0.11,0.41290605914690814,TCGA_to_GEO,GSE18088,fixed_log_expression,svm_rbf
0.12,0.41290605914690814,TCGA_to_GEO,GSE18088,fixed_log_expression,svm_rbf
0.13,0.41290605914690814,TCGA_to_GEO,GSE18088,fixed_log_expression,svm_rbf
0.14,0.41290605914690814,TCGA_to_GEO,GSE18088,fixed_log_expression,svm_rbf
0.15,0.41290605914690814,TCGA_to_GEO,GSE18088,fixed_log_expression,svm_rbf
0.16,0.41290605914690814,TCGA_to_GEO,GSE18088,fixed_log_expression,svm_rbf
0.17,0.41290605914690814,TCGA_to_GEO,GSE18088,fixed_log_expression,svm_rbf
0.18,0.41290605914690814,TCGA_to_GEO,GSE18088,fixed_log_expression,svm_rbf
0.19,0.41290605914690814,TCGA_to_GEO,GSE18088,fixed_log_expression,svm_rbf
0.2,0.41290605914690814,TCGA_to_GEO,GSE18088,fixed_log_expression,svm_rbf
0.21,0.41290605914690814,TCGA_to_GEO,GSE18088,fixed_log_expression,svm_rbf
0.22,0.41290605914690814,TCGA_to_GEO,GSE18088,fixed_log_expression,svm_rbf
0.23,0.41290605914690814,TCGA_to_GEO,GSE18088,fixed_log_expression,svm_rbf
0.24,0.41290605914690814,TCGA_to_GEO,GSE18088,fixed_log_expression,svm_rbf
0.25,0.41290605914690814,TCGA_to_GEO,GSE18088,fixed_log_expression,svm_rbf
0.26,0.41290605914690814,TCGA_to_GEO,GSE18088,fixed_log_expression,svm_rbf
0.27,0.41290605914690814,TCGA_to_GEO,GSE18088,fixed_log_expression,svm_rbf
0.28,0.41290605914690814,TCGA_to_GEO,GSE18088,fixed_log_expression,svm_rbf
0.29,0.41290605914690814,TCGA_to_GEO,GSE18088,fixed_log_expression,svm_rbf
0.3,0.41290605914690814,TCGA_to_GEO,GSE18088,fixed_log_expression,svm_rbf
0.31,0.41290605914690814,TCGA_to_GEO,GSE18088,fixed_log_expression,svm_rbf
0.32,0.41290605914690814,TCGA_to_GEO,GSE18088,fixed_log_expression,svm_rbf
0.33,0.41290605914690814,TCGA_to_GEO,GSE18088,fixed_log_expression,svm_rbf
0.34,0.41290605914690814,TCGA_to_GEO,GSE18088,fixed_log_expression,svm_rbf
0.35000000000000003,0.41290605914690814,TCGA_to_GEO,GSE18088,fixed_log_expression,svm_rbf
0.36,0.41290605914690814,TCGA_to_GEO,GSE18088,fixed_log_expression,svm_rbf
0.37,0.41290605914690814,TCGA_to_GEO,GSE18088,fixed_log_expression,svm_rbf
0.38,0.40287248152465266,TCGA_to_GEO,GSE18088,fixed_log_expression,svm_rbf
0.39,0.36091291278795357,TCGA_to_GEO,GSE18088,fixed_log_expression,svm_rbf
0.4,0.3189533440512544,TCGA_to_GEO,GSE18088,fixed_log_expression,svm_rbf
0.41000000000000003,0.27699377531455527,TCGA_to_GEO,GSE18088,fixed_log_expression,svm_rbf
0.42,0.23503420657785637,TCGA_to_GEO,GSE18088,fixed_log_expression,svm_rbf
0.43,0.19307463784115725,TCGA_to_GEO,GSE18088,fixed_log_expression,svm_rbf
0.44,0.15236034415336897,TCGA_to_GEO,GSE18088,fixed_log_expression,svm_rbf
0.45,0.11255362764933435,TCGA_to_GEO,GSE18088,fixed_log_expression,svm_rbf
0.46,0.07388338705247356,TCGA_to_GEO,GSE18088,fixed_log_expression,svm_rbf
0.47000000000000003,0.03847267814582796,TCGA_to_GEO,GSE18088,fixed_log_expression,svm_rbf
0.48,0.012665131164697328,TCGA_to_GEO,GSE18088,fixed_log_expression,svm_rbf
0.49,0.003376085766480128,TCGA_to_GEO,GSE18088,fixed_log_expression,svm_rbf
0.5,0.01408388866331958,TCGA_to_GEO,GSE18088,fixed_log_expression,svm_rbf
0.51,0.03293563313727412,TCGA_to_GEO,GSE18088,fixed_log_expression,svm_rbf
0.52,0.05517982519461766,TCGA_to_GEO,GSE18088,fixed_log_expression,svm_rbf
0.53,0.10177661924921881,TCGA_to_GEO,GSE18088,fixed_log_expression,svm_rbf
0.54,0.16401983654286456,TCGA_to_GEO,GSE18088,fixed_log_expression,svm_rbf
0.55,0.24426390321869335,TCGA_to_GEO,GSE18088,fixed_log_expression,svm_rbf
0.56,0.32450796989452213,TCGA_to_GEO,GSE18088,fixed_log_expression,svm_rbf
0.5700000000000001,0.40475203657035086,TCGA_to_GEO,GSE18088,fixed_log_expression,svm_rbf
0.58,0.47599504819707783,TCGA_to_GEO,GSE18088,fixed_log_expression,svm_rbf
0.59,0.5358085515545254,TCGA_to_GEO,GSE18088,fixed_log_expression,svm_rbf
0.6,0.5953017398799312,TCGA_to_GEO,GSE18088,fixed_log_expression,svm_rbf
0.61,0.6558662592242166,TCGA_to_GEO,GSE18088,fixed_log_expression,svm_rbf
0.62,0.7175691859112802,TCGA_to_GEO,GSE18088,fixed_log_expression,svm_rbf
0.63,0.7786206614665825,TCGA_to_GEO,GSE18088,fixed_log_expression,svm_rbf
0.64,0.8384631911766371,TCGA_to_GEO,GSE18088,fixed_log_expression,svm_rbf
0.65,0.897868564703364,TCGA_to_GEO,GSE18088,fixed_log_expression,svm_rbf
0.66,0.9520238521548295,TCGA_to_GEO,GSE18088,fixed_log_expression,svm_rbf
0.67,1.0,TCGA_to_GEO,GSE18088,fixed_log_expression,svm_rbf
0.68,1.0,TCGA_to_GEO,GSE18088,fixed_log_expression,svm_rbf
0.6900000000000001,1.0,TCGA_to_GEO,GSE18088,fixed_log_expression,svm_rbf
0.7000000000000001,1.0,TCGA_to_GEO,GSE18088,fixed_log_expression,svm_rbf
0.71,1.0,TCGA_to_GEO,GSE18088,fixed_log_expression,svm_rbf
0.72,1.0,TCGA_to_GEO,GSE18088,fixed_log_expression,svm_rbf
0.73,1.0,TCGA_to_GEO,GSE18088,fixed_log_expression,svm_rbf
0.74,1.0,TCGA_to_GEO,GSE18088,fixed_log_expression,svm_rbf
0.75,1.0,TCGA_to_GEO,GSE18088,fixed_log_expression,svm_rbf
0.76,1.0,TCGA_to_GEO,GSE18088,fixed_log_expression,svm_rbf
0.77,1.0,TCGA_to_GEO,GSE18088,fixed_log_expression,svm_rbf
0.78,1.0,TCGA_to_GEO,GSE18088,fixed_log_expression,svm_rbf
0.79,1.0,TCGA_to_GEO,GSE18088,fixed_log_expression,svm_rbf
0.8,1.0,TCGA_to_GEO,GSE18088,fixed_log_expression,svm_rbf
0.81,1.0,TCGA_to_GEO,GSE18088,fixed_log_expression,svm_rbf
0.8200000000000001,1.0,TCGA_to_GEO,GSE18088,fixed_log_expression,svm_rbf
0.8300000000000001,1.0,TCGA_to_GEO,GSE18088,fixed_log_expression,svm_rbf
0.84,1.0,TCGA_to_GEO,GSE18088,fixed_log_expression,svm_rbf
0.85,1.0,TCGA_to_GEO,GSE18088,fixed_log_expression,svm_rbf
0.86,1.0,TCGA_to_GEO,GSE18088,fixed_log_expression,svm_rbf
0.87,1.0,TCGA_to_GEO,GSE18088,fixed_log_expression,svm_rbf
0.88,1.0,TCGA_to_GEO,GSE18088,fixed_log_expression,svm_rbf
0.89,1.0,TCGA_to_GEO,GSE18088,fixed_log_expression,svm_rbf
0.9,1.0,TCGA_to_GEO,GSE18088,fixed_log_expression,svm_rbf
0.91,1.0,TCGA_to_GEO,GSE18088,fixed_log_expression,svm_rbf
0.92,1.0,TCGA_to_GEO,GSE18088,fixed_log_expression,svm_rbf
0.93,1.0,TCGA_to_GEO,GSE18088,fixed_log_expression,svm_rbf
0.9400000000000001,1.0,TCGA_to_GEO,GSE18088,fixed_log_expression,svm_rbf
0.9500000000000001,1.0,TCGA_to_GEO,GSE18088,fixed_log_expression,svm_rbf
0.96,1.0,TCGA_to_GEO,GSE18088,fixed_log_expression,svm_rbf
0.97,1.0,TCGA_to_GEO,GSE18088,fixed_log_expression,svm_rbf
0.98,1.0,TCGA_to_GEO,GSE18088,fixed_log_expression,svm_rbf
0.99,1.0,TCGA_to_GEO,GSE18088,fixed_log_expression,svm_rbf
1.0,1.0,TCGA_to_GEO,GSE18088,fixed_log_expression,svm_rbf
0.0,0.06428263405869081,TCGA_to_GEO,GSE18088,fixed_log_expression,xgboost
0.01,0.06428263405869081,TCGA_to_GEO,GSE18088,fixed_log_expression,xgboost
0.02,0.06428263405869081,TCGA_to_GEO,GSE18088,fixed_log_expression,xgboost
0.03,0.06428263405869081,TCGA_to_GEO,GSE18088,fixed_log_expression,xgboost
0.04,0.06428263405869081,TCGA_to_GEO,GSE18088,fixed_log_expression,xgboost
0.05,0.06428263405869081,TCGA_to_GEO,GSE18088,fixed_log_expression,xgboost
0.06,0.06428263405869081,TCGA_to_GEO,GSE18088,fixed_log_expression,xgboost
0.07,0.06428263405869081,TCGA_to_GEO,GSE18088,fixed_log_expression,xgboost
0.08,0.06428263405869081,TCGA_to_GEO,GSE18088,fixed_log_expression,xgboost
0.09,0.06428263405869081,TCGA_to_GEO,GSE18088,fixed_log_expression,xgboost
0.1,0.06428263405869081,TCGA_to_GEO,GSE18088,fixed_log_expression,xgboost
0.11,0.06428263405869081,TCGA_to_GEO,GSE18088,fixed_log_expression,xgboost
0.12,0.06428263405869081,TCGA_to_GEO,GSE18088,fixed_log_expression,xgboost
0.13,0.06144212935631707,TCGA_to_GEO,GSE18088,fixed_log_expression,xgboost
0.14,0.05492142455082029,TCGA_to_GEO,GSE18088,fixed_log_expression,xgboost
0.15,0.04925513485542993,TCGA_to_GEO,GSE18088,fixed_log_expression,xgboost
0.16,0.04425630384901525,TCGA_to_GEO,GSE18088,fixed_log_expression,xgboost
0.17,0.03988030031896856,TCGA_to_GEO,GSE18088,fixed_log_expression,xgboost
0.18,0.03768626533935097,TCGA_to_GEO,GSE18088,fixed_log_expression,xgboost
0.19,0.03923864746794115,TCGA_to_GEO,GSE18088,fixed_log_expression,xgboost
0.2,0.04079102959653134,TCGA_to_GEO,GSE18088,fixed_log_expression,xgboost
0.21,0.04234341172512152,TCGA_to_GEO,GSE18088,fixed_log_expression,xgboost
0.22,0.043895793853711715,TCGA_to_GEO,GSE18088,fixed_log_expression,xgboost
0.23,0.0454481759823019,TCGA_to_GEO,GSE18088,fixed_log_expression,xgboost
0.24,0.047000558110892085,TCGA_to_GEO,GSE18088,fixed_log_expression,xgboost
0.25,0.05300362863742094,TCGA_to_GEO,GSE18088,fixed_log_expression,xgboost
0.26,0.07359541426584504,TCGA_to_GEO,GSE18088,fixed_log_expression,xgboost
0.27,0.1035738642855109,TCGA_to_GEO,GSE18088,fixed_log_expression,xgboost
0.28,0.16091475033634584,TCGA_to_GEO,GSE18088,fixed_log_expression,xgboost
0.29,0.20672510334334868,TCGA_to_GEO,GSE18088,fixed_log_expression,xgboost
0.3,0.2626649070437957,TCGA_to_GEO,GSE18088,fixed_log_expression,xgboost
0.31,0.3218660265454994,TCGA_to_GEO,GSE18088,fixed_log_expression,xgboost
0.32,0.3810671460472031,TCGA_to_GEO,GSE18088,fixed_log_expression,xgboost
0.33,0.4403234660115093,TCGA_to_GEO,GSE18088,fixed_log_expression,xgboost
0.34,0.4999148506446744,TCGA_to_GEO,GSE18088,fixed_log_expression,xgboost
0.35000000000000003,0.5595062352778395,TCGA_to_GEO,GSE18088,fixed_log_expression,xgboost
0.36,0.6179118134596078,TCGA_to_GEO,GSE18088,fixed_log_expression,xgboost
0.37,0.6754373405124934,TCGA_to_GEO,GSE18088,fixed_log_expression,xgboost
0.38,0.7324668546830299,TCGA_to_GEO,GSE18088,fixed_log_expression,xgboost
0.39,0.7890495066427242,TCGA_to_GEO,GSE18088,fixed_log_expression,xgboost
0.4,0.8450374149466386,TCGA_to_GEO,GSE18088,fixed_log_expression,xgboost
0.41000000000000003,0.9005007846656615,TCGA_to_GEO,GSE18088,fixed_log_expression,xgboost
0.42,0.9554985623008073,TCGA_to_GEO,GSE18088,fixed_log_expression,xgboost
0.43,1.0,TCGA_to_GEO,GSE18088,fixed_log_expression,xgboost
0.44,1.0,TCGA_to_GEO,GSE18088,fixed_log_expression,xgboost
0.45,1.0,TCGA_to_GEO,GSE18088,fixed_log_expression,xgboost
0.46,1.0,TCGA_to_GEO,GSE18088,fixed_log_expression,xgboost
0.47000000000000003,1.0,TCGA_to_GEO,GSE18088,fixed_log_expression,xgboost
0.48,1.0,TCGA_to_GEO,GSE18088,fixed_log_expression,xgboost
0.49,1.0,TCGA_to_GEO,GSE18088,fixed_log_expression,xgboost
0.5,1.0,TCGA_to_GEO,GSE18088,fixed_log_expression,xgboost
0.51,1.0,TCGA_to_GEO,GSE18088,fixed_log_expression,xgboost
0.52,1.0,TCGA_to_GEO,GSE18088,fixed_log_expression,xgboost
0.53,1.0,TCGA_to_GEO,GSE18088,fixed_log_expression,xgboost
0.54,1.0,TCGA_to_GEO,GSE18088,fixed_log_expression,xgboost
0.55,1.0,TCGA_to_GEO,GSE18088,fixed_log_expression,xgboost
0.56,1.0,TCGA_to_GEO,GSE18088,fixed_log_expression,xgboost
0.5700000000000001,1.0,TCGA_to_GEO,GSE18088,fixed_log_expression,xgboost
0.58,1.0,TCGA_to_GEO,GSE18088,fixed_log_expression,xgboost
0.59,1.0,TCGA_to_GEO,GSE18088,fixed_log_expression,xgboost
0.6,1.0,TCGA_to_GEO,GSE18088,fixed_log_expression,xgboost
0.61,1.0,TCGA_to_GEO,GSE18088,fixed_log_expression,xgboost
0.62,1.0,TCGA_to_GEO,GSE18088,fixed_log_expression,xgboost
0.63,1.0,TCGA_to_GEO,GSE18088,fixed_log_expression,xgboost
0.64,1.0,TCGA_to_GEO,GSE18088,fixed_log_expression,xgboost
0.65,1.0,TCGA_to_GEO,GSE18088,fixed_log_expression,xgboost
0.66,1.0,TCGA_to_GEO,GSE18088,fixed_log_expression,xgboost
0.67,1.0,TCGA_to_GEO,GSE18088,fixed_log_expression,xgboost
0.68,1.0,TCGA_to_GEO,GSE18088,fixed_log_expression,xgboost
0.6900000000000001,1.0,TCGA_to_GEO,GSE18088,fixed_log_expression,xgboost
0.7000000000000001,1.0,TCGA_to_GEO,GSE18088,fixed_log_expression,xgboost
0.71,1.0,TCGA_to_GEO,GSE18088,fixed_log_expression,xgboost
0.72,1.0,TCGA_to_GEO,GSE18088,fixed_log_expression,xgboost
0.73,1.0,TCGA_to_GEO,GSE18088,fixed_log_expression,xgboost
0.74,1.0,TCGA_to_GEO,GSE18088,fixed_log_expression,xgboost
0.75,1.0,TCGA_to_GEO,GSE18088,fixed_log_expression,xgboost
0.76,1.0,TCGA_to_GEO,GSE18088,fixed_log_expression,xgboost
0.77,1.0,TCGA_to_GEO,GSE18088,fixed_log_expression,xgboost
0.78,1.0,TCGA_to_GEO,GSE18088,fixed_log_expression,xgboost
0.79,1.0,TCGA_to_GEO,GSE18088,fixed_log_expression,xgboost
0.8,1.0,TCGA_to_GEO,GSE18088,fixed_log_expression,xgboost
0.81,1.0,TCGA_to_GEO,GSE18088,fixed_log_expression,xgboost
0.8200000000000001,1.0,TCGA_to_GEO,GSE18088,fixed_log_expression,xgboost
0.8300000000000001,1.0,TCGA_to_GEO,GSE18088,fixed_log_expression,xgboost
0.84,1.0,TCGA_to_GEO,GSE18088,fixed_log_expression,xgboost
0.85,1.0,TCGA_to_GEO,GSE18088,fixed_log_expression,xgboost
0.86,1.0,TCGA_to_GEO,GSE18088,fixed_log_expression,xgboost
0.87,1.0,TCGA_to_GEO,GSE18088,fixed_log_expression,xgboost
0.88,1.0,TCGA_to_GEO,GSE18088,fixed_log_expression,xgboost
0.89,1.0,TCGA_to_GEO,GSE18088,fixed_log_expression,xgboost
0.9,1.0,TCGA_to_GEO,GSE18088,fixed_log_expression,xgboost
0.91,1.0,TCGA_to_GEO,GSE18088,fixed_log_expression,xgboost
0.92,1.0,TCGA_to_GEO,GSE18088,fixed_log_expression,xgboost
0.93,1.0,TCGA_to_GEO,GSE18088,fixed_log_expression,xgboost
0.9400000000000001,1.0,TCGA_to_GEO,GSE18088,fixed_log_expression,xgboost
0.9500000000000001,1.0,TCGA_to_GEO,GSE18088,fixed_log_expression,xgboost
0.96,1.0,TCGA_to_GEO,GSE18088,fixed_log_expression,xgboost
0.97,1.0,TCGA_to_GEO,GSE18088,fixed_log_expression,xgboost
0.98,1.0,TCGA_to_GEO,GSE18088,fixed_log_expression,xgboost
0.99,1.0,TCGA_to_GEO,GSE18088,fixed_log_expression,xgboost
1.0,1.0,TCGA_to_GEO,GSE18088,fixed_log_expression,xgboost
0.0,0.04223791467773778,TCGA_to_GEO,GSE18088,single_sample_rank,compact_rank_20
0.01,0.05725946657098965,TCGA_to_GEO,GSE18088,single_sample_rank,compact_rank_20
0.02,0.07206233475871594,TCGA_to_GEO,GSE18088,single_sample_rank,compact_rank_20
0.03,0.08680281116877173,TCGA_to_GEO,GSE18088,single_sample_rank,compact_rank_20
0.04,0.10154328757882752,TCGA_to_GEO,GSE18088,single_sample_rank,compact_rank_20
0.05,0.11594509210007892,TCGA_to_GEO,GSE18088,single_sample_rank,compact_rank_20
0.06,0.13018151086955593,TCGA_to_GEO,GSE18088,single_sample_rank,compact_rank_20
0.07,0.14441792963903297,TCGA_to_GEO,GSE18088,single_sample_rank,compact_rank_20
0.08,0.15865434840851,TCGA_to_GEO,GSE18088,single_sample_rank,compact_rank_20
0.09,0.17289076717798701,TCGA_to_GEO,GSE18088,single_sample_rank,compact_rank_20
0.1,0.1868373757913588,TCGA_to_GEO,GSE18088,single_sample_rank,compact_rank_20
0.11,0.19937715451895047,TCGA_to_GEO,GSE18088,single_sample_rank,compact_rank_20
0.12,0.21191693324654212,TCGA_to_GEO,GSE18088,single_sample_rank,compact_rank_20
0.13,0.2244567119741338,TCGA_to_GEO,GSE18088,single_sample_rank,compact_rank_20
0.14,0.2369964907017255,TCGA_to_GEO,GSE18088,single_sample_rank,compact_rank_20
0.15,0.24953626942931711,TCGA_to_GEO,GSE18088,single_sample_rank,compact_rank_20
0.16,0.26207604815690877,TCGA_to_GEO,GSE18088,single_sample_rank,compact_rank_20
0.17,0.2746158268845005,TCGA_to_GEO,GSE18088,single_sample_rank,compact_rank_20
0.18,0.2871556056120921,TCGA_to_GEO,GSE18088,single_sample_rank,compact_rank_20
0.19,0.2996953843396838,TCGA_to_GEO,GSE18088,single_sample_rank,compact_rank_20
0.2,0.31223516306727545,TCGA_to_GEO,GSE18088,single_sample_rank,compact_rank_20
0.21,0.3247749417948671,TCGA_to_GEO,GSE18088,single_sample_rank,compact_rank_20
0.22,0.3373147205224588,TCGA_to_GEO,GSE18088,single_sample_rank,compact_rank_20
0.23,0.3498544992500504,TCGA_to_GEO,GSE18088,single_sample_rank,compact_rank_20
0.24,0.3623942779776421,TCGA_to_GEO,GSE18088,single_sample_rank,compact_rank_20
0.25,0.3749340567052338,TCGA_to_GEO,GSE18088,single_sample_rank,compact_rank_20
0.26,0.38747383543282543,TCGA_to_GEO,GSE18088,single_sample_rank,compact_rank_20
0.27,0.40001361416041714,TCGA_to_GEO,GSE18088,single_sample_rank,compact_rank_20
0.28,0.4125533928880088,TCGA_to_GEO,GSE18088,single_sample_rank,compact_rank_20
0.29,0.42509317161560045,TCGA_to_GEO,GSE18088,single_sample_rank,compact_rank_20
0.3,0.43675725009061694,TCGA_to_GEO,GSE18088,single_sample_rank,compact_rank_20
0.31,0.44449261183144323,TCGA_to_GEO,GSE18088,single_sample_rank,compact_rank_20
0.32,0.45222797357226957,TCGA_to_GEO,GSE18088,single_sample_rank,compact_rank_20
0.33,0.45996333531309586,TCGA_to_GEO,GSE18088,single_sample_rank,compact_rank_20
0.34,0.46769869705392214,TCGA_to_GEO,GSE18088,single_sample_rank,compact_rank_20
0.35000000000000003,0.4754340587947484,TCGA_to_GEO,GSE18088,single_sample_rank,compact_rank_20
0.36,0.48316942053557466,TCGA_to_GEO,GSE18088,single_sample_rank,compact_rank_20
0.37,0.490904782276401,TCGA_to_GEO,GSE18088,single_sample_rank,compact_rank_20
0.38,0.4986401440172273,TCGA_to_GEO,GSE18088,single_sample_rank,compact_rank_20
0.39,0.5063755057580536,TCGA_to_GEO,GSE18088,single_sample_rank,compact_rank_20
0.4,0.514711622599383,TCGA_to_GEO,GSE18088,single_sample_rank,compact_rank_20
0.41000000000000003,0.5235156647816419,TCGA_to_GEO,GSE18088,single_sample_rank,compact_rank_20
0.42,0.5323197069639007,TCGA_to_GEO,GSE18088,single_sample_rank,compact_rank_20
0.43,0.5411237491461596,TCGA_to_GEO,GSE18088,single_sample_rank,compact_rank_20
0.44,0.5499277913284185,TCGA_to_GEO,GSE18088,single_sample_rank,compact_rank_20
0.45,0.5587318335106773,TCGA_to_GEO,GSE18088,single_sample_rank,compact_rank_20
0.46,0.5675358756929363,TCGA_to_GEO,GSE18088,single_sample_rank,compact_rank_20
0.47000000000000003,0.5763399178751951,TCGA_to_GEO,GSE18088,single_sample_rank,compact_rank_20
0.48,0.585143960057454,TCGA_to_GEO,GSE18088,single_sample_rank,compact_rank_20
0.49,0.5939480022397129,TCGA_to_GEO,GSE18088,single_sample_rank,compact_rank_20
0.5,0.6027520444219717,TCGA_to_GEO,GSE18088,single_sample_rank,compact_rank_20
0.51,0.6115560866042307,TCGA_to_GEO,GSE18088,single_sample_rank,compact_rank_20
0.52,0.6203601287864895,TCGA_to_GEO,GSE18088,single_sample_rank,compact_rank_20
0.53,0.6291641709687484,TCGA_to_GEO,GSE18088,single_sample_rank,compact_rank_20
0.54,0.6379682131510073,TCGA_to_GEO,GSE18088,single_sample_rank,compact_rank_20
0.55,0.6467722553332662,TCGA_to_GEO,GSE18088,single_sample_rank,compact_rank_20
0.56,0.655576297515525,TCGA_to_GEO,GSE18088,single_sample_rank,compact_rank_20
0.5700000000000001,0.664380339697784,TCGA_to_GEO,GSE18088,single_sample_rank,compact_rank_20
0.58,0.6731843818800427,TCGA_to_GEO,GSE18088,single_sample_rank,compact_rank_20
0.59,0.6819884240623016,TCGA_to_GEO,GSE18088,single_sample_rank,compact_rank_20
0.6,0.6907924662445606,TCGA_to_GEO,GSE18088,single_sample_rank,compact_rank_20
0.61,0.6995965084268194,TCGA_to_GEO,GSE18088,single_sample_rank,compact_rank_20
0.62,0.7084005506090783,TCGA_to_GEO,GSE18088,single_sample_rank,compact_rank_20
0.63,0.7172045927913372,TCGA_to_GEO,GSE18088,single_sample_rank,compact_rank_20
0.64,0.7260086349735961,TCGA_to_GEO,GSE18088,single_sample_rank,compact_rank_20
0.65,0.734812677155855,TCGA_to_GEO,GSE18088,single_sample_rank,compact_rank_20
0.66,0.7436167193381138,TCGA_to_GEO,GSE18088,single_sample_rank,compact_rank_20
0.67,0.7524207615203727,TCGA_to_GEO,GSE18088,single_sample_rank,compact_rank_20
0.68,0.7612248037026317,TCGA_to_GEO,GSE18088,single_sample_rank,compact_rank_20
0.6900000000000001,0.7700288458848905,TCGA_to_GEO,GSE18088,single_sample_rank,compact_rank_20
0.7000000000000001,0.7788328880671493,TCGA_to_GEO,GSE18088,single_sample_rank,compact_rank_20
0.71,0.7876369302494082,TCGA_to_GEO,GSE18088,single_sample_rank,compact_rank_20
0.72,0.796440972431667,TCGA_to_GEO,GSE18088,single_sample_rank,compact_rank_20
0.73,0.805245014613926,TCGA_to_GEO,GSE18088,single_sample_rank,compact_rank_20
0.74,0.8140490567961849,TCGA_to_GEO,GSE18088,single_sample_rank,compact_rank_20
0.75,0.8228530989784437,TCGA_to_GEO,GSE18088,single_sample_rank,compact_rank_20
0.76,0.8316571411607026,TCGA_to_GEO,GSE18088,single_sample_rank,compact_rank_20
0.77,0.8404611833429615,TCGA_to_GEO,GSE18088,single_sample_rank,compact_rank_20
0.78,0.8492652255252204,TCGA_to_GEO,GSE18088,single_sample_rank,compact_rank_20
0.79,0.8580692677074793,TCGA_to_GEO,GSE18088,single_sample_rank,compact_rank_20
0.8,0.8662068180114509,TCGA_to_GEO,GSE18088,single_sample_rank,compact_rank_20
0.81,0.8741609889061984,TCGA_to_GEO,GSE18088,single_sample_rank,compact_rank_20
0.8200000000000001,0.882115159800946,TCGA_to_GEO,GSE18088,single_sample_rank,compact_rank_20
0.8300000000000001,0.8900693306956936,TCGA_to_GEO,GSE18088,single_sample_rank,compact_rank_20
0.84,0.8980235015904411,TCGA_to_GEO,GSE18088,single_sample_rank,compact_rank_20
0.85,0.9059776724851887,TCGA_to_GEO,GSE18088,single_sample_rank,compact_rank_20
0.86,0.9139318433799363,TCGA_to_GEO,GSE18088,single_sample_rank,compact_rank_20
0.87,0.9218860142746839,TCGA_to_GEO,GSE18088,single_sample_rank,compact_rank_20
0.88,0.9298748485232855,TCGA_to_GEO,GSE18088,single_sample_rank,compact_rank_20
0.89,0.9379203617608638,TCGA_to_GEO,GSE18088,single_sample_rank,compact_rank_20
0.9,0.945965874998442,TCGA_to_GEO,GSE18088,single_sample_rank,compact_rank_20
0.91,0.9540113882360203,TCGA_to_GEO,GSE18088,single_sample_rank,compact_rank_20
0.92,0.962063197821006,TCGA_to_GEO,GSE18088,single_sample_rank,compact_rank_20
0.93,0.9701195540244842,TCGA_to_GEO,GSE18088,single_sample_rank,compact_rank_20
0.9400000000000001,0.9781759102279625,TCGA_to_GEO,GSE18088,single_sample_rank,compact_rank_20
0.9500000000000001,0.9862274855880317,TCGA_to_GEO,GSE18088,single_sample_rank,compact_rank_20
0.96,0.9942755454249906,TCGA_to_GEO,GSE18088,single_sample_rank,compact_rank_20
0.97,0.9999863888254658,TCGA_to_GEO,GSE18088,single_sample_rank,compact_rank_20
0.98,1.0,TCGA_to_GEO,GSE18088,single_sample_rank,compact_rank_20
0.99,1.0,TCGA_to_GEO,GSE18088,single_sample_rank,compact_rank_20
1.0,1.0,TCGA_to_GEO,GSE18088,single_sample_rank,compact_rank_20
0.0,0.0,TCGA_to_GEO,GSE18088,single_sample_rank,elastic_net
0.01,0.03999584786845224,TCGA_to_GEO,GSE18088,single_sample_rank,elastic_net
0.02,0.09013645307752585,TCGA_to_GEO,GSE18088,single_sample_rank,elastic_net
0.03,0.14007361729121684,TCGA_to_GEO,GSE18088,single_sample_rank,elastic_net
0.04,0.189553744246132,TCGA_to_GEO,GSE18088,single_sample_rank,elastic_net
0.05,0.2390338712010472,TCGA_to_GEO,GSE18088,single_sample_rank,elastic_net
0.06,0.2885139981559623,TCGA_to_GEO,GSE18088,single_sample_rank,elastic_net
0.07,0.3379941251108775,TCGA_to_GEO,GSE18088,single_sample_rank,elastic_net
0.08,0.38747425206579267,TCGA_to_GEO,GSE18088,single_sample_rank,elastic_net
0.09,0.4366765860619437,TCGA_to_GEO,GSE18088,single_sample_rank,elastic_net
0.1,0.480044386725158,TCGA_to_GEO,GSE18088,single_sample_rank,elastic_net
0.11,0.4891025582471466,TCGA_to_GEO,GSE18088,single_sample_rank,elastic_net
0.12,0.4981607297691353,TCGA_to_GEO,GSE18088,single_sample_rank,elastic_net
0.13,0.5072189012911239,TCGA_to_GEO,GSE18088,single_sample_rank,elastic_net
0.14,0.5162770728131126,TCGA_to_GEO,GSE18088,single_sample_rank,elastic_net
0.15,0.5253352443351013,TCGA_to_GEO,GSE18088,single_sample_rank,elastic_net
0.16,0.5343934158570899,TCGA_to_GEO,GSE18088,single_sample_rank,elastic_net
0.17,0.5434515873790785,TCGA_to_GEO,GSE18088,single_sample_rank,elastic_net
0.18,0.5525097589010672,TCGA_to_GEO,GSE18088,single_sample_rank,elastic_net
0.19,0.5615679304230559,TCGA_to_GEO,GSE18088,single_sample_rank,elastic_net
0.2,0.5706261019450445,TCGA_to_GEO,GSE18088,single_sample_rank,elastic_net
0.21,0.5796842734670331,TCGA_to_GEO,GSE18088,single_sample_rank,elastic_net
0.22,0.5887424449890218,TCGA_to_GEO,GSE18088,single_sample_rank,elastic_net
0.23,0.5978006165110105,TCGA_to_GEO,GSE18088,single_sample_rank,elastic_net
0.24,0.6068587880329991,TCGA_to_GEO,GSE18088,single_sample_rank,elastic_net
0.25,0.6159169595549878,TCGA_to_GEO,GSE18088,single_sample_rank,elastic_net
0.26,0.6249751310769764,TCGA_to_GEO,GSE18088,single_sample_rank,elastic_net
0.27,0.6340333025989651,TCGA_to_GEO,GSE18088,single_sample_rank,elastic_net
0.28,0.6430914741209538,TCGA_to_GEO,GSE18088,single_sample_rank,elastic_net
0.29,0.6521496456429424,TCGA_to_GEO,GSE18088,single_sample_rank,elastic_net
0.3,0.661207817164931,TCGA_to_GEO,GSE18088,single_sample_rank,elastic_net
0.31,0.6702659886869197,TCGA_to_GEO,GSE18088,single_sample_rank,elastic_net
0.32,0.6793241602089084,TCGA_to_GEO,GSE18088,single_sample_rank,elastic_net
0.33,0.688382331730897,TCGA_to_GEO,GSE18088,single_sample_rank,elastic_net
0.34,0.6974405032528856,TCGA_to_GEO,GSE18088,single_sample_rank,elastic_net
0.35000000000000003,0.7064986747748744,TCGA_to_GEO,GSE18088,single_sample_rank,elastic_net
0.36,0.715556846296863,TCGA_to_GEO,GSE18088,single_sample_rank,elastic_net
0.37,0.7246150178188516,TCGA_to_GEO,GSE18088,single_sample_rank,elastic_net
0.38,0.7336731893408404,TCGA_to_GEO,GSE18088,single_sample_rank,elastic_net
0.39,0.742731360862829,TCGA_to_GEO,GSE18088,single_sample_rank,elastic_net
0.4,0.7517895323848176,TCGA_to_GEO,GSE18088,single_sample_rank,elastic_net
0.41000000000000003,0.7608477039068062,TCGA_to_GEO,GSE18088,single_sample_rank,elastic_net
0.42,0.7699058754287949,TCGA_to_GEO,GSE18088,single_sample_rank,elastic_net
0.43,0.7789640469507836,TCGA_to_GEO,GSE18088,single_sample_rank,elastic_net
0.44,0.7880222184727722,TCGA_to_GEO,GSE18088,single_sample_rank,elastic_net
0.45,0.7970803899947609,TCGA_to_GEO,GSE18088,single_sample_rank,elastic_net
0.46,0.8061385615167496,TCGA_to_GEO,GSE18088,single_sample_rank,elastic_net
0.47000000000000003,0.8151967330387382,TCGA_to_GEO,GSE18088,single_sample_rank,elastic_net
0.48,0.8242549045607268,TCGA_to_GEO,GSE18088,single_sample_rank,elastic_net
0.49,0.8333130760827154,TCGA_to_GEO,GSE18088,single_sample_rank,elastic_net
0.5,0.8423712476047042,TCGA_to_GEO,GSE18088,single_sample_rank,elastic_net
0.51,0.8514294191266929,TCGA_to_GEO,GSE18088,single_sample_rank,elastic_net
0.52,0.8604875906486815,TCGA_to_GEO,GSE18088,single_sample_rank,elastic_net
0.53,0.8695457621706701,TCGA_to_GEO,GSE18088,single_sample_rank,elastic_net
0.54,0.8786039336926588,TCGA_to_GEO,GSE18088,single_sample_rank,elastic_net
0.55,0.8876621052146474,TCGA_to_GEO,GSE18088,single_sample_rank,elastic_net
0.56,0.8967202767366361,TCGA_to_GEO,GSE18088,single_sample_rank,elastic_net
0.5700000000000001,0.9057784482586249,TCGA_to_GEO,GSE18088,single_sample_rank,elastic_net
0.58,0.9148366197806134,TCGA_to_GEO,GSE18088,single_sample_rank,elastic_net
0.59,0.9238947913026021,TCGA_to_GEO,GSE18088,single_sample_rank,elastic_net
0.6,0.9329529628245907,TCGA_to_GEO,GSE18088,single_sample_rank,elastic_net
0.61,0.9388421863167031,TCGA_to_GEO,GSE18088,single_sample_rank,elastic_net
0.62,0.9432463690358643,TCGA_to_GEO,GSE18088,single_sample_rank,elastic_net
0.63,0.9476505517550255,TCGA_to_GEO,GSE18088,single_sample_rank,elastic_net
0.64,0.9516394382362031,TCGA_to_GEO,GSE18088,single_sample_rank,elastic_net
0.65,0.9547343866235568,TCGA_to_GEO,GSE18088,single_sample_rank,elastic_net
0.66,0.9578293350109105,TCGA_to_GEO,GSE18088,single_sample_rank,elastic_net
0.67,0.9609242833982642,TCGA_to_GEO,GSE18088,single_sample_rank,elastic_net
0.68,0.9640192317856179,TCGA_to_GEO,GSE18088,single_sample_rank,elastic_net
0.6900000000000001,0.9671141801729716,TCGA_to_GEO,GSE18088,single_sample_rank,elastic_net
0.7000000000000001,0.9702091285603253,TCGA_to_GEO,GSE18088,single_sample_rank,elastic_net
0.71,0.9730665419405373,TCGA_to_GEO,GSE18088,single_sample_rank,elastic_net
0.72,0.9753186618735734,TCGA_to_GEO,GSE18088,single_sample_rank,elastic_net
0.73,0.9775707818066095,TCGA_to_GEO,GSE18088,single_sample_rank,elastic_net
0.74,0.9798229017396456,TCGA_to_GEO,GSE18088,single_sample_rank,elastic_net
0.75,0.9818385625748003,TCGA_to_GEO,GSE18088,single_sample_rank,elastic_net
0.76,0.9837702413711567,TCGA_to_GEO,GSE18088,single_sample_rank,elastic_net
0.77,0.9855552825951311,TCGA_to_GEO,GSE18088,single_sample_rank,elastic_net
0.78,0.9872175317995678,TCGA_to_GEO,GSE18088,single_sample_rank,elastic_net
0.79,0.9888797810040044,TCGA_to_GEO,GSE18088,single_sample_rank,elastic_net
0.8,0.9905420302084411,TCGA_to_GEO,GSE18088,single_sample_rank,elastic_net
0.81,0.9920555014427671,TCGA_to_GEO,GSE18088,single_sample_rank,elastic_net
0.8200000000000001,0.9934383973263661,TCGA_to_GEO,GSE18088,single_sample_rank,elastic_net
0.8300000000000001,0.99474889446299,TCGA_to_GEO,GSE18088,single_sample_rank,elastic_net
0.84,0.9960593915996138,TCGA_to_GEO,GSE18088,single_sample_rank,elastic_net
0.85,0.9973698887362376,TCGA_to_GEO,GSE18088,single_sample_rank,elastic_net
0.86,0.9983880305019431,TCGA_to_GEO,GSE18088,single_sample_rank,elastic_net
0.87,0.9993998280316364,TCGA_to_GEO,GSE18088,single_sample_rank,elastic_net
0.88,1.0,TCGA_to_GEO,GSE18088,single_sample_rank,elastic_net
0.89,1.0,TCGA_to_GEO,GSE18088,single_sample_rank,elastic_net
0.9,1.0,TCGA_to_GEO,GSE18088,single_sample_rank,elastic_net
0.91,1.0,TCGA_to_GEO,GSE18088,single_sample_rank,elastic_net
0.92,1.0,TCGA_to_GEO,GSE18088,single_sample_rank,elastic_net
0.93,1.0,TCGA_to_GEO,GSE18088,single_sample_rank,elastic_net
0.9400000000000001,1.0,TCGA_to_GEO,GSE18088,single_sample_rank,elastic_net
0.9500000000000001,1.0,TCGA_to_GEO,GSE18088,single_sample_rank,elastic_net
0.96,1.0,TCGA_to_GEO,GSE18088,single_sample_rank,elastic_net
0.97,1.0,TCGA_to_GEO,GSE18088,single_sample_rank,elastic_net
0.98,1.0,TCGA_to_GEO,GSE18088,single_sample_rank,elastic_net
0.99,1.0,TCGA_to_GEO,GSE18088,single_sample_rank,elastic_net
1.0,1.0,TCGA_to_GEO,GSE18088,single_sample_rank,elastic_net
0.0,0.3584905660377358,TCGA_to_GEO,GSE18088,single_sample_rank,svm_rbf
0.01,0.3584905660377358,TCGA_to_GEO,GSE18088,single_sample_rank,svm_rbf
0.02,0.3584905660377358,TCGA_to_GEO,GSE18088,single_sample_rank,svm_rbf
0.03,0.3584905660377358,TCGA_to_GEO,GSE18088,single_sample_rank,svm_rbf
0.04,0.3584905660377358,TCGA_to_GEO,GSE18088,single_sample_rank,svm_rbf
0.05,0.3584905660377358,TCGA_to_GEO,GSE18088,single_sample_rank,svm_rbf
0.06,0.3584905660377358,TCGA_to_GEO,GSE18088,single_sample_rank,svm_rbf
0.07,0.3584905660377358,TCGA_to_GEO,GSE18088,single_sample_rank,svm_rbf
0.08,0.3584905660377358,TCGA_to_GEO,GSE18088,single_sample_rank,svm_rbf
0.09,0.3584905660377358,TCGA_to_GEO,GSE18088,single_sample_rank,svm_rbf
0.1,0.3584905660377358,TCGA_to_GEO,GSE18088,single_sample_rank,svm_rbf
0.11,0.3584905660377358,TCGA_to_GEO,GSE18088,single_sample_rank,svm_rbf
0.12,0.3584905660377358,TCGA_to_GEO,GSE18088,single_sample_rank,svm_rbf
0.13,0.3584905660377358,TCGA_to_GEO,GSE18088,single_sample_rank,svm_rbf
0.14,0.3584905660377358,TCGA_to_GEO,GSE18088,single_sample_rank,svm_rbf
0.15,0.3584905660377358,TCGA_to_GEO,GSE18088,single_sample_rank,svm_rbf
0.16,0.3584905660377358,TCGA_to_GEO,GSE18088,single_sample_rank,svm_rbf
0.17,0.3584905660377358,TCGA_to_GEO,GSE18088,single_sample_rank,svm_rbf
0.18,0.3584905660377358,TCGA_to_GEO,GSE18088,single_sample_rank,svm_rbf
0.19,0.3584905660377358,TCGA_to_GEO,GSE18088,single_sample_rank,svm_rbf
0.2,0.3584905660377358,TCGA_to_GEO,GSE18088,single_sample_rank,svm_rbf
0.21,0.3584905660377358,TCGA_to_GEO,GSE18088,single_sample_rank,svm_rbf
0.22,0.3584905660377358,TCGA_to_GEO,GSE18088,single_sample_rank,svm_rbf
0.23,0.3584905660377358,TCGA_to_GEO,GSE18088,single_sample_rank,svm_rbf
0.24,0.3584905660377358,TCGA_to_GEO,GSE18088,single_sample_rank,svm_rbf
0.25,0.3584905660377358,TCGA_to_GEO,GSE18088,single_sample_rank,svm_rbf
0.26,0.3584905660377358,TCGA_to_GEO,GSE18088,single_sample_rank,svm_rbf
0.27,0.3584905660377358,TCGA_to_GEO,GSE18088,single_sample_rank,svm_rbf
0.28,0.3584905660377358,TCGA_to_GEO,GSE18088,single_sample_rank,svm_rbf
0.29,0.3584905660377358,TCGA_to_GEO,GSE18088,single_sample_rank,svm_rbf
0.3,0.3584905660377358,TCGA_to_GEO,GSE18088,single_sample_rank,svm_rbf
0.31,0.3584905660377358,TCGA_to_GEO,GSE18088,single_sample_rank,svm_rbf
0.32,0.3584905660377358,TCGA_to_GEO,GSE18088,single_sample_rank,svm_rbf
0.33,0.3584905660377358,TCGA_to_GEO,GSE18088,single_sample_rank,svm_rbf
0.34,0.3584905660377358,TCGA_to_GEO,GSE18088,single_sample_rank,svm_rbf
0.35000000000000003,0.3584905660377358,TCGA_to_GEO,GSE18088,single_sample_rank,svm_rbf
0.36,0.3584905660377358,TCGA_to_GEO,GSE18088,single_sample_rank,svm_rbf
0.37,0.3584905660377358,TCGA_to_GEO,GSE18088,single_sample_rank,svm_rbf
0.38,0.3584905660377358,TCGA_to_GEO,GSE18088,single_sample_rank,svm_rbf
0.39,0.3584905660377358,TCGA_to_GEO,GSE18088,single_sample_rank,svm_rbf
0.4,0.3584905660377358,TCGA_to_GEO,GSE18088,single_sample_rank,svm_rbf
0.41000000000000003,0.3584905660377358,TCGA_to_GEO,GSE18088,single_sample_rank,svm_rbf
0.42,0.3584905660377358,TCGA_to_GEO,GSE18088,single_sample_rank,svm_rbf
0.43,0.3584905660377358,TCGA_to_GEO,GSE18088,single_sample_rank,svm_rbf
0.44,0.3584905660377358,TCGA_to_GEO,GSE18088,single_sample_rank,svm_rbf
0.45,0.3584905660377358,TCGA_to_GEO,GSE18088,single_sample_rank,svm_rbf
0.46,0.3584905660377358,TCGA_to_GEO,GSE18088,single_sample_rank,svm_rbf
0.47000000000000003,0.3584905660377358,TCGA_to_GEO,GSE18088,single_sample_rank,svm_rbf
0.48,0.3584905660377358,TCGA_to_GEO,GSE18088,single_sample_rank,svm_rbf
0.49,0.3584905660377358,TCGA_to_GEO,GSE18088,single_sample_rank,svm_rbf
0.5,0.3584905660377358,TCGA_to_GEO,GSE18088,single_sample_rank,svm_rbf
0.51,0.3584905660377358,TCGA_to_GEO,GSE18088,single_sample_rank,svm_rbf
0.52,0.3584905660377358,TCGA_to_GEO,GSE18088,single_sample_rank,svm_rbf
0.53,0.3584905660377358,TCGA_to_GEO,GSE18088,single_sample_rank,svm_rbf
0.54,0.3584905660377358,TCGA_to_GEO,GSE18088,single_sample_rank,svm_rbf
0.55,0.3584905660377358,TCGA_to_GEO,GSE18088,single_sample_rank,svm_rbf
0.56,0.3584905660377358,TCGA_to_GEO,GSE18088,single_sample_rank,svm_rbf
0.5700000000000001,0.3584905660377358,TCGA_to_GEO,GSE18088,single_sample_rank,svm_rbf
0.58,0.3584905660377358,TCGA_to_GEO,GSE18088,single_sample_rank,svm_rbf
0.59,0.3584905660377358,TCGA_to_GEO,GSE18088,single_sample_rank,svm_rbf
0.6,0.3584905660377358,TCGA_to_GEO,GSE18088,single_sample_rank,svm_rbf
0.61,0.3584905660377358,TCGA_to_GEO,GSE18088,single_sample_rank,svm_rbf
0.62,0.3584905660377358,TCGA_to_GEO,GSE18088,single_sample_rank,svm_rbf
0.63,0.3584905660377358,TCGA_to_GEO,GSE18088,single_sample_rank,svm_rbf
0.64,0.3584905660377358,TCGA_to_GEO,GSE18088,single_sample_rank,svm_rbf
0.65,0.3584905660377358,TCGA_to_GEO,GSE18088,single_sample_rank,svm_rbf
0.66,0.3584905660377358,TCGA_to_GEO,GSE18088,single_sample_rank,svm_rbf
0.67,0.3584905660377358,TCGA_to_GEO,GSE18088,single_sample_rank,svm_rbf
0.68,0.3584905660377358,TCGA_to_GEO,GSE18088,single_sample_rank,svm_rbf
0.6900000000000001,0.3584905660377358,TCGA_to_GEO,GSE18088,single_sample_rank,svm_rbf
0.7000000000000001,0.3584905660377358,TCGA_to_GEO,GSE18088,single_sample_rank,svm_rbf
0.71,0.3584905660377358,TCGA_to_GEO,GSE18088,single_sample_rank,svm_rbf
0.72,0.3584905660377358,TCGA_to_GEO,GSE18088,single_sample_rank,svm_rbf
0.73,0.3584905660377358,TCGA_to_GEO,GSE18088,single_sample_rank,svm_rbf
0.74,0.3584905660377358,TCGA_to_GEO,GSE18088,single_sample_rank,svm_rbf
0.75,0.3584905660377358,TCGA_to_GEO,GSE18088,single_sample_rank,svm_rbf
0.76,0.3584905660377358,TCGA_to_GEO,GSE18088,single_sample_rank,svm_rbf
0.77,0.3584905660377358,TCGA_to_GEO,GSE18088,single_sample_rank,svm_rbf
0.78,0.3584905660377358,TCGA_to_GEO,GSE18088,single_sample_rank,svm_rbf
0.79,0.3584905660377358,TCGA_to_GEO,GSE18088,single_sample_rank,svm_rbf
0.8,0.3584905660377358,TCGA_to_GEO,GSE18088,single_sample_rank,svm_rbf
0.81,0.3584905660377358,TCGA_to_GEO,GSE18088,single_sample_rank,svm_rbf
0.8200000000000001,0.3584905660377358,TCGA_to_GEO,GSE18088,single_sample_rank,svm_rbf
0.8300000000000001,0.3584905660377358,TCGA_to_GEO,GSE18088,single_sample_rank,svm_rbf
0.84,0.3584905660377358,TCGA_to_GEO,GSE18088,single_sample_rank,svm_rbf
0.85,0.3584905660377358,TCGA_to_GEO,GSE18088,single_sample_rank,svm_rbf
0.86,0.3584905660377358,TCGA_to_GEO,GSE18088,single_sample_rank,svm_rbf
0.87,0.3584905660377358,TCGA_to_GEO,GSE18088,single_sample_rank,svm_rbf
0.88,0.3584905660377358,TCGA_to_GEO,GSE18088,single_sample_rank,svm_rbf
0.89,0.3584905660377358,TCGA_to_GEO,GSE18088,single_sample_rank,svm_rbf
0.9,0.3584905660377358,TCGA_to_GEO,GSE18088,single_sample_rank,svm_rbf
0.91,0.3584905660377358,TCGA_to_GEO,GSE18088,single_sample_rank,svm_rbf
0.92,0.3584905660377358,TCGA_to_GEO,GSE18088,single_sample_rank,svm_rbf
0.93,0.3584905660377358,TCGA_to_GEO,GSE18088,single_sample_rank,svm_rbf
0.9400000000000001,0.3584905660377358,TCGA_to_GEO,GSE18088,single_sample_rank,svm_rbf
0.9500000000000001,0.3584905660377358,TCGA_to_GEO,GSE18088,single_sample_rank,svm_rbf
0.96,0.3584905660377358,TCGA_to_GEO,GSE18088,single_sample_rank,svm_rbf
0.97,0.3584905660377358,TCGA_to_GEO,GSE18088,single_sample_rank,svm_rbf
0.98,0.3584905660377358,TCGA_to_GEO,GSE18088,single_sample_rank,svm_rbf
0.99,0.3584905660377358,TCGA_to_GEO,GSE18088,single_sample_rank,svm_rbf
1.0,0.3584905660377358,TCGA_to_GEO,GSE18088,single_sample_rank,svm_rbf
0.0,0.0,TCGA_to_GEO,GSE18088,single_sample_rank,xgboost
0.01,0.0,TCGA_to_GEO,GSE18088,single_sample_rank,xgboost
0.02,0.0,TCGA_to_GEO,GSE18088,single_sample_rank,xgboost
0.03,0.0,TCGA_to_GEO,GSE18088,single_sample_rank,xgboost
0.04,0.0,TCGA_to_GEO,GSE18088,single_sample_rank,xgboost
0.05,0.0063118609874288,TCGA_to_GEO,GSE18088,single_sample_rank,xgboost
0.06,0.025337183389162795,TCGA_to_GEO,GSE18088,single_sample_rank,xgboost
0.07,0.04472888113927305,TCGA_to_GEO,GSE18088,single_sample_rank,xgboost
0.08,0.06446898469203953,TCGA_to_GEO,GSE18088,single_sample_rank,xgboost
0.09,0.08472457893647047,TCGA_to_GEO,GSE18088,single_sample_rank,xgboost
0.1,0.10555090820237606,TCGA_to_GEO,GSE18088,single_sample_rank,xgboost
0.11,0.12744391290075016,TCGA_to_GEO,GSE18088,single_sample_rank,xgboost
0.12,0.1495659080083003,TCGA_to_GEO,GSE18088,single_sample_rank,xgboost
0.13,0.1728406198132207,TCGA_to_GEO,GSE18088,single_sample_rank,xgboost
0.14,0.19740300144041606,TCGA_to_GEO,GSE18088,single_sample_rank,xgboost
0.15,0.22856538587279904,TCGA_to_GEO,GSE18088,single_sample_rank,xgboost
0.16,0.25975701331750645,TCGA_to_GEO,GSE18088,single_sample_rank,xgboost
0.17,0.2909486407622139,TCGA_to_GEO,GSE18088,single_sample_rank,xgboost
0.18,0.3221402682069212,TCGA_to_GEO,GSE18088,single_sample_rank,xgboost
0.19,0.3533318956516287,TCGA_to_GEO,GSE18088,single_sample_rank,xgboost
0.2,0.3845235230963361,TCGA_to_GEO,GSE18088,single_sample_rank,xgboost
0.21,0.4105774604422374,TCGA_to_GEO,GSE18088,single_sample_rank,xgboost
0.22,0.4182877510664684,TCGA_to_GEO,GSE18088,single_sample_rank,xgboost
0.23,0.4297815242391038,TCGA_to_GEO,GSE18088,single_sample_rank,xgboost
0.24,0.44495591137953544,TCGA_to_GEO,GSE18088,single_sample_rank,xgboost
0.25,0.4601302985199671,TCGA_to_GEO,GSE18088,single_sample_rank,xgboost
0.26,0.47915593166326303,TCGA_to_GEO,GSE18088,single_sample_rank,xgboost
0.27,0.5011687306917199,TCGA_to_GEO,GSE18088,single_sample_rank,xgboost
0.28,0.5231815297201766,TCGA_to_GEO,GSE18088,single_sample_rank,xgboost
0.29,0.5459580618832849,TCGA_to_GEO,GSE18088,single_sample_rank,xgboost
0.3,0.5690170520848162,TCGA_to_GEO,GSE18088,single_sample_rank,xgboost
0.31,0.5920207069217119,TCGA_to_GEO,GSE18088,single_sample_rank,xgboost
0.32,0.614666369744491,TCGA_to_GEO,GSE18088,single_sample_rank,xgboost
0.33,0.6361249998857369,TCGA_to_GEO,GSE18088,single_sample_rank,xgboost
0.34,0.656551105055578,TCGA_to_GEO,GSE18088,single_sample_rank,xgboost
0.35000000000000003,0.674937372867534,TCGA_to_GEO,GSE18088,single_sample_rank,xgboost
0.36,0.6908578911566248,TCGA_to_GEO,GSE18088,single_sample_rank,xgboost
0.37,0.7067784094457158,TCGA_to_GEO,GSE18088,single_sample_rank,xgboost
0.38,0.7226989277348067,TCGA_to_GEO,GSE18088,single_sample_rank,xgboost
0.39,0.7386194460238976,TCGA_to_GEO,GSE18088,single_sample_rank,xgboost
0.4,0.7545399643129886,TCGA_to_GEO,GSE18088,single_sample_rank,xgboost
0.41000000000000003,0.7704604826020796,TCGA_to_GEO,GSE18088,single_sample_rank,xgboost
0.42,0.7801871493215442,TCGA_to_GEO,GSE18088,single_sample_rank,xgboost
0.43,0.7872949676877107,TCGA_to_GEO,GSE18088,single_sample_rank,xgboost
0.44,0.7944027860538773,TCGA_to_GEO,GSE18088,single_sample_rank,xgboost
0.45,0.8015106044200437,TCGA_to_GEO,GSE18088,single_sample_rank,xgboost
0.46,0.8086184227862103,TCGA_to_GEO,GSE18088,single_sample_rank,xgboost
0.47000000000000003,0.8157262411523768,TCGA_to_GEO,GSE18088,single_sample_rank,xgboost
0.48,0.8228340595185433,TCGA_to_GEO,GSE18088,single_sample_rank,xgboost
0.49,0.8299418778847097,TCGA_to_GEO,GSE18088,single_sample_rank,xgboost
0.5,0.8370496962508763,TCGA_to_GEO,GSE18088,single_sample_rank,xgboost
0.51,0.8411122677876236,TCGA_to_GEO,GSE18088,single_sample_rank,xgboost
0.52,0.8441529140737188,TCGA_to_GEO,GSE18088,single_sample_rank,xgboost
0.53,0.8486429195185522,TCGA_to_GEO,GSE18088,single_sample_rank,xgboost
0.54,0.8531329249633857,TCGA_to_GEO,GSE18088,single_sample_rank,xgboost
0.55,0.8576229304082191,TCGA_to_GEO,GSE18088,single_sample_rank,xgboost
0.56,0.8621129358530526,TCGA_to_GEO,GSE18088,single_sample_rank,xgboost
0.5700000000000001,0.866602941297886,TCGA_to_GEO,GSE18088,single_sample_rank,xgboost
0.58,0.8710929467427194,TCGA_to_GEO,GSE18088,single_sample_rank,xgboost
0.59,0.8771879185823839,TCGA_to_GEO,GSE18088,single_sample_rank,xgboost
0.6,0.8836134595233617,TCGA_to_GEO,GSE18088,single_sample_rank,xgboost
0.61,0.8900390004643395,TCGA_to_GEO,GSE18088,single_sample_rank,xgboost
0.62,0.8964645414053172,TCGA_to_GEO,GSE18088,single_sample_rank,xgboost
0.63,0.902890082346295,TCGA_to_GEO,GSE18088,single_sample_rank,xgboost
0.64,0.9093156232872728,TCGA_to_GEO,GSE18088,single_sample_rank,xgboost
0.65,0.9157411642282506,TCGA_to_GEO,GSE18088,single_sample_rank,xgboost
0.66,0.9221909183522021,TCGA_to_GEO,GSE18088,single_sample_rank,xgboost
0.67,0.9287406484849267,TCGA_to_GEO,GSE18088,single_sample_rank,xgboost
0.68,0.9352903786176512,TCGA_to_GEO,GSE18088,single_sample_rank,xgboost
0.6900000000000001,0.9418401087503757,TCGA_to_GEO,GSE18088,single_sample_rank,xgboost
0.7000000000000001,0.9483898388831002,TCGA_to_GEO,GSE18088,single_sample_rank,xgboost
0.71,0.9549395690158247,TCGA_to_GEO,GSE18088,single_sample_rank,xgboost
0.72,0.9614892991485492,TCGA_to_GEO,GSE18088,single_sample_rank,xgboost
0.73,0.9680390292812737,TCGA_to_GEO,GSE18088,single_sample_rank,xgboost
0.74,0.9745887594139983,TCGA_to_GEO,GSE18088,single_sample_rank,xgboost
0.75,0.9811384895467228,TCGA_to_GEO,GSE18088,single_sample_rank,xgboost
0.76,0.9876882196794473,TCGA_to_GEO,GSE18088,single_sample_rank,xgboost
0.77,0.9942379498121718,TCGA_to_GEO,GSE18088,single_sample_rank,xgboost
0.78,0.9990423723875758,TCGA_to_GEO,GSE18088,single_sample_rank,xgboost
0.79,1.0,TCGA_to_GEO,GSE18088,single_sample_rank,xgboost
0.8,1.0,TCGA_to_GEO,GSE18088,single_sample_rank,xgboost
0.81,1.0,TCGA_to_GEO,GSE18088,single_sample_rank,xgboost
0.8200000000000001,1.0,TCGA_to_GEO,GSE18088,single_sample_rank,xgboost
0.8300000000000001,1.0,TCGA_to_GEO,GSE18088,single_sample_rank,xgboost
0.84,1.0,TCGA_to_GEO,GSE18088,single_sample_rank,xgboost
0.85,1.0,TCGA_to_GEO,GSE18088,single_sample_rank,xgboost
0.86,1.0,TCGA_to_GEO,GSE18088,single_sample_rank,xgboost
0.87,1.0,TCGA_to_GEO,GSE18088,single_sample_rank,xgboost
0.88,1.0,TCGA_to_GEO,GSE18088,single_sample_rank,xgboost
0.89,1.0,TCGA_to_GEO,GSE18088,single_sample_rank,xgboost
0.9,1.0,TCGA_to_GEO,GSE18088,single_sample_rank,xgboost
0.91,1.0,TCGA_to_GEO,GSE18088,single_sample_rank,xgboost
0.92,1.0,TCGA_to_GEO,GSE18088,single_sample_rank,xgboost
0.93,1.0,TCGA_to_GEO,GSE18088,single_sample_rank,xgboost
0.9400000000000001,1.0,TCGA_to_GEO,GSE18088,single_sample_rank,xgboost
0.9500000000000001,1.0,TCGA_to_GEO,GSE18088,single_sample_rank,xgboost
0.96,1.0,TCGA_to_GEO,GSE18088,single_sample_rank,xgboost
0.97,1.0,TCGA_to_GEO,GSE18088,single_sample_rank,xgboost
0.98,1.0,TCGA_to_GEO,GSE18088,single_sample_rank,xgboost
0.99,1.0,TCGA_to_GEO,GSE18088,single_sample_rank,xgboost
1.0,1.0,TCGA_to_GEO,GSE18088,single_sample_rank,xgboost
0.0,0.020104531443285154,TCGA_to_GEO,GSE18088,target_cohort_adaptive_zscore,elastic_net
0.01,0.02980845555215224,TCGA_to_GEO,GSE18088,target_cohort_adaptive_zscore,elastic_net
0.02,0.03972555464585383,TCGA_to_GEO,GSE18088,target_cohort_adaptive_zscore,elastic_net
0.03,0.04968202162292061,TCGA_to_GEO,GSE18088,target_cohort_adaptive_zscore,elastic_net
0.04,0.05977331278717744,TCGA_to_GEO,GSE18088,target_cohort_adaptive_zscore,elastic_net
0.05,0.07036112532024082,TCGA_to_GEO,GSE18088,target_cohort_adaptive_zscore,elastic_net
0.06,0.08094893785330419,TCGA_to_GEO,GSE18088,target_cohort_adaptive_zscore,elastic_net
0.07,0.09153675038636758,TCGA_to_GEO,GSE18088,target_cohort_adaptive_zscore,elastic_net
0.08,0.10212456291943095,TCGA_to_GEO,GSE18088,target_cohort_adaptive_zscore,elastic_net
0.09,0.11271237545249431,TCGA_to_GEO,GSE18088,target_cohort_adaptive_zscore,elastic_net
0.1,0.1233001879855577,TCGA_to_GEO,GSE18088,target_cohort_adaptive_zscore,elastic_net
0.11,0.13388800051862107,TCGA_to_GEO,GSE18088,target_cohort_adaptive_zscore,elastic_net
0.12,0.14447581305168444,TCGA_to_GEO,GSE18088,target_cohort_adaptive_zscore,elastic_net
0.13,0.15506362558474782,TCGA_to_GEO,GSE18088,target_cohort_adaptive_zscore,elastic_net
0.14,0.1656514381178112,TCGA_to_GEO,GSE18088,target_cohort_adaptive_zscore,elastic_net
0.15,0.17623925065087456,TCGA_to_GEO,GSE18088,target_cohort_adaptive_zscore,elastic_net
0.16,0.18682706318393794,TCGA_to_GEO,GSE18088,target_cohort_adaptive_zscore,elastic_net
0.17,0.19741487571700134,TCGA_to_GEO,GSE18088,target_cohort_adaptive_zscore,elastic_net
0.18,0.20800268825006468,TCGA_to_GEO,GSE18088,target_cohort_adaptive_zscore,elastic_net
0.19,0.21859050078312806,TCGA_to_GEO,GSE18088,target_cohort_adaptive_zscore,elastic_net
0.2,0.22917831331619146,TCGA_to_GEO,GSE18088,target_cohort_adaptive_zscore,elastic_net
0.21,0.2397661258492548,TCGA_to_GEO,GSE18088,target_cohort_adaptive_zscore,elastic_net
0.22,0.2503539383823182,TCGA_to_GEO,GSE18088,target_cohort_adaptive_zscore,elastic_net
0.23,0.2612520040767932,TCGA_to_GEO,GSE18088,target_cohort_adaptive_zscore,elastic_net
0.24,0.2726984594661779,TCGA_to_GEO,GSE18088,target_cohort_adaptive_zscore,elastic_net
0.25,0.28440114813641726,TCGA_to_GEO,GSE18088,target_cohort_adaptive_zscore,elastic_net
0.26,0.29610383680665664,TCGA_to_GEO,GSE18088,target_cohort_adaptive_zscore,elastic_net
0.27,0.3078065254768961,TCGA_to_GEO,GSE18088,target_cohort_adaptive_zscore,elastic_net
0.28,0.32026643064504645,TCGA_to_GEO,GSE18088,target_cohort_adaptive_zscore,elastic_net
0.29,0.3330982622361374,TCGA_to_GEO,GSE18088,target_cohort_adaptive_zscore,elastic_net
0.3,0.34593009382722845,TCGA_to_GEO,GSE18088,target_cohort_adaptive_zscore,elastic_net
0.31,0.3587619254183195,TCGA_to_GEO,GSE18088,target_cohort_adaptive_zscore,elastic_net
0.32,0.37159375700941055,TCGA_to_GEO,GSE18088,target_cohort_adaptive_zscore,elastic_net
0.33,0.3844255886005016,TCGA_to_GEO,GSE18088,target_cohort_adaptive_zscore,elastic_net
0.34,0.3972574201915926,TCGA_to_GEO,GSE18088,target_cohort_adaptive_zscore,elastic_net
0.35000000000000003,0.4100892517826837,TCGA_to_GEO,GSE18088,target_cohort_adaptive_zscore,elastic_net
0.36,0.42292108337377465,TCGA_to_GEO,GSE18088,target_cohort_adaptive_zscore,elastic_net
0.37,0.43336981382317546,TCGA_to_GEO,GSE18088,target_cohort_adaptive_zscore,elastic_net
0.38,0.4425551153622138,TCGA_to_GEO,GSE18088,target_cohort_adaptive_zscore,elastic_net
0.39,0.45174041690125216,TCGA_to_GEO,GSE18088,target_cohort_adaptive_zscore,elastic_net
0.4,0.4609257184402905,TCGA_to_GEO,GSE18088,target_cohort_adaptive_zscore,elastic_net
0.41000000000000003,0.47011101997932886,TCGA_to_GEO,GSE18088,target_cohort_adaptive_zscore,elastic_net
0.42,0.47929632151836715,TCGA_to_GEO,GSE18088,target_cohort_adaptive_zscore,elastic_net
0.43,0.4884816230574055,TCGA_to_GEO,GSE18088,target_cohort_adaptive_zscore,elastic_net
0.44,0.4976669245964439,TCGA_to_GEO,GSE18088,target_cohort_adaptive_zscore,elastic_net
0.45,0.5068522261354822,TCGA_to_GEO,GSE18088,target_cohort_adaptive_zscore,elastic_net
0.46,0.5160375276745206,TCGA_to_GEO,GSE18088,target_cohort_adaptive_zscore,elastic_net
0.47000000000000003,0.5252228292135589,TCGA_to_GEO,GSE18088,target_cohort_adaptive_zscore,elastic_net
0.48,0.5344081307525972,TCGA_to_GEO,GSE18088,target_cohort_adaptive_zscore,elastic_net
0.49,0.5435934322916356,TCGA_to_GEO,GSE18088,target_cohort_adaptive_zscore,elastic_net
0.5,0.5527787338306739,TCGA_to_GEO,GSE18088,target_cohort_adaptive_zscore,elastic_net
0.51,0.5619640353697123,TCGA_to_GEO,GSE18088,target_cohort_adaptive_zscore,elastic_net
0.52,0.5711493369087506,TCGA_to_GEO,GSE18088,target_cohort_adaptive_zscore,elastic_net
0.53,0.580334638447789,TCGA_to_GEO,GSE18088,target_cohort_adaptive_zscore,elastic_net
0.54,0.5895199399868273,TCGA_to_GEO,GSE18088,target_cohort_adaptive_zscore,elastic_net
0.55,0.5987052415258657,TCGA_to_GEO,GSE18088,target_cohort_adaptive_zscore,elastic_net
0.56,0.607890543064904,TCGA_to_GEO,GSE18088,target_cohort_adaptive_zscore,elastic_net
0.5700000000000001,0.6170758446039424,TCGA_to_GEO,GSE18088,target_cohort_adaptive_zscore,elastic_net
0.58,0.6262611461429806,TCGA_to_GEO,GSE18088,target_cohort_adaptive_zscore,elastic_net
0.59,0.635446447682019,TCGA_to_GEO,GSE18088,target_cohort_adaptive_zscore,elastic_net
0.6,0.6446317492210573,TCGA_to_GEO,GSE18088,target_cohort_adaptive_zscore,elastic_net
0.61,0.6538170507600957,TCGA_to_GEO,GSE18088,target_cohort_adaptive_zscore,elastic_net
0.62,0.663002352299134,TCGA_to_GEO,GSE18088,target_cohort_adaptive_zscore,elastic_net
0.63,0.6721876538381724,TCGA_to_GEO,GSE18088,target_cohort_adaptive_zscore,elastic_net
0.64,0.6813729553772108,TCGA_to_GEO,GSE18088,target_cohort_adaptive_zscore,elastic_net
0.65,0.6905582569162491,TCGA_to_GEO,GSE18088,target_cohort_adaptive_zscore,elastic_net
0.66,0.700143243736909,TCGA_to_GEO,GSE18088,target_cohort_adaptive_zscore,elastic_net
0.67,0.7097685960469663,TCGA_to_GEO,GSE18088,target_cohort_adaptive_zscore,elastic_net
0.68,0.7193939483570236,TCGA_to_GEO,GSE18088,target_cohort_adaptive_zscore,elastic_net
0.6900000000000001,0.729019300667081,TCGA_to_GEO,GSE18088,target_cohort_adaptive_zscore,elastic_net
0.7000000000000001,0.7386446529771383,TCGA_to_GEO,GSE18088,target_cohort_adaptive_zscore,elastic_net
0.71,0.7482700052871957,TCGA_to_GEO,GSE18088,target_cohort_adaptive_zscore,elastic_net
0.72,0.757895357597253,TCGA_to_GEO,GSE18088,target_cohort_adaptive_zscore,elastic_net
0.73,0.7675207099073104,TCGA_to_GEO,GSE18088,target_cohort_adaptive_zscore,elastic_net
0.74,0.7771460622173677,TCGA_to_GEO,GSE18088,target_cohort_adaptive_zscore,elastic_net
0.75,0.786771414527425,TCGA_to_GEO,GSE18088,target_cohort_adaptive_zscore,elastic_net
0.76,0.7963967668374825,TCGA_to_GEO,GSE18088,target_cohort_adaptive_zscore,elastic_net
0.77,0.8060221191475399,TCGA_to_GEO,GSE18088,target_cohort_adaptive_zscore,elastic_net
0.78,0.8156474714575972,TCGA_to_GEO,GSE18088,target_cohort_adaptive_zscore,elastic_net
0.79,0.8252728237676545,TCGA_to_GEO,GSE18088,target_cohort_adaptive_zscore,elastic_net
0.8,0.8348981760777119,TCGA_to_GEO,GSE18088,target_cohort_adaptive_zscore,elastic_net
0.81,0.8445235283877692,TCGA_to_GEO,GSE18088,target_cohort_adaptive_zscore,elastic_net
0.8200000000000001,0.8541488806978266,TCGA_to_GEO,GSE18088,target_cohort_adaptive_zscore,elastic_net
0.8300000000000001,0.8637742330078839,TCGA_to_GEO,GSE18088,target_cohort_adaptive_zscore,elastic_net
0.84,0.8733995853179413,TCGA_to_GEO,GSE18088,target_cohort_adaptive_zscore,elastic_net
0.85,0.8830249376279986,TCGA_to_GEO,GSE18088,target_cohort_adaptive_zscore,elastic_net
0.86,0.892650289938056,TCGA_to_GEO,GSE18088,target_cohort_adaptive_zscore,elastic_net
0.87,0.9022756422481133,TCGA_to_GEO,GSE18088,target_cohort_adaptive_zscore,elastic_net
0.88,0.9119009945581706,TCGA_to_GEO,GSE18088,target_cohort_adaptive_zscore,elastic_net
0.89,0.9215263468682281,TCGA_to_GEO,GSE18088,target_cohort_adaptive_zscore,elastic_net
0.9,0.9311516991782854,TCGA_to_GEO,GSE18088,target_cohort_adaptive_zscore,elastic_net
0.91,0.9406594089264647,TCGA_to_GEO,GSE18088,target_cohort_adaptive_zscore,elastic_net
0.92,0.9497791156660381,TCGA_to_GEO,GSE18088,target_cohort_adaptive_zscore,elastic_net
0.93,0.9588351088662321,TCGA_to_GEO,GSE18088,target_cohort_adaptive_zscore,elastic_net
0.9400000000000001,0.9678806523883431,TCGA_to_GEO,GSE18088,target_cohort_adaptive_zscore,elastic_net
0.9500000000000001,0.9748654992014004,TCGA_to_GEO,GSE18088,target_cohort_adaptive_zscore,elastic_net
0.96,0.981453587795894,TCGA_to_GEO,GSE18088,target_cohort_adaptive_zscore,elastic_net
0.97,0.9880416763903875,TCGA_to_GEO,GSE18088,target_cohort_adaptive_zscore,elastic_net
0.98,0.9946297649848812,TCGA_to_GEO,GSE18088,target_cohort_adaptive_zscore,elastic_net
0.99,1.0,TCGA_to_GEO,GSE18088,target_cohort_adaptive_zscore,elastic_net
1.0,1.0,TCGA_to_GEO,GSE18088,target_cohort_adaptive_zscore,elastic_net
0.0,0.010666686873707637,TCGA_to_GEO,GSE18088,target_cohort_adaptive_zscore,svm_rbf
0.01,0.03783710577134724,TCGA_to_GEO,GSE18088,target_cohort_adaptive_zscore,svm_rbf
0.02,0.06708234716864073,TCGA_to_GEO,GSE18088,target_cohort_adaptive_zscore,svm_rbf
0.03,0.09589905170415426,TCGA_to_GEO,GSE18088,target_cohort_adaptive_zscore,svm_rbf
0.04,0.1247157562396678,TCGA_to_GEO,GSE18088,target_cohort_adaptive_zscore,svm_rbf
0.05,0.15353246077518135,TCGA_to_GEO,GSE18088,target_cohort_adaptive_zscore,svm_rbf
0.06,0.18234916531069487,TCGA_to_GEO,GSE18088,target_cohort_adaptive_zscore,svm_rbf
0.07,0.21116586984620844,TCGA_to_GEO,GSE18088,target_cohort_adaptive_zscore,svm_rbf
0.08,0.23998257438172194,TCGA_to_GEO,GSE18088,target_cohort_adaptive_zscore,svm_rbf
0.09,0.2683585028155192,TCGA_to_GEO,GSE18088,target_cohort_adaptive_zscore,svm_rbf
0.1,0.29634689407595316,TCGA_to_GEO,GSE18088,target_cohort_adaptive_zscore,svm_rbf
0.11,0.32433229665316554,TCGA_to_GEO,GSE18088,target_cohort_adaptive_zscore,svm_rbf
0.12,0.3514059670872822,TCGA_to_GEO,GSE18088,target_cohort_adaptive_zscore,svm_rbf
0.13,0.3782348382185888,TCGA_to_GEO,GSE18088,target_cohort_adaptive_zscore,svm_rbf
0.14,0.4050637093498954,TCGA_to_GEO,GSE18088,target_cohort_adaptive_zscore,svm_rbf
0.15,0.4318925804812019,TCGA_to_GEO,GSE18088,target_cohort_adaptive_zscore,svm_rbf
0.16,0.45872145161250844,TCGA_to_GEO,GSE18088,target_cohort_adaptive_zscore,svm_rbf
0.17,0.48555032274381504,TCGA_to_GEO,GSE18088,target_cohort_adaptive_zscore,svm_rbf
0.18,0.5112389372136145,TCGA_to_GEO,GSE18088,target_cohort_adaptive_zscore,svm_rbf
0.19,0.536898272734063,TCGA_to_GEO,GSE18088,target_cohort_adaptive_zscore,svm_rbf
0.2,0.5625576082545116,TCGA_to_GEO,GSE18088,target_cohort_adaptive_zscore,svm_rbf
0.21,0.5882169437749601,TCGA_to_GEO,GSE18088,target_cohort_adaptive_zscore,svm_rbf
0.22,0.6138762792954087,TCGA_to_GEO,GSE18088,target_cohort_adaptive_zscore,svm_rbf
0.23,0.6395356148158573,TCGA_to_GEO,GSE18088,target_cohort_adaptive_zscore,svm_rbf
0.24,0.6636849777627096,TCGA_to_GEO,GSE18088,target_cohort_adaptive_zscore,svm_rbf
0.25,0.6724985743050415,TCGA_to_GEO,GSE18088,target_cohort_adaptive_zscore,svm_rbf
0.26,0.6813121708473733,TCGA_to_GEO,GSE18088,target_cohort_adaptive_zscore,svm_rbf
0.27,0.6901257673897052,TCGA_to_GEO,GSE18088,target_cohort_adaptive_zscore,svm_rbf
0.28,0.698939363932037,TCGA_to_GEO,GSE18088,target_cohort_adaptive_zscore,svm_rbf
0.29,0.7077529604743689,TCGA_to_GEO,GSE18088,target_cohort_adaptive_zscore,svm_rbf
0.3,0.7165665570167007,TCGA_to_GEO,GSE18088,target_cohort_adaptive_zscore,svm_rbf
0.31,0.7253801535590326,TCGA_to_GEO,GSE18088,target_cohort_adaptive_zscore,svm_rbf
0.32,0.7341937501013645,TCGA_to_GEO,GSE18088,target_cohort_adaptive_zscore,svm_rbf
0.33,0.7430073466436964,TCGA_to_GEO,GSE18088,target_cohort_adaptive_zscore,svm_rbf
0.34,0.7518209431860282,TCGA_to_GEO,GSE18088,target_cohort_adaptive_zscore,svm_rbf
0.35000000000000003,0.76063453972836,TCGA_to_GEO,GSE18088,target_cohort_adaptive_zscore,svm_rbf
0.36,0.7694481362706919,TCGA_to_GEO,GSE18088,target_cohort_adaptive_zscore,svm_rbf
0.37,0.7782617328130238,TCGA_to_GEO,GSE18088,target_cohort_adaptive_zscore,svm_rbf
0.38,0.7870753293553556,TCGA_to_GEO,GSE18088,target_cohort_adaptive_zscore,svm_rbf
0.39,0.7958889258976876,TCGA_to_GEO,GSE18088,target_cohort_adaptive_zscore,svm_rbf
0.4,0.8047025224400194,TCGA_to_GEO,GSE18088,target_cohort_adaptive_zscore,svm_rbf
0.41000000000000003,0.8135161189823512,TCGA_to_GEO,GSE18088,target_cohort_adaptive_zscore,svm_rbf
0.42,0.822329715524683,TCGA_to_GEO,GSE18088,target_cohort_adaptive_zscore,svm_rbf
0.43,0.8311433120670149,TCGA_to_GEO,GSE18088,target_cohort_adaptive_zscore,svm_rbf
0.44,0.8399569086093468,TCGA_to_GEO,GSE18088,target_cohort_adaptive_zscore,svm_rbf
0.45,0.8487705051516786,TCGA_to_GEO,GSE18088,target_cohort_adaptive_zscore,svm_rbf
0.46,0.8575841016940104,TCGA_to_GEO,GSE18088,target_cohort_adaptive_zscore,svm_rbf
0.47000000000000003,0.8663976982363424,TCGA_to_GEO,GSE18088,target_cohort_adaptive_zscore,svm_rbf
0.48,0.8752112947786742,TCGA_to_GEO,GSE18088,target_cohort_adaptive_zscore,svm_rbf
0.49,0.884024891321006,TCGA_to_GEO,GSE18088,target_cohort_adaptive_zscore,svm_rbf
0.5,0.892838487863338,TCGA_to_GEO,GSE18088,target_cohort_adaptive_zscore,svm_rbf
0.51,0.9016520844056698,TCGA_to_GEO,GSE18088,target_cohort_adaptive_zscore,svm_rbf
0.52,0.9057363705425391,TCGA_to_GEO,GSE18088,target_cohort_adaptive_zscore,svm_rbf
0.53,0.9092922263525378,TCGA_to_GEO,GSE18088,target_cohort_adaptive_zscore,svm_rbf
0.54,0.9128480821625367,TCGA_to_GEO,GSE18088,target_cohort_adaptive_zscore,svm_rbf
0.55,0.9164039379725354,TCGA_to_GEO,GSE18088,target_cohort_adaptive_zscore,svm_rbf
0.56,0.9199597937825342,TCGA_to_GEO,GSE18088,target_cohort_adaptive_zscore,svm_rbf
0.5700000000000001,0.923515649592533,TCGA_to_GEO,GSE18088,target_cohort_adaptive_zscore,svm_rbf
0.58,0.9270715054025318,TCGA_to_GEO,GSE18088,target_cohort_adaptive_zscore,svm_rbf
0.59,0.9306273612125305,TCGA_to_GEO,GSE18088,target_cohort_adaptive_zscore,svm_rbf
0.6,0.9341832170225294,TCGA_to_GEO,GSE18088,target_cohort_adaptive_zscore,svm_rbf
0.61,0.9377390728325281,TCGA_to_GEO,GSE18088,target_cohort_adaptive_zscore,svm_rbf
0.62,0.941294928642527,TCGA_to_GEO,GSE18088,target_cohort_adaptive_zscore,svm_rbf
0.63,0.9448507844525257,TCGA_to_GEO,GSE18088,target_cohort_adaptive_zscore,svm_rbf
0.64,0.9484066402625245,TCGA_to_GEO,GSE18088,target_cohort_adaptive_zscore,svm_rbf
0.65,0.9519624960725233,TCGA_to_GEO,GSE18088,target_cohort_adaptive_zscore,svm_rbf
0.66,0.9555183518825221,TCGA_to_GEO,GSE18088,target_cohort_adaptive_zscore,svm_rbf
0.67,0.9587636602213012,TCGA_to_GEO,GSE18088,target_cohort_adaptive_zscore,svm_rbf
0.68,0.9614142868997376,TCGA_to_GEO,GSE18088,target_cohort_adaptive_zscore,svm_rbf
0.6900000000000001,0.964064913578174,TCGA_to_GEO,GSE18088,target_cohort_adaptive_zscore,svm_rbf
0.7000000000000001,0.966614396696968,TCGA_to_GEO,GSE18088,target_cohort_adaptive_zscore,svm_rbf
0.71,0.9689652551672799,TCGA_to_GEO,GSE18088,target_cohort_adaptive_zscore,svm_rbf
0.72,0.9713161136375918,TCGA_to_GEO,GSE18088,target_cohort_adaptive_zscore,svm_rbf
0.73,0.9736669721079036,TCGA_to_GEO,GSE18088,target_cohort_adaptive_zscore,svm_rbf
0.74,0.9759269325707707,TCGA_to_GEO,GSE18088,target_cohort_adaptive_zscore,svm_rbf
0.75,0.9779972097264746,TCGA_to_GEO,GSE18088,target_cohort_adaptive_zscore,svm_rbf
0.76,0.9800674868821785,TCGA_to_GEO,GSE18088,target_cohort_adaptive_zscore,svm_rbf
0.77,0.9821377640378824,TCGA_to_GEO,GSE18088,target_cohort_adaptive_zscore,svm_rbf
0.78,0.9839867125566564,TCGA_to_GEO,GSE18088,target_cohort_adaptive_zscore,svm_rbf
0.79,0.9857713188033068,TCGA_to_GEO,GSE18088,target_cohort_adaptive_zscore,svm_rbf
0.8,0.9875559250499574,TCGA_to_GEO,GSE18088,target_cohort_adaptive_zscore,svm_rbf
0.81,0.9893405312966078,TCGA_to_GEO,GSE18088,target_cohort_adaptive_zscore,svm_rbf
0.8200000000000001,0.9911251375432583,TCGA_to_GEO,GSE18088,target_cohort_adaptive_zscore,svm_rbf
0.8300000000000001,0.992853461050185,TCGA_to_GEO,GSE18088,target_cohort_adaptive_zscore,svm_rbf
0.84,0.9943887659427909,TCGA_to_GEO,GSE18088,target_cohort_adaptive_zscore,svm_rbf
0.85,0.9959240708353968,TCGA_to_GEO,GSE18088,target_cohort_adaptive_zscore,svm_rbf
0.86,0.9974593757280027,TCGA_to_GEO,GSE18088,target_cohort_adaptive_zscore,svm_rbf
0.87,0.9987692664677752,TCGA_to_GEO,GSE18088,target_cohort_adaptive_zscore,svm_rbf
0.88,0.9990018085477715,TCGA_to_GEO,GSE18088,target_cohort_adaptive_zscore,svm_rbf
0.89,0.9992343506277679,TCGA_to_GEO,GSE18088,target_cohort_adaptive_zscore,svm_rbf
0.9,0.9994668927077642,TCGA_to_GEO,GSE18088,target_cohort_adaptive_zscore,svm_rbf
0.91,0.9996994347877606,TCGA_to_GEO,GSE18088,target_cohort_adaptive_zscore,svm_rbf
0.92,0.9999319768677569,TCGA_to_GEO,GSE18088,target_cohort_adaptive_zscore,svm_rbf
0.93,1.0,TCGA_to_GEO,GSE18088,target_cohort_adaptive_zscore,svm_rbf
0.9400000000000001,1.0,TCGA_to_GEO,GSE18088,target_cohort_adaptive_zscore,svm_rbf
0.9500000000000001,1.0,TCGA_to_GEO,GSE18088,target_cohort_adaptive_zscore,svm_rbf
0.96,1.0,TCGA_to_GEO,GSE18088,target_cohort_adaptive_zscore,svm_rbf
0.97,1.0,TCGA_to_GEO,GSE18088,target_cohort_adaptive_zscore,svm_rbf
0.98,1.0,TCGA_to_GEO,GSE18088,target_cohort_adaptive_zscore,svm_rbf
0.99,1.0,TCGA_to_GEO,GSE18088,target_cohort_adaptive_zscore,svm_rbf
1.0,1.0,TCGA_to_GEO,GSE18088,target_cohort_adaptive_zscore,svm_rbf
0.0,0.010822439119939502,TCGA_to_GEO,GSE18088,target_cohort_adaptive_zscore,xgboost
0.01,0.010822439119939502,TCGA_to_GEO,GSE18088,target_cohort_adaptive_zscore,xgboost
0.02,0.02380458718004008,TCGA_to_GEO,GSE18088,target_cohort_adaptive_zscore,xgboost
0.03,0.037888309394747195,TCGA_to_GEO,GSE18088,target_cohort_adaptive_zscore,xgboost
0.04,0.05208550264673939,TCGA_to_GEO,GSE18088,target_cohort_adaptive_zscore,xgboost
0.05,0.06636447121219599,TCGA_to_GEO,GSE18088,target_cohort_adaptive_zscore,xgboost
0.06,0.08064343977765258,TCGA_to_GEO,GSE18088,target_cohort_adaptive_zscore,xgboost
0.07,0.0949224083431092,TCGA_to_GEO,GSE18088,target_cohort_adaptive_zscore,xgboost
0.08,0.10922162138542353,TCGA_to_GEO,GSE18088,target_cohort_adaptive_zscore,xgboost
0.09,0.12360754977091211,TCGA_to_GEO,GSE18088,target_cohort_adaptive_zscore,xgboost
0.1,0.1380072796811259,TCGA_to_GEO,GSE18088,target_cohort_adaptive_zscore,xgboost
0.11,0.15240700959133965,TCGA_to_GEO,GSE18088,target_cohort_adaptive_zscore,xgboost
0.12,0.16678970799221932,TCGA_to_GEO,GSE18088,target_cohort_adaptive_zscore,xgboost
0.13,0.18108708006829974,TCGA_to_GEO,GSE18088,target_cohort_adaptive_zscore,xgboost
0.14,0.19538445214438016,TCGA_to_GEO,GSE18088,target_cohort_adaptive_zscore,xgboost
0.15,0.20968182422046056,TCGA_to_GEO,GSE18088,target_cohort_adaptive_zscore,xgboost
0.16,0.22397919629654098,TCGA_to_GEO,GSE18088,target_cohort_adaptive_zscore,xgboost
0.17,0.2382765683726214,TCGA_to_GEO,GSE18088,target_cohort_adaptive_zscore,xgboost
0.18,0.2525739404487018,TCGA_to_GEO,GSE18088,target_cohort_adaptive_zscore,xgboost
0.19,0.26687131252478224,TCGA_to_GEO,GSE18088,target_cohort_adaptive_zscore,xgboost
0.2,0.28116868460086264,TCGA_to_GEO,GSE18088,target_cohort_adaptive_zscore,xgboost
0.21,0.29546605667694303,TCGA_to_GEO,GSE18088,target_cohort_adaptive_zscore,xgboost
0.22,0.30976342875302343,TCGA_to_GEO,GSE18088,target_cohort_adaptive_zscore,xgboost
0.23,0.3239253013388587,TCGA_to_GEO,GSE18088,target_cohort_adaptive_zscore,xgboost
0.24,0.3379502017388845,TCGA_to_GEO,GSE18088,target_cohort_adaptive_zscore,xgboost
0.25,0.3519751021389103,TCGA_to_GEO,GSE18088,target_cohort_adaptive_zscore,xgboost
0.26,0.3660000025389361,TCGA_to_GEO,GSE18088,target_cohort_adaptive_zscore,xgboost
0.27,0.3800249029389619,TCGA_to_GEO,GSE18088,target_cohort_adaptive_zscore,xgboost
0.28,0.39757473410853783,TCGA_to_GEO,GSE18088,target_cohort_adaptive_zscore,xgboost
0.29,0.41662310328122565,TCGA_to_GEO,GSE18088,target_cohort_adaptive_zscore,xgboost
0.3,0.4356714724539135,TCGA_to_GEO,GSE18088,target_cohort_adaptive_zscore,xgboost
0.31,0.45471984162660145,TCGA_to_GEO,GSE18088,target_cohort_adaptive_zscore,xgboost
0.32,0.4737682107992893,TCGA_to_GEO,GSE18088,target_cohort_adaptive_zscore,xgboost
0.33,0.49281657997197725,TCGA_to_GEO,GSE18088,target_cohort_adaptive_zscore,xgboost
0.34,0.5118649491446652,TCGA_to_GEO,GSE18088,target_cohort_adaptive_zscore,xgboost
0.35000000000000003,0.530913318317353,TCGA_to_GEO,GSE18088,target_cohort_adaptive_zscore,xgboost
0.36,0.5499616874900408,TCGA_to_GEO,GSE18088,target_cohort_adaptive_zscore,xgboost
0.37,0.5690100566627287,TCGA_to_GEO,GSE18088,target_cohort_adaptive_zscore,xgboost
0.38,0.5880584258354166,TCGA_to_GEO,GSE18088,target_cohort_adaptive_zscore,xgboost
0.39,0.6071067950081045,TCGA_to_GEO,GSE18088,target_cohort_adaptive_zscore,xgboost
0.4,0.6261551641807924,TCGA_to_GEO,GSE18088,target_cohort_adaptive_zscore,xgboost
0.41000000000000003,0.6452035333534802,TCGA_to_GEO,GSE18088,target_cohort_adaptive_zscore,xgboost
0.42,0.6642519025261682,TCGA_to_GEO,GSE18088,target_cohort_adaptive_zscore,xgboost
0.43,0.6800962404115717,TCGA_to_GEO,GSE18088,target_cohort_adaptive_zscore,xgboost
0.44,0.6945582394895141,TCGA_to_GEO,GSE18088,target_cohort_adaptive_zscore,xgboost
0.45,0.708965801998871,TCGA_to_GEO,GSE18088,target_cohort_adaptive_zscore,xgboost
0.46,0.7212575285862967,TCGA_to_GEO,GSE18088,target_cohort_adaptive_zscore,xgboost
0.47000000000000003,0.7335492551737223,TCGA_to_GEO,GSE18088,target_cohort_adaptive_zscore,xgboost
0.48,0.7458409817611479,TCGA_to_GEO,GSE18088,target_cohort_adaptive_zscore,xgboost
0.49,0.7581327083485735,TCGA_to_GEO,GSE18088,target_cohort_adaptive_zscore,xgboost
0.5,0.7704244349359991,TCGA_to_GEO,GSE18088,target_cohort_adaptive_zscore,xgboost
0.51,0.7815391185969875,TCGA_to_GEO,GSE18088,target_cohort_adaptive_zscore,xgboost
0.52,0.790231369075906,TCGA_to_GEO,GSE18088,target_cohort_adaptive_zscore,xgboost
0.53,0.7989236195548245,TCGA_to_GEO,GSE18088,target_cohort_adaptive_zscore,xgboost
0.54,0.8076158700337429,TCGA_to_GEO,GSE18088,target_cohort_adaptive_zscore,xgboost
0.55,0.8163081205126613,TCGA_to_GEO,GSE18088,target_cohort_adaptive_zscore,xgboost
0.56,0.8250003709915799,TCGA_to_GEO,GSE18088,target_cohort_adaptive_zscore,xgboost
0.5700000000000001,0.832948233995151,TCGA_to_GEO,GSE18088,target_cohort_adaptive_zscore,xgboost
0.58,0.8405490788421673,TCGA_to_GEO,GSE18088,target_cohort_adaptive_zscore,xgboost
0.59,0.8481499236891837,TCGA_to_GEO,GSE18088,target_cohort_adaptive_zscore,xgboost
0.6,0.8557507685362002,TCGA_to_GEO,GSE18088,target_cohort_adaptive_zscore,xgboost
0.61,0.8630781650612042,TCGA_to_GEO,GSE18088,target_cohort_adaptive_zscore,xgboost
0.62,0.8701515568977777,TCGA_to_GEO,GSE18088,target_cohort_adaptive_zscore,xgboost
0.63,0.8770183770319209,TCGA_to_GEO,GSE18088,target_cohort_adaptive_zscore,xgboost
0.64,0.8838851971660641,TCGA_to_GEO,GSE18088,target_cohort_adaptive_zscore,xgboost
0.65,0.8907520173002074,TCGA_to_GEO,GSE18088,target_cohort_adaptive_zscore,xgboost
0.66,0.8976188374343506,TCGA_to_GEO,GSE18088,target_cohort_adaptive_zscore,xgboost
0.67,0.9044856575684938,TCGA_to_GEO,GSE18088,target_cohort_adaptive_zscore,xgboost
0.68,0.911352477702637,TCGA_to_GEO,GSE18088,target_cohort_adaptive_zscore,xgboost
0.6900000000000001,0.9178986727764621,TCGA_to_GEO,GSE18088,target_cohort_adaptive_zscore,xgboost
0.7000000000000001,0.9243297189192836,TCGA_to_GEO,GSE18088,target_cohort_adaptive_zscore,xgboost
0.71,0.9307607650621051,TCGA_to_GEO,GSE18088,target_cohort_adaptive_zscore,xgboost
0.72,0.9370887994541897,TCGA_to_GEO,GSE18088,target_cohort_adaptive_zscore,xgboost
0.73,0.9433035527166395,TCGA_to_GEO,GSE18088,target_cohort_adaptive_zscore,xgboost
0.74,0.9486237509863106,TCGA_to_GEO,GSE18088,target_cohort_adaptive_zscore,xgboost
0.75,0.953771773181442,TCGA_to_GEO,GSE18088,target_cohort_adaptive_zscore,xgboost
0.76,0.9589197953765735,TCGA_to_GEO,GSE18088,target_cohort_adaptive_zscore,xgboost
0.77,0.9640678175717049,TCGA_to_GEO,GSE18088,target_cohort_adaptive_zscore,xgboost
0.78,0.9692158397668363,TCGA_to_GEO,GSE18088,target_cohort_adaptive_zscore,xgboost
0.79,0.9743638619619678,TCGA_to_GEO,GSE18088,target_cohort_adaptive_zscore,xgboost
0.8,0.9795118841570992,TCGA_to_GEO,GSE18088,target_cohort_adaptive_zscore,xgboost
0.81,0.9846599063522307,TCGA_to_GEO,GSE18088,target_cohort_adaptive_zscore,xgboost
0.8200000000000001,0.9898079285473621,TCGA_to_GEO,GSE18088,target_cohort_adaptive_zscore,xgboost
0.8300000000000001,0.9949559507424934,TCGA_to_GEO,GSE18088,target_cohort_adaptive_zscore,xgboost
0.84,1.0,TCGA_to_GEO,GSE18088,target_cohort_adaptive_zscore,xgboost
0.85,1.0,TCGA_to_GEO,GSE18088,target_cohort_adaptive_zscore,xgboost
0.86,1.0,TCGA_to_GEO,GSE18088,target_cohort_adaptive_zscore,xgboost
0.87,1.0,TCGA_to_GEO,GSE18088,target_cohort_adaptive_zscore,xgboost
0.88,1.0,TCGA_to_GEO,GSE18088,target_cohort_adaptive_zscore,xgboost
0.89,1.0,TCGA_to_GEO,GSE18088,target_cohort_adaptive_zscore,xgboost
0.9,1.0,TCGA_to_GEO,GSE18088,target_cohort_adaptive_zscore,xgboost
0.91,1.0,TCGA_to_GEO,GSE18088,target_cohort_adaptive_zscore,xgboost
0.92,1.0,TCGA_to_GEO,GSE18088,target_cohort_adaptive_zscore,xgboost
0.93,1.0,TCGA_to_GEO,GSE18088,target_cohort_adaptive_zscore,xgboost
0.9400000000000001,1.0,TCGA_to_GEO,GSE18088,target_cohort_adaptive_zscore,xgboost
0.9500000000000001,1.0,TCGA_to_GEO,GSE18088,target_cohort_adaptive_zscore,xgboost
0.96,1.0,TCGA_to_GEO,GSE18088,target_cohort_adaptive_zscore,xgboost
0.97,1.0,TCGA_to_GEO,GSE18088,target_cohort_adaptive_zscore,xgboost
0.98,1.0,TCGA_to_GEO,GSE18088,target_cohort_adaptive_zscore,xgboost
0.99,1.0,TCGA_to_GEO,GSE18088,target_cohort_adaptive_zscore,xgboost
1.0,1.0,TCGA_to_GEO,GSE18088,target_cohort_adaptive_zscore,xgboost
0.0,0.0,TCGA_to_GEO,GSE26682,fixed_log_expression,elastic_net
0.01,0.0,TCGA_to_GEO,GSE26682,fixed_log_expression,elastic_net
0.02,0.0,TCGA_to_GEO,GSE26682,fixed_log_expression,elastic_net
0.03,0.0,TCGA_to_GEO,GSE26682,fixed_log_expression,elastic_net
0.04,0.0,TCGA_to_GEO,GSE26682,fixed_log_expression,elastic_net
0.05,0.0,TCGA_to_GEO,GSE26682,fixed_log_expression,elastic_net
0.06,0.0,TCGA_to_GEO,GSE26682,fixed_log_expression,elastic_net
0.07,0.0,TCGA_to_GEO,GSE26682,fixed_log_expression,elastic_net
0.08,0.0,TCGA_to_GEO,GSE26682,fixed_log_expression,elastic_net
0.09,0.0,TCGA_to_GEO,GSE26682,fixed_log_expression,elastic_net
0.1,0.0,TCGA_to_GEO,GSE26682,fixed_log_expression,elastic_net
0.11,0.0,TCGA_to_GEO,GSE26682,fixed_log_expression,elastic_net
0.12,0.0,TCGA_to_GEO,GSE26682,fixed_log_expression,elastic_net
0.13,0.0,TCGA_to_GEO,GSE26682,fixed_log_expression,elastic_net
0.14,0.0,TCGA_to_GEO,GSE26682,fixed_log_expression,elastic_net
0.15,0.0,TCGA_to_GEO,GSE26682,fixed_log_expression,elastic_net
0.16,0.0,TCGA_to_GEO,GSE26682,fixed_log_expression,elastic_net
0.17,0.0,TCGA_to_GEO,GSE26682,fixed_log_expression,elastic_net
0.18,0.0,TCGA_to_GEO,GSE26682,fixed_log_expression,elastic_net
0.19,0.0,TCGA_to_GEO,GSE26682,fixed_log_expression,elastic_net
0.2,0.0,TCGA_to_GEO,GSE26682,fixed_log_expression,elastic_net
0.21,0.0,TCGA_to_GEO,GSE26682,fixed_log_expression,elastic_net
0.22,0.0,TCGA_to_GEO,GSE26682,fixed_log_expression,elastic_net
0.23,0.0,TCGA_to_GEO,GSE26682,fixed_log_expression,elastic_net
0.24,0.0,TCGA_to_GEO,GSE26682,fixed_log_expression,elastic_net
0.25,0.0,TCGA_to_GEO,GSE26682,fixed_log_expression,elastic_net
0.26,0.0,TCGA_to_GEO,GSE26682,fixed_log_expression,elastic_net
0.27,0.0,TCGA_to_GEO,GSE26682,fixed_log_expression,elastic_net
0.28,0.0,TCGA_to_GEO,GSE26682,fixed_log_expression,elastic_net
0.29,0.0,TCGA_to_GEO,GSE26682,fixed_log_expression,elastic_net
0.3,0.0,TCGA_to_GEO,GSE26682,fixed_log_expression,elastic_net
0.31,0.0,TCGA_to_GEO,GSE26682,fixed_log_expression,elastic_net
0.32,0.0,TCGA_to_GEO,GSE26682,fixed_log_expression,elastic_net
0.33,0.0,TCGA_to_GEO,GSE26682,fixed_log_expression,elastic_net
0.34,0.0,TCGA_to_GEO,GSE26682,fixed_log_expression,elastic_net
0.35000000000000003,0.0,TCGA_to_GEO,GSE26682,fixed_log_expression,elastic_net
0.36,0.0,TCGA_to_GEO,GSE26682,fixed_log_expression,elastic_net
0.37,0.0,TCGA_to_GEO,GSE26682,fixed_log_expression,elastic_net
0.38,0.0,TCGA_to_GEO,GSE26682,fixed_log_expression,elastic_net
0.39,0.0,TCGA_to_GEO,GSE26682,fixed_log_expression,elastic_net
0.4,0.0,TCGA_to_GEO,GSE26682,fixed_log_expression,elastic_net
0.41000000000000003,0.0,TCGA_to_GEO,GSE26682,fixed_log_expression,elastic_net
0.42,0.0,TCGA_to_GEO,GSE26682,fixed_log_expression,elastic_net
0.43,0.0,TCGA_to_GEO,GSE26682,fixed_log_expression,elastic_net
0.44,0.0,TCGA_to_GEO,GSE26682,fixed_log_expression,elastic_net
0.45,0.0,TCGA_to_GEO,GSE26682,fixed_log_expression,elastic_net
0.46,0.0,TCGA_to_GEO,GSE26682,fixed_log_expression,elastic_net
0.47000000000000003,0.0,TCGA_to_GEO,GSE26682,fixed_log_expression,elastic_net
0.48,0.0,TCGA_to_GEO,GSE26682,fixed_log_expression,elastic_net
0.49,0.0,TCGA_to_GEO,GSE26682,fixed_log_expression,elastic_net
0.5,0.0,TCGA_to_GEO,GSE26682,fixed_log_expression,elastic_net
0.51,0.0,TCGA_to_GEO,GSE26682,fixed_log_expression,elastic_net
0.52,0.0,TCGA_to_GEO,GSE26682,fixed_log_expression,elastic_net
0.53,0.0,TCGA_to_GEO,GSE26682,fixed_log_expression,elastic_net
0.54,0.0,TCGA_to_GEO,GSE26682,fixed_log_expression,elastic_net
0.55,0.0,TCGA_to_GEO,GSE26682,fixed_log_expression,elastic_net
0.56,0.0,TCGA_to_GEO,GSE26682,fixed_log_expression,elastic_net
0.5700000000000001,0.0,TCGA_to_GEO,GSE26682,fixed_log_expression,elastic_net
0.58,0.0,TCGA_to_GEO,GSE26682,fixed_log_expression,elastic_net
0.59,0.0,TCGA_to_GEO,GSE26682,fixed_log_expression,elastic_net
0.6,0.0,TCGA_to_GEO,GSE26682,fixed_log_expression,elastic_net
0.61,0.0,TCGA_to_GEO,GSE26682,fixed_log_expression,elastic_net
0.62,0.0,TCGA_to_GEO,GSE26682,fixed_log_expression,elastic_net
0.63,0.0,TCGA_to_GEO,GSE26682,fixed_log_expression,elastic_net
0.64,0.0,TCGA_to_GEO,GSE26682,fixed_log_expression,elastic_net
0.65,0.0,TCGA_to_GEO,GSE26682,fixed_log_expression,elastic_net
0.66,0.0,TCGA_to_GEO,GSE26682,fixed_log_expression,elastic_net
0.67,0.0,TCGA_to_GEO,GSE26682,fixed_log_expression,elastic_net
0.68,0.0,TCGA_to_GEO,GSE26682,fixed_log_expression,elastic_net
0.6900000000000001,0.0,TCGA_to_GEO,GSE26682,fixed_log_expression,elastic_net
0.7000000000000001,0.0,TCGA_to_GEO,GSE26682,fixed_log_expression,elastic_net
0.71,0.0,TCGA_to_GEO,GSE26682,fixed_log_expression,elastic_net
0.72,0.0,TCGA_to_GEO,GSE26682,fixed_log_expression,elastic_net
0.73,0.0,TCGA_to_GEO,GSE26682,fixed_log_expression,elastic_net
0.74,0.0,TCGA_to_GEO,GSE26682,fixed_log_expression,elastic_net
0.75,0.0,TCGA_to_GEO,GSE26682,fixed_log_expression,elastic_net
0.76,0.0,TCGA_to_GEO,GSE26682,fixed_log_expression,elastic_net
0.77,0.0,TCGA_to_GEO,GSE26682,fixed_log_expression,elastic_net
0.78,0.0,TCGA_to_GEO,GSE26682,fixed_log_expression,elastic_net
0.79,0.0,TCGA_to_GEO,GSE26682,fixed_log_expression,elastic_net
0.8,0.0,TCGA_to_GEO,GSE26682,fixed_log_expression,elastic_net
0.81,0.0,TCGA_to_GEO,GSE26682,fixed_log_expression,elastic_net
0.8200000000000001,0.0,TCGA_to_GEO,GSE26682,fixed_log_expression,elastic_net
0.8300000000000001,0.0,TCGA_to_GEO,GSE26682,fixed_log_expression,elastic_net
0.84,0.0,TCGA_to_GEO,GSE26682,fixed_log_expression,elastic_net
0.85,0.0,TCGA_to_GEO,GSE26682,fixed_log_expression,elastic_net
0.86,0.0,TCGA_to_GEO,GSE26682,fixed_log_expression,elastic_net
0.87,0.0,TCGA_to_GEO,GSE26682,fixed_log_expression,elastic_net
0.88,0.0,TCGA_to_GEO,GSE26682,fixed_log_expression,elastic_net
0.89,0.0,TCGA_to_GEO,GSE26682,fixed_log_expression,elastic_net
0.9,0.0,TCGA_to_GEO,GSE26682,fixed_log_expression,elastic_net
0.91,0.0,TCGA_to_GEO,GSE26682,fixed_log_expression,elastic_net
0.92,0.0,TCGA_to_GEO,GSE26682,fixed_log_expression,elastic_net
0.93,0.0,TCGA_to_GEO,GSE26682,fixed_log_expression,elastic_net
0.9400000000000001,0.0,TCGA_to_GEO,GSE26682,fixed_log_expression,elastic_net
0.9500000000000001,0.0,TCGA_to_GEO,GSE26682,fixed_log_expression,elastic_net
0.96,0.0,TCGA_to_GEO,GSE26682,fixed_log_expression,elastic_net
0.97,0.0,TCGA_to_GEO,GSE26682,fixed_log_expression,elastic_net
0.98,0.0,TCGA_to_GEO,GSE26682,fixed_log_expression,elastic_net
0.99,0.0,TCGA_to_GEO,GSE26682,fixed_log_expression,elastic_net
1.0,0.3422737324561149,TCGA_to_GEO,GSE26682,fixed_log_expression,elastic_net
0.0,0.020401004651747785,TCGA_to_GEO,GSE26682,fixed_log_expression,svm_rbf
0.01,0.020401004651747785,TCGA_to_GEO,GSE26682,fixed_log_expression,svm_rbf
0.02,0.020401004651747785,TCGA_to_GEO,GSE26682,fixed_log_expression,svm_rbf
0.03,0.020401004651747785,TCGA_to_GEO,GSE26682,fixed_log_expression,svm_rbf
0.04,0.020401004651747785,TCGA_to_GEO,GSE26682,fixed_log_expression,svm_rbf
0.05,0.020401004651747785,TCGA_to_GEO,GSE26682,fixed_log_expression,svm_rbf
0.06,0.020401004651747785,TCGA_to_GEO,GSE26682,fixed_log_expression,svm_rbf
0.07,0.020401004651747785,TCGA_to_GEO,GSE26682,fixed_log_expression,svm_rbf
0.08,0.020401004651747785,TCGA_to_GEO,GSE26682,fixed_log_expression,svm_rbf
0.09,0.020401004651747785,TCGA_to_GEO,GSE26682,fixed_log_expression,svm_rbf
0.1,0.020401004651747785,TCGA_to_GEO,GSE26682,fixed_log_expression,svm_rbf
0.11,0.020401004651747785,TCGA_to_GEO,GSE26682,fixed_log_expression,svm_rbf
0.12,0.020401004651747785,TCGA_to_GEO,GSE26682,fixed_log_expression,svm_rbf
0.13,0.020401004651747785,TCGA_to_GEO,GSE26682,fixed_log_expression,svm_rbf
0.14,0.020401004651747785,TCGA_to_GEO,GSE26682,fixed_log_expression,svm_rbf
0.15,0.020401004651747785,TCGA_to_GEO,GSE26682,fixed_log_expression,svm_rbf
0.16,0.020401004651747785,TCGA_to_GEO,GSE26682,fixed_log_expression,svm_rbf
0.17,0.020401004651747785,TCGA_to_GEO,GSE26682,fixed_log_expression,svm_rbf
0.18,0.020401004651747785,TCGA_to_GEO,GSE26682,fixed_log_expression,svm_rbf
0.19,0.020401004651747785,TCGA_to_GEO,GSE26682,fixed_log_expression,svm_rbf
0.2,0.020401004651747785,TCGA_to_GEO,GSE26682,fixed_log_expression,svm_rbf
0.21,0.020401004651747785,TCGA_to_GEO,GSE26682,fixed_log_expression,svm_rbf
0.22,0.020401004651747785,TCGA_to_GEO,GSE26682,fixed_log_expression,svm_rbf
0.23,0.020401004651747785,TCGA_to_GEO,GSE26682,fixed_log_expression,svm_rbf
0.24,0.020401004651747785,TCGA_to_GEO,GSE26682,fixed_log_expression,svm_rbf
0.25,0.020401004651747785,TCGA_to_GEO,GSE26682,fixed_log_expression,svm_rbf
0.26,0.020401004651747785,TCGA_to_GEO,GSE26682,fixed_log_expression,svm_rbf
0.27,0.020401004651747785,TCGA_to_GEO,GSE26682,fixed_log_expression,svm_rbf
0.28,0.020401004651747785,TCGA_to_GEO,GSE26682,fixed_log_expression,svm_rbf
0.29,0.020401004651747785,TCGA_to_GEO,GSE26682,fixed_log_expression,svm_rbf
0.3,0.020401004651747785,TCGA_to_GEO,GSE26682,fixed_log_expression,svm_rbf
0.31,0.020401004651747785,TCGA_to_GEO,GSE26682,fixed_log_expression,svm_rbf
0.32,0.020401004651747785,TCGA_to_GEO,GSE26682,fixed_log_expression,svm_rbf
0.33,0.020401004651747785,TCGA_to_GEO,GSE26682,fixed_log_expression,svm_rbf
0.34,0.020401004651747785,TCGA_to_GEO,GSE26682,fixed_log_expression,svm_rbf
0.35000000000000003,0.020401004651747785,TCGA_to_GEO,GSE26682,fixed_log_expression,svm_rbf
0.36,0.020401004651747785,TCGA_to_GEO,GSE26682,fixed_log_expression,svm_rbf
0.37,0.020401004651747785,TCGA_to_GEO,GSE26682,fixed_log_expression,svm_rbf
0.38,0.020401004651747785,TCGA_to_GEO,GSE26682,fixed_log_expression,svm_rbf
0.39,0.020401004651747785,TCGA_to_GEO,GSE26682,fixed_log_expression,svm_rbf
0.4,0.020401004651747785,TCGA_to_GEO,GSE26682,fixed_log_expression,svm_rbf
0.41000000000000003,0.020401004651747785,TCGA_to_GEO,GSE26682,fixed_log_expression,svm_rbf
0.42,0.020401004651747785,TCGA_to_GEO,GSE26682,fixed_log_expression,svm_rbf
0.43,0.020401004651747785,TCGA_to_GEO,GSE26682,fixed_log_expression,svm_rbf
0.44,0.020401004651747785,TCGA_to_GEO,GSE26682,fixed_log_expression,svm_rbf
0.45,0.020401004651747785,TCGA_to_GEO,GSE26682,fixed_log_expression,svm_rbf
0.46,0.020401004651747785,TCGA_to_GEO,GSE26682,fixed_log_expression,svm_rbf
0.47000000000000003,0.020401004651747785,TCGA_to_GEO,GSE26682,fixed_log_expression,svm_rbf
0.48,0.020401004651747785,TCGA_to_GEO,GSE26682,fixed_log_expression,svm_rbf
0.49,0.6977572142188968,TCGA_to_GEO,GSE26682,fixed_log_expression,svm_rbf
0.5,0.6977572142188968,TCGA_to_GEO,GSE26682,fixed_log_expression,svm_rbf
0.51,0.6977572142188968,TCGA_to_GEO,GSE26682,fixed_log_expression,svm_rbf
0.52,0.6977572142188968,TCGA_to_GEO,GSE26682,fixed_log_expression,svm_rbf
0.53,0.6977572142188968,TCGA_to_GEO,GSE26682,fixed_log_expression,svm_rbf
0.54,0.6977572142188968,TCGA_to_GEO,GSE26682,fixed_log_expression,svm_rbf
0.55,0.6977572142188968,TCGA_to_GEO,GSE26682,fixed_log_expression,svm_rbf
0.56,0.6977572142188968,TCGA_to_GEO,GSE26682,fixed_log_expression,svm_rbf
0.5700000000000001,0.6977572142188968,TCGA_to_GEO,GSE26682,fixed_log_expression,svm_rbf
0.58,0.6977572142188968,TCGA_to_GEO,GSE26682,fixed_log_expression,svm_rbf
0.59,0.6977572142188968,TCGA_to_GEO,GSE26682,fixed_log_expression,svm_rbf
0.6,0.6977572142188968,TCGA_to_GEO,GSE26682,fixed_log_expression,svm_rbf
0.61,0.6977572142188968,TCGA_to_GEO,GSE26682,fixed_log_expression,svm_rbf
0.62,0.6977572142188968,TCGA_to_GEO,GSE26682,fixed_log_expression,svm_rbf
0.63,0.6977572142188968,TCGA_to_GEO,GSE26682,fixed_log_expression,svm_rbf
0.64,0.6977572142188968,TCGA_to_GEO,GSE26682,fixed_log_expression,svm_rbf
0.65,0.6977572142188968,TCGA_to_GEO,GSE26682,fixed_log_expression,svm_rbf
0.66,0.6977572142188968,TCGA_to_GEO,GSE26682,fixed_log_expression,svm_rbf
0.67,0.6977572142188968,TCGA_to_GEO,GSE26682,fixed_log_expression,svm_rbf
0.68,0.6977572142188968,TCGA_to_GEO,GSE26682,fixed_log_expression,svm_rbf
0.6900000000000001,0.6977572142188968,TCGA_to_GEO,GSE26682,fixed_log_expression,svm_rbf
0.7000000000000001,0.6977572142188968,TCGA_to_GEO,GSE26682,fixed_log_expression,svm_rbf
0.71,0.6977572142188968,TCGA_to_GEO,GSE26682,fixed_log_expression,svm_rbf
0.72,0.6977572142188968,TCGA_to_GEO,GSE26682,fixed_log_expression,svm_rbf
0.73,0.6977572142188968,TCGA_to_GEO,GSE26682,fixed_log_expression,svm_rbf
0.74,0.6977572142188968,TCGA_to_GEO,GSE26682,fixed_log_expression,svm_rbf
0.75,0.6977572142188968,TCGA_to_GEO,GSE26682,fixed_log_expression,svm_rbf
0.76,0.6977572142188968,TCGA_to_GEO,GSE26682,fixed_log_expression,svm_rbf
0.77,0.6977572142188968,TCGA_to_GEO,GSE26682,fixed_log_expression,svm_rbf
0.78,0.6977572142188968,TCGA_to_GEO,GSE26682,fixed_log_expression,svm_rbf
0.79,0.6977572142188968,TCGA_to_GEO,GSE26682,fixed_log_expression,svm_rbf
0.8,0.6977572142188968,TCGA_to_GEO,GSE26682,fixed_log_expression,svm_rbf
0.81,0.6977572142188968,TCGA_to_GEO,GSE26682,fixed_log_expression,svm_rbf
0.8200000000000001,0.6977572142188968,TCGA_to_GEO,GSE26682,fixed_log_expression,svm_rbf
0.8300000000000001,0.6977572142188968,TCGA_to_GEO,GSE26682,fixed_log_expression,svm_rbf
0.84,0.6977572142188968,TCGA_to_GEO,GSE26682,fixed_log_expression,svm_rbf
0.85,0.6977572142188968,TCGA_to_GEO,GSE26682,fixed_log_expression,svm_rbf
0.86,0.6977572142188968,TCGA_to_GEO,GSE26682,fixed_log_expression,svm_rbf
0.87,0.6977572142188968,TCGA_to_GEO,GSE26682,fixed_log_expression,svm_rbf
0.88,0.6977572142188968,TCGA_to_GEO,GSE26682,fixed_log_expression,svm_rbf
0.89,0.6977572142188968,TCGA_to_GEO,GSE26682,fixed_log_expression,svm_rbf
0.9,0.6977572142188968,TCGA_to_GEO,GSE26682,fixed_log_expression,svm_rbf
0.91,0.6977572142188968,TCGA_to_GEO,GSE26682,fixed_log_expression,svm_rbf
0.92,0.6977572142188968,TCGA_to_GEO,GSE26682,fixed_log_expression,svm_rbf
0.93,0.6977572142188968,TCGA_to_GEO,GSE26682,fixed_log_expression,svm_rbf
0.9400000000000001,0.6977572142188968,TCGA_to_GEO,GSE26682,fixed_log_expression,svm_rbf
0.9500000000000001,0.6977572142188968,TCGA_to_GEO,GSE26682,fixed_log_expression,svm_rbf
0.96,0.6977572142188968,TCGA_to_GEO,GSE26682,fixed_log_expression,svm_rbf
0.97,0.6977572142188968,TCGA_to_GEO,GSE26682,fixed_log_expression,svm_rbf
0.98,0.6977572142188968,TCGA_to_GEO,GSE26682,fixed_log_expression,svm_rbf
0.99,0.6977572142188968,TCGA_to_GEO,GSE26682,fixed_log_expression,svm_rbf
1.0,0.6977572142188968,TCGA_to_GEO,GSE26682,fixed_log_expression,svm_rbf
0.0,0.0,TCGA_to_GEO,GSE26682,fixed_log_expression,xgboost
0.01,0.0,TCGA_to_GEO,GSE26682,fixed_log_expression,xgboost
0.02,0.0,TCGA_to_GEO,GSE26682,fixed_log_expression,xgboost
0.03,0.0,TCGA_to_GEO,GSE26682,fixed_log_expression,xgboost
0.04,0.0,TCGA_to_GEO,GSE26682,fixed_log_expression,xgboost
0.05,0.0,TCGA_to_GEO,GSE26682,fixed_log_expression,xgboost
0.06,0.0,TCGA_to_GEO,GSE26682,fixed_log_expression,xgboost
0.07,0.0,TCGA_to_GEO,GSE26682,fixed_log_expression,xgboost
0.08,0.0,TCGA_to_GEO,GSE26682,fixed_log_expression,xgboost
0.09,0.0,TCGA_to_GEO,GSE26682,fixed_log_expression,xgboost
0.1,0.0,TCGA_to_GEO,GSE26682,fixed_log_expression,xgboost
0.11,0.0,TCGA_to_GEO,GSE26682,fixed_log_expression,xgboost
0.12,0.0,TCGA_to_GEO,GSE26682,fixed_log_expression,xgboost
0.13,0.0,TCGA_to_GEO,GSE26682,fixed_log_expression,xgboost
0.14,0.0,TCGA_to_GEO,GSE26682,fixed_log_expression,xgboost
0.15,0.0,TCGA_to_GEO,GSE26682,fixed_log_expression,xgboost
0.16,0.0,TCGA_to_GEO,GSE26682,fixed_log_expression,xgboost
0.17,0.0,TCGA_to_GEO,GSE26682,fixed_log_expression,xgboost
0.18,0.0,TCGA_to_GEO,GSE26682,fixed_log_expression,xgboost
0.19,0.0,TCGA_to_GEO,GSE26682,fixed_log_expression,xgboost
0.2,0.0,TCGA_to_GEO,GSE26682,fixed_log_expression,xgboost
0.21,0.0,TCGA_to_GEO,GSE26682,fixed_log_expression,xgboost
0.22,0.17350123281246252,TCGA_to_GEO,GSE26682,fixed_log_expression,xgboost
0.23,0.3767006529076539,TCGA_to_GEO,GSE26682,fixed_log_expression,xgboost
0.24,0.5799000730028447,TCGA_to_GEO,GSE26682,fixed_log_expression,xgboost
0.25,0.7830994930980362,TCGA_to_GEO,GSE26682,fixed_log_expression,xgboost
0.26,0.9862989131932275,TCGA_to_GEO,GSE26682,fixed_log_expression,xgboost
0.27,0.9999999999999993,TCGA_to_GEO,GSE26682,fixed_log_expression,xgboost
0.28,0.9999999999999993,TCGA_to_GEO,GSE26682,fixed_log_expression,xgboost
0.29,0.9999999999999993,TCGA_to_GEO,GSE26682,fixed_log_expression,xgboost
0.3,0.9999999999999993,TCGA_to_GEO,GSE26682,fixed_log_expression,xgboost
0.31,0.9999999999999993,TCGA_to_GEO,GSE26682,fixed_log_expression,xgboost
0.32,0.9999999999999993,TCGA_to_GEO,GSE26682,fixed_log_expression,xgboost
0.33,0.9999999999999993,TCGA_to_GEO,GSE26682,fixed_log_expression,xgboost
0.34,0.9999999999999993,TCGA_to_GEO,GSE26682,fixed_log_expression,xgboost
0.35000000000000003,0.9999999999999993,TCGA_to_GEO,GSE26682,fixed_log_expression,xgboost
0.36,0.9999999999999993,TCGA_to_GEO,GSE26682,fixed_log_expression,xgboost
0.37,0.9999999999999993,TCGA_to_GEO,GSE26682,fixed_log_expression,xgboost
0.38,0.9999999999999993,TCGA_to_GEO,GSE26682,fixed_log_expression,xgboost
0.39,0.9999999999999993,TCGA_to_GEO,GSE26682,fixed_log_expression,xgboost
0.4,0.9999999999999993,TCGA_to_GEO,GSE26682,fixed_log_expression,xgboost
0.41000000000000003,0.9999999999999993,TCGA_to_GEO,GSE26682,fixed_log_expression,xgboost
0.42,0.9999999999999993,TCGA_to_GEO,GSE26682,fixed_log_expression,xgboost
0.43,0.9999999999999993,TCGA_to_GEO,GSE26682,fixed_log_expression,xgboost
0.44,0.9999999999999993,TCGA_to_GEO,GSE26682,fixed_log_expression,xgboost
0.45,0.9999999999999993,TCGA_to_GEO,GSE26682,fixed_log_expression,xgboost
0.46,0.9999999999999993,TCGA_to_GEO,GSE26682,fixed_log_expression,xgboost
0.47000000000000003,0.9999999999999993,TCGA_to_GEO,GSE26682,fixed_log_expression,xgboost
0.48,0.9999999999999993,TCGA_to_GEO,GSE26682,fixed_log_expression,xgboost
0.49,0.9999999999999993,TCGA_to_GEO,GSE26682,fixed_log_expression,xgboost
0.5,0.9999999999999993,TCGA_to_GEO,GSE26682,fixed_log_expression,xgboost
0.51,0.9999999999999993,TCGA_to_GEO,GSE26682,fixed_log_expression,xgboost
0.52,0.9999999999999993,TCGA_to_GEO,GSE26682,fixed_log_expression,xgboost
0.53,0.9999999999999993,TCGA_to_GEO,GSE26682,fixed_log_expression,xgboost
0.54,0.9999999999999993,TCGA_to_GEO,GSE26682,fixed_log_expression,xgboost
0.55,0.9999999999999993,TCGA_to_GEO,GSE26682,fixed_log_expression,xgboost
0.56,0.9999999999999993,TCGA_to_GEO,GSE26682,fixed_log_expression,xgboost
0.5700000000000001,0.9999999999999993,TCGA_to_GEO,GSE26682,fixed_log_expression,xgboost
0.58,0.9999999999999993,TCGA_to_GEO,GSE26682,fixed_log_expression,xgboost
0.59,0.9999999999999993,TCGA_to_GEO,GSE26682,fixed_log_expression,xgboost
0.6,0.9999999999999993,TCGA_to_GEO,GSE26682,fixed_log_expression,xgboost
0.61,0.9999999999999993,TCGA_to_GEO,GSE26682,fixed_log_expression,xgboost
0.62,0.9999999999999993,TCGA_to_GEO,GSE26682,fixed_log_expression,xgboost
0.63,0.9999999999999993,TCGA_to_GEO,GSE26682,fixed_log_expression,xgboost
0.64,0.9999999999999993,TCGA_to_GEO,GSE26682,fixed_log_expression,xgboost
0.65,0.9999999999999993,TCGA_to_GEO,GSE26682,fixed_log_expression,xgboost
0.66,0.9999999999999993,TCGA_to_GEO,GSE26682,fixed_log_expression,xgboost
0.67,0.9999999999999993,TCGA_to_GEO,GSE26682,fixed_log_expression,xgboost
0.68,0.9999999999999993,TCGA_to_GEO,GSE26682,fixed_log_expression,xgboost
0.6900000000000001,0.9999999999999993,TCGA_to_GEO,GSE26682,fixed_log_expression,xgboost
0.7000000000000001,0.9999999999999993,TCGA_to_GEO,GSE26682,fixed_log_expression,xgboost
0.71,0.9999999999999993,TCGA_to_GEO,GSE26682,fixed_log_expression,xgboost
0.72,0.9999999999999993,TCGA_to_GEO,GSE26682,fixed_log_expression,xgboost
0.73,0.9999999999999993,TCGA_to_GEO,GSE26682,fixed_log_expression,xgboost
0.74,0.9999999999999993,TCGA_to_GEO,GSE26682,fixed_log_expression,xgboost
0.75,0.9999999999999993,TCGA_to_GEO,GSE26682,fixed_log_expression,xgboost
0.76,0.9999999999999993,TCGA_to_GEO,GSE26682,fixed_log_expression,xgboost
0.77,0.9999999999999993,TCGA_to_GEO,GSE26682,fixed_log_expression,xgboost
0.78,0.9999999999999993,TCGA_to_GEO,GSE26682,fixed_log_expression,xgboost
0.79,0.9999999999999993,TCGA_to_GEO,GSE26682,fixed_log_expression,xgboost
0.8,0.9999999999999993,TCGA_to_GEO,GSE26682,fixed_log_expression,xgboost
0.81,0.9999999999999993,TCGA_to_GEO,GSE26682,fixed_log_expression,xgboost
0.8200000000000001,0.9999999999999993,TCGA_to_GEO,GSE26682,fixed_log_expression,xgboost
0.8300000000000001,0.9999999999999993,TCGA_to_GEO,GSE26682,fixed_log_expression,xgboost
0.84,0.9999999999999993,TCGA_to_GEO,GSE26682,fixed_log_expression,xgboost
0.85,0.9999999999999993,TCGA_to_GEO,GSE26682,fixed_log_expression,xgboost
0.86,0.9999999999999993,TCGA_to_GEO,GSE26682,fixed_log_expression,xgboost
0.87,0.9999999999999993,TCGA_to_GEO,GSE26682,fixed_log_expression,xgboost
0.88,0.9999999999999993,TCGA_to_GEO,GSE26682,fixed_log_expression,xgboost
0.89,0.9999999999999993,TCGA_to_GEO,GSE26682,fixed_log_expression,xgboost
0.9,0.9999999999999993,TCGA_to_GEO,GSE26682,fixed_log_expression,xgboost
0.91,0.9999999999999993,TCGA_to_GEO,GSE26682,fixed_log_expression,xgboost
0.92,0.9999999999999993,TCGA_to_GEO,GSE26682,fixed_log_expression,xgboost
0.93,0.9999999999999993,TCGA_to_GEO,GSE26682,fixed_log_expression,xgboost
0.9400000000000001,0.9999999999999993,TCGA_to_GEO,GSE26682,fixed_log_expression,xgboost
0.9500000000000001,0.9999999999999993,TCGA_to_GEO,GSE26682,fixed_log_expression,xgboost
0.96,0.9999999999999993,TCGA_to_GEO,GSE26682,fixed_log_expression,xgboost
0.97,0.9999999999999993,TCGA_to_GEO,GSE26682,fixed_log_expression,xgboost
0.98,0.9999999999999993,TCGA_to_GEO,GSE26682,fixed_log_expression,xgboost
0.99,0.9999999999999993,TCGA_to_GEO,GSE26682,fixed_log_expression,xgboost
1.0,0.9999999999999993,TCGA_to_GEO,GSE26682,fixed_log_expression,xgboost
0.0,0.0,TCGA_to_GEO,GSE26682,single_sample_rank,compact_rank_20
0.01,0.0,TCGA_to_GEO,GSE26682,single_sample_rank,compact_rank_20
0.02,0.0,TCGA_to_GEO,GSE26682,single_sample_rank,compact_rank_20
0.03,0.0,TCGA_to_GEO,GSE26682,single_sample_rank,compact_rank_20
0.04,0.0,TCGA_to_GEO,GSE26682,single_sample_rank,compact_rank_20
0.05,0.0,TCGA_to_GEO,GSE26682,single_sample_rank,compact_rank_20
0.06,0.0,TCGA_to_GEO,GSE26682,single_sample_rank,compact_rank_20
0.07,0.0,TCGA_to_GEO,GSE26682,single_sample_rank,compact_rank_20
0.08,0.0,TCGA_to_GEO,GSE26682,single_sample_rank,compact_rank_20
0.09,0.0,TCGA_to_GEO,GSE26682,single_sample_rank,compact_rank_20
0.1,3.2551080449455936e-06,TCGA_to_GEO,GSE26682,single_sample_rank,compact_rank_20
0.11,9.50452848269565e-06,TCGA_to_GEO,GSE26682,single_sample_rank,compact_rank_20
0.12,1.5753948920445706e-05,TCGA_to_GEO,GSE26682,single_sample_rank,compact_rank_20
0.13,2.200336935819577e-05,TCGA_to_GEO,GSE26682,single_sample_rank,compact_rank_20
0.14,4.546045865037575e-05,TCGA_to_GEO,GSE26682,single_sample_rank,compact_rank_20
0.15,7.597776552364566e-05,TCGA_to_GEO,GSE26682,single_sample_rank,compact_rank_20
0.16,0.00010674590228171413,TCGA_to_GEO,GSE26682,single_sample_rank,compact_rank_20
0.17,0.00013932268017793857,TCGA_to_GEO,GSE26682,single_sample_rank,compact_rank_20
0.18,0.00017301488543557543,TCGA_to_GEO,GSE26682,single_sample_rank,compact_rank_20
0.19,0.0002080206199067636,TCGA_to_GEO,GSE26682,single_sample_rank,compact_rank_20
0.2,0.0002444320063985197,TCGA_to_GEO,GSE26682,single_sample_rank,compact_rank_20
0.21,0.0002820178335023851,TCGA_to_GEO,GSE26682,single_sample_rank,compact_rank_20
0.22,0.0003214870719021204,TCGA_to_GEO,GSE26682,single_sample_rank,compact_rank_20
0.23,0.00036189285015760566,TCGA_to_GEO,GSE26682,single_sample_rank,compact_rank_20
0.24,0.0004046230336184966,TCGA_to_GEO,GSE26682,single_sample_rank,compact_rank_20
0.25,0.0004481023734223809,TCGA_to_GEO,GSE26682,single_sample_rank,compact_rank_20
0.26,0.0004987335635592643,TCGA_to_GEO,GSE26682,single_sample_rank,compact_rank_20
0.27,0.000550692604291426,TCGA_to_GEO,GSE26682,single_sample_rank,compact_rank_20
0.28,0.0006026516450235879,TCGA_to_GEO,GSE26682,single_sample_rank,compact_rank_20
0.29,0.0006546106857557493,TCGA_to_GEO,GSE26682,single_sample_rank,compact_rank_20
0.3,0.000706569726487911,TCGA_to_GEO,GSE26682,single_sample_rank,compact_rank_20
0.31,0.0007585287672200729,TCGA_to_GEO,GSE26682,single_sample_rank,compact_rank_20
0.32,0.0008104878079522347,TCGA_to_GEO,GSE26682,single_sample_rank,compact_rank_20
0.33,0.0008703229383031439,TCGA_to_GEO,GSE26682,single_sample_rank,compact_rank_20
0.34,0.0009331531296043164,TCGA_to_GEO,GSE26682,single_sample_rank,compact_rank_20
0.35000000000000003,0.000998330432879056,TCGA_to_GEO,GSE26682,single_sample_rank,compact_rank_20
0.36,0.0010667942645842103,TCGA_to_GEO,GSE26682,single_sample_rank,compact_rank_20
0.37,0.0011372732820469683,TCGA_to_GEO,GSE26682,single_sample_rank,compact_rank_20
0.38,0.0012115855756456874,TCGA_to_GEO,GSE26682,single_sample_rank,compact_rank_20
0.39,0.0012858978692444065,TCGA_to_GEO,GSE26682,single_sample_rank,compact_rank_20
0.4,0.0013602101628431256,TCGA_to_GEO,GSE26682,single_sample_rank,compact_rank_20
0.41000000000000003,0.0014345224564418447,TCGA_to_GEO,GSE26682,single_sample_rank,compact_rank_20
0.42,0.0015088347500405634,TCGA_to_GEO,GSE26682,single_sample_rank,compact_rank_20
0.43,0.0015826299071955534,TCGA_to_GEO,GSE26682,single_sample_rank,compact_rank_20
0.44,0.0016549076430136238,TCGA_to_GEO,GSE26682,single_sample_rank,compact_rank_20
0.45,0.0017280041313247642,TCGA_to_GEO,GSE26682,single_sample_rank,compact_rank_20
0.46,0.0018022252255675791,TCGA_to_GEO,GSE26682,single_sample_rank,compact_rank_20
0.47000000000000003,0.0024999744370241923,TCGA_to_GEO,GSE26682,single_sample_rank,compact_rank_20
0.48,0.0034241643455681444,TCGA_to_GEO,GSE26682,single_sample_rank,compact_rank_20
0.49,0.004563663259069252,TCGA_to_GEO,GSE26682,single_sample_rank,compact_rank_20
0.5,0.00570316217257036,TCGA_to_GEO,GSE26682,single_sample_rank,compact_rank_20
0.51,0.00613098046396272,TCGA_to_GEO,GSE26682,single_sample_rank,compact_rank_20
0.52,0.006480357068847404,TCGA_to_GEO,GSE26682,single_sample_rank,compact_rank_20
0.53,0.0068353823923299846,TCGA_to_GEO,GSE26682,single_sample_rank,compact_rank_20
0.54,0.007361291954274255,TCGA_to_GEO,GSE26682,single_sample_rank,compact_rank_20
0.55,0.007887201516218526,TCGA_to_GEO,GSE26682,single_sample_rank,compact_rank_20
0.56,0.012154733928756354,TCGA_to_GEO,GSE26682,single_sample_rank,compact_rank_20
0.5700000000000001,0.018323589416605578,TCGA_to_GEO,GSE26682,single_sample_rank,compact_rank_20
0.58,0.02449244490445473,TCGA_to_GEO,GSE26682,single_sample_rank,compact_rank_20
0.59,0.03066130039230395,TCGA_to_GEO,GSE26682,single_sample_rank,compact_rank_20
0.6,0.03880433634774438,TCGA_to_GEO,GSE26682,single_sample_rank,compact_rank_20
0.61,0.046950119202106524,TCGA_to_GEO,GSE26682,single_sample_rank,compact_rank_20
0.62,0.05509590205646868,TCGA_to_GEO,GSE26682,single_sample_rank,compact_rank_20
0.63,0.06319084602340218,TCGA_to_GEO,GSE26682,single_sample_rank,compact_rank_20
0.64,0.07098528811788524,TCGA_to_GEO,GSE26682,single_sample_rank,compact_rank_20
0.65,0.07875654534678207,TCGA_to_GEO,GSE26682,single_sample_rank,compact_rank_20
0.66,0.08655914295758674,TCGA_to_GEO,GSE26682,single_sample_rank,compact_rank_20
0.67,0.09450915988230837,TCGA_to_GEO,GSE26682,single_sample_rank,compact_rank_20
0.68,0.10245917680703001,TCGA_to_GEO,GSE26682,single_sample_rank,compact_rank_20
0.6900000000000001,0.11040919373175166,TCGA_to_GEO,GSE26682,single_sample_rank,compact_rank_20
0.7000000000000001,0.1183592106564733,TCGA_to_GEO,GSE26682,single_sample_rank,compact_rank_20
0.71,0.12630922758119484,TCGA_to_GEO,GSE26682,single_sample_rank,compact_rank_20
0.72,0.13449475124769986,TCGA_to_GEO,GSE26682,single_sample_rank,compact_rank_20
0.73,0.14283550659200808,TCGA_to_GEO,GSE26682,single_sample_rank,compact_rank_20
0.74,0.15121730451430448,TCGA_to_GEO,GSE26682,single_sample_rank,compact_rank_20
0.75,0.15975231316030658,TCGA_to_GEO,GSE26682,single_sample_rank,compact_rank_20
0.76,0.1683823655790787,TCGA_to_GEO,GSE26682,single_sample_rank,compact_rank_20
0.77,0.17702445209438705,TCGA_to_GEO,GSE26682,single_sample_rank,compact_rank_20
0.78,0.18581760778977177,TCGA_to_GEO,GSE26682,single_sample_rank,compact_rank_20
0.79,0.19471650742914495,TCGA_to_GEO,GSE26682,single_sample_rank,compact_rank_20
0.8,0.20368532306988357,TCGA_to_GEO,GSE26682,single_sample_rank,compact_rank_20
0.81,0.2127751696263051,TCGA_to_GEO,GSE26682,single_sample_rank,compact_rank_20
0.8200000000000001,0.2219382200014743,TCGA_to_GEO,GSE26682,single_sample_rank,compact_rank_20
0.8300000000000001,0.23125011793412503,TCGA_to_GEO,GSE26682,single_sample_rank,compact_rank_20
0.84,0.24061215644082415,TCGA_to_GEO,GSE26682,single_sample_rank,compact_rank_20
0.85,0.2500353455220842,TCGA_to_GEO,GSE26682,single_sample_rank,compact_rank_20
0.86,0.259605216065469,TCGA_to_GEO,GSE26682,single_sample_rank,compact_rank_20
0.87,0.2692958138587745,TCGA_to_GEO,GSE26682,single_sample_rank,compact_rank_20
0.88,0.279107145327819,TCGA_to_GEO,GSE26682,single_sample_rank,compact_rank_20
0.89,0.2889184767968635,TCGA_to_GEO,GSE26682,single_sample_rank,compact_rank_20
0.9,0.2989365748336056,TCGA_to_GEO,GSE26682,single_sample_rank,compact_rank_20
0.91,0.3090138409816375,TCGA_to_GEO,GSE26682,single_sample_rank,compact_rank_20
0.92,0.31921432354619905,TCGA_to_GEO,GSE26682,single_sample_rank,compact_rank_20
0.93,0.3295122616186351,TCGA_to_GEO,GSE26682,single_sample_rank,compact_rank_20
0.9400000000000001,0.3399852500983504,TCGA_to_GEO,GSE26682,single_sample_rank,compact_rank_20
0.9500000000000001,0.35049210794516117,TCGA_to_GEO,GSE26682,single_sample_rank,compact_rank_20
0.96,0.3611461115583633,TCGA_to_GEO,GSE26682,single_sample_rank,compact_rank_20
0.97,0.3719180857863709,TCGA_to_GEO,GSE26682,single_sample_rank,compact_rank_20
0.98,0.3827852800115632,TCGA_to_GEO,GSE26682,single_sample_rank,compact_rank_20
0.99,0.39379735563996,TCGA_to_GEO,GSE26682,single_sample_rank,compact_rank_20
1.0,0.40493337766963244,TCGA_to_GEO,GSE26682,single_sample_rank,compact_rank_20
0.0,0.0,TCGA_to_GEO,GSE26682,single_sample_rank,elastic_net
0.01,0.0,TCGA_to_GEO,GSE26682,single_sample_rank,elastic_net
0.02,0.0,TCGA_to_GEO,GSE26682,single_sample_rank,elastic_net
0.03,0.0,TCGA_to_GEO,GSE26682,single_sample_rank,elastic_net
0.04,0.0,TCGA_to_GEO,GSE26682,single_sample_rank,elastic_net
0.05,0.0,TCGA_to_GEO,GSE26682,single_sample_rank,elastic_net
0.06,0.0,TCGA_to_GEO,GSE26682,single_sample_rank,elastic_net
0.07,0.0,TCGA_to_GEO,GSE26682,single_sample_rank,elastic_net
0.08,0.0,TCGA_to_GEO,GSE26682,single_sample_rank,elastic_net
0.09,0.00044511415311489027,TCGA_to_GEO,GSE26682,single_sample_rank,elastic_net
0.1,0.0011730777235911274,TCGA_to_GEO,GSE26682,single_sample_rank,elastic_net
0.11,0.0019483608118980942,TCGA_to_GEO,GSE26682,single_sample_rank,elastic_net
0.12,0.0027480809798022653,TCGA_to_GEO,GSE26682,single_sample_rank,elastic_net
0.13,0.003547801147706437,TCGA_to_GEO,GSE26682,single_sample_rank,elastic_net
0.14,0.004393584355720862,TCGA_to_GEO,GSE26682,single_sample_rank,elastic_net
0.15,0.005282157891307256,TCGA_to_GEO,GSE26682,single_sample_rank,elastic_net
0.16,0.0062074502777967385,TCGA_to_GEO,GSE26682,single_sample_rank,elastic_net
0.17,0.007171974186001304,TCGA_to_GEO,GSE26682,single_sample_rank,elastic_net
0.18,0.008192557821480454,TCGA_to_GEO,GSE26682,single_sample_rank,elastic_net
0.19,0.009228712372752563,TCGA_to_GEO,GSE26682,single_sample_rank,elastic_net
0.2,0.010341991596459876,TCGA_to_GEO,GSE26682,single_sample_rank,elastic_net
0.21,0.01146801881298961,TCGA_to_GEO,GSE26682,single_sample_rank,elastic_net
0.22,0.012672825880643834,TCGA_to_GEO,GSE26682,single_sample_rank,elastic_net
0.23,0.013924644506951281,TCGA_to_GEO,GSE26682,single_sample_rank,elastic_net
0.24,0.015220506819696888,TCGA_to_GEO,GSE26682,single_sample_rank,elastic_net
0.25,0.016582481978562796,TCGA_to_GEO,GSE26682,single_sample_rank,elastic_net
0.26,0.018006104318251878,TCGA_to_GEO,GSE26682,single_sample_rank,elastic_net
0.27,0.019500760408841328,TCGA_to_GEO,GSE26682,single_sample_rank,elastic_net
0.28,0.021103783374720683,TCGA_to_GEO,GSE26682,single_sample_rank,elastic_net
0.29,0.02331690800322181,TCGA_to_GEO,GSE26682,single_sample_rank,elastic_net
0.3,0.025564778718904536,TCGA_to_GEO,GSE26682,single_sample_rank,elastic_net
0.31,0.027812649434587257,TCGA_to_GEO,GSE26682,single_sample_rank,elastic_net
0.32,0.029432655685991155,TCGA_to_GEO,GSE26682,single_sample_rank,elastic_net
0.33,0.030770387933055043,TCGA_to_GEO,GSE26682,single_sample_rank,elastic_net
0.34,0.031841470503703284,TCGA_to_GEO,GSE26682,single_sample_rank,elastic_net
0.35000000000000003,0.03273409719860592,TCGA_to_GEO,GSE26682,single_sample_rank,elastic_net
0.36,0.03362672389350855,TCGA_to_GEO,GSE26682,single_sample_rank,elastic_net
0.37,0.03432751581842178,TCGA_to_GEO,GSE26682,single_sample_rank,elastic_net
0.38,0.03499750356268899,TCGA_to_GEO,GSE26682,single_sample_rank,elastic_net
0.39,0.0356674913069562,TCGA_to_GEO,GSE26682,single_sample_rank,elastic_net
0.4,0.036971252154908235,TCGA_to_GEO,GSE26682,single_sample_rank,elastic_net
0.41000000000000003,0.03895852006025695,TCGA_to_GEO,GSE26682,single_sample_rank,elastic_net
0.42,0.0417391114695932,TCGA_to_GEO,GSE26682,single_sample_rank,elastic_net
0.43,0.04454717510865952,TCGA_to_GEO,GSE26682,single_sample_rank,elastic_net
0.44,0.047569472959320507,TCGA_to_GEO,GSE26682,single_sample_rank,elastic_net
0.45,0.05026056344317427,TCGA_to_GEO,GSE26682,single_sample_rank,elastic_net
0.46,0.05178389124381516,TCGA_to_GEO,GSE26682,single_sample_rank,elastic_net
0.47000000000000003,0.053307219044456046,TCGA_to_GEO,GSE26682,single_sample_rank,elastic_net
0.48,0.054830546845096924,TCGA_to_GEO,GSE26682,single_sample_rank,elastic_net
0.49,0.056353874645737816,TCGA_to_GEO,GSE26682,single_sample_rank,elastic_net
0.5,0.0578772024463787,TCGA_to_GEO,GSE26682,single_sample_rank,elastic_net
0.51,0.05940053024701959,TCGA_to_GEO,GSE26682,single_sample_rank,elastic_net
0.52,0.06096680882671385,TCGA_to_GEO,GSE26682,single_sample_rank,elastic_net
0.53,0.06281569703877932,TCGA_to_GEO,GSE26682,single_sample_rank,elastic_net
0.54,0.06466458525084477,TCGA_to_GEO,GSE26682,single_sample_rank,elastic_net
0.55,0.07198199828514658,TCGA_to_GEO,GSE26682,single_sample_rank,elastic_net
0.56,0.08562559565902983,TCGA_to_GEO,GSE26682,single_sample_rank,elastic_net
0.5700000000000001,0.10052475261270248,TCGA_to_GEO,GSE26682,single_sample_rank,elastic_net
0.58,0.11601475294664135,TCGA_to_GEO,GSE26682,single_sample_rank,elastic_net
0.59,0.1315047532805804,TCGA_to_GEO,GSE26682,single_sample_rank,elastic_net
0.6,0.14699475361451944,TCGA_to_GEO,GSE26682,single_sample_rank,elastic_net
0.61,0.16248475394845846,TCGA_to_GEO,GSE26682,single_sample_rank,elastic_net
0.62,0.1779747542823975,TCGA_to_GEO,GSE26682,single_sample_rank,elastic_net
0.63,0.19346475461633655,TCGA_to_GEO,GSE26682,single_sample_rank,elastic_net
0.64,0.2089547549502756,TCGA_to_GEO,GSE26682,single_sample_rank,elastic_net
0.65,0.22107501210847624,TCGA_to_GEO,GSE26682,single_sample_rank,elastic_net
0.66,0.23297061972162766,TCGA_to_GEO,GSE26682,single_sample_rank,elastic_net
0.67,0.24486622733477906,TCGA_to_GEO,GSE26682,single_sample_rank,elastic_net
0.68,0.2567618349479305,TCGA_to_GEO,GSE26682,single_sample_rank,elastic_net
0.6900000000000001,0.26865744256108187,TCGA_to_GEO,GSE26682,single_sample_rank,elastic_net
0.7000000000000001,0.28055305017423326,TCGA_to_GEO,GSE26682,single_sample_rank,elastic_net
0.71,0.2924311904462229,TCGA_to_GEO,GSE26682,single_sample_rank,elastic_net
0.72,0.30359569268057895,TCGA_to_GEO,GSE26682,single_sample_rank,elastic_net
0.73,0.3147043259010035,TCGA_to_GEO,GSE26682,single_sample_rank,elastic_net
0.74,0.3257260726200676,TCGA_to_GEO,GSE26682,single_sample_rank,elastic_net
0.75,0.3366629633054081,TCGA_to_GEO,GSE26682,single_sample_rank,elastic_net
0.76,0.34757393330002073,TCGA_to_GEO,GSE26682,single_sample_rank,elastic_net
0.77,0.3584849032946333,TCGA_to_GEO,GSE26682,single_sample_rank,elastic_net
0.78,0.36939587328924584,TCGA_to_GEO,GSE26682,single_sample_rank,elastic_net
0.79,0.3802817374335697,TCGA_to_GEO,GSE26682,single_sample_rank,elastic_net
0.8,0.39114507778485225,TCGA_to_GEO,GSE26682,single_sample_rank,elastic_net
0.81,0.4020084181361348,TCGA_to_GEO,GSE26682,single_sample_rank,elastic_net
0.8200000000000001,0.41287175848741736,TCGA_to_GEO,GSE26682,single_sample_rank,elastic_net
0.8300000000000001,0.4237485440100792,TCGA_to_GEO,GSE26682,single_sample_rank,elastic_net
0.84,0.434635919723258,TCGA_to_GEO,GSE26682,single_sample_rank,elastic_net
0.85,0.44554527502669283,TCGA_to_GEO,GSE26682,single_sample_rank,elastic_net
0.86,0.45649200007098945,TCGA_to_GEO,GSE26682,single_sample_rank,elastic_net
0.87,0.46745455176563866,TCGA_to_GEO,GSE26682,single_sample_rank,elastic_net
0.88,0.4784706946489618,TCGA_to_GEO,GSE26682,single_sample_rank,elastic_net
0.89,0.48955065581733154,TCGA_to_GEO,GSE26682,single_sample_rank,elastic_net
0.9,0.5006306169857012,TCGA_to_GEO,GSE26682,single_sample_rank,elastic_net
0.91,0.511710578154071,TCGA_to_GEO,GSE26682,single_sample_rank,elastic_net
0.92,0.5228926991721391,TCGA_to_GEO,GSE26682,single_sample_rank,elastic_net
0.93,0.5341348421441333,TCGA_to_GEO,GSE26682,single_sample_rank,elastic_net
0.9400000000000001,0.5454326769806251,TCGA_to_GEO,GSE26682,single_sample_rank,elastic_net
0.9500000000000001,0.5568114418245773,TCGA_to_GEO,GSE26682,single_sample_rank,elastic_net
0.96,0.5682782902034428,TCGA_to_GEO,GSE26682,single_sample_rank,elastic_net
0.97,0.5797972402985264,TCGA_to_GEO,GSE26682,single_sample_rank,elastic_net
0.98,0.591426869389661,TCGA_to_GEO,GSE26682,single_sample_rank,elastic_net
0.99,0.6031589760163439,TCGA_to_GEO,GSE26682,single_sample_rank,elastic_net
1.0,0.6149509161974817,TCGA_to_GEO,GSE26682,single_sample_rank,elastic_net
0.0,0.0,TCGA_to_GEO,GSE26682,single_sample_rank,svm_rbf
0.01,0.0,TCGA_to_GEO,GSE26682,single_sample_rank,svm_rbf
0.02,0.0,TCGA_to_GEO,GSE26682,single_sample_rank,svm_rbf
0.03,0.0,TCGA_to_GEO,GSE26682,single_sample_rank,svm_rbf
0.04,0.0,TCGA_to_GEO,GSE26682,single_sample_rank,svm_rbf
0.05,0.0,TCGA_to_GEO,GSE26682,single_sample_rank,svm_rbf
0.06,0.0,TCGA_to_GEO,GSE26682,single_sample_rank,svm_rbf
0.07,0.0,TCGA_to_GEO,GSE26682,single_sample_rank,svm_rbf
0.08,0.0,TCGA_to_GEO,GSE26682,single_sample_rank,svm_rbf
0.09,0.0,TCGA_to_GEO,GSE26682,single_sample_rank,svm_rbf
0.1,0.0,TCGA_to_GEO,GSE26682,single_sample_rank,svm_rbf
0.11,0.0,TCGA_to_GEO,GSE26682,single_sample_rank,svm_rbf
0.12,0.0,TCGA_to_GEO,GSE26682,single_sample_rank,svm_rbf
0.13,0.0,TCGA_to_GEO,GSE26682,single_sample_rank,svm_rbf
0.14,0.0,TCGA_to_GEO,GSE26682,single_sample_rank,svm_rbf
0.15,0.0,TCGA_to_GEO,GSE26682,single_sample_rank,svm_rbf
0.16,0.0,TCGA_to_GEO,GSE26682,single_sample_rank,svm_rbf
0.17,0.0,TCGA_to_GEO,GSE26682,single_sample_rank,svm_rbf
0.18,0.0,TCGA_to_GEO,GSE26682,single_sample_rank,svm_rbf
0.19,0.0,TCGA_to_GEO,GSE26682,single_sample_rank,svm_rbf
0.2,0.0,TCGA_to_GEO,GSE26682,single_sample_rank,svm_rbf
0.21,0.0,TCGA_to_GEO,GSE26682,single_sample_rank,svm_rbf
0.22,0.0,TCGA_to_GEO,GSE26682,single_sample_rank,svm_rbf
0.23,1.0,TCGA_to_GEO,GSE26682,single_sample_rank,svm_rbf
0.24,1.0,TCGA_to_GEO,GSE26682,single_sample_rank,svm_rbf
0.25,1.0,TCGA_to_GEO,GSE26682,single_sample_rank,svm_rbf
0.26,1.0,TCGA_to_GEO,GSE26682,single_sample_rank,svm_rbf
0.27,1.0,TCGA_to_GEO,GSE26682,single_sample_rank,svm_rbf
0.28,1.0,TCGA_to_GEO,GSE26682,single_sample_rank,svm_rbf
0.29,1.0,TCGA_to_GEO,GSE26682,single_sample_rank,svm_rbf
0.3,1.0,TCGA_to_GEO,GSE26682,single_sample_rank,svm_rbf
0.31,1.0,TCGA_to_GEO,GSE26682,single_sample_rank,svm_rbf
0.32,1.0,TCGA_to_GEO,GSE26682,single_sample_rank,svm_rbf
0.33,1.0,TCGA_to_GEO,GSE26682,single_sample_rank,svm_rbf
0.34,1.0,TCGA_to_GEO,GSE26682,single_sample_rank,svm_rbf
0.35000000000000003,1.0,TCGA_to_GEO,GSE26682,single_sample_rank,svm_rbf
0.36,1.0,TCGA_to_GEO,GSE26682,single_sample_rank,svm_rbf
0.37,1.0,TCGA_to_GEO,GSE26682,single_sample_rank,svm_rbf
0.38,1.0,TCGA_to_GEO,GSE26682,single_sample_rank,svm_rbf
0.39,1.0,TCGA_to_GEO,GSE26682,single_sample_rank,svm_rbf
0.4,1.0,TCGA_to_GEO,GSE26682,single_sample_rank,svm_rbf
0.41000000000000003,1.0,TCGA_to_GEO,GSE26682,single_sample_rank,svm_rbf
0.42,1.0,TCGA_to_GEO,GSE26682,single_sample_rank,svm_rbf
0.43,1.0,TCGA_to_GEO,GSE26682,single_sample_rank,svm_rbf
0.44,1.0,TCGA_to_GEO,GSE26682,single_sample_rank,svm_rbf
0.45,1.0,TCGA_to_GEO,GSE26682,single_sample_rank,svm_rbf
0.46,1.0,TCGA_to_GEO,GSE26682,single_sample_rank,svm_rbf
0.47000000000000003,1.0,TCGA_to_GEO,GSE26682,single_sample_rank,svm_rbf
0.48,1.0,TCGA_to_GEO,GSE26682,single_sample_rank,svm_rbf
0.49,1.0,TCGA_to_GEO,GSE26682,single_sample_rank,svm_rbf
0.5,1.0,TCGA_to_GEO,GSE26682,single_sample_rank,svm_rbf
0.51,1.0,TCGA_to_GEO,GSE26682,single_sample_rank,svm_rbf
0.52,1.0,TCGA_to_GEO,GSE26682,single_sample_rank,svm_rbf
0.53,1.0,TCGA_to_GEO,GSE26682,single_sample_rank,svm_rbf
0.54,1.0,TCGA_to_GEO,GSE26682,single_sample_rank,svm_rbf
0.55,1.0,TCGA_to_GEO,GSE26682,single_sample_rank,svm_rbf
0.56,1.0,TCGA_to_GEO,GSE26682,single_sample_rank,svm_rbf
0.5700000000000001,1.0,TCGA_to_GEO,GSE26682,single_sample_rank,svm_rbf
0.58,1.0,TCGA_to_GEO,GSE26682,single_sample_rank,svm_rbf
0.59,1.0,TCGA_to_GEO,GSE26682,single_sample_rank,svm_rbf
0.6,1.0,TCGA_to_GEO,GSE26682,single_sample_rank,svm_rbf
0.61,1.0,TCGA_to_GEO,GSE26682,single_sample_rank,svm_rbf
0.62,1.0,TCGA_to_GEO,GSE26682,single_sample_rank,svm_rbf
0.63,1.0,TCGA_to_GEO,GSE26682,single_sample_rank,svm_rbf
0.64,1.0,TCGA_to_GEO,GSE26682,single_sample_rank,svm_rbf
0.65,1.0,TCGA_to_GEO,GSE26682,single_sample_rank,svm_rbf
0.66,1.0,TCGA_to_GEO,GSE26682,single_sample_rank,svm_rbf
0.67,1.0,TCGA_to_GEO,GSE26682,single_sample_rank,svm_rbf
0.68,1.0,TCGA_to_GEO,GSE26682,single_sample_rank,svm_rbf
0.6900000000000001,1.0,TCGA_to_GEO,GSE26682,single_sample_rank,svm_rbf
0.7000000000000001,1.0,TCGA_to_GEO,GSE26682,single_sample_rank,svm_rbf
0.71,1.0,TCGA_to_GEO,GSE26682,single_sample_rank,svm_rbf
0.72,1.0,TCGA_to_GEO,GSE26682,single_sample_rank,svm_rbf
0.73,1.0,TCGA_to_GEO,GSE26682,single_sample_rank,svm_rbf
0.74,1.0,TCGA_to_GEO,GSE26682,single_sample_rank,svm_rbf
0.75,1.0,TCGA_to_GEO,GSE26682,single_sample_rank,svm_rbf
0.76,1.0,TCGA_to_GEO,GSE26682,single_sample_rank,svm_rbf
0.77,1.0,TCGA_to_GEO,GSE26682,single_sample_rank,svm_rbf
0.78,1.0,TCGA_to_GEO,GSE26682,single_sample_rank,svm_rbf
0.79,1.0,TCGA_to_GEO,GSE26682,single_sample_rank,svm_rbf
0.8,1.0,TCGA_to_GEO,GSE26682,single_sample_rank,svm_rbf
0.81,1.0,TCGA_to_GEO,GSE26682,single_sample_rank,svm_rbf
0.8200000000000001,1.0,TCGA_to_GEO,GSE26682,single_sample_rank,svm_rbf
0.8300000000000001,1.0,TCGA_to_GEO,GSE26682,single_sample_rank,svm_rbf
0.84,1.0,TCGA_to_GEO,GSE26682,single_sample_rank,svm_rbf
0.85,1.0,TCGA_to_GEO,GSE26682,single_sample_rank,svm_rbf
0.86,1.0,TCGA_to_GEO,GSE26682,single_sample_rank,svm_rbf
0.87,1.0,TCGA_to_GEO,GSE26682,single_sample_rank,svm_rbf
0.88,1.0,TCGA_to_GEO,GSE26682,single_sample_rank,svm_rbf
0.89,1.0,TCGA_to_GEO,GSE26682,single_sample_rank,svm_rbf
0.9,1.0,TCGA_to_GEO,GSE26682,single_sample_rank,svm_rbf
0.91,1.0,TCGA_to_GEO,GSE26682,single_sample_rank,svm_rbf
0.92,1.0,TCGA_to_GEO,GSE26682,single_sample_rank,svm_rbf
0.93,1.0,TCGA_to_GEO,GSE26682,single_sample_rank,svm_rbf
0.9400000000000001,1.0,TCGA_to_GEO,GSE26682,single_sample_rank,svm_rbf
0.9500000000000001,1.0,TCGA_to_GEO,GSE26682,single_sample_rank,svm_rbf
0.96,1.0,TCGA_to_GEO,GSE26682,single_sample_rank,svm_rbf
0.97,1.0,TCGA_to_GEO,GSE26682,single_sample_rank,svm_rbf
0.98,1.0,TCGA_to_GEO,GSE26682,single_sample_rank,svm_rbf
0.99,1.0,TCGA_to_GEO,GSE26682,single_sample_rank,svm_rbf
1.0,1.0,TCGA_to_GEO,GSE26682,single_sample_rank,svm_rbf
0.0,0.004954564722651232,TCGA_to_GEO,GSE26682,single_sample_rank,xgboost
0.01,0.004954564722651232,TCGA_to_GEO,GSE26682,single_sample_rank,xgboost
0.02,0.004954564722651232,TCGA_to_GEO,GSE26682,single_sample_rank,xgboost
0.03,0.004954564722651232,TCGA_to_GEO,GSE26682,single_sample_rank,xgboost
0.04,0.004954564722651232,TCGA_to_GEO,GSE26682,single_sample_rank,xgboost
0.05,0.004954564722651232,TCGA_to_GEO,GSE26682,single_sample_rank,xgboost
0.06,0.007435093827048792,TCGA_to_GEO,GSE26682,single_sample_rank,xgboost
0.07,0.010802304059971271,TCGA_to_GEO,GSE26682,single_sample_rank,xgboost
0.08,0.01390155085493399,TCGA_to_GEO,GSE26682,single_sample_rank,xgboost
0.09,0.016698001784503022,TCGA_to_GEO,GSE26682,single_sample_rank,xgboost
0.1,0.019235402443545123,TCGA_to_GEO,GSE26682,single_sample_rank,xgboost
0.11,0.021541090445589522,TCGA_to_GEO,GSE26682,single_sample_rank,xgboost
0.12,0.023654894062950394,TCGA_to_GEO,GSE26682,single_sample_rank,xgboost
0.13,0.02546998385128719,TCGA_to_GEO,GSE26682,single_sample_rank,xgboost
0.14,0.026758489850831294,TCGA_to_GEO,GSE26682,single_sample_rank,xgboost
0.15,0.02555614039151751,TCGA_to_GEO,GSE26682,single_sample_rank,xgboost
0.16,0.022876506255799286,TCGA_to_GEO,GSE26682,single_sample_rank,xgboost
0.17,0.01946483362409726,TCGA_to_GEO,GSE26682,single_sample_rank,xgboost
0.18,0.0162160632770566,TCGA_to_GEO,GSE26682,single_sample_rank,xgboost
0.19,0.013054021178794025,TCGA_to_GEO,GSE26682,single_sample_rank,xgboost
0.2,0.010327494347915033,TCGA_to_GEO,GSE26682,single_sample_rank,xgboost
0.21,0.007960340882982182,TCGA_to_GEO,GSE26682,single_sample_rank,xgboost
0.22,0.005775401573957379,TCGA_to_GEO,GSE26682,single_sample_rank,xgboost
0.23,0.004202436390555087,TCGA_to_GEO,GSE26682,single_sample_rank,xgboost
0.24,0.0028144655685437953,TCGA_to_GEO,GSE26682,single_sample_rank,xgboost
0.25,0.0019136934174805867,TCGA_to_GEO,GSE26682,single_sample_rank,xgboost
0.26,0.0028783544531730855,TCGA_to_GEO,GSE26682,single_sample_rank,xgboost
0.27,0.00998967702140958,TCGA_to_GEO,GSE26682,single_sample_rank,xgboost
0.28,0.020462003350257225,TCGA_to_GEO,GSE26682,single_sample_rank,xgboost
0.29,0.04148120739259728,TCGA_to_GEO,GSE26682,single_sample_rank,xgboost
0.3,0.06250041143493745,TCGA_to_GEO,GSE26682,single_sample_rank,xgboost
0.31,0.08829080982263939,TCGA_to_GEO,GSE26682,single_sample_rank,xgboost
0.32,0.112887651640728,TCGA_to_GEO,GSE26682,single_sample_rank,xgboost
0.33,0.1374223134812031,TCGA_to_GEO,GSE26682,single_sample_rank,xgboost
0.34,0.1619569753216782,TCGA_to_GEO,GSE26682,single_sample_rank,xgboost
0.35000000000000003,0.19104970785388584,TCGA_to_GEO,GSE26682,single_sample_rank,xgboost
0.36,0.22143108979142462,TCGA_to_GEO,GSE26682,single_sample_rank,xgboost
0.37,0.2505154998887579,TCGA_to_GEO,GSE26682,single_sample_rank,xgboost
0.38,0.2795999099860912,TCGA_to_GEO,GSE26682,single_sample_rank,xgboost
0.39,0.30868432008342445,TCGA_to_GEO,GSE26682,single_sample_rank,xgboost
0.4,0.3375649012586461,TCGA_to_GEO,GSE26682,single_sample_rank,xgboost
0.41000000000000003,0.3656745135766567,TCGA_to_GEO,GSE26682,single_sample_rank,xgboost
0.42,0.39281790260399285,TCGA_to_GEO,GSE26682,single_sample_rank,xgboost
0.43,0.41911673982692943,TCGA_to_GEO,GSE26682,single_sample_rank,xgboost
0.44,0.4451608419569422,TCGA_to_GEO,GSE26682,single_sample_rank,xgboost
0.45,0.4711973937339319,TCGA_to_GEO,GSE26682,single_sample_rank,xgboost
0.46,0.49723394551092154,TCGA_to_GEO,GSE26682,single_sample_rank,xgboost
0.47000000000000003,0.5225183629358922,TCGA_to_GEO,GSE26682,single_sample_rank,xgboost
0.48,0.54689295885251,TCGA_to_GEO,GSE26682,single_sample_rank,xgboost
0.49,0.5712324198809641,TCGA_to_GEO,GSE26682,single_sample_rank,xgboost
0.5,0.5954946436592499,TCGA_to_GEO,GSE26682,single_sample_rank,xgboost
0.51,0.6196346568340115,TCGA_to_GEO,GSE26682,single_sample_rank,xgboost
0.52,0.6438142636232989,TCGA_to_GEO,GSE26682,single_sample_rank,xgboost
0.53,0.6681024709741071,TCGA_to_GEO,GSE26682,single_sample_rank,xgboost
0.54,0.6924823592981718,TCGA_to_GEO,GSE26682,single_sample_rank,xgboost
0.55,0.7170452208237481,TCGA_to_GEO,GSE26682,single_sample_rank,xgboost
0.56,0.7418130725969864,TCGA_to_GEO,GSE26682,single_sample_rank,xgboost
0.5700000000000001,0.7667485188769061,TCGA_to_GEO,GSE26682,single_sample_rank,xgboost
0.58,0.7919063154920825,TCGA_to_GEO,GSE26682,single_sample_rank,xgboost
0.59,0.817341718138333,TCGA_to_GEO,GSE26682,single_sample_rank,xgboost
0.6,0.8428961355718374,TCGA_to_GEO,GSE26682,single_sample_rank,xgboost
0.61,0.8684505530053417,TCGA_to_GEO,GSE26682,single_sample_rank,xgboost
0.62,0.8940592776029546,TCGA_to_GEO,GSE26682,single_sample_rank,xgboost
0.63,0.9199483253367761,TCGA_to_GEO,GSE26682,single_sample_rank,xgboost
0.64,0.9411327363851838,TCGA_to_GEO,GSE26682,single_sample_rank,xgboost
0.65,0.9467017123610801,TCGA_to_GEO,GSE26682,single_sample_rank,xgboost
0.66,0.9522706883369765,TCGA_to_GEO,GSE26682,single_sample_rank,xgboost
0.67,0.9578396643128727,TCGA_to_GEO,GSE26682,single_sample_rank,xgboost
0.68,0.963408640288769,TCGA_to_GEO,GSE26682,single_sample_rank,xgboost
0.6900000000000001,0.9689776162646654,TCGA_to_GEO,GSE26682,single_sample_rank,xgboost
0.7000000000000001,0.9745465922405617,TCGA_to_GEO,GSE26682,single_sample_rank,xgboost
0.71,0.980115568216458,TCGA_to_GEO,GSE26682,single_sample_rank,xgboost
0.72,0.9856845441923543,TCGA_to_GEO,GSE26682,single_sample_rank,xgboost
0.73,0.9912535201682505,TCGA_to_GEO,GSE26682,single_sample_rank,xgboost
0.74,0.9968224961441469,TCGA_to_GEO,GSE26682,single_sample_rank,xgboost
0.75,1.0,TCGA_to_GEO,GSE26682,single_sample_rank,xgboost
0.76,1.0,TCGA_to_GEO,GSE26682,single_sample_rank,xgboost
0.77,1.0,TCGA_to_GEO,GSE26682,single_sample_rank,xgboost
0.78,1.0,TCGA_to_GEO,GSE26682,single_sample_rank,xgboost
0.79,1.0,TCGA_to_GEO,GSE26682,single_sample_rank,xgboost
0.8,1.0,TCGA_to_GEO,GSE26682,single_sample_rank,xgboost
0.81,1.0,TCGA_to_GEO,GSE26682,single_sample_rank,xgboost
0.8200000000000001,1.0,TCGA_to_GEO,GSE26682,single_sample_rank,xgboost
0.8300000000000001,1.0,TCGA_to_GEO,GSE26682,single_sample_rank,xgboost
0.84,1.0,TCGA_to_GEO,GSE26682,single_sample_rank,xgboost
0.85,1.0,TCGA_to_GEO,GSE26682,single_sample_rank,xgboost
0.86,1.0,TCGA_to_GEO,GSE26682,single_sample_rank,xgboost
0.87,1.0,TCGA_to_GEO,GSE26682,single_sample_rank,xgboost
0.88,1.0,TCGA_to_GEO,GSE26682,single_sample_rank,xgboost
0.89,1.0,TCGA_to_GEO,GSE26682,single_sample_rank,xgboost
0.9,1.0,TCGA_to_GEO,GSE26682,single_sample_rank,xgboost
0.91,1.0,TCGA_to_GEO,GSE26682,single_sample_rank,xgboost
0.92,1.0,TCGA_to_GEO,GSE26682,single_sample_rank,xgboost
0.93,1.0,TCGA_to_GEO,GSE26682,single_sample_rank,xgboost
0.9400000000000001,1.0,TCGA_to_GEO,GSE26682,single_sample_rank,xgboost
0.9500000000000001,1.0,TCGA_to_GEO,GSE26682,single_sample_rank,xgboost
0.96,1.0,TCGA_to_GEO,GSE26682,single_sample_rank,xgboost
0.97,1.0,TCGA_to_GEO,GSE26682,single_sample_rank,xgboost
0.98,1.0,TCGA_to_GEO,GSE26682,single_sample_rank,xgboost
0.99,1.0,TCGA_to_GEO,GSE26682,single_sample_rank,xgboost
1.0,1.0,TCGA_to_GEO,GSE26682,single_sample_rank,xgboost
0.0,0.0,TCGA_to_GEO,GSE26682,target_cohort_adaptive_zscore,elastic_net
0.01,0.0,TCGA_to_GEO,GSE26682,target_cohort_adaptive_zscore,elastic_net
0.02,0.0,TCGA_to_GEO,GSE26682,target_cohort_adaptive_zscore,elastic_net
0.03,0.003916494750109679,TCGA_to_GEO,GSE26682,target_cohort_adaptive_zscore,elastic_net
0.04,0.010530324499856749,TCGA_to_GEO,GSE26682,target_cohort_adaptive_zscore,elastic_net
0.05,0.01720732961422969,TCGA_to_GEO,GSE26682,target_cohort_adaptive_zscore,elastic_net
0.06,0.023938489737940653,TCGA_to_GEO,GSE26682,target_cohort_adaptive_zscore,elastic_net
0.07,0.03071296571180491,TCGA_to_GEO,GSE26682,target_cohort_adaptive_zscore,elastic_net
0.08,0.03752801671190647,TCGA_to_GEO,GSE26682,target_cohort_adaptive_zscore,elastic_net
0.09,0.04436644306387448,TCGA_to_GEO,GSE26682,target_cohort_adaptive_zscore,elastic_net
0.1,0.05124157752193067,TCGA_to_GEO,GSE26682,target_cohort_adaptive_zscore,elastic_net
0.11,0.05815192575917535,TCGA_to_GEO,GSE26682,target_cohort_adaptive_zscore,elastic_net
0.12,0.06514726660859715,TCGA_to_GEO,GSE26682,target_cohort_adaptive_zscore,elastic_net
0.13,0.07226437436919038,TCGA_to_GEO,GSE26682,target_cohort_adaptive_zscore,elastic_net
0.14,0.0789264861990076,TCGA_to_GEO,GSE26682,target_cohort_adaptive_zscore,elastic_net
0.15,0.08428852956669165,TCGA_to_GEO,GSE26682,target_cohort_adaptive_zscore,elastic_net
0.16,0.08965057293437573,TCGA_to_GEO,GSE26682,target_cohort_adaptive_zscore,elastic_net
0.17,0.09501261630205979,TCGA_to_GEO,GSE26682,target_cohort_adaptive_zscore,elastic_net
0.18,0.10037465966974385,TCGA_to_GEO,GSE26682,target_cohort_adaptive_zscore,elastic_net
0.19,0.094644626705292,TCGA_to_GEO,GSE26682,target_cohort_adaptive_zscore,elastic_net
0.2,0.0846093660280457,TCGA_to_GEO,GSE26682,target_cohort_adaptive_zscore,elastic_net
0.21,0.07826755522383652,TCGA_to_GEO,GSE26682,target_cohort_adaptive_zscore,elastic_net
0.22,0.07194560760723108,TCGA_to_GEO,GSE26682,target_cohort_adaptive_zscore,elastic_net
0.23,0.06780794136074389,TCGA_to_GEO,GSE26682,target_cohort_adaptive_zscore,elastic_net
0.24,0.06455291032869442,TCGA_to_GEO,GSE26682,target_cohort_adaptive_zscore,elastic_net
0.25,0.061405420941787955,TCGA_to_GEO,GSE26682,target_cohort_adaptive_zscore,elastic_net
0.26,0.05825793155488149,TCGA_to_GEO,GSE26682,target_cohort_adaptive_zscore,elastic_net
0.27,0.05511044216797502,TCGA_to_GEO,GSE26682,target_cohort_adaptive_zscore,elastic_net
0.28,0.05196295278106856,TCGA_to_GEO,GSE26682,target_cohort_adaptive_zscore,elastic_net
0.29,0.048935056812045796,TCGA_to_GEO,GSE26682,target_cohort_adaptive_zscore,elastic_net
0.3,0.046320018968193606,TCGA_to_GEO,GSE26682,target_cohort_adaptive_zscore,elastic_net
0.31,0.04370498112434141,TCGA_to_GEO,GSE26682,target_cohort_adaptive_zscore,elastic_net
0.32,0.04119950704661208,TCGA_to_GEO,GSE26682,target_cohort_adaptive_zscore,elastic_net
0.33,0.038794379853481796,TCGA_to_GEO,GSE26682,target_cohort_adaptive_zscore,elastic_net
0.34,0.03645130759713142,TCGA_to_GEO,GSE26682,target_cohort_adaptive_zscore,elastic_net
0.35000000000000003,0.03414000327636151,TCGA_to_GEO,GSE26682,target_cohort_adaptive_zscore,elastic_net
0.36,0.031876446421749555,TCGA_to_GEO,GSE26682,target_cohort_adaptive_zscore,elastic_net
0.37,0.029745932112074214,TCGA_to_GEO,GSE26682,target_cohort_adaptive_zscore,elastic_net
0.38,0.02763775632076752,TCGA_to_GEO,GSE26682,target_cohort_adaptive_zscore,elastic_net
0.39,0.025529580529460826,TCGA_to_GEO,GSE26682,target_cohort_adaptive_zscore,elastic_net
0.4,0.02342140473815413,TCGA_to_GEO,GSE26682,target_cohort_adaptive_zscore,elastic_net
0.41000000000000003,0.021977345164619664,TCGA_to_GEO,GSE26682,target_cohort_adaptive_zscore,elastic_net
0.42,0.020598987040727126,TCGA_to_GEO,GSE26682,target_cohort_adaptive_zscore,elastic_net
0.43,0.01922062891683458,TCGA_to_GEO,GSE26682,target_cohort_adaptive_zscore,elastic_net
0.44,0.017842270792942032,TCGA_to_GEO,GSE26682,target_cohort_adaptive_zscore,elastic_net
0.45,0.016693631734848224,TCGA_to_GEO,GSE26682,target_cohort_adaptive_zscore,elastic_net
0.46,0.01604592047419295,TCGA_to_GEO,GSE26682,target_cohort_adaptive_zscore,elastic_net
0.47000000000000003,0.015436043553964732,TCGA_to_GEO,GSE26682,target_cohort_adaptive_zscore,elastic_net
0.48,0.014858243215338258,TCGA_to_GEO,GSE26682,target_cohort_adaptive_zscore,elastic_net
0.49,0.01574524750293297,TCGA_to_GEO,GSE26682,target_cohort_adaptive_zscore,elastic_net
0.5,0.016632251790527682,TCGA_to_GEO,GSE26682,target_cohort_adaptive_zscore,elastic_net
0.51,0.017519256078122394,TCGA_to_GEO,GSE26682,target_cohort_adaptive_zscore,elastic_net
0.52,0.03449227372128329,TCGA_to_GEO,GSE26682,target_cohort_adaptive_zscore,elastic_net
0.53,0.057236673687911264,TCGA_to_GEO,GSE26682,target_cohort_adaptive_zscore,elastic_net
0.54,0.07998107365453924,TCGA_to_GEO,GSE26682,target_cohort_adaptive_zscore,elastic_net
0.55,0.10272547362116721,TCGA_to_GEO,GSE26682,target_cohort_adaptive_zscore,elastic_net
0.56,0.12546987358779518,TCGA_to_GEO,GSE26682,target_cohort_adaptive_zscore,elastic_net
0.5700000000000001,0.14821427355442318,TCGA_to_GEO,GSE26682,target_cohort_adaptive_zscore,elastic_net
0.58,0.1709586735210509,TCGA_to_GEO,GSE26682,target_cohort_adaptive_zscore,elastic_net
0.59,0.18818757660472182,TCGA_to_GEO,GSE26682,target_cohort_adaptive_zscore,elastic_net
0.6,0.20405061332033553,TCGA_to_GEO,GSE26682,target_cohort_adaptive_zscore,elastic_net
0.61,0.2199136500359492,TCGA_to_GEO,GSE26682,target_cohort_adaptive_zscore,elastic_net
0.62,0.2357766867515629,TCGA_to_GEO,GSE26682,target_cohort_adaptive_zscore,elastic_net
0.63,0.24905522843119085,TCGA_to_GEO,GSE26682,target_cohort_adaptive_zscore,elastic_net
0.64,0.261181957148735,TCGA_to_GEO,GSE26682,target_cohort_adaptive_zscore,elastic_net
0.65,0.27330868586627916,TCGA_to_GEO,GSE26682,target_cohort_adaptive_zscore,elastic_net
0.66,0.28543541458382327,TCGA_to_GEO,GSE26682,target_cohort_adaptive_zscore,elastic_net
0.67,0.29756214330136743,TCGA_to_GEO,GSE26682,target_cohort_adaptive_zscore,elastic_net
0.68,0.3096888720189116,TCGA_to_GEO,GSE26682,target_cohort_adaptive_zscore,elastic_net
0.6900000000000001,0.32181560073645576,TCGA_to_GEO,GSE26682,target_cohort_adaptive_zscore,elastic_net
0.7000000000000001,0.3339423294539999,TCGA_to_GEO,GSE26682,target_cohort_adaptive_zscore,elastic_net
0.71,0.3460690581715439,TCGA_to_GEO,GSE26682,target_cohort_adaptive_zscore,elastic_net
0.72,0.35819578688908804,TCGA_to_GEO,GSE26682,target_cohort_adaptive_zscore,elastic_net
0.73,0.3697050569226876,TCGA_to_GEO,GSE26682,target_cohort_adaptive_zscore,elastic_net
0.74,0.38119247522109884,TCGA_to_GEO,GSE26682,target_cohort_adaptive_zscore,elastic_net
0.75,0.39267989351951,TCGA_to_GEO,GSE26682,target_cohort_adaptive_zscore,elastic_net
0.76,0.4041673118179212,TCGA_to_GEO,GSE26682,target_cohort_adaptive_zscore,elastic_net
0.77,0.41573422201430255,TCGA_to_GEO,GSE26682,target_cohort_adaptive_zscore,elastic_net
0.78,0.42730117148038116,TCGA_to_GEO,GSE26682,target_cohort_adaptive_zscore,elastic_net
0.79,0.4388681209464598,TCGA_to_GEO,GSE26682,target_cohort_adaptive_zscore,elastic_net
0.8,0.45043507041253844,TCGA_to_GEO,GSE26682,target_cohort_adaptive_zscore,elastic_net
0.81,0.4620393344657698,TCGA_to_GEO,GSE26682,target_cohort_adaptive_zscore,elastic_net
0.8200000000000001,0.4737453596516054,TCGA_to_GEO,GSE26682,target_cohort_adaptive_zscore,elastic_net
0.8300000000000001,0.48547912719068587,TCGA_to_GEO,GSE26682,target_cohort_adaptive_zscore,elastic_net
0.84,0.4973875588933091,TCGA_to_GEO,GSE26682,target_cohort_adaptive_zscore,elastic_net
0.85,0.5092959905959324,TCGA_to_GEO,GSE26682,target_cohort_adaptive_zscore,elastic_net
0.86,0.5212044222985559,TCGA_to_GEO,GSE26682,target_cohort_adaptive_zscore,elastic_net
0.87,0.5331128540011792,TCGA_to_GEO,GSE26682,target_cohort_adaptive_zscore,elastic_net
0.88,0.5450771715507666,TCGA_to_GEO,GSE26682,target_cohort_adaptive_zscore,elastic_net
0.89,0.5572874824223344,TCGA_to_GEO,GSE26682,target_cohort_adaptive_zscore,elastic_net
0.9,0.5694977932939023,TCGA_to_GEO,GSE26682,target_cohort_adaptive_zscore,elastic_net
0.91,0.58170810416547,TCGA_to_GEO,GSE26682,target_cohort_adaptive_zscore,elastic_net
0.92,0.5940360906411334,TCGA_to_GEO,GSE26682,target_cohort_adaptive_zscore,elastic_net
0.93,0.6065030676872325,TCGA_to_GEO,GSE26682,target_cohort_adaptive_zscore,elastic_net
0.9400000000000001,0.6189700447333315,TCGA_to_GEO,GSE26682,target_cohort_adaptive_zscore,elastic_net
0.9500000000000001,0.6315831205885496,TCGA_to_GEO,GSE26682,target_cohort_adaptive_zscore,elastic_net
0.96,0.6443304767431565,TCGA_to_GEO,GSE26682,target_cohort_adaptive_zscore,elastic_net
0.97,0.6571456813440822,TCGA_to_GEO,GSE26682,target_cohort_adaptive_zscore,elastic_net
0.98,0.6699705854728154,TCGA_to_GEO,GSE26682,target_cohort_adaptive_zscore,elastic_net
0.99,0.6829671979869454,TCGA_to_GEO,GSE26682,target_cohort_adaptive_zscore,elastic_net
1.0,0.6960622638773726,TCGA_to_GEO,GSE26682,target_cohort_adaptive_zscore,elastic_net
0.0,0.0,TCGA_to_GEO,GSE26682,target_cohort_adaptive_zscore,svm_rbf
0.01,0.016042931289448236,TCGA_to_GEO,GSE26682,target_cohort_adaptive_zscore,svm_rbf
0.02,0.031774847579214845,TCGA_to_GEO,GSE26682,target_cohort_adaptive_zscore,svm_rbf
0.03,0.04426650264192298,TCGA_to_GEO,GSE26682,target_cohort_adaptive_zscore,svm_rbf
0.04,0.05266663399329817,TCGA_to_GEO,GSE26682,target_cohort_adaptive_zscore,svm_rbf
0.05,0.053142760119329537,TCGA_to_GEO,GSE26682,target_cohort_adaptive_zscore,svm_rbf
0.06,0.04177662453574053,TCGA_to_GEO,GSE26682,target_cohort_adaptive_zscore,svm_rbf
0.07,0.030538246324044255,TCGA_to_GEO,GSE26682,target_cohort_adaptive_zscore,svm_rbf
0.08,0.020407015196467995,TCGA_to_GEO,GSE26682,target_cohort_adaptive_zscore,svm_rbf
0.09,0.010920736823711232,TCGA_to_GEO,GSE26682,target_cohort_adaptive_zscore,svm_rbf
0.1,0.0048115423987028835,TCGA_to_GEO,GSE26682,target_cohort_adaptive_zscore,svm_rbf
0.11,0.0013572341719882426,TCGA_to_GEO,GSE26682,target_cohort_adaptive_zscore,svm_rbf
0.12,0.00045236162062436665,TCGA_to_GEO,GSE26682,target_cohort_adaptive_zscore,svm_rbf
0.13,0.0,TCGA_to_GEO,GSE26682,target_cohort_adaptive_zscore,svm_rbf
0.14,0.0,TCGA_to_GEO,GSE26682,target_cohort_adaptive_zscore,svm_rbf
0.15,0.0,TCGA_to_GEO,GSE26682,target_cohort_adaptive_zscore,svm_rbf
0.16,0.0,TCGA_to_GEO,GSE26682,target_cohort_adaptive_zscore,svm_rbf
0.17,0.0,TCGA_to_GEO,GSE26682,target_cohort_adaptive_zscore,svm_rbf
0.18,2.4966227649272085e-05,TCGA_to_GEO,GSE26682,target_cohort_adaptive_zscore,svm_rbf
0.19,0.00013267466870313575,TCGA_to_GEO,GSE26682,target_cohort_adaptive_zscore,svm_rbf
0.2,0.00024038310975699938,TCGA_to_GEO,GSE26682,target_cohort_adaptive_zscore,svm_rbf
0.21,0.00034809155081086277,TCGA_to_GEO,GSE26682,target_cohort_adaptive_zscore,svm_rbf
0.22,0.0004598883672848955,TCGA_to_GEO,GSE26682,target_cohort_adaptive_zscore,svm_rbf
0.23,0.000571736757700621,TCGA_to_GEO,GSE26682,target_cohort_adaptive_zscore,svm_rbf
0.24,0.0006835851481163462,TCGA_to_GEO,GSE26682,target_cohort_adaptive_zscore,svm_rbf
0.25,0.0007954335385320718,TCGA_to_GEO,GSE26682,target_cohort_adaptive_zscore,svm_rbf
0.26,0.0009072819289477974,TCGA_to_GEO,GSE26682,target_cohort_adaptive_zscore,svm_rbf
0.27,0.0010191303193635229,TCGA_to_GEO,GSE26682,target_cohort_adaptive_zscore,svm_rbf
0.28,0.0011071472334673541,TCGA_to_GEO,GSE26682,target_cohort_adaptive_zscore,svm_rbf
0.29,0.00102622154865428,TCGA_to_GEO,GSE26682,target_cohort_adaptive_zscore,svm_rbf
0.3,0.0009443326648118951,TCGA_to_GEO,GSE26682,target_cohort_adaptive_zscore,svm_rbf
0.31,0.0008624437809695104,TCGA_to_GEO,GSE26682,target_cohort_adaptive_zscore,svm_rbf
0.32,0.000784882133562793,TCGA_to_GEO,GSE26682,target_cohort_adaptive_zscore,svm_rbf
0.33,0.000712942692933483,TCGA_to_GEO,GSE26682,target_cohort_adaptive_zscore,svm_rbf
0.34,0.000641003252304173,TCGA_to_GEO,GSE26682,target_cohort_adaptive_zscore,svm_rbf
0.35000000000000003,0.000569063811674863,TCGA_to_GEO,GSE26682,target_cohort_adaptive_zscore,svm_rbf
0.36,0.0004972512637823323,TCGA_to_GEO,GSE26682,target_cohort_adaptive_zscore,svm_rbf
0.37,0.0004278829466138567,TCGA_to_GEO,GSE26682,target_cohort_adaptive_zscore,svm_rbf
0.38,0.0005359260026474597,TCGA_to_GEO,GSE26682,target_cohort_adaptive_zscore,svm_rbf
0.39,0.00571162650975813,TCGA_to_GEO,GSE26682,target_cohort_adaptive_zscore,svm_rbf
0.4,0.0108873270168688,TCGA_to_GEO,GSE26682,target_cohort_adaptive_zscore,svm_rbf
0.41000000000000003,0.016063027523979468,TCGA_to_GEO,GSE26682,target_cohort_adaptive_zscore,svm_rbf
0.42,0.021238728031090108,TCGA_to_GEO,GSE26682,target_cohort_adaptive_zscore,svm_rbf
0.43,0.02641442853820078,TCGA_to_GEO,GSE26682,target_cohort_adaptive_zscore,svm_rbf
0.44,0.03934378576570642,TCGA_to_GEO,GSE26682,target_cohort_adaptive_zscore,svm_rbf
0.45,0.05339894620803222,TCGA_to_GEO,GSE26682,target_cohort_adaptive_zscore,svm_rbf
0.46,0.06745410665035802,TCGA_to_GEO,GSE26682,target_cohort_adaptive_zscore,svm_rbf
0.47000000000000003,0.08150926709268382,TCGA_to_GEO,GSE26682,target_cohort_adaptive_zscore,svm_rbf
0.48,0.10470059416204766,TCGA_to_GEO,GSE26682,target_cohort_adaptive_zscore,svm_rbf
0.49,0.12815713627194592,TCGA_to_GEO,GSE26682,target_cohort_adaptive_zscore,svm_rbf
0.5,0.1516136783818442,TCGA_to_GEO,GSE26682,target_cohort_adaptive_zscore,svm_rbf
0.51,0.17507022049174248,TCGA_to_GEO,GSE26682,target_cohort_adaptive_zscore,svm_rbf
0.52,0.19852676260164073,TCGA_to_GEO,GSE26682,target_cohort_adaptive_zscore,svm_rbf
0.53,0.21932153002195062,TCGA_to_GEO,GSE26682,target_cohort_adaptive_zscore,svm_rbf
0.54,0.23920739800585056,TCGA_to_GEO,GSE26682,target_cohort_adaptive_zscore,svm_rbf
0.55,0.25909326598975047,TCGA_to_GEO,GSE26682,target_cohort_adaptive_zscore,svm_rbf
0.56,0.27897913397365043,TCGA_to_GEO,GSE26682,target_cohort_adaptive_zscore,svm_rbf
0.5700000000000001,0.2988650019575504,TCGA_to_GEO,GSE26682,target_cohort_adaptive_zscore,svm_rbf
0.58,0.3179839450382857,TCGA_to_GEO,GSE26682,target_cohort_adaptive_zscore,svm_rbf
0.59,0.33388771695714237,TCGA_to_GEO,GSE26682,target_cohort_adaptive_zscore,svm_rbf
0.6,0.34979148887599903,TCGA_to_GEO,GSE26682,target_cohort_adaptive_zscore,svm_rbf
0.61,0.3656952607948557,TCGA_to_GEO,GSE26682,target_cohort_adaptive_zscore,svm_rbf
0.62,0.3815990327137123,TCGA_to_GEO,GSE26682,target_cohort_adaptive_zscore,svm_rbf
0.63,0.397502804632569,TCGA_to_GEO,GSE26682,target_cohort_adaptive_zscore,svm_rbf
0.64,0.4131163659105438,TCGA_to_GEO,GSE26682,target_cohort_adaptive_zscore,svm_rbf
0.65,0.42858334777304113,TCGA_to_GEO,GSE26682,target_cohort_adaptive_zscore,svm_rbf
0.66,0.4440503296355385,TCGA_to_GEO,GSE26682,target_cohort_adaptive_zscore,svm_rbf
0.67,0.4595173114980359,TCGA_to_GEO,GSE26682,target_cohort_adaptive_zscore,svm_rbf
0.68,0.4749842933605332,TCGA_to_GEO,GSE26682,target_cohort_adaptive_zscore,svm_rbf
0.6900000000000001,0.49045127522303056,TCGA_to_GEO,GSE26682,target_cohort_adaptive_zscore,svm_rbf
0.7000000000000001,0.505918257085528,TCGA_to_GEO,GSE26682,target_cohort_adaptive_zscore,svm_rbf
0.71,0.5213852389480251,TCGA_to_GEO,GSE26682,target_cohort_adaptive_zscore,svm_rbf
0.72,0.5368522208105225,TCGA_to_GEO,GSE26682,target_cohort_adaptive_zscore,svm_rbf
0.73,0.5523192026730198,TCGA_to_GEO,GSE26682,target_cohort_adaptive_zscore,svm_rbf
0.74,0.5677861845355172,TCGA_to_GEO,GSE26682,target_cohort_adaptive_zscore,svm_rbf
0.75,0.5832531663980146,TCGA_to_GEO,GSE26682,target_cohort_adaptive_zscore,svm_rbf
0.76,0.5989453696696831,TCGA_to_GEO,GSE26682,target_cohort_adaptive_zscore,svm_rbf
0.77,0.6148052040133842,TCGA_to_GEO,GSE26682,target_cohort_adaptive_zscore,svm_rbf
0.78,0.6309740654881492,TCGA_to_GEO,GSE26682,target_cohort_adaptive_zscore,svm_rbf
0.79,0.6472221861236168,TCGA_to_GEO,GSE26682,target_cohort_adaptive_zscore,svm_rbf
0.8,0.6634703067590845,TCGA_to_GEO,GSE26682,target_cohort_adaptive_zscore,svm_rbf
0.81,0.6797184273945521,TCGA_to_GEO,GSE26682,target_cohort_adaptive_zscore,svm_rbf
0.8200000000000001,0.6959665480300198,TCGA_to_GEO,GSE26682,target_cohort_adaptive_zscore,svm_rbf
0.8300000000000001,0.7122146686654874,TCGA_to_GEO,GSE26682,target_cohort_adaptive_zscore,svm_rbf
0.84,0.7284627893009549,TCGA_to_GEO,GSE26682,target_cohort_adaptive_zscore,svm_rbf
0.85,0.7447109099364225,TCGA_to_GEO,GSE26682,target_cohort_adaptive_zscore,svm_rbf
0.86,0.7609590305718902,TCGA_to_GEO,GSE26682,target_cohort_adaptive_zscore,svm_rbf
0.87,0.7775636413412987,TCGA_to_GEO,GSE26682,target_cohort_adaptive_zscore,svm_rbf
0.88,0.7942405168472555,TCGA_to_GEO,GSE26682,target_cohort_adaptive_zscore,svm_rbf
0.89,0.8109173923532123,TCGA_to_GEO,GSE26682,target_cohort_adaptive_zscore,svm_rbf
0.9,0.8277195276627188,TCGA_to_GEO,GSE26682,target_cohort_adaptive_zscore,svm_rbf
0.91,0.8445923594574154,TCGA_to_GEO,GSE26682,target_cohort_adaptive_zscore,svm_rbf
0.92,0.8615317646092122,TCGA_to_GEO,GSE26682,target_cohort_adaptive_zscore,svm_rbf
0.93,0.8786128525044701,TCGA_to_GEO,GSE26682,target_cohort_adaptive_zscore,svm_rbf
0.9400000000000001,0.8957433462328533,TCGA_to_GEO,GSE26682,target_cohort_adaptive_zscore,svm_rbf
0.9500000000000001,0.9128738399612367,TCGA_to_GEO,GSE26682,target_cohort_adaptive_zscore,svm_rbf
0.96,0.9300043336896198,TCGA_to_GEO,GSE26682,target_cohort_adaptive_zscore,svm_rbf
0.97,0.9471488253654237,TCGA_to_GEO,GSE26682,target_cohort_adaptive_zscore,svm_rbf
0.98,0.9644540926682491,TCGA_to_GEO,GSE26682,target_cohort_adaptive_zscore,svm_rbf
0.99,0.9818164063216489,TCGA_to_GEO,GSE26682,target_cohort_adaptive_zscore,svm_rbf
1.0,0.9890336822697734,TCGA_to_GEO,GSE26682,target_cohort_adaptive_zscore,svm_rbf
0.0,0.0,TCGA_to_GEO,GSE26682,target_cohort_adaptive_zscore,xgboost
0.01,0.0,TCGA_to_GEO,GSE26682,target_cohort_adaptive_zscore,xgboost
0.02,0.0,TCGA_to_GEO,GSE26682,target_cohort_adaptive_zscore,xgboost
0.03,0.0024686651851216473,TCGA_to_GEO,GSE26682,target_cohort_adaptive_zscore,xgboost
0.04,0.008298995763230907,TCGA_to_GEO,GSE26682,target_cohort_adaptive_zscore,xgboost
0.05,0.013791137169679151,TCGA_to_GEO,GSE26682,target_cohort_adaptive_zscore,xgboost
0.06,0.018838191002857618,TCGA_to_GEO,GSE26682,target_cohort_adaptive_zscore,xgboost
0.07,0.023271316106336187,TCGA_to_GEO,GSE26682,target_cohort_adaptive_zscore,xgboost
0.08,0.0270655595308844,TCGA_to_GEO,GSE26682,target_cohort_adaptive_zscore,xgboost
0.09,0.030550052552943425,TCGA_to_GEO,GSE26682,target_cohort_adaptive_zscore,xgboost
0.1,0.02859107635657926,TCGA_to_GEO,GSE26682,target_cohort_adaptive_zscore,xgboost
0.11,0.026206571687588325,TCGA_to_GEO,GSE26682,target_cohort_adaptive_zscore,xgboost
0.12,0.023960725985240832,TCGA_to_GEO,GSE26682,target_cohort_adaptive_zscore,xgboost
0.13,0.02469171380256713,TCGA_to_GEO,GSE26682,target_cohort_adaptive_zscore,xgboost
0.14,0.037367111717874005,TCGA_to_GEO,GSE26682,target_cohort_adaptive_zscore,xgboost
0.15,0.052136910006558256,TCGA_to_GEO,GSE26682,target_cohort_adaptive_zscore,xgboost
0.16,0.0654526360735022,TCGA_to_GEO,GSE26682,target_cohort_adaptive_zscore,xgboost
0.17,0.07448270785732146,TCGA_to_GEO,GSE26682,target_cohort_adaptive_zscore,xgboost
0.18,0.07873813733527732,TCGA_to_GEO,GSE26682,target_cohort_adaptive_zscore,xgboost
0.19,0.08012128452214319,TCGA_to_GEO,GSE26682,target_cohort_adaptive_zscore,xgboost
0.2,0.07823062921909323,TCGA_to_GEO,GSE26682,target_cohort_adaptive_zscore,xgboost
0.21,0.07581315557878868,TCGA_to_GEO,GSE26682,target_cohort_adaptive_zscore,xgboost
0.22,0.07359234329155441,TCGA_to_GEO,GSE26682,target_cohort_adaptive_zscore,xgboost
0.23,0.07204529274336906,TCGA_to_GEO,GSE26682,target_cohort_adaptive_zscore,xgboost
0.24,0.0696796211491009,TCGA_to_GEO,GSE26682,target_cohort_adaptive_zscore,xgboost
0.25,0.06629813977844311,TCGA_to_GEO,GSE26682,target_cohort_adaptive_zscore,xgboost
0.26,0.06291665840778532,TCGA_to_GEO,GSE26682,target_cohort_adaptive_zscore,xgboost
0.27,0.059535177037127525,TCGA_to_GEO,GSE26682,target_cohort_adaptive_zscore,xgboost
0.28,0.05602603614473442,TCGA_to_GEO,GSE26682,target_cohort_adaptive_zscore,xgboost
0.29,0.0522738295826689,TCGA_to_GEO,GSE26682,target_cohort_adaptive_zscore,xgboost
0.3,0.04852162302060335,TCGA_to_GEO,GSE26682,target_cohort_adaptive_zscore,xgboost
0.31,0.04476941645853781,TCGA_to_GEO,GSE26682,target_cohort_adaptive_zscore,xgboost
0.32,0.044462249912956296,TCGA_to_GEO,GSE26682,target_cohort_adaptive_zscore,xgboost
0.33,0.0542449350294231,TCGA_to_GEO,GSE26682,target_cohort_adaptive_zscore,xgboost
0.34,0.06402762014588989,TCGA_to_GEO,GSE26682,target_cohort_adaptive_zscore,xgboost
0.35000000000000003,0.0738103052623567,TCGA_to_GEO,GSE26682,target_cohort_adaptive_zscore,xgboost
0.36,0.08359299037882344,TCGA_to_GEO,GSE26682,target_cohort_adaptive_zscore,xgboost
0.37,0.09934544229690896,TCGA_to_GEO,GSE26682,target_cohort_adaptive_zscore,xgboost
0.38,0.1172680236467856,TCGA_to_GEO,GSE26682,target_cohort_adaptive_zscore,xgboost
0.39,0.13519060499666224,TCGA_to_GEO,GSE26682,target_cohort_adaptive_zscore,xgboost
0.4,0.1531131863465389,TCGA_to_GEO,GSE26682,target_cohort_adaptive_zscore,xgboost
0.41000000000000003,0.17103576769641554,TCGA_to_GEO,GSE26682,target_cohort_adaptive_zscore,xgboost
0.42,0.18895834904629208,TCGA_to_GEO,GSE26682,target_cohort_adaptive_zscore,xgboost
0.43,0.20688093039616873,TCGA_to_GEO,GSE26682,target_cohort_adaptive_zscore,xgboost
0.44,0.22414540306337866,TCGA_to_GEO,GSE26682,target_cohort_adaptive_zscore,xgboost
0.45,0.24013162402091698,TCGA_to_GEO,GSE26682,target_cohort_adaptive_zscore,xgboost
0.46,0.2561178449784553,TCGA_to_GEO,GSE26682,target_cohort_adaptive_zscore,xgboost
0.47000000000000003,0.2722312026323804,TCGA_to_GEO,GSE26682,target_cohort_adaptive_zscore,xgboost
0.48,0.2887696108734856,TCGA_to_GEO,GSE26682,target_cohort_adaptive_zscore,xgboost
0.49,0.304832958572363,TCGA_to_GEO,GSE26682,target_cohort_adaptive_zscore,xgboost
0.5,0.321087361338936,TCGA_to_GEO,GSE26682,target_cohort_adaptive_zscore,xgboost
0.51,0.33758486926471576,TCGA_to_GEO,GSE26682,target_cohort_adaptive_zscore,xgboost
0.52,0.35408237719049557,TCGA_to_GEO,GSE26682,target_cohort_adaptive_zscore,xgboost
0.53,0.3705798851162754,TCGA_to_GEO,GSE26682,target_cohort_adaptive_zscore,xgboost
0.54,0.38658627544027957,TCGA_to_GEO,GSE26682,target_cohort_adaptive_zscore,xgboost
0.55,0.40213255672003245,TCGA_to_GEO,GSE26682,target_cohort_adaptive_zscore,xgboost
0.56,0.41738304089990225,TCGA_to_GEO,GSE26682,target_cohort_adaptive_zscore,xgboost
0.5700000000000001,0.4322577402697506,TCGA_to_GEO,GSE26682,target_cohort_adaptive_zscore,xgboost
0.58,0.4471324396395988,TCGA_to_GEO,GSE26682,target_cohort_adaptive_zscore,xgboost
0.59,0.46200713900944723,TCGA_to_GEO,GSE26682,target_cohort_adaptive_zscore,xgboost
0.6,0.4767610018130982,TCGA_to_GEO,GSE26682,target_cohort_adaptive_zscore,xgboost
0.61,0.4914295690612306,TCGA_to_GEO,GSE26682,target_cohort_adaptive_zscore,xgboost
0.62,0.5062145003145143,TCGA_to_GEO,GSE26682,target_cohort_adaptive_zscore,xgboost
0.63,0.5210089316360377,TCGA_to_GEO,GSE26682,target_cohort_adaptive_zscore,xgboost
0.64,0.535803362957561,TCGA_to_GEO,GSE26682,target_cohort_adaptive_zscore,xgboost
0.65,0.5505977942790845,TCGA_to_GEO,GSE26682,target_cohort_adaptive_zscore,xgboost
0.66,0.5653922256006079,TCGA_to_GEO,GSE26682,target_cohort_adaptive_zscore,xgboost
0.67,0.5801866569221312,TCGA_to_GEO,GSE26682,target_cohort_adaptive_zscore,xgboost
0.68,0.5951430749736052,TCGA_to_GEO,GSE26682,target_cohort_adaptive_zscore,xgboost
0.6900000000000001,0.610194009363507,TCGA_to_GEO,GSE26682,target_cohort_adaptive_zscore,xgboost
0.7000000000000001,0.6253101491232579,TCGA_to_GEO,GSE26682,target_cohort_adaptive_zscore,xgboost
0.71,0.640691059122327,TCGA_to_GEO,GSE26682,target_cohort_adaptive_zscore,xgboost
0.72,0.6561065174263482,TCGA_to_GEO,GSE26682,target_cohort_adaptive_zscore,xgboost
0.73,0.6715219757303692,TCGA_to_GEO,GSE26682,target_cohort_adaptive_zscore,xgboost
0.74,0.6869374340343902,TCGA_to_GEO,GSE26682,target_cohort_adaptive_zscore,xgboost
0.75,0.7023528923384114,TCGA_to_GEO,GSE26682,target_cohort_adaptive_zscore,xgboost
0.76,0.7177683506424324,TCGA_to_GEO,GSE26682,target_cohort_adaptive_zscore,xgboost
0.77,0.7331838089464535,TCGA_to_GEO,GSE26682,target_cohort_adaptive_zscore,xgboost
0.78,0.748601973894553,TCGA_to_GEO,GSE26682,target_cohort_adaptive_zscore,xgboost
0.79,0.7643192637439459,TCGA_to_GEO,GSE26682,target_cohort_adaptive_zscore,xgboost
0.8,0.7800365535933388,TCGA_to_GEO,GSE26682,target_cohort_adaptive_zscore,xgboost
0.81,0.7957555694908481,TCGA_to_GEO,GSE26682,target_cohort_adaptive_zscore,xgboost
0.8200000000000001,0.8116049367109411,TCGA_to_GEO,GSE26682,target_cohort_adaptive_zscore,xgboost
0.8300000000000001,0.8274679537220708,TCGA_to_GEO,GSE26682,target_cohort_adaptive_zscore,xgboost
0.84,0.8433309707332003,TCGA_to_GEO,GSE26682,target_cohort_adaptive_zscore,xgboost
0.85,0.8592393967666044,TCGA_to_GEO,GSE26682,target_cohort_adaptive_zscore,xgboost
0.86,0.8752142979124949,TCGA_to_GEO,GSE26682,target_cohort_adaptive_zscore,xgboost
0.87,0.8911891990583855,TCGA_to_GEO,GSE26682,target_cohort_adaptive_zscore,xgboost
0.88,0.9072244890894761,TCGA_to_GEO,GSE26682,target_cohort_adaptive_zscore,xgboost
0.89,0.9233143188025812,TCGA_to_GEO,GSE26682,target_cohort_adaptive_zscore,xgboost
0.9,0.9394098385669271,TCGA_to_GEO,GSE26682,target_cohort_adaptive_zscore,xgboost
0.91,0.9555197584823061,TCGA_to_GEO,GSE26682,target_cohort_adaptive_zscore,xgboost
0.92,0.9716871352468379,TCGA_to_GEO,GSE26682,target_cohort_adaptive_zscore,xgboost
0.93,0.9878545120113699,TCGA_to_GEO,GSE26682,target_cohort_adaptive_zscore,xgboost
0.9400000000000001,0.9986858344063207,TCGA_to_GEO,GSE26682,target_cohort_adaptive_zscore,xgboost
0.9500000000000001,1.0,TCGA_to_GEO,GSE26682,target_cohort_adaptive_zscore,xgboost
0.96,1.0,TCGA_to_GEO,GSE26682,target_cohort_adaptive_zscore,xgboost
0.97,1.0,TCGA_to_GEO,GSE26682,target_cohort_adaptive_zscore,xgboost
0.98,1.0,TCGA_to_GEO,GSE26682,target_cohort_adaptive_zscore,xgboost
0.99,1.0,TCGA_to_GEO,GSE26682,target_cohort_adaptive_zscore,xgboost
1.0,1.0,TCGA_to_GEO,GSE26682,target_cohort_adaptive_zscore,xgboost
0.0,0.0,TCGA_to_GEO,GSE39084,fixed_log_expression,elastic_net
0.01,0.0,TCGA_to_GEO,GSE39084,fixed_log_expression,elastic_net
0.02,0.0,TCGA_to_GEO,GSE39084,fixed_log_expression,elastic_net
0.03,0.0,TCGA_to_GEO,GSE39084,fixed_log_expression,elastic_net
0.04,0.0,TCGA_to_GEO,GSE39084,fixed_log_expression,elastic_net
0.05,0.0,TCGA_to_GEO,GSE39084,fixed_log_expression,elastic_net
0.06,0.0,TCGA_to_GEO,GSE39084,fixed_log_expression,elastic_net
0.07,0.0,TCGA_to_GEO,GSE39084,fixed_log_expression,elastic_net
0.08,0.0,TCGA_to_GEO,GSE39084,fixed_log_expression,elastic_net
0.09,0.0,TCGA_to_GEO,GSE39084,fixed_log_expression,elastic_net
0.1,0.0,TCGA_to_GEO,GSE39084,fixed_log_expression,elastic_net
0.11,0.0,TCGA_to_GEO,GSE39084,fixed_log_expression,elastic_net
0.12,0.0,TCGA_to_GEO,GSE39084,fixed_log_expression,elastic_net
0.13,0.0,TCGA_to_GEO,GSE39084,fixed_log_expression,elastic_net
0.14,0.0,TCGA_to_GEO,GSE39084,fixed_log_expression,elastic_net
0.15,0.0,TCGA_to_GEO,GSE39084,fixed_log_expression,elastic_net
0.16,0.0,TCGA_to_GEO,GSE39084,fixed_log_expression,elastic_net
0.17,0.0,TCGA_to_GEO,GSE39084,fixed_log_expression,elastic_net
0.18,0.0,TCGA_to_GEO,GSE39084,fixed_log_expression,elastic_net
0.19,0.0,TCGA_to_GEO,GSE39084,fixed_log_expression,elastic_net
0.2,0.0,TCGA_to_GEO,GSE39084,fixed_log_expression,elastic_net
0.21,0.0,TCGA_to_GEO,GSE39084,fixed_log_expression,elastic_net
0.22,0.0,TCGA_to_GEO,GSE39084,fixed_log_expression,elastic_net
0.23,0.0,TCGA_to_GEO,GSE39084,fixed_log_expression,elastic_net
0.24,0.0,TCGA_to_GEO,GSE39084,fixed_log_expression,elastic_net
0.25,0.0,TCGA_to_GEO,GSE39084,fixed_log_expression,elastic_net
0.26,0.0,TCGA_to_GEO,GSE39084,fixed_log_expression,elastic_net
0.27,0.0,TCGA_to_GEO,GSE39084,fixed_log_expression,elastic_net
0.28,0.0,TCGA_to_GEO,GSE39084,fixed_log_expression,elastic_net
0.29,0.0,TCGA_to_GEO,GSE39084,fixed_log_expression,elastic_net
0.3,0.0,TCGA_to_GEO,GSE39084,fixed_log_expression,elastic_net
0.31,0.0,TCGA_to_GEO,GSE39084,fixed_log_expression,elastic_net
0.32,0.0,TCGA_to_GEO,GSE39084,fixed_log_expression,elastic_net
0.33,0.0,TCGA_to_GEO,GSE39084,fixed_log_expression,elastic_net
0.34,0.0,TCGA_to_GEO,GSE39084,fixed_log_expression,elastic_net
0.35000000000000003,0.0,TCGA_to_GEO,GSE39084,fixed_log_expression,elastic_net
0.36,0.0,TCGA_to_GEO,GSE39084,fixed_log_expression,elastic_net
0.37,0.0,TCGA_to_GEO,GSE39084,fixed_log_expression,elastic_net
0.38,0.0,TCGA_to_GEO,GSE39084,fixed_log_expression,elastic_net
0.39,0.0,TCGA_to_GEO,GSE39084,fixed_log_expression,elastic_net
0.4,0.0,TCGA_to_GEO,GSE39084,fixed_log_expression,elastic_net
0.41000000000000003,0.0,TCGA_to_GEO,GSE39084,fixed_log_expression,elastic_net
0.42,0.0,TCGA_to_GEO,GSE39084,fixed_log_expression,elastic_net
0.43,0.0,TCGA_to_GEO,GSE39084,fixed_log_expression,elastic_net
0.44,0.0,TCGA_to_GEO,GSE39084,fixed_log_expression,elastic_net
0.45,0.0,TCGA_to_GEO,GSE39084,fixed_log_expression,elastic_net
0.46,0.0,TCGA_to_GEO,GSE39084,fixed_log_expression,elastic_net
0.47000000000000003,0.0,TCGA_to_GEO,GSE39084,fixed_log_expression,elastic_net
0.48,0.0,TCGA_to_GEO,GSE39084,fixed_log_expression,elastic_net
0.49,0.0,TCGA_to_GEO,GSE39084,fixed_log_expression,elastic_net
0.5,0.0,TCGA_to_GEO,GSE39084,fixed_log_expression,elastic_net
0.51,0.0,TCGA_to_GEO,GSE39084,fixed_log_expression,elastic_net
0.52,0.0,TCGA_to_GEO,GSE39084,fixed_log_expression,elastic_net
0.53,0.0,TCGA_to_GEO,GSE39084,fixed_log_expression,elastic_net
0.54,0.0,TCGA_to_GEO,GSE39084,fixed_log_expression,elastic_net
0.55,0.0,TCGA_to_GEO,GSE39084,fixed_log_expression,elastic_net
0.56,0.0,TCGA_to_GEO,GSE39084,fixed_log_expression,elastic_net
0.5700000000000001,0.0,TCGA_to_GEO,GSE39084,fixed_log_expression,elastic_net
0.58,0.0,TCGA_to_GEO,GSE39084,fixed_log_expression,elastic_net
0.59,0.0,TCGA_to_GEO,GSE39084,fixed_log_expression,elastic_net
0.6,0.0,TCGA_to_GEO,GSE39084,fixed_log_expression,elastic_net
0.61,0.0,TCGA_to_GEO,GSE39084,fixed_log_expression,elastic_net
0.62,0.0,TCGA_to_GEO,GSE39084,fixed_log_expression,elastic_net
0.63,5.260476407813724e-08,TCGA_to_GEO,GSE39084,fixed_log_expression,elastic_net
0.64,1.7437251962469622e-07,TCGA_to_GEO,GSE39084,fixed_log_expression,elastic_net
0.65,5.170442734654669e-06,TCGA_to_GEO,GSE39084,fixed_log_expression,elastic_net
0.66,2.7020344179758846e-05,TCGA_to_GEO,GSE39084,fixed_log_expression,elastic_net
0.67,5.149322470679956e-05,TCGA_to_GEO,GSE39084,fixed_log_expression,elastic_net
0.68,7.740253055201233e-05,TCGA_to_GEO,GSE39084,fixed_log_expression,elastic_net
0.6900000000000001,0.0001033118363972251,TCGA_to_GEO,GSE39084,fixed_log_expression,elastic_net
0.7000000000000001,0.00013264977051883213,TCGA_to_GEO,GSE39084,fixed_log_expression,elastic_net
0.71,0.0001661582970575619,TCGA_to_GEO,GSE39084,fixed_log_expression,elastic_net
0.72,0.00020246474126018132,TCGA_to_GEO,GSE39084,fixed_log_expression,elastic_net
0.73,0.00025360857987463014,TCGA_to_GEO,GSE39084,fixed_log_expression,elastic_net
0.74,0.00030475241848907893,TCGA_to_GEO,GSE39084,fixed_log_expression,elastic_net
0.75,0.0003558962571035278,TCGA_to_GEO,GSE39084,fixed_log_expression,elastic_net
0.76,0.00040704009571797663,TCGA_to_GEO,GSE39084,fixed_log_expression,elastic_net
0.77,0.00045920375140353075,TCGA_to_GEO,GSE39084,fixed_log_expression,elastic_net
0.78,0.0005144476523425487,TCGA_to_GEO,GSE39084,fixed_log_expression,elastic_net
0.79,0.00047348867554971246,TCGA_to_GEO,GSE39084,fixed_log_expression,elastic_net
0.8,0.00042340558719093305,TCGA_to_GEO,GSE39084,fixed_log_expression,elastic_net
0.81,0.0003733224988321536,TCGA_to_GEO,GSE39084,fixed_log_expression,elastic_net
0.8200000000000001,0.00032323941047337416,TCGA_to_GEO,GSE39084,fixed_log_expression,elastic_net
0.8300000000000001,0.00027315632211459475,TCGA_to_GEO,GSE39084,fixed_log_expression,elastic_net
0.84,0.00021727106751885121,TCGA_to_GEO,GSE39084,fixed_log_expression,elastic_net
0.85,0.00014359078194568518,TCGA_to_GEO,GSE39084,fixed_log_expression,elastic_net
0.86,6.991049637251914e-05,TCGA_to_GEO,GSE39084,fixed_log_expression,elastic_net
0.87,0.0,TCGA_to_GEO,GSE39084,fixed_log_expression,elastic_net
0.88,0.0,TCGA_to_GEO,GSE39084,fixed_log_expression,elastic_net
0.89,0.0,TCGA_to_GEO,GSE39084,fixed_log_expression,elastic_net
0.9,0.0,TCGA_to_GEO,GSE39084,fixed_log_expression,elastic_net
0.91,0.0,TCGA_to_GEO,GSE39084,fixed_log_expression,elastic_net
0.92,0.0,TCGA_to_GEO,GSE39084,fixed_log_expression,elastic_net
0.93,0.0,TCGA_to_GEO,GSE39084,fixed_log_expression,elastic_net
0.9400000000000001,0.0,TCGA_to_GEO,GSE39084,fixed_log_expression,elastic_net
0.9500000000000001,0.017243018826336082,TCGA_to_GEO,GSE39084,fixed_log_expression,elastic_net
0.96,0.08400882127744436,TCGA_to_GEO,GSE39084,fixed_log_expression,elastic_net
0.97,0.18461752941597398,TCGA_to_GEO,GSE39084,fixed_log_expression,elastic_net
0.98,0.29764235881825285,TCGA_to_GEO,GSE39084,fixed_log_expression,elastic_net
0.99,0.4181472241679291,TCGA_to_GEO,GSE39084,fixed_log_expression,elastic_net
1.0,0.5456259126051679,TCGA_to_GEO,GSE39084,fixed_log_expression,elastic_net
0.0,0.0,TCGA_to_GEO,GSE39084,fixed_log_expression,svm_rbf
0.01,0.0,TCGA_to_GEO,GSE39084,fixed_log_expression,svm_rbf
0.02,0.0,TCGA_to_GEO,GSE39084,fixed_log_expression,svm_rbf
0.03,0.0,TCGA_to_GEO,GSE39084,fixed_log_expression,svm_rbf
0.04,0.0,TCGA_to_GEO,GSE39084,fixed_log_expression,svm_rbf
0.05,0.0,TCGA_to_GEO,GSE39084,fixed_log_expression,svm_rbf
0.06,0.0,TCGA_to_GEO,GSE39084,fixed_log_expression,svm_rbf
0.07,0.0,TCGA_to_GEO,GSE39084,fixed_log_expression,svm_rbf
0.08,0.0,TCGA_to_GEO,GSE39084,fixed_log_expression,svm_rbf
0.09,0.0,TCGA_to_GEO,GSE39084,fixed_log_expression,svm_rbf
0.1,0.0,TCGA_to_GEO,GSE39084,fixed_log_expression,svm_rbf
0.11,0.0,TCGA_to_GEO,GSE39084,fixed_log_expression,svm_rbf
0.12,0.0,TCGA_to_GEO,GSE39084,fixed_log_expression,svm_rbf
0.13,0.0,TCGA_to_GEO,GSE39084,fixed_log_expression,svm_rbf
0.14,0.0,TCGA_to_GEO,GSE39084,fixed_log_expression,svm_rbf
0.15,0.0,TCGA_to_GEO,GSE39084,fixed_log_expression,svm_rbf
0.16,0.0,TCGA_to_GEO,GSE39084,fixed_log_expression,svm_rbf
0.17,0.0,TCGA_to_GEO,GSE39084,fixed_log_expression,svm_rbf
0.18,0.0,TCGA_to_GEO,GSE39084,fixed_log_expression,svm_rbf
0.19,0.0,TCGA_to_GEO,GSE39084,fixed_log_expression,svm_rbf
0.2,0.0,TCGA_to_GEO,GSE39084,fixed_log_expression,svm_rbf
0.21,0.0,TCGA_to_GEO,GSE39084,fixed_log_expression,svm_rbf
0.22,0.0,TCGA_to_GEO,GSE39084,fixed_log_expression,svm_rbf
0.23,0.0,TCGA_to_GEO,GSE39084,fixed_log_expression,svm_rbf
0.24,0.0,TCGA_to_GEO,GSE39084,fixed_log_expression,svm_rbf
0.25,0.0,TCGA_to_GEO,GSE39084,fixed_log_expression,svm_rbf
0.26,0.0,TCGA_to_GEO,GSE39084,fixed_log_expression,svm_rbf
0.27,0.0,TCGA_to_GEO,GSE39084,fixed_log_expression,svm_rbf
0.28,0.0,TCGA_to_GEO,GSE39084,fixed_log_expression,svm_rbf
0.29,0.0,TCGA_to_GEO,GSE39084,fixed_log_expression,svm_rbf
0.3,0.0,TCGA_to_GEO,GSE39084,fixed_log_expression,svm_rbf
0.31,0.0,TCGA_to_GEO,GSE39084,fixed_log_expression,svm_rbf
0.32,0.0,TCGA_to_GEO,GSE39084,fixed_log_expression,svm_rbf
0.33,0.0,TCGA_to_GEO,GSE39084,fixed_log_expression,svm_rbf
0.34,0.0,TCGA_to_GEO,GSE39084,fixed_log_expression,svm_rbf
0.35000000000000003,0.0,TCGA_to_GEO,GSE39084,fixed_log_expression,svm_rbf
0.36,0.0,TCGA_to_GEO,GSE39084,fixed_log_expression,svm_rbf
0.37,0.0,TCGA_to_GEO,GSE39084,fixed_log_expression,svm_rbf
0.38,0.0,TCGA_to_GEO,GSE39084,fixed_log_expression,svm_rbf
0.39,0.0,TCGA_to_GEO,GSE39084,fixed_log_expression,svm_rbf
0.4,0.0,TCGA_to_GEO,GSE39084,fixed_log_expression,svm_rbf
0.41000000000000003,0.0,TCGA_to_GEO,GSE39084,fixed_log_expression,svm_rbf
0.42,0.0,TCGA_to_GEO,GSE39084,fixed_log_expression,svm_rbf
0.43,0.0,TCGA_to_GEO,GSE39084,fixed_log_expression,svm_rbf
0.44,0.0,TCGA_to_GEO,GSE39084,fixed_log_expression,svm_rbf
0.45,0.0,TCGA_to_GEO,GSE39084,fixed_log_expression,svm_rbf
0.46,0.0016977653197319585,TCGA_to_GEO,GSE39084,fixed_log_expression,svm_rbf
0.47000000000000003,0.016019185689708365,TCGA_to_GEO,GSE39084,fixed_log_expression,svm_rbf
0.48,0.029970437122848713,TCGA_to_GEO,GSE39084,fixed_log_expression,svm_rbf
0.49,0.043806229710097865,TCGA_to_GEO,GSE39084,fixed_log_expression,svm_rbf
0.5,0.08106573005150335,TCGA_to_GEO,GSE39084,fixed_log_expression,svm_rbf
0.51,0.14844068994818488,TCGA_to_GEO,GSE39084,fixed_log_expression,svm_rbf
0.52,0.24078335645688903,TCGA_to_GEO,GSE39084,fixed_log_expression,svm_rbf
0.53,0.3588436606592906,TCGA_to_GEO,GSE39084,fixed_log_expression,svm_rbf
0.54,0.4823228857058062,TCGA_to_GEO,GSE39084,fixed_log_expression,svm_rbf
0.55,0.6014968176007024,TCGA_to_GEO,GSE39084,fixed_log_expression,svm_rbf
0.56,0.719010825055717,TCGA_to_GEO,GSE39084,fixed_log_expression,svm_rbf
0.5700000000000001,0.837709808074469,TCGA_to_GEO,GSE39084,fixed_log_expression,svm_rbf
0.58,0.9145753059823757,TCGA_to_GEO,GSE39084,fixed_log_expression,svm_rbf
0.59,0.9697667065731654,TCGA_to_GEO,GSE39084,fixed_log_expression,svm_rbf
0.6,1.0,TCGA_to_GEO,GSE39084,fixed_log_expression,svm_rbf
0.61,1.0,TCGA_to_GEO,GSE39084,fixed_log_expression,svm_rbf
0.62,1.0,TCGA_to_GEO,GSE39084,fixed_log_expression,svm_rbf
0.63,1.0,TCGA_to_GEO,GSE39084,fixed_log_expression,svm_rbf
0.64,1.0,TCGA_to_GEO,GSE39084,fixed_log_expression,svm_rbf
0.65,1.0,TCGA_to_GEO,GSE39084,fixed_log_expression,svm_rbf
0.66,1.0,TCGA_to_GEO,GSE39084,fixed_log_expression,svm_rbf
0.67,1.0,TCGA_to_GEO,GSE39084,fixed_log_expression,svm_rbf
0.68,1.0,TCGA_to_GEO,GSE39084,fixed_log_expression,svm_rbf
0.6900000000000001,1.0,TCGA_to_GEO,GSE39084,fixed_log_expression,svm_rbf
0.7000000000000001,1.0,TCGA_to_GEO,GSE39084,fixed_log_expression,svm_rbf
0.71,1.0,TCGA_to_GEO,GSE39084,fixed_log_expression,svm_rbf
0.72,1.0,TCGA_to_GEO,GSE39084,fixed_log_expression,svm_rbf
0.73,1.0,TCGA_to_GEO,GSE39084,fixed_log_expression,svm_rbf
0.74,1.0,TCGA_to_GEO,GSE39084,fixed_log_expression,svm_rbf
0.75,1.0,TCGA_to_GEO,GSE39084,fixed_log_expression,svm_rbf
0.76,1.0,TCGA_to_GEO,GSE39084,fixed_log_expression,svm_rbf
0.77,1.0,TCGA_to_GEO,GSE39084,fixed_log_expression,svm_rbf
0.78,1.0,TCGA_to_GEO,GSE39084,fixed_log_expression,svm_rbf
0.79,1.0,TCGA_to_GEO,GSE39084,fixed_log_expression,svm_rbf
0.8,1.0,TCGA_to_GEO,GSE39084,fixed_log_expression,svm_rbf
0.81,1.0,TCGA_to_GEO,GSE39084,fixed_log_expression,svm_rbf
0.8200000000000001,1.0,TCGA_to_GEO,GSE39084,fixed_log_expression,svm_rbf
0.8300000000000001,1.0,TCGA_to_GEO,GSE39084,fixed_log_expression,svm_rbf
0.84,1.0,TCGA_to_GEO,GSE39084,fixed_log_expression,svm_rbf
0.85,1.0,TCGA_to_GEO,GSE39084,fixed_log_expression,svm_rbf
0.86,1.0,TCGA_to_GEO,GSE39084,fixed_log_expression,svm_rbf
0.87,1.0,TCGA_to_GEO,GSE39084,fixed_log_expression,svm_rbf
0.88,1.0,TCGA_to_GEO,GSE39084,fixed_log_expression,svm_rbf
0.89,1.0,TCGA_to_GEO,GSE39084,fixed_log_expression,svm_rbf
0.9,1.0,TCGA_to_GEO,GSE39084,fixed_log_expression,svm_rbf
0.91,1.0,TCGA_to_GEO,GSE39084,fixed_log_expression,svm_rbf
0.92,1.0,TCGA_to_GEO,GSE39084,fixed_log_expression,svm_rbf
0.93,1.0,TCGA_to_GEO,GSE39084,fixed_log_expression,svm_rbf
0.9400000000000001,1.0,TCGA_to_GEO,GSE39084,fixed_log_expression,svm_rbf
0.9500000000000001,1.0,TCGA_to_GEO,GSE39084,fixed_log_expression,svm_rbf
0.96,1.0,TCGA_to_GEO,GSE39084,fixed_log_expression,svm_rbf
0.97,1.0,TCGA_to_GEO,GSE39084,fixed_log_expression,svm_rbf
0.98,1.0,TCGA_to_GEO,GSE39084,fixed_log_expression,svm_rbf
0.99,1.0,TCGA_to_GEO,GSE39084,fixed_log_expression,svm_rbf
1.0,1.0,TCGA_to_GEO,GSE39084,fixed_log_expression,svm_rbf
0.0,0.0,TCGA_to_GEO,GSE39084,fixed_log_expression,xgboost
0.01,0.0,TCGA_to_GEO,GSE39084,fixed_log_expression,xgboost
0.02,0.0,TCGA_to_GEO,GSE39084,fixed_log_expression,xgboost
0.03,0.0,TCGA_to_GEO,GSE39084,fixed_log_expression,xgboost
0.04,0.0,TCGA_to_GEO,GSE39084,fixed_log_expression,xgboost
0.05,0.0,TCGA_to_GEO,GSE39084,fixed_log_expression,xgboost
0.06,0.0,TCGA_to_GEO,GSE39084,fixed_log_expression,xgboost
0.07,0.0,TCGA_to_GEO,GSE39084,fixed_log_expression,xgboost
0.08,0.0,TCGA_to_GEO,GSE39084,fixed_log_expression,xgboost
0.09,0.0,TCGA_to_GEO,GSE39084,fixed_log_expression,xgboost
0.1,0.0,TCGA_to_GEO,GSE39084,fixed_log_expression,xgboost
0.11,0.0,TCGA_to_GEO,GSE39084,fixed_log_expression,xgboost
0.12,0.0,TCGA_to_GEO,GSE39084,fixed_log_expression,xgboost
0.13,0.014115026988240855,TCGA_to_GEO,GSE39084,fixed_log_expression,xgboost
0.14,0.04357424547755644,TCGA_to_GEO,GSE39084,fixed_log_expression,xgboost
0.15,0.076889123786173,TCGA_to_GEO,GSE39084,fixed_log_expression,xgboost
0.16,0.11658270902101313,TCGA_to_GEO,GSE39084,fixed_log_expression,xgboost
0.17,0.18139160140095306,TCGA_to_GEO,GSE39084,fixed_log_expression,xgboost
0.18,0.27079409125904524,TCGA_to_GEO,GSE39084,fixed_log_expression,xgboost
0.19,0.3566384828967707,TCGA_to_GEO,GSE39084,fixed_log_expression,xgboost
0.2,0.4412862769312257,TCGA_to_GEO,GSE39084,fixed_log_expression,xgboost
0.21,0.4730736878325374,TCGA_to_GEO,GSE39084,fixed_log_expression,xgboost
0.22,0.49251014819355693,TCGA_to_GEO,GSE39084,fixed_log_expression,xgboost
0.23,0.5119466085545765,TCGA_to_GEO,GSE39084,fixed_log_expression,xgboost
0.24,0.531383068915596,TCGA_to_GEO,GSE39084,fixed_log_expression,xgboost
0.25,0.5508195292766155,TCGA_to_GEO,GSE39084,fixed_log_expression,xgboost
0.26,0.570255989637635,TCGA_to_GEO,GSE39084,fixed_log_expression,xgboost
0.27,0.5896924499986546,TCGA_to_GEO,GSE39084,fixed_log_expression,xgboost
0.28,0.6091289103596741,TCGA_to_GEO,GSE39084,fixed_log_expression,xgboost
0.29,0.6285653707206935,TCGA_to_GEO,GSE39084,fixed_log_expression,xgboost
0.3,0.648001831081713,TCGA_to_GEO,GSE39084,fixed_log_expression,xgboost
0.31,0.6674382914427326,TCGA_to_GEO,GSE39084,fixed_log_expression,xgboost
0.32,0.6868747518037521,TCGA_to_GEO,GSE39084,fixed_log_expression,xgboost
0.33,0.7063112121647718,TCGA_to_GEO,GSE39084,fixed_log_expression,xgboost
0.34,0.7257476725257912,TCGA_to_GEO,GSE39084,fixed_log_expression,xgboost
0.35000000000000003,0.7471912756920304,TCGA_to_GEO,GSE39084,fixed_log_expression,xgboost
0.36,0.7695655840301678,TCGA_to_GEO,GSE39084,fixed_log_expression,xgboost
0.37,0.7919398923683054,TCGA_to_GEO,GSE39084,fixed_log_expression,xgboost
0.38,0.814314200706443,TCGA_to_GEO,GSE39084,fixed_log_expression,xgboost
0.39,0.8366885090445805,TCGA_to_GEO,GSE39084,fixed_log_expression,xgboost
0.4,0.8565993859511289,TCGA_to_GEO,GSE39084,fixed_log_expression,xgboost
0.41000000000000003,0.8665747984680543,TCGA_to_GEO,GSE39084,fixed_log_expression,xgboost
0.42,0.8665747984680543,TCGA_to_GEO,GSE39084,fixed_log_expression,xgboost
0.43,0.8665747984680543,TCGA_to_GEO,GSE39084,fixed_log_expression,xgboost
0.44,0.8665747984680543,TCGA_to_GEO,GSE39084,fixed_log_expression,xgboost
0.45,0.8665747984680543,TCGA_to_GEO,GSE39084,fixed_log_expression,xgboost
0.46,0.8665747984680543,TCGA_to_GEO,GSE39084,fixed_log_expression,xgboost
0.47000000000000003,0.8665747984680543,TCGA_to_GEO,GSE39084,fixed_log_expression,xgboost
0.48,0.8665747984680543,TCGA_to_GEO,GSE39084,fixed_log_expression,xgboost
0.49,0.8665747984680543,TCGA_to_GEO,GSE39084,fixed_log_expression,xgboost
0.5,0.8665747984680543,TCGA_to_GEO,GSE39084,fixed_log_expression,xgboost
0.51,0.8665747984680543,TCGA_to_GEO,GSE39084,fixed_log_expression,xgboost
0.52,0.8665747984680543,TCGA_to_GEO,GSE39084,fixed_log_expression,xgboost
0.53,0.8665747984680543,TCGA_to_GEO,GSE39084,fixed_log_expression,xgboost
0.54,0.8665747984680543,TCGA_to_GEO,GSE39084,fixed_log_expression,xgboost
0.55,0.8665747984680543,TCGA_to_GEO,GSE39084,fixed_log_expression,xgboost
0.56,0.8665747984680543,TCGA_to_GEO,GSE39084,fixed_log_expression,xgboost
0.5700000000000001,0.8665747984680543,TCGA_to_GEO,GSE39084,fixed_log_expression,xgboost
0.58,0.8665747984680543,TCGA_to_GEO,GSE39084,fixed_log_expression,xgboost
0.59,0.8665747984680543,TCGA_to_GEO,GSE39084,fixed_log_expression,xgboost
0.6,0.8665747984680543,TCGA_to_GEO,GSE39084,fixed_log_expression,xgboost
0.61,0.8665747984680543,TCGA_to_GEO,GSE39084,fixed_log_expression,xgboost
0.62,0.8665747984680543,TCGA_to_GEO,GSE39084,fixed_log_expression,xgboost
0.63,0.8665747984680543,TCGA_to_GEO,GSE39084,fixed_log_expression,xgboost
0.64,0.8665747984680543,TCGA_to_GEO,GSE39084,fixed_log_expression,xgboost
0.65,0.8665747984680543,TCGA_to_GEO,GSE39084,fixed_log_expression,xgboost
0.66,0.8665747984680543,TCGA_to_GEO,GSE39084,fixed_log_expression,xgboost
0.67,0.8665747984680543,TCGA_to_GEO,GSE39084,fixed_log_expression,xgboost
0.68,0.8665747984680543,TCGA_to_GEO,GSE39084,fixed_log_expression,xgboost
0.6900000000000001,0.8665747984680543,TCGA_to_GEO,GSE39084,fixed_log_expression,xgboost
0.7000000000000001,0.8665747984680543,TCGA_to_GEO,GSE39084,fixed_log_expression,xgboost
0.71,0.8665747984680543,TCGA_to_GEO,GSE39084,fixed_log_expression,xgboost
0.72,0.8665747984680543,TCGA_to_GEO,GSE39084,fixed_log_expression,xgboost
0.73,0.8665747984680543,TCGA_to_GEO,GSE39084,fixed_log_expression,xgboost
0.74,0.8665747984680543,TCGA_to_GEO,GSE39084,fixed_log_expression,xgboost
0.75,0.8665747984680543,TCGA_to_GEO,GSE39084,fixed_log_expression,xgboost
0.76,0.8665747984680543,TCGA_to_GEO,GSE39084,fixed_log_expression,xgboost
0.77,0.8665747984680543,TCGA_to_GEO,GSE39084,fixed_log_expression,xgboost
0.78,0.8665747984680543,TCGA_to_GEO,GSE39084,fixed_log_expression,xgboost
0.79,0.8665747984680543,TCGA_to_GEO,GSE39084,fixed_log_expression,xgboost
0.8,0.8665747984680543,TCGA_to_GEO,GSE39084,fixed_log_expression,xgboost
0.81,0.8665747984680543,TCGA_to_GEO,GSE39084,fixed_log_expression,xgboost
0.8200000000000001,0.8665747984680543,TCGA_to_GEO,GSE39084,fixed_log_expression,xgboost
0.8300000000000001,0.8665747984680543,TCGA_to_GEO,GSE39084,fixed_log_expression,xgboost
0.84,0.8665747984680543,TCGA_to_GEO,GSE39084,fixed_log_expression,xgboost
0.85,0.8665747984680543,TCGA_to_GEO,GSE39084,fixed_log_expression,xgboost
0.86,0.8665747984680543,TCGA_to_GEO,GSE39084,fixed_log_expression,xgboost
0.87,0.8665747984680543,TCGA_to_GEO,GSE39084,fixed_log_expression,xgboost
0.88,0.8665747984680543,TCGA_to_GEO,GSE39084,fixed_log_expression,xgboost
0.89,0.8665747984680543,TCGA_to_GEO,GSE39084,fixed_log_expression,xgboost
0.9,0.8665747984680543,TCGA_to_GEO,GSE39084,fixed_log_expression,xgboost
0.91,0.8665747984680543,TCGA_to_GEO,GSE39084,fixed_log_expression,xgboost
0.92,0.8665747984680543,TCGA_to_GEO,GSE39084,fixed_log_expression,xgboost
0.93,0.8665747984680543,TCGA_to_GEO,GSE39084,fixed_log_expression,xgboost
0.9400000000000001,0.8665747984680543,TCGA_to_GEO,GSE39084,fixed_log_expression,xgboost
0.9500000000000001,0.8665747984680543,TCGA_to_GEO,GSE39084,fixed_log_expression,xgboost
0.96,0.8665747984680543,TCGA_to_GEO,GSE39084,fixed_log_expression,xgboost
0.97,0.8665747984680543,TCGA_to_GEO,GSE39084,fixed_log_expression,xgboost
0.98,0.8665747984680543,TCGA_to_GEO,GSE39084,fixed_log_expression,xgboost
0.99,0.8665747984680543,TCGA_to_GEO,GSE39084,fixed_log_expression,xgboost
1.0,0.8665747984680543,TCGA_to_GEO,GSE39084,fixed_log_expression,xgboost
0.0,0.0,TCGA_to_GEO,GSE39084,single_sample_rank,compact_rank_20
0.01,0.023165260022943498,TCGA_to_GEO,GSE39084,single_sample_rank,compact_rank_20
0.02,0.055578860375761645,TCGA_to_GEO,GSE39084,single_sample_rank,compact_rank_20
0.03,0.08427995802481686,TCGA_to_GEO,GSE39084,single_sample_rank,compact_rank_20
0.04,0.10690283138527223,TCGA_to_GEO,GSE39084,single_sample_rank,compact_rank_20
0.05,0.12928623834187403,TCGA_to_GEO,GSE39084,single_sample_rank,compact_rank_20
0.06,0.14962874489201386,TCGA_to_GEO,GSE39084,single_sample_rank,compact_rank_20
0.07,0.18832978605301387,TCGA_to_GEO,GSE39084,single_sample_rank,compact_rank_20
0.08,0.24142867787578876,TCGA_to_GEO,GSE39084,single_sample_rank,compact_rank_20
0.09,0.2656808956800229,TCGA_to_GEO,GSE39084,single_sample_rank,compact_rank_20
0.1,0.2860977626557636,TCGA_to_GEO,GSE39084,single_sample_rank,compact_rank_20
0.11,0.2983638947108393,TCGA_to_GEO,GSE39084,single_sample_rank,compact_rank_20
0.12,0.3090464297101737,TCGA_to_GEO,GSE39084,single_sample_rank,compact_rank_20
0.13,0.3197289647095081,TCGA_to_GEO,GSE39084,single_sample_rank,compact_rank_20
0.14,0.3277694356722651,TCGA_to_GEO,GSE39084,single_sample_rank,compact_rank_20
0.15,0.33976816756923617,TCGA_to_GEO,GSE39084,single_sample_rank,compact_rank_20
0.16,0.3541828766715989,TCGA_to_GEO,GSE39084,single_sample_rank,compact_rank_20
0.17,0.36859758577396173,TCGA_to_GEO,GSE39084,single_sample_rank,compact_rank_20
0.18,0.38301229487632443,TCGA_to_GEO,GSE39084,single_sample_rank,compact_rank_20
0.19,0.39742700397868724,TCGA_to_GEO,GSE39084,single_sample_rank,compact_rank_20
0.2,0.41184171308105,TCGA_to_GEO,GSE39084,single_sample_rank,compact_rank_20
0.21,0.42625642218341275,TCGA_to_GEO,GSE39084,single_sample_rank,compact_rank_20
0.22,0.4406711312857755,TCGA_to_GEO,GSE39084,single_sample_rank,compact_rank_20
0.23,0.45508584038813826,TCGA_to_GEO,GSE39084,single_sample_rank,compact_rank_20
0.24,0.469500549490501,TCGA_to_GEO,GSE39084,single_sample_rank,compact_rank_20
0.25,0.45145783191390426,TCGA_to_GEO,GSE39084,single_sample_rank,compact_rank_20
0.26,0.46091184300787674,TCGA_to_GEO,GSE39084,single_sample_rank,compact_rank_20
0.27,0.4703658541018492,TCGA_to_GEO,GSE39084,single_sample_rank,compact_rank_20
0.28,0.4798198651958217,TCGA_to_GEO,GSE39084,single_sample_rank,compact_rank_20
0.29,0.4892738762897942,TCGA_to_GEO,GSE39084,single_sample_rank,compact_rank_20
0.3,0.49872788738376667,TCGA_to_GEO,GSE39084,single_sample_rank,compact_rank_20
0.31,0.5081818984777391,TCGA_to_GEO,GSE39084,single_sample_rank,compact_rank_20
0.32,0.5176359095717116,TCGA_to_GEO,GSE39084,single_sample_rank,compact_rank_20
0.33,0.527089920665684,TCGA_to_GEO,GSE39084,single_sample_rank,compact_rank_20
0.34,0.5365439317596565,TCGA_to_GEO,GSE39084,single_sample_rank,compact_rank_20
0.35000000000000003,0.5459979428536291,TCGA_to_GEO,GSE39084,single_sample_rank,compact_rank_20
0.36,0.5554519539476015,TCGA_to_GEO,GSE39084,single_sample_rank,compact_rank_20
0.37,0.564905965041574,TCGA_to_GEO,GSE39084,single_sample_rank,compact_rank_20
0.38,0.5743599761355465,TCGA_to_GEO,GSE39084,single_sample_rank,compact_rank_20
0.39,0.5838139872295189,TCGA_to_GEO,GSE39084,single_sample_rank,compact_rank_20
0.4,0.5932679983234914,TCGA_to_GEO,GSE39084,single_sample_rank,compact_rank_20
0.41000000000000003,0.6027220094174639,TCGA_to_GEO,GSE39084,single_sample_rank,compact_rank_20
0.42,0.6121760205114364,TCGA_to_GEO,GSE39084,single_sample_rank,compact_rank_20
0.43,0.6216300316054089,TCGA_to_GEO,GSE39084,single_sample_rank,compact_rank_20
0.44,0.6310840426993813,TCGA_to_GEO,GSE39084,single_sample_rank,compact_rank_20
0.45,0.6405380537933538,TCGA_to_GEO,GSE39084,single_sample_rank,compact_rank_20
0.46,0.6508125689794736,TCGA_to_GEO,GSE39084,single_sample_rank,compact_rank_20
0.47000000000000003,0.6611582286620074,TCGA_to_GEO,GSE39084,single_sample_rank,compact_rank_20
0.48,0.6697503253072817,TCGA_to_GEO,GSE39084,single_sample_rank,compact_rank_20
0.49,0.6775695554068211,TCGA_to_GEO,GSE39084,single_sample_rank,compact_rank_20
0.5,0.6853887855063605,TCGA_to_GEO,GSE39084,single_sample_rank,compact_rank_20
0.51,0.6932080156058998,TCGA_to_GEO,GSE39084,single_sample_rank,compact_rank_20
0.52,0.7010272457054392,TCGA_to_GEO,GSE39084,single_sample_rank,compact_rank_20
0.53,0.7088464758049786,TCGA_to_GEO,GSE39084,single_sample_rank,compact_rank_20
0.54,0.716665705904518,TCGA_to_GEO,GSE39084,single_sample_rank,compact_rank_20
0.55,0.7244849360040574,TCGA_to_GEO,GSE39084,single_sample_rank,compact_rank_20
0.56,0.7323041661035967,TCGA_to_GEO,GSE39084,single_sample_rank,compact_rank_20
0.5700000000000001,0.7401233962031362,TCGA_to_GEO,GSE39084,single_sample_rank,compact_rank_20
0.58,0.7479426263026754,TCGA_to_GEO,GSE39084,single_sample_rank,compact_rank_20
0.59,0.7557618564022148,TCGA_to_GEO,GSE39084,single_sample_rank,compact_rank_20
0.6,0.7635810865017542,TCGA_to_GEO,GSE39084,single_sample_rank,compact_rank_20
0.61,0.7714003166012935,TCGA_to_GEO,GSE39084,single_sample_rank,compact_rank_20
0.62,0.7792195467008329,TCGA_to_GEO,GSE39084,single_sample_rank,compact_rank_20
0.63,0.7870387768003723,TCGA_to_GEO,GSE39084,single_sample_rank,compact_rank_20
0.64,0.7948041874272719,TCGA_to_GEO,GSE39084,single_sample_rank,compact_rank_20
0.65,0.8025144435556074,TCGA_to_GEO,GSE39084,single_sample_rank,compact_rank_20
0.66,0.810224699683943,TCGA_to_GEO,GSE39084,single_sample_rank,compact_rank_20
0.67,0.8179349558122786,TCGA_to_GEO,GSE39084,single_sample_rank,compact_rank_20
0.68,0.8256452119406141,TCGA_to_GEO,GSE39084,single_sample_rank,compact_rank_20
0.6900000000000001,0.8333554680689497,TCGA_to_GEO,GSE39084,single_sample_rank,compact_rank_20
0.7000000000000001,0.8410657241972852,TCGA_to_GEO,GSE39084,single_sample_rank,compact_rank_20
0.71,0.8487759803256207,TCGA_to_GEO,GSE39084,single_sample_rank,compact_rank_20
0.72,0.8564862364539563,TCGA_to_GEO,GSE39084,single_sample_rank,compact_rank_20
0.73,0.8641964925822918,TCGA_to_GEO,GSE39084,single_sample_rank,compact_rank_20
0.74,0.8719067487106275,TCGA_to_GEO,GSE39084,single_sample_rank,compact_rank_20
0.75,0.8795747972549568,TCGA_to_GEO,GSE39084,single_sample_rank,compact_rank_20
0.76,0.8872188575399494,TCGA_to_GEO,GSE39084,single_sample_rank,compact_rank_20
0.77,0.8947978561588225,TCGA_to_GEO,GSE39084,single_sample_rank,compact_rank_20
0.78,0.9023390854646707,TCGA_to_GEO,GSE39084,single_sample_rank,compact_rank_20
0.79,0.9098803147705189,TCGA_to_GEO,GSE39084,single_sample_rank,compact_rank_20
0.8,0.9174215440763671,TCGA_to_GEO,GSE39084,single_sample_rank,compact_rank_20
0.81,0.9249627733822153,TCGA_to_GEO,GSE39084,single_sample_rank,compact_rank_20
0.8200000000000001,0.9325040026880635,TCGA_to_GEO,GSE39084,single_sample_rank,compact_rank_20
0.8300000000000001,0.9400011821359264,TCGA_to_GEO,GSE39084,single_sample_rank,compact_rank_20
0.84,0.9474000291066486,TCGA_to_GEO,GSE39084,single_sample_rank,compact_rank_20
0.85,0.9547988760773708,TCGA_to_GEO,GSE39084,single_sample_rank,compact_rank_20
0.86,0.9614951054687025,TCGA_to_GEO,GSE39084,single_sample_rank,compact_rank_20
0.87,0.9664619472402362,TCGA_to_GEO,GSE39084,single_sample_rank,compact_rank_20
0.88,0.9714287890117697,TCGA_to_GEO,GSE39084,single_sample_rank,compact_rank_20
0.89,0.9763956307833032,TCGA_to_GEO,GSE39084,single_sample_rank,compact_rank_20
0.9,0.9813624725548367,TCGA_to_GEO,GSE39084,single_sample_rank,compact_rank_20
0.91,0.9863293143263702,TCGA_to_GEO,GSE39084,single_sample_rank,compact_rank_20
0.92,0.9912961560979037,TCGA_to_GEO,GSE39084,single_sample_rank,compact_rank_20
0.93,0.9962629978694372,TCGA_to_GEO,GSE39084,single_sample_rank,compact_rank_20
0.9400000000000001,1.0,TCGA_to_GEO,GSE39084,single_sample_rank,compact_rank_20
0.9500000000000001,1.0,TCGA_to_GEO,GSE39084,single_sample_rank,compact_rank_20
0.96,1.0,TCGA_to_GEO,GSE39084,single_sample_rank,compact_rank_20
0.97,1.0,TCGA_to_GEO,GSE39084,single_sample_rank,compact_rank_20
0.98,1.0,TCGA_to_GEO,GSE39084,single_sample_rank,compact_rank_20
0.99,1.0,TCGA_to_GEO,GSE39084,single_sample_rank,compact_rank_20
1.0,1.0,TCGA_to_GEO,GSE39084,single_sample_rank,compact_rank_20
0.0,0.0,TCGA_to_GEO,GSE39084,single_sample_rank,elastic_net
0.01,0.0005119556371083936,TCGA_to_GEO,GSE39084,single_sample_rank,elastic_net
0.02,0.003481632187294063,TCGA_to_GEO,GSE39084,single_sample_rank,elastic_net
0.03,0.00803725178598216,TCGA_to_GEO,GSE39084,single_sample_rank,elastic_net
0.04,0.05506704343430183,TCGA_to_GEO,GSE39084,single_sample_rank,elastic_net
0.05,0.11259545856185284,TCGA_to_GEO,GSE39084,single_sample_rank,elastic_net
0.06,0.17012387368940382,TCGA_to_GEO,GSE39084,single_sample_rank,elastic_net
0.07,0.22916853829080203,TCGA_to_GEO,GSE39084,single_sample_rank,elastic_net
0.08,0.27017115962081883,TCGA_to_GEO,GSE39084,single_sample_rank,elastic_net
0.09,0.25366172100986223,TCGA_to_GEO,GSE39084,single_sample_rank,elastic_net
0.1,0.27850681452122267,TCGA_to_GEO,GSE39084,single_sample_rank,elastic_net
0.11,0.3355206016901982,TCGA_to_GEO,GSE39084,single_sample_rank,elastic_net
0.12,0.3925343888591737,TCGA_to_GEO,GSE39084,single_sample_rank,elastic_net
0.13,0.44954817602814934,TCGA_to_GEO,GSE39084,single_sample_rank,elastic_net
0.14,0.5065619631971249,TCGA_to_GEO,GSE39084,single_sample_rank,elastic_net
0.15,0.5628673235729151,TCGA_to_GEO,GSE39084,single_sample_rank,elastic_net
0.16,0.6164533401633895,TCGA_to_GEO,GSE39084,single_sample_rank,elastic_net
0.17,0.6694589826659698,TCGA_to_GEO,GSE39084,single_sample_rank,elastic_net
0.18,0.7226909967954772,TCGA_to_GEO,GSE39084,single_sample_rank,elastic_net
0.19,0.7764134494165487,TCGA_to_GEO,GSE39084,single_sample_rank,elastic_net
0.2,0.8300396158329104,TCGA_to_GEO,GSE39084,single_sample_rank,elastic_net
0.21,0.8836657822492722,TCGA_to_GEO,GSE39084,single_sample_rank,elastic_net
0.22,0.9203241028889015,TCGA_to_GEO,GSE39084,single_sample_rank,elastic_net
0.23,0.9260002778201654,TCGA_to_GEO,GSE39084,single_sample_rank,elastic_net
0.24,0.9247715444568662,TCGA_to_GEO,GSE39084,single_sample_rank,elastic_net
0.25,0.9235428110935668,TCGA_to_GEO,GSE39084,single_sample_rank,elastic_net
0.26,0.9223140777302676,TCGA_to_GEO,GSE39084,single_sample_rank,elastic_net
0.27,0.9210853443669684,TCGA_to_GEO,GSE39084,single_sample_rank,elastic_net
0.28,0.9198566110036691,TCGA_to_GEO,GSE39084,single_sample_rank,elastic_net
0.29,0.9186278776403699,TCGA_to_GEO,GSE39084,single_sample_rank,elastic_net
0.3,0.9173991442770707,TCGA_to_GEO,GSE39084,single_sample_rank,elastic_net
0.31,0.9161704109137715,TCGA_to_GEO,GSE39084,single_sample_rank,elastic_net
0.32,0.9149416775504722,TCGA_to_GEO,GSE39084,single_sample_rank,elastic_net
0.33,0.913712944187173,TCGA_to_GEO,GSE39084,single_sample_rank,elastic_net
0.34,0.9124842108238738,TCGA_to_GEO,GSE39084,single_sample_rank,elastic_net
0.35000000000000003,0.9112554774605744,TCGA_to_GEO,GSE39084,single_sample_rank,elastic_net
0.36,0.9100267440972752,TCGA_to_GEO,GSE39084,single_sample_rank,elastic_net
0.37,0.908798010733976,TCGA_to_GEO,GSE39084,single_sample_rank,elastic_net
0.38,0.9075692773706767,TCGA_to_GEO,GSE39084,single_sample_rank,elastic_net
0.39,0.9063405440073775,TCGA_to_GEO,GSE39084,single_sample_rank,elastic_net
0.4,0.9051118106440783,TCGA_to_GEO,GSE39084,single_sample_rank,elastic_net
0.41000000000000003,0.903883077280779,TCGA_to_GEO,GSE39084,single_sample_rank,elastic_net
0.42,0.9060049932489244,TCGA_to_GEO,GSE39084,single_sample_rank,elastic_net
0.43,0.909252522220735,TCGA_to_GEO,GSE39084,single_sample_rank,elastic_net
0.44,0.9125000511925458,TCGA_to_GEO,GSE39084,single_sample_rank,elastic_net
0.45,0.9157475801643566,TCGA_to_GEO,GSE39084,single_sample_rank,elastic_net
0.46,0.9189951091361674,TCGA_to_GEO,GSE39084,single_sample_rank,elastic_net
0.47000000000000003,0.9222426381079782,TCGA_to_GEO,GSE39084,single_sample_rank,elastic_net
0.48,0.9254901670797889,TCGA_to_GEO,GSE39084,single_sample_rank,elastic_net
0.49,0.9287376960515997,TCGA_to_GEO,GSE39084,single_sample_rank,elastic_net
0.5,0.9319852250234105,TCGA_to_GEO,GSE39084,single_sample_rank,elastic_net
0.51,0.9352327539952213,TCGA_to_GEO,GSE39084,single_sample_rank,elastic_net
0.52,0.938480282967032,TCGA_to_GEO,GSE39084,single_sample_rank,elastic_net
0.53,0.9406574372308019,TCGA_to_GEO,GSE39084,single_sample_rank,elastic_net
0.54,0.942264280803573,TCGA_to_GEO,GSE39084,single_sample_rank,elastic_net
0.55,0.9438711243763442,TCGA_to_GEO,GSE39084,single_sample_rank,elastic_net
0.56,0.9454779679491155,TCGA_to_GEO,GSE39084,single_sample_rank,elastic_net
0.5700000000000001,0.9479461056417987,TCGA_to_GEO,GSE39084,single_sample_rank,elastic_net
0.58,0.9505137083723117,TCGA_to_GEO,GSE39084,single_sample_rank,elastic_net
0.59,0.9530813111028248,TCGA_to_GEO,GSE39084,single_sample_rank,elastic_net
0.6,0.9556489138333377,TCGA_to_GEO,GSE39084,single_sample_rank,elastic_net
0.61,0.9582165165638508,TCGA_to_GEO,GSE39084,single_sample_rank,elastic_net
0.62,0.9607841192943638,TCGA_to_GEO,GSE39084,single_sample_rank,elastic_net
0.63,0.9633517220248768,TCGA_to_GEO,GSE39084,single_sample_rank,elastic_net
0.64,0.9659193247553898,TCGA_to_GEO,GSE39084,single_sample_rank,elastic_net
0.65,0.9684869274859028,TCGA_to_GEO,GSE39084,single_sample_rank,elastic_net
0.66,0.9710545302164159,TCGA_to_GEO,GSE39084,single_sample_rank,elastic_net
0.67,0.9736221329469289,TCGA_to_GEO,GSE39084,single_sample_rank,elastic_net
0.68,0.9761897356774419,TCGA_to_GEO,GSE39084,single_sample_rank,elastic_net
0.6900000000000001,0.9787573384079549,TCGA_to_GEO,GSE39084,single_sample_rank,elastic_net
0.7000000000000001,0.9813249411384679,TCGA_to_GEO,GSE39084,single_sample_rank,elastic_net
0.71,0.9838550952080815,TCGA_to_GEO,GSE39084,single_sample_rank,elastic_net
0.72,0.9863708786959595,TCGA_to_GEO,GSE39084,single_sample_rank,elastic_net
0.73,0.9873594886757389,TCGA_to_GEO,GSE39084,single_sample_rank,elastic_net
0.74,0.9882334402344715,TCGA_to_GEO,GSE39084,single_sample_rank,elastic_net
0.75,0.9891073917932042,TCGA_to_GEO,GSE39084,single_sample_rank,elastic_net
0.76,0.9899813433519368,TCGA_to_GEO,GSE39084,single_sample_rank,elastic_net
0.77,0.9908552949106694,TCGA_to_GEO,GSE39084,single_sample_rank,elastic_net
0.78,0.9917292464694021,TCGA_to_GEO,GSE39084,single_sample_rank,elastic_net
0.79,0.9926031980281347,TCGA_to_GEO,GSE39084,single_sample_rank,elastic_net
0.8,0.9934771495868673,TCGA_to_GEO,GSE39084,single_sample_rank,elastic_net
0.81,0.9943511011455999,TCGA_to_GEO,GSE39084,single_sample_rank,elastic_net
0.8200000000000001,0.9952250527043326,TCGA_to_GEO,GSE39084,single_sample_rank,elastic_net
0.8300000000000001,0.9960990042630652,TCGA_to_GEO,GSE39084,single_sample_rank,elastic_net
0.84,0.9969729558217978,TCGA_to_GEO,GSE39084,single_sample_rank,elastic_net
0.85,0.9978469073805305,TCGA_to_GEO,GSE39084,single_sample_rank,elastic_net
0.86,0.9987208589392631,TCGA_to_GEO,GSE39084,single_sample_rank,elastic_net
0.87,0.9995948104979957,TCGA_to_GEO,GSE39084,single_sample_rank,elastic_net
0.88,1.0,TCGA_to_GEO,GSE39084,single_sample_rank,elastic_net
0.89,1.0,TCGA_to_GEO,GSE39084,single_sample_rank,elastic_net
0.9,1.0,TCGA_to_GEO,GSE39084,single_sample_rank,elastic_net
0.91,1.0,TCGA_to_GEO,GSE39084,single_sample_rank,elastic_net
0.92,1.0,TCGA_to_GEO,GSE39084,single_sample_rank,elastic_net
0.93,1.0,TCGA_to_GEO,GSE39084,single_sample_rank,elastic_net
0.9400000000000001,1.0,TCGA_to_GEO,GSE39084,single_sample_rank,elastic_net
0.9500000000000001,1.0,TCGA_to_GEO,GSE39084,single_sample_rank,elastic_net
0.96,1.0,TCGA_to_GEO,GSE39084,single_sample_rank,elastic_net
0.97,1.0,TCGA_to_GEO,GSE39084,single_sample_rank,elastic_net
0.98,1.0,TCGA_to_GEO,GSE39084,single_sample_rank,elastic_net
0.99,1.0,TCGA_to_GEO,GSE39084,single_sample_rank,elastic_net
1.0,1.0,TCGA_to_GEO,GSE39084,single_sample_rank,elastic_net
0.0,0.23880597014925373,TCGA_to_GEO,GSE39084,single_sample_rank,svm_rbf
0.01,0.23880597014925373,TCGA_to_GEO,GSE39084,single_sample_rank,svm_rbf
0.02,0.23880597014925373,TCGA_to_GEO,GSE39084,single_sample_rank,svm_rbf
0.03,0.23880597014925373,TCGA_to_GEO,GSE39084,single_sample_rank,svm_rbf
0.04,0.23880597014925373,TCGA_to_GEO,GSE39084,single_sample_rank,svm_rbf
0.05,0.23880597014925373,TCGA_to_GEO,GSE39084,single_sample_rank,svm_rbf
0.06,0.23880597014925373,TCGA_to_GEO,GSE39084,single_sample_rank,svm_rbf
0.07,0.23880597014925373,TCGA_to_GEO,GSE39084,single_sample_rank,svm_rbf
0.08,0.23880597014925373,TCGA_to_GEO,GSE39084,single_sample_rank,svm_rbf
0.09,0.23880597014925373,TCGA_to_GEO,GSE39084,single_sample_rank,svm_rbf
0.1,0.23880597014925373,TCGA_to_GEO,GSE39084,single_sample_rank,svm_rbf
0.11,0.23880597014925373,TCGA_to_GEO,GSE39084,single_sample_rank,svm_rbf
0.12,0.23880597014925373,TCGA_to_GEO,GSE39084,single_sample_rank,svm_rbf
0.13,0.23880597014925373,TCGA_to_GEO,GSE39084,single_sample_rank,svm_rbf
0.14,0.23880597014925373,TCGA_to_GEO,GSE39084,single_sample_rank,svm_rbf
0.15,0.23880597014925373,TCGA_to_GEO,GSE39084,single_sample_rank,svm_rbf
0.16,0.23880597014925373,TCGA_to_GEO,GSE39084,single_sample_rank,svm_rbf
0.17,0.23880597014925373,TCGA_to_GEO,GSE39084,single_sample_rank,svm_rbf
0.18,0.23880597014925373,TCGA_to_GEO,GSE39084,single_sample_rank,svm_rbf
0.19,0.23880597014925373,TCGA_to_GEO,GSE39084,single_sample_rank,svm_rbf
0.2,0.23880597014925373,TCGA_to_GEO,GSE39084,single_sample_rank,svm_rbf
0.21,0.23880597014925373,TCGA_to_GEO,GSE39084,single_sample_rank,svm_rbf
0.22,0.23880597014925373,TCGA_to_GEO,GSE39084,single_sample_rank,svm_rbf
0.23,0.23880597014925373,TCGA_to_GEO,GSE39084,single_sample_rank,svm_rbf
0.24,0.23880597014925373,TCGA_to_GEO,GSE39084,single_sample_rank,svm_rbf
0.25,0.23880597014925373,TCGA_to_GEO,GSE39084,single_sample_rank,svm_rbf
0.26,0.23880597014925373,TCGA_to_GEO,GSE39084,single_sample_rank,svm_rbf
0.27,0.23880597014925373,TCGA_to_GEO,GSE39084,single_sample_rank,svm_rbf
0.28,0.23880597014925373,TCGA_to_GEO,GSE39084,single_sample_rank,svm_rbf
0.29,0.23880597014925373,TCGA_to_GEO,GSE39084,single_sample_rank,svm_rbf
0.3,0.23880597014925373,TCGA_to_GEO,GSE39084,single_sample_rank,svm_rbf
0.31,0.23880597014925373,TCGA_to_GEO,GSE39084,single_sample_rank,svm_rbf
0.32,0.23880597014925373,TCGA_to_GEO,GSE39084,single_sample_rank,svm_rbf
0.33,0.23880597014925373,TCGA_to_GEO,GSE39084,single_sample_rank,svm_rbf
0.34,0.23880597014925373,TCGA_to_GEO,GSE39084,single_sample_rank,svm_rbf
0.35000000000000003,0.23880597014925373,TCGA_to_GEO,GSE39084,single_sample_rank,svm_rbf
0.36,0.23880597014925373,TCGA_to_GEO,GSE39084,single_sample_rank,svm_rbf
0.37,0.23880597014925373,TCGA_to_GEO,GSE39084,single_sample_rank,svm_rbf
0.38,0.23880597014925373,TCGA_to_GEO,GSE39084,single_sample_rank,svm_rbf
0.39,0.23880597014925373,TCGA_to_GEO,GSE39084,single_sample_rank,svm_rbf
0.4,0.23880597014925373,TCGA_to_GEO,GSE39084,single_sample_rank,svm_rbf
0.41000000000000003,0.23880597014925373,TCGA_to_GEO,GSE39084,single_sample_rank,svm_rbf
0.42,0.23880597014925373,TCGA_to_GEO,GSE39084,single_sample_rank,svm_rbf
0.43,0.23880597014925373,TCGA_to_GEO,GSE39084,single_sample_rank,svm_rbf
0.44,0.23880597014925373,TCGA_to_GEO,GSE39084,single_sample_rank,svm_rbf
0.45,0.23880597014925373,TCGA_to_GEO,GSE39084,single_sample_rank,svm_rbf
0.46,0.23880597014925373,TCGA_to_GEO,GSE39084,single_sample_rank,svm_rbf
0.47000000000000003,0.23880597014925373,TCGA_to_GEO,GSE39084,single_sample_rank,svm_rbf
0.48,0.23880597014925373,TCGA_to_GEO,GSE39084,single_sample_rank,svm_rbf
0.49,0.23880597014925373,TCGA_to_GEO,GSE39084,single_sample_rank,svm_rbf
0.5,0.23880597014925373,TCGA_to_GEO,GSE39084,single_sample_rank,svm_rbf
0.51,0.23880597014925373,TCGA_to_GEO,GSE39084,single_sample_rank,svm_rbf
0.52,0.23880597014925373,TCGA_to_GEO,GSE39084,single_sample_rank,svm_rbf
0.53,0.23880597014925373,TCGA_to_GEO,GSE39084,single_sample_rank,svm_rbf
0.54,0.23880597014925373,TCGA_to_GEO,GSE39084,single_sample_rank,svm_rbf
0.55,0.23880597014925373,TCGA_to_GEO,GSE39084,single_sample_rank,svm_rbf
0.56,0.23880597014925373,TCGA_to_GEO,GSE39084,single_sample_rank,svm_rbf
0.5700000000000001,0.23880597014925373,TCGA_to_GEO,GSE39084,single_sample_rank,svm_rbf
0.58,0.23880597014925373,TCGA_to_GEO,GSE39084,single_sample_rank,svm_rbf
0.59,0.23880597014925373,TCGA_to_GEO,GSE39084,single_sample_rank,svm_rbf
0.6,0.23880597014925373,TCGA_to_GEO,GSE39084,single_sample_rank,svm_rbf
0.61,0.23880597014925373,TCGA_to_GEO,GSE39084,single_sample_rank,svm_rbf
0.62,0.23880597014925373,TCGA_to_GEO,GSE39084,single_sample_rank,svm_rbf
0.63,0.23880597014925373,TCGA_to_GEO,GSE39084,single_sample_rank,svm_rbf
0.64,0.23880597014925373,TCGA_to_GEO,GSE39084,single_sample_rank,svm_rbf
0.65,0.23880597014925373,TCGA_to_GEO,GSE39084,single_sample_rank,svm_rbf
0.66,0.23880597014925373,TCGA_to_GEO,GSE39084,single_sample_rank,svm_rbf
0.67,0.23880597014925373,TCGA_to_GEO,GSE39084,single_sample_rank,svm_rbf
0.68,0.23880597014925373,TCGA_to_GEO,GSE39084,single_sample_rank,svm_rbf
0.6900000000000001,0.23880597014925373,TCGA_to_GEO,GSE39084,single_sample_rank,svm_rbf
0.7000000000000001,0.23880597014925373,TCGA_to_GEO,GSE39084,single_sample_rank,svm_rbf
0.71,0.23880597014925373,TCGA_to_GEO,GSE39084,single_sample_rank,svm_rbf
0.72,0.23880597014925373,TCGA_to_GEO,GSE39084,single_sample_rank,svm_rbf
0.73,0.23880597014925373,TCGA_to_GEO,GSE39084,single_sample_rank,svm_rbf
0.74,0.23880597014925373,TCGA_to_GEO,GSE39084,single_sample_rank,svm_rbf
0.75,0.23880597014925373,TCGA_to_GEO,GSE39084,single_sample_rank,svm_rbf
0.76,0.23880597014925373,TCGA_to_GEO,GSE39084,single_sample_rank,svm_rbf
0.77,0.23880597014925373,TCGA_to_GEO,GSE39084,single_sample_rank,svm_rbf
0.78,0.23880597014925373,TCGA_to_GEO,GSE39084,single_sample_rank,svm_rbf
0.79,0.23880597014925373,TCGA_to_GEO,GSE39084,single_sample_rank,svm_rbf
0.8,0.23880597014925373,TCGA_to_GEO,GSE39084,single_sample_rank,svm_rbf
0.81,0.23880597014925373,TCGA_to_GEO,GSE39084,single_sample_rank,svm_rbf
0.8200000000000001,0.23880597014925373,TCGA_to_GEO,GSE39084,single_sample_rank,svm_rbf
0.8300000000000001,0.23880597014925373,TCGA_to_GEO,GSE39084,single_sample_rank,svm_rbf
0.84,0.23880597014925373,TCGA_to_GEO,GSE39084,single_sample_rank,svm_rbf
0.85,0.23880597014925373,TCGA_to_GEO,GSE39084,single_sample_rank,svm_rbf
0.86,0.23880597014925373,TCGA_to_GEO,GSE39084,single_sample_rank,svm_rbf
0.87,0.23880597014925373,TCGA_to_GEO,GSE39084,single_sample_rank,svm_rbf
0.88,0.23880597014925373,TCGA_to_GEO,GSE39084,single_sample_rank,svm_rbf
0.89,0.23880597014925373,TCGA_to_GEO,GSE39084,single_sample_rank,svm_rbf
0.9,0.23880597014925373,TCGA_to_GEO,GSE39084,single_sample_rank,svm_rbf
0.91,0.23880597014925373,TCGA_to_GEO,GSE39084,single_sample_rank,svm_rbf
0.92,0.23880597014925373,TCGA_to_GEO,GSE39084,single_sample_rank,svm_rbf
0.93,0.23880597014925373,TCGA_to_GEO,GSE39084,single_sample_rank,svm_rbf
0.9400000000000001,0.23880597014925373,TCGA_to_GEO,GSE39084,single_sample_rank,svm_rbf
0.9500000000000001,0.23880597014925373,TCGA_to_GEO,GSE39084,single_sample_rank,svm_rbf
0.96,0.23880597014925373,TCGA_to_GEO,GSE39084,single_sample_rank,svm_rbf
0.97,0.23880597014925373,TCGA_to_GEO,GSE39084,single_sample_rank,svm_rbf
0.98,0.23880597014925373,TCGA_to_GEO,GSE39084,single_sample_rank,svm_rbf
0.99,0.23880597014925373,TCGA_to_GEO,GSE39084,single_sample_rank,svm_rbf
1.0,0.23880597014925373,TCGA_to_GEO,GSE39084,single_sample_rank,svm_rbf
0.0,0.0,TCGA_to_GEO,GSE39084,single_sample_rank,xgboost
0.01,0.0,TCGA_to_GEO,GSE39084,single_sample_rank,xgboost
0.02,0.0,TCGA_to_GEO,GSE39084,single_sample_rank,xgboost
0.03,0.0,TCGA_to_GEO,GSE39084,single_sample_rank,xgboost
0.04,0.0,TCGA_to_GEO,GSE39084,single_sample_rank,xgboost
0.05,0.0,TCGA_to_GEO,GSE39084,single_sample_rank,xgboost
0.06,0.0,TCGA_to_GEO,GSE39084,single_sample_rank,xgboost
0.07,0.0,TCGA_to_GEO,GSE39084,single_sample_rank,xgboost
0.08,2.279473190381102e-05,TCGA_to_GEO,GSE39084,single_sample_rank,xgboost
0.09,0.00013963310088388974,TCGA_to_GEO,GSE39084,single_sample_rank,xgboost
0.1,0.0003265226384349354,TCGA_to_GEO,GSE39084,single_sample_rank,xgboost
0.11,0.0030811405687627396,TCGA_to_GEO,GSE39084,single_sample_rank,xgboost
0.12,0.02112029357759559,TCGA_to_GEO,GSE39084,single_sample_rank,xgboost
0.13,0.03859529485566371,TCGA_to_GEO,GSE39084,single_sample_rank,xgboost
0.14,0.05301840846574842,TCGA_to_GEO,GSE39084,single_sample_rank,xgboost
0.15,0.08154028542678887,TCGA_to_GEO,GSE39084,single_sample_rank,xgboost
0.16,0.13552851790917073,TCGA_to_GEO,GSE39084,single_sample_rank,xgboost
0.17,0.21055255590456282,TCGA_to_GEO,GSE39084,single_sample_rank,xgboost
0.18,0.2766409709575959,TCGA_to_GEO,GSE39084,single_sample_rank,xgboost
0.19,0.3378060278453363,TCGA_to_GEO,GSE39084,single_sample_rank,xgboost
0.2,0.3930050418302141,TCGA_to_GEO,GSE39084,single_sample_rank,xgboost
0.21,0.4482040558150918,TCGA_to_GEO,GSE39084,single_sample_rank,xgboost
0.22,0.5034030697999696,TCGA_to_GEO,GSE39084,single_sample_rank,xgboost
0.23,0.5569698904556748,TCGA_to_GEO,GSE39084,single_sample_rank,xgboost
0.24,0.6050774764567171,TCGA_to_GEO,GSE39084,single_sample_rank,xgboost
0.25,0.6476993370302669,TCGA_to_GEO,GSE39084,single_sample_rank,xgboost
0.26,0.6852536155636376,TCGA_to_GEO,GSE39084,single_sample_rank,xgboost
0.27,0.7228078940970083,TCGA_to_GEO,GSE39084,single_sample_rank,xgboost
0.28,0.760362172630379,TCGA_to_GEO,GSE39084,single_sample_rank,xgboost
0.29,0.7979164511637495,TCGA_to_GEO,GSE39084,single_sample_rank,xgboost
0.3,0.835269013772124,TCGA_to_GEO,GSE39084,single_sample_rank,xgboost
0.31,0.8716711975557992,TCGA_to_GEO,GSE39084,single_sample_rank,xgboost
0.32,0.9082784258225727,TCGA_to_GEO,GSE39084,single_sample_rank,xgboost
0.33,0.9449025619546846,TCGA_to_GEO,GSE39084,single_sample_rank,xgboost
0.34,0.9677826956423088,TCGA_to_GEO,GSE39084,single_sample_rank,xgboost
0.35000000000000003,0.9816907557834531,TCGA_to_GEO,GSE39084,single_sample_rank,xgboost
0.36,0.9955988159245972,TCGA_to_GEO,GSE39084,single_sample_rank,xgboost
0.37,1.0,TCGA_to_GEO,GSE39084,single_sample_rank,xgboost
0.38,1.0,TCGA_to_GEO,GSE39084,single_sample_rank,xgboost
0.39,1.0,TCGA_to_GEO,GSE39084,single_sample_rank,xgboost
0.4,1.0,TCGA_to_GEO,GSE39084,single_sample_rank,xgboost
0.41000000000000003,1.0,TCGA_to_GEO,GSE39084,single_sample_rank,xgboost
0.42,1.0,TCGA_to_GEO,GSE39084,single_sample_rank,xgboost
0.43,1.0,TCGA_to_GEO,GSE39084,single_sample_rank,xgboost
0.44,1.0,TCGA_to_GEO,GSE39084,single_sample_rank,xgboost
0.45,1.0,TCGA_to_GEO,GSE39084,single_sample_rank,xgboost
0.46,1.0,TCGA_to_GEO,GSE39084,single_sample_rank,xgboost
0.47000000000000003,1.0,TCGA_to_GEO,GSE39084,single_sample_rank,xgboost
0.48,1.0,TCGA_to_GEO,GSE39084,single_sample_rank,xgboost
0.49,1.0,TCGA_to_GEO,GSE39084,single_sample_rank,xgboost
0.5,1.0,TCGA_to_GEO,GSE39084,single_sample_rank,xgboost
0.51,1.0,TCGA_to_GEO,GSE39084,single_sample_rank,xgboost
0.52,1.0,TCGA_to_GEO,GSE39084,single_sample_rank,xgboost
0.53,1.0,TCGA_to_GEO,GSE39084,single_sample_rank,xgboost
0.54,1.0,TCGA_to_GEO,GSE39084,single_sample_rank,xgboost
0.55,1.0,TCGA_to_GEO,GSE39084,single_sample_rank,xgboost
0.56,1.0,TCGA_to_GEO,GSE39084,single_sample_rank,xgboost
0.5700000000000001,1.0,TCGA_to_GEO,GSE39084,single_sample_rank,xgboost
0.58,1.0,TCGA_to_GEO,GSE39084,single_sample_rank,xgboost
0.59,1.0,TCGA_to_GEO,GSE39084,single_sample_rank,xgboost
0.6,1.0,TCGA_to_GEO,GSE39084,single_sample_rank,xgboost
0.61,1.0,TCGA_to_GEO,GSE39084,single_sample_rank,xgboost
0.62,1.0,TCGA_to_GEO,GSE39084,single_sample_rank,xgboost
0.63,1.0,TCGA_to_GEO,GSE39084,single_sample_rank,xgboost
0.64,1.0,TCGA_to_GEO,GSE39084,single_sample_rank,xgboost
0.65,1.0,TCGA_to_GEO,GSE39084,single_sample_rank,xgboost
0.66,1.0,TCGA_to_GEO,GSE39084,single_sample_rank,xgboost
0.67,1.0,TCGA_to_GEO,GSE39084,single_sample_rank,xgboost
0.68,1.0,TCGA_to_GEO,GSE39084,single_sample_rank,xgboost
0.6900000000000001,1.0,TCGA_to_GEO,GSE39084,single_sample_rank,xgboost
0.7000000000000001,1.0,TCGA_to_GEO,GSE39084,single_sample_rank,xgboost
0.71,1.0,TCGA_to_GEO,GSE39084,single_sample_rank,xgboost
0.72,1.0,TCGA_to_GEO,GSE39084,single_sample_rank,xgboost
0.73,1.0,TCGA_to_GEO,GSE39084,single_sample_rank,xgboost
0.74,1.0,TCGA_to_GEO,GSE39084,single_sample_rank,xgboost
0.75,1.0,TCGA_to_GEO,GSE39084,single_sample_rank,xgboost
0.76,1.0,TCGA_to_GEO,GSE39084,single_sample_rank,xgboost
0.77,1.0,TCGA_to_GEO,GSE39084,single_sample_rank,xgboost
0.78,1.0,TCGA_to_GEO,GSE39084,single_sample_rank,xgboost
0.79,1.0,TCGA_to_GEO,GSE39084,single_sample_rank,xgboost
0.8,1.0,TCGA_to_GEO,GSE39084,single_sample_rank,xgboost
0.81,1.0,TCGA_to_GEO,GSE39084,single_sample_rank,xgboost
0.8200000000000001,1.0,TCGA_to_GEO,GSE39084,single_sample_rank,xgboost
0.8300000000000001,1.0,TCGA_to_GEO,GSE39084,single_sample_rank,xgboost
0.84,1.0,TCGA_to_GEO,GSE39084,single_sample_rank,xgboost
0.85,1.0,TCGA_to_GEO,GSE39084,single_sample_rank,xgboost
0.86,1.0,TCGA_to_GEO,GSE39084,single_sample_rank,xgboost
0.87,1.0,TCGA_to_GEO,GSE39084,single_sample_rank,xgboost
0.88,1.0,TCGA_to_GEO,GSE39084,single_sample_rank,xgboost
0.89,1.0,TCGA_to_GEO,GSE39084,single_sample_rank,xgboost
0.9,1.0,TCGA_to_GEO,GSE39084,single_sample_rank,xgboost
0.91,1.0,TCGA_to_GEO,GSE39084,single_sample_rank,xgboost
0.92,1.0,TCGA_to_GEO,GSE39084,single_sample_rank,xgboost
0.93,1.0,TCGA_to_GEO,GSE39084,single_sample_rank,xgboost
0.9400000000000001,1.0,TCGA_to_GEO,GSE39084,single_sample_rank,xgboost
0.9500000000000001,1.0,TCGA_to_GEO,GSE39084,single_sample_rank,xgboost
0.96,1.0,TCGA_to_GEO,GSE39084,single_sample_rank,xgboost
0.97,1.0,TCGA_to_GEO,GSE39084,single_sample_rank,xgboost
0.98,1.0,TCGA_to_GEO,GSE39084,single_sample_rank,xgboost
0.99,1.0,TCGA_to_GEO,GSE39084,single_sample_rank,xgboost
1.0,1.0,TCGA_to_GEO,GSE39084,single_sample_rank,xgboost
0.0,0.011564809004792778,TCGA_to_GEO,GSE39084,target_cohort_adaptive_zscore,elastic_net
0.01,0.013148579693271958,TCGA_to_GEO,GSE39084,target_cohort_adaptive_zscore,elastic_net
0.02,0.014748861438097997,TCGA_to_GEO,GSE39084,target_cohort_adaptive_zscore,elastic_net
0.03,0.016322114421731655,TCGA_to_GEO,GSE39084,target_cohort_adaptive_zscore,elastic_net
0.04,0.017861059694927565,TCGA_to_GEO,GSE39084,target_cohort_adaptive_zscore,elastic_net
0.05,0.019387019749069704,TCGA_to_GEO,GSE39084,target_cohort_adaptive_zscore,elastic_net
0.06,0.020886018404924774,TCGA_to_GEO,GSE39084,target_cohort_adaptive_zscore,elastic_net
0.07,0.022359707552599466,TCGA_to_GEO,GSE39084,target_cohort_adaptive_zscore,elastic_net
0.08,0.023798419207488822,TCGA_to_GEO,GSE39084,target_cohort_adaptive_zscore,elastic_net
0.09,0.02522414210955499,TCGA_to_GEO,GSE39084,target_cohort_adaptive_zscore,elastic_net
0.1,0.026649865011621164,TCGA_to_GEO,GSE39084,target_cohort_adaptive_zscore,elastic_net
0.11,0.028064840693063205,TCGA_to_GEO,GSE39084,target_cohort_adaptive_zscore,elastic_net
0.12,0.029449041429905325,TCGA_to_GEO,GSE39084,target_cohort_adaptive_zscore,elastic_net
0.13,0.030831703065421705,TCGA_to_GEO,GSE39084,target_cohort_adaptive_zscore,elastic_net
0.14,0.032201395006622925,TCGA_to_GEO,GSE39084,target_cohort_adaptive_zscore,elastic_net
0.15,0.0335461024208483,TCGA_to_GEO,GSE39084,target_cohort_adaptive_zscore,elastic_net
0.16,0.034880373031493,TCGA_to_GEO,GSE39084,target_cohort_adaptive_zscore,elastic_net
0.17,0.03618613378216599,TCGA_to_GEO,GSE39084,target_cohort_adaptive_zscore,elastic_net
0.18,0.03745023452977546,TCGA_to_GEO,GSE39084,target_cohort_adaptive_zscore,elastic_net
0.19,0.03863099920661318,TCGA_to_GEO,GSE39084,target_cohort_adaptive_zscore,elastic_net
0.2,0.03976968650479311,TCGA_to_GEO,GSE39084,target_cohort_adaptive_zscore,elastic_net
0.21,0.04090837380297305,TCGA_to_GEO,GSE39084,target_cohort_adaptive_zscore,elastic_net
0.22,0.04177889474983947,TCGA_to_GEO,GSE39084,target_cohort_adaptive_zscore,elastic_net
0.23,0.04237490106551401,TCGA_to_GEO,GSE39084,target_cohort_adaptive_zscore,elastic_net
0.24,0.04297090738118854,TCGA_to_GEO,GSE39084,target_cohort_adaptive_zscore,elastic_net
0.25,0.04356691369686308,TCGA_to_GEO,GSE39084,target_cohort_adaptive_zscore,elastic_net
0.26,0.04416292001253761,TCGA_to_GEO,GSE39084,target_cohort_adaptive_zscore,elastic_net
0.27,0.04416004658610134,TCGA_to_GEO,GSE39084,target_cohort_adaptive_zscore,elastic_net
0.28,0.04287182351876079,TCGA_to_GEO,GSE39084,target_cohort_adaptive_zscore,elastic_net
0.29,0.0411352520239726,TCGA_to_GEO,GSE39084,target_cohort_adaptive_zscore,elastic_net
0.3,0.03939868052918439,TCGA_to_GEO,GSE39084,target_cohort_adaptive_zscore,elastic_net
0.31,0.037662109034396186,TCGA_to_GEO,GSE39084,target_cohort_adaptive_zscore,elastic_net
0.32,0.040140400387575416,TCGA_to_GEO,GSE39084,target_cohort_adaptive_zscore,elastic_net
0.33,0.051504502735838606,TCGA_to_GEO,GSE39084,target_cohort_adaptive_zscore,elastic_net
0.34,0.0628686050841018,TCGA_to_GEO,GSE39084,target_cohort_adaptive_zscore,elastic_net
0.35000000000000003,0.07423270743236499,TCGA_to_GEO,GSE39084,target_cohort_adaptive_zscore,elastic_net
0.36,0.08559680978062811,TCGA_to_GEO,GSE39084,target_cohort_adaptive_zscore,elastic_net
0.37,0.09696091212889132,TCGA_to_GEO,GSE39084,target_cohort_adaptive_zscore,elastic_net
0.38,0.10832501447715451,TCGA_to_GEO,GSE39084,target_cohort_adaptive_zscore,elastic_net
0.39,0.11968911682541769,TCGA_to_GEO,GSE39084,target_cohort_adaptive_zscore,elastic_net
0.4,0.1310532191736809,TCGA_to_GEO,GSE39084,target_cohort_adaptive_zscore,elastic_net
0.41000000000000003,0.14241732152194408,TCGA_to_GEO,GSE39084,target_cohort_adaptive_zscore,elastic_net
0.42,0.1537814238702072,TCGA_to_GEO,GSE39084,target_cohort_adaptive_zscore,elastic_net
0.43,0.1651455262184704,TCGA_to_GEO,GSE39084,target_cohort_adaptive_zscore,elastic_net
0.44,0.1765096285667336,TCGA_to_GEO,GSE39084,target_cohort_adaptive_zscore,elastic_net
0.45,0.1878737309149968,TCGA_to_GEO,GSE39084,target_cohort_adaptive_zscore,elastic_net
0.46,0.19923783326325997,TCGA_to_GEO,GSE39084,target_cohort_adaptive_zscore,elastic_net
0.47000000000000003,0.21060193561152318,TCGA_to_GEO,GSE39084,target_cohort_adaptive_zscore,elastic_net
0.48,0.2219660379597863,TCGA_to_GEO,GSE39084,target_cohort_adaptive_zscore,elastic_net
0.49,0.2333301403080495,TCGA_to_GEO,GSE39084,target_cohort_adaptive_zscore,elastic_net
0.5,0.2446942426563127,TCGA_to_GEO,GSE39084,target_cohort_adaptive_zscore,elastic_net
0.51,0.2560583450045759,TCGA_to_GEO,GSE39084,target_cohort_adaptive_zscore,elastic_net
0.52,0.2674224473528391,TCGA_to_GEO,GSE39084,target_cohort_adaptive_zscore,elastic_net
0.53,0.2787865497011023,TCGA_to_GEO,GSE39084,target_cohort_adaptive_zscore,elastic_net
0.54,0.29015065204936547,TCGA_to_GEO,GSE39084,target_cohort_adaptive_zscore,elastic_net
0.55,0.30151475439762865,TCGA_to_GEO,GSE39084,target_cohort_adaptive_zscore,elastic_net
0.56,0.31287885674589183,TCGA_to_GEO,GSE39084,target_cohort_adaptive_zscore,elastic_net
0.5700000000000001,0.32424295909415507,TCGA_to_GEO,GSE39084,target_cohort_adaptive_zscore,elastic_net
0.58,0.33560706144241814,TCGA_to_GEO,GSE39084,target_cohort_adaptive_zscore,elastic_net
0.59,0.3469711637906813,TCGA_to_GEO,GSE39084,target_cohort_adaptive_zscore,elastic_net
0.6,0.3583352661389445,TCGA_to_GEO,GSE39084,target_cohort_adaptive_zscore,elastic_net
0.61,0.3696993684872077,TCGA_to_GEO,GSE39084,target_cohort_adaptive_zscore,elastic_net
0.62,0.3810634708354709,TCGA_to_GEO,GSE39084,target_cohort_adaptive_zscore,elastic_net
0.63,0.39242757318373406,TCGA_to_GEO,GSE39084,target_cohort_adaptive_zscore,elastic_net
0.64,0.4037916755319973,TCGA_to_GEO,GSE39084,target_cohort_adaptive_zscore,elastic_net
0.65,0.4151557778802605,TCGA_to_GEO,GSE39084,target_cohort_adaptive_zscore,elastic_net
0.66,0.42651988022852366,TCGA_to_GEO,GSE39084,target_cohort_adaptive_zscore,elastic_net
0.67,0.43788398257678685,TCGA_to_GEO,GSE39084,target_cohort_adaptive_zscore,elastic_net
0.68,0.44924808492505003,TCGA_to_GEO,GSE39084,target_cohort_adaptive_zscore,elastic_net
0.6900000000000001,0.46061218727331327,TCGA_to_GEO,GSE39084,target_cohort_adaptive_zscore,elastic_net
0.7000000000000001,0.47197628962157645,TCGA_to_GEO,GSE39084,target_cohort_adaptive_zscore,elastic_net
0.71,0.4833403919698395,TCGA_to_GEO,GSE39084,target_cohort_adaptive_zscore,elastic_net
0.72,0.4947044943181027,TCGA_to_GEO,GSE39084,target_cohort_adaptive_zscore,elastic_net
0.73,0.5060685966663659,TCGA_to_GEO,GSE39084,target_cohort_adaptive_zscore,elastic_net
0.74,0.5174326990146291,TCGA_to_GEO,GSE39084,target_cohort_adaptive_zscore,elastic_net
0.75,0.5287968013628923,TCGA_to_GEO,GSE39084,target_cohort_adaptive_zscore,elastic_net
0.76,0.5401609037111554,TCGA_to_GEO,GSE39084,target_cohort_adaptive_zscore,elastic_net
0.77,0.5515250060594187,TCGA_to_GEO,GSE39084,target_cohort_adaptive_zscore,elastic_net
0.78,0.5637177289542951,TCGA_to_GEO,GSE39084,target_cohort_adaptive_zscore,elastic_net
0.79,0.5765413451329042,TCGA_to_GEO,GSE39084,target_cohort_adaptive_zscore,elastic_net
0.8,0.5893649613115134,TCGA_to_GEO,GSE39084,target_cohort_adaptive_zscore,elastic_net
0.81,0.6021885774901226,TCGA_to_GEO,GSE39084,target_cohort_adaptive_zscore,elastic_net
0.8200000000000001,0.6150121936687317,TCGA_to_GEO,GSE39084,target_cohort_adaptive_zscore,elastic_net
0.8300000000000001,0.6285049158420706,TCGA_to_GEO,GSE39084,target_cohort_adaptive_zscore,elastic_net
0.84,0.6422506249194465,TCGA_to_GEO,GSE39084,target_cohort_adaptive_zscore,elastic_net
0.85,0.6559963339968227,TCGA_to_GEO,GSE39084,target_cohort_adaptive_zscore,elastic_net
0.86,0.6697420430741988,TCGA_to_GEO,GSE39084,target_cohort_adaptive_zscore,elastic_net
0.87,0.683487752151575,TCGA_to_GEO,GSE39084,target_cohort_adaptive_zscore,elastic_net
0.88,0.6972334612289511,TCGA_to_GEO,GSE39084,target_cohort_adaptive_zscore,elastic_net
0.89,0.7109791703063273,TCGA_to_GEO,GSE39084,target_cohort_adaptive_zscore,elastic_net
0.9,0.7247248793837034,TCGA_to_GEO,GSE39084,target_cohort_adaptive_zscore,elastic_net
0.91,0.7384705884610796,TCGA_to_GEO,GSE39084,target_cohort_adaptive_zscore,elastic_net
0.92,0.7522162975384558,TCGA_to_GEO,GSE39084,target_cohort_adaptive_zscore,elastic_net
0.93,0.7665771878397704,TCGA_to_GEO,GSE39084,target_cohort_adaptive_zscore,elastic_net
0.9400000000000001,0.7814496493263305,TCGA_to_GEO,GSE39084,target_cohort_adaptive_zscore,elastic_net
0.9500000000000001,0.7964812873259527,TCGA_to_GEO,GSE39084,target_cohort_adaptive_zscore,elastic_net
0.96,0.8115129253255747,TCGA_to_GEO,GSE39084,target_cohort_adaptive_zscore,elastic_net
0.97,0.8265445633251969,TCGA_to_GEO,GSE39084,target_cohort_adaptive_zscore,elastic_net
0.98,0.8417324770311817,TCGA_to_GEO,GSE39084,target_cohort_adaptive_zscore,elastic_net
0.99,0.8572584023202994,TCGA_to_GEO,GSE39084,target_cohort_adaptive_zscore,elastic_net
1.0,0.8728794480083817,TCGA_to_GEO,GSE39084,target_cohort_adaptive_zscore,elastic_net
0.0,0.023924127998078103,TCGA_to_GEO,GSE39084,target_cohort_adaptive_zscore,svm_rbf
0.01,0.02311094354324368,TCGA_to_GEO,GSE39084,target_cohort_adaptive_zscore,svm_rbf
0.02,0.022208389603727785,TCGA_to_GEO,GSE39084,target_cohort_adaptive_zscore,svm_rbf
0.03,0.021288983648611464,TCGA_to_GEO,GSE39084,target_cohort_adaptive_zscore,svm_rbf
0.04,0.02034947377338803,TCGA_to_GEO,GSE39084,target_cohort_adaptive_zscore,svm_rbf
0.05,0.01937674704641866,TCGA_to_GEO,GSE39084,target_cohort_adaptive_zscore,svm_rbf
0.06,0.01835699651371034,TCGA_to_GEO,GSE39084,target_cohort_adaptive_zscore,svm_rbf
0.07,0.01718100519951038,TCGA_to_GEO,GSE39084,target_cohort_adaptive_zscore,svm_rbf
0.08,0.01567594409636718,TCGA_to_GEO,GSE39084,target_cohort_adaptive_zscore,svm_rbf
0.09,0.014170882993223981,TCGA_to_GEO,GSE39084,target_cohort_adaptive_zscore,svm_rbf
0.1,0.012665821890080779,TCGA_to_GEO,GSE39084,target_cohort_adaptive_zscore,svm_rbf
0.11,0.010972773110830161,TCGA_to_GEO,GSE39084,target_cohort_adaptive_zscore,svm_rbf
0.12,0.009324756743908978,TCGA_to_GEO,GSE39084,target_cohort_adaptive_zscore,svm_rbf
0.13,0.007676740376987792,TCGA_to_GEO,GSE39084,target_cohort_adaptive_zscore,svm_rbf
0.14,0.0060287240100666065,TCGA_to_GEO,GSE39084,target_cohort_adaptive_zscore,svm_rbf
0.15,0.004380707643145425,TCGA_to_GEO,GSE39084,target_cohort_adaptive_zscore,svm_rbf
0.16,0.0027326912762242386,TCGA_to_GEO,GSE39084,target_cohort_adaptive_zscore,svm_rbf
0.17,0.0010846749093030537,TCGA_to_GEO,GSE39084,target_cohort_adaptive_zscore,svm_rbf
0.18,0.001070457786236374,TCGA_to_GEO,GSE39084,target_cohort_adaptive_zscore,svm_rbf
0.19,0.0014121146966954003,TCGA_to_GEO,GSE39084,target_cohort_adaptive_zscore,svm_rbf
0.2,0.0017537716071544265,TCGA_to_GEO,GSE39084,target_cohort_adaptive_zscore,svm_rbf
0.21,0.015505790726704065,TCGA_to_GEO,GSE39084,target_cohort_adaptive_zscore,svm_rbf
0.22,0.045078387434177615,TCGA_to_GEO,GSE39084,target_cohort_adaptive_zscore,svm_rbf
0.23,0.07465098414165115,TCGA_to_GEO,GSE39084,target_cohort_adaptive_zscore,svm_rbf
0.24,0.10422358084912461,TCGA_to_GEO,GSE39084,target_cohort_adaptive_zscore,svm_rbf
0.25,0.13379617755659817,TCGA_to_GEO,GSE39084,target_cohort_adaptive_zscore,svm_rbf
0.26,0.16879202572124155,TCGA_to_GEO,GSE39084,target_cohort_adaptive_zscore,svm_rbf
0.27,0.2084192825345199,TCGA_to_GEO,GSE39084,target_cohort_adaptive_zscore,svm_rbf
0.28,0.2480465393477983,TCGA_to_GEO,GSE39084,target_cohort_adaptive_zscore,svm_rbf
0.29,0.28223622209030047,TCGA_to_GEO,GSE39084,target_cohort_adaptive_zscore,svm_rbf
0.3,0.31540729707015325,TCGA_to_GEO,GSE39084,target_cohort_adaptive_zscore,svm_rbf
0.31,0.348578372050006,TCGA_to_GEO,GSE39084,target_cohort_adaptive_zscore,svm_rbf
0.32,0.3730399036791867,TCGA_to_GEO,GSE39084,target_cohort_adaptive_zscore,svm_rbf
0.33,0.3896541265638687,TCGA_to_GEO,GSE39084,target_cohort_adaptive_zscore,svm_rbf
0.34,0.40529520566147215,TCGA_to_GEO,GSE39084,target_cohort_adaptive_zscore,svm_rbf
0.35000000000000003,0.42093628475907563,TCGA_to_GEO,GSE39084,target_cohort_adaptive_zscore,svm_rbf
0.36,0.436577363856679,TCGA_to_GEO,GSE39084,target_cohort_adaptive_zscore,svm_rbf
0.37,0.4522184429542825,TCGA_to_GEO,GSE39084,target_cohort_adaptive_zscore,svm_rbf
0.38,0.4678595220518859,TCGA_to_GEO,GSE39084,target_cohort_adaptive_zscore,svm_rbf
0.39,0.48350060114948934,TCGA_to_GEO,GSE39084,target_cohort_adaptive_zscore,svm_rbf
0.4,0.4991843935465626,TCGA_to_GEO,GSE39084,target_cohort_adaptive_zscore,svm_rbf
0.41000000000000003,0.5149657941941194,TCGA_to_GEO,GSE39084,target_cohort_adaptive_zscore,svm_rbf
0.42,0.530747194841676,TCGA_to_GEO,GSE39084,target_cohort_adaptive_zscore,svm_rbf
0.43,0.5465285954892327,TCGA_to_GEO,GSE39084,target_cohort_adaptive_zscore,svm_rbf
0.44,0.5632134345832267,TCGA_to_GEO,GSE39084,target_cohort_adaptive_zscore,svm_rbf
0.45,0.5799565505104557,TCGA_to_GEO,GSE39084,target_cohort_adaptive_zscore,svm_rbf
0.46,0.5966996664376847,TCGA_to_GEO,GSE39084,target_cohort_adaptive_zscore,svm_rbf
0.47000000000000003,0.60705850936259,TCGA_to_GEO,GSE39084,target_cohort_adaptive_zscore,svm_rbf
0.48,0.6137576614031904,TCGA_to_GEO,GSE39084,target_cohort_adaptive_zscore,svm_rbf
0.49,0.6204568134437911,TCGA_to_GEO,GSE39084,target_cohort_adaptive_zscore,svm_rbf
0.5,0.6271559654843917,TCGA_to_GEO,GSE39084,target_cohort_adaptive_zscore,svm_rbf
0.51,0.6338551175249922,TCGA_to_GEO,GSE39084,target_cohort_adaptive_zscore,svm_rbf
0.52,0.6405542695655928,TCGA_to_GEO,GSE39084,target_cohort_adaptive_zscore,svm_rbf
0.53,0.6472534216061934,TCGA_to_GEO,GSE39084,target_cohort_adaptive_zscore,svm_rbf
0.54,0.6539525736467939,TCGA_to_GEO,GSE39084,target_cohort_adaptive_zscore,svm_rbf
0.55,0.6606517256873945,TCGA_to_GEO,GSE39084,target_cohort_adaptive_zscore,svm_rbf
0.56,0.6674150919478333,TCGA_to_GEO,GSE39084,target_cohort_adaptive_zscore,svm_rbf
0.5700000000000001,0.6749499985248367,TCGA_to_GEO,GSE39084,target_cohort_adaptive_zscore,svm_rbf
0.58,0.6835374386893187,TCGA_to_GEO,GSE39084,target_cohort_adaptive_zscore,svm_rbf
0.59,0.6921248788538007,TCGA_to_GEO,GSE39084,target_cohort_adaptive_zscore,svm_rbf
0.6,0.7010983259241724,TCGA_to_GEO,GSE39084,target_cohort_adaptive_zscore,svm_rbf
0.61,0.7107705826104075,TCGA_to_GEO,GSE39084,target_cohort_adaptive_zscore,svm_rbf
0.62,0.7204428392966427,TCGA_to_GEO,GSE39084,target_cohort_adaptive_zscore,svm_rbf
0.63,0.7301150959828777,TCGA_to_GEO,GSE39084,target_cohort_adaptive_zscore,svm_rbf
0.64,0.7397873526691128,TCGA_to_GEO,GSE39084,target_cohort_adaptive_zscore,svm_rbf
0.65,0.7494596093553478,TCGA_to_GEO,GSE39084,target_cohort_adaptive_zscore,svm_rbf
0.66,0.759131866041583,TCGA_to_GEO,GSE39084,target_cohort_adaptive_zscore,svm_rbf
0.67,0.7688041227278181,TCGA_to_GEO,GSE39084,target_cohort_adaptive_zscore,svm_rbf
0.68,0.7784763794140531,TCGA_to_GEO,GSE39084,target_cohort_adaptive_zscore,svm_rbf
0.6900000000000001,0.7881486361002883,TCGA_to_GEO,GSE39084,target_cohort_adaptive_zscore,svm_rbf
0.7000000000000001,0.7978208927865234,TCGA_to_GEO,GSE39084,target_cohort_adaptive_zscore,svm_rbf
0.71,0.8074931494727583,TCGA_to_GEO,GSE39084,target_cohort_adaptive_zscore,svm_rbf
0.72,0.8171654061589935,TCGA_to_GEO,GSE39084,target_cohort_adaptive_zscore,svm_rbf
0.73,0.8265578823181233,TCGA_to_GEO,GSE39084,target_cohort_adaptive_zscore,svm_rbf
0.74,0.8356878554113963,TCGA_to_GEO,GSE39084,target_cohort_adaptive_zscore,svm_rbf
0.75,0.8448178285046694,TCGA_to_GEO,GSE39084,target_cohort_adaptive_zscore,svm_rbf
0.76,0.8539478015979423,TCGA_to_GEO,GSE39084,target_cohort_adaptive_zscore,svm_rbf
0.77,0.8630777746912153,TCGA_to_GEO,GSE39084,target_cohort_adaptive_zscore,svm_rbf
0.78,0.8722077477844882,TCGA_to_GEO,GSE39084,target_cohort_adaptive_zscore,svm_rbf
0.79,0.8813377208777612,TCGA_to_GEO,GSE39084,target_cohort_adaptive_zscore,svm_rbf
0.8,0.8904676939710342,TCGA_to_GEO,GSE39084,target_cohort_adaptive_zscore,svm_rbf
0.81,0.8995976670643071,TCGA_to_GEO,GSE39084,target_cohort_adaptive_zscore,svm_rbf
0.8200000000000001,0.9087276401575801,TCGA_to_GEO,GSE39084,target_cohort_adaptive_zscore,svm_rbf
0.8300000000000001,0.9178576132508531,TCGA_to_GEO,GSE39084,target_cohort_adaptive_zscore,svm_rbf
0.84,0.9269875863441259,TCGA_to_GEO,GSE39084,target_cohort_adaptive_zscore,svm_rbf
0.85,0.9361175594373989,TCGA_to_GEO,GSE39084,target_cohort_adaptive_zscore,svm_rbf
0.86,0.945247532530672,TCGA_to_GEO,GSE39084,target_cohort_adaptive_zscore,svm_rbf
0.87,0.9543775056239449,TCGA_to_GEO,GSE39084,target_cohort_adaptive_zscore,svm_rbf
0.88,0.9635074787172179,TCGA_to_GEO,GSE39084,target_cohort_adaptive_zscore,svm_rbf
0.89,0.9725042453082164,TCGA_to_GEO,GSE39084,target_cohort_adaptive_zscore,svm_rbf
0.9,0.9811504702477524,TCGA_to_GEO,GSE39084,target_cohort_adaptive_zscore,svm_rbf
0.91,0.9891244898616283,TCGA_to_GEO,GSE39084,target_cohort_adaptive_zscore,svm_rbf
0.92,0.9931735741330765,TCGA_to_GEO,GSE39084,target_cohort_adaptive_zscore,svm_rbf
0.93,0.9972226584045247,TCGA_to_GEO,GSE39084,target_cohort_adaptive_zscore,svm_rbf
0.9400000000000001,1.0,TCGA_to_GEO,GSE39084,target_cohort_adaptive_zscore,svm_rbf
0.9500000000000001,1.0,TCGA_to_GEO,GSE39084,target_cohort_adaptive_zscore,svm_rbf
0.96,1.0,TCGA_to_GEO,GSE39084,target_cohort_adaptive_zscore,svm_rbf
0.97,1.0,TCGA_to_GEO,GSE39084,target_cohort_adaptive_zscore,svm_rbf
0.98,1.0,TCGA_to_GEO,GSE39084,target_cohort_adaptive_zscore,svm_rbf
0.99,1.0,TCGA_to_GEO,GSE39084,target_cohort_adaptive_zscore,svm_rbf
1.0,1.0,TCGA_to_GEO,GSE39084,target_cohort_adaptive_zscore,svm_rbf
0.0,0.005863365628874764,TCGA_to_GEO,GSE39084,target_cohort_adaptive_zscore,xgboost
0.01,0.005895323848335035,TCGA_to_GEO,GSE39084,target_cohort_adaptive_zscore,xgboost
0.02,0.013842316429206435,TCGA_to_GEO,GSE39084,target_cohort_adaptive_zscore,xgboost
0.03,0.02176191103169936,TCGA_to_GEO,GSE39084,target_cohort_adaptive_zscore,xgboost
0.04,0.029675351832480518,TCGA_to_GEO,GSE39084,target_cohort_adaptive_zscore,xgboost
0.05,0.037612616173006194,TCGA_to_GEO,GSE39084,target_cohort_adaptive_zscore,xgboost
0.06,0.045611561792314965,TCGA_to_GEO,GSE39084,target_cohort_adaptive_zscore,xgboost
0.07,0.05364997745406626,TCGA_to_GEO,GSE39084,target_cohort_adaptive_zscore,xgboost
0.08,0.06163988337043804,TCGA_to_GEO,GSE39084,target_cohort_adaptive_zscore,xgboost
0.09,0.06950373668390203,TCGA_to_GEO,GSE39084,target_cohort_adaptive_zscore,xgboost
0.1,0.07723560964742347,TCGA_to_GEO,GSE39084,target_cohort_adaptive_zscore,xgboost
0.11,0.08403132189312461,TCGA_to_GEO,GSE39084,target_cohort_adaptive_zscore,xgboost
0.12,0.09046483938419203,TCGA_to_GEO,GSE39084,target_cohort_adaptive_zscore,xgboost
0.13,0.09525022251988552,TCGA_to_GEO,GSE39084,target_cohort_adaptive_zscore,xgboost
0.14,0.09859766415066507,TCGA_to_GEO,GSE39084,target_cohort_adaptive_zscore,xgboost
0.15,0.09873884782700967,TCGA_to_GEO,GSE39084,target_cohort_adaptive_zscore,xgboost
0.16,0.09824009380988179,TCGA_to_GEO,GSE39084,target_cohort_adaptive_zscore,xgboost
0.17,0.09589931931189657,TCGA_to_GEO,GSE39084,target_cohort_adaptive_zscore,xgboost
0.18,0.09355854481391136,TCGA_to_GEO,GSE39084,target_cohort_adaptive_zscore,xgboost
0.19,0.10623057727746224,TCGA_to_GEO,GSE39084,target_cohort_adaptive_zscore,xgboost
0.2,0.134650402935013,TCGA_to_GEO,GSE39084,target_cohort_adaptive_zscore,xgboost
0.21,0.1630702285925637,TCGA_to_GEO,GSE39084,target_cohort_adaptive_zscore,xgboost
0.22,0.19285026917393883,TCGA_to_GEO,GSE39084,target_cohort_adaptive_zscore,xgboost
0.23,0.22264362480961816,TCGA_to_GEO,GSE39084,target_cohort_adaptive_zscore,xgboost
0.24,0.2524369804452974,TCGA_to_GEO,GSE39084,target_cohort_adaptive_zscore,xgboost
0.25,0.28223033608097675,TCGA_to_GEO,GSE39084,target_cohort_adaptive_zscore,xgboost
0.26,0.31202369171665606,TCGA_to_GEO,GSE39084,target_cohort_adaptive_zscore,xgboost
0.27,0.3418170473523354,TCGA_to_GEO,GSE39084,target_cohort_adaptive_zscore,xgboost
0.28,0.36050171392870906,TCGA_to_GEO,GSE39084,target_cohort_adaptive_zscore,xgboost
0.29,0.3665149750955952,TCGA_to_GEO,GSE39084,target_cohort_adaptive_zscore,xgboost
0.3,0.3725282362624814,TCGA_to_GEO,GSE39084,target_cohort_adaptive_zscore,xgboost
0.31,0.3785414974293676,TCGA_to_GEO,GSE39084,target_cohort_adaptive_zscore,xgboost
0.32,0.38455475859625377,TCGA_to_GEO,GSE39084,target_cohort_adaptive_zscore,xgboost
0.33,0.39056801976313993,TCGA_to_GEO,GSE39084,target_cohort_adaptive_zscore,xgboost
0.34,0.39658128093002615,TCGA_to_GEO,GSE39084,target_cohort_adaptive_zscore,xgboost
0.35000000000000003,0.4025945420969123,TCGA_to_GEO,GSE39084,target_cohort_adaptive_zscore,xgboost
0.36,0.41481514998233177,TCGA_to_GEO,GSE39084,target_cohort_adaptive_zscore,xgboost
0.37,0.42912794978880864,TCGA_to_GEO,GSE39084,target_cohort_adaptive_zscore,xgboost
0.38,0.44344074959528545,TCGA_to_GEO,GSE39084,target_cohort_adaptive_zscore,xgboost
0.39,0.4577535494017623,TCGA_to_GEO,GSE39084,target_cohort_adaptive_zscore,xgboost
0.4,0.4720663492082392,TCGA_to_GEO,GSE39084,target_cohort_adaptive_zscore,xgboost
0.41000000000000003,0.486379149014716,TCGA_to_GEO,GSE39084,target_cohort_adaptive_zscore,xgboost
0.42,0.5015606606984774,TCGA_to_GEO,GSE39084,target_cohort_adaptive_zscore,xgboost
0.43,0.5174396344138148,TCGA_to_GEO,GSE39084,target_cohort_adaptive_zscore,xgboost
0.44,0.5332149909852205,TCGA_to_GEO,GSE39084,target_cohort_adaptive_zscore,xgboost
0.45,0.5470024183251907,TCGA_to_GEO,GSE39084,target_cohort_adaptive_zscore,xgboost
0.46,0.5607898456651609,TCGA_to_GEO,GSE39084,target_cohort_adaptive_zscore,xgboost
0.47000000000000003,0.5745772730051311,TCGA_to_GEO,GSE39084,target_cohort_adaptive_zscore,xgboost
0.48,0.5883647003451012,TCGA_to_GEO,GSE39084,target_cohort_adaptive_zscore,xgboost
0.49,0.6021521276850714,TCGA_to_GEO,GSE39084,target_cohort_adaptive_zscore,xgboost
0.5,0.6159395550250415,TCGA_to_GEO,GSE39084,target_cohort_adaptive_zscore,xgboost
0.51,0.6266082253454993,TCGA_to_GEO,GSE39084,target_cohort_adaptive_zscore,xgboost
0.52,0.6366303067691513,TCGA_to_GEO,GSE39084,target_cohort_adaptive_zscore,xgboost
0.53,0.6466523881928034,TCGA_to_GEO,GSE39084,target_cohort_adaptive_zscore,xgboost
0.54,0.6566744696164554,TCGA_to_GEO,GSE39084,target_cohort_adaptive_zscore,xgboost
0.55,0.6662086784496613,TCGA_to_GEO,GSE39084,target_cohort_adaptive_zscore,xgboost
0.56,0.6757827991220792,TCGA_to_GEO,GSE39084,target_cohort_adaptive_zscore,xgboost
0.5700000000000001,0.685449180386456,TCGA_to_GEO,GSE39084,target_cohort_adaptive_zscore,xgboost
0.58,0.6951155616508327,TCGA_to_GEO,GSE39084,target_cohort_adaptive_zscore,xgboost
0.59,0.704817382637644,TCGA_to_GEO,GSE39084,target_cohort_adaptive_zscore,xgboost
0.6,0.7149566119002347,TCGA_to_GEO,GSE39084,target_cohort_adaptive_zscore,xgboost
0.61,0.7250958411628254,TCGA_to_GEO,GSE39084,target_cohort_adaptive_zscore,xgboost
0.62,0.7352350704254161,TCGA_to_GEO,GSE39084,target_cohort_adaptive_zscore,xgboost
0.63,0.7453742996880068,TCGA_to_GEO,GSE39084,target_cohort_adaptive_zscore,xgboost
0.64,0.7555135289505975,TCGA_to_GEO,GSE39084,target_cohort_adaptive_zscore,xgboost
0.65,0.7656527582131882,TCGA_to_GEO,GSE39084,target_cohort_adaptive_zscore,xgboost
0.66,0.7757919874757788,TCGA_to_GEO,GSE39084,target_cohort_adaptive_zscore,xgboost
0.67,0.7859312167383695,TCGA_to_GEO,GSE39084,target_cohort_adaptive_zscore,xgboost
0.68,0.7960704460009602,TCGA_to_GEO,GSE39084,target_cohort_adaptive_zscore,xgboost
0.6900000000000001,0.8063238621405384,TCGA_to_GEO,GSE39084,target_cohort_adaptive_zscore,xgboost
0.7000000000000001,0.8166347324496935,TCGA_to_GEO,GSE39084,target_cohort_adaptive_zscore,xgboost
0.71,0.8269456027588487,TCGA_to_GEO,GSE39084,target_cohort_adaptive_zscore,xgboost
0.72,0.8372564730680038,TCGA_to_GEO,GSE39084,target_cohort_adaptive_zscore,xgboost
0.73,0.8475673433771589,TCGA_to_GEO,GSE39084,target_cohort_adaptive_zscore,xgboost
0.74,0.8578680456856371,TCGA_to_GEO,GSE39084,target_cohort_adaptive_zscore,xgboost
0.75,0.868150503543593,TCGA_to_GEO,GSE39084,target_cohort_adaptive_zscore,xgboost
0.76,0.8784329614015489,TCGA_to_GEO,GSE39084,target_cohort_adaptive_zscore,xgboost
0.77,0.8887154192595049,TCGA_to_GEO,GSE39084,target_cohort_adaptive_zscore,xgboost
0.78,0.8989978771174608,TCGA_to_GEO,GSE39084,target_cohort_adaptive_zscore,xgboost
0.79,0.9092803349754167,TCGA_to_GEO,GSE39084,target_cohort_adaptive_zscore,xgboost
0.8,0.9195627928333727,TCGA_to_GEO,GSE39084,target_cohort_adaptive_zscore,xgboost
0.81,0.9298452506913286,TCGA_to_GEO,GSE39084,target_cohort_adaptive_zscore,xgboost
0.8200000000000001,0.9401277085492845,TCGA_to_GEO,GSE39084,target_cohort_adaptive_zscore,xgboost
0.8300000000000001,0.9503897818531133,TCGA_to_GEO,GSE39084,target_cohort_adaptive_zscore,xgboost
0.84,0.9589689016922943,TCGA_to_GEO,GSE39084,target_cohort_adaptive_zscore,xgboost
0.85,0.9666515198219928,TCGA_to_GEO,GSE39084,target_cohort_adaptive_zscore,xgboost
0.86,0.9743341379516912,TCGA_to_GEO,GSE39084,target_cohort_adaptive_zscore,xgboost
0.87,0.9820167560813897,TCGA_to_GEO,GSE39084,target_cohort_adaptive_zscore,xgboost
0.88,0.9896993742110882,TCGA_to_GEO,GSE39084,target_cohort_adaptive_zscore,xgboost
0.89,0.9973819923407866,TCGA_to_GEO,GSE39084,target_cohort_adaptive_zscore,xgboost
0.9,1.0,TCGA_to_GEO,GSE39084,target_cohort_adaptive_zscore,xgboost
0.91,1.0,TCGA_to_GEO,GSE39084,target_cohort_adaptive_zscore,xgboost
0.92,1.0,TCGA_to_GEO,GSE39084,target_cohort_adaptive_zscore,xgboost
0.93,1.0,TCGA_to_GEO,GSE39084,target_cohort_adaptive_zscore,xgboost
0.9400000000000001,1.0,TCGA_to_GEO,GSE39084,target_cohort_adaptive_zscore,xgboost
0.9500000000000001,1.0,TCGA_to_GEO,GSE39084,target_cohort_adaptive_zscore,xgboost
0.96,1.0,TCGA_to_GEO,GSE39084,target_cohort_adaptive_zscore,xgboost
0.97,1.0,TCGA_to_GEO,GSE39084,target_cohort_adaptive_zscore,xgboost
0.98,1.0,TCGA_to_GEO,GSE39084,target_cohort_adaptive_zscore,xgboost
0.99,1.0,TCGA_to_GEO,GSE39084,target_cohort_adaptive_zscore,xgboost
1.0,1.0,TCGA_to_GEO,GSE39084,target_cohort_adaptive_zscore,xgboost
