design,cohort,sample_id,representation,model,label,probability,threshold,feature_panel
discovery_nested_oof,TCGA_COAD,TCGA-A6-2671-01A,fixed_log_expression,elastic_net,0,0.04964256286621094,0.6053650975227356,outer_fold_nested_fixed_200
discovery_nested_oof,TCGA_COAD,TCGA-A6-2672-01A,fixed_log_expression,elastic_net,1,0.9999635219573975,0.6053650975227356,outer_fold_nested_fixed_200
discovery_nested_oof,TCGA_COAD,TCGA-A6-2674-01A,fixed_log_expression,elastic_net,0,0.6763244271278381,0.6053650975227356,outer_fold_nested_fixed_200
discovery_nested_oof,TCGA_COAD,TCGA-A6-2676-01A,fixed_log_expression,elastic_net,1,0.9999998807907104,0.6053650975227356,outer_fold_nested_fixed_200
discovery_nested_oof,TCGA_COAD,TCGA-A6-2677-01A,fixed_log_expression,elastic_net,0,0.0015180304180830717,0.6053650975227356,outer_fold_nested_fixed_200
discovery_nested_oof,TCGA_COAD,TCGA-A6-2678-01A,fixed_log_expression,elastic_net,0,0.06488306820392609,0.6053650975227356,outer_fold_nested_fixed_200
discovery_nested_oof,TCGA_COAD,TCGA-A6-2679-01A,fixed_log_expression,elastic_net,0,0.3343001902103424,0.6053650975227356,outer_fold_nested_fixed_200
discovery_nested_oof,TCGA_COAD,TCGA-A6-2680-01A,fixed_log_expression,elastic_net,0,0.011733674444258213,0.6053650975227356,outer_fold_nested_fixed_200
discovery_nested_oof,TCGA_COAD,TCGA-A6-2681-01A,fixed_log_expression,elastic_net,0,0.007473584730178118,0.6053650975227356,outer_fold_nested_fixed_200
discovery_nested_oof,TCGA_COAD,TCGA-A6-2682-01A,fixed_log_expression,elastic_net,0,0.013816529884934425,0.6053650975227356,outer_fold_nested_fixed_200
discovery_nested_oof,TCGA_COAD,TCGA-A6-2685-01A,fixed_log_expression,elastic_net,0,0.02501785382628441,0.6053650975227356,outer_fold_nested_fixed_200
discovery_nested_oof,TCGA_COAD,TCGA-A6-2686-01A,fixed_log_expression,elastic_net,1,0.9986469149589539,0.6053650975227356,outer_fold_nested_fixed_200
discovery_nested_oof,TCGA_COAD,TCGA-A6-3807-01A,fixed_log_expression,elastic_net,0,0.006925789639353752,0.6053650975227356,outer_fold_nested_fixed_200
discovery_nested_oof,TCGA_COAD,TCGA-A6-3809-01A,fixed_log_expression,elastic_net,1,0.9998788833618164,0.6053650975227356,outer_fold_nested_fixed_200
discovery_nested_oof,TCGA_COAD,TCGA-A6-3810-01A,fixed_log_expression,elastic_net,0,0.0871468260884285,0.6053650975227356,outer_fold_nested_fixed_200
discovery_nested_oof,TCGA_COAD,TCGA-A6-4107-01A,fixed_log_expression,elastic_net,0,0.004426249302923679,0.6053650975227356,outer_fold_nested_fixed_200
discovery_nested_oof,TCGA_COAD,TCGA-AA-3488-01A,fixed_log_expression,elastic_net,0,0.006410551257431507,0.6053650975227356,outer_fold_nested_fixed_200
discovery_nested_oof,TCGA_COAD,TCGA-AA-3492-01A,fixed_log_expression,elastic_net,1,0.9868603348731995,0.6053650975227356,outer_fold_nested_fixed_200
discovery_nested_oof,TCGA_COAD,TCGA-AA-3494-01A,fixed_log_expression,elastic_net,0,0.0071544889360666275,0.6053650975227356,outer_fold_nested_fixed_200
discovery_nested_oof,TCGA_COAD,TCGA-AA-3495-01A,fixed_log_expression,elastic_net,0,0.008154883049428463,0.6053650975227356,outer_fold_nested_fixed_200
discovery_nested_oof,TCGA_COAD,TCGA-AA-3506-01A,fixed_log_expression,elastic_net,0,0.025010541081428528,0.6053650975227356,outer_fold_nested_fixed_200
discovery_nested_oof,TCGA_COAD,TCGA-AA-3509-01A,fixed_log_expression,elastic_net,0,0.0011230845702812076,0.6053650975227356,outer_fold_nested_fixed_200
discovery_nested_oof,TCGA_COAD,TCGA-AA-3510-01A,fixed_log_expression,elastic_net,0,0.3119308352470398,0.6053650975227356,outer_fold_nested_fixed_200
discovery_nested_oof,TCGA_COAD,TCGA-AA-3514-01A,fixed_log_expression,elastic_net,0,0.016803724691271782,0.6053650975227356,outer_fold_nested_fixed_200
discovery_nested_oof,TCGA_COAD,TCGA-AA-3516-01A,fixed_log_expression,elastic_net,1,0.9999703168869019,0.6053650975227356,outer_fold_nested_fixed_200
discovery_nested_oof,TCGA_COAD,TCGA-AA-3518-01A,fixed_log_expression,elastic_net,1,0.9999547004699707,0.6053650975227356,outer_fold_nested_fixed_200
discovery_nested_oof,TCGA_COAD,TCGA-AA-3519-01A,fixed_log_expression,elastic_net,0,0.013099770061671734,0.6053650975227356,outer_fold_nested_fixed_200
discovery_nested_oof,TCGA_COAD,TCGA-AA-3521-01A,fixed_log_expression,elastic_net,0,0.008431507274508476,0.6053650975227356,outer_fold_nested_fixed_200
discovery_nested_oof,TCGA_COAD,TCGA-AA-3522-01A,fixed_log_expression,elastic_net,0,0.005324580706655979,0.6053650975227356,outer_fold_nested_fixed_200
discovery_nested_oof,TCGA_COAD,TCGA-AA-3524-01A,fixed_log_expression,elastic_net,0,0.04655132070183754,0.6053650975227356,outer_fold_nested_fixed_200
discovery_nested_oof,TCGA_COAD,TCGA-AA-3525-01A,fixed_log_expression,elastic_net,1,0.997524082660675,0.6053650975227356,outer_fold_nested_fixed_200
discovery_nested_oof,TCGA_COAD,TCGA-AA-3527-01A,fixed_log_expression,elastic_net,0,0.11167428642511368,0.6053650975227356,outer_fold_nested_fixed_200
discovery_nested_oof,TCGA_COAD,TCGA-AA-3530-01A,fixed_log_expression,elastic_net,0,0.007748820818960667,0.6053650975227356,outer_fold_nested_fixed_200
discovery_nested_oof,TCGA_COAD,TCGA-AA-3532-01A,fixed_log_expression,elastic_net,0,0.02193392813205719,0.6053650975227356,outer_fold_nested_fixed_200
discovery_nested_oof,TCGA_COAD,TCGA-AA-3534-01A,fixed_log_expression,elastic_net,0,0.015900615602731705,0.6053650975227356,outer_fold_nested_fixed_200
discovery_nested_oof,TCGA_COAD,TCGA-AA-3538-01A,fixed_log_expression,elastic_net,0,0.00195964053273201,0.6053650975227356,outer_fold_nested_fixed_200
discovery_nested_oof,TCGA_COAD,TCGA-AA-3542-01A,fixed_log_expression,elastic_net,0,0.024166341871023178,0.6053650975227356,outer_fold_nested_fixed_200
discovery_nested_oof,TCGA_COAD,TCGA-AA-3543-01A,fixed_log_expression,elastic_net,1,0.9982976317405701,0.6053650975227356,outer_fold_nested_fixed_200
discovery_nested_oof,TCGA_COAD,TCGA-AA-3544-01A,fixed_log_expression,elastic_net,0,0.018683720380067825,0.6053650975227356,outer_fold_nested_fixed_200
discovery_nested_oof,TCGA_COAD,TCGA-AA-3548-01A,fixed_log_expression,elastic_net,0,0.005013715475797653,0.6053650975227356,outer_fold_nested_fixed_200
discovery_nested_oof,TCGA_COAD,TCGA-AA-3549-01A,fixed_log_expression,elastic_net,0,0.024255327880382538,0.6053650975227356,outer_fold_nested_fixed_200
discovery_nested_oof,TCGA_COAD,TCGA-AA-3552-01A,fixed_log_expression,elastic_net,0,0.012607081793248653,0.6053650975227356,outer_fold_nested_fixed_200
discovery_nested_oof,TCGA_COAD,TCGA-AA-3554-01A,fixed_log_expression,elastic_net,1,0.9475930333137512,0.6053650975227356,outer_fold_nested_fixed_200
discovery_nested_oof,TCGA_COAD,TCGA-AA-3555-01A,fixed_log_expression,elastic_net,0,0.49215346574783325,0.6053650975227356,outer_fold_nested_fixed_200
discovery_nested_oof,TCGA_COAD,TCGA-AA-3556-01A,fixed_log_expression,elastic_net,0,0.1032787561416626,0.6053650975227356,outer_fold_nested_fixed_200
discovery_nested_oof,TCGA_COAD,TCGA-AA-3560-01A,fixed_log_expression,elastic_net,0,0.05954652652144432,0.6053650975227356,outer_fold_nested_fixed_200
discovery_nested_oof,TCGA_COAD,TCGA-AA-3561-01A,fixed_log_expression,elastic_net,0,0.041290462017059326,0.6053650975227356,outer_fold_nested_fixed_200
discovery_nested_oof,TCGA_COAD,TCGA-AA-3562-01A,fixed_log_expression,elastic_net,0,0.010332174599170685,0.6053650975227356,outer_fold_nested_fixed_200
discovery_nested_oof,TCGA_COAD,TCGA-AA-3664-01A,fixed_log_expression,elastic_net,0,0.7751590013504028,0.6053650975227356,outer_fold_nested_fixed_200
discovery_nested_oof,TCGA_COAD,TCGA-AA-3666-01A,fixed_log_expression,elastic_net,0,0.014114223420619965,0.6053650975227356,outer_fold_nested_fixed_200
discovery_nested_oof,TCGA_COAD,TCGA-AA-3672-01A,fixed_log_expression,elastic_net,1,0.9983490705490112,0.6053650975227356,outer_fold_nested_fixed_200
discovery_nested_oof,TCGA_COAD,TCGA-AA-3673-01A,fixed_log_expression,elastic_net,0,0.0014337751781567931,0.6053650975227356,outer_fold_nested_fixed_200
discovery_nested_oof,TCGA_COAD,TCGA-AA-3675-01A,fixed_log_expression,elastic_net,0,0.01992740109562874,0.6053650975227356,outer_fold_nested_fixed_200
discovery_nested_oof,TCGA_COAD,TCGA-AA-3678-01A,fixed_log_expression,elastic_net,0,0.0015365945873782039,0.6053650975227356,outer_fold_nested_fixed_200
discovery_nested_oof,TCGA_COAD,TCGA-AA-3679-01A,fixed_log_expression,elastic_net,0,0.0069204759784042835,0.6053650975227356,outer_fold_nested_fixed_200
discovery_nested_oof,TCGA_COAD,TCGA-AA-3681-01A,fixed_log_expression,elastic_net,0,0.05941827967762947,0.6053650975227356,outer_fold_nested_fixed_200
discovery_nested_oof,TCGA_COAD,TCGA-AA-3684-01A,fixed_log_expression,elastic_net,0,0.347368061542511,0.6053650975227356,outer_fold_nested_fixed_200
discovery_nested_oof,TCGA_COAD,TCGA-AA-3685-01A,fixed_log_expression,elastic_net,0,0.017168790102005005,0.6053650975227356,outer_fold_nested_fixed_200
discovery_nested_oof,TCGA_COAD,TCGA-AA-3693-01A,fixed_log_expression,elastic_net,0,0.0007517758058384061,0.6053650975227356,outer_fold_nested_fixed_200
discovery_nested_oof,TCGA_COAD,TCGA-AA-3695-01A,fixed_log_expression,elastic_net,0,0.9914782643318176,0.6053650975227356,outer_fold_nested_fixed_200
discovery_nested_oof,TCGA_COAD,TCGA-AA-3696-01A,fixed_log_expression,elastic_net,0,0.013615161180496216,0.6053650975227356,outer_fold_nested_fixed_200
discovery_nested_oof,TCGA_COAD,TCGA-AA-3710-01A,fixed_log_expression,elastic_net,1,0.9998372793197632,0.6053650975227356,outer_fold_nested_fixed_200
discovery_nested_oof,TCGA_COAD,TCGA-AA-3715-01A,fixed_log_expression,elastic_net,1,0.9998962879180908,0.6053650975227356,outer_fold_nested_fixed_200
discovery_nested_oof,TCGA_COAD,TCGA-AA-3811-01A,fixed_log_expression,elastic_net,1,0.9711843729019165,0.6053650975227356,outer_fold_nested_fixed_200
discovery_nested_oof,TCGA_COAD,TCGA-AA-3812-01A,fixed_log_expression,elastic_net,0,0.03002365678548813,0.6053650975227356,outer_fold_nested_fixed_200
discovery_nested_oof,TCGA_COAD,TCGA-AA-3814-01A,fixed_log_expression,elastic_net,0,0.021270791068673134,0.6053650975227356,outer_fold_nested_fixed_200
discovery_nested_oof,TCGA_COAD,TCGA-AA-3815-01A,fixed_log_expression,elastic_net,1,0.9995707869529724,0.6053650975227356,outer_fold_nested_fixed_200
discovery_nested_oof,TCGA_COAD,TCGA-AA-3818-01A,fixed_log_expression,elastic_net,0,0.028392961248755455,0.6053650975227356,outer_fold_nested_fixed_200
discovery_nested_oof,TCGA_COAD,TCGA-AA-3821-01A,fixed_log_expression,elastic_net,1,0.9994008541107178,0.6053650975227356,outer_fold_nested_fixed_200
discovery_nested_oof,TCGA_COAD,TCGA-AA-3831-01A,fixed_log_expression,elastic_net,0,0.014276698231697083,0.6053650975227356,outer_fold_nested_fixed_200
discovery_nested_oof,TCGA_COAD,TCGA-AA-3833-01A,fixed_log_expression,elastic_net,1,0.9847288727760315,0.6053650975227356,outer_fold_nested_fixed_200
discovery_nested_oof,TCGA_COAD,TCGA-AA-3837-01A,fixed_log_expression,elastic_net,0,0.00966194923967123,0.6053650975227356,outer_fold_nested_fixed_200
discovery_nested_oof,TCGA_COAD,TCGA-AA-3841-01A,fixed_log_expression,elastic_net,0,0.026266317814588547,0.6053650975227356,outer_fold_nested_fixed_200
discovery_nested_oof,TCGA_COAD,TCGA-AA-3842-01A,fixed_log_expression,elastic_net,0,0.06222997233271599,0.6053650975227356,outer_fold_nested_fixed_200
discovery_nested_oof,TCGA_COAD,TCGA-AA-3844-01A,fixed_log_expression,elastic_net,0,0.005064895376563072,0.6053650975227356,outer_fold_nested_fixed_200
discovery_nested_oof,TCGA_COAD,TCGA-AA-3845-01A,fixed_log_expression,elastic_net,1,0.9975225329399109,0.6053650975227356,outer_fold_nested_fixed_200
discovery_nested_oof,TCGA_COAD,TCGA-AA-3846-01A,fixed_log_expression,elastic_net,0,0.027040358632802963,0.6053650975227356,outer_fold_nested_fixed_200
discovery_nested_oof,TCGA_COAD,TCGA-AA-3848-01A,fixed_log_expression,elastic_net,0,0.045722249895334244,0.6053650975227356,outer_fold_nested_fixed_200
discovery_nested_oof,TCGA_COAD,TCGA-AA-3850-01A,fixed_log_expression,elastic_net,0,0.035086579620838165,0.6053650975227356,outer_fold_nested_fixed_200
discovery_nested_oof,TCGA_COAD,TCGA-AA-3851-01A,fixed_log_expression,elastic_net,0,0.010353869758546352,0.6053650975227356,outer_fold_nested_fixed_200
discovery_nested_oof,TCGA_COAD,TCGA-AA-3856-01A,fixed_log_expression,elastic_net,0,0.0054367887787520885,0.6053650975227356,outer_fold_nested_fixed_200
discovery_nested_oof,TCGA_COAD,TCGA-AA-3858-01A,fixed_log_expression,elastic_net,0,0.01629449613392353,0.6053650975227356,outer_fold_nested_fixed_200
discovery_nested_oof,TCGA_COAD,TCGA-AA-3860-01A,fixed_log_expression,elastic_net,0,0.024820644408464432,0.6053650975227356,outer_fold_nested_fixed_200
discovery_nested_oof,TCGA_COAD,TCGA-AA-3862-01A,fixed_log_expression,elastic_net,0,0.0633067637681961,0.6053650975227356,outer_fold_nested_fixed_200
discovery_nested_oof,TCGA_COAD,TCGA-AA-3864-01A,fixed_log_expression,elastic_net,1,0.9792309999465942,0.6053650975227356,outer_fold_nested_fixed_200
discovery_nested_oof,TCGA_COAD,TCGA-AA-3867-01A,fixed_log_expression,elastic_net,0,0.0018485701875761151,0.6053650975227356,outer_fold_nested_fixed_200
discovery_nested_oof,TCGA_COAD,TCGA-AA-3869-01A,fixed_log_expression,elastic_net,0,0.007009192835539579,0.6053650975227356,outer_fold_nested_fixed_200
discovery_nested_oof,TCGA_COAD,TCGA-AA-3870-01A,fixed_log_expression,elastic_net,0,0.25360068678855896,0.6053650975227356,outer_fold_nested_fixed_200
discovery_nested_oof,TCGA_COAD,TCGA-AA-3872-01A,fixed_log_expression,elastic_net,0,0.08175507932901382,0.6053650975227356,outer_fold_nested_fixed_200
discovery_nested_oof,TCGA_COAD,TCGA-AA-3875-01A,fixed_log_expression,elastic_net,0,0.03867410123348236,0.6053650975227356,outer_fold_nested_fixed_200
discovery_nested_oof,TCGA_COAD,TCGA-AA-3877-01A,fixed_log_expression,elastic_net,1,0.9982303977012634,0.6053650975227356,outer_fold_nested_fixed_200
discovery_nested_oof,TCGA_COAD,TCGA-AA-3939-01A,fixed_log_expression,elastic_net,0,0.024938086047768593,0.6053650975227356,outer_fold_nested_fixed_200
discovery_nested_oof,TCGA_COAD,TCGA-AA-3947-01A,fixed_log_expression,elastic_net,1,0.9976598024368286,0.6053650975227356,outer_fold_nested_fixed_200
discovery_nested_oof,TCGA_COAD,TCGA-AA-3949-01A,fixed_log_expression,elastic_net,1,0.9999897480010986,0.6053650975227356,outer_fold_nested_fixed_200
discovery_nested_oof,TCGA_COAD,TCGA-AA-3950-01A,fixed_log_expression,elastic_net,1,0.9998739957809448,0.6053650975227356,outer_fold_nested_fixed_200
discovery_nested_oof,TCGA_COAD,TCGA-AA-3952-01A,fixed_log_expression,elastic_net,0,0.009786616079509258,0.6053650975227356,outer_fold_nested_fixed_200
discovery_nested_oof,TCGA_COAD,TCGA-AA-3955-01A,fixed_log_expression,elastic_net,0,0.007197473663836718,0.6053650975227356,outer_fold_nested_fixed_200
discovery_nested_oof,TCGA_COAD,TCGA-AA-3956-01A,fixed_log_expression,elastic_net,0,0.006484145764261484,0.6053650975227356,outer_fold_nested_fixed_200
discovery_nested_oof,TCGA_COAD,TCGA-AA-3966-01A,fixed_log_expression,elastic_net,1,0.9983187913894653,0.6053650975227356,outer_fold_nested_fixed_200
discovery_nested_oof,TCGA_COAD,TCGA-AA-3968-01A,fixed_log_expression,elastic_net,0,0.027903582900762558,0.6053650975227356,outer_fold_nested_fixed_200
discovery_nested_oof,TCGA_COAD,TCGA-AA-3970-01A,fixed_log_expression,elastic_net,0,0.006551459431648254,0.6053650975227356,outer_fold_nested_fixed_200
discovery_nested_oof,TCGA_COAD,TCGA-AA-3971-01A,fixed_log_expression,elastic_net,0,0.006396119017153978,0.6053650975227356,outer_fold_nested_fixed_200
discovery_nested_oof,TCGA_COAD,TCGA-AA-3975-01A,fixed_log_expression,elastic_net,0,0.006074665579944849,0.6053650975227356,outer_fold_nested_fixed_200
discovery_nested_oof,TCGA_COAD,TCGA-AA-3976-01A,fixed_log_expression,elastic_net,0,0.0013385491911321878,0.6053650975227356,outer_fold_nested_fixed_200
discovery_nested_oof,TCGA_COAD,TCGA-AA-3977-01A,fixed_log_expression,elastic_net,0,0.8476691842079163,0.6053650975227356,outer_fold_nested_fixed_200
discovery_nested_oof,TCGA_COAD,TCGA-AA-3979-01A,fixed_log_expression,elastic_net,0,0.014277162030339241,0.6053650975227356,outer_fold_nested_fixed_200
discovery_nested_oof,TCGA_COAD,TCGA-AA-3980-01A,fixed_log_expression,elastic_net,0,0.3312554359436035,0.6053650975227356,outer_fold_nested_fixed_200
discovery_nested_oof,TCGA_COAD,TCGA-AA-3984-01A,fixed_log_expression,elastic_net,0,0.26003673672676086,0.6053650975227356,outer_fold_nested_fixed_200
discovery_nested_oof,TCGA_COAD,TCGA-AA-3986-01A,fixed_log_expression,elastic_net,0,0.08404115587472916,0.6053650975227356,outer_fold_nested_fixed_200
discovery_nested_oof,TCGA_COAD,TCGA-AA-3989-01A,fixed_log_expression,elastic_net,0,0.0060216267593204975,0.6053650975227356,outer_fold_nested_fixed_200
discovery_nested_oof,TCGA_COAD,TCGA-AA-3994-01A,fixed_log_expression,elastic_net,0,0.3175010681152344,0.6053650975227356,outer_fold_nested_fixed_200
discovery_nested_oof,TCGA_COAD,TCGA-AA-A00A-01A,fixed_log_expression,elastic_net,1,0.6053650975227356,0.6053650975227356,outer_fold_nested_fixed_200
discovery_nested_oof,TCGA_COAD,TCGA-AA-A00D-01A,fixed_log_expression,elastic_net,0,0.37290212512016296,0.6053650975227356,outer_fold_nested_fixed_200
discovery_nested_oof,TCGA_COAD,TCGA-AA-A00E-01A,fixed_log_expression,elastic_net,1,0.999925971031189,0.6053650975227356,outer_fold_nested_fixed_200
discovery_nested_oof,TCGA_COAD,TCGA-AA-A00F-01A,fixed_log_expression,elastic_net,0,0.00609829043969512,0.6053650975227356,outer_fold_nested_fixed_200
discovery_nested_oof,TCGA_COAD,TCGA-AA-A00J-01A,fixed_log_expression,elastic_net,1,0.9997429251670837,0.6053650975227356,outer_fold_nested_fixed_200
discovery_nested_oof,TCGA_COAD,TCGA-AA-A00L-01A,fixed_log_expression,elastic_net,0,0.002156805247068405,0.6053650975227356,outer_fold_nested_fixed_200
discovery_nested_oof,TCGA_COAD,TCGA-AA-A00Q-01A,fixed_log_expression,elastic_net,0,0.001139394473284483,0.6053650975227356,outer_fold_nested_fixed_200
discovery_nested_oof,TCGA_COAD,TCGA-AA-A00R-01A,fixed_log_expression,elastic_net,1,0.9999997615814209,0.6053650975227356,outer_fold_nested_fixed_200
discovery_nested_oof,TCGA_COAD,TCGA-AA-A00U-01A,fixed_log_expression,elastic_net,0,0.007841154932975769,0.6053650975227356,outer_fold_nested_fixed_200
discovery_nested_oof,TCGA_COAD,TCGA-AA-A00W-01A,fixed_log_expression,elastic_net,0,0.0009577126475051045,0.6053650975227356,outer_fold_nested_fixed_200
discovery_nested_oof,TCGA_COAD,TCGA-AA-A00Z-01A,fixed_log_expression,elastic_net,0,0.008770490996539593,0.6053650975227356,outer_fold_nested_fixed_200
discovery_nested_oof,TCGA_COAD,TCGA-AA-A017-01A,fixed_log_expression,elastic_net,0,0.0042974818497896194,0.6053650975227356,outer_fold_nested_fixed_200
discovery_nested_oof,TCGA_COAD,TCGA-AA-A01C-01A,fixed_log_expression,elastic_net,0,0.0033730086870491505,0.6053650975227356,outer_fold_nested_fixed_200
discovery_nested_oof,TCGA_COAD,TCGA-AA-A01D-01A,fixed_log_expression,elastic_net,0,0.22736559808254242,0.6053650975227356,outer_fold_nested_fixed_200
discovery_nested_oof,TCGA_COAD,TCGA-AA-A01F-01A,fixed_log_expression,elastic_net,0,0.013990339823067188,0.6053650975227356,outer_fold_nested_fixed_200
discovery_nested_oof,TCGA_COAD,TCGA-AA-A01I-01A,fixed_log_expression,elastic_net,0,0.02384633757174015,0.6053650975227356,outer_fold_nested_fixed_200
discovery_nested_oof,TCGA_COAD,TCGA-AA-A01K-01A,fixed_log_expression,elastic_net,0,0.07745463401079178,0.6053650975227356,outer_fold_nested_fixed_200
discovery_nested_oof,TCGA_COAD,TCGA-AA-A01P-01A,fixed_log_expression,elastic_net,1,0.9992068409919739,0.6053650975227356,outer_fold_nested_fixed_200
discovery_nested_oof,TCGA_COAD,TCGA-AA-A01Q-01A,fixed_log_expression,elastic_net,1,0.997194766998291,0.6053650975227356,outer_fold_nested_fixed_200
discovery_nested_oof,TCGA_COAD,TCGA-AA-A01R-01A,fixed_log_expression,elastic_net,1,0.9949398040771484,0.6053650975227356,outer_fold_nested_fixed_200
discovery_nested_oof,TCGA_COAD,TCGA-AA-A01T-01A,fixed_log_expression,elastic_net,0,0.004967180080711842,0.6053650975227356,outer_fold_nested_fixed_200
discovery_nested_oof,TCGA_COAD,TCGA-AA-A01V-01A,fixed_log_expression,elastic_net,0,0.06602498888969421,0.6053650975227356,outer_fold_nested_fixed_200
discovery_nested_oof,TCGA_COAD,TCGA-AA-A01X-01A,fixed_log_expression,elastic_net,0,0.0013275753008201718,0.6053650975227356,outer_fold_nested_fixed_200
discovery_nested_oof,TCGA_COAD,TCGA-AA-A01Z-01A,fixed_log_expression,elastic_net,0,0.004123535472899675,0.6053650975227356,outer_fold_nested_fixed_200
discovery_nested_oof,TCGA_COAD,TCGA-AA-A022-01A,fixed_log_expression,elastic_net,1,0.9999939203262329,0.6053650975227356,outer_fold_nested_fixed_200
discovery_nested_oof,TCGA_COAD,TCGA-AA-A02F-01A,fixed_log_expression,elastic_net,0,0.03698194399476051,0.6053650975227356,outer_fold_nested_fixed_200
discovery_nested_oof,TCGA_COAD,TCGA-AA-A02H-01A,fixed_log_expression,elastic_net,0,0.013910611160099506,0.6053650975227356,outer_fold_nested_fixed_200
discovery_nested_oof,TCGA_COAD,TCGA-AA-A02J-01A,fixed_log_expression,elastic_net,0,0.0011359216878190637,0.6053650975227356,outer_fold_nested_fixed_200
discovery_nested_oof,TCGA_COAD,TCGA-AA-A02K-01A,fixed_log_expression,elastic_net,0,0.07122136652469635,0.6053650975227356,outer_fold_nested_fixed_200
discovery_nested_oof,TCGA_COAD,TCGA-AA-A02O-01A,fixed_log_expression,elastic_net,0,0.09681251645088196,0.6053650975227356,outer_fold_nested_fixed_200
discovery_nested_oof,TCGA_COAD,TCGA-AA-A02R-01A,fixed_log_expression,elastic_net,1,0.9999903440475464,0.6053650975227356,outer_fold_nested_fixed_200
discovery_nested_oof,TCGA_COAD,TCGA-AA-A02Y-01A,fixed_log_expression,elastic_net,0,0.04329923540353775,0.6053650975227356,outer_fold_nested_fixed_200
discovery_nested_oof,TCGA_COAD,TCGA-AA-A03F-01A,fixed_log_expression,elastic_net,0,0.06691139191389084,0.6053650975227356,outer_fold_nested_fixed_200
discovery_nested_oof,TCGA_COAD,TCGA-AA-A03J-01A,fixed_log_expression,elastic_net,0,0.05808236449956894,0.6053650975227356,outer_fold_nested_fixed_200
discovery_nested_oof,TCGA_COAD,TCGA-AY-4070-01A,fixed_log_expression,elastic_net,0,0.1671292781829834,0.6053650975227356,outer_fold_nested_fixed_200
discovery_nested_oof,TCGA_COAD,TCGA-AY-4071-01A,fixed_log_expression,elastic_net,0,0.006353899370878935,0.6053650975227356,outer_fold_nested_fixed_200
discovery_nested_oof,TCGA_COAD,TCGA-AZ-4308-01A,fixed_log_expression,elastic_net,0,0.021204393357038498,0.6053650975227356,outer_fold_nested_fixed_200
discovery_nested_oof,TCGA_COAD,TCGA-AZ-4313-01A,fixed_log_expression,elastic_net,1,0.9300004839897156,0.6053650975227356,outer_fold_nested_fixed_200
discovery_nested_oof,TCGA_COAD,TCGA-AZ-4315-01A,fixed_log_expression,elastic_net,0,0.42784595489501953,0.6053650975227356,outer_fold_nested_fixed_200
discovery_nested_oof,TCGA_COAD,TCGA-AZ-4615-01A,fixed_log_expression,elastic_net,1,0.9998453855514526,0.6053650975227356,outer_fold_nested_fixed_200
discovery_nested_oof,TCGA_COAD,TCGA-AZ-4681-01A,fixed_log_expression,elastic_net,0,0.001312881475314498,0.6053650975227356,outer_fold_nested_fixed_200
discovery_nested_oof,TCGA_COAD,TCGA-AZ-4682-01B,fixed_log_expression,elastic_net,0,0.008285264484584332,0.6053650975227356,outer_fold_nested_fixed_200
discovery_nested_oof,TCGA_COAD,TCGA-CA-5256-01A,fixed_log_expression,elastic_net,0,0.0014005262637510896,0.6053650975227356,outer_fold_nested_fixed_200
discovery_nested_oof,TCGA_COAD,TCGA-CK-4951-01A,fixed_log_expression,elastic_net,1,0.9962129592895508,0.6053650975227356,outer_fold_nested_fixed_200
discovery_nested_oof,TCGA_COAD,TCGA-CM-4744-01A,fixed_log_expression,elastic_net,0,0.1729593276977539,0.6053650975227356,outer_fold_nested_fixed_200
discovery_nested_oof,TCGA_COAD,TCGA-CM-4746-01A,fixed_log_expression,elastic_net,1,0.1164887547492981,0.6053650975227356,outer_fold_nested_fixed_200
discovery_nested_oof,TCGA_COAD,TCGA-CM-4748-01A,fixed_log_expression,elastic_net,0,0.21153251826763153,0.6053650975227356,outer_fold_nested_fixed_200
discovery_nested_oof,TCGA_COAD,TCGA-CM-4752-01A,fixed_log_expression,elastic_net,0,0.022014331072568893,0.6053650975227356,outer_fold_nested_fixed_200
discovery_nested_oof,TCGA_COAD,TCGA-CM-5341-01A,fixed_log_expression,elastic_net,0,0.02376788854598999,0.6053650975227356,outer_fold_nested_fixed_200
TCGA_to_GEO,GSE13294,GSM335510,fixed_log_expression,elastic_net,0,0.0055828578770160675,0.6053650975227356,full_discovery_fixed_200
TCGA_to_GEO,GSE13294,GSM335511,fixed_log_expression,elastic_net,1,0.9831656217575073,0.6053650975227356,full_discovery_fixed_200
TCGA_to_GEO,GSE13294,GSM335512,fixed_log_expression,elastic_net,0,0.6698467135429382,0.6053650975227356,full_discovery_fixed_200
TCGA_to_GEO,GSE13294,GSM335513,fixed_log_expression,elastic_net,0,0.0009360233088955283,0.6053650975227356,full_discovery_fixed_200
TCGA_to_GEO,GSE13294,GSM335514,fixed_log_expression,elastic_net,0,0.0247607734054327,0.6053650975227356,full_discovery_fixed_200
TCGA_to_GEO,GSE13294,GSM335515,fixed_log_expression,elastic_net,0,0.048163630068302155,0.6053650975227356,full_discovery_fixed_200
TCGA_to_GEO,GSE13294,GSM335516,fixed_log_expression,elastic_net,0,0.000454165245173499,0.6053650975227356,full_discovery_fixed_200
TCGA_to_GEO,GSE13294,GSM335517,fixed_log_expression,elastic_net,0,0.061276860535144806,0.6053650975227356,full_discovery_fixed_200
TCGA_to_GEO,GSE13294,GSM335518,fixed_log_expression,elastic_net,1,0.9480152726173401,0.6053650975227356,full_discovery_fixed_200
TCGA_to_GEO,GSE13294,GSM335519,fixed_log_expression,elastic_net,1,0.9672433137893677,0.6053650975227356,full_discovery_fixed_200
TCGA_to_GEO,GSE13294,GSM335520,fixed_log_expression,elastic_net,0,0.8702495098114014,0.6053650975227356,full_discovery_fixed_200
TCGA_to_GEO,GSE13294,GSM335521,fixed_log_expression,elastic_net,0,0.09433934092521667,0.6053650975227356,full_discovery_fixed_200
TCGA_to_GEO,GSE13294,GSM335522,fixed_log_expression,elastic_net,0,0.3281586766242981,0.6053650975227356,full_discovery_fixed_200
TCGA_to_GEO,GSE13294,GSM335523,fixed_log_expression,elastic_net,0,0.2054525911808014,0.6053650975227356,full_discovery_fixed_200
TCGA_to_GEO,GSE13294,GSM335524,fixed_log_expression,elastic_net,0,0.24306999146938324,0.6053650975227356,full_discovery_fixed_200
TCGA_to_GEO,GSE13294,GSM335525,fixed_log_expression,elastic_net,1,0.9995065927505493,0.6053650975227356,full_discovery_fixed_200
TCGA_to_GEO,GSE13294,GSM335526,fixed_log_expression,elastic_net,0,0.013148417696356773,0.6053650975227356,full_discovery_fixed_200
TCGA_to_GEO,GSE13294,GSM335527,fixed_log_expression,elastic_net,1,0.9985594153404236,0.6053650975227356,full_discovery_fixed_200
TCGA_to_GEO,GSE13294,GSM335528,fixed_log_expression,elastic_net,0,0.02939637191593647,0.6053650975227356,full_discovery_fixed_200
TCGA_to_GEO,GSE13294,GSM335529,fixed_log_expression,elastic_net,1,0.7848104238510132,0.6053650975227356,full_discovery_fixed_200
TCGA_to_GEO,GSE13294,GSM335530,fixed_log_expression,elastic_net,1,0.9999932050704956,0.6053650975227356,full_discovery_fixed_200
TCGA_to_GEO,GSE13294,GSM335531,fixed_log_expression,elastic_net,0,0.006273667793720961,0.6053650975227356,full_discovery_fixed_200
TCGA_to_GEO,GSE13294,GSM335532,fixed_log_expression,elastic_net,1,0.9998595714569092,0.6053650975227356,full_discovery_fixed_200
TCGA_to_GEO,GSE13294,GSM335533,fixed_log_expression,elastic_net,0,0.061309777200222015,0.6053650975227356,full_discovery_fixed_200
TCGA_to_GEO,GSE13294,GSM335534,fixed_log_expression,elastic_net,0,0.07057152688503265,0.6053650975227356,full_discovery_fixed_200
TCGA_to_GEO,GSE13294,GSM335535,fixed_log_expression,elastic_net,0,0.0807524025440216,0.6053650975227356,full_discovery_fixed_200
TCGA_to_GEO,GSE13294,GSM335536,fixed_log_expression,elastic_net,0,0.09538916498422623,0.6053650975227356,full_discovery_fixed_200
TCGA_to_GEO,GSE13294,GSM335537,fixed_log_expression,elastic_net,0,0.013447611592710018,0.6053650975227356,full_discovery_fixed_200
TCGA_to_GEO,GSE13294,GSM335538,fixed_log_expression,elastic_net,0,0.0022173463366925716,0.6053650975227356,full_discovery_fixed_200
TCGA_to_GEO,GSE13294,GSM335539,fixed_log_expression,elastic_net,0,0.005461462773382664,0.6053650975227356,full_discovery_fixed_200
TCGA_to_GEO,GSE13294,GSM335540,fixed_log_expression,elastic_net,0,0.028551267459988594,0.6053650975227356,full_discovery_fixed_200
TCGA_to_GEO,GSE13294,GSM335541,fixed_log_expression,elastic_net,1,0.9945434331893921,0.6053650975227356,full_discovery_fixed_200
TCGA_to_GEO,GSE13294,GSM335542,fixed_log_expression,elastic_net,1,0.9984820485115051,0.6053650975227356,full_discovery_fixed_200
TCGA_to_GEO,GSE13294,GSM335543,fixed_log_expression,elastic_net,1,0.984981894493103,0.6053650975227356,full_discovery_fixed_200
TCGA_to_GEO,GSE13294,GSM335544,fixed_log_expression,elastic_net,1,0.9998605251312256,0.6053650975227356,full_discovery_fixed_200
TCGA_to_GEO,GSE13294,GSM335545,fixed_log_expression,elastic_net,1,0.9637834429740906,0.6053650975227356,full_discovery_fixed_200
TCGA_to_GEO,GSE13294,GSM335546,fixed_log_expression,elastic_net,1,0.9968196153640747,0.6053650975227356,full_discovery_fixed_200
TCGA_to_GEO,GSE13294,GSM335547,fixed_log_expression,elastic_net,0,0.863679051399231,0.6053650975227356,full_discovery_fixed_200
TCGA_to_GEO,GSE13294,GSM335548,fixed_log_expression,elastic_net,0,0.013823715969920158,0.6053650975227356,full_discovery_fixed_200
TCGA_to_GEO,GSE13294,GSM335549,fixed_log_expression,elastic_net,0,0.11914850771427155,0.6053650975227356,full_discovery_fixed_200
TCGA_to_GEO,GSE13294,GSM335550,fixed_log_expression,elastic_net,0,0.03733137622475624,0.6053650975227356,full_discovery_fixed_200
TCGA_to_GEO,GSE13294,GSM335551,fixed_log_expression,elastic_net,1,0.9916511178016663,0.6053650975227356,full_discovery_fixed_200
TCGA_to_GEO,GSE13294,GSM335552,fixed_log_expression,elastic_net,0,0.15915319323539734,0.6053650975227356,full_discovery_fixed_200
TCGA_to_GEO,GSE13294,GSM335553,fixed_log_expression,elastic_net,0,0.40462902188301086,0.6053650975227356,full_discovery_fixed_200
TCGA_to_GEO,GSE13294,GSM335554,fixed_log_expression,elastic_net,0,0.16047389805316925,0.6053650975227356,full_discovery_fixed_200
TCGA_to_GEO,GSE13294,GSM335555,fixed_log_expression,elastic_net,1,0.9999938011169434,0.6053650975227356,full_discovery_fixed_200
TCGA_to_GEO,GSE13294,GSM335556,fixed_log_expression,elastic_net,0,0.003918008413165808,0.6053650975227356,full_discovery_fixed_200
TCGA_to_GEO,GSE13294,GSM335557,fixed_log_expression,elastic_net,0,0.005402163602411747,0.6053650975227356,full_discovery_fixed_200
TCGA_to_GEO,GSE13294,GSM335558,fixed_log_expression,elastic_net,0,0.012656538747251034,0.6053650975227356,full_discovery_fixed_200
TCGA_to_GEO,GSE13294,GSM335559,fixed_log_expression,elastic_net,1,0.9988622665405273,0.6053650975227356,full_discovery_fixed_200
TCGA_to_GEO,GSE13294,GSM335560,fixed_log_expression,elastic_net,1,0.9999669790267944,0.6053650975227356,full_discovery_fixed_200
TCGA_to_GEO,GSE13294,GSM335561,fixed_log_expression,elastic_net,0,0.0012123406631872058,0.6053650975227356,full_discovery_fixed_200
TCGA_to_GEO,GSE13294,GSM335562,fixed_log_expression,elastic_net,1,0.9716894626617432,0.6053650975227356,full_discovery_fixed_200
TCGA_to_GEO,GSE13294,GSM335563,fixed_log_expression,elastic_net,1,0.9996182918548584,0.6053650975227356,full_discovery_fixed_200
TCGA_to_GEO,GSE13294,GSM335564,fixed_log_expression,elastic_net,0,0.2995781898498535,0.6053650975227356,full_discovery_fixed_200
TCGA_to_GEO,GSE13294,GSM335565,fixed_log_expression,elastic_net,1,0.9999992847442627,0.6053650975227356,full_discovery_fixed_200
TCGA_to_GEO,GSE13294,GSM335566,fixed_log_expression,elastic_net,1,0.9999593496322632,0.6053650975227356,full_discovery_fixed_200
TCGA_to_GEO,GSE13294,GSM335567,fixed_log_expression,elastic_net,0,0.024896182119846344,0.6053650975227356,full_discovery_fixed_200
TCGA_to_GEO,GSE13294,GSM335568,fixed_log_expression,elastic_net,0,0.00172127946279943,0.6053650975227356,full_discovery_fixed_200
TCGA_to_GEO,GSE13294,GSM335569,fixed_log_expression,elastic_net,0,0.006173106376081705,0.6053650975227356,full_discovery_fixed_200
TCGA_to_GEO,GSE13294,GSM335570,fixed_log_expression,elastic_net,0,0.7933610677719116,0.6053650975227356,full_discovery_fixed_200
TCGA_to_GEO,GSE13294,GSM335571,fixed_log_expression,elastic_net,0,0.0013077135663479567,0.6053650975227356,full_discovery_fixed_200
TCGA_to_GEO,GSE13294,GSM335572,fixed_log_expression,elastic_net,0,0.039562925696372986,0.6053650975227356,full_discovery_fixed_200
TCGA_to_GEO,GSE13294,GSM335573,fixed_log_expression,elastic_net,1,0.0005608465289697051,0.6053650975227356,full_discovery_fixed_200
TCGA_to_GEO,GSE13294,GSM335574,fixed_log_expression,elastic_net,1,0.9999433755874634,0.6053650975227356,full_discovery_fixed_200
TCGA_to_GEO,GSE13294,GSM335575,fixed_log_expression,elastic_net,0,0.2287357747554779,0.6053650975227356,full_discovery_fixed_200
TCGA_to_GEO,GSE13294,GSM335576,fixed_log_expression,elastic_net,1,0.9991170763969421,0.6053650975227356,full_discovery_fixed_200
TCGA_to_GEO,GSE13294,GSM335577,fixed_log_expression,elastic_net,1,0.9999624490737915,0.6053650975227356,full_discovery_fixed_200
TCGA_to_GEO,GSE13294,GSM335578,fixed_log_expression,elastic_net,1,0.991710901260376,0.6053650975227356,full_discovery_fixed_200
TCGA_to_GEO,GSE13294,GSM335579,fixed_log_expression,elastic_net,0,0.6628724932670593,0.6053650975227356,full_discovery_fixed_200
TCGA_to_GEO,GSE13294,GSM335580,fixed_log_expression,elastic_net,0,0.0672718957066536,0.6053650975227356,full_discovery_fixed_200
TCGA_to_GEO,GSE13294,GSM335581,fixed_log_expression,elastic_net,0,0.26847437024116516,0.6053650975227356,full_discovery_fixed_200
TCGA_to_GEO,GSE13294,GSM335582,fixed_log_expression,elastic_net,0,0.010427781380712986,0.6053650975227356,full_discovery_fixed_200
TCGA_to_GEO,GSE13294,GSM335583,fixed_log_expression,elastic_net,0,0.0032222545705735683,0.6053650975227356,full_discovery_fixed_200
TCGA_to_GEO,GSE13294,GSM335584,fixed_log_expression,elastic_net,0,0.05186982452869415,0.6053650975227356,full_discovery_fixed_200
TCGA_to_GEO,GSE13294,GSM335585,fixed_log_expression,elastic_net,1,0.9999969005584717,0.6053650975227356,full_discovery_fixed_200
TCGA_to_GEO,GSE13294,GSM335586,fixed_log_expression,elastic_net,0,0.12346378713846207,0.6053650975227356,full_discovery_fixed_200
TCGA_to_GEO,GSE13294,GSM335587,fixed_log_expression,elastic_net,0,0.1945667564868927,0.6053650975227356,full_discovery_fixed_200
TCGA_to_GEO,GSE13294,GSM335588,fixed_log_expression,elastic_net,0,0.0024500135332345963,0.6053650975227356,full_discovery_fixed_200
TCGA_to_GEO,GSE13294,GSM335589,fixed_log_expression,elastic_net,0,0.032352421432733536,0.6053650975227356,full_discovery_fixed_200
TCGA_to_GEO,GSE13294,GSM335590,fixed_log_expression,elastic_net,0,0.16878534853458405,0.6053650975227356,full_discovery_fixed_200
TCGA_to_GEO,GSE13294,GSM335591,fixed_log_expression,elastic_net,0,0.01313246414065361,0.6053650975227356,full_discovery_fixed_200
TCGA_to_GEO,GSE13294,GSM335592,fixed_log_expression,elastic_net,0,0.001828917651437223,0.6053650975227356,full_discovery_fixed_200
TCGA_to_GEO,GSE13294,GSM335593,fixed_log_expression,elastic_net,0,0.006360809784382582,0.6053650975227356,full_discovery_fixed_200
TCGA_to_GEO,GSE13294,GSM335594,fixed_log_expression,elastic_net,0,0.07036898285150528,0.6053650975227356,full_discovery_fixed_200
TCGA_to_GEO,GSE13294,GSM335595,fixed_log_expression,elastic_net,1,0.9998997449874878,0.6053650975227356,full_discovery_fixed_200
TCGA_to_GEO,GSE13294,GSM335596,fixed_log_expression,elastic_net,0,0.01980818435549736,0.6053650975227356,full_discovery_fixed_200
TCGA_to_GEO,GSE13294,GSM335597,fixed_log_expression,elastic_net,1,0.9999996423721313,0.6053650975227356,full_discovery_fixed_200
TCGA_to_GEO,GSE13294,GSM335598,fixed_log_expression,elastic_net,0,0.00011099164112238213,0.6053650975227356,full_discovery_fixed_200
TCGA_to_GEO,GSE13294,GSM335599,fixed_log_expression,elastic_net,0,0.2617781460285187,0.6053650975227356,full_discovery_fixed_200
TCGA_to_GEO,GSE13294,GSM335600,fixed_log_expression,elastic_net,0,0.052302803844213486,0.6053650975227356,full_discovery_fixed_200
TCGA_to_GEO,GSE13294,GSM335601,fixed_log_expression,elastic_net,0,0.05577148124575615,0.6053650975227356,full_discovery_fixed_200
TCGA_to_GEO,GSE13294,GSM335602,fixed_log_expression,elastic_net,0,0.021654151380062103,0.6053650975227356,full_discovery_fixed_200
TCGA_to_GEO,GSE13294,GSM335603,fixed_log_expression,elastic_net,0,0.005168750882148743,0.6053650975227356,full_discovery_fixed_200
TCGA_to_GEO,GSE13294,GSM335604,fixed_log_expression,elastic_net,0,0.058188606053590775,0.6053650975227356,full_discovery_fixed_200
TCGA_to_GEO,GSE13294,GSM335605,fixed_log_expression,elastic_net,0,0.006620659492909908,0.6053650975227356,full_discovery_fixed_200
TCGA_to_GEO,GSE13294,GSM335606,fixed_log_expression,elastic_net,0,0.0001677082182141021,0.6053650975227356,full_discovery_fixed_200
TCGA_to_GEO,GSE13294,GSM335607,fixed_log_expression,elastic_net,0,0.486968457698822,0.6053650975227356,full_discovery_fixed_200
TCGA_to_GEO,GSE13294,GSM335608,fixed_log_expression,elastic_net,0,0.9727507829666138,0.6053650975227356,full_discovery_fixed_200
TCGA_to_GEO,GSE13294,GSM335609,fixed_log_expression,elastic_net,0,0.012456110678613186,0.6053650975227356,full_discovery_fixed_200
TCGA_to_GEO,GSE13294,GSM335610,fixed_log_expression,elastic_net,0,1.3360774573811796e-05,0.6053650975227356,full_discovery_fixed_200
TCGA_to_GEO,GSE13294,GSM335611,fixed_log_expression,elastic_net,0,0.034917570650577545,0.6053650975227356,full_discovery_fixed_200
TCGA_to_GEO,GSE13294,GSM335612,fixed_log_expression,elastic_net,0,0.0002187735226470977,0.6053650975227356,full_discovery_fixed_200
TCGA_to_GEO,GSE13294,GSM335613,fixed_log_expression,elastic_net,0,0.009080835618078709,0.6053650975227356,full_discovery_fixed_200
TCGA_to_GEO,GSE13294,GSM335614,fixed_log_expression,elastic_net,1,0.9999961853027344,0.6053650975227356,full_discovery_fixed_200
TCGA_to_GEO,GSE13294,GSM335615,fixed_log_expression,elastic_net,0,0.0034939872566610575,0.6053650975227356,full_discovery_fixed_200
TCGA_to_GEO,GSE13294,GSM335616,fixed_log_expression,elastic_net,0,0.008783536963164806,0.6053650975227356,full_discovery_fixed_200
TCGA_to_GEO,GSE13294,GSM335617,fixed_log_expression,elastic_net,0,0.003983575385063887,0.6053650975227356,full_discovery_fixed_200
TCGA_to_GEO,GSE13294,GSM335618,fixed_log_expression,elastic_net,1,0.8325750231742859,0.6053650975227356,full_discovery_fixed_200
TCGA_to_GEO,GSE13294,GSM335619,fixed_log_expression,elastic_net,1,0.9975582361221313,0.6053650975227356,full_discovery_fixed_200
TCGA_to_GEO,GSE13294,GSM335620,fixed_log_expression,elastic_net,1,0.9701768755912781,0.6053650975227356,full_discovery_fixed_200
TCGA_to_GEO,GSE13294,GSM335621,fixed_log_expression,elastic_net,1,0.9999972581863403,0.6053650975227356,full_discovery_fixed_200
TCGA_to_GEO,GSE13294,GSM335622,fixed_log_expression,elastic_net,1,0.9990606904029846,0.6053650975227356,full_discovery_fixed_200
TCGA_to_GEO,GSE13294,GSM335623,fixed_log_expression,elastic_net,1,0.9999988079071045,0.6053650975227356,full_discovery_fixed_200
TCGA_to_GEO,GSE13294,GSM335624,fixed_log_expression,elastic_net,1,0.9948924779891968,0.6053650975227356,full_discovery_fixed_200
TCGA_to_GEO,GSE13294,GSM335625,fixed_log_expression,elastic_net,1,0.9633922576904297,0.6053650975227356,full_discovery_fixed_200
TCGA_to_GEO,GSE13294,GSM335626,fixed_log_expression,elastic_net,1,0.974997878074646,0.6053650975227356,full_discovery_fixed_200
TCGA_to_GEO,GSE13294,GSM335627,fixed_log_expression,elastic_net,1,0.9989585876464844,0.6053650975227356,full_discovery_fixed_200
TCGA_to_GEO,GSE13294,GSM335628,fixed_log_expression,elastic_net,1,0.9983629584312439,0.6053650975227356,full_discovery_fixed_200
TCGA_to_GEO,GSE13294,GSM335629,fixed_log_expression,elastic_net,1,0.9999996423721313,0.6053650975227356,full_discovery_fixed_200
TCGA_to_GEO,GSE13294,GSM335630,fixed_log_expression,elastic_net,1,0.9990237951278687,0.6053650975227356,full_discovery_fixed_200
TCGA_to_GEO,GSE13294,GSM335631,fixed_log_expression,elastic_net,1,0.05512883886694908,0.6053650975227356,full_discovery_fixed_200
TCGA_to_GEO,GSE13294,GSM335632,fixed_log_expression,elastic_net,1,0.9860087037086487,0.6053650975227356,full_discovery_fixed_200
TCGA_to_GEO,GSE13294,GSM335633,fixed_log_expression,elastic_net,1,0.8231028318405151,0.6053650975227356,full_discovery_fixed_200
TCGA_to_GEO,GSE13294,GSM335634,fixed_log_expression,elastic_net,1,0.9999977350234985,0.6053650975227356,full_discovery_fixed_200
TCGA_to_GEO,GSE13294,GSM335635,fixed_log_expression,elastic_net,1,0.9999916553497314,0.6053650975227356,full_discovery_fixed_200
TCGA_to_GEO,GSE13294,GSM335636,fixed_log_expression,elastic_net,1,1.893056287372019e-05,0.6053650975227356,full_discovery_fixed_200
TCGA_to_GEO,GSE13294,GSM335637,fixed_log_expression,elastic_net,1,0.9872786998748779,0.6053650975227356,full_discovery_fixed_200
TCGA_to_GEO,GSE13294,GSM335638,fixed_log_expression,elastic_net,1,0.9997125267982483,0.6053650975227356,full_discovery_fixed_200
TCGA_to_GEO,GSE13294,GSM335639,fixed_log_expression,elastic_net,1,0.9981409311294556,0.6053650975227356,full_discovery_fixed_200
TCGA_to_GEO,GSE13294,GSM335640,fixed_log_expression,elastic_net,1,0.9997518658638,0.6053650975227356,full_discovery_fixed_200
TCGA_to_GEO,GSE13294,GSM335641,fixed_log_expression,elastic_net,1,0.9999986886978149,0.6053650975227356,full_discovery_fixed_200
TCGA_to_GEO,GSE13294,GSM335642,fixed_log_expression,elastic_net,1,0.9995891451835632,0.6053650975227356,full_discovery_fixed_200
TCGA_to_GEO,GSE13294,GSM335643,fixed_log_expression,elastic_net,1,0.9999997615814209,0.6053650975227356,full_discovery_fixed_200
TCGA_to_GEO,GSE13294,GSM335644,fixed_log_expression,elastic_net,1,0.9997343420982361,0.6053650975227356,full_discovery_fixed_200
TCGA_to_GEO,GSE13294,GSM335645,fixed_log_expression,elastic_net,1,0.9999924898147583,0.6053650975227356,full_discovery_fixed_200
TCGA_to_GEO,GSE13294,GSM335646,fixed_log_expression,elastic_net,1,0.9997726082801819,0.6053650975227356,full_discovery_fixed_200
TCGA_to_GEO,GSE13294,GSM335647,fixed_log_expression,elastic_net,1,0.8621029853820801,0.6053650975227356,full_discovery_fixed_200
TCGA_to_GEO,GSE13294,GSM335648,fixed_log_expression,elastic_net,1,0.37553954124450684,0.6053650975227356,full_discovery_fixed_200
TCGA_to_GEO,GSE13294,GSM335649,fixed_log_expression,elastic_net,1,0.9998570680618286,0.6053650975227356,full_discovery_fixed_200
TCGA_to_GEO,GSE13294,GSM335650,fixed_log_expression,elastic_net,1,0.9983420372009277,0.6053650975227356,full_discovery_fixed_200
TCGA_to_GEO,GSE13294,GSM335651,fixed_log_expression,elastic_net,1,0.0033337429631501436,0.6053650975227356,full_discovery_fixed_200
TCGA_to_GEO,GSE13294,GSM335652,fixed_log_expression,elastic_net,1,0.9999992847442627,0.6053650975227356,full_discovery_fixed_200
TCGA_to_GEO,GSE13294,GSM335653,fixed_log_expression,elastic_net,1,0.9996322393417358,0.6053650975227356,full_discovery_fixed_200
TCGA_to_GEO,GSE13294,GSM335654,fixed_log_expression,elastic_net,1,0.9999299049377441,0.6053650975227356,full_discovery_fixed_200
TCGA_to_GEO,GSE13294,GSM335655,fixed_log_expression,elastic_net,1,0.9999186992645264,0.6053650975227356,full_discovery_fixed_200
TCGA_to_GEO,GSE13294,GSM335656,fixed_log_expression,elastic_net,1,0.9991773962974548,0.6053650975227356,full_discovery_fixed_200
TCGA_to_GEO,GSE13294,GSM335657,fixed_log_expression,elastic_net,1,0.9998007416725159,0.6053650975227356,full_discovery_fixed_200
TCGA_to_GEO,GSE13294,GSM335658,fixed_log_expression,elastic_net,1,0.9999910593032837,0.6053650975227356,full_discovery_fixed_200
TCGA_to_GEO,GSE13294,GSM335659,fixed_log_expression,elastic_net,1,0.9999781847000122,0.6053650975227356,full_discovery_fixed_200
TCGA_to_GEO,GSE13294,GSM335660,fixed_log_expression,elastic_net,1,0.9999444484710693,0.6053650975227356,full_discovery_fixed_200
TCGA_to_GEO,GSE13294,GSM335661,fixed_log_expression,elastic_net,1,0.9998711347579956,0.6053650975227356,full_discovery_fixed_200
TCGA_to_GEO,GSE13294,GSM335662,fixed_log_expression,elastic_net,1,0.9999363422393799,0.6053650975227356,full_discovery_fixed_200
TCGA_to_GEO,GSE13294,GSM335663,fixed_log_expression,elastic_net,1,0.9922325611114502,0.6053650975227356,full_discovery_fixed_200
TCGA_to_GEO,GSE13294,GSM335664,fixed_log_expression,elastic_net,1,0.9998737573623657,0.6053650975227356,full_discovery_fixed_200
TCGA_to_GEO,GSE13067,GSM327282,fixed_log_expression,elastic_net,1,0.999832272529602,0.6053650975227356,full_discovery_fixed_200
TCGA_to_GEO,GSE13067,GSM327283,fixed_log_expression,elastic_net,0,0.7213826179504395,0.6053650975227356,full_discovery_fixed_200
TCGA_to_GEO,GSE13067,GSM327284,fixed_log_expression,elastic_net,0,0.05740164965391159,0.6053650975227356,full_discovery_fixed_200
TCGA_to_GEO,GSE13067,GSM327285,fixed_log_expression,elastic_net,0,0.06140018254518509,0.6053650975227356,full_discovery_fixed_200
TCGA_to_GEO,GSE13067,GSM327286,fixed_log_expression,elastic_net,0,0.9191060066223145,0.6053650975227356,full_discovery_fixed_200
TCGA_to_GEO,GSE13067,GSM327287,fixed_log_expression,elastic_net,0,0.05979092791676521,0.6053650975227356,full_discovery_fixed_200
TCGA_to_GEO,GSE13067,GSM327288,fixed_log_expression,elastic_net,1,0.9987589120864868,0.6053650975227356,full_discovery_fixed_200
TCGA_to_GEO,GSE13067,GSM327289,fixed_log_expression,elastic_net,0,0.5851237773895264,0.6053650975227356,full_discovery_fixed_200
TCGA_to_GEO,GSE13067,GSM327290,fixed_log_expression,elastic_net,0,0.15309473872184753,0.6053650975227356,full_discovery_fixed_200
TCGA_to_GEO,GSE13067,GSM327291,fixed_log_expression,elastic_net,0,0.5792202949523926,0.6053650975227356,full_discovery_fixed_200
TCGA_to_GEO,GSE13067,GSM327292,fixed_log_expression,elastic_net,0,0.15222696959972382,0.6053650975227356,full_discovery_fixed_200
TCGA_to_GEO,GSE13067,GSM327293,fixed_log_expression,elastic_net,0,0.860661506652832,0.6053650975227356,full_discovery_fixed_200
TCGA_to_GEO,GSE13067,GSM327294,fixed_log_expression,elastic_net,0,0.021913550794124603,0.6053650975227356,full_discovery_fixed_200
TCGA_to_GEO,GSE13067,GSM327295,fixed_log_expression,elastic_net,0,0.0070154680870473385,0.6053650975227356,full_discovery_fixed_200
TCGA_to_GEO,GSE13067,GSM327296,fixed_log_expression,elastic_net,0,0.6978074312210083,0.6053650975227356,full_discovery_fixed_200
TCGA_to_GEO,GSE13067,GSM327297,fixed_log_expression,elastic_net,0,0.4965057671070099,0.6053650975227356,full_discovery_fixed_200
TCGA_to_GEO,GSE13067,GSM327298,fixed_log_expression,elastic_net,0,0.3101192116737366,0.6053650975227356,full_discovery_fixed_200
TCGA_to_GEO,GSE13067,GSM327299,fixed_log_expression,elastic_net,0,0.965981125831604,0.6053650975227356,full_discovery_fixed_200
TCGA_to_GEO,GSE13067,GSM327300,fixed_log_expression,elastic_net,0,0.9067538976669312,0.6053650975227356,full_discovery_fixed_200
TCGA_to_GEO,GSE13067,GSM327301,fixed_log_expression,elastic_net,0,0.37154442071914673,0.6053650975227356,full_discovery_fixed_200
TCGA_to_GEO,GSE13067,GSM327302,fixed_log_expression,elastic_net,0,0.9944887161254883,0.6053650975227356,full_discovery_fixed_200
TCGA_to_GEO,GSE13067,GSM327303,fixed_log_expression,elastic_net,0,0.4143390953540802,0.6053650975227356,full_discovery_fixed_200
TCGA_to_GEO,GSE13067,GSM327304,fixed_log_expression,elastic_net,0,0.9054585695266724,0.6053650975227356,full_discovery_fixed_200
TCGA_to_GEO,GSE13067,GSM327305,fixed_log_expression,elastic_net,0,0.48991116881370544,0.6053650975227356,full_discovery_fixed_200
TCGA_to_GEO,GSE13067,GSM327306,fixed_log_expression,elastic_net,0,0.11483746021986008,0.6053650975227356,full_discovery_fixed_200
TCGA_to_GEO,GSE13067,GSM327307,fixed_log_expression,elastic_net,0,0.7572767734527588,0.6053650975227356,full_discovery_fixed_200
TCGA_to_GEO,GSE13067,GSM327308,fixed_log_expression,elastic_net,0,0.019333407282829285,0.6053650975227356,full_discovery_fixed_200
TCGA_to_GEO,GSE13067,GSM327309,fixed_log_expression,elastic_net,1,0.9999501705169678,0.6053650975227356,full_discovery_fixed_200
TCGA_to_GEO,GSE13067,GSM327310,fixed_log_expression,elastic_net,1,0.9999977350234985,0.6053650975227356,full_discovery_fixed_200
TCGA_to_GEO,GSE13067,GSM327311,fixed_log_expression,elastic_net,1,0.9999998807907104,0.6053650975227356,full_discovery_fixed_200
TCGA_to_GEO,GSE13067,GSM327312,fixed_log_expression,elastic_net,0,0.7041510939598083,0.6053650975227356,full_discovery_fixed_200
TCGA_to_GEO,GSE13067,GSM327313,fixed_log_expression,elastic_net,1,0.9999208450317383,0.6053650975227356,full_discovery_fixed_200
TCGA_to_GEO,GSE13067,GSM327314,fixed_log_expression,elastic_net,0,0.27191483974456787,0.6053650975227356,full_discovery_fixed_200
TCGA_to_GEO,GSE13067,GSM327315,fixed_log_expression,elastic_net,0,0.11135987937450409,0.6053650975227356,full_discovery_fixed_200
TCGA_to_GEO,GSE13067,GSM327316,fixed_log_expression,elastic_net,0,0.800935685634613,0.6053650975227356,full_discovery_fixed_200
TCGA_to_GEO,GSE13067,GSM327317,fixed_log_expression,elastic_net,0,0.08633217960596085,0.6053650975227356,full_discovery_fixed_200
TCGA_to_GEO,GSE13067,GSM327318,fixed_log_expression,elastic_net,0,0.6784186363220215,0.6053650975227356,full_discovery_fixed_200
TCGA_to_GEO,GSE13067,GSM327319,fixed_log_expression,elastic_net,0,0.029353097081184387,0.6053650975227356,full_discovery_fixed_200
TCGA_to_GEO,GSE13067,GSM327320,fixed_log_expression,elastic_net,0,0.08139582723379135,0.6053650975227356,full_discovery_fixed_200
TCGA_to_GEO,GSE13067,GSM327321,fixed_log_expression,elastic_net,0,0.0007543754763901234,0.6053650975227356,full_discovery_fixed_200
TCGA_to_GEO,GSE13067,GSM327322,fixed_log_expression,elastic_net,0,0.6526376008987427,0.6053650975227356,full_discovery_fixed_200
TCGA_to_GEO,GSE13067,GSM327323,fixed_log_expression,elastic_net,0,0.09424477815628052,0.6053650975227356,full_discovery_fixed_200
TCGA_to_GEO,GSE13067,GSM327324,fixed_log_expression,elastic_net,1,0.9998718500137329,0.6053650975227356,full_discovery_fixed_200
TCGA_to_GEO,GSE13067,GSM327325,fixed_log_expression,elastic_net,1,0.9999970197677612,0.6053650975227356,full_discovery_fixed_200
TCGA_to_GEO,GSE13067,GSM327326,fixed_log_expression,elastic_net,0,0.03952119126915932,0.6053650975227356,full_discovery_fixed_200
TCGA_to_GEO,GSE13067,GSM327327,fixed_log_expression,elastic_net,0,0.6632301807403564,0.6053650975227356,full_discovery_fixed_200
TCGA_to_GEO,GSE13067,GSM327328,fixed_log_expression,elastic_net,0,0.5625805854797363,0.6053650975227356,full_discovery_fixed_200
TCGA_to_GEO,GSE13067,GSM327329,fixed_log_expression,elastic_net,0,0.5411064028739929,0.6053650975227356,full_discovery_fixed_200
TCGA_to_GEO,GSE13067,GSM327330,fixed_log_expression,elastic_net,0,0.13258329033851624,0.6053650975227356,full_discovery_fixed_200
TCGA_to_GEO,GSE13067,GSM327331,fixed_log_expression,elastic_net,1,0.9891021251678467,0.6053650975227356,full_discovery_fixed_200
TCGA_to_GEO,GSE13067,GSM327332,fixed_log_expression,elastic_net,0,0.2780912220478058,0.6053650975227356,full_discovery_fixed_200
TCGA_to_GEO,GSE13067,GSM327333,fixed_log_expression,elastic_net,0,0.5820983052253723,0.6053650975227356,full_discovery_fixed_200
TCGA_to_GEO,GSE13067,GSM327334,fixed_log_expression,elastic_net,0,0.5015483498573303,0.6053650975227356,full_discovery_fixed_200
TCGA_to_GEO,GSE13067,GSM327335,fixed_log_expression,elastic_net,0,0.7423740029335022,0.6053650975227356,full_discovery_fixed_200
TCGA_to_GEO,GSE13067,GSM327336,fixed_log_expression,elastic_net,0,0.03893383592367172,0.6053650975227356,full_discovery_fixed_200
TCGA_to_GEO,GSE13067,GSM327337,fixed_log_expression,elastic_net,0,0.032826825976371765,0.6053650975227356,full_discovery_fixed_200
TCGA_to_GEO,GSE13067,GSM327338,fixed_log_expression,elastic_net,0,0.0034122809302061796,0.6053650975227356,full_discovery_fixed_200
TCGA_to_GEO,GSE13067,GSM327339,fixed_log_expression,elastic_net,0,0.6354930400848389,0.6053650975227356,full_discovery_fixed_200
TCGA_to_GEO,GSE13067,GSM327340,fixed_log_expression,elastic_net,0,0.18464450538158417,0.6053650975227356,full_discovery_fixed_200
TCGA_to_GEO,GSE13067,GSM327341,fixed_log_expression,elastic_net,0,0.008214334025979042,0.6053650975227356,full_discovery_fixed_200
TCGA_to_GEO,GSE13067,GSM327342,fixed_log_expression,elastic_net,0,0.024630025029182434,0.6053650975227356,full_discovery_fixed_200
TCGA_to_GEO,GSE13067,GSM327343,fixed_log_expression,elastic_net,0,0.876991331577301,0.6053650975227356,full_discovery_fixed_200
TCGA_to_GEO,GSE13067,GSM327344,fixed_log_expression,elastic_net,0,0.018076414242386818,0.6053650975227356,full_discovery_fixed_200
TCGA_to_GEO,GSE13067,GSM327345,fixed_log_expression,elastic_net,0,0.9549271464347839,0.6053650975227356,full_discovery_fixed_200
TCGA_to_GEO,GSE13067,GSM327346,fixed_log_expression,elastic_net,0,0.6642150282859802,0.6053650975227356,full_discovery_fixed_200
TCGA_to_GEO,GSE13067,GSM327347,fixed_log_expression,elastic_net,0,0.4049800634384155,0.6053650975227356,full_discovery_fixed_200
TCGA_to_GEO,GSE13067,GSM327348,fixed_log_expression,elastic_net,0,0.4249895215034485,0.6053650975227356,full_discovery_fixed_200
TCGA_to_GEO,GSE13067,GSM327349,fixed_log_expression,elastic_net,0,0.06812909245491028,0.6053650975227356,full_discovery_fixed_200
TCGA_to_GEO,GSE13067,GSM327350,fixed_log_expression,elastic_net,0,0.04877575486898422,0.6053650975227356,full_discovery_fixed_200
TCGA_to_GEO,GSE13067,GSM327351,fixed_log_expression,elastic_net,0,0.4390473961830139,0.6053650975227356,full_discovery_fixed_200
TCGA_to_GEO,GSE13067,GSM327352,fixed_log_expression,elastic_net,1,0.9999988079071045,0.6053650975227356,full_discovery_fixed_200
TCGA_to_GEO,GSE13067,GSM327353,fixed_log_expression,elastic_net,1,0.9997836947441101,0.6053650975227356,full_discovery_fixed_200
TCGA_to_GEO,GSE13067,GSM327354,fixed_log_expression,elastic_net,0,0.7034480571746826,0.6053650975227356,full_discovery_fixed_200
TCGA_to_GEO,GSE13067,GSM327355,fixed_log_expression,elastic_net,0,0.3036873936653137,0.6053650975227356,full_discovery_fixed_200
TCGA_to_GEO,GSE18088,GSM452148,fixed_log_expression,elastic_net,1,0.9989795088768005,0.6053650975227356,full_discovery_fixed_200
TCGA_to_GEO,GSE18088,GSM452149,fixed_log_expression,elastic_net,0,0.964557945728302,0.6053650975227356,full_discovery_fixed_200
TCGA_to_GEO,GSE18088,GSM452150,fixed_log_expression,elastic_net,0,0.9862033128738403,0.6053650975227356,full_discovery_fixed_200
TCGA_to_GEO,GSE18088,GSM452151,fixed_log_expression,elastic_net,0,0.9871854186058044,0.6053650975227356,full_discovery_fixed_200
TCGA_to_GEO,GSE18088,GSM452152,fixed_log_expression,elastic_net,0,0.910167396068573,0.6053650975227356,full_discovery_fixed_200
TCGA_to_GEO,GSE18088,GSM452153,fixed_log_expression,elastic_net,1,0.9980383515357971,0.6053650975227356,full_discovery_fixed_200
TCGA_to_GEO,GSE18088,GSM452154,fixed_log_expression,elastic_net,0,0.9847129583358765,0.6053650975227356,full_discovery_fixed_200
TCGA_to_GEO,GSE18088,GSM452155,fixed_log_expression,elastic_net,0,0.9732111096382141,0.6053650975227356,full_discovery_fixed_200
TCGA_to_GEO,GSE18088,GSM452156,fixed_log_expression,elastic_net,0,0.9293742179870605,0.6053650975227356,full_discovery_fixed_200
TCGA_to_GEO,GSE18088,GSM452157,fixed_log_expression,elastic_net,1,0.9999949932098389,0.6053650975227356,full_discovery_fixed_200
TCGA_to_GEO,GSE18088,GSM452158,fixed_log_expression,elastic_net,0,0.9781545996665955,0.6053650975227356,full_discovery_fixed_200
TCGA_to_GEO,GSE18088,GSM452159,fixed_log_expression,elastic_net,1,0.999893069267273,0.6053650975227356,full_discovery_fixed_200
TCGA_to_GEO,GSE18088,GSM452160,fixed_log_expression,elastic_net,0,0.9541910886764526,0.6053650975227356,full_discovery_fixed_200
TCGA_to_GEO,GSE18088,GSM452161,fixed_log_expression,elastic_net,0,0.9558002948760986,0.6053650975227356,full_discovery_fixed_200
TCGA_to_GEO,GSE18088,GSM452162,fixed_log_expression,elastic_net,0,0.9967204928398132,0.6053650975227356,full_discovery_fixed_200
TCGA_to_GEO,GSE18088,GSM452163,fixed_log_expression,elastic_net,1,0.9999889135360718,0.6053650975227356,full_discovery_fixed_200
TCGA_to_GEO,GSE18088,GSM452164,fixed_log_expression,elastic_net,0,0.9499112367630005,0.6053650975227356,full_discovery_fixed_200
TCGA_to_GEO,GSE18088,GSM452165,fixed_log_expression,elastic_net,0,0.9840440154075623,0.6053650975227356,full_discovery_fixed_200
TCGA_to_GEO,GSE18088,GSM452166,fixed_log_expression,elastic_net,0,0.9570125937461853,0.6053650975227356,full_discovery_fixed_200
TCGA_to_GEO,GSE18088,GSM452167,fixed_log_expression,elastic_net,0,0.9858101010322571,0.6053650975227356,full_discovery_fixed_200
TCGA_to_GEO,GSE18088,GSM452168,fixed_log_expression,elastic_net,1,0.9997512698173523,0.6053650975227356,full_discovery_fixed_200
TCGA_to_GEO,GSE18088,GSM452169,fixed_log_expression,elastic_net,1,0.9999687671661377,0.6053650975227356,full_discovery_fixed_200
TCGA_to_GEO,GSE18088,GSM452170,fixed_log_expression,elastic_net,0,0.9872893691062927,0.6053650975227356,full_discovery_fixed_200
TCGA_to_GEO,GSE18088,GSM452171,fixed_log_expression,elastic_net,0,0.9818277955055237,0.6053650975227356,full_discovery_fixed_200
TCGA_to_GEO,GSE18088,GSM452172,fixed_log_expression,elastic_net,0,0.9974291920661926,0.6053650975227356,full_discovery_fixed_200
TCGA_to_GEO,GSE18088,GSM452173,fixed_log_expression,elastic_net,1,0.9998939037322998,0.6053650975227356,full_discovery_fixed_200
TCGA_to_GEO,GSE18088,GSM452174,fixed_log_expression,elastic_net,1,0.9999308586120605,0.6053650975227356,full_discovery_fixed_200
TCGA_to_GEO,GSE18088,GSM452175,fixed_log_expression,elastic_net,1,0.9997463822364807,0.6053650975227356,full_discovery_fixed_200
TCGA_to_GEO,GSE18088,GSM452176,fixed_log_expression,elastic_net,0,0.9835271239280701,0.6053650975227356,full_discovery_fixed_200
TCGA_to_GEO,GSE18088,GSM452177,fixed_log_expression,elastic_net,0,0.9880335927009583,0.6053650975227356,full_discovery_fixed_200
TCGA_to_GEO,GSE18088,GSM452178,fixed_log_expression,elastic_net,0,0.9075402021408081,0.6053650975227356,full_discovery_fixed_200
TCGA_to_GEO,GSE18088,GSM452179,fixed_log_expression,elastic_net,1,0.9999791383743286,0.6053650975227356,full_discovery_fixed_200
TCGA_to_GEO,GSE18088,GSM452180,fixed_log_expression,elastic_net,1,0.9998894929885864,0.6053650975227356,full_discovery_fixed_200
TCGA_to_GEO,GSE18088,GSM452181,fixed_log_expression,elastic_net,0,0.9869928359985352,0.6053650975227356,full_discovery_fixed_200
TCGA_to_GEO,GSE18088,GSM452182,fixed_log_expression,elastic_net,1,0.999382734298706,0.6053650975227356,full_discovery_fixed_200
TCGA_to_GEO,GSE18088,GSM452183,fixed_log_expression,elastic_net,1,0.9999474287033081,0.6053650975227356,full_discovery_fixed_200
TCGA_to_GEO,GSE18088,GSM452184,fixed_log_expression,elastic_net,1,0.9997896552085876,0.6053650975227356,full_discovery_fixed_200
TCGA_to_GEO,GSE18088,GSM452185,fixed_log_expression,elastic_net,0,0.9784547686576843,0.6053650975227356,full_discovery_fixed_200
TCGA_to_GEO,GSE18088,GSM452186,fixed_log_expression,elastic_net,0,0.9885758757591248,0.6053650975227356,full_discovery_fixed_200
TCGA_to_GEO,GSE18088,GSM452187,fixed_log_expression,elastic_net,0,0.9284130930900574,0.6053650975227356,full_discovery_fixed_200
TCGA_to_GEO,GSE18088,GSM452188,fixed_log_expression,elastic_net,1,0.9995904564857483,0.6053650975227356,full_discovery_fixed_200
TCGA_to_GEO,GSE18088,GSM452189,fixed_log_expression,elastic_net,1,0.9999581575393677,0.6053650975227356,full_discovery_fixed_200
TCGA_to_GEO,GSE18088,GSM452190,fixed_log_expression,elastic_net,0,0.9980242252349854,0.6053650975227356,full_discovery_fixed_200
TCGA_to_GEO,GSE18088,GSM452191,fixed_log_expression,elastic_net,0,0.9681536555290222,0.6053650975227356,full_discovery_fixed_200
TCGA_to_GEO,GSE18088,GSM452192,fixed_log_expression,elastic_net,0,0.9732835292816162,0.6053650975227356,full_discovery_fixed_200
TCGA_to_GEO,GSE18088,GSM452193,fixed_log_expression,elastic_net,0,0.9742065072059631,0.6053650975227356,full_discovery_fixed_200
TCGA_to_GEO,GSE18088,GSM452194,fixed_log_expression,elastic_net,0,0.9636651873588562,0.6053650975227356,full_discovery_fixed_200
TCGA_to_GEO,GSE18088,GSM452195,fixed_log_expression,elastic_net,0,0.9697282314300537,0.6053650975227356,full_discovery_fixed_200
TCGA_to_GEO,GSE18088,GSM452196,fixed_log_expression,elastic_net,0,0.9772083759307861,0.6053650975227356,full_discovery_fixed_200
TCGA_to_GEO,GSE18088,GSM452197,fixed_log_expression,elastic_net,1,0.9992445707321167,0.6053650975227356,full_discovery_fixed_200
TCGA_to_GEO,GSE18088,GSM452198,fixed_log_expression,elastic_net,0,0.993144154548645,0.6053650975227356,full_discovery_fixed_200
TCGA_to_GEO,GSE18088,GSM452199,fixed_log_expression,elastic_net,0,0.9771917462348938,0.6053650975227356,full_discovery_fixed_200
TCGA_to_GEO,GSE18088,GSM452200,fixed_log_expression,elastic_net,1,0.910736083984375,0.6053650975227356,full_discovery_fixed_200
TCGA_to_GEO,GSE26682,GSM656542,fixed_log_expression,elastic_net,0,0.9917020201683044,0.6053650975227356,full_discovery_fixed_200
TCGA_to_GEO,GSE26682,GSM656543,fixed_log_expression,elastic_net,0,0.9966633915901184,0.6053650975227356,full_discovery_fixed_200
TCGA_to_GEO,GSE26682,GSM656545,fixed_log_expression,elastic_net,1,0.9999998807907104,0.6053650975227356,full_discovery_fixed_200
TCGA_to_GEO,GSE26682,GSM656546,fixed_log_expression,elastic_net,0,0.9912488460540771,0.6053650975227356,full_discovery_fixed_200
TCGA_to_GEO,GSE26682,GSM656548,fixed_log_expression,elastic_net,0,0.9848201274871826,0.6053650975227356,full_discovery_fixed_200
TCGA_to_GEO,GSE26682,GSM656550,fixed_log_expression,elastic_net,0,0.9984064698219299,0.6053650975227356,full_discovery_fixed_200
TCGA_to_GEO,GSE26682,GSM656552,fixed_log_expression,elastic_net,0,0.9901764988899231,0.6053650975227356,full_discovery_fixed_200
TCGA_to_GEO,GSE26682,GSM656553,fixed_log_expression,elastic_net,0,0.9983031749725342,0.6053650975227356,full_discovery_fixed_200
TCGA_to_GEO,GSE26682,GSM656555,fixed_log_expression,elastic_net,0,0.9991804957389832,0.6053650975227356,full_discovery_fixed_200
TCGA_to_GEO,GSE26682,GSM656556,fixed_log_expression,elastic_net,0,0.9996399879455566,0.6053650975227356,full_discovery_fixed_200
TCGA_to_GEO,GSE26682,GSM656557,fixed_log_expression,elastic_net,0,0.9998605251312256,0.6053650975227356,full_discovery_fixed_200
TCGA_to_GEO,GSE26682,GSM656558,fixed_log_expression,elastic_net,0,0.9980809688568115,0.6053650975227356,full_discovery_fixed_200
TCGA_to_GEO,GSE26682,GSM656559,fixed_log_expression,elastic_net,1,0.9999990463256836,0.6053650975227356,full_discovery_fixed_200
TCGA_to_GEO,GSE26682,GSM656560,fixed_log_expression,elastic_net,0,0.9934207797050476,0.6053650975227356,full_discovery_fixed_200
TCGA_to_GEO,GSE26682,GSM656561,fixed_log_expression,elastic_net,0,0.9920123219490051,0.6053650975227356,full_discovery_fixed_200
TCGA_to_GEO,GSE26682,GSM656567,fixed_log_expression,elastic_net,0,0.9950447082519531,0.6053650975227356,full_discovery_fixed_200
TCGA_to_GEO,GSE26682,GSM656568,fixed_log_expression,elastic_net,0,0.9700109362602234,0.6053650975227356,full_discovery_fixed_200
TCGA_to_GEO,GSE26682,GSM656569,fixed_log_expression,elastic_net,0,0.938680112361908,0.6053650975227356,full_discovery_fixed_200
TCGA_to_GEO,GSE26682,GSM656570,fixed_log_expression,elastic_net,0,0.9995891451835632,0.6053650975227356,full_discovery_fixed_200
TCGA_to_GEO,GSE26682,GSM656574,fixed_log_expression,elastic_net,0,0.947997510433197,0.6053650975227356,full_discovery_fixed_200
TCGA_to_GEO,GSE26682,GSM656580,fixed_log_expression,elastic_net,0,0.9624695181846619,0.6053650975227356,full_discovery_fixed_200
TCGA_to_GEO,GSE26682,GSM656582,fixed_log_expression,elastic_net,0,0.9786040782928467,0.6053650975227356,full_discovery_fixed_200
TCGA_to_GEO,GSE26682,GSM656583,fixed_log_expression,elastic_net,1,0.9999725818634033,0.6053650975227356,full_discovery_fixed_200
TCGA_to_GEO,GSE26682,GSM656584,fixed_log_expression,elastic_net,0,0.9990720748901367,0.6053650975227356,full_discovery_fixed_200
TCGA_to_GEO,GSE26682,GSM656585,fixed_log_expression,elastic_net,0,0.9995099306106567,0.6053650975227356,full_discovery_fixed_200
TCGA_to_GEO,GSE26682,GSM656586,fixed_log_expression,elastic_net,0,0.9997653365135193,0.6053650975227356,full_discovery_fixed_200
TCGA_to_GEO,GSE26682,GSM656587,fixed_log_expression,elastic_net,0,0.9999673366546631,0.6053650975227356,full_discovery_fixed_200
TCGA_to_GEO,GSE26682,GSM656590,fixed_log_expression,elastic_net,1,0.999988317489624,0.6053650975227356,full_discovery_fixed_200
TCGA_to_GEO,GSE26682,GSM656592,fixed_log_expression,elastic_net,0,0.9657366871833801,0.6053650975227356,full_discovery_fixed_200
TCGA_to_GEO,GSE26682,GSM656596,fixed_log_expression,elastic_net,0,0.9837967753410339,0.6053650975227356,full_discovery_fixed_200
TCGA_to_GEO,GSE26682,GSM656598,fixed_log_expression,elastic_net,0,0.9962818026542664,0.6053650975227356,full_discovery_fixed_200
TCGA_to_GEO,GSE26682,GSM656601,fixed_log_expression,elastic_net,0,0.9859041571617126,0.6053650975227356,full_discovery_fixed_200
TCGA_to_GEO,GSE26682,GSM656603,fixed_log_expression,elastic_net,1,0.9999998807907104,0.6053650975227356,full_discovery_fixed_200
TCGA_to_GEO,GSE26682,GSM656612,fixed_log_expression,elastic_net,1,0.9999970197677612,0.6053650975227356,full_discovery_fixed_200
TCGA_to_GEO,GSE26682,GSM656613,fixed_log_expression,elastic_net,0,0.9954074025154114,0.6053650975227356,full_discovery_fixed_200
TCGA_to_GEO,GSE26682,GSM656617,fixed_log_expression,elastic_net,0,0.9998481273651123,0.6053650975227356,full_discovery_fixed_200
TCGA_to_GEO,GSE26682,GSM656618,fixed_log_expression,elastic_net,0,0.9137600660324097,0.6053650975227356,full_discovery_fixed_200
TCGA_to_GEO,GSE26682,GSM656625,fixed_log_expression,elastic_net,0,0.9992814660072327,0.6053650975227356,full_discovery_fixed_200
TCGA_to_GEO,GSE26682,GSM656634,fixed_log_expression,elastic_net,0,0.9995654225349426,0.6053650975227356,full_discovery_fixed_200
TCGA_to_GEO,GSE26682,GSM656635,fixed_log_expression,elastic_net,0,0.9885196089744568,0.6053650975227356,full_discovery_fixed_200
TCGA_to_GEO,GSE26682,GSM656636,fixed_log_expression,elastic_net,0,0.9693426489830017,0.6053650975227356,full_discovery_fixed_200
TCGA_to_GEO,GSE26682,GSM656639,fixed_log_expression,elastic_net,0,0.9973514080047607,0.6053650975227356,full_discovery_fixed_200
TCGA_to_GEO,GSE26682,GSM656640,fixed_log_expression,elastic_net,0,0.9992178678512573,0.6053650975227356,full_discovery_fixed_200
TCGA_to_GEO,GSE26682,GSM656642,fixed_log_expression,elastic_net,0,0.9990720748901367,0.6053650975227356,full_discovery_fixed_200
TCGA_to_GEO,GSE26682,GSM656644,fixed_log_expression,elastic_net,0,0.9914012551307678,0.6053650975227356,full_discovery_fixed_200
TCGA_to_GEO,GSE26682,GSM656657,fixed_log_expression,elastic_net,0,0.9995566010475159,0.6053650975227356,full_discovery_fixed_200
TCGA_to_GEO,GSE26682,GSM656662,fixed_log_expression,elastic_net,0,0.9970748424530029,0.6053650975227356,full_discovery_fixed_200
TCGA_to_GEO,GSE26682,GSM656663,fixed_log_expression,elastic_net,0,0.996340274810791,0.6053650975227356,full_discovery_fixed_200
TCGA_to_GEO,GSE26682,GSM656669,fixed_log_expression,elastic_net,1,1.0,0.6053650975227356,full_discovery_fixed_200
TCGA_to_GEO,GSE26682,GSM656672,fixed_log_expression,elastic_net,0,0.9917334318161011,0.6053650975227356,full_discovery_fixed_200
TCGA_to_GEO,GSE26682,GSM656675,fixed_log_expression,elastic_net,0,0.9928182363510132,0.6053650975227356,full_discovery_fixed_200
TCGA_to_GEO,GSE26682,GSM656676,fixed_log_expression,elastic_net,0,0.9960545301437378,0.6053650975227356,full_discovery_fixed_200
TCGA_to_GEO,GSE26682,GSM656678,fixed_log_expression,elastic_net,0,0.9984074234962463,0.6053650975227356,full_discovery_fixed_200
TCGA_to_GEO,GSE26682,GSM656679,fixed_log_expression,elastic_net,1,0.9999991655349731,0.6053650975227356,full_discovery_fixed_200
TCGA_to_GEO,GSE26682,GSM656683,fixed_log_expression,elastic_net,0,0.9943861961364746,0.6053650975227356,full_discovery_fixed_200
TCGA_to_GEO,GSE26682,GSM656687,fixed_log_expression,elastic_net,0,0.9999645948410034,0.6053650975227356,full_discovery_fixed_200
TCGA_to_GEO,GSE26682,GSM656691,fixed_log_expression,elastic_net,0,0.9994365572929382,0.6053650975227356,full_discovery_fixed_200
TCGA_to_GEO,GSE26682,GSM656692,fixed_log_expression,elastic_net,0,0.9995417594909668,0.6053650975227356,full_discovery_fixed_200
TCGA_to_GEO,GSE26682,GSM656693,fixed_log_expression,elastic_net,0,0.9953268766403198,0.6053650975227356,full_discovery_fixed_200
TCGA_to_GEO,GSE26682,GSM656695,fixed_log_expression,elastic_net,0,0.9842315912246704,0.6053650975227356,full_discovery_fixed_200
TCGA_to_GEO,GSE26682,GSM656698,fixed_log_expression,elastic_net,0,0.9987420439720154,0.6053650975227356,full_discovery_fixed_200
TCGA_to_GEO,GSE26682,GSM656699,fixed_log_expression,elastic_net,0,0.9971513152122498,0.6053650975227356,full_discovery_fixed_200
TCGA_to_GEO,GSE26682,GSM656700,fixed_log_expression,elastic_net,0,0.9982309937477112,0.6053650975227356,full_discovery_fixed_200
TCGA_to_GEO,GSE26682,GSM656701,fixed_log_expression,elastic_net,0,0.9979538917541504,0.6053650975227356,full_discovery_fixed_200
TCGA_to_GEO,GSE26682,GSM656702,fixed_log_expression,elastic_net,0,0.9976716637611389,0.6053650975227356,full_discovery_fixed_200
TCGA_to_GEO,GSE26682,GSM656703,fixed_log_expression,elastic_net,0,0.9873751401901245,0.6053650975227356,full_discovery_fixed_200
TCGA_to_GEO,GSE26682,GSM656704,fixed_log_expression,elastic_net,0,0.9903131723403931,0.6053650975227356,full_discovery_fixed_200
TCGA_to_GEO,GSE26682,GSM656705,fixed_log_expression,elastic_net,0,0.9999727010726929,0.6053650975227356,full_discovery_fixed_200
TCGA_to_GEO,GSE26682,GSM656707,fixed_log_expression,elastic_net,0,0.9995786547660828,0.6053650975227356,full_discovery_fixed_200
TCGA_to_GEO,GSE26682,GSM656710,fixed_log_expression,elastic_net,0,0.9976319074630737,0.6053650975227356,full_discovery_fixed_200
TCGA_to_GEO,GSE26682,GSM656711,fixed_log_expression,elastic_net,0,0.9998799562454224,0.6053650975227356,full_discovery_fixed_200
TCGA_to_GEO,GSE26682,GSM656714,fixed_log_expression,elastic_net,0,0.9735572338104248,0.6053650975227356,full_discovery_fixed_200
TCGA_to_GEO,GSE26682,GSM656715,fixed_log_expression,elastic_net,0,0.9998283386230469,0.6053650975227356,full_discovery_fixed_200
TCGA_to_GEO,GSE26682,GSM656720,fixed_log_expression,elastic_net,0,0.9775248765945435,0.6053650975227356,full_discovery_fixed_200
TCGA_to_GEO,GSE26682,GSM656721,fixed_log_expression,elastic_net,0,0.9938620328903198,0.6053650975227356,full_discovery_fixed_200
TCGA_to_GEO,GSE26682,GSM656726,fixed_log_expression,elastic_net,0,0.999840497970581,0.6053650975227356,full_discovery_fixed_200
TCGA_to_GEO,GSE26682,GSM656732,fixed_log_expression,elastic_net,0,0.984893262386322,0.6053650975227356,full_discovery_fixed_200
TCGA_to_GEO,GSE26682,GSM656735,fixed_log_expression,elastic_net,0,0.9669996500015259,0.6053650975227356,full_discovery_fixed_200
TCGA_to_GEO,GSE26682,GSM656736,fixed_log_expression,elastic_net,1,0.999991774559021,0.6053650975227356,full_discovery_fixed_200
TCGA_to_GEO,GSE26682,GSM656737,fixed_log_expression,elastic_net,0,0.9994914531707764,0.6053650975227356,full_discovery_fixed_200
TCGA_to_GEO,GSE26682,GSM656739,fixed_log_expression,elastic_net,0,0.9976651668548584,0.6053650975227356,full_discovery_fixed_200
TCGA_to_GEO,GSE26682,GSM656742,fixed_log_expression,elastic_net,0,0.9781789183616638,0.6053650975227356,full_discovery_fixed_200
TCGA_to_GEO,GSE26682,GSM656749,fixed_log_expression,elastic_net,0,0.991399884223938,0.6053650975227356,full_discovery_fixed_200
TCGA_to_GEO,GSE26682,GSM656768,fixed_log_expression,elastic_net,0,0.973739743232727,0.6053650975227356,full_discovery_fixed_200
TCGA_to_GEO,GSE26682,GSM656769,fixed_log_expression,elastic_net,0,0.9233797788619995,0.6053650975227356,full_discovery_fixed_200
TCGA_to_GEO,GSE26682,GSM656770,fixed_log_expression,elastic_net,0,0.9983514547348022,0.6053650975227356,full_discovery_fixed_200
TCGA_to_GEO,GSE26682,GSM656772,fixed_log_expression,elastic_net,0,0.9957885146141052,0.6053650975227356,full_discovery_fixed_200
TCGA_to_GEO,GSE26682,GSM656775,fixed_log_expression,elastic_net,0,0.9803741574287415,0.6053650975227356,full_discovery_fixed_200
TCGA_to_GEO,GSE26682,GSM656776,fixed_log_expression,elastic_net,0,0.9954749941825867,0.6053650975227356,full_discovery_fixed_200
TCGA_to_GEO,GSE26682,GSM656777,fixed_log_expression,elastic_net,0,0.9988699555397034,0.6053650975227356,full_discovery_fixed_200
TCGA_to_GEO,GSE26682,GSM656783,fixed_log_expression,elastic_net,0,0.9963980913162231,0.6053650975227356,full_discovery_fixed_200
TCGA_to_GEO,GSE26682,GSM656785,fixed_log_expression,elastic_net,0,0.9992111921310425,0.6053650975227356,full_discovery_fixed_200
TCGA_to_GEO,GSE26682,GSM656787,fixed_log_expression,elastic_net,0,0.9993497729301453,0.6053650975227356,full_discovery_fixed_200
TCGA_to_GEO,GSE26682,GSM656794,fixed_log_expression,elastic_net,0,0.9912545084953308,0.6053650975227356,full_discovery_fixed_200
TCGA_to_GEO,GSE26682,GSM656800,fixed_log_expression,elastic_net,0,0.9980329871177673,0.6053650975227356,full_discovery_fixed_200
TCGA_to_GEO,GSE26682,GSM656803,fixed_log_expression,elastic_net,0,0.9958264231681824,0.6053650975227356,full_discovery_fixed_200
TCGA_to_GEO,GSE26682,GSM656804,fixed_log_expression,elastic_net,0,0.9949742555618286,0.6053650975227356,full_discovery_fixed_200
TCGA_to_GEO,GSE26682,GSM656806,fixed_log_expression,elastic_net,0,0.9983909130096436,0.6053650975227356,full_discovery_fixed_200
TCGA_to_GEO,GSE26682,GSM656809,fixed_log_expression,elastic_net,0,0.9780694246292114,0.6053650975227356,full_discovery_fixed_200
TCGA_to_GEO,GSE26682,GSM656811,fixed_log_expression,elastic_net,0,0.9980745315551758,0.6053650975227356,full_discovery_fixed_200
TCGA_to_GEO,GSE26682,GSM656816,fixed_log_expression,elastic_net,0,0.9999339580535889,0.6053650975227356,full_discovery_fixed_200
TCGA_to_GEO,GSE26682,GSM656819,fixed_log_expression,elastic_net,0,0.9851013422012329,0.6053650975227356,full_discovery_fixed_200
TCGA_to_GEO,GSE26682,GSM656820,fixed_log_expression,elastic_net,1,0.9999998807907104,0.6053650975227356,full_discovery_fixed_200
TCGA_to_GEO,GSE26682,GSM656822,fixed_log_expression,elastic_net,0,0.9999942779541016,0.6053650975227356,full_discovery_fixed_200
TCGA_to_GEO,GSE26682,GSM656824,fixed_log_expression,elastic_net,0,0.9993246793746948,0.6053650975227356,full_discovery_fixed_200
TCGA_to_GEO,GSE26682,GSM656825,fixed_log_expression,elastic_net,0,0.9987202882766724,0.6053650975227356,full_discovery_fixed_200
TCGA_to_GEO,GSE26682,GSM656830,fixed_log_expression,elastic_net,0,0.982840895652771,0.6053650975227356,full_discovery_fixed_200
TCGA_to_GEO,GSE26682,GSM656831,fixed_log_expression,elastic_net,0,0.9968850016593933,0.6053650975227356,full_discovery_fixed_200
TCGA_to_GEO,GSE26682,GSM656832,fixed_log_expression,elastic_net,0,0.9383218884468079,0.6053650975227356,full_discovery_fixed_200
TCGA_to_GEO,GSE26682,GSM656833,fixed_log_expression,elastic_net,0,0.9970607161521912,0.6053650975227356,full_discovery_fixed_200
TCGA_to_GEO,GSE26682,GSM656834,fixed_log_expression,elastic_net,0,0.9944372177124023,0.6053650975227356,full_discovery_fixed_200
TCGA_to_GEO,GSE26682,GSM656836,fixed_log_expression,elastic_net,0,0.9978942275047302,0.6053650975227356,full_discovery_fixed_200
TCGA_to_GEO,GSE26682,GSM656837,fixed_log_expression,elastic_net,1,1.0,0.6053650975227356,full_discovery_fixed_200
TCGA_to_GEO,GSE26682,GSM656840,fixed_log_expression,elastic_net,0,0.9883566498756409,0.6053650975227356,full_discovery_fixed_200
TCGA_to_GEO,GSE26682,GSM656841,fixed_log_expression,elastic_net,0,0.9999585151672363,0.6053650975227356,full_discovery_fixed_200
TCGA_to_GEO,GSE26682,GSM656842,fixed_log_expression,elastic_net,1,0.9999998807907104,0.6053650975227356,full_discovery_fixed_200
TCGA_to_GEO,GSE26682,GSM656843,fixed_log_expression,elastic_net,0,0.9889105558395386,0.6053650975227356,full_discovery_fixed_200
TCGA_to_GEO,GSE26682,GSM656845,fixed_log_expression,elastic_net,0,0.9994441866874695,0.6053650975227356,full_discovery_fixed_200
TCGA_to_GEO,GSE26682,GSM656846,fixed_log_expression,elastic_net,0,0.9997308850288391,0.6053650975227356,full_discovery_fixed_200
TCGA_to_GEO,GSE26682,GSM656847,fixed_log_expression,elastic_net,0,0.9988571405410767,0.6053650975227356,full_discovery_fixed_200
TCGA_to_GEO,GSE26682,GSM656849,fixed_log_expression,elastic_net,1,1.0,0.6053650975227356,full_discovery_fixed_200
TCGA_to_GEO,GSE26682,GSM656850,fixed_log_expression,elastic_net,1,0.9972398281097412,0.6053650975227356,full_discovery_fixed_200
TCGA_to_GEO,GSE26682,GSM656851,fixed_log_expression,elastic_net,1,0.9999822378158569,0.6053650975227356,full_discovery_fixed_200
TCGA_to_GEO,GSE26682,GSM656853,fixed_log_expression,elastic_net,0,0.997434675693512,0.6053650975227356,full_discovery_fixed_200
TCGA_to_GEO,GSE26682,GSM656854,fixed_log_expression,elastic_net,1,0.9999998807907104,0.6053650975227356,full_discovery_fixed_200
TCGA_to_GEO,GSE26682,GSM656857,fixed_log_expression,elastic_net,0,0.9983832836151123,0.6053650975227356,full_discovery_fixed_200
TCGA_to_GEO,GSE26682,GSM656858,fixed_log_expression,elastic_net,0,0.9964110255241394,0.6053650975227356,full_discovery_fixed_200
TCGA_to_GEO,GSE26682,GSM656859,fixed_log_expression,elastic_net,0,0.9999569654464722,0.6053650975227356,full_discovery_fixed_200
TCGA_to_GEO,GSE26682,GSM656860,fixed_log_expression,elastic_net,0,0.9999879598617554,0.6053650975227356,full_discovery_fixed_200
TCGA_to_GEO,GSE26682,GSM656861,fixed_log_expression,elastic_net,0,0.9849143624305725,0.6053650975227356,full_discovery_fixed_200
TCGA_to_GEO,GSE26682,GSM656863,fixed_log_expression,elastic_net,0,0.9742588996887207,0.6053650975227356,full_discovery_fixed_200
TCGA_to_GEO,GSE26682,GSM656864,fixed_log_expression,elastic_net,1,0.9999994039535522,0.6053650975227356,full_discovery_fixed_200
TCGA_to_GEO,GSE26682,GSM656865,fixed_log_expression,elastic_net,1,0.9988535642623901,0.6053650975227356,full_discovery_fixed_200
TCGA_to_GEO,GSE26682,GSM656867,fixed_log_expression,elastic_net,0,0.9978790283203125,0.6053650975227356,full_discovery_fixed_200
TCGA_to_GEO,GSE26682,GSM656868,fixed_log_expression,elastic_net,0,0.9994088411331177,0.6053650975227356,full_discovery_fixed_200
TCGA_to_GEO,GSE26682,GSM656869,fixed_log_expression,elastic_net,0,0.989084780216217,0.6053650975227356,full_discovery_fixed_200
TCGA_to_GEO,GSE26682,GSM656870,fixed_log_expression,elastic_net,0,0.989415168762207,0.6053650975227356,full_discovery_fixed_200
TCGA_to_GEO,GSE39084,GSM955440,fixed_log_expression,elastic_net,0,0.8090546727180481,0.6053650975227356,full_discovery_fixed_200
TCGA_to_GEO,GSE39084,GSM955441,fixed_log_expression,elastic_net,0,0.25011658668518066,0.6053650975227356,full_discovery_fixed_200
TCGA_to_GEO,GSE39084,GSM955442,fixed_log_expression,elastic_net,0,0.9467298984527588,0.6053650975227356,full_discovery_fixed_200
TCGA_to_GEO,GSE39084,GSM955443,fixed_log_expression,elastic_net,0,0.17995314300060272,0.6053650975227356,full_discovery_fixed_200
TCGA_to_GEO,GSE39084,GSM955444,fixed_log_expression,elastic_net,0,0.8988419771194458,0.6053650975227356,full_discovery_fixed_200
TCGA_to_GEO,GSE39084,GSM955445,fixed_log_expression,elastic_net,0,0.16154320538043976,0.6053650975227356,full_discovery_fixed_200
TCGA_to_GEO,GSE39084,GSM955446,fixed_log_expression,elastic_net,0,0.6581296324729919,0.6053650975227356,full_discovery_fixed_200
TCGA_to_GEO,GSE39084,GSM955447,fixed_log_expression,elastic_net,1,0.9937365055084229,0.6053650975227356,full_discovery_fixed_200
TCGA_to_GEO,GSE39084,GSM955448,fixed_log_expression,elastic_net,1,0.9989149570465088,0.6053650975227356,full_discovery_fixed_200
TCGA_to_GEO,GSE39084,GSM955449,fixed_log_expression,elastic_net,0,0.3077247142791748,0.6053650975227356,full_discovery_fixed_200
TCGA_to_GEO,GSE39084,GSM955450,fixed_log_expression,elastic_net,0,0.2404356151819229,0.6053650975227356,full_discovery_fixed_200
TCGA_to_GEO,GSE39084,GSM955451,fixed_log_expression,elastic_net,0,0.255361944437027,0.6053650975227356,full_discovery_fixed_200
TCGA_to_GEO,GSE39084,GSM955452,fixed_log_expression,elastic_net,0,0.4937497675418854,0.6053650975227356,full_discovery_fixed_200
TCGA_to_GEO,GSE39084,GSM955453,fixed_log_expression,elastic_net,0,0.17314840853214264,0.6053650975227356,full_discovery_fixed_200
TCGA_to_GEO,GSE39084,GSM955455,fixed_log_expression,elastic_net,0,0.989597499370575,0.6053650975227356,full_discovery_fixed_200
TCGA_to_GEO,GSE39084,GSM955456,fixed_log_expression,elastic_net,0,0.22291156649589539,0.6053650975227356,full_discovery_fixed_200
TCGA_to_GEO,GSE39084,GSM955457,fixed_log_expression,elastic_net,0,0.9763967394828796,0.6053650975227356,full_discovery_fixed_200
TCGA_to_GEO,GSE39084,GSM955458,fixed_log_expression,elastic_net,1,0.9933573603630066,0.6053650975227356,full_discovery_fixed_200
TCGA_to_GEO,GSE39084,GSM955459,fixed_log_expression,elastic_net,1,0.9991521835327148,0.6053650975227356,full_discovery_fixed_200
TCGA_to_GEO,GSE39084,GSM955460,fixed_log_expression,elastic_net,1,0.9935685396194458,0.6053650975227356,full_discovery_fixed_200
TCGA_to_GEO,GSE39084,GSM955461,fixed_log_expression,elastic_net,1,0.9073042869567871,0.6053650975227356,full_discovery_fixed_200
TCGA_to_GEO,GSE39084,GSM955462,fixed_log_expression,elastic_net,0,0.9100905060768127,0.6053650975227356,full_discovery_fixed_200
TCGA_to_GEO,GSE39084,GSM955463,fixed_log_expression,elastic_net,0,0.9258391261100769,0.6053650975227356,full_discovery_fixed_200
TCGA_to_GEO,GSE39084,GSM955464,fixed_log_expression,elastic_net,0,0.6124641299247742,0.6053650975227356,full_discovery_fixed_200
TCGA_to_GEO,GSE39084,GSM955466,fixed_log_expression,elastic_net,1,0.9952431321144104,0.6053650975227356,full_discovery_fixed_200
TCGA_to_GEO,GSE39084,GSM955467,fixed_log_expression,elastic_net,1,0.9902880191802979,0.6053650975227356,full_discovery_fixed_200
TCGA_to_GEO,GSE39084,GSM955468,fixed_log_expression,elastic_net,1,0.9999525547027588,0.6053650975227356,full_discovery_fixed_200
TCGA_to_GEO,GSE39084,GSM955469,fixed_log_expression,elastic_net,1,0.9992607235908508,0.6053650975227356,full_discovery_fixed_200
TCGA_to_GEO,GSE39084,GSM955470,fixed_log_expression,elastic_net,1,0.999891996383667,0.6053650975227356,full_discovery_fixed_200
TCGA_to_GEO,GSE39084,GSM955471,fixed_log_expression,elastic_net,1,0.999906063079834,0.6053650975227356,full_discovery_fixed_200
TCGA_to_GEO,GSE39084,GSM955472,fixed_log_expression,elastic_net,1,0.9987452030181885,0.6053650975227356,full_discovery_fixed_200
TCGA_to_GEO,GSE39084,GSM955473,fixed_log_expression,elastic_net,1,0.999566376209259,0.6053650975227356,full_discovery_fixed_200
TCGA_to_GEO,GSE39084,GSM955474,fixed_log_expression,elastic_net,0,0.743473470211029,0.6053650975227356,full_discovery_fixed_200
TCGA_to_GEO,GSE39084,GSM955475,fixed_log_expression,elastic_net,0,0.948319137096405,0.6053650975227356,full_discovery_fixed_200
TCGA_to_GEO,GSE39084,GSM955476,fixed_log_expression,elastic_net,0,0.8212049603462219,0.6053650975227356,full_discovery_fixed_200
TCGA_to_GEO,GSE39084,GSM955477,fixed_log_expression,elastic_net,0,0.9986228942871094,0.6053650975227356,full_discovery_fixed_200
TCGA_to_GEO,GSE39084,GSM955478,fixed_log_expression,elastic_net,0,0.8584221005439758,0.6053650975227356,full_discovery_fixed_200
TCGA_to_GEO,GSE39084,GSM955479,fixed_log_expression,elastic_net,0,0.7457402348518372,0.6053650975227356,full_discovery_fixed_200
TCGA_to_GEO,GSE39084,GSM955480,fixed_log_expression,elastic_net,0,0.5808718204498291,0.6053650975227356,full_discovery_fixed_200
TCGA_to_GEO,GSE39084,GSM955482,fixed_log_expression,elastic_net,0,0.470838725566864,0.6053650975227356,full_discovery_fixed_200
TCGA_to_GEO,GSE39084,GSM955483,fixed_log_expression,elastic_net,0,0.731780469417572,0.6053650975227356,full_discovery_fixed_200
TCGA_to_GEO,GSE39084,GSM955484,fixed_log_expression,elastic_net,0,0.49162885546684265,0.6053650975227356,full_discovery_fixed_200
TCGA_to_GEO,GSE39084,GSM955485,fixed_log_expression,elastic_net,0,0.8323188424110413,0.6053650975227356,full_discovery_fixed_200
TCGA_to_GEO,GSE39084,GSM955486,fixed_log_expression,elastic_net,0,0.7114847898483276,0.6053650975227356,full_discovery_fixed_200
TCGA_to_GEO,GSE39084,GSM955487,fixed_log_expression,elastic_net,0,0.9464874863624573,0.6053650975227356,full_discovery_fixed_200
TCGA_to_GEO,GSE39084,GSM955488,fixed_log_expression,elastic_net,0,0.9665916562080383,0.6053650975227356,full_discovery_fixed_200
TCGA_to_GEO,GSE39084,GSM955489,fixed_log_expression,elastic_net,0,0.7476415038108826,0.6053650975227356,full_discovery_fixed_200
TCGA_to_GEO,GSE39084,GSM955490,fixed_log_expression,elastic_net,0,0.2619933485984802,0.6053650975227356,full_discovery_fixed_200
TCGA_to_GEO,GSE39084,GSM955491,fixed_log_expression,elastic_net,0,0.6600679159164429,0.6053650975227356,full_discovery_fixed_200
TCGA_to_GEO,GSE39084,GSM955492,fixed_log_expression,elastic_net,0,0.27862274646759033,0.6053650975227356,full_discovery_fixed_200
TCGA_to_GEO,GSE39084,GSM955493,fixed_log_expression,elastic_net,0,0.29625990986824036,0.6053650975227356,full_discovery_fixed_200
TCGA_to_GEO,GSE39084,GSM955494,fixed_log_expression,elastic_net,0,0.9243296980857849,0.6053650975227356,full_discovery_fixed_200
TCGA_to_GEO,GSE39084,GSM955495,fixed_log_expression,elastic_net,0,0.8594002723693848,0.6053650975227356,full_discovery_fixed_200
TCGA_to_GEO,GSE39084,GSM955496,fixed_log_expression,elastic_net,0,0.393650621175766,0.6053650975227356,full_discovery_fixed_200
TCGA_to_GEO,GSE39084,GSM955497,fixed_log_expression,elastic_net,0,0.37498700618743896,0.6053650975227356,full_discovery_fixed_200
TCGA_to_GEO,GSE39084,GSM955498,fixed_log_expression,elastic_net,0,0.44158047437667847,0.6053650975227356,full_discovery_fixed_200
TCGA_to_GEO,GSE39084,GSM955499,fixed_log_expression,elastic_net,0,0.9593797922134399,0.6053650975227356,full_discovery_fixed_200
TCGA_to_GEO,GSE39084,GSM955500,fixed_log_expression,elastic_net,0,0.9950330257415771,0.6053650975227356,full_discovery_fixed_200
TCGA_to_GEO,GSE39084,GSM955501,fixed_log_expression,elastic_net,0,0.8668370246887207,0.6053650975227356,full_discovery_fixed_200
TCGA_to_GEO,GSE39084,GSM955502,fixed_log_expression,elastic_net,0,0.9618617296218872,0.6053650975227356,full_discovery_fixed_200
TCGA_to_GEO,GSE39084,GSM955503,fixed_log_expression,elastic_net,0,0.7142953872680664,0.6053650975227356,full_discovery_fixed_200
TCGA_to_GEO,GSE39084,GSM955504,fixed_log_expression,elastic_net,0,0.9925824403762817,0.6053650975227356,full_discovery_fixed_200
TCGA_to_GEO,GSE39084,GSM955505,fixed_log_expression,elastic_net,0,0.6680631637573242,0.6053650975227356,full_discovery_fixed_200
TCGA_to_GEO,GSE39084,GSM955506,fixed_log_expression,elastic_net,0,0.16522246599197388,0.6053650975227356,full_discovery_fixed_200
TCGA_to_GEO,GSE39084,GSM955507,fixed_log_expression,elastic_net,0,0.25434449315071106,0.6053650975227356,full_discovery_fixed_200
TCGA_to_GEO,GSE39084,GSM955508,fixed_log_expression,elastic_net,1,0.9999772310256958,0.6053650975227356,full_discovery_fixed_200
TCGA_to_GEO,GSE39084,GSM955509,fixed_log_expression,elastic_net,1,0.9818105697631836,0.6053650975227356,full_discovery_fixed_200
discovery_nested_oof,TCGA_COAD,TCGA-A6-2671-01A,fixed_log_expression,svm_rbf,0,0.019474928317588472,0.464920554483512,outer_fold_nested_fixed_200
discovery_nested_oof,TCGA_COAD,TCGA-A6-2672-01A,fixed_log_expression,svm_rbf,1,0.9926298064786425,0.464920554483512,outer_fold_nested_fixed_200
discovery_nested_oof,TCGA_COAD,TCGA-A6-2674-01A,fixed_log_expression,svm_rbf,0,0.46636806225766747,0.464920554483512,outer_fold_nested_fixed_200
discovery_nested_oof,TCGA_COAD,TCGA-A6-2676-01A,fixed_log_expression,svm_rbf,1,0.9972265058152922,0.464920554483512,outer_fold_nested_fixed_200
discovery_nested_oof,TCGA_COAD,TCGA-A6-2677-01A,fixed_log_expression,svm_rbf,0,0.3384452069017414,0.464920554483512,outer_fold_nested_fixed_200
discovery_nested_oof,TCGA_COAD,TCGA-A6-2678-01A,fixed_log_expression,svm_rbf,0,0.017398339034996567,0.464920554483512,outer_fold_nested_fixed_200
discovery_nested_oof,TCGA_COAD,TCGA-A6-2679-01A,fixed_log_expression,svm_rbf,0,0.1039226645676714,0.464920554483512,outer_fold_nested_fixed_200
discovery_nested_oof,TCGA_COAD,TCGA-A6-2680-01A,fixed_log_expression,svm_rbf,0,0.0004608038825293148,0.464920554483512,outer_fold_nested_fixed_200
discovery_nested_oof,TCGA_COAD,TCGA-A6-2681-01A,fixed_log_expression,svm_rbf,0,0.007818916686095051,0.464920554483512,outer_fold_nested_fixed_200
discovery_nested_oof,TCGA_COAD,TCGA-A6-2682-01A,fixed_log_expression,svm_rbf,0,0.0008139968865324884,0.464920554483512,outer_fold_nested_fixed_200
discovery_nested_oof,TCGA_COAD,TCGA-A6-2685-01A,fixed_log_expression,svm_rbf,0,0.011155321796030484,0.464920554483512,outer_fold_nested_fixed_200
discovery_nested_oof,TCGA_COAD,TCGA-A6-2686-01A,fixed_log_expression,svm_rbf,1,0.9054219093808172,0.464920554483512,outer_fold_nested_fixed_200
discovery_nested_oof,TCGA_COAD,TCGA-A6-3807-01A,fixed_log_expression,svm_rbf,0,0.00432437201178252,0.464920554483512,outer_fold_nested_fixed_200
discovery_nested_oof,TCGA_COAD,TCGA-A6-3809-01A,fixed_log_expression,svm_rbf,1,0.989955416590079,0.464920554483512,outer_fold_nested_fixed_200
discovery_nested_oof,TCGA_COAD,TCGA-A6-3810-01A,fixed_log_expression,svm_rbf,0,0.003359180706761924,0.464920554483512,outer_fold_nested_fixed_200
discovery_nested_oof,TCGA_COAD,TCGA-A6-4107-01A,fixed_log_expression,svm_rbf,0,0.005796729957745573,0.464920554483512,outer_fold_nested_fixed_200
discovery_nested_oof,TCGA_COAD,TCGA-AA-3488-01A,fixed_log_expression,svm_rbf,0,0.007877001485207395,0.464920554483512,outer_fold_nested_fixed_200
discovery_nested_oof,TCGA_COAD,TCGA-AA-3492-01A,fixed_log_expression,svm_rbf,1,0.7292264419027463,0.464920554483512,outer_fold_nested_fixed_200
discovery_nested_oof,TCGA_COAD,TCGA-AA-3494-01A,fixed_log_expression,svm_rbf,0,0.0029788832192373534,0.464920554483512,outer_fold_nested_fixed_200
discovery_nested_oof,TCGA_COAD,TCGA-AA-3495-01A,fixed_log_expression,svm_rbf,0,0.005864703268169403,0.464920554483512,outer_fold_nested_fixed_200
discovery_nested_oof,TCGA_COAD,TCGA-AA-3506-01A,fixed_log_expression,svm_rbf,0,0.012282281829678303,0.464920554483512,outer_fold_nested_fixed_200
discovery_nested_oof,TCGA_COAD,TCGA-AA-3509-01A,fixed_log_expression,svm_rbf,0,0.004459664651910534,0.464920554483512,outer_fold_nested_fixed_200
discovery_nested_oof,TCGA_COAD,TCGA-AA-3510-01A,fixed_log_expression,svm_rbf,0,0.1385760938648943,0.464920554483512,outer_fold_nested_fixed_200
discovery_nested_oof,TCGA_COAD,TCGA-AA-3514-01A,fixed_log_expression,svm_rbf,0,0.013631377163320758,0.464920554483512,outer_fold_nested_fixed_200
discovery_nested_oof,TCGA_COAD,TCGA-AA-3516-01A,fixed_log_expression,svm_rbf,1,0.9928410498367319,0.464920554483512,outer_fold_nested_fixed_200
discovery_nested_oof,TCGA_COAD,TCGA-AA-3518-01A,fixed_log_expression,svm_rbf,1,0.9852827573415969,0.464920554483512,outer_fold_nested_fixed_200
discovery_nested_oof,TCGA_COAD,TCGA-AA-3519-01A,fixed_log_expression,svm_rbf,0,0.010115659594462216,0.464920554483512,outer_fold_nested_fixed_200
discovery_nested_oof,TCGA_COAD,TCGA-AA-3521-01A,fixed_log_expression,svm_rbf,0,0.002441646739835148,0.464920554483512,outer_fold_nested_fixed_200
discovery_nested_oof,TCGA_COAD,TCGA-AA-3522-01A,fixed_log_expression,svm_rbf,0,0.011382053100834255,0.464920554483512,outer_fold_nested_fixed_200
discovery_nested_oof,TCGA_COAD,TCGA-AA-3524-01A,fixed_log_expression,svm_rbf,0,0.02688451106988559,0.464920554483512,outer_fold_nested_fixed_200
discovery_nested_oof,TCGA_COAD,TCGA-AA-3525-01A,fixed_log_expression,svm_rbf,1,0.9896463796692354,0.464920554483512,outer_fold_nested_fixed_200
discovery_nested_oof,TCGA_COAD,TCGA-AA-3527-01A,fixed_log_expression,svm_rbf,0,0.059824288156776755,0.464920554483512,outer_fold_nested_fixed_200
discovery_nested_oof,TCGA_COAD,TCGA-AA-3530-01A,fixed_log_expression,svm_rbf,0,0.0034823992144158177,0.464920554483512,outer_fold_nested_fixed_200
discovery_nested_oof,TCGA_COAD,TCGA-AA-3532-01A,fixed_log_expression,svm_rbf,0,0.006105413698984917,0.464920554483512,outer_fold_nested_fixed_200
discovery_nested_oof,TCGA_COAD,TCGA-AA-3534-01A,fixed_log_expression,svm_rbf,0,0.0040427374309780755,0.464920554483512,outer_fold_nested_fixed_200
discovery_nested_oof,TCGA_COAD,TCGA-AA-3538-01A,fixed_log_expression,svm_rbf,0,0.004016458615581679,0.464920554483512,outer_fold_nested_fixed_200
discovery_nested_oof,TCGA_COAD,TCGA-AA-3542-01A,fixed_log_expression,svm_rbf,0,0.03458986022648122,0.464920554483512,outer_fold_nested_fixed_200
discovery_nested_oof,TCGA_COAD,TCGA-AA-3543-01A,fixed_log_expression,svm_rbf,1,0.9913405358274904,0.464920554483512,outer_fold_nested_fixed_200
discovery_nested_oof,TCGA_COAD,TCGA-AA-3544-01A,fixed_log_expression,svm_rbf,0,0.014252642006776593,0.464920554483512,outer_fold_nested_fixed_200
discovery_nested_oof,TCGA_COAD,TCGA-AA-3548-01A,fixed_log_expression,svm_rbf,0,0.005731618851898825,0.464920554483512,outer_fold_nested_fixed_200
discovery_nested_oof,TCGA_COAD,TCGA-AA-3549-01A,fixed_log_expression,svm_rbf,0,0.0022210896859115284,0.464920554483512,outer_fold_nested_fixed_200
discovery_nested_oof,TCGA_COAD,TCGA-AA-3552-01A,fixed_log_expression,svm_rbf,0,0.003840436928045194,0.464920554483512,outer_fold_nested_fixed_200
discovery_nested_oof,TCGA_COAD,TCGA-AA-3554-01A,fixed_log_expression,svm_rbf,1,0.7666582760604655,0.464920554483512,outer_fold_nested_fixed_200
discovery_nested_oof,TCGA_COAD,TCGA-AA-3555-01A,fixed_log_expression,svm_rbf,0,0.4393902014697733,0.464920554483512,outer_fold_nested_fixed_200
discovery_nested_oof,TCGA_COAD,TCGA-AA-3556-01A,fixed_log_expression,svm_rbf,0,0.23007513493890108,0.464920554483512,outer_fold_nested_fixed_200
discovery_nested_oof,TCGA_COAD,TCGA-AA-3560-01A,fixed_log_expression,svm_rbf,0,0.02426119556633018,0.464920554483512,outer_fold_nested_fixed_200
discovery_nested_oof,TCGA_COAD,TCGA-AA-3561-01A,fixed_log_expression,svm_rbf,0,0.022290509152487096,0.464920554483512,outer_fold_nested_fixed_200
discovery_nested_oof,TCGA_COAD,TCGA-AA-3562-01A,fixed_log_expression,svm_rbf,0,0.001213706913579879,0.464920554483512,outer_fold_nested_fixed_200
discovery_nested_oof,TCGA_COAD,TCGA-AA-3664-01A,fixed_log_expression,svm_rbf,0,0.2964822350952271,0.464920554483512,outer_fold_nested_fixed_200
discovery_nested_oof,TCGA_COAD,TCGA-AA-3666-01A,fixed_log_expression,svm_rbf,0,0.01748047277937858,0.464920554483512,outer_fold_nested_fixed_200
discovery_nested_oof,TCGA_COAD,TCGA-AA-3672-01A,fixed_log_expression,svm_rbf,1,0.860345401999291,0.464920554483512,outer_fold_nested_fixed_200
discovery_nested_oof,TCGA_COAD,TCGA-AA-3673-01A,fixed_log_expression,svm_rbf,0,0.0026914677829614634,0.464920554483512,outer_fold_nested_fixed_200
discovery_nested_oof,TCGA_COAD,TCGA-AA-3675-01A,fixed_log_expression,svm_rbf,0,0.013308440361692209,0.464920554483512,outer_fold_nested_fixed_200
discovery_nested_oof,TCGA_COAD,TCGA-AA-3678-01A,fixed_log_expression,svm_rbf,0,0.0020957099983198476,0.464920554483512,outer_fold_nested_fixed_200
discovery_nested_oof,TCGA_COAD,TCGA-AA-3679-01A,fixed_log_expression,svm_rbf,0,0.004495083157163715,0.464920554483512,outer_fold_nested_fixed_200
discovery_nested_oof,TCGA_COAD,TCGA-AA-3681-01A,fixed_log_expression,svm_rbf,0,0.01265177067445864,0.464920554483512,outer_fold_nested_fixed_200
discovery_nested_oof,TCGA_COAD,TCGA-AA-3684-01A,fixed_log_expression,svm_rbf,0,0.17026769279940684,0.464920554483512,outer_fold_nested_fixed_200
discovery_nested_oof,TCGA_COAD,TCGA-AA-3685-01A,fixed_log_expression,svm_rbf,0,0.005437105734281572,0.464920554483512,outer_fold_nested_fixed_200
discovery_nested_oof,TCGA_COAD,TCGA-AA-3693-01A,fixed_log_expression,svm_rbf,0,0.0017277780028645265,0.464920554483512,outer_fold_nested_fixed_200
discovery_nested_oof,TCGA_COAD,TCGA-AA-3695-01A,fixed_log_expression,svm_rbf,0,0.7149604047984768,0.464920554483512,outer_fold_nested_fixed_200
discovery_nested_oof,TCGA_COAD,TCGA-AA-3696-01A,fixed_log_expression,svm_rbf,0,0.05665643439744763,0.464920554483512,outer_fold_nested_fixed_200
discovery_nested_oof,TCGA_COAD,TCGA-AA-3710-01A,fixed_log_expression,svm_rbf,1,0.9911356153417711,0.464920554483512,outer_fold_nested_fixed_200
discovery_nested_oof,TCGA_COAD,TCGA-AA-3715-01A,fixed_log_expression,svm_rbf,1,0.8982188843410079,0.464920554483512,outer_fold_nested_fixed_200
discovery_nested_oof,TCGA_COAD,TCGA-AA-3811-01A,fixed_log_expression,svm_rbf,1,0.5918716699706539,0.464920554483512,outer_fold_nested_fixed_200
discovery_nested_oof,TCGA_COAD,TCGA-AA-3812-01A,fixed_log_expression,svm_rbf,0,0.006191323349922713,0.464920554483512,outer_fold_nested_fixed_200
discovery_nested_oof,TCGA_COAD,TCGA-AA-3814-01A,fixed_log_expression,svm_rbf,0,0.003925265148433017,0.464920554483512,outer_fold_nested_fixed_200
discovery_nested_oof,TCGA_COAD,TCGA-AA-3815-01A,fixed_log_expression,svm_rbf,1,0.9627896761873546,0.464920554483512,outer_fold_nested_fixed_200
discovery_nested_oof,TCGA_COAD,TCGA-AA-3818-01A,fixed_log_expression,svm_rbf,0,0.00224573100362689,0.464920554483512,outer_fold_nested_fixed_200
discovery_nested_oof,TCGA_COAD,TCGA-AA-3821-01A,fixed_log_expression,svm_rbf,1,0.9542028332129779,0.464920554483512,outer_fold_nested_fixed_200
discovery_nested_oof,TCGA_COAD,TCGA-AA-3831-01A,fixed_log_expression,svm_rbf,0,0.011193500016057803,0.464920554483512,outer_fold_nested_fixed_200
discovery_nested_oof,TCGA_COAD,TCGA-AA-3833-01A,fixed_log_expression,svm_rbf,1,0.7515872702104371,0.464920554483512,outer_fold_nested_fixed_200
discovery_nested_oof,TCGA_COAD,TCGA-AA-3837-01A,fixed_log_expression,svm_rbf,0,0.0006461753560662213,0.464920554483512,outer_fold_nested_fixed_200
discovery_nested_oof,TCGA_COAD,TCGA-AA-3841-01A,fixed_log_expression,svm_rbf,0,0.0032286911166113244,0.464920554483512,outer_fold_nested_fixed_200
discovery_nested_oof,TCGA_COAD,TCGA-AA-3842-01A,fixed_log_expression,svm_rbf,0,0.05803544675909229,0.464920554483512,outer_fold_nested_fixed_200
discovery_nested_oof,TCGA_COAD,TCGA-AA-3844-01A,fixed_log_expression,svm_rbf,0,0.003706091269764412,0.464920554483512,outer_fold_nested_fixed_200
discovery_nested_oof,TCGA_COAD,TCGA-AA-3845-01A,fixed_log_expression,svm_rbf,1,0.859421107562005,0.464920554483512,outer_fold_nested_fixed_200
discovery_nested_oof,TCGA_COAD,TCGA-AA-3846-01A,fixed_log_expression,svm_rbf,0,0.0035310173697036536,0.464920554483512,outer_fold_nested_fixed_200
discovery_nested_oof,TCGA_COAD,TCGA-AA-3848-01A,fixed_log_expression,svm_rbf,0,0.005600639959095212,0.464920554483512,outer_fold_nested_fixed_200
discovery_nested_oof,TCGA_COAD,TCGA-AA-3850-01A,fixed_log_expression,svm_rbf,0,0.01727597212208442,0.464920554483512,outer_fold_nested_fixed_200
discovery_nested_oof,TCGA_COAD,TCGA-AA-3851-01A,fixed_log_expression,svm_rbf,0,0.012330518816829615,0.464920554483512,outer_fold_nested_fixed_200
discovery_nested_oof,TCGA_COAD,TCGA-AA-3856-01A,fixed_log_expression,svm_rbf,0,0.0019237428905090105,0.464920554483512,outer_fold_nested_fixed_200
discovery_nested_oof,TCGA_COAD,TCGA-AA-3858-01A,fixed_log_expression,svm_rbf,0,0.006856755956636166,0.464920554483512,outer_fold_nested_fixed_200
discovery_nested_oof,TCGA_COAD,TCGA-AA-3860-01A,fixed_log_expression,svm_rbf,0,0.007712697202187432,0.464920554483512,outer_fold_nested_fixed_200
discovery_nested_oof,TCGA_COAD,TCGA-AA-3862-01A,fixed_log_expression,svm_rbf,0,0.019249386132964272,0.464920554483512,outer_fold_nested_fixed_200
discovery_nested_oof,TCGA_COAD,TCGA-AA-3864-01A,fixed_log_expression,svm_rbf,1,0.8447993862221412,0.464920554483512,outer_fold_nested_fixed_200
discovery_nested_oof,TCGA_COAD,TCGA-AA-3867-01A,fixed_log_expression,svm_rbf,0,0.001444452039245066,0.464920554483512,outer_fold_nested_fixed_200
discovery_nested_oof,TCGA_COAD,TCGA-AA-3869-01A,fixed_log_expression,svm_rbf,0,0.008561963489427015,0.464920554483512,outer_fold_nested_fixed_200
discovery_nested_oof,TCGA_COAD,TCGA-AA-3870-01A,fixed_log_expression,svm_rbf,0,0.3303538440053033,0.464920554483512,outer_fold_nested_fixed_200
discovery_nested_oof,TCGA_COAD,TCGA-AA-3872-01A,fixed_log_expression,svm_rbf,0,0.014285086683905634,0.464920554483512,outer_fold_nested_fixed_200
discovery_nested_oof,TCGA_COAD,TCGA-AA-3875-01A,fixed_log_expression,svm_rbf,0,0.0008957056711102665,0.464920554483512,outer_fold_nested_fixed_200
discovery_nested_oof,TCGA_COAD,TCGA-AA-3877-01A,fixed_log_expression,svm_rbf,1,0.9971369490526716,0.464920554483512,outer_fold_nested_fixed_200
discovery_nested_oof,TCGA_COAD,TCGA-AA-3939-01A,fixed_log_expression,svm_rbf,0,0.022982523569967606,0.464920554483512,outer_fold_nested_fixed_200
discovery_nested_oof,TCGA_COAD,TCGA-AA-3947-01A,fixed_log_expression,svm_rbf,1,0.464920554483512,0.464920554483512,outer_fold_nested_fixed_200
discovery_nested_oof,TCGA_COAD,TCGA-AA-3949-01A,fixed_log_expression,svm_rbf,1,0.9965571969169746,0.464920554483512,outer_fold_nested_fixed_200
discovery_nested_oof,TCGA_COAD,TCGA-AA-3950-01A,fixed_log_expression,svm_rbf,1,0.9758579205121046,0.464920554483512,outer_fold_nested_fixed_200
discovery_nested_oof,TCGA_COAD,TCGA-AA-3952-01A,fixed_log_expression,svm_rbf,0,0.023192991217236482,0.464920554483512,outer_fold_nested_fixed_200
discovery_nested_oof,TCGA_COAD,TCGA-AA-3955-01A,fixed_log_expression,svm_rbf,0,0.0042295598226288434,0.464920554483512,outer_fold_nested_fixed_200
discovery_nested_oof,TCGA_COAD,TCGA-AA-3956-01A,fixed_log_expression,svm_rbf,0,0.003396119799565023,0.464920554483512,outer_fold_nested_fixed_200
discovery_nested_oof,TCGA_COAD,TCGA-AA-3966-01A,fixed_log_expression,svm_rbf,1,0.9643404369680832,0.464920554483512,outer_fold_nested_fixed_200
discovery_nested_oof,TCGA_COAD,TCGA-AA-3968-01A,fixed_log_expression,svm_rbf,0,0.017567074599781893,0.464920554483512,outer_fold_nested_fixed_200
discovery_nested_oof,TCGA_COAD,TCGA-AA-3970-01A,fixed_log_expression,svm_rbf,0,0.003744412120616422,0.464920554483512,outer_fold_nested_fixed_200
discovery_nested_oof,TCGA_COAD,TCGA-AA-3971-01A,fixed_log_expression,svm_rbf,0,0.00268340947257624,0.464920554483512,outer_fold_nested_fixed_200
discovery_nested_oof,TCGA_COAD,TCGA-AA-3975-01A,fixed_log_expression,svm_rbf,0,0.0020003700863304033,0.464920554483512,outer_fold_nested_fixed_200
discovery_nested_oof,TCGA_COAD,TCGA-AA-3976-01A,fixed_log_expression,svm_rbf,0,0.002048537111190878,0.464920554483512,outer_fold_nested_fixed_200
discovery_nested_oof,TCGA_COAD,TCGA-AA-3977-01A,fixed_log_expression,svm_rbf,0,0.62848823135292,0.464920554483512,outer_fold_nested_fixed_200
discovery_nested_oof,TCGA_COAD,TCGA-AA-3979-01A,fixed_log_expression,svm_rbf,0,0.0103786566421757,0.464920554483512,outer_fold_nested_fixed_200
discovery_nested_oof,TCGA_COAD,TCGA-AA-3980-01A,fixed_log_expression,svm_rbf,0,0.14577781989659308,0.464920554483512,outer_fold_nested_fixed_200
discovery_nested_oof,TCGA_COAD,TCGA-AA-3984-01A,fixed_log_expression,svm_rbf,0,0.08125453307218493,0.464920554483512,outer_fold_nested_fixed_200
discovery_nested_oof,TCGA_COAD,TCGA-AA-3986-01A,fixed_log_expression,svm_rbf,0,0.018630123393397154,0.464920554483512,outer_fold_nested_fixed_200
discovery_nested_oof,TCGA_COAD,TCGA-AA-3989-01A,fixed_log_expression,svm_rbf,0,0.004257591752575573,0.464920554483512,outer_fold_nested_fixed_200
discovery_nested_oof,TCGA_COAD,TCGA-AA-3994-01A,fixed_log_expression,svm_rbf,0,0.18776279780507912,0.464920554483512,outer_fold_nested_fixed_200
discovery_nested_oof,TCGA_COAD,TCGA-AA-A00A-01A,fixed_log_expression,svm_rbf,1,0.10941095922442962,0.464920554483512,outer_fold_nested_fixed_200
discovery_nested_oof,TCGA_COAD,TCGA-AA-A00D-01A,fixed_log_expression,svm_rbf,0,0.07971052390005615,0.464920554483512,outer_fold_nested_fixed_200
discovery_nested_oof,TCGA_COAD,TCGA-AA-A00E-01A,fixed_log_expression,svm_rbf,1,0.9879502811916665,0.464920554483512,outer_fold_nested_fixed_200
discovery_nested_oof,TCGA_COAD,TCGA-AA-A00F-01A,fixed_log_expression,svm_rbf,0,0.0031178446333503663,0.464920554483512,outer_fold_nested_fixed_200
discovery_nested_oof,TCGA_COAD,TCGA-AA-A00J-01A,fixed_log_expression,svm_rbf,1,0.7861974553694914,0.464920554483512,outer_fold_nested_fixed_200
discovery_nested_oof,TCGA_COAD,TCGA-AA-A00L-01A,fixed_log_expression,svm_rbf,0,0.002515685106390689,0.464920554483512,outer_fold_nested_fixed_200
discovery_nested_oof,TCGA_COAD,TCGA-AA-A00Q-01A,fixed_log_expression,svm_rbf,0,0.0019371725104093535,0.464920554483512,outer_fold_nested_fixed_200
discovery_nested_oof,TCGA_COAD,TCGA-AA-A00R-01A,fixed_log_expression,svm_rbf,1,0.9943050999016914,0.464920554483512,outer_fold_nested_fixed_200
discovery_nested_oof,TCGA_COAD,TCGA-AA-A00U-01A,fixed_log_expression,svm_rbf,0,0.004708318371399237,0.464920554483512,outer_fold_nested_fixed_200
discovery_nested_oof,TCGA_COAD,TCGA-AA-A00W-01A,fixed_log_expression,svm_rbf,0,0.0023673740776447606,0.464920554483512,outer_fold_nested_fixed_200
discovery_nested_oof,TCGA_COAD,TCGA-AA-A00Z-01A,fixed_log_expression,svm_rbf,0,0.002193621036558644,0.464920554483512,outer_fold_nested_fixed_200
discovery_nested_oof,TCGA_COAD,TCGA-AA-A017-01A,fixed_log_expression,svm_rbf,0,0.002662545967673755,0.464920554483512,outer_fold_nested_fixed_200
discovery_nested_oof,TCGA_COAD,TCGA-AA-A01C-01A,fixed_log_expression,svm_rbf,0,0.001425567986335571,0.464920554483512,outer_fold_nested_fixed_200
discovery_nested_oof,TCGA_COAD,TCGA-AA-A01D-01A,fixed_log_expression,svm_rbf,0,0.0683759322719269,0.464920554483512,outer_fold_nested_fixed_200
discovery_nested_oof,TCGA_COAD,TCGA-AA-A01F-01A,fixed_log_expression,svm_rbf,0,0.02338378860003366,0.464920554483512,outer_fold_nested_fixed_200
discovery_nested_oof,TCGA_COAD,TCGA-AA-A01I-01A,fixed_log_expression,svm_rbf,0,0.031223845917855396,0.464920554483512,outer_fold_nested_fixed_200
discovery_nested_oof,TCGA_COAD,TCGA-AA-A01K-01A,fixed_log_expression,svm_rbf,0,0.0029605600880891077,0.464920554483512,outer_fold_nested_fixed_200
discovery_nested_oof,TCGA_COAD,TCGA-AA-A01P-01A,fixed_log_expression,svm_rbf,1,0.9679096789323397,0.464920554483512,outer_fold_nested_fixed_200
discovery_nested_oof,TCGA_COAD,TCGA-AA-A01Q-01A,fixed_log_expression,svm_rbf,1,0.7902768468216234,0.464920554483512,outer_fold_nested_fixed_200
discovery_nested_oof,TCGA_COAD,TCGA-AA-A01R-01A,fixed_log_expression,svm_rbf,1,0.8622618018825576,0.464920554483512,outer_fold_nested_fixed_200
discovery_nested_oof,TCGA_COAD,TCGA-AA-A01T-01A,fixed_log_expression,svm_rbf,0,0.008759550926610632,0.464920554483512,outer_fold_nested_fixed_200
discovery_nested_oof,TCGA_COAD,TCGA-AA-A01V-01A,fixed_log_expression,svm_rbf,0,0.013613215569389296,0.464920554483512,outer_fold_nested_fixed_200
discovery_nested_oof,TCGA_COAD,TCGA-AA-A01X-01A,fixed_log_expression,svm_rbf,0,0.0015441005314838,0.464920554483512,outer_fold_nested_fixed_200
discovery_nested_oof,TCGA_COAD,TCGA-AA-A01Z-01A,fixed_log_expression,svm_rbf,0,0.008069826396979363,0.464920554483512,outer_fold_nested_fixed_200
discovery_nested_oof,TCGA_COAD,TCGA-AA-A022-01A,fixed_log_expression,svm_rbf,1,0.9900842334151309,0.464920554483512,outer_fold_nested_fixed_200
discovery_nested_oof,TCGA_COAD,TCGA-AA-A02F-01A,fixed_log_expression,svm_rbf,0,0.04082532783669288,0.464920554483512,outer_fold_nested_fixed_200
discovery_nested_oof,TCGA_COAD,TCGA-AA-A02H-01A,fixed_log_expression,svm_rbf,0,0.003588902454240217,0.464920554483512,outer_fold_nested_fixed_200
discovery_nested_oof,TCGA_COAD,TCGA-AA-A02J-01A,fixed_log_expression,svm_rbf,0,0.032111351220682795,0.464920554483512,outer_fold_nested_fixed_200
discovery_nested_oof,TCGA_COAD,TCGA-AA-A02K-01A,fixed_log_expression,svm_rbf,0,0.08587011432181368,0.464920554483512,outer_fold_nested_fixed_200
discovery_nested_oof,TCGA_COAD,TCGA-AA-A02O-01A,fixed_log_expression,svm_rbf,0,0.01831818919736643,0.464920554483512,outer_fold_nested_fixed_200
discovery_nested_oof,TCGA_COAD,TCGA-AA-A02R-01A,fixed_log_expression,svm_rbf,1,0.9553155250377688,0.464920554483512,outer_fold_nested_fixed_200
discovery_nested_oof,TCGA_COAD,TCGA-AA-A02Y-01A,fixed_log_expression,svm_rbf,0,0.022950647526373855,0.464920554483512,outer_fold_nested_fixed_200
discovery_nested_oof,TCGA_COAD,TCGA-AA-A03F-01A,fixed_log_expression,svm_rbf,0,0.060916680700483374,0.464920554483512,outer_fold_nested_fixed_200
discovery_nested_oof,TCGA_COAD,TCGA-AA-A03J-01A,fixed_log_expression,svm_rbf,0,0.008573339258921855,0.464920554483512,outer_fold_nested_fixed_200
discovery_nested_oof,TCGA_COAD,TCGA-AY-4070-01A,fixed_log_expression,svm_rbf,0,0.049195828697964676,0.464920554483512,outer_fold_nested_fixed_200
discovery_nested_oof,TCGA_COAD,TCGA-AY-4071-01A,fixed_log_expression,svm_rbf,0,0.005920092217996559,0.464920554483512,outer_fold_nested_fixed_200
discovery_nested_oof,TCGA_COAD,TCGA-AZ-4308-01A,fixed_log_expression,svm_rbf,0,0.012452707074695923,0.464920554483512,outer_fold_nested_fixed_200
discovery_nested_oof,TCGA_COAD,TCGA-AZ-4313-01A,fixed_log_expression,svm_rbf,1,0.7126333654361987,0.464920554483512,outer_fold_nested_fixed_200
discovery_nested_oof,TCGA_COAD,TCGA-AZ-4315-01A,fixed_log_expression,svm_rbf,0,0.3984312113028007,0.464920554483512,outer_fold_nested_fixed_200
discovery_nested_oof,TCGA_COAD,TCGA-AZ-4615-01A,fixed_log_expression,svm_rbf,1,0.9881259433691206,0.464920554483512,outer_fold_nested_fixed_200
discovery_nested_oof,TCGA_COAD,TCGA-AZ-4681-01A,fixed_log_expression,svm_rbf,0,0.012710070465065771,0.464920554483512,outer_fold_nested_fixed_200
discovery_nested_oof,TCGA_COAD,TCGA-AZ-4682-01B,fixed_log_expression,svm_rbf,0,0.007127506405097947,0.464920554483512,outer_fold_nested_fixed_200
discovery_nested_oof,TCGA_COAD,TCGA-CA-5256-01A,fixed_log_expression,svm_rbf,0,0.015825831100050092,0.464920554483512,outer_fold_nested_fixed_200
discovery_nested_oof,TCGA_COAD,TCGA-CK-4951-01A,fixed_log_expression,svm_rbf,1,0.8165421823395332,0.464920554483512,outer_fold_nested_fixed_200
discovery_nested_oof,TCGA_COAD,TCGA-CM-4744-01A,fixed_log_expression,svm_rbf,0,0.16599977019211054,0.464920554483512,outer_fold_nested_fixed_200
discovery_nested_oof,TCGA_COAD,TCGA-CM-4746-01A,fixed_log_expression,svm_rbf,1,0.09497754875117037,0.464920554483512,outer_fold_nested_fixed_200
discovery_nested_oof,TCGA_COAD,TCGA-CM-4748-01A,fixed_log_expression,svm_rbf,0,0.046696586925138756,0.464920554483512,outer_fold_nested_fixed_200
discovery_nested_oof,TCGA_COAD,TCGA-CM-4752-01A,fixed_log_expression,svm_rbf,0,0.0147609199211296,0.464920554483512,outer_fold_nested_fixed_200
discovery_nested_oof,TCGA_COAD,TCGA-CM-5341-01A,fixed_log_expression,svm_rbf,0,0.13311302294990093,0.464920554483512,outer_fold_nested_fixed_200
TCGA_to_GEO,GSE13294,GSM335510,fixed_log_expression,svm_rbf,0,0.4885729153043577,0.464920554483512,full_discovery_fixed_200
TCGA_to_GEO,GSE13294,GSM335511,fixed_log_expression,svm_rbf,1,0.4885924133878814,0.464920554483512,full_discovery_fixed_200
TCGA_to_GEO,GSE13294,GSM335512,fixed_log_expression,svm_rbf,0,0.48858511773662144,0.464920554483512,full_discovery_fixed_200
TCGA_to_GEO,GSE13294,GSM335513,fixed_log_expression,svm_rbf,0,0.48853294472442554,0.464920554483512,full_discovery_fixed_200
TCGA_to_GEO,GSE13294,GSM335514,fixed_log_expression,svm_rbf,0,0.4885706292140653,0.464920554483512,full_discovery_fixed_200
TCGA_to_GEO,GSE13294,GSM335515,fixed_log_expression,svm_rbf,0,0.4885711471825618,0.464920554483512,full_discovery_fixed_200
TCGA_to_GEO,GSE13294,GSM335516,fixed_log_expression,svm_rbf,0,0.48856598758095054,0.464920554483512,full_discovery_fixed_200
TCGA_to_GEO,GSE13294,GSM335517,fixed_log_expression,svm_rbf,0,0.48855595550481334,0.464920554483512,full_discovery_fixed_200
TCGA_to_GEO,GSE13294,GSM335518,fixed_log_expression,svm_rbf,1,0.48859158324475865,0.464920554483512,full_discovery_fixed_200
TCGA_to_GEO,GSE13294,GSM335519,fixed_log_expression,svm_rbf,1,0.4885886679683761,0.464920554483512,full_discovery_fixed_200
TCGA_to_GEO,GSE13294,GSM335520,fixed_log_expression,svm_rbf,0,0.48858021343972413,0.464920554483512,full_discovery_fixed_200
TCGA_to_GEO,GSE13294,GSM335521,fixed_log_expression,svm_rbf,0,0.4885684396431888,0.464920554483512,full_discovery_fixed_200
TCGA_to_GEO,GSE13294,GSM335522,fixed_log_expression,svm_rbf,0,0.4885723458796813,0.464920554483512,full_discovery_fixed_200
TCGA_to_GEO,GSE13294,GSM335523,fixed_log_expression,svm_rbf,0,0.48857729574992603,0.464920554483512,full_discovery_fixed_200
TCGA_to_GEO,GSE13294,GSM335524,fixed_log_expression,svm_rbf,0,0.4885740492233393,0.464920554483512,full_discovery_fixed_200
TCGA_to_GEO,GSE13294,GSM335525,fixed_log_expression,svm_rbf,1,0.4886489929577952,0.464920554483512,full_discovery_fixed_200
TCGA_to_GEO,GSE13294,GSM335526,fixed_log_expression,svm_rbf,0,0.48854573968579595,0.464920554483512,full_discovery_fixed_200
TCGA_to_GEO,GSE13294,GSM335527,fixed_log_expression,svm_rbf,1,0.4885820141081634,0.464920554483512,full_discovery_fixed_200
TCGA_to_GEO,GSE13294,GSM335528,fixed_log_expression,svm_rbf,0,0.4885523949922885,0.464920554483512,full_discovery_fixed_200
TCGA_to_GEO,GSE13294,GSM335529,fixed_log_expression,svm_rbf,1,0.48858476909107984,0.464920554483512,full_discovery_fixed_200
TCGA_to_GEO,GSE13294,GSM335530,fixed_log_expression,svm_rbf,1,0.48859290613378065,0.464920554483512,full_discovery_fixed_200
TCGA_to_GEO,GSE13294,GSM335531,fixed_log_expression,svm_rbf,0,0.4885658397603019,0.464920554483512,full_discovery_fixed_200
TCGA_to_GEO,GSE13294,GSM335532,fixed_log_expression,svm_rbf,1,0.4886203953043922,0.464920554483512,full_discovery_fixed_200
TCGA_to_GEO,GSE13294,GSM335533,fixed_log_expression,svm_rbf,0,0.4885551804241859,0.464920554483512,full_discovery_fixed_200
TCGA_to_GEO,GSE13294,GSM335534,fixed_log_expression,svm_rbf,0,0.4885751774694458,0.464920554483512,full_discovery_fixed_200
TCGA_to_GEO,GSE13294,GSM335535,fixed_log_expression,svm_rbf,0,0.4885753211304585,0.464920554483512,full_discovery_fixed_200
TCGA_to_GEO,GSE13294,GSM335536,fixed_log_expression,svm_rbf,0,0.4885693880536796,0.464920554483512,full_discovery_fixed_200
TCGA_to_GEO,GSE13294,GSM335537,fixed_log_expression,svm_rbf,0,0.4885660370119067,0.464920554483512,full_discovery_fixed_200
TCGA_to_GEO,GSE13294,GSM335538,fixed_log_expression,svm_rbf,0,0.48856339754218286,0.464920554483512,full_discovery_fixed_200
TCGA_to_GEO,GSE13294,GSM335539,fixed_log_expression,svm_rbf,0,0.4885230111362768,0.464920554483512,full_discovery_fixed_200
TCGA_to_GEO,GSE13294,GSM335540,fixed_log_expression,svm_rbf,0,0.4885558467387481,0.464920554483512,full_discovery_fixed_200
TCGA_to_GEO,GSE13294,GSM335541,fixed_log_expression,svm_rbf,1,0.4886100620836809,0.464920554483512,full_discovery_fixed_200
TCGA_to_GEO,GSE13294,GSM335542,fixed_log_expression,svm_rbf,1,0.4885848909422539,0.464920554483512,full_discovery_fixed_200
TCGA_to_GEO,GSE13294,GSM335543,fixed_log_expression,svm_rbf,1,0.48858205244515285,0.464920554483512,full_discovery_fixed_200
TCGA_to_GEO,GSE13294,GSM335544,fixed_log_expression,svm_rbf,1,0.48861545443091275,0.464920554483512,full_discovery_fixed_200
TCGA_to_GEO,GSE13294,GSM335545,fixed_log_expression,svm_rbf,1,0.488590034468192,0.464920554483512,full_discovery_fixed_200
TCGA_to_GEO,GSE13294,GSM335546,fixed_log_expression,svm_rbf,1,0.48859905288572036,0.464920554483512,full_discovery_fixed_200
TCGA_to_GEO,GSE13294,GSM335547,fixed_log_expression,svm_rbf,0,0.48857716466428297,0.464920554483512,full_discovery_fixed_200
TCGA_to_GEO,GSE13294,GSM335548,fixed_log_expression,svm_rbf,0,0.4885639519544827,0.464920554483512,full_discovery_fixed_200
TCGA_to_GEO,GSE13294,GSM335549,fixed_log_expression,svm_rbf,0,0.48855912226412396,0.464920554483512,full_discovery_fixed_200
TCGA_to_GEO,GSE13294,GSM335550,fixed_log_expression,svm_rbf,0,0.48856458761962496,0.464920554483512,full_discovery_fixed_200
TCGA_to_GEO,GSE13294,GSM335551,fixed_log_expression,svm_rbf,1,0.4886124795704314,0.464920554483512,full_discovery_fixed_200
TCGA_to_GEO,GSE13294,GSM335552,fixed_log_expression,svm_rbf,0,0.48857023476805506,0.464920554483512,full_discovery_fixed_200
TCGA_to_GEO,GSE13294,GSM335553,fixed_log_expression,svm_rbf,0,0.48857310144447363,0.464920554483512,full_discovery_fixed_200
TCGA_to_GEO,GSE13294,GSM335554,fixed_log_expression,svm_rbf,0,0.48856957863551503,0.464920554483512,full_discovery_fixed_200
TCGA_to_GEO,GSE13294,GSM335555,fixed_log_expression,svm_rbf,1,0.48858541138109557,0.464920554483512,full_discovery_fixed_200
TCGA_to_GEO,GSE13294,GSM335556,fixed_log_expression,svm_rbf,0,0.48855756728861194,0.464920554483512,full_discovery_fixed_200
TCGA_to_GEO,GSE13294,GSM335557,fixed_log_expression,svm_rbf,0,0.48852772482435497,0.464920554483512,full_discovery_fixed_200
TCGA_to_GEO,GSE13294,GSM335558,fixed_log_expression,svm_rbf,0,0.48854592467991687,0.464920554483512,full_discovery_fixed_200
TCGA_to_GEO,GSE13294,GSM335559,fixed_log_expression,svm_rbf,1,0.48861965187862766,0.464920554483512,full_discovery_fixed_200
TCGA_to_GEO,GSE13294,GSM335560,fixed_log_expression,svm_rbf,1,0.48860711272031815,0.464920554483512,full_discovery_fixed_200
TCGA_to_GEO,GSE13294,GSM335561,fixed_log_expression,svm_rbf,0,0.4885032081398806,0.464920554483512,full_discovery_fixed_200
TCGA_to_GEO,GSE13294,GSM335562,fixed_log_expression,svm_rbf,1,0.4885792582508685,0.464920554483512,full_discovery_fixed_200
TCGA_to_GEO,GSE13294,GSM335563,fixed_log_expression,svm_rbf,1,0.48859665573353395,0.464920554483512,full_discovery_fixed_200
TCGA_to_GEO,GSE13294,GSM335564,fixed_log_expression,svm_rbf,0,0.4885742594815042,0.464920554483512,full_discovery_fixed_200
TCGA_to_GEO,GSE13294,GSM335565,fixed_log_expression,svm_rbf,1,0.48858060380599444,0.464920554483512,full_discovery_fixed_200
TCGA_to_GEO,GSE13294,GSM335566,fixed_log_expression,svm_rbf,1,0.4886106564286537,0.464920554483512,full_discovery_fixed_200
TCGA_to_GEO,GSE13294,GSM335567,fixed_log_expression,svm_rbf,0,0.4885587487528185,0.464920554483512,full_discovery_fixed_200
TCGA_to_GEO,GSE13294,GSM335568,fixed_log_expression,svm_rbf,0,0.48854988922578474,0.464920554483512,full_discovery_fixed_200
TCGA_to_GEO,GSE13294,GSM335569,fixed_log_expression,svm_rbf,0,0.48855858653770634,0.464920554483512,full_discovery_fixed_200
TCGA_to_GEO,GSE13294,GSM335570,fixed_log_expression,svm_rbf,0,0.4885790430486427,0.464920554483512,full_discovery_fixed_200
TCGA_to_GEO,GSE13294,GSM335571,fixed_log_expression,svm_rbf,0,0.48853270151308215,0.464920554483512,full_discovery_fixed_200
TCGA_to_GEO,GSE13294,GSM335572,fixed_log_expression,svm_rbf,0,0.4885583929983983,0.464920554483512,full_discovery_fixed_200
TCGA_to_GEO,GSE13294,GSM335573,fixed_log_expression,svm_rbf,1,0.488560494594242,0.464920554483512,full_discovery_fixed_200
TCGA_to_GEO,GSE13294,GSM335574,fixed_log_expression,svm_rbf,1,0.48857679893171785,0.464920554483512,full_discovery_fixed_200
TCGA_to_GEO,GSE13294,GSM335575,fixed_log_expression,svm_rbf,0,0.48857492061027485,0.464920554483512,full_discovery_fixed_200
TCGA_to_GEO,GSE13294,GSM335576,fixed_log_expression,svm_rbf,1,0.4885806589881627,0.464920554483512,full_discovery_fixed_200
TCGA_to_GEO,GSE13294,GSM335577,fixed_log_expression,svm_rbf,1,0.4885889344197326,0.464920554483512,full_discovery_fixed_200
TCGA_to_GEO,GSE13294,GSM335578,fixed_log_expression,svm_rbf,1,0.4885767177014638,0.464920554483512,full_discovery_fixed_200
TCGA_to_GEO,GSE13294,GSM335579,fixed_log_expression,svm_rbf,0,0.48857947732707346,0.464920554483512,full_discovery_fixed_200
TCGA_to_GEO,GSE13294,GSM335580,fixed_log_expression,svm_rbf,0,0.48857061078285413,0.464920554483512,full_discovery_fixed_200
TCGA_to_GEO,GSE13294,GSM335581,fixed_log_expression,svm_rbf,0,0.48857779238708543,0.464920554483512,full_discovery_fixed_200
TCGA_to_GEO,GSE13294,GSM335582,fixed_log_expression,svm_rbf,0,0.4885663680674134,0.464920554483512,full_discovery_fixed_200
TCGA_to_GEO,GSE13294,GSM335583,fixed_log_expression,svm_rbf,0,0.48855247843945976,0.464920554483512,full_discovery_fixed_200
TCGA_to_GEO,GSE13294,GSM335584,fixed_log_expression,svm_rbf,0,0.48857180149318735,0.464920554483512,full_discovery_fixed_200
TCGA_to_GEO,GSE13294,GSM335585,fixed_log_expression,svm_rbf,1,0.4885787152957464,0.464920554483512,full_discovery_fixed_200
TCGA_to_GEO,GSE13294,GSM335586,fixed_log_expression,svm_rbf,0,0.4885704906752832,0.464920554483512,full_discovery_fixed_200
TCGA_to_GEO,GSE13294,GSM335587,fixed_log_expression,svm_rbf,0,0.488575875367677,0.464920554483512,full_discovery_fixed_200
TCGA_to_GEO,GSE13294,GSM335588,fixed_log_expression,svm_rbf,0,0.4885641368787546,0.464920554483512,full_discovery_fixed_200
TCGA_to_GEO,GSE13294,GSM335589,fixed_log_expression,svm_rbf,0,0.48856097252966496,0.464920554483512,full_discovery_fixed_200
TCGA_to_GEO,GSE13294,GSM335590,fixed_log_expression,svm_rbf,0,0.48857742518847863,0.464920554483512,full_discovery_fixed_200
TCGA_to_GEO,GSE13294,GSM335591,fixed_log_expression,svm_rbf,0,0.48856982700606777,0.464920554483512,full_discovery_fixed_200
TCGA_to_GEO,GSE13294,GSM335592,fixed_log_expression,svm_rbf,0,0.4885547334549792,0.464920554483512,full_discovery_fixed_200
TCGA_to_GEO,GSE13294,GSM335593,fixed_log_expression,svm_rbf,0,0.48854690335961015,0.464920554483512,full_discovery_fixed_200
TCGA_to_GEO,GSE13294,GSM335594,fixed_log_expression,svm_rbf,0,0.48856651911947957,0.464920554483512,full_discovery_fixed_200
TCGA_to_GEO,GSE13294,GSM335595,fixed_log_expression,svm_rbf,1,0.4885807120765737,0.464920554483512,full_discovery_fixed_200
TCGA_to_GEO,GSE13294,GSM335596,fixed_log_expression,svm_rbf,0,0.48857314881456376,0.464920554483512,full_discovery_fixed_200
TCGA_to_GEO,GSE13294,GSM335597,fixed_log_expression,svm_rbf,1,0.48857666640702574,0.464920554483512,full_discovery_fixed_200
TCGA_to_GEO,GSE13294,GSM335598,fixed_log_expression,svm_rbf,0,0.4885322177437772,0.464920554483512,full_discovery_fixed_200
TCGA_to_GEO,GSE13294,GSM335599,fixed_log_expression,svm_rbf,0,0.4885677733152628,0.464920554483512,full_discovery_fixed_200
TCGA_to_GEO,GSE13294,GSM335600,fixed_log_expression,svm_rbf,0,0.48856823372719027,0.464920554483512,full_discovery_fixed_200
TCGA_to_GEO,GSE13294,GSM335601,fixed_log_expression,svm_rbf,0,0.48856643004698014,0.464920554483512,full_discovery_fixed_200
TCGA_to_GEO,GSE13294,GSM335602,fixed_log_expression,svm_rbf,0,0.4885573743085205,0.464920554483512,full_discovery_fixed_200
TCGA_to_GEO,GSE13294,GSM335603,fixed_log_expression,svm_rbf,0,0.4885615348295165,0.464920554483512,full_discovery_fixed_200
TCGA_to_GEO,GSE13294,GSM335604,fixed_log_expression,svm_rbf,0,0.48856847905575673,0.464920554483512,full_discovery_fixed_200
TCGA_to_GEO,GSE13294,GSM335605,fixed_log_expression,svm_rbf,0,0.48848986239928316,0.464920554483512,full_discovery_fixed_200
TCGA_to_GEO,GSE13294,GSM335606,fixed_log_expression,svm_rbf,0,0.4884371954527203,0.464920554483512,full_discovery_fixed_200
TCGA_to_GEO,GSE13294,GSM335607,fixed_log_expression,svm_rbf,0,0.48858027770644463,0.464920554483512,full_discovery_fixed_200
TCGA_to_GEO,GSE13294,GSM335608,fixed_log_expression,svm_rbf,0,0.4885895713891093,0.464920554483512,full_discovery_fixed_200
TCGA_to_GEO,GSE13294,GSM335609,fixed_log_expression,svm_rbf,0,0.48856723924961987,0.464920554483512,full_discovery_fixed_200
TCGA_to_GEO,GSE13294,GSM335610,fixed_log_expression,svm_rbf,0,0.488533937539518,0.464920554483512,full_discovery_fixed_200
TCGA_to_GEO,GSE13294,GSM335611,fixed_log_expression,svm_rbf,0,0.4885571772807758,0.464920554483512,full_discovery_fixed_200
TCGA_to_GEO,GSE13294,GSM335612,fixed_log_expression,svm_rbf,0,0.48856052302513925,0.464920554483512,full_discovery_fixed_200
TCGA_to_GEO,GSE13294,GSM335613,fixed_log_expression,svm_rbf,0,0.48854990403822723,0.464920554483512,full_discovery_fixed_200
TCGA_to_GEO,GSE13294,GSM335614,fixed_log_expression,svm_rbf,1,0.48859886919104445,0.464920554483512,full_discovery_fixed_200
TCGA_to_GEO,GSE13294,GSM335615,fixed_log_expression,svm_rbf,0,0.48856136749523965,0.464920554483512,full_discovery_fixed_200
TCGA_to_GEO,GSE13294,GSM335616,fixed_log_expression,svm_rbf,0,0.48857024043566616,0.464920554483512,full_discovery_fixed_200
TCGA_to_GEO,GSE13294,GSM335617,fixed_log_expression,svm_rbf,0,0.4885533888853378,0.464920554483512,full_discovery_fixed_200
TCGA_to_GEO,GSE13294,GSM335618,fixed_log_expression,svm_rbf,1,0.48857352157277467,0.464920554483512,full_discovery_fixed_200
TCGA_to_GEO,GSE13294,GSM335619,fixed_log_expression,svm_rbf,1,0.48858521624075296,0.464920554483512,full_discovery_fixed_200
TCGA_to_GEO,GSE13294,GSM335620,fixed_log_expression,svm_rbf,1,0.4885767334019735,0.464920554483512,full_discovery_fixed_200
TCGA_to_GEO,GSE13294,GSM335621,fixed_log_expression,svm_rbf,1,0.4886083910361665,0.464920554483512,full_discovery_fixed_200
TCGA_to_GEO,GSE13294,GSM335622,fixed_log_expression,svm_rbf,1,0.4885794172860753,0.464920554483512,full_discovery_fixed_200
TCGA_to_GEO,GSE13294,GSM335623,fixed_log_expression,svm_rbf,1,0.48858825990075844,0.464920554483512,full_discovery_fixed_200
TCGA_to_GEO,GSE13294,GSM335624,fixed_log_expression,svm_rbf,1,0.4885819266519634,0.464920554483512,full_discovery_fixed_200
TCGA_to_GEO,GSE13294,GSM335625,fixed_log_expression,svm_rbf,1,0.48857609259882456,0.464920554483512,full_discovery_fixed_200
TCGA_to_GEO,GSE13294,GSM335626,fixed_log_expression,svm_rbf,1,0.4885777140696444,0.464920554483512,full_discovery_fixed_200
TCGA_to_GEO,GSE13294,GSM335627,fixed_log_expression,svm_rbf,1,0.48858679417832257,0.464920554483512,full_discovery_fixed_200
TCGA_to_GEO,GSE13294,GSM335628,fixed_log_expression,svm_rbf,1,0.48857884246071337,0.464920554483512,full_discovery_fixed_200
TCGA_to_GEO,GSE13294,GSM335629,fixed_log_expression,svm_rbf,1,0.48857893654164736,0.464920554483512,full_discovery_fixed_200
TCGA_to_GEO,GSE13294,GSM335630,fixed_log_expression,svm_rbf,1,0.4886003500889695,0.464920554483512,full_discovery_fixed_200
TCGA_to_GEO,GSE13294,GSM335631,fixed_log_expression,svm_rbf,1,0.48852615012040423,0.464920554483512,full_discovery_fixed_200
TCGA_to_GEO,GSE13294,GSM335632,fixed_log_expression,svm_rbf,1,0.488585015223854,0.464920554483512,full_discovery_fixed_200
TCGA_to_GEO,GSE13294,GSM335633,fixed_log_expression,svm_rbf,1,0.4885827680694756,0.464920554483512,full_discovery_fixed_200
TCGA_to_GEO,GSE13294,GSM335634,fixed_log_expression,svm_rbf,1,0.48859981187659973,0.464920554483512,full_discovery_fixed_200
TCGA_to_GEO,GSE13294,GSM335635,fixed_log_expression,svm_rbf,1,0.48857777978840233,0.464920554483512,full_discovery_fixed_200
TCGA_to_GEO,GSE13294,GSM335636,fixed_log_expression,svm_rbf,1,0.4885422216421725,0.464920554483512,full_discovery_fixed_200
TCGA_to_GEO,GSE13294,GSM335637,fixed_log_expression,svm_rbf,1,0.4885833360576166,0.464920554483512,full_discovery_fixed_200
TCGA_to_GEO,GSE13294,GSM335638,fixed_log_expression,svm_rbf,1,0.4885828860627775,0.464920554483512,full_discovery_fixed_200
TCGA_to_GEO,GSE13294,GSM335639,fixed_log_expression,svm_rbf,1,0.4885808341051441,0.464920554483512,full_discovery_fixed_200
TCGA_to_GEO,GSE13294,GSM335640,fixed_log_expression,svm_rbf,1,0.4886767825154531,0.464920554483512,full_discovery_fixed_200
TCGA_to_GEO,GSE13294,GSM335641,fixed_log_expression,svm_rbf,1,0.4885834053228327,0.464920554483512,full_discovery_fixed_200
TCGA_to_GEO,GSE13294,GSM335642,fixed_log_expression,svm_rbf,1,0.48857877266436295,0.464920554483512,full_discovery_fixed_200
TCGA_to_GEO,GSE13294,GSM335643,fixed_log_expression,svm_rbf,1,0.48857717583604515,0.464920554483512,full_discovery_fixed_200
TCGA_to_GEO,GSE13294,GSM335644,fixed_log_expression,svm_rbf,1,0.4885804953101869,0.464920554483512,full_discovery_fixed_200
TCGA_to_GEO,GSE13294,GSM335645,fixed_log_expression,svm_rbf,1,0.4885838142280333,0.464920554483512,full_discovery_fixed_200
TCGA_to_GEO,GSE13294,GSM335646,fixed_log_expression,svm_rbf,1,0.48858086327541034,0.464920554483512,full_discovery_fixed_200
TCGA_to_GEO,GSE13294,GSM335647,fixed_log_expression,svm_rbf,1,0.48858005000169724,0.464920554483512,full_discovery_fixed_200
TCGA_to_GEO,GSE13294,GSM335648,fixed_log_expression,svm_rbf,1,0.48857232361821706,0.464920554483512,full_discovery_fixed_200
TCGA_to_GEO,GSE13294,GSM335649,fixed_log_expression,svm_rbf,1,0.4885830824265322,0.464920554483512,full_discovery_fixed_200
TCGA_to_GEO,GSE13294,GSM335650,fixed_log_expression,svm_rbf,1,0.4885788382845265,0.464920554483512,full_discovery_fixed_200
TCGA_to_GEO,GSE13294,GSM335651,fixed_log_expression,svm_rbf,1,0.488565912504835,0.464920554483512,full_discovery_fixed_200
TCGA_to_GEO,GSE13294,GSM335652,fixed_log_expression,svm_rbf,1,0.4885803443089086,0.464920554483512,full_discovery_fixed_200
TCGA_to_GEO,GSE13294,GSM335653,fixed_log_expression,svm_rbf,1,0.4885792746606831,0.464920554483512,full_discovery_fixed_200
TCGA_to_GEO,GSE13294,GSM335654,fixed_log_expression,svm_rbf,1,0.488620353097341,0.464920554483512,full_discovery_fixed_200
TCGA_to_GEO,GSE13294,GSM335655,fixed_log_expression,svm_rbf,1,0.4885896703409645,0.464920554483512,full_discovery_fixed_200
TCGA_to_GEO,GSE13294,GSM335656,fixed_log_expression,svm_rbf,1,0.4885960579942006,0.464920554483512,full_discovery_fixed_200
TCGA_to_GEO,GSE13294,GSM335657,fixed_log_expression,svm_rbf,1,0.48858260012920873,0.464920554483512,full_discovery_fixed_200
TCGA_to_GEO,GSE13294,GSM335658,fixed_log_expression,svm_rbf,1,0.4885834194988741,0.464920554483512,full_discovery_fixed_200
TCGA_to_GEO,GSE13294,GSM335659,fixed_log_expression,svm_rbf,1,0.48859641537275306,0.464920554483512,full_discovery_fixed_200
TCGA_to_GEO,GSE13294,GSM335660,fixed_log_expression,svm_rbf,1,0.48858210691052273,0.464920554483512,full_discovery_fixed_200
TCGA_to_GEO,GSE13294,GSM335661,fixed_log_expression,svm_rbf,1,0.48857811412685564,0.464920554483512,full_discovery_fixed_200
TCGA_to_GEO,GSE13294,GSM335662,fixed_log_expression,svm_rbf,1,0.48858275949214547,0.464920554483512,full_discovery_fixed_200
TCGA_to_GEO,GSE13294,GSM335663,fixed_log_expression,svm_rbf,1,0.48858039771151746,0.464920554483512,full_discovery_fixed_200
TCGA_to_GEO,GSE13294,GSM335664,fixed_log_expression,svm_rbf,1,0.488597238102905,0.464920554483512,full_discovery_fixed_200
TCGA_to_GEO,GSE13067,GSM327282,fixed_log_expression,svm_rbf,1,0.48857710557834905,0.464920554483512,full_discovery_fixed_200
TCGA_to_GEO,GSE13067,GSM327283,fixed_log_expression,svm_rbf,0,0.48857386459733215,0.464920554483512,full_discovery_fixed_200
TCGA_to_GEO,GSE13067,GSM327284,fixed_log_expression,svm_rbf,0,0.48856775703114835,0.464920554483512,full_discovery_fixed_200
TCGA_to_GEO,GSE13067,GSM327285,fixed_log_expression,svm_rbf,0,0.48857365536732655,0.464920554483512,full_discovery_fixed_200
TCGA_to_GEO,GSE13067,GSM327286,fixed_log_expression,svm_rbf,0,0.48857573914527436,0.464920554483512,full_discovery_fixed_200
TCGA_to_GEO,GSE13067,GSM327287,fixed_log_expression,svm_rbf,0,0.48857270307854866,0.464920554483512,full_discovery_fixed_200
TCGA_to_GEO,GSE13067,GSM327288,fixed_log_expression,svm_rbf,1,0.488577496732892,0.464920554483512,full_discovery_fixed_200
TCGA_to_GEO,GSE13067,GSM327289,fixed_log_expression,svm_rbf,0,0.488572077292436,0.464920554483512,full_discovery_fixed_200
TCGA_to_GEO,GSE13067,GSM327290,fixed_log_expression,svm_rbf,0,0.4885733821955071,0.464920554483512,full_discovery_fixed_200
TCGA_to_GEO,GSE13067,GSM327291,fixed_log_expression,svm_rbf,0,0.4885739573247346,0.464920554483512,full_discovery_fixed_200
TCGA_to_GEO,GSE13067,GSM327292,fixed_log_expression,svm_rbf,0,0.48857324816139924,0.464920554483512,full_discovery_fixed_200
TCGA_to_GEO,GSE13067,GSM327293,fixed_log_expression,svm_rbf,0,0.48857699901079005,0.464920554483512,full_discovery_fixed_200
TCGA_to_GEO,GSE13067,GSM327294,fixed_log_expression,svm_rbf,0,0.48857029097673443,0.464920554483512,full_discovery_fixed_200
TCGA_to_GEO,GSE13067,GSM327295,fixed_log_expression,svm_rbf,0,0.4885710319201829,0.464920554483512,full_discovery_fixed_200
TCGA_to_GEO,GSE13067,GSM327296,fixed_log_expression,svm_rbf,0,0.488576995034993,0.464920554483512,full_discovery_fixed_200
TCGA_to_GEO,GSE13067,GSM327297,fixed_log_expression,svm_rbf,0,0.48857585491657124,0.464920554483512,full_discovery_fixed_200
TCGA_to_GEO,GSE13067,GSM327298,fixed_log_expression,svm_rbf,0,0.4885765224366284,0.464920554483512,full_discovery_fixed_200
TCGA_to_GEO,GSE13067,GSM327299,fixed_log_expression,svm_rbf,0,0.48857433194080224,0.464920554483512,full_discovery_fixed_200
TCGA_to_GEO,GSE13067,GSM327300,fixed_log_expression,svm_rbf,0,0.48857598989770024,0.464920554483512,full_discovery_fixed_200
TCGA_to_GEO,GSE13067,GSM327301,fixed_log_expression,svm_rbf,0,0.48857440217263826,0.464920554483512,full_discovery_fixed_200
TCGA_to_GEO,GSE13067,GSM327302,fixed_log_expression,svm_rbf,0,0.4885803220501889,0.464920554483512,full_discovery_fixed_200
TCGA_to_GEO,GSE13067,GSM327303,fixed_log_expression,svm_rbf,0,0.4885748349452908,0.464920554483512,full_discovery_fixed_200
TCGA_to_GEO,GSE13067,GSM327304,fixed_log_expression,svm_rbf,0,0.48857538784442056,0.464920554483512,full_discovery_fixed_200
TCGA_to_GEO,GSE13067,GSM327305,fixed_log_expression,svm_rbf,0,0.48857516356919184,0.464920554483512,full_discovery_fixed_200
TCGA_to_GEO,GSE13067,GSM327306,fixed_log_expression,svm_rbf,0,0.4885713850210843,0.464920554483512,full_discovery_fixed_200
TCGA_to_GEO,GSE13067,GSM327307,fixed_log_expression,svm_rbf,0,0.488574169359779,0.464920554483512,full_discovery_fixed_200
TCGA_to_GEO,GSE13067,GSM327308,fixed_log_expression,svm_rbf,0,0.48856254494438506,0.464920554483512,full_discovery_fixed_200
TCGA_to_GEO,GSE13067,GSM327309,fixed_log_expression,svm_rbf,1,0.48857708011696355,0.464920554483512,full_discovery_fixed_200
TCGA_to_GEO,GSE13067,GSM327310,fixed_log_expression,svm_rbf,1,0.48857923780042845,0.464920554483512,full_discovery_fixed_200
TCGA_to_GEO,GSE13067,GSM327311,fixed_log_expression,svm_rbf,1,0.4885802673294498,0.464920554483512,full_discovery_fixed_200
TCGA_to_GEO,GSE13067,GSM327312,fixed_log_expression,svm_rbf,0,0.48857363889322886,0.464920554483512,full_discovery_fixed_200
TCGA_to_GEO,GSE13067,GSM327313,fixed_log_expression,svm_rbf,1,0.4885840530798033,0.464920554483512,full_discovery_fixed_200
TCGA_to_GEO,GSE13067,GSM327314,fixed_log_expression,svm_rbf,0,0.4885710722104676,0.464920554483512,full_discovery_fixed_200
TCGA_to_GEO,GSE13067,GSM327315,fixed_log_expression,svm_rbf,0,0.4885727924741308,0.464920554483512,full_discovery_fixed_200
TCGA_to_GEO,GSE13067,GSM327316,fixed_log_expression,svm_rbf,0,0.4885757880027174,0.464920554483512,full_discovery_fixed_200
TCGA_to_GEO,GSE13067,GSM327317,fixed_log_expression,svm_rbf,0,0.48857544124721364,0.464920554483512,full_discovery_fixed_200
TCGA_to_GEO,GSE13067,GSM327318,fixed_log_expression,svm_rbf,0,0.4885756355941598,0.464920554483512,full_discovery_fixed_200
TCGA_to_GEO,GSE13067,GSM327319,fixed_log_expression,svm_rbf,0,0.4885709748517325,0.464920554483512,full_discovery_fixed_200
TCGA_to_GEO,GSE13067,GSM327320,fixed_log_expression,svm_rbf,0,0.48857409186157963,0.464920554483512,full_discovery_fixed_200
TCGA_to_GEO,GSE13067,GSM327321,fixed_log_expression,svm_rbf,0,0.4885723353533484,0.464920554483512,full_discovery_fixed_200
TCGA_to_GEO,GSE13067,GSM327322,fixed_log_expression,svm_rbf,0,0.4885815085241814,0.464920554483512,full_discovery_fixed_200
TCGA_to_GEO,GSE13067,GSM327323,fixed_log_expression,svm_rbf,0,0.48857337750023183,0.464920554483512,full_discovery_fixed_200
TCGA_to_GEO,GSE13067,GSM327324,fixed_log_expression,svm_rbf,1,0.48857824617727363,0.464920554483512,full_discovery_fixed_200
TCGA_to_GEO,GSE13067,GSM327325,fixed_log_expression,svm_rbf,1,0.4885804608374233,0.464920554483512,full_discovery_fixed_200
TCGA_to_GEO,GSE13067,GSM327326,fixed_log_expression,svm_rbf,0,0.4885714035694717,0.464920554483512,full_discovery_fixed_200
TCGA_to_GEO,GSE13067,GSM327327,fixed_log_expression,svm_rbf,0,0.48857718540588185,0.464920554483512,full_discovery_fixed_200
TCGA_to_GEO,GSE13067,GSM327328,fixed_log_expression,svm_rbf,0,0.48857415826601536,0.464920554483512,full_discovery_fixed_200
TCGA_to_GEO,GSE13067,GSM327329,fixed_log_expression,svm_rbf,0,0.4885714933970241,0.464920554483512,full_discovery_fixed_200
TCGA_to_GEO,GSE13067,GSM327330,fixed_log_expression,svm_rbf,0,0.48857601934309614,0.464920554483512,full_discovery_fixed_200
TCGA_to_GEO,GSE13067,GSM327331,fixed_log_expression,svm_rbf,1,0.48857732014388877,0.464920554483512,full_discovery_fixed_200
TCGA_to_GEO,GSE13067,GSM327332,fixed_log_expression,svm_rbf,0,0.4885745768683463,0.464920554483512,full_discovery_fixed_200
TCGA_to_GEO,GSE13067,GSM327333,fixed_log_expression,svm_rbf,0,0.48857825010182976,0.464920554483512,full_discovery_fixed_200
TCGA_to_GEO,GSE13067,GSM327334,fixed_log_expression,svm_rbf,0,0.48857637275083726,0.464920554483512,full_discovery_fixed_200
TCGA_to_GEO,GSE13067,GSM327335,fixed_log_expression,svm_rbf,0,0.4885743250578624,0.464920554483512,full_discovery_fixed_200
TCGA_to_GEO,GSE13067,GSM327336,fixed_log_expression,svm_rbf,0,0.4885706024632755,0.464920554483512,full_discovery_fixed_200
TCGA_to_GEO,GSE13067,GSM327337,fixed_log_expression,svm_rbf,0,0.4885586774771518,0.464920554483512,full_discovery_fixed_200
TCGA_to_GEO,GSE13067,GSM327338,fixed_log_expression,svm_rbf,0,0.48857001730834465,0.464920554483512,full_discovery_fixed_200
TCGA_to_GEO,GSE13067,GSM327339,fixed_log_expression,svm_rbf,0,0.48858320681546274,0.464920554483512,full_discovery_fixed_200
TCGA_to_GEO,GSE13067,GSM327340,fixed_log_expression,svm_rbf,0,0.48857603481778594,0.464920554483512,full_discovery_fixed_200
TCGA_to_GEO,GSE13067,GSM327341,fixed_log_expression,svm_rbf,0,0.4885649892598754,0.464920554483512,full_discovery_fixed_200
TCGA_to_GEO,GSE13067,GSM327342,fixed_log_expression,svm_rbf,0,0.48857305027515,0.464920554483512,full_discovery_fixed_200
TCGA_to_GEO,GSE13067,GSM327343,fixed_log_expression,svm_rbf,0,0.488580084689366,0.464920554483512,full_discovery_fixed_200
TCGA_to_GEO,GSE13067,GSM327344,fixed_log_expression,svm_rbf,0,0.4885691310486232,0.464920554483512,full_discovery_fixed_200
TCGA_to_GEO,GSE13067,GSM327345,fixed_log_expression,svm_rbf,0,0.4885778664600418,0.464920554483512,full_discovery_fixed_200
TCGA_to_GEO,GSE13067,GSM327346,fixed_log_expression,svm_rbf,0,0.48857579612616714,0.464920554483512,full_discovery_fixed_200
TCGA_to_GEO,GSE13067,GSM327347,fixed_log_expression,svm_rbf,0,0.4885755780168633,0.464920554483512,full_discovery_fixed_200
TCGA_to_GEO,GSE13067,GSM327348,fixed_log_expression,svm_rbf,0,0.4885744020536139,0.464920554483512,full_discovery_fixed_200
TCGA_to_GEO,GSE13067,GSM327349,fixed_log_expression,svm_rbf,0,0.48856816371547873,0.464920554483512,full_discovery_fixed_200
TCGA_to_GEO,GSE13067,GSM327350,fixed_log_expression,svm_rbf,0,0.488575110661398,0.464920554483512,full_discovery_fixed_200
TCGA_to_GEO,GSE13067,GSM327351,fixed_log_expression,svm_rbf,0,0.48857658224721645,0.464920554483512,full_discovery_fixed_200
TCGA_to_GEO,GSE13067,GSM327352,fixed_log_expression,svm_rbf,1,0.48859138034272415,0.464920554483512,full_discovery_fixed_200
TCGA_to_GEO,GSE13067,GSM327353,fixed_log_expression,svm_rbf,1,0.4885862637789053,0.464920554483512,full_discovery_fixed_200
TCGA_to_GEO,GSE13067,GSM327354,fixed_log_expression,svm_rbf,0,0.4885757945038092,0.464920554483512,full_discovery_fixed_200
TCGA_to_GEO,GSE13067,GSM327355,fixed_log_expression,svm_rbf,0,0.48857533092715427,0.464920554483512,full_discovery_fixed_200
TCGA_to_GEO,GSE18088,GSM452148,fixed_log_expression,svm_rbf,1,0.4885765523591686,0.464920554483512,full_discovery_fixed_200
TCGA_to_GEO,GSE18088,GSM452149,fixed_log_expression,svm_rbf,0,0.4885765378262272,0.464920554483512,full_discovery_fixed_200
TCGA_to_GEO,GSE18088,GSM452150,fixed_log_expression,svm_rbf,0,0.4885765305520574,0.464920554483512,full_discovery_fixed_200
TCGA_to_GEO,GSE18088,GSM452151,fixed_log_expression,svm_rbf,0,0.48857658155217937,0.464920554483512,full_discovery_fixed_200
TCGA_to_GEO,GSE18088,GSM452152,fixed_log_expression,svm_rbf,0,0.4885765242231216,0.464920554483512,full_discovery_fixed_200
TCGA_to_GEO,GSE18088,GSM452153,fixed_log_expression,svm_rbf,1,0.4885765522023834,0.464920554483512,full_discovery_fixed_200
TCGA_to_GEO,GSE18088,GSM452154,fixed_log_expression,svm_rbf,0,0.48857653860099803,0.464920554483512,full_discovery_fixed_200
TCGA_to_GEO,GSE18088,GSM452155,fixed_log_expression,svm_rbf,0,0.4885765398521285,0.464920554483512,full_discovery_fixed_200
TCGA_to_GEO,GSE18088,GSM452156,fixed_log_expression,svm_rbf,0,0.4885765279165452,0.464920554483512,full_discovery_fixed_200
TCGA_to_GEO,GSE18088,GSM452157,fixed_log_expression,svm_rbf,1,0.48857656379123315,0.464920554483512,full_discovery_fixed_200
TCGA_to_GEO,GSE18088,GSM452158,fixed_log_expression,svm_rbf,0,0.48857654014371954,0.464920554483512,full_discovery_fixed_200
TCGA_to_GEO,GSE18088,GSM452159,fixed_log_expression,svm_rbf,1,0.4885766048208624,0.464920554483512,full_discovery_fixed_200
TCGA_to_GEO,GSE18088,GSM452160,fixed_log_expression,svm_rbf,0,0.4885765260379412,0.464920554483512,full_discovery_fixed_200
TCGA_to_GEO,GSE18088,GSM452161,fixed_log_expression,svm_rbf,0,0.4885765333934555,0.464920554483512,full_discovery_fixed_200
TCGA_to_GEO,GSE18088,GSM452162,fixed_log_expression,svm_rbf,0,0.4885765535046674,0.464920554483512,full_discovery_fixed_200
TCGA_to_GEO,GSE18088,GSM452163,fixed_log_expression,svm_rbf,1,0.4885766106169251,0.464920554483512,full_discovery_fixed_200
TCGA_to_GEO,GSE18088,GSM452164,fixed_log_expression,svm_rbf,0,0.4885765398176697,0.464920554483512,full_discovery_fixed_200
TCGA_to_GEO,GSE18088,GSM452165,fixed_log_expression,svm_rbf,0,0.48857654299042974,0.464920554483512,full_discovery_fixed_200
TCGA_to_GEO,GSE18088,GSM452166,fixed_log_expression,svm_rbf,0,0.4885765199994335,0.464920554483512,full_discovery_fixed_200
TCGA_to_GEO,GSE18088,GSM452167,fixed_log_expression,svm_rbf,0,0.48857653506076126,0.464920554483512,full_discovery_fixed_200
TCGA_to_GEO,GSE18088,GSM452168,fixed_log_expression,svm_rbf,1,0.4885765842065338,0.464920554483512,full_discovery_fixed_200
TCGA_to_GEO,GSE18088,GSM452169,fixed_log_expression,svm_rbf,1,0.4885765866913316,0.464920554483512,full_discovery_fixed_200
TCGA_to_GEO,GSE18088,GSM452170,fixed_log_expression,svm_rbf,0,0.4885765328602608,0.464920554483512,full_discovery_fixed_200
TCGA_to_GEO,GSE18088,GSM452171,fixed_log_expression,svm_rbf,0,0.488576526862507,0.464920554483512,full_discovery_fixed_200
TCGA_to_GEO,GSE18088,GSM452172,fixed_log_expression,svm_rbf,0,0.48857656404522176,0.464920554483512,full_discovery_fixed_200
TCGA_to_GEO,GSE18088,GSM452173,fixed_log_expression,svm_rbf,1,0.4885766167775545,0.464920554483512,full_discovery_fixed_200
TCGA_to_GEO,GSE18088,GSM452174,fixed_log_expression,svm_rbf,1,0.48857655804364614,0.464920554483512,full_discovery_fixed_200
TCGA_to_GEO,GSE18088,GSM452175,fixed_log_expression,svm_rbf,1,0.488576589330896,0.464920554483512,full_discovery_fixed_200
TCGA_to_GEO,GSE18088,GSM452176,fixed_log_expression,svm_rbf,0,0.48857648540512,0.464920554483512,full_discovery_fixed_200
TCGA_to_GEO,GSE18088,GSM452177,fixed_log_expression,svm_rbf,0,0.48857654247333954,0.464920554483512,full_discovery_fixed_200
TCGA_to_GEO,GSE18088,GSM452178,fixed_log_expression,svm_rbf,0,0.4885765242514756,0.464920554483512,full_discovery_fixed_200
TCGA_to_GEO,GSE18088,GSM452179,fixed_log_expression,svm_rbf,1,0.48857660148592474,0.464920554483512,full_discovery_fixed_200
TCGA_to_GEO,GSE18088,GSM452180,fixed_log_expression,svm_rbf,1,0.4885765790552348,0.464920554483512,full_discovery_fixed_200
TCGA_to_GEO,GSE18088,GSM452181,fixed_log_expression,svm_rbf,0,0.4885765452614089,0.464920554483512,full_discovery_fixed_200
TCGA_to_GEO,GSE18088,GSM452182,fixed_log_expression,svm_rbf,1,0.48857655674295075,0.464920554483512,full_discovery_fixed_200
TCGA_to_GEO,GSE18088,GSM452183,fixed_log_expression,svm_rbf,1,0.48857662205233987,0.464920554483512,full_discovery_fixed_200
TCGA_to_GEO,GSE18088,GSM452184,fixed_log_expression,svm_rbf,1,0.488576575074298,0.464920554483512,full_discovery_fixed_200
TCGA_to_GEO,GSE18088,GSM452185,fixed_log_expression,svm_rbf,0,0.48857654156506647,0.464920554483512,full_discovery_fixed_200
TCGA_to_GEO,GSE18088,GSM452186,fixed_log_expression,svm_rbf,0,0.48857654066475653,0.464920554483512,full_discovery_fixed_200
TCGA_to_GEO,GSE18088,GSM452187,fixed_log_expression,svm_rbf,0,0.48857650845243183,0.464920554483512,full_discovery_fixed_200
TCGA_to_GEO,GSE18088,GSM452188,fixed_log_expression,svm_rbf,1,0.4885765703082171,0.464920554483512,full_discovery_fixed_200
TCGA_to_GEO,GSE18088,GSM452189,fixed_log_expression,svm_rbf,1,0.4885766517599857,0.464920554483512,full_discovery_fixed_200
TCGA_to_GEO,GSE18088,GSM452190,fixed_log_expression,svm_rbf,0,0.48857660626340255,0.464920554483512,full_discovery_fixed_200
TCGA_to_GEO,GSE18088,GSM452191,fixed_log_expression,svm_rbf,0,0.48857654456494914,0.464920554483512,full_discovery_fixed_200
TCGA_to_GEO,GSE18088,GSM452192,fixed_log_expression,svm_rbf,0,0.4885765193594,0.464920554483512,full_discovery_fixed_200
TCGA_to_GEO,GSE18088,GSM452193,fixed_log_expression,svm_rbf,0,0.48857654654463395,0.464920554483512,full_discovery_fixed_200
TCGA_to_GEO,GSE18088,GSM452194,fixed_log_expression,svm_rbf,0,0.488576532205094,0.464920554483512,full_discovery_fixed_200
TCGA_to_GEO,GSE18088,GSM452195,fixed_log_expression,svm_rbf,0,0.4885765386153055,0.464920554483512,full_discovery_fixed_200
TCGA_to_GEO,GSE18088,GSM452196,fixed_log_expression,svm_rbf,0,0.48857654495396674,0.464920554483512,full_discovery_fixed_200
TCGA_to_GEO,GSE18088,GSM452197,fixed_log_expression,svm_rbf,1,0.48857655234020153,0.464920554483512,full_discovery_fixed_200
TCGA_to_GEO,GSE18088,GSM452198,fixed_log_expression,svm_rbf,0,0.48857653466297507,0.464920554483512,full_discovery_fixed_200
TCGA_to_GEO,GSE18088,GSM452199,fixed_log_expression,svm_rbf,0,0.4885765419401959,0.464920554483512,full_discovery_fixed_200
TCGA_to_GEO,GSE18088,GSM452200,fixed_log_expression,svm_rbf,1,0.48857642730876655,0.464920554483512,full_discovery_fixed_200
TCGA_to_GEO,GSE26682,GSM656542,fixed_log_expression,svm_rbf,0,0.48857653820933317,0.464920554483512,full_discovery_fixed_200
TCGA_to_GEO,GSE26682,GSM656543,fixed_log_expression,svm_rbf,0,0.48857653820933317,0.464920554483512,full_discovery_fixed_200
TCGA_to_GEO,GSE26682,GSM656545,fixed_log_expression,svm_rbf,1,0.48857653820933317,0.464920554483512,full_discovery_fixed_200
TCGA_to_GEO,GSE26682,GSM656546,fixed_log_expression,svm_rbf,0,0.48857653820933317,0.464920554483512,full_discovery_fixed_200
TCGA_to_GEO,GSE26682,GSM656548,fixed_log_expression,svm_rbf,0,0.48857653820933317,0.464920554483512,full_discovery_fixed_200
TCGA_to_GEO,GSE26682,GSM656550,fixed_log_expression,svm_rbf,0,0.48857653820933317,0.464920554483512,full_discovery_fixed_200
TCGA_to_GEO,GSE26682,GSM656552,fixed_log_expression,svm_rbf,0,0.48857653820933317,0.464920554483512,full_discovery_fixed_200
TCGA_to_GEO,GSE26682,GSM656553,fixed_log_expression,svm_rbf,0,0.48857653820933317,0.464920554483512,full_discovery_fixed_200
TCGA_to_GEO,GSE26682,GSM656555,fixed_log_expression,svm_rbf,0,0.48857653820933317,0.464920554483512,full_discovery_fixed_200
TCGA_to_GEO,GSE26682,GSM656556,fixed_log_expression,svm_rbf,0,0.48857653820933317,0.464920554483512,full_discovery_fixed_200
TCGA_to_GEO,GSE26682,GSM656557,fixed_log_expression,svm_rbf,0,0.48857653820933317,0.464920554483512,full_discovery_fixed_200
TCGA_to_GEO,GSE26682,GSM656558,fixed_log_expression,svm_rbf,0,0.48857653820933317,0.464920554483512,full_discovery_fixed_200
TCGA_to_GEO,GSE26682,GSM656559,fixed_log_expression,svm_rbf,1,0.48857653820933317,0.464920554483512,full_discovery_fixed_200
TCGA_to_GEO,GSE26682,GSM656560,fixed_log_expression,svm_rbf,0,0.48857653820933317,0.464920554483512,full_discovery_fixed_200
TCGA_to_GEO,GSE26682,GSM656561,fixed_log_expression,svm_rbf,0,0.48857653820933317,0.464920554483512,full_discovery_fixed_200
TCGA_to_GEO,GSE26682,GSM656567,fixed_log_expression,svm_rbf,0,0.48857653820933317,0.464920554483512,full_discovery_fixed_200
TCGA_to_GEO,GSE26682,GSM656568,fixed_log_expression,svm_rbf,0,0.48857653820933317,0.464920554483512,full_discovery_fixed_200
TCGA_to_GEO,GSE26682,GSM656569,fixed_log_expression,svm_rbf,0,0.48857653820933317,0.464920554483512,full_discovery_fixed_200
TCGA_to_GEO,GSE26682,GSM656570,fixed_log_expression,svm_rbf,0,0.48857653820933317,0.464920554483512,full_discovery_fixed_200
TCGA_to_GEO,GSE26682,GSM656574,fixed_log_expression,svm_rbf,0,0.48857653820933317,0.464920554483512,full_discovery_fixed_200
TCGA_to_GEO,GSE26682,GSM656580,fixed_log_expression,svm_rbf,0,0.48857653820933317,0.464920554483512,full_discovery_fixed_200
TCGA_to_GEO,GSE26682,GSM656582,fixed_log_expression,svm_rbf,0,0.48857653820933317,0.464920554483512,full_discovery_fixed_200
TCGA_to_GEO,GSE26682,GSM656583,fixed_log_expression,svm_rbf,1,0.48857653820933317,0.464920554483512,full_discovery_fixed_200
TCGA_to_GEO,GSE26682,GSM656584,fixed_log_expression,svm_rbf,0,0.48857653820933317,0.464920554483512,full_discovery_fixed_200
TCGA_to_GEO,GSE26682,GSM656585,fixed_log_expression,svm_rbf,0,0.48857653820933317,0.464920554483512,full_discovery_fixed_200
TCGA_to_GEO,GSE26682,GSM656586,fixed_log_expression,svm_rbf,0,0.48857653820933317,0.464920554483512,full_discovery_fixed_200
TCGA_to_GEO,GSE26682,GSM656587,fixed_log_expression,svm_rbf,0,0.48857653820933317,0.464920554483512,full_discovery_fixed_200
TCGA_to_GEO,GSE26682,GSM656590,fixed_log_expression,svm_rbf,1,0.48857653820933317,0.464920554483512,full_discovery_fixed_200
TCGA_to_GEO,GSE26682,GSM656592,fixed_log_expression,svm_rbf,0,0.48857653820933317,0.464920554483512,full_discovery_fixed_200
TCGA_to_GEO,GSE26682,GSM656596,fixed_log_expression,svm_rbf,0,0.48857653820933317,0.464920554483512,full_discovery_fixed_200
TCGA_to_GEO,GSE26682,GSM656598,fixed_log_expression,svm_rbf,0,0.48857653820933317,0.464920554483512,full_discovery_fixed_200
TCGA_to_GEO,GSE26682,GSM656601,fixed_log_expression,svm_rbf,0,0.48857653820933317,0.464920554483512,full_discovery_fixed_200
TCGA_to_GEO,GSE26682,GSM656603,fixed_log_expression,svm_rbf,1,0.48857653820933317,0.464920554483512,full_discovery_fixed_200
TCGA_to_GEO,GSE26682,GSM656612,fixed_log_expression,svm_rbf,1,0.48857653820933317,0.464920554483512,full_discovery_fixed_200
TCGA_to_GEO,GSE26682,GSM656613,fixed_log_expression,svm_rbf,0,0.48857653820933317,0.464920554483512,full_discovery_fixed_200
TCGA_to_GEO,GSE26682,GSM656617,fixed_log_expression,svm_rbf,0,0.48857653820933317,0.464920554483512,full_discovery_fixed_200
TCGA_to_GEO,GSE26682,GSM656618,fixed_log_expression,svm_rbf,0,0.48857653820933317,0.464920554483512,full_discovery_fixed_200
TCGA_to_GEO,GSE26682,GSM656625,fixed_log_expression,svm_rbf,0,0.48857653820933317,0.464920554483512,full_discovery_fixed_200
TCGA_to_GEO,GSE26682,GSM656634,fixed_log_expression,svm_rbf,0,0.48857653820933317,0.464920554483512,full_discovery_fixed_200
TCGA_to_GEO,GSE26682,GSM656635,fixed_log_expression,svm_rbf,0,0.48857653820933317,0.464920554483512,full_discovery_fixed_200
TCGA_to_GEO,GSE26682,GSM656636,fixed_log_expression,svm_rbf,0,0.48857653820933317,0.464920554483512,full_discovery_fixed_200
TCGA_to_GEO,GSE26682,GSM656639,fixed_log_expression,svm_rbf,0,0.48857653820933317,0.464920554483512,full_discovery_fixed_200
TCGA_to_GEO,GSE26682,GSM656640,fixed_log_expression,svm_rbf,0,0.48857653820933317,0.464920554483512,full_discovery_fixed_200
TCGA_to_GEO,GSE26682,GSM656642,fixed_log_expression,svm_rbf,0,0.48857653820933317,0.464920554483512,full_discovery_fixed_200
TCGA_to_GEO,GSE26682,GSM656644,fixed_log_expression,svm_rbf,0,0.48857653820933317,0.464920554483512,full_discovery_fixed_200
TCGA_to_GEO,GSE26682,GSM656657,fixed_log_expression,svm_rbf,0,0.48857653820933317,0.464920554483512,full_discovery_fixed_200
TCGA_to_GEO,GSE26682,GSM656662,fixed_log_expression,svm_rbf,0,0.48857653820933317,0.464920554483512,full_discovery_fixed_200
TCGA_to_GEO,GSE26682,GSM656663,fixed_log_expression,svm_rbf,0,0.48857653820933317,0.464920554483512,full_discovery_fixed_200
TCGA_to_GEO,GSE26682,GSM656669,fixed_log_expression,svm_rbf,1,0.48857653820933317,0.464920554483512,full_discovery_fixed_200
TCGA_to_GEO,GSE26682,GSM656672,fixed_log_expression,svm_rbf,0,0.48857653820933317,0.464920554483512,full_discovery_fixed_200
TCGA_to_GEO,GSE26682,GSM656675,fixed_log_expression,svm_rbf,0,0.48857653820933317,0.464920554483512,full_discovery_fixed_200
TCGA_to_GEO,GSE26682,GSM656676,fixed_log_expression,svm_rbf,0,0.48857653820933317,0.464920554483512,full_discovery_fixed_200
TCGA_to_GEO,GSE26682,GSM656678,fixed_log_expression,svm_rbf,0,0.48857653820933317,0.464920554483512,full_discovery_fixed_200
TCGA_to_GEO,GSE26682,GSM656679,fixed_log_expression,svm_rbf,1,0.48857653820933317,0.464920554483512,full_discovery_fixed_200
TCGA_to_GEO,GSE26682,GSM656683,fixed_log_expression,svm_rbf,0,0.48857653820933317,0.464920554483512,full_discovery_fixed_200
TCGA_to_GEO,GSE26682,GSM656687,fixed_log_expression,svm_rbf,0,0.48857653820933317,0.464920554483512,full_discovery_fixed_200
TCGA_to_GEO,GSE26682,GSM656691,fixed_log_expression,svm_rbf,0,0.48857653820933317,0.464920554483512,full_discovery_fixed_200
TCGA_to_GEO,GSE26682,GSM656692,fixed_log_expression,svm_rbf,0,0.48857653820933317,0.464920554483512,full_discovery_fixed_200
TCGA_to_GEO,GSE26682,GSM656693,fixed_log_expression,svm_rbf,0,0.48857653820933317,0.464920554483512,full_discovery_fixed_200
TCGA_to_GEO,GSE26682,GSM656695,fixed_log_expression,svm_rbf,0,0.48857653820933317,0.464920554483512,full_discovery_fixed_200
TCGA_to_GEO,GSE26682,GSM656698,fixed_log_expression,svm_rbf,0,0.48857653820933317,0.464920554483512,full_discovery_fixed_200
TCGA_to_GEO,GSE26682,GSM656699,fixed_log_expression,svm_rbf,0,0.48857653820933317,0.464920554483512,full_discovery_fixed_200
TCGA_to_GEO,GSE26682,GSM656700,fixed_log_expression,svm_rbf,0,0.48857653820933317,0.464920554483512,full_discovery_fixed_200
TCGA_to_GEO,GSE26682,GSM656701,fixed_log_expression,svm_rbf,0,0.48857653820933317,0.464920554483512,full_discovery_fixed_200
TCGA_to_GEO,GSE26682,GSM656702,fixed_log_expression,svm_rbf,0,0.48857653820933317,0.464920554483512,full_discovery_fixed_200
TCGA_to_GEO,GSE26682,GSM656703,fixed_log_expression,svm_rbf,0,0.48857653820933317,0.464920554483512,full_discovery_fixed_200
TCGA_to_GEO,GSE26682,GSM656704,fixed_log_expression,svm_rbf,0,0.48857653820933317,0.464920554483512,full_discovery_fixed_200
TCGA_to_GEO,GSE26682,GSM656705,fixed_log_expression,svm_rbf,0,0.48857653820933317,0.464920554483512,full_discovery_fixed_200
TCGA_to_GEO,GSE26682,GSM656707,fixed_log_expression,svm_rbf,0,0.48857653820933317,0.464920554483512,full_discovery_fixed_200
TCGA_to_GEO,GSE26682,GSM656710,fixed_log_expression,svm_rbf,0,0.48857653820933317,0.464920554483512,full_discovery_fixed_200
TCGA_to_GEO,GSE26682,GSM656711,fixed_log_expression,svm_rbf,0,0.48857653820933317,0.464920554483512,full_discovery_fixed_200
TCGA_to_GEO,GSE26682,GSM656714,fixed_log_expression,svm_rbf,0,0.48857653820933317,0.464920554483512,full_discovery_fixed_200
TCGA_to_GEO,GSE26682,GSM656715,fixed_log_expression,svm_rbf,0,0.48857653820933317,0.464920554483512,full_discovery_fixed_200
TCGA_to_GEO,GSE26682,GSM656720,fixed_log_expression,svm_rbf,0,0.48857653820933317,0.464920554483512,full_discovery_fixed_200
TCGA_to_GEO,GSE26682,GSM656721,fixed_log_expression,svm_rbf,0,0.48857653820933317,0.464920554483512,full_discovery_fixed_200
TCGA_to_GEO,GSE26682,GSM656726,fixed_log_expression,svm_rbf,0,0.48857653820933317,0.464920554483512,full_discovery_fixed_200
TCGA_to_GEO,GSE26682,GSM656732,fixed_log_expression,svm_rbf,0,0.48857653820933317,0.464920554483512,full_discovery_fixed_200
TCGA_to_GEO,GSE26682,GSM656735,fixed_log_expression,svm_rbf,0,0.48857653820933317,0.464920554483512,full_discovery_fixed_200
TCGA_to_GEO,GSE26682,GSM656736,fixed_log_expression,svm_rbf,1,0.48857653820933317,0.464920554483512,full_discovery_fixed_200
TCGA_to_GEO,GSE26682,GSM656737,fixed_log_expression,svm_rbf,0,0.48857653820933317,0.464920554483512,full_discovery_fixed_200
TCGA_to_GEO,GSE26682,GSM656739,fixed_log_expression,svm_rbf,0,0.48857653820933317,0.464920554483512,full_discovery_fixed_200
TCGA_to_GEO,GSE26682,GSM656742,fixed_log_expression,svm_rbf,0,0.48857653820933317,0.464920554483512,full_discovery_fixed_200
TCGA_to_GEO,GSE26682,GSM656749,fixed_log_expression,svm_rbf,0,0.48857653820933317,0.464920554483512,full_discovery_fixed_200
TCGA_to_GEO,GSE26682,GSM656768,fixed_log_expression,svm_rbf,0,0.48857653820933317,0.464920554483512,full_discovery_fixed_200
TCGA_to_GEO,GSE26682,GSM656769,fixed_log_expression,svm_rbf,0,0.48857653820933317,0.464920554483512,full_discovery_fixed_200
TCGA_to_GEO,GSE26682,GSM656770,fixed_log_expression,svm_rbf,0,0.48857653820933317,0.464920554483512,full_discovery_fixed_200
TCGA_to_GEO,GSE26682,GSM656772,fixed_log_expression,svm_rbf,0,0.48857653820933317,0.464920554483512,full_discovery_fixed_200
TCGA_to_GEO,GSE26682,GSM656775,fixed_log_expression,svm_rbf,0,0.48857653820933317,0.464920554483512,full_discovery_fixed_200
TCGA_to_GEO,GSE26682,GSM656776,fixed_log_expression,svm_rbf,0,0.48857653820933317,0.464920554483512,full_discovery_fixed_200
TCGA_to_GEO,GSE26682,GSM656777,fixed_log_expression,svm_rbf,0,0.48857653820933317,0.464920554483512,full_discovery_fixed_200
TCGA_to_GEO,GSE26682,GSM656783,fixed_log_expression,svm_rbf,0,0.48857653820933317,0.464920554483512,full_discovery_fixed_200
TCGA_to_GEO,GSE26682,GSM656785,fixed_log_expression,svm_rbf,0,0.48857653820933317,0.464920554483512,full_discovery_fixed_200
TCGA_to_GEO,GSE26682,GSM656787,fixed_log_expression,svm_rbf,0,0.48857653820933317,0.464920554483512,full_discovery_fixed_200
TCGA_to_GEO,GSE26682,GSM656794,fixed_log_expression,svm_rbf,0,0.48857653820933317,0.464920554483512,full_discovery_fixed_200
TCGA_to_GEO,GSE26682,GSM656800,fixed_log_expression,svm_rbf,0,0.48857653820933317,0.464920554483512,full_discovery_fixed_200
TCGA_to_GEO,GSE26682,GSM656803,fixed_log_expression,svm_rbf,0,0.48857653820933317,0.464920554483512,full_discovery_fixed_200
TCGA_to_GEO,GSE26682,GSM656804,fixed_log_expression,svm_rbf,0,0.48857653820933317,0.464920554483512,full_discovery_fixed_200
TCGA_to_GEO,GSE26682,GSM656806,fixed_log_expression,svm_rbf,0,0.48857653820933317,0.464920554483512,full_discovery_fixed_200
TCGA_to_GEO,GSE26682,GSM656809,fixed_log_expression,svm_rbf,0,0.48857653820933317,0.464920554483512,full_discovery_fixed_200
TCGA_to_GEO,GSE26682,GSM656811,fixed_log_expression,svm_rbf,0,0.48857653820933317,0.464920554483512,full_discovery_fixed_200
TCGA_to_GEO,GSE26682,GSM656816,fixed_log_expression,svm_rbf,0,0.48857653820933317,0.464920554483512,full_discovery_fixed_200
TCGA_to_GEO,GSE26682,GSM656819,fixed_log_expression,svm_rbf,0,0.48857653820933317,0.464920554483512,full_discovery_fixed_200
TCGA_to_GEO,GSE26682,GSM656820,fixed_log_expression,svm_rbf,1,0.48857653820933317,0.464920554483512,full_discovery_fixed_200
TCGA_to_GEO,GSE26682,GSM656822,fixed_log_expression,svm_rbf,0,0.48857653820933317,0.464920554483512,full_discovery_fixed_200
TCGA_to_GEO,GSE26682,GSM656824,fixed_log_expression,svm_rbf,0,0.48857653820933317,0.464920554483512,full_discovery_fixed_200
TCGA_to_GEO,GSE26682,GSM656825,fixed_log_expression,svm_rbf,0,0.48857653820933317,0.464920554483512,full_discovery_fixed_200
TCGA_to_GEO,GSE26682,GSM656830,fixed_log_expression,svm_rbf,0,0.48857653820933317,0.464920554483512,full_discovery_fixed_200
TCGA_to_GEO,GSE26682,GSM656831,fixed_log_expression,svm_rbf,0,0.48857653820933317,0.464920554483512,full_discovery_fixed_200
TCGA_to_GEO,GSE26682,GSM656832,fixed_log_expression,svm_rbf,0,0.48857653820933317,0.464920554483512,full_discovery_fixed_200
TCGA_to_GEO,GSE26682,GSM656833,fixed_log_expression,svm_rbf,0,0.48857653820933317,0.464920554483512,full_discovery_fixed_200
TCGA_to_GEO,GSE26682,GSM656834,fixed_log_expression,svm_rbf,0,0.48857653820933317,0.464920554483512,full_discovery_fixed_200
TCGA_to_GEO,GSE26682,GSM656836,fixed_log_expression,svm_rbf,0,0.48857653820933317,0.464920554483512,full_discovery_fixed_200
TCGA_to_GEO,GSE26682,GSM656837,fixed_log_expression,svm_rbf,1,0.48857653820933317,0.464920554483512,full_discovery_fixed_200
TCGA_to_GEO,GSE26682,GSM656840,fixed_log_expression,svm_rbf,0,0.48857653820933317,0.464920554483512,full_discovery_fixed_200
TCGA_to_GEO,GSE26682,GSM656841,fixed_log_expression,svm_rbf,0,0.48857653820933317,0.464920554483512,full_discovery_fixed_200
TCGA_to_GEO,GSE26682,GSM656842,fixed_log_expression,svm_rbf,1,0.48857653820933317,0.464920554483512,full_discovery_fixed_200
TCGA_to_GEO,GSE26682,GSM656843,fixed_log_expression,svm_rbf,0,0.48857653820933317,0.464920554483512,full_discovery_fixed_200
TCGA_to_GEO,GSE26682,GSM656845,fixed_log_expression,svm_rbf,0,0.48857653820933317,0.464920554483512,full_discovery_fixed_200
TCGA_to_GEO,GSE26682,GSM656846,fixed_log_expression,svm_rbf,0,0.48857653820933317,0.464920554483512,full_discovery_fixed_200
TCGA_to_GEO,GSE26682,GSM656847,fixed_log_expression,svm_rbf,0,0.48857653820933317,0.464920554483512,full_discovery_fixed_200
TCGA_to_GEO,GSE26682,GSM656849,fixed_log_expression,svm_rbf,1,0.48857653820933317,0.464920554483512,full_discovery_fixed_200
TCGA_to_GEO,GSE26682,GSM656850,fixed_log_expression,svm_rbf,1,0.48857653820933317,0.464920554483512,full_discovery_fixed_200
TCGA_to_GEO,GSE26682,GSM656851,fixed_log_expression,svm_rbf,1,0.48857653820933317,0.464920554483512,full_discovery_fixed_200
TCGA_to_GEO,GSE26682,GSM656853,fixed_log_expression,svm_rbf,0,0.48857653820933317,0.464920554483512,full_discovery_fixed_200
TCGA_to_GEO,GSE26682,GSM656854,fixed_log_expression,svm_rbf,1,0.48857653820933317,0.464920554483512,full_discovery_fixed_200
TCGA_to_GEO,GSE26682,GSM656857,fixed_log_expression,svm_rbf,0,0.48857653820933317,0.464920554483512,full_discovery_fixed_200
TCGA_to_GEO,GSE26682,GSM656858,fixed_log_expression,svm_rbf,0,0.48857653820933317,0.464920554483512,full_discovery_fixed_200
TCGA_to_GEO,GSE26682,GSM656859,fixed_log_expression,svm_rbf,0,0.48857653820933317,0.464920554483512,full_discovery_fixed_200
TCGA_to_GEO,GSE26682,GSM656860,fixed_log_expression,svm_rbf,0,0.48857653820933317,0.464920554483512,full_discovery_fixed_200
TCGA_to_GEO,GSE26682,GSM656861,fixed_log_expression,svm_rbf,0,0.48857653820933317,0.464920554483512,full_discovery_fixed_200
TCGA_to_GEO,GSE26682,GSM656863,fixed_log_expression,svm_rbf,0,0.48857653820933317,0.464920554483512,full_discovery_fixed_200
TCGA_to_GEO,GSE26682,GSM656864,fixed_log_expression,svm_rbf,1,0.48857653820933317,0.464920554483512,full_discovery_fixed_200
TCGA_to_GEO,GSE26682,GSM656865,fixed_log_expression,svm_rbf,1,0.48857653820933317,0.464920554483512,full_discovery_fixed_200
TCGA_to_GEO,GSE26682,GSM656867,fixed_log_expression,svm_rbf,0,0.48857653820933317,0.464920554483512,full_discovery_fixed_200
TCGA_to_GEO,GSE26682,GSM656868,fixed_log_expression,svm_rbf,0,0.48857653820933317,0.464920554483512,full_discovery_fixed_200
TCGA_to_GEO,GSE26682,GSM656869,fixed_log_expression,svm_rbf,0,0.48857653820933317,0.464920554483512,full_discovery_fixed_200
TCGA_to_GEO,GSE26682,GSM656870,fixed_log_expression,svm_rbf,0,0.48857653820933317,0.464920554483512,full_discovery_fixed_200
TCGA_to_GEO,GSE39084,GSM955440,fixed_log_expression,svm_rbf,0,0.4885765382116814,0.464920554483512,full_discovery_fixed_200
TCGA_to_GEO,GSE39084,GSM955441,fixed_log_expression,svm_rbf,0,0.4885765382084146,0.464920554483512,full_discovery_fixed_200
TCGA_to_GEO,GSE39084,GSM955442,fixed_log_expression,svm_rbf,0,0.48857653821589186,0.464920554483512,full_discovery_fixed_200
TCGA_to_GEO,GSE39084,GSM955443,fixed_log_expression,svm_rbf,0,0.4885765382090963,0.464920554483512,full_discovery_fixed_200
TCGA_to_GEO,GSE39084,GSM955444,fixed_log_expression,svm_rbf,0,0.4885765382101612,0.464920554483512,full_discovery_fixed_200
TCGA_to_GEO,GSE39084,GSM955445,fixed_log_expression,svm_rbf,0,0.48857653820436087,0.464920554483512,full_discovery_fixed_200
TCGA_to_GEO,GSE39084,GSM955446,fixed_log_expression,svm_rbf,0,0.4885765382103925,0.464920554483512,full_discovery_fixed_200
TCGA_to_GEO,GSE39084,GSM955447,fixed_log_expression,svm_rbf,1,0.48857653821867486,0.464920554483512,full_discovery_fixed_200
TCGA_to_GEO,GSE39084,GSM955448,fixed_log_expression,svm_rbf,1,0.48857653820937347,0.464920554483512,full_discovery_fixed_200
TCGA_to_GEO,GSE39084,GSM955449,fixed_log_expression,svm_rbf,0,0.48857653820479297,0.464920554483512,full_discovery_fixed_200
TCGA_to_GEO,GSE39084,GSM955450,fixed_log_expression,svm_rbf,0,0.4885765382069106,0.464920554483512,full_discovery_fixed_200
TCGA_to_GEO,GSE39084,GSM955451,fixed_log_expression,svm_rbf,0,0.48857653820588903,0.464920554483512,full_discovery_fixed_200
TCGA_to_GEO,GSE39084,GSM955452,fixed_log_expression,svm_rbf,0,0.4885765382070084,0.464920554483512,full_discovery_fixed_200
TCGA_to_GEO,GSE39084,GSM955453,fixed_log_expression,svm_rbf,0,0.48857653820018027,0.464920554483512,full_discovery_fixed_200
TCGA_to_GEO,GSE39084,GSM955455,fixed_log_expression,svm_rbf,0,0.4885765382207842,0.464920554483512,full_discovery_fixed_200
TCGA_to_GEO,GSE39084,GSM955456,fixed_log_expression,svm_rbf,0,0.4885765382027737,0.464920554483512,full_discovery_fixed_200
TCGA_to_GEO,GSE39084,GSM955457,fixed_log_expression,svm_rbf,0,0.48857653821174407,0.464920554483512,full_discovery_fixed_200
TCGA_to_GEO,GSE39084,GSM955458,fixed_log_expression,svm_rbf,1,0.48857653820954555,0.464920554483512,full_discovery_fixed_200
TCGA_to_GEO,GSE39084,GSM955459,fixed_log_expression,svm_rbf,1,0.4885765382118122,0.464920554483512,full_discovery_fixed_200
TCGA_to_GEO,GSE39084,GSM955460,fixed_log_expression,svm_rbf,1,0.48857653820989766,0.464920554483512,full_discovery_fixed_200
TCGA_to_GEO,GSE39084,GSM955461,fixed_log_expression,svm_rbf,1,0.4885765382097341,0.464920554483512,full_discovery_fixed_200
TCGA_to_GEO,GSE39084,GSM955462,fixed_log_expression,svm_rbf,0,0.48857653821349906,0.464920554483512,full_discovery_fixed_200
TCGA_to_GEO,GSE39084,GSM955463,fixed_log_expression,svm_rbf,0,0.48857653821872987,0.464920554483512,full_discovery_fixed_200
TCGA_to_GEO,GSE39084,GSM955464,fixed_log_expression,svm_rbf,0,0.4885765382078646,0.464920554483512,full_discovery_fixed_200
TCGA_to_GEO,GSE39084,GSM955466,fixed_log_expression,svm_rbf,1,0.4885765382118807,0.464920554483512,full_discovery_fixed_200
TCGA_to_GEO,GSE39084,GSM955467,fixed_log_expression,svm_rbf,1,0.48857653820957003,0.464920554483512,full_discovery_fixed_200
TCGA_to_GEO,GSE39084,GSM955468,fixed_log_expression,svm_rbf,1,0.4885765382296663,0.464920554483512,full_discovery_fixed_200
TCGA_to_GEO,GSE39084,GSM955469,fixed_log_expression,svm_rbf,1,0.48857653821440045,0.464920554483512,full_discovery_fixed_200
TCGA_to_GEO,GSE39084,GSM955470,fixed_log_expression,svm_rbf,1,0.4885765382167775,0.464920554483512,full_discovery_fixed_200
TCGA_to_GEO,GSE39084,GSM955471,fixed_log_expression,svm_rbf,1,0.4885765382144239,0.464920554483512,full_discovery_fixed_200
TCGA_to_GEO,GSE39084,GSM955472,fixed_log_expression,svm_rbf,1,0.48857653821257135,0.464920554483512,full_discovery_fixed_200
TCGA_to_GEO,GSE39084,GSM955473,fixed_log_expression,svm_rbf,1,0.48857653820979763,0.464920554483512,full_discovery_fixed_200
TCGA_to_GEO,GSE39084,GSM955474,fixed_log_expression,svm_rbf,0,0.4885765382229422,0.464920554483512,full_discovery_fixed_200
TCGA_to_GEO,GSE39084,GSM955475,fixed_log_expression,svm_rbf,0,0.4885765382085884,0.464920554483512,full_discovery_fixed_200
TCGA_to_GEO,GSE39084,GSM955476,fixed_log_expression,svm_rbf,0,0.4885765382113659,0.464920554483512,full_discovery_fixed_200
TCGA_to_GEO,GSE39084,GSM955477,fixed_log_expression,svm_rbf,0,0.48857653823843694,0.464920554483512,full_discovery_fixed_200
TCGA_to_GEO,GSE39084,GSM955478,fixed_log_expression,svm_rbf,0,0.4885765382155554,0.464920554483512,full_discovery_fixed_200
TCGA_to_GEO,GSE39084,GSM955479,fixed_log_expression,svm_rbf,0,0.4885765382109263,0.464920554483512,full_discovery_fixed_200
TCGA_to_GEO,GSE39084,GSM955480,fixed_log_expression,svm_rbf,0,0.48857653820748437,0.464920554483512,full_discovery_fixed_200
TCGA_to_GEO,GSE39084,GSM955482,fixed_log_expression,svm_rbf,0,0.48857653820873587,0.464920554483512,full_discovery_fixed_200
TCGA_to_GEO,GSE39084,GSM955483,fixed_log_expression,svm_rbf,0,0.488576538209427,0.464920554483512,full_discovery_fixed_200
TCGA_to_GEO,GSE39084,GSM955484,fixed_log_expression,svm_rbf,0,0.4885765382085151,0.464920554483512,full_discovery_fixed_200
TCGA_to_GEO,GSE39084,GSM955485,fixed_log_expression,svm_rbf,0,0.48857653821242886,0.464920554483512,full_discovery_fixed_200
TCGA_to_GEO,GSE39084,GSM955486,fixed_log_expression,svm_rbf,0,0.48857653821031793,0.464920554483512,full_discovery_fixed_200
TCGA_to_GEO,GSE39084,GSM955487,fixed_log_expression,svm_rbf,0,0.48857653821052927,0.464920554483512,full_discovery_fixed_200
TCGA_to_GEO,GSE39084,GSM955488,fixed_log_expression,svm_rbf,0,0.48857653820979585,0.464920554483512,full_discovery_fixed_200
TCGA_to_GEO,GSE39084,GSM955489,fixed_log_expression,svm_rbf,0,0.4885765382100073,0.464920554483512,full_discovery_fixed_200
TCGA_to_GEO,GSE39084,GSM955490,fixed_log_expression,svm_rbf,0,0.4885765382062462,0.464920554483512,full_discovery_fixed_200
TCGA_to_GEO,GSE39084,GSM955491,fixed_log_expression,svm_rbf,0,0.4885765382094129,0.464920554483512,full_discovery_fixed_200
TCGA_to_GEO,GSE39084,GSM955492,fixed_log_expression,svm_rbf,0,0.48857653820214786,0.464920554483512,full_discovery_fixed_200
TCGA_to_GEO,GSE39084,GSM955493,fixed_log_expression,svm_rbf,0,0.48857653820762,0.464920554483512,full_discovery_fixed_200
TCGA_to_GEO,GSE39084,GSM955494,fixed_log_expression,svm_rbf,0,0.48857653825072395,0.464920554483512,full_discovery_fixed_200
TCGA_to_GEO,GSE39084,GSM955495,fixed_log_expression,svm_rbf,0,0.48857653820900904,0.464920554483512,full_discovery_fixed_200
TCGA_to_GEO,GSE39084,GSM955496,fixed_log_expression,svm_rbf,0,0.48857653820709035,0.464920554483512,full_discovery_fixed_200
TCGA_to_GEO,GSE39084,GSM955497,fixed_log_expression,svm_rbf,0,0.48857653819864366,0.464920554483512,full_discovery_fixed_200
TCGA_to_GEO,GSE39084,GSM955498,fixed_log_expression,svm_rbf,0,0.48857653820955504,0.464920554483512,full_discovery_fixed_200
TCGA_to_GEO,GSE39084,GSM955499,fixed_log_expression,svm_rbf,0,0.4885765382278655,0.464920554483512,full_discovery_fixed_200
TCGA_to_GEO,GSE39084,GSM955500,fixed_log_expression,svm_rbf,0,0.4885765382274566,0.464920554483512,full_discovery_fixed_200
TCGA_to_GEO,GSE39084,GSM955501,fixed_log_expression,svm_rbf,0,0.48857653821296876,0.464920554483512,full_discovery_fixed_200
TCGA_to_GEO,GSE39084,GSM955502,fixed_log_expression,svm_rbf,0,0.48857653821297453,0.464920554483512,full_discovery_fixed_200
TCGA_to_GEO,GSE39084,GSM955503,fixed_log_expression,svm_rbf,0,0.48857653821268743,0.464920554483512,full_discovery_fixed_200
TCGA_to_GEO,GSE39084,GSM955504,fixed_log_expression,svm_rbf,0,0.48857653821599756,0.464920554483512,full_discovery_fixed_200
TCGA_to_GEO,GSE39084,GSM955505,fixed_log_expression,svm_rbf,0,0.48857653820817726,0.464920554483512,full_discovery_fixed_200
TCGA_to_GEO,GSE39084,GSM955506,fixed_log_expression,svm_rbf,0,0.4885765381954606,0.464920554483512,full_discovery_fixed_200
TCGA_to_GEO,GSE39084,GSM955507,fixed_log_expression,svm_rbf,0,0.4885765382054185,0.464920554483512,full_discovery_fixed_200
TCGA_to_GEO,GSE39084,GSM955508,fixed_log_expression,svm_rbf,1,0.488576538254663,0.464920554483512,full_discovery_fixed_200
TCGA_to_GEO,GSE39084,GSM955509,fixed_log_expression,svm_rbf,1,0.48857653821404723,0.464920554483512,full_discovery_fixed_200
discovery_nested_oof,TCGA_COAD,TCGA-A6-2671-01A,fixed_log_expression,xgboost,0,0.06843733042478561,0.4726989269256592,outer_fold_nested_fixed_200
discovery_nested_oof,TCGA_COAD,TCGA-A6-2672-01A,fixed_log_expression,xgboost,1,0.9648460745811462,0.4726989269256592,outer_fold_nested_fixed_200
discovery_nested_oof,TCGA_COAD,TCGA-A6-2674-01A,fixed_log_expression,xgboost,0,0.24427834153175354,0.4726989269256592,outer_fold_nested_fixed_200
discovery_nested_oof,TCGA_COAD,TCGA-A6-2676-01A,fixed_log_expression,xgboost,1,0.9280165433883667,0.4726989269256592,outer_fold_nested_fixed_200
discovery_nested_oof,TCGA_COAD,TCGA-A6-2677-01A,fixed_log_expression,xgboost,0,0.06855277717113495,0.4726989269256592,outer_fold_nested_fixed_200
discovery_nested_oof,TCGA_COAD,TCGA-A6-2678-01A,fixed_log_expression,xgboost,0,0.07134479284286499,0.4726989269256592,outer_fold_nested_fixed_200
discovery_nested_oof,TCGA_COAD,TCGA-A6-2679-01A,fixed_log_expression,xgboost,0,0.17938216030597687,0.4726989269256592,outer_fold_nested_fixed_200
discovery_nested_oof,TCGA_COAD,TCGA-A6-2680-01A,fixed_log_expression,xgboost,0,0.024833060801029205,0.4726989269256592,outer_fold_nested_fixed_200
discovery_nested_oof,TCGA_COAD,TCGA-A6-2681-01A,fixed_log_expression,xgboost,0,0.02951839007437229,0.4726989269256592,outer_fold_nested_fixed_200
discovery_nested_oof,TCGA_COAD,TCGA-A6-2682-01A,fixed_log_expression,xgboost,0,0.05354827642440796,0.4726989269256592,outer_fold_nested_fixed_200
discovery_nested_oof,TCGA_COAD,TCGA-A6-2685-01A,fixed_log_expression,xgboost,0,0.023200906813144684,0.4726989269256592,outer_fold_nested_fixed_200
discovery_nested_oof,TCGA_COAD,TCGA-A6-2686-01A,fixed_log_expression,xgboost,1,0.8387106657028198,0.4726989269256592,outer_fold_nested_fixed_200
discovery_nested_oof,TCGA_COAD,TCGA-A6-3807-01A,fixed_log_expression,xgboost,0,0.039856161922216415,0.4726989269256592,outer_fold_nested_fixed_200
discovery_nested_oof,TCGA_COAD,TCGA-A6-3809-01A,fixed_log_expression,xgboost,1,0.8582543730735779,0.4726989269256592,outer_fold_nested_fixed_200
discovery_nested_oof,TCGA_COAD,TCGA-A6-3810-01A,fixed_log_expression,xgboost,0,0.11081524938344955,0.4726989269256592,outer_fold_nested_fixed_200
discovery_nested_oof,TCGA_COAD,TCGA-A6-4107-01A,fixed_log_expression,xgboost,0,0.024766774848103523,0.4726989269256592,outer_fold_nested_fixed_200
discovery_nested_oof,TCGA_COAD,TCGA-AA-3488-01A,fixed_log_expression,xgboost,0,0.041295286267995834,0.4726989269256592,outer_fold_nested_fixed_200
discovery_nested_oof,TCGA_COAD,TCGA-AA-3492-01A,fixed_log_expression,xgboost,1,0.6798535585403442,0.4726989269256592,outer_fold_nested_fixed_200
discovery_nested_oof,TCGA_COAD,TCGA-AA-3494-01A,fixed_log_expression,xgboost,0,0.026377923786640167,0.4726989269256592,outer_fold_nested_fixed_200
discovery_nested_oof,TCGA_COAD,TCGA-AA-3495-01A,fixed_log_expression,xgboost,0,0.03145654499530792,0.4726989269256592,outer_fold_nested_fixed_200
discovery_nested_oof,TCGA_COAD,TCGA-AA-3506-01A,fixed_log_expression,xgboost,0,0.03816438093781471,0.4726989269256592,outer_fold_nested_fixed_200
discovery_nested_oof,TCGA_COAD,TCGA-AA-3509-01A,fixed_log_expression,xgboost,0,0.023155556991696358,0.4726989269256592,outer_fold_nested_fixed_200
discovery_nested_oof,TCGA_COAD,TCGA-AA-3510-01A,fixed_log_expression,xgboost,0,0.18412357568740845,0.4726989269256592,outer_fold_nested_fixed_200
discovery_nested_oof,TCGA_COAD,TCGA-AA-3514-01A,fixed_log_expression,xgboost,0,0.044545531272888184,0.4726989269256592,outer_fold_nested_fixed_200
discovery_nested_oof,TCGA_COAD,TCGA-AA-3516-01A,fixed_log_expression,xgboost,1,0.9211769104003906,0.4726989269256592,outer_fold_nested_fixed_200
discovery_nested_oof,TCGA_COAD,TCGA-AA-3518-01A,fixed_log_expression,xgboost,1,0.9534668326377869,0.4726989269256592,outer_fold_nested_fixed_200
discovery_nested_oof,TCGA_COAD,TCGA-AA-3519-01A,fixed_log_expression,xgboost,0,0.02985984832048416,0.4726989269256592,outer_fold_nested_fixed_200
discovery_nested_oof,TCGA_COAD,TCGA-AA-3521-01A,fixed_log_expression,xgboost,0,0.037779003381729126,0.4726989269256592,outer_fold_nested_fixed_200
discovery_nested_oof,TCGA_COAD,TCGA-AA-3522-01A,fixed_log_expression,xgboost,0,0.04451889172196388,0.4726989269256592,outer_fold_nested_fixed_200
discovery_nested_oof,TCGA_COAD,TCGA-AA-3524-01A,fixed_log_expression,xgboost,0,0.06136348098516464,0.4726989269256592,outer_fold_nested_fixed_200
discovery_nested_oof,TCGA_COAD,TCGA-AA-3525-01A,fixed_log_expression,xgboost,1,0.8612087368965149,0.4726989269256592,outer_fold_nested_fixed_200
discovery_nested_oof,TCGA_COAD,TCGA-AA-3527-01A,fixed_log_expression,xgboost,0,0.329474538564682,0.4726989269256592,outer_fold_nested_fixed_200
discovery_nested_oof,TCGA_COAD,TCGA-AA-3530-01A,fixed_log_expression,xgboost,0,0.07565848529338837,0.4726989269256592,outer_fold_nested_fixed_200
discovery_nested_oof,TCGA_COAD,TCGA-AA-3532-01A,fixed_log_expression,xgboost,0,0.03971828520298004,0.4726989269256592,outer_fold_nested_fixed_200
discovery_nested_oof,TCGA_COAD,TCGA-AA-3534-01A,fixed_log_expression,xgboost,0,0.042360275983810425,0.4726989269256592,outer_fold_nested_fixed_200
discovery_nested_oof,TCGA_COAD,TCGA-AA-3538-01A,fixed_log_expression,xgboost,0,0.024760128930211067,0.4726989269256592,outer_fold_nested_fixed_200
discovery_nested_oof,TCGA_COAD,TCGA-AA-3542-01A,fixed_log_expression,xgboost,0,0.24728500843048096,0.4726989269256592,outer_fold_nested_fixed_200
discovery_nested_oof,TCGA_COAD,TCGA-AA-3543-01A,fixed_log_expression,xgboost,1,0.8191525340080261,0.4726989269256592,outer_fold_nested_fixed_200
discovery_nested_oof,TCGA_COAD,TCGA-AA-3544-01A,fixed_log_expression,xgboost,0,0.03257489576935768,0.4726989269256592,outer_fold_nested_fixed_200
discovery_nested_oof,TCGA_COAD,TCGA-AA-3548-01A,fixed_log_expression,xgboost,0,0.02761901170015335,0.4726989269256592,outer_fold_nested_fixed_200
discovery_nested_oof,TCGA_COAD,TCGA-AA-3549-01A,fixed_log_expression,xgboost,0,0.03320233151316643,0.4726989269256592,outer_fold_nested_fixed_200
discovery_nested_oof,TCGA_COAD,TCGA-AA-3552-01A,fixed_log_expression,xgboost,0,0.028850771486759186,0.4726989269256592,outer_fold_nested_fixed_200
discovery_nested_oof,TCGA_COAD,TCGA-AA-3554-01A,fixed_log_expression,xgboost,1,0.4726989269256592,0.4726989269256592,outer_fold_nested_fixed_200
discovery_nested_oof,TCGA_COAD,TCGA-AA-3555-01A,fixed_log_expression,xgboost,0,0.5997105240821838,0.4726989269256592,outer_fold_nested_fixed_200
discovery_nested_oof,TCGA_COAD,TCGA-AA-3556-01A,fixed_log_expression,xgboost,0,0.2452252060174942,0.4726989269256592,outer_fold_nested_fixed_200
discovery_nested_oof,TCGA_COAD,TCGA-AA-3560-01A,fixed_log_expression,xgboost,0,0.05558471009135246,0.4726989269256592,outer_fold_nested_fixed_200
discovery_nested_oof,TCGA_COAD,TCGA-AA-3561-01A,fixed_log_expression,xgboost,0,0.09018215537071228,0.4726989269256592,outer_fold_nested_fixed_200
discovery_nested_oof,TCGA_COAD,TCGA-AA-3562-01A,fixed_log_expression,xgboost,0,0.026503870263695717,0.4726989269256592,outer_fold_nested_fixed_200
discovery_nested_oof,TCGA_COAD,TCGA-AA-3664-01A,fixed_log_expression,xgboost,0,0.427253395318985,0.4726989269256592,outer_fold_nested_fixed_200
discovery_nested_oof,TCGA_COAD,TCGA-AA-3666-01A,fixed_log_expression,xgboost,0,0.02750561200082302,0.4726989269256592,outer_fold_nested_fixed_200
discovery_nested_oof,TCGA_COAD,TCGA-AA-3672-01A,fixed_log_expression,xgboost,1,0.8968713283538818,0.4726989269256592,outer_fold_nested_fixed_200
discovery_nested_oof,TCGA_COAD,TCGA-AA-3673-01A,fixed_log_expression,xgboost,0,0.12736216187477112,0.4726989269256592,outer_fold_nested_fixed_200
discovery_nested_oof,TCGA_COAD,TCGA-AA-3675-01A,fixed_log_expression,xgboost,0,0.04506970942020416,0.4726989269256592,outer_fold_nested_fixed_200
discovery_nested_oof,TCGA_COAD,TCGA-AA-3678-01A,fixed_log_expression,xgboost,0,0.027746928855776787,0.4726989269256592,outer_fold_nested_fixed_200
discovery_nested_oof,TCGA_COAD,TCGA-AA-3679-01A,fixed_log_expression,xgboost,0,0.039415910840034485,0.4726989269256592,outer_fold_nested_fixed_200
discovery_nested_oof,TCGA_COAD,TCGA-AA-3681-01A,fixed_log_expression,xgboost,0,0.09795287251472473,0.4726989269256592,outer_fold_nested_fixed_200
discovery_nested_oof,TCGA_COAD,TCGA-AA-3684-01A,fixed_log_expression,xgboost,0,0.2987526059150696,0.4726989269256592,outer_fold_nested_fixed_200
discovery_nested_oof,TCGA_COAD,TCGA-AA-3685-01A,fixed_log_expression,xgboost,0,0.032580312341451645,0.4726989269256592,outer_fold_nested_fixed_200
discovery_nested_oof,TCGA_COAD,TCGA-AA-3693-01A,fixed_log_expression,xgboost,0,0.024760128930211067,0.4726989269256592,outer_fold_nested_fixed_200
discovery_nested_oof,TCGA_COAD,TCGA-AA-3695-01A,fixed_log_expression,xgboost,0,0.3337310254573822,0.4726989269256592,outer_fold_nested_fixed_200
discovery_nested_oof,TCGA_COAD,TCGA-AA-3696-01A,fixed_log_expression,xgboost,0,0.038731448352336884,0.4726989269256592,outer_fold_nested_fixed_200
discovery_nested_oof,TCGA_COAD,TCGA-AA-3710-01A,fixed_log_expression,xgboost,1,0.9575415849685669,0.4726989269256592,outer_fold_nested_fixed_200
discovery_nested_oof,TCGA_COAD,TCGA-AA-3715-01A,fixed_log_expression,xgboost,1,0.9731921553611755,0.4726989269256592,outer_fold_nested_fixed_200
discovery_nested_oof,TCGA_COAD,TCGA-AA-3811-01A,fixed_log_expression,xgboost,1,0.6802638173103333,0.4726989269256592,outer_fold_nested_fixed_200
discovery_nested_oof,TCGA_COAD,TCGA-AA-3812-01A,fixed_log_expression,xgboost,0,0.06196198612451553,0.4726989269256592,outer_fold_nested_fixed_200
discovery_nested_oof,TCGA_COAD,TCGA-AA-3814-01A,fixed_log_expression,xgboost,0,0.03280874714255333,0.4726989269256592,outer_fold_nested_fixed_200
discovery_nested_oof,TCGA_COAD,TCGA-AA-3815-01A,fixed_log_expression,xgboost,1,0.7910094261169434,0.4726989269256592,outer_fold_nested_fixed_200
discovery_nested_oof,TCGA_COAD,TCGA-AA-3818-01A,fixed_log_expression,xgboost,0,0.03931110352277756,0.4726989269256592,outer_fold_nested_fixed_200
discovery_nested_oof,TCGA_COAD,TCGA-AA-3821-01A,fixed_log_expression,xgboost,1,0.9151764512062073,0.4726989269256592,outer_fold_nested_fixed_200
discovery_nested_oof,TCGA_COAD,TCGA-AA-3831-01A,fixed_log_expression,xgboost,0,0.08869007229804993,0.4726989269256592,outer_fold_nested_fixed_200
discovery_nested_oof,TCGA_COAD,TCGA-AA-3833-01A,fixed_log_expression,xgboost,1,0.8018448948860168,0.4726989269256592,outer_fold_nested_fixed_200
discovery_nested_oof,TCGA_COAD,TCGA-AA-3837-01A,fixed_log_expression,xgboost,0,0.029587293043732643,0.4726989269256592,outer_fold_nested_fixed_200
discovery_nested_oof,TCGA_COAD,TCGA-AA-3841-01A,fixed_log_expression,xgboost,0,0.05166783183813095,0.4726989269256592,outer_fold_nested_fixed_200
discovery_nested_oof,TCGA_COAD,TCGA-AA-3842-01A,fixed_log_expression,xgboost,0,0.6835739612579346,0.4726989269256592,outer_fold_nested_fixed_200
discovery_nested_oof,TCGA_COAD,TCGA-AA-3844-01A,fixed_log_expression,xgboost,0,0.02839743345975876,0.4726989269256592,outer_fold_nested_fixed_200
discovery_nested_oof,TCGA_COAD,TCGA-AA-3845-01A,fixed_log_expression,xgboost,1,0.7798898816108704,0.4726989269256592,outer_fold_nested_fixed_200
discovery_nested_oof,TCGA_COAD,TCGA-AA-3846-01A,fixed_log_expression,xgboost,0,0.05575799196958542,0.4726989269256592,outer_fold_nested_fixed_200
discovery_nested_oof,TCGA_COAD,TCGA-AA-3848-01A,fixed_log_expression,xgboost,0,0.06070798635482788,0.4726989269256592,outer_fold_nested_fixed_200
discovery_nested_oof,TCGA_COAD,TCGA-AA-3850-01A,fixed_log_expression,xgboost,0,0.03052312694489956,0.4726989269256592,outer_fold_nested_fixed_200
discovery_nested_oof,TCGA_COAD,TCGA-AA-3851-01A,fixed_log_expression,xgboost,0,0.0900648906826973,0.4726989269256592,outer_fold_nested_fixed_200
discovery_nested_oof,TCGA_COAD,TCGA-AA-3856-01A,fixed_log_expression,xgboost,0,0.057238392531871796,0.4726989269256592,outer_fold_nested_fixed_200
discovery_nested_oof,TCGA_COAD,TCGA-AA-3858-01A,fixed_log_expression,xgboost,0,0.023200906813144684,0.4726989269256592,outer_fold_nested_fixed_200
discovery_nested_oof,TCGA_COAD,TCGA-AA-3860-01A,fixed_log_expression,xgboost,0,0.07965520024299622,0.4726989269256592,outer_fold_nested_fixed_200
discovery_nested_oof,TCGA_COAD,TCGA-AA-3862-01A,fixed_log_expression,xgboost,0,0.08741924911737442,0.4726989269256592,outer_fold_nested_fixed_200
discovery_nested_oof,TCGA_COAD,TCGA-AA-3864-01A,fixed_log_expression,xgboost,1,0.8516885638237,0.4726989269256592,outer_fold_nested_fixed_200
discovery_nested_oof,TCGA_COAD,TCGA-AA-3867-01A,fixed_log_expression,xgboost,0,0.026906847953796387,0.4726989269256592,outer_fold_nested_fixed_200
discovery_nested_oof,TCGA_COAD,TCGA-AA-3869-01A,fixed_log_expression,xgboost,0,0.025771163403987885,0.4726989269256592,outer_fold_nested_fixed_200
discovery_nested_oof,TCGA_COAD,TCGA-AA-3870-01A,fixed_log_expression,xgboost,0,0.11955787241458893,0.4726989269256592,outer_fold_nested_fixed_200
discovery_nested_oof,TCGA_COAD,TCGA-AA-3872-01A,fixed_log_expression,xgboost,0,0.042288389056921005,0.4726989269256592,outer_fold_nested_fixed_200
discovery_nested_oof,TCGA_COAD,TCGA-AA-3875-01A,fixed_log_expression,xgboost,0,0.030468326061964035,0.4726989269256592,outer_fold_nested_fixed_200
discovery_nested_oof,TCGA_COAD,TCGA-AA-3877-01A,fixed_log_expression,xgboost,1,0.949241042137146,0.4726989269256592,outer_fold_nested_fixed_200
discovery_nested_oof,TCGA_COAD,TCGA-AA-3939-01A,fixed_log_expression,xgboost,0,0.030126255005598068,0.4726989269256592,outer_fold_nested_fixed_200
discovery_nested_oof,TCGA_COAD,TCGA-AA-3947-01A,fixed_log_expression,xgboost,1,0.7521958947181702,0.4726989269256592,outer_fold_nested_fixed_200
discovery_nested_oof,TCGA_COAD,TCGA-AA-3949-01A,fixed_log_expression,xgboost,1,0.970008909702301,0.4726989269256592,outer_fold_nested_fixed_200
discovery_nested_oof,TCGA_COAD,TCGA-AA-3950-01A,fixed_log_expression,xgboost,1,0.841881275177002,0.4726989269256592,outer_fold_nested_fixed_200
discovery_nested_oof,TCGA_COAD,TCGA-AA-3952-01A,fixed_log_expression,xgboost,0,0.08545666188001633,0.4726989269256592,outer_fold_nested_fixed_200
discovery_nested_oof,TCGA_COAD,TCGA-AA-3955-01A,fixed_log_expression,xgboost,0,0.02963373251259327,0.4726989269256592,outer_fold_nested_fixed_200
discovery_nested_oof,TCGA_COAD,TCGA-AA-3956-01A,fixed_log_expression,xgboost,0,0.023200906813144684,0.4726989269256592,outer_fold_nested_fixed_200
discovery_nested_oof,TCGA_COAD,TCGA-AA-3966-01A,fixed_log_expression,xgboost,1,0.9296937584877014,0.4726989269256592,outer_fold_nested_fixed_200
discovery_nested_oof,TCGA_COAD,TCGA-AA-3968-01A,fixed_log_expression,xgboost,0,0.041317135095596313,0.4726989269256592,outer_fold_nested_fixed_200
discovery_nested_oof,TCGA_COAD,TCGA-AA-3970-01A,fixed_log_expression,xgboost,0,0.037545304745435715,0.4726989269256592,outer_fold_nested_fixed_200
discovery_nested_oof,TCGA_COAD,TCGA-AA-3971-01A,fixed_log_expression,xgboost,0,0.0363333486020565,0.4726989269256592,outer_fold_nested_fixed_200
discovery_nested_oof,TCGA_COAD,TCGA-AA-3975-01A,fixed_log_expression,xgboost,0,0.028973061591386795,0.4726989269256592,outer_fold_nested_fixed_200
discovery_nested_oof,TCGA_COAD,TCGA-AA-3976-01A,fixed_log_expression,xgboost,0,0.02553229033946991,0.4726989269256592,outer_fold_nested_fixed_200
discovery_nested_oof,TCGA_COAD,TCGA-AA-3977-01A,fixed_log_expression,xgboost,0,0.6800685524940491,0.4726989269256592,outer_fold_nested_fixed_200
discovery_nested_oof,TCGA_COAD,TCGA-AA-3979-01A,fixed_log_expression,xgboost,0,0.023200906813144684,0.4726989269256592,outer_fold_nested_fixed_200
discovery_nested_oof,TCGA_COAD,TCGA-AA-3980-01A,fixed_log_expression,xgboost,0,0.11616772413253784,0.4726989269256592,outer_fold_nested_fixed_200
discovery_nested_oof,TCGA_COAD,TCGA-AA-3984-01A,fixed_log_expression,xgboost,0,0.07303909957408905,0.4726989269256592,outer_fold_nested_fixed_200
discovery_nested_oof,TCGA_COAD,TCGA-AA-3986-01A,fixed_log_expression,xgboost,0,0.1287463903427124,0.4726989269256592,outer_fold_nested_fixed_200
discovery_nested_oof,TCGA_COAD,TCGA-AA-3989-01A,fixed_log_expression,xgboost,0,0.04591618478298187,0.4726989269256592,outer_fold_nested_fixed_200
discovery_nested_oof,TCGA_COAD,TCGA-AA-3994-01A,fixed_log_expression,xgboost,0,0.3003346621990204,0.4726989269256592,outer_fold_nested_fixed_200
discovery_nested_oof,TCGA_COAD,TCGA-AA-A00A-01A,fixed_log_expression,xgboost,1,0.27950242161750793,0.4726989269256592,outer_fold_nested_fixed_200
discovery_nested_oof,TCGA_COAD,TCGA-AA-A00D-01A,fixed_log_expression,xgboost,0,0.0889614075422287,0.4726989269256592,outer_fold_nested_fixed_200
discovery_nested_oof,TCGA_COAD,TCGA-AA-A00E-01A,fixed_log_expression,xgboost,1,0.9636370539665222,0.4726989269256592,outer_fold_nested_fixed_200
discovery_nested_oof,TCGA_COAD,TCGA-AA-A00F-01A,fixed_log_expression,xgboost,0,0.023200906813144684,0.4726989269256592,outer_fold_nested_fixed_200
discovery_nested_oof,TCGA_COAD,TCGA-AA-A00J-01A,fixed_log_expression,xgboost,1,0.8786181807518005,0.4726989269256592,outer_fold_nested_fixed_200
discovery_nested_oof,TCGA_COAD,TCGA-AA-A00L-01A,fixed_log_expression,xgboost,0,0.03486359491944313,0.4726989269256592,outer_fold_nested_fixed_200
discovery_nested_oof,TCGA_COAD,TCGA-AA-A00Q-01A,fixed_log_expression,xgboost,0,0.024760128930211067,0.4726989269256592,outer_fold_nested_fixed_200
discovery_nested_oof,TCGA_COAD,TCGA-AA-A00R-01A,fixed_log_expression,xgboost,1,0.9575808048248291,0.4726989269256592,outer_fold_nested_fixed_200
discovery_nested_oof,TCGA_COAD,TCGA-AA-A00U-01A,fixed_log_expression,xgboost,0,0.027775870636105537,0.4726989269256592,outer_fold_nested_fixed_200
discovery_nested_oof,TCGA_COAD,TCGA-AA-A00W-01A,fixed_log_expression,xgboost,0,0.02724382095038891,0.4726989269256592,outer_fold_nested_fixed_200
discovery_nested_oof,TCGA_COAD,TCGA-AA-A00Z-01A,fixed_log_expression,xgboost,0,0.027260199189186096,0.4726989269256592,outer_fold_nested_fixed_200
discovery_nested_oof,TCGA_COAD,TCGA-AA-A017-01A,fixed_log_expression,xgboost,0,0.030580570921301842,0.4726989269256592,outer_fold_nested_fixed_200
discovery_nested_oof,TCGA_COAD,TCGA-AA-A01C-01A,fixed_log_expression,xgboost,0,0.027070123702287674,0.4726989269256592,outer_fold_nested_fixed_200
discovery_nested_oof,TCGA_COAD,TCGA-AA-A01D-01A,fixed_log_expression,xgboost,0,0.5407323837280273,0.4726989269256592,outer_fold_nested_fixed_200
discovery_nested_oof,TCGA_COAD,TCGA-AA-A01F-01A,fixed_log_expression,xgboost,0,0.03835441544651985,0.4726989269256592,outer_fold_nested_fixed_200
discovery_nested_oof,TCGA_COAD,TCGA-AA-A01I-01A,fixed_log_expression,xgboost,0,0.0721513032913208,0.4726989269256592,outer_fold_nested_fixed_200
discovery_nested_oof,TCGA_COAD,TCGA-AA-A01K-01A,fixed_log_expression,xgboost,0,0.05367676913738251,0.4726989269256592,outer_fold_nested_fixed_200
discovery_nested_oof,TCGA_COAD,TCGA-AA-A01P-01A,fixed_log_expression,xgboost,1,0.9478810429573059,0.4726989269256592,outer_fold_nested_fixed_200
discovery_nested_oof,TCGA_COAD,TCGA-AA-A01Q-01A,fixed_log_expression,xgboost,1,0.8888891935348511,0.4726989269256592,outer_fold_nested_fixed_200
discovery_nested_oof,TCGA_COAD,TCGA-AA-A01R-01A,fixed_log_expression,xgboost,1,0.2924325466156006,0.4726989269256592,outer_fold_nested_fixed_200
discovery_nested_oof,TCGA_COAD,TCGA-AA-A01T-01A,fixed_log_expression,xgboost,0,0.037501055747270584,0.4726989269256592,outer_fold_nested_fixed_200
discovery_nested_oof,TCGA_COAD,TCGA-AA-A01V-01A,fixed_log_expression,xgboost,0,0.2139807790517807,0.4726989269256592,outer_fold_nested_fixed_200
discovery_nested_oof,TCGA_COAD,TCGA-AA-A01X-01A,fixed_log_expression,xgboost,0,0.03551461920142174,0.4726989269256592,outer_fold_nested_fixed_200
discovery_nested_oof,TCGA_COAD,TCGA-AA-A01Z-01A,fixed_log_expression,xgboost,0,0.17024904489517212,0.4726989269256592,outer_fold_nested_fixed_200
discovery_nested_oof,TCGA_COAD,TCGA-AA-A022-01A,fixed_log_expression,xgboost,1,0.9547834396362305,0.4726989269256592,outer_fold_nested_fixed_200
discovery_nested_oof,TCGA_COAD,TCGA-AA-A02F-01A,fixed_log_expression,xgboost,0,0.06389821320772171,0.4726989269256592,outer_fold_nested_fixed_200
discovery_nested_oof,TCGA_COAD,TCGA-AA-A02H-01A,fixed_log_expression,xgboost,0,0.03152518346905708,0.4726989269256592,outer_fold_nested_fixed_200
discovery_nested_oof,TCGA_COAD,TCGA-AA-A02J-01A,fixed_log_expression,xgboost,0,0.03217887505888939,0.4726989269256592,outer_fold_nested_fixed_200
discovery_nested_oof,TCGA_COAD,TCGA-AA-A02K-01A,fixed_log_expression,xgboost,0,0.04231205955147743,0.4726989269256592,outer_fold_nested_fixed_200
discovery_nested_oof,TCGA_COAD,TCGA-AA-A02O-01A,fixed_log_expression,xgboost,0,0.08826833218336105,0.4726989269256592,outer_fold_nested_fixed_200
discovery_nested_oof,TCGA_COAD,TCGA-AA-A02R-01A,fixed_log_expression,xgboost,1,0.9774086475372314,0.4726989269256592,outer_fold_nested_fixed_200
discovery_nested_oof,TCGA_COAD,TCGA-AA-A02Y-01A,fixed_log_expression,xgboost,0,0.0408090315759182,0.4726989269256592,outer_fold_nested_fixed_200
discovery_nested_oof,TCGA_COAD,TCGA-AA-A03F-01A,fixed_log_expression,xgboost,0,0.3443243205547333,0.4726989269256592,outer_fold_nested_fixed_200
discovery_nested_oof,TCGA_COAD,TCGA-AA-A03J-01A,fixed_log_expression,xgboost,0,0.07251382619142532,0.4726989269256592,outer_fold_nested_fixed_200
discovery_nested_oof,TCGA_COAD,TCGA-AY-4070-01A,fixed_log_expression,xgboost,0,0.03520949184894562,0.4726989269256592,outer_fold_nested_fixed_200
discovery_nested_oof,TCGA_COAD,TCGA-AY-4071-01A,fixed_log_expression,xgboost,0,0.024766774848103523,0.4726989269256592,outer_fold_nested_fixed_200
discovery_nested_oof,TCGA_COAD,TCGA-AZ-4308-01A,fixed_log_expression,xgboost,0,0.20982763171195984,0.4726989269256592,outer_fold_nested_fixed_200
discovery_nested_oof,TCGA_COAD,TCGA-AZ-4313-01A,fixed_log_expression,xgboost,1,0.6430869698524475,0.4726989269256592,outer_fold_nested_fixed_200
discovery_nested_oof,TCGA_COAD,TCGA-AZ-4315-01A,fixed_log_expression,xgboost,0,0.2869007885456085,0.4726989269256592,outer_fold_nested_fixed_200
discovery_nested_oof,TCGA_COAD,TCGA-AZ-4615-01A,fixed_log_expression,xgboost,1,0.8130079507827759,0.4726989269256592,outer_fold_nested_fixed_200
discovery_nested_oof,TCGA_COAD,TCGA-AZ-4681-01A,fixed_log_expression,xgboost,0,0.047335103154182434,0.4726989269256592,outer_fold_nested_fixed_200
discovery_nested_oof,TCGA_COAD,TCGA-AZ-4682-01B,fixed_log_expression,xgboost,0,0.028511978685855865,0.4726989269256592,outer_fold_nested_fixed_200
discovery_nested_oof,TCGA_COAD,TCGA-CA-5256-01A,fixed_log_expression,xgboost,0,0.0436868779361248,0.4726989269256592,outer_fold_nested_fixed_200
discovery_nested_oof,TCGA_COAD,TCGA-CK-4951-01A,fixed_log_expression,xgboost,1,0.8909052610397339,0.4726989269256592,outer_fold_nested_fixed_200
discovery_nested_oof,TCGA_COAD,TCGA-CM-4744-01A,fixed_log_expression,xgboost,0,0.11680722236633301,0.4726989269256592,outer_fold_nested_fixed_200
discovery_nested_oof,TCGA_COAD,TCGA-CM-4746-01A,fixed_log_expression,xgboost,1,0.2159808725118637,0.4726989269256592,outer_fold_nested_fixed_200
discovery_nested_oof,TCGA_COAD,TCGA-CM-4748-01A,fixed_log_expression,xgboost,0,0.08955415338277817,0.4726989269256592,outer_fold_nested_fixed_200
discovery_nested_oof,TCGA_COAD,TCGA-CM-4752-01A,fixed_log_expression,xgboost,0,0.037073127925395966,0.4726989269256592,outer_fold_nested_fixed_200
discovery_nested_oof,TCGA_COAD,TCGA-CM-5341-01A,fixed_log_expression,xgboost,0,0.09368535131216049,0.4726989269256592,outer_fold_nested_fixed_200
TCGA_to_GEO,GSE13294,GSM335510,fixed_log_expression,xgboost,0,0.2795625329017639,0.4726989269256592,full_discovery_fixed_200
TCGA_to_GEO,GSE13294,GSM335511,fixed_log_expression,xgboost,1,0.5212787389755249,0.4726989269256592,full_discovery_fixed_200
TCGA_to_GEO,GSE13294,GSM335512,fixed_log_expression,xgboost,0,0.20946279168128967,0.4726989269256592,full_discovery_fixed_200
TCGA_to_GEO,GSE13294,GSM335513,fixed_log_expression,xgboost,0,0.1613229513168335,0.4726989269256592,full_discovery_fixed_200
TCGA_to_GEO,GSE13294,GSM335514,fixed_log_expression,xgboost,0,0.13229896128177643,0.4726989269256592,full_discovery_fixed_200
TCGA_to_GEO,GSE13294,GSM335515,fixed_log_expression,xgboost,0,0.25336045026779175,0.4726989269256592,full_discovery_fixed_200
TCGA_to_GEO,GSE13294,GSM335516,fixed_log_expression,xgboost,0,0.10388606786727905,0.4726989269256592,full_discovery_fixed_200
TCGA_to_GEO,GSE13294,GSM335517,fixed_log_expression,xgboost,0,0.13302205502986908,0.4726989269256592,full_discovery_fixed_200
TCGA_to_GEO,GSE13294,GSM335518,fixed_log_expression,xgboost,1,0.2855847477912903,0.4726989269256592,full_discovery_fixed_200
TCGA_to_GEO,GSE13294,GSM335519,fixed_log_expression,xgboost,1,0.27849724888801575,0.4726989269256592,full_discovery_fixed_200
TCGA_to_GEO,GSE13294,GSM335520,fixed_log_expression,xgboost,0,0.19064581394195557,0.4726989269256592,full_discovery_fixed_200
TCGA_to_GEO,GSE13294,GSM335521,fixed_log_expression,xgboost,0,0.16670559346675873,0.4726989269256592,full_discovery_fixed_200
TCGA_to_GEO,GSE13294,GSM335522,fixed_log_expression,xgboost,0,0.20980370044708252,0.4726989269256592,full_discovery_fixed_200
TCGA_to_GEO,GSE13294,GSM335523,fixed_log_expression,xgboost,0,0.28972187638282776,0.4726989269256592,full_discovery_fixed_200
TCGA_to_GEO,GSE13294,GSM335524,fixed_log_expression,xgboost,0,0.28438034653663635,0.4726989269256592,full_discovery_fixed_200
TCGA_to_GEO,GSE13294,GSM335525,fixed_log_expression,xgboost,1,0.28556180000305176,0.4726989269256592,full_discovery_fixed_200
TCGA_to_GEO,GSE13294,GSM335526,fixed_log_expression,xgboost,0,0.09448343515396118,0.4726989269256592,full_discovery_fixed_200
TCGA_to_GEO,GSE13294,GSM335527,fixed_log_expression,xgboost,1,0.5051432251930237,0.4726989269256592,full_discovery_fixed_200
TCGA_to_GEO,GSE13294,GSM335528,fixed_log_expression,xgboost,0,0.15735860168933868,0.4726989269256592,full_discovery_fixed_200
TCGA_to_GEO,GSE13294,GSM335529,fixed_log_expression,xgboost,1,0.369254469871521,0.4726989269256592,full_discovery_fixed_200
TCGA_to_GEO,GSE13294,GSM335530,fixed_log_expression,xgboost,1,0.427584171295166,0.4726989269256592,full_discovery_fixed_200
TCGA_to_GEO,GSE13294,GSM335531,fixed_log_expression,xgboost,0,0.2566579580307007,0.4726989269256592,full_discovery_fixed_200
TCGA_to_GEO,GSE13294,GSM335532,fixed_log_expression,xgboost,1,0.32788676023483276,0.4726989269256592,full_discovery_fixed_200
TCGA_to_GEO,GSE13294,GSM335533,fixed_log_expression,xgboost,0,0.13511192798614502,0.4726989269256592,full_discovery_fixed_200
TCGA_to_GEO,GSE13294,GSM335534,fixed_log_expression,xgboost,0,0.2442912608385086,0.4726989269256592,full_discovery_fixed_200
TCGA_to_GEO,GSE13294,GSM335535,fixed_log_expression,xgboost,0,0.12324927747249603,0.4726989269256592,full_discovery_fixed_200
TCGA_to_GEO,GSE13294,GSM335536,fixed_log_expression,xgboost,0,0.17396700382232666,0.4726989269256592,full_discovery_fixed_200
TCGA_to_GEO,GSE13294,GSM335537,fixed_log_expression,xgboost,0,0.2638320326805115,0.4726989269256592,full_discovery_fixed_200
TCGA_to_GEO,GSE13294,GSM335538,fixed_log_expression,xgboost,0,0.1759827882051468,0.4726989269256592,full_discovery_fixed_200
TCGA_to_GEO,GSE13294,GSM335539,fixed_log_expression,xgboost,0,0.14317819476127625,0.4726989269256592,full_discovery_fixed_200
TCGA_to_GEO,GSE13294,GSM335540,fixed_log_expression,xgboost,0,0.1616440862417221,0.4726989269256592,full_discovery_fixed_200
TCGA_to_GEO,GSE13294,GSM335541,fixed_log_expression,xgboost,1,0.38451018929481506,0.4726989269256592,full_discovery_fixed_200
TCGA_to_GEO,GSE13294,GSM335542,fixed_log_expression,xgboost,1,0.4732581079006195,0.4726989269256592,full_discovery_fixed_200
TCGA_to_GEO,GSE13294,GSM335543,fixed_log_expression,xgboost,1,0.3042195737361908,0.4726989269256592,full_discovery_fixed_200
TCGA_to_GEO,GSE13294,GSM335544,fixed_log_expression,xgboost,1,0.5664779543876648,0.4726989269256592,full_discovery_fixed_200
TCGA_to_GEO,GSE13294,GSM335545,fixed_log_expression,xgboost,1,0.5019457936286926,0.4726989269256592,full_discovery_fixed_200
TCGA_to_GEO,GSE13294,GSM335546,fixed_log_expression,xgboost,1,0.4984685778617859,0.4726989269256592,full_discovery_fixed_200
TCGA_to_GEO,GSE13294,GSM335547,fixed_log_expression,xgboost,0,0.34660157561302185,0.4726989269256592,full_discovery_fixed_200
TCGA_to_GEO,GSE13294,GSM335548,fixed_log_expression,xgboost,0,0.21506381034851074,0.4726989269256592,full_discovery_fixed_200
TCGA_to_GEO,GSE13294,GSM335549,fixed_log_expression,xgboost,0,0.20237666368484497,0.4726989269256592,full_discovery_fixed_200
TCGA_to_GEO,GSE13294,GSM335550,fixed_log_expression,xgboost,0,0.24217970669269562,0.4726989269256592,full_discovery_fixed_200
TCGA_to_GEO,GSE13294,GSM335551,fixed_log_expression,xgboost,1,0.15530957281589508,0.4726989269256592,full_discovery_fixed_200
TCGA_to_GEO,GSE13294,GSM335552,fixed_log_expression,xgboost,0,0.28950029611587524,0.4726989269256592,full_discovery_fixed_200
TCGA_to_GEO,GSE13294,GSM335553,fixed_log_expression,xgboost,0,0.1551935076713562,0.4726989269256592,full_discovery_fixed_200
TCGA_to_GEO,GSE13294,GSM335554,fixed_log_expression,xgboost,0,0.0715189278125763,0.4726989269256592,full_discovery_fixed_200
TCGA_to_GEO,GSE13294,GSM335555,fixed_log_expression,xgboost,1,0.6991521120071411,0.4726989269256592,full_discovery_fixed_200
TCGA_to_GEO,GSE13294,GSM335556,fixed_log_expression,xgboost,0,0.1176317110657692,0.4726989269256592,full_discovery_fixed_200
TCGA_to_GEO,GSE13294,GSM335557,fixed_log_expression,xgboost,0,0.08202700316905975,0.4726989269256592,full_discovery_fixed_200
TCGA_to_GEO,GSE13294,GSM335558,fixed_log_expression,xgboost,0,0.13193421065807343,0.4726989269256592,full_discovery_fixed_200
TCGA_to_GEO,GSE13294,GSM335559,fixed_log_expression,xgboost,1,0.5236261487007141,0.4726989269256592,full_discovery_fixed_200
TCGA_to_GEO,GSE13294,GSM335560,fixed_log_expression,xgboost,1,0.5792837738990784,0.4726989269256592,full_discovery_fixed_200
TCGA_to_GEO,GSE13294,GSM335561,fixed_log_expression,xgboost,0,0.08841276913881302,0.4726989269256592,full_discovery_fixed_200
TCGA_to_GEO,GSE13294,GSM335562,fixed_log_expression,xgboost,1,0.550857424736023,0.4726989269256592,full_discovery_fixed_200
TCGA_to_GEO,GSE13294,GSM335563,fixed_log_expression,xgboost,1,0.5250303745269775,0.4726989269256592,full_discovery_fixed_200
TCGA_to_GEO,GSE13294,GSM335564,fixed_log_expression,xgboost,0,0.14455674588680267,0.4726989269256592,full_discovery_fixed_200
TCGA_to_GEO,GSE13294,GSM335565,fixed_log_expression,xgboost,1,0.6150678992271423,0.4726989269256592,full_discovery_fixed_200
TCGA_to_GEO,GSE13294,GSM335566,fixed_log_expression,xgboost,1,0.43801915645599365,0.4726989269256592,full_discovery_fixed_200
TCGA_to_GEO,GSE13294,GSM335567,fixed_log_expression,xgboost,0,0.19162479043006897,0.4726989269256592,full_discovery_fixed_200
TCGA_to_GEO,GSE13294,GSM335568,fixed_log_expression,xgboost,0,0.14683537185192108,0.4726989269256592,full_discovery_fixed_200
TCGA_to_GEO,GSE13294,GSM335569,fixed_log_expression,xgboost,0,0.1353093534708023,0.4726989269256592,full_discovery_fixed_200
TCGA_to_GEO,GSE13294,GSM335570,fixed_log_expression,xgboost,0,0.6111685633659363,0.4726989269256592,full_discovery_fixed_200
TCGA_to_GEO,GSE13294,GSM335571,fixed_log_expression,xgboost,0,0.13467323780059814,0.4726989269256592,full_discovery_fixed_200
TCGA_to_GEO,GSE13294,GSM335572,fixed_log_expression,xgboost,0,0.29339101910591125,0.4726989269256592,full_discovery_fixed_200
TCGA_to_GEO,GSE13294,GSM335573,fixed_log_expression,xgboost,1,0.05584961175918579,0.4726989269256592,full_discovery_fixed_200
TCGA_to_GEO,GSE13294,GSM335574,fixed_log_expression,xgboost,1,0.5524656176567078,0.4726989269256592,full_discovery_fixed_200
TCGA_to_GEO,GSE13294,GSM335575,fixed_log_expression,xgboost,0,0.13904614746570587,0.4726989269256592,full_discovery_fixed_200
TCGA_to_GEO,GSE13294,GSM335576,fixed_log_expression,xgboost,1,0.5715054273605347,0.4726989269256592,full_discovery_fixed_200
TCGA_to_GEO,GSE13294,GSM335577,fixed_log_expression,xgboost,1,0.46611130237579346,0.4726989269256592,full_discovery_fixed_200
TCGA_to_GEO,GSE13294,GSM335578,fixed_log_expression,xgboost,1,0.3157901167869568,0.4726989269256592,full_discovery_fixed_200
TCGA_to_GEO,GSE13294,GSM335579,fixed_log_expression,xgboost,0,0.2807765603065491,0.4726989269256592,full_discovery_fixed_200
TCGA_to_GEO,GSE13294,GSM335580,fixed_log_expression,xgboost,0,0.42044901847839355,0.4726989269256592,full_discovery_fixed_200
TCGA_to_GEO,GSE13294,GSM335581,fixed_log_expression,xgboost,0,0.19094638526439667,0.4726989269256592,full_discovery_fixed_200
TCGA_to_GEO,GSE13294,GSM335582,fixed_log_expression,xgboost,0,0.11114109307527542,0.4726989269256592,full_discovery_fixed_200
TCGA_to_GEO,GSE13294,GSM335583,fixed_log_expression,xgboost,0,0.15831147134304047,0.4726989269256592,full_discovery_fixed_200
TCGA_to_GEO,GSE13294,GSM335584,fixed_log_expression,xgboost,0,0.0641285628080368,0.4726989269256592,full_discovery_fixed_200
TCGA_to_GEO,GSE13294,GSM335585,fixed_log_expression,xgboost,1,0.5690917372703552,0.4726989269256592,full_discovery_fixed_200
TCGA_to_GEO,GSE13294,GSM335586,fixed_log_expression,xgboost,0,0.1696299910545349,0.4726989269256592,full_discovery_fixed_200
TCGA_to_GEO,GSE13294,GSM335587,fixed_log_expression,xgboost,0,0.39254868030548096,0.4726989269256592,full_discovery_fixed_200
TCGA_to_GEO,GSE13294,GSM335588,fixed_log_expression,xgboost,0,0.12179084122180939,0.4726989269256592,full_discovery_fixed_200
TCGA_to_GEO,GSE13294,GSM335589,fixed_log_expression,xgboost,0,0.20846939086914062,0.4726989269256592,full_discovery_fixed_200
TCGA_to_GEO,GSE13294,GSM335590,fixed_log_expression,xgboost,0,0.17843301594257355,0.4726989269256592,full_discovery_fixed_200
TCGA_to_GEO,GSE13294,GSM335591,fixed_log_expression,xgboost,0,0.14942383766174316,0.4726989269256592,full_discovery_fixed_200
TCGA_to_GEO,GSE13294,GSM335592,fixed_log_expression,xgboost,0,0.13008330762386322,0.4726989269256592,full_discovery_fixed_200
TCGA_to_GEO,GSE13294,GSM335593,fixed_log_expression,xgboost,0,0.3057152330875397,0.4726989269256592,full_discovery_fixed_200
TCGA_to_GEO,GSE13294,GSM335594,fixed_log_expression,xgboost,0,0.14627033472061157,0.4726989269256592,full_discovery_fixed_200
TCGA_to_GEO,GSE13294,GSM335595,fixed_log_expression,xgboost,1,0.5346060991287231,0.4726989269256592,full_discovery_fixed_200
TCGA_to_GEO,GSE13294,GSM335596,fixed_log_expression,xgboost,0,0.3304130733013153,0.4726989269256592,full_discovery_fixed_200
TCGA_to_GEO,GSE13294,GSM335597,fixed_log_expression,xgboost,1,0.4224202036857605,0.4726989269256592,full_discovery_fixed_200
TCGA_to_GEO,GSE13294,GSM335598,fixed_log_expression,xgboost,0,0.14873245358467102,0.4726989269256592,full_discovery_fixed_200
TCGA_to_GEO,GSE13294,GSM335599,fixed_log_expression,xgboost,0,0.2788158357143402,0.4726989269256592,full_discovery_fixed_200
TCGA_to_GEO,GSE13294,GSM335600,fixed_log_expression,xgboost,0,0.0930200070142746,0.4726989269256592,full_discovery_fixed_200
TCGA_to_GEO,GSE13294,GSM335601,fixed_log_expression,xgboost,0,0.20198456943035126,0.4726989269256592,full_discovery_fixed_200
TCGA_to_GEO,GSE13294,GSM335602,fixed_log_expression,xgboost,0,0.22188661992549896,0.4726989269256592,full_discovery_fixed_200
TCGA_to_GEO,GSE13294,GSM335603,fixed_log_expression,xgboost,0,0.08495249599218369,0.4726989269256592,full_discovery_fixed_200
TCGA_to_GEO,GSE13294,GSM335604,fixed_log_expression,xgboost,0,0.18669311702251434,0.4726989269256592,full_discovery_fixed_200
TCGA_to_GEO,GSE13294,GSM335605,fixed_log_expression,xgboost,0,0.1416425257921219,0.4726989269256592,full_discovery_fixed_200
TCGA_to_GEO,GSE13294,GSM335606,fixed_log_expression,xgboost,0,0.07617385685443878,0.4726989269256592,full_discovery_fixed_200
TCGA_to_GEO,GSE13294,GSM335607,fixed_log_expression,xgboost,0,0.3773617446422577,0.4726989269256592,full_discovery_fixed_200
TCGA_to_GEO,GSE13294,GSM335608,fixed_log_expression,xgboost,0,0.4238334894180298,0.4726989269256592,full_discovery_fixed_200
TCGA_to_GEO,GSE13294,GSM335609,fixed_log_expression,xgboost,0,0.1279517263174057,0.4726989269256592,full_discovery_fixed_200
TCGA_to_GEO,GSE13294,GSM335610,fixed_log_expression,xgboost,0,0.0661173015832901,0.4726989269256592,full_discovery_fixed_200
TCGA_to_GEO,GSE13294,GSM335611,fixed_log_expression,xgboost,0,0.26882603764533997,0.4726989269256592,full_discovery_fixed_200
TCGA_to_GEO,GSE13294,GSM335612,fixed_log_expression,xgboost,0,0.09890683740377426,0.4726989269256592,full_discovery_fixed_200
TCGA_to_GEO,GSE13294,GSM335613,fixed_log_expression,xgboost,0,0.11376854032278061,0.4726989269256592,full_discovery_fixed_200
TCGA_to_GEO,GSE13294,GSM335614,fixed_log_expression,xgboost,1,0.7668533325195312,0.4726989269256592,full_discovery_fixed_200
TCGA_to_GEO,GSE13294,GSM335615,fixed_log_expression,xgboost,0,0.2962964177131653,0.4726989269256592,full_discovery_fixed_200
TCGA_to_GEO,GSE13294,GSM335616,fixed_log_expression,xgboost,0,0.09040310233831406,0.4726989269256592,full_discovery_fixed_200
TCGA_to_GEO,GSE13294,GSM335617,fixed_log_expression,xgboost,0,0.12414690107107162,0.4726989269256592,full_discovery_fixed_200
TCGA_to_GEO,GSE13294,GSM335618,fixed_log_expression,xgboost,1,0.25866320729255676,0.4726989269256592,full_discovery_fixed_200
TCGA_to_GEO,GSE13294,GSM335619,fixed_log_expression,xgboost,1,0.7881579399108887,0.4726989269256592,full_discovery_fixed_200
TCGA_to_GEO,GSE13294,GSM335620,fixed_log_expression,xgboost,1,0.22099731862545013,0.4726989269256592,full_discovery_fixed_200
TCGA_to_GEO,GSE13294,GSM335621,fixed_log_expression,xgboost,1,0.5738229155540466,0.4726989269256592,full_discovery_fixed_200
TCGA_to_GEO,GSE13294,GSM335622,fixed_log_expression,xgboost,1,0.35895293951034546,0.4726989269256592,full_discovery_fixed_200
TCGA_to_GEO,GSE13294,GSM335623,fixed_log_expression,xgboost,1,0.8079777956008911,0.4726989269256592,full_discovery_fixed_200
TCGA_to_GEO,GSE13294,GSM335624,fixed_log_expression,xgboost,1,0.39009159803390503,0.4726989269256592,full_discovery_fixed_200
TCGA_to_GEO,GSE13294,GSM335625,fixed_log_expression,xgboost,1,0.3367815911769867,0.4726989269256592,full_discovery_fixed_200
TCGA_to_GEO,GSE13294,GSM335626,fixed_log_expression,xgboost,1,0.3439428508281708,0.4726989269256592,full_discovery_fixed_200
TCGA_to_GEO,GSE13294,GSM335627,fixed_log_expression,xgboost,1,0.20204195380210876,0.4726989269256592,full_discovery_fixed_200
TCGA_to_GEO,GSE13294,GSM335628,fixed_log_expression,xgboost,1,0.3876156210899353,0.4726989269256592,full_discovery_fixed_200
TCGA_to_GEO,GSE13294,GSM335629,fixed_log_expression,xgboost,1,0.4916057288646698,0.4726989269256592,full_discovery_fixed_200
TCGA_to_GEO,GSE13294,GSM335630,fixed_log_expression,xgboost,1,0.489844411611557,0.4726989269256592,full_discovery_fixed_200
TCGA_to_GEO,GSE13294,GSM335631,fixed_log_expression,xgboost,1,0.36547115445137024,0.4726989269256592,full_discovery_fixed_200
TCGA_to_GEO,GSE13294,GSM335632,fixed_log_expression,xgboost,1,0.3326629400253296,0.4726989269256592,full_discovery_fixed_200
TCGA_to_GEO,GSE13294,GSM335633,fixed_log_expression,xgboost,1,0.28909534215927124,0.4726989269256592,full_discovery_fixed_200
TCGA_to_GEO,GSE13294,GSM335634,fixed_log_expression,xgboost,1,0.5000947713851929,0.4726989269256592,full_discovery_fixed_200
TCGA_to_GEO,GSE13294,GSM335635,fixed_log_expression,xgboost,1,0.8050008416175842,0.4726989269256592,full_discovery_fixed_200
TCGA_to_GEO,GSE13294,GSM335636,fixed_log_expression,xgboost,1,0.06530897319316864,0.4726989269256592,full_discovery_fixed_200
TCGA_to_GEO,GSE13294,GSM335637,fixed_log_expression,xgboost,1,0.4072270691394806,0.4726989269256592,full_discovery_fixed_200
TCGA_to_GEO,GSE13294,GSM335638,fixed_log_expression,xgboost,1,0.4390745162963867,0.4726989269256592,full_discovery_fixed_200
TCGA_to_GEO,GSE13294,GSM335639,fixed_log_expression,xgboost,1,0.4242466986179352,0.4726989269256592,full_discovery_fixed_200
TCGA_to_GEO,GSE13294,GSM335640,fixed_log_expression,xgboost,1,0.5759527087211609,0.4726989269256592,full_discovery_fixed_200
TCGA_to_GEO,GSE13294,GSM335641,fixed_log_expression,xgboost,1,0.5504385232925415,0.4726989269256592,full_discovery_fixed_200
TCGA_to_GEO,GSE13294,GSM335642,fixed_log_expression,xgboost,1,0.42793789505958557,0.4726989269256592,full_discovery_fixed_200
TCGA_to_GEO,GSE13294,GSM335643,fixed_log_expression,xgboost,1,0.7123996019363403,0.4726989269256592,full_discovery_fixed_200
TCGA_to_GEO,GSE13294,GSM335644,fixed_log_expression,xgboost,1,0.5333516001701355,0.4726989269256592,full_discovery_fixed_200
TCGA_to_GEO,GSE13294,GSM335645,fixed_log_expression,xgboost,1,0.5804882049560547,0.4726989269256592,full_discovery_fixed_200
TCGA_to_GEO,GSE13294,GSM335646,fixed_log_expression,xgboost,1,0.46750178933143616,0.4726989269256592,full_discovery_fixed_200
TCGA_to_GEO,GSE13294,GSM335647,fixed_log_expression,xgboost,1,0.28206002712249756,0.4726989269256592,full_discovery_fixed_200
TCGA_to_GEO,GSE13294,GSM335648,fixed_log_expression,xgboost,1,0.23816868662834167,0.4726989269256592,full_discovery_fixed_200
TCGA_to_GEO,GSE13294,GSM335649,fixed_log_expression,xgboost,1,0.6136565804481506,0.4726989269256592,full_discovery_fixed_200
TCGA_to_GEO,GSE13294,GSM335650,fixed_log_expression,xgboost,1,0.37086549401283264,0.4726989269256592,full_discovery_fixed_200
TCGA_to_GEO,GSE13294,GSM335651,fixed_log_expression,xgboost,1,0.12316817790269852,0.4726989269256592,full_discovery_fixed_200
TCGA_to_GEO,GSE13294,GSM335652,fixed_log_expression,xgboost,1,0.79788738489151,0.4726989269256592,full_discovery_fixed_200
TCGA_to_GEO,GSE13294,GSM335653,fixed_log_expression,xgboost,1,0.4288758635520935,0.4726989269256592,full_discovery_fixed_200
TCGA_to_GEO,GSE13294,GSM335654,fixed_log_expression,xgboost,1,0.5196260213851929,0.4726989269256592,full_discovery_fixed_200
TCGA_to_GEO,GSE13294,GSM335655,fixed_log_expression,xgboost,1,0.42268532514572144,0.4726989269256592,full_discovery_fixed_200
TCGA_to_GEO,GSE13294,GSM335656,fixed_log_expression,xgboost,1,0.4834975600242615,0.4726989269256592,full_discovery_fixed_200
TCGA_to_GEO,GSE13294,GSM335657,fixed_log_expression,xgboost,1,0.4703528583049774,0.4726989269256592,full_discovery_fixed_200
TCGA_to_GEO,GSE13294,GSM335658,fixed_log_expression,xgboost,1,0.5835450887680054,0.4726989269256592,full_discovery_fixed_200
TCGA_to_GEO,GSE13294,GSM335659,fixed_log_expression,xgboost,1,0.6790571808815002,0.4726989269256592,full_discovery_fixed_200
TCGA_to_GEO,GSE13294,GSM335660,fixed_log_expression,xgboost,1,0.4531494379043579,0.4726989269256592,full_discovery_fixed_200
TCGA_to_GEO,GSE13294,GSM335661,fixed_log_expression,xgboost,1,0.34725940227508545,0.4726989269256592,full_discovery_fixed_200
TCGA_to_GEO,GSE13294,GSM335662,fixed_log_expression,xgboost,1,0.4254928231239319,0.4726989269256592,full_discovery_fixed_200
TCGA_to_GEO,GSE13294,GSM335663,fixed_log_expression,xgboost,1,0.3750992715358734,0.4726989269256592,full_discovery_fixed_200
TCGA_to_GEO,GSE13294,GSM335664,fixed_log_expression,xgboost,1,0.46218010783195496,0.4726989269256592,full_discovery_fixed_200
TCGA_to_GEO,GSE13067,GSM327282,fixed_log_expression,xgboost,1,0.45492038130760193,0.4726989269256592,full_discovery_fixed_200
TCGA_to_GEO,GSE13067,GSM327283,fixed_log_expression,xgboost,0,0.13682051002979279,0.4726989269256592,full_discovery_fixed_200
TCGA_to_GEO,GSE13067,GSM327284,fixed_log_expression,xgboost,0,0.29018086194992065,0.4726989269256592,full_discovery_fixed_200
TCGA_to_GEO,GSE13067,GSM327285,fixed_log_expression,xgboost,0,0.1607968509197235,0.4726989269256592,full_discovery_fixed_200
TCGA_to_GEO,GSE13067,GSM327286,fixed_log_expression,xgboost,0,0.2675861716270447,0.4726989269256592,full_discovery_fixed_200
TCGA_to_GEO,GSE13067,GSM327287,fixed_log_expression,xgboost,0,0.2312488555908203,0.4726989269256592,full_discovery_fixed_200
TCGA_to_GEO,GSE13067,GSM327288,fixed_log_expression,xgboost,1,0.30801138281822205,0.4726989269256592,full_discovery_fixed_200
TCGA_to_GEO,GSE13067,GSM327289,fixed_log_expression,xgboost,0,0.18853828310966492,0.4726989269256592,full_discovery_fixed_200
TCGA_to_GEO,GSE13067,GSM327290,fixed_log_expression,xgboost,0,0.14460141956806183,0.4726989269256592,full_discovery_fixed_200
TCGA_to_GEO,GSE13067,GSM327291,fixed_log_expression,xgboost,0,0.15129239857196808,0.4726989269256592,full_discovery_fixed_200
TCGA_to_GEO,GSE13067,GSM327292,fixed_log_expression,xgboost,0,0.09758847206830978,0.4726989269256592,full_discovery_fixed_200
TCGA_to_GEO,GSE13067,GSM327293,fixed_log_expression,xgboost,0,0.23502478003501892,0.4726989269256592,full_discovery_fixed_200
TCGA_to_GEO,GSE13067,GSM327294,fixed_log_expression,xgboost,0,0.18936532735824585,0.4726989269256592,full_discovery_fixed_200
TCGA_to_GEO,GSE13067,GSM327295,fixed_log_expression,xgboost,0,0.14812518656253815,0.4726989269256592,full_discovery_fixed_200
TCGA_to_GEO,GSE13067,GSM327296,fixed_log_expression,xgboost,0,0.3270145356655121,0.4726989269256592,full_discovery_fixed_200
TCGA_to_GEO,GSE13067,GSM327297,fixed_log_expression,xgboost,0,0.1962660700082779,0.4726989269256592,full_discovery_fixed_200
TCGA_to_GEO,GSE13067,GSM327298,fixed_log_expression,xgboost,0,0.33803457021713257,0.4726989269256592,full_discovery_fixed_200
TCGA_to_GEO,GSE13067,GSM327299,fixed_log_expression,xgboost,0,0.30728256702423096,0.4726989269256592,full_discovery_fixed_200
TCGA_to_GEO,GSE13067,GSM327300,fixed_log_expression,xgboost,0,0.16036200523376465,0.4726989269256592,full_discovery_fixed_200
TCGA_to_GEO,GSE13067,GSM327301,fixed_log_expression,xgboost,0,0.250031977891922,0.4726989269256592,full_discovery_fixed_200
TCGA_to_GEO,GSE13067,GSM327302,fixed_log_expression,xgboost,0,0.26132965087890625,0.4726989269256592,full_discovery_fixed_200
TCGA_to_GEO,GSE13067,GSM327303,fixed_log_expression,xgboost,0,0.3562676012516022,0.4726989269256592,full_discovery_fixed_200
TCGA_to_GEO,GSE13067,GSM327304,fixed_log_expression,xgboost,0,0.3923642635345459,0.4726989269256592,full_discovery_fixed_200
TCGA_to_GEO,GSE13067,GSM327305,fixed_log_expression,xgboost,0,0.2717958688735962,0.4726989269256592,full_discovery_fixed_200
TCGA_to_GEO,GSE13067,GSM327306,fixed_log_expression,xgboost,0,0.17524924874305725,0.4726989269256592,full_discovery_fixed_200
TCGA_to_GEO,GSE13067,GSM327307,fixed_log_expression,xgboost,0,0.2726925313472748,0.4726989269256592,full_discovery_fixed_200
TCGA_to_GEO,GSE13067,GSM327308,fixed_log_expression,xgboost,0,0.11865422874689102,0.4726989269256592,full_discovery_fixed_200
TCGA_to_GEO,GSE13067,GSM327309,fixed_log_expression,xgboost,1,0.5073183178901672,0.4726989269256592,full_discovery_fixed_200
TCGA_to_GEO,GSE13067,GSM327310,fixed_log_expression,xgboost,1,0.48716843128204346,0.4726989269256592,full_discovery_fixed_200
TCGA_to_GEO,GSE13067,GSM327311,fixed_log_expression,xgboost,1,0.4711327850818634,0.4726989269256592,full_discovery_fixed_200
TCGA_to_GEO,GSE13067,GSM327312,fixed_log_expression,xgboost,0,0.2795591354370117,0.4726989269256592,full_discovery_fixed_200
TCGA_to_GEO,GSE13067,GSM327313,fixed_log_expression,xgboost,1,0.5161837339401245,0.4726989269256592,full_discovery_fixed_200
TCGA_to_GEO,GSE13067,GSM327314,fixed_log_expression,xgboost,0,0.21819177269935608,0.4726989269256592,full_discovery_fixed_200
TCGA_to_GEO,GSE13067,GSM327315,fixed_log_expression,xgboost,0,0.11925029754638672,0.4726989269256592,full_discovery_fixed_200
TCGA_to_GEO,GSE13067,GSM327316,fixed_log_expression,xgboost,0,0.37965622544288635,0.4726989269256592,full_discovery_fixed_200
TCGA_to_GEO,GSE13067,GSM327317,fixed_log_expression,xgboost,0,0.15911638736724854,0.4726989269256592,full_discovery_fixed_200
TCGA_to_GEO,GSE13067,GSM327318,fixed_log_expression,xgboost,0,0.18814384937286377,0.4726989269256592,full_discovery_fixed_200
TCGA_to_GEO,GSE13067,GSM327319,fixed_log_expression,xgboost,0,0.16503876447677612,0.4726989269256592,full_discovery_fixed_200
TCGA_to_GEO,GSE13067,GSM327320,fixed_log_expression,xgboost,0,0.10359367728233337,0.4726989269256592,full_discovery_fixed_200
TCGA_to_GEO,GSE13067,GSM327321,fixed_log_expression,xgboost,0,0.08964552730321884,0.4726989269256592,full_discovery_fixed_200
TCGA_to_GEO,GSE13067,GSM327322,fixed_log_expression,xgboost,0,0.19257664680480957,0.4726989269256592,full_discovery_fixed_200
TCGA_to_GEO,GSE13067,GSM327323,fixed_log_expression,xgboost,0,0.16385242342948914,0.4726989269256592,full_discovery_fixed_200
TCGA_to_GEO,GSE13067,GSM327324,fixed_log_expression,xgboost,1,0.4322918653488159,0.4726989269256592,full_discovery_fixed_200
TCGA_to_GEO,GSE13067,GSM327325,fixed_log_expression,xgboost,1,0.7291280627250671,0.4726989269256592,full_discovery_fixed_200
TCGA_to_GEO,GSE13067,GSM327326,fixed_log_expression,xgboost,0,0.15376950800418854,0.4726989269256592,full_discovery_fixed_200
TCGA_to_GEO,GSE13067,GSM327327,fixed_log_expression,xgboost,0,0.3160204291343689,0.4726989269256592,full_discovery_fixed_200
TCGA_to_GEO,GSE13067,GSM327328,fixed_log_expression,xgboost,0,0.23543787002563477,0.4726989269256592,full_discovery_fixed_200
TCGA_to_GEO,GSE13067,GSM327329,fixed_log_expression,xgboost,0,0.1335732638835907,0.4726989269256592,full_discovery_fixed_200
TCGA_to_GEO,GSE13067,GSM327330,fixed_log_expression,xgboost,0,0.35033026337623596,0.4726989269256592,full_discovery_fixed_200
TCGA_to_GEO,GSE13067,GSM327331,fixed_log_expression,xgboost,1,0.21214905381202698,0.4726989269256592,full_discovery_fixed_200
TCGA_to_GEO,GSE13067,GSM327332,fixed_log_expression,xgboost,0,0.22139297425746918,0.4726989269256592,full_discovery_fixed_200
TCGA_to_GEO,GSE13067,GSM327333,fixed_log_expression,xgboost,0,0.13160817325115204,0.4726989269256592,full_discovery_fixed_200
TCGA_to_GEO,GSE13067,GSM327334,fixed_log_expression,xgboost,0,0.38557180762290955,0.4726989269256592,full_discovery_fixed_200
TCGA_to_GEO,GSE13067,GSM327335,fixed_log_expression,xgboost,0,0.3603225648403168,0.4726989269256592,full_discovery_fixed_200
TCGA_to_GEO,GSE13067,GSM327336,fixed_log_expression,xgboost,0,0.2982816994190216,0.4726989269256592,full_discovery_fixed_200
TCGA_to_GEO,GSE13067,GSM327337,fixed_log_expression,xgboost,0,0.18350549042224884,0.4726989269256592,full_discovery_fixed_200
TCGA_to_GEO,GSE13067,GSM327338,fixed_log_expression,xgboost,0,0.1913457065820694,0.4726989269256592,full_discovery_fixed_200
TCGA_to_GEO,GSE13067,GSM327339,fixed_log_expression,xgboost,0,0.3178624212741852,0.4726989269256592,full_discovery_fixed_200
TCGA_to_GEO,GSE13067,GSM327340,fixed_log_expression,xgboost,0,0.13190187513828278,0.4726989269256592,full_discovery_fixed_200
TCGA_to_GEO,GSE13067,GSM327341,fixed_log_expression,xgboost,0,0.09372872114181519,0.4726989269256592,full_discovery_fixed_200
TCGA_to_GEO,GSE13067,GSM327342,fixed_log_expression,xgboost,0,0.11998068541288376,0.4726989269256592,full_discovery_fixed_200
TCGA_to_GEO,GSE13067,GSM327343,fixed_log_expression,xgboost,0,0.2816254794597626,0.4726989269256592,full_discovery_fixed_200
TCGA_to_GEO,GSE13067,GSM327344,fixed_log_expression,xgboost,0,0.14763052761554718,0.4726989269256592,full_discovery_fixed_200
TCGA_to_GEO,GSE13067,GSM327345,fixed_log_expression,xgboost,0,0.4935638904571533,0.4726989269256592,full_discovery_fixed_200
TCGA_to_GEO,GSE13067,GSM327346,fixed_log_expression,xgboost,0,0.18466223776340485,0.4726989269256592,full_discovery_fixed_200
TCGA_to_GEO,GSE13067,GSM327347,fixed_log_expression,xgboost,0,0.25029316544532776,0.4726989269256592,full_discovery_fixed_200
TCGA_to_GEO,GSE13067,GSM327348,fixed_log_expression,xgboost,0,0.18960511684417725,0.4726989269256592,full_discovery_fixed_200
TCGA_to_GEO,GSE13067,GSM327349,fixed_log_expression,xgboost,0,0.2756253480911255,0.4726989269256592,full_discovery_fixed_200
TCGA_to_GEO,GSE13067,GSM327350,fixed_log_expression,xgboost,0,0.28160765767097473,0.4726989269256592,full_discovery_fixed_200
TCGA_to_GEO,GSE13067,GSM327351,fixed_log_expression,xgboost,0,0.10274370014667511,0.4726989269256592,full_discovery_fixed_200
TCGA_to_GEO,GSE13067,GSM327352,fixed_log_expression,xgboost,1,0.5311676263809204,0.4726989269256592,full_discovery_fixed_200
TCGA_to_GEO,GSE13067,GSM327353,fixed_log_expression,xgboost,1,0.20849984884262085,0.4726989269256592,full_discovery_fixed_200
TCGA_to_GEO,GSE13067,GSM327354,fixed_log_expression,xgboost,0,0.1732664704322815,0.4726989269256592,full_discovery_fixed_200
TCGA_to_GEO,GSE13067,GSM327355,fixed_log_expression,xgboost,0,0.2758905291557312,0.4726989269256592,full_discovery_fixed_200
TCGA_to_GEO,GSE18088,GSM452148,fixed_log_expression,xgboost,1,0.44166913628578186,0.4726989269256592,full_discovery_fixed_200
TCGA_to_GEO,GSE18088,GSM452149,fixed_log_expression,xgboost,0,0.20070837438106537,0.4726989269256592,full_discovery_fixed_200
TCGA_to_GEO,GSE18088,GSM452150,fixed_log_expression,xgboost,0,0.33978521823883057,0.4726989269256592,full_discovery_fixed_200
TCGA_to_GEO,GSE18088,GSM452151,fixed_log_expression,xgboost,0,0.2594935894012451,0.4726989269256592,full_discovery_fixed_200
TCGA_to_GEO,GSE18088,GSM452152,fixed_log_expression,xgboost,0,0.1925879418849945,0.4726989269256592,full_discovery_fixed_200
TCGA_to_GEO,GSE18088,GSM452153,fixed_log_expression,xgboost,1,0.4144749045372009,0.4726989269256592,full_discovery_fixed_200
TCGA_to_GEO,GSE18088,GSM452154,fixed_log_expression,xgboost,0,0.369596391916275,0.4726989269256592,full_discovery_fixed_200
TCGA_to_GEO,GSE18088,GSM452155,fixed_log_expression,xgboost,0,0.22072821855545044,0.4726989269256592,full_discovery_fixed_200
TCGA_to_GEO,GSE18088,GSM452156,fixed_log_expression,xgboost,0,0.2814542353153229,0.4726989269256592,full_discovery_fixed_200
TCGA_to_GEO,GSE18088,GSM452157,fixed_log_expression,xgboost,1,0.5099687576293945,0.4726989269256592,full_discovery_fixed_200
TCGA_to_GEO,GSE18088,GSM452158,fixed_log_expression,xgboost,0,0.20255456864833832,0.4726989269256592,full_discovery_fixed_200
TCGA_to_GEO,GSE18088,GSM452159,fixed_log_expression,xgboost,1,0.4293895363807678,0.4726989269256592,full_discovery_fixed_200
TCGA_to_GEO,GSE18088,GSM452160,fixed_log_expression,xgboost,0,0.20520435273647308,0.4726989269256592,full_discovery_fixed_200
TCGA_to_GEO,GSE18088,GSM452161,fixed_log_expression,xgboost,0,0.20883280038833618,0.4726989269256592,full_discovery_fixed_200
TCGA_to_GEO,GSE18088,GSM452162,fixed_log_expression,xgboost,0,0.25467029213905334,0.4726989269256592,full_discovery_fixed_200
TCGA_to_GEO,GSE18088,GSM452163,fixed_log_expression,xgboost,1,0.5203927159309387,0.4726989269256592,full_discovery_fixed_200
TCGA_to_GEO,GSE18088,GSM452164,fixed_log_expression,xgboost,0,0.20683589577674866,0.4726989269256592,full_discovery_fixed_200
TCGA_to_GEO,GSE18088,GSM452165,fixed_log_expression,xgboost,0,0.214381605386734,0.4726989269256592,full_discovery_fixed_200
TCGA_to_GEO,GSE18088,GSM452166,fixed_log_expression,xgboost,0,0.19765605032444,0.4726989269256592,full_discovery_fixed_200
TCGA_to_GEO,GSE18088,GSM452167,fixed_log_expression,xgboost,0,0.20481863617897034,0.4726989269256592,full_discovery_fixed_200
TCGA_to_GEO,GSE18088,GSM452168,fixed_log_expression,xgboost,1,0.4433775842189789,0.4726989269256592,full_discovery_fixed_200
TCGA_to_GEO,GSE18088,GSM452169,fixed_log_expression,xgboost,1,0.5061845779418945,0.4726989269256592,full_discovery_fixed_200
TCGA_to_GEO,GSE18088,GSM452170,fixed_log_expression,xgboost,0,0.22132651507854462,0.4726989269256592,full_discovery_fixed_200
TCGA_to_GEO,GSE18088,GSM452171,fixed_log_expression,xgboost,0,0.33981573581695557,0.4726989269256592,full_discovery_fixed_200
TCGA_to_GEO,GSE18088,GSM452172,fixed_log_expression,xgboost,0,0.4117352366447449,0.4726989269256592,full_discovery_fixed_200
TCGA_to_GEO,GSE18088,GSM452173,fixed_log_expression,xgboost,1,0.48140066862106323,0.4726989269256592,full_discovery_fixed_200
TCGA_to_GEO,GSE18088,GSM452174,fixed_log_expression,xgboost,1,0.43392452597618103,0.4726989269256592,full_discovery_fixed_200
TCGA_to_GEO,GSE18088,GSM452175,fixed_log_expression,xgboost,1,0.43764728307724,0.4726989269256592,full_discovery_fixed_200
TCGA_to_GEO,GSE18088,GSM452176,fixed_log_expression,xgboost,0,0.33840638399124146,0.4726989269256592,full_discovery_fixed_200
TCGA_to_GEO,GSE18088,GSM452177,fixed_log_expression,xgboost,0,0.20070837438106537,0.4726989269256592,full_discovery_fixed_200
TCGA_to_GEO,GSE18088,GSM452178,fixed_log_expression,xgboost,0,0.19954614341259003,0.4726989269256592,full_discovery_fixed_200
TCGA_to_GEO,GSE18088,GSM452179,fixed_log_expression,xgboost,1,0.5270730257034302,0.4726989269256592,full_discovery_fixed_200
TCGA_to_GEO,GSE18088,GSM452180,fixed_log_expression,xgboost,1,0.5099687576293945,0.4726989269256592,full_discovery_fixed_200
TCGA_to_GEO,GSE18088,GSM452181,fixed_log_expression,xgboost,0,0.2282722294330597,0.4726989269256592,full_discovery_fixed_200
TCGA_to_GEO,GSE18088,GSM452182,fixed_log_expression,xgboost,1,0.5164493918418884,0.4726989269256592,full_discovery_fixed_200
TCGA_to_GEO,GSE18088,GSM452183,fixed_log_expression,xgboost,1,0.37453243136405945,0.4726989269256592,full_discovery_fixed_200
TCGA_to_GEO,GSE18088,GSM452184,fixed_log_expression,xgboost,1,0.45259785652160645,0.4726989269256592,full_discovery_fixed_200
TCGA_to_GEO,GSE18088,GSM452185,fixed_log_expression,xgboost,0,0.34845831990242004,0.4726989269256592,full_discovery_fixed_200
TCGA_to_GEO,GSE18088,GSM452186,fixed_log_expression,xgboost,0,0.23821061849594116,0.4726989269256592,full_discovery_fixed_200
TCGA_to_GEO,GSE18088,GSM452187,fixed_log_expression,xgboost,0,0.20183226466178894,0.4726989269256592,full_discovery_fixed_200
TCGA_to_GEO,GSE18088,GSM452188,fixed_log_expression,xgboost,1,0.4259079396724701,0.4726989269256592,full_discovery_fixed_200
TCGA_to_GEO,GSE18088,GSM452189,fixed_log_expression,xgboost,1,0.4180079698562622,0.4726989269256592,full_discovery_fixed_200
TCGA_to_GEO,GSE18088,GSM452190,fixed_log_expression,xgboost,0,0.44227394461631775,0.4726989269256592,full_discovery_fixed_200
TCGA_to_GEO,GSE18088,GSM452191,fixed_log_expression,xgboost,0,0.4280261993408203,0.4726989269256592,full_discovery_fixed_200
TCGA_to_GEO,GSE18088,GSM452192,fixed_log_expression,xgboost,0,0.22244860231876373,0.4726989269256592,full_discovery_fixed_200
TCGA_to_GEO,GSE18088,GSM452193,fixed_log_expression,xgboost,0,0.3556784391403198,0.4726989269256592,full_discovery_fixed_200
TCGA_to_GEO,GSE18088,GSM452194,fixed_log_expression,xgboost,0,0.18554805219173431,0.4726989269256592,full_discovery_fixed_200
TCGA_to_GEO,GSE18088,GSM452195,fixed_log_expression,xgboost,0,0.2427632361650467,0.4726989269256592,full_discovery_fixed_200
TCGA_to_GEO,GSE18088,GSM452196,fixed_log_expression,xgboost,0,0.3303336203098297,0.4726989269256592,full_discovery_fixed_200
TCGA_to_GEO,GSE18088,GSM452197,fixed_log_expression,xgboost,1,0.42419546842575073,0.4726989269256592,full_discovery_fixed_200
TCGA_to_GEO,GSE18088,GSM452198,fixed_log_expression,xgboost,0,0.40158024430274963,0.4726989269256592,full_discovery_fixed_200
TCGA_to_GEO,GSE18088,GSM452199,fixed_log_expression,xgboost,0,0.22455361485481262,0.4726989269256592,full_discovery_fixed_200
TCGA_to_GEO,GSE18088,GSM452200,fixed_log_expression,xgboost,1,0.1765403002500534,0.4726989269256592,full_discovery_fixed_200
TCGA_to_GEO,GSE26682,GSM656542,fixed_log_expression,xgboost,0,0.18678006529808044,0.4726989269256592,full_discovery_fixed_200
TCGA_to_GEO,GSE26682,GSM656543,fixed_log_expression,xgboost,0,0.18678006529808044,0.4726989269256592,full_discovery_fixed_200
TCGA_to_GEO,GSE26682,GSM656545,fixed_log_expression,xgboost,1,0.18688035011291504,0.4726989269256592,full_discovery_fixed_200
TCGA_to_GEO,GSE26682,GSM656546,fixed_log_expression,xgboost,0,0.18678006529808044,0.4726989269256592,full_discovery_fixed_200
TCGA_to_GEO,GSE26682,GSM656548,fixed_log_expression,xgboost,0,0.18678006529808044,0.4726989269256592,full_discovery_fixed_200
TCGA_to_GEO,GSE26682,GSM656550,fixed_log_expression,xgboost,0,0.1886293888092041,0.4726989269256592,full_discovery_fixed_200
TCGA_to_GEO,GSE26682,GSM656552,fixed_log_expression,xgboost,0,0.18678006529808044,0.4726989269256592,full_discovery_fixed_200
TCGA_to_GEO,GSE26682,GSM656553,fixed_log_expression,xgboost,0,0.18678006529808044,0.4726989269256592,full_discovery_fixed_200
TCGA_to_GEO,GSE26682,GSM656555,fixed_log_expression,xgboost,0,0.18678006529808044,0.4726989269256592,full_discovery_fixed_200
TCGA_to_GEO,GSE26682,GSM656556,fixed_log_expression,xgboost,0,0.18688035011291504,0.4726989269256592,full_discovery_fixed_200
TCGA_to_GEO,GSE26682,GSM656557,fixed_log_expression,xgboost,0,0.18678006529808044,0.4726989269256592,full_discovery_fixed_200
TCGA_to_GEO,GSE26682,GSM656558,fixed_log_expression,xgboost,0,0.18678006529808044,0.4726989269256592,full_discovery_fixed_200
TCGA_to_GEO,GSE26682,GSM656559,fixed_log_expression,xgboost,1,0.18678006529808044,0.4726989269256592,full_discovery_fixed_200
TCGA_to_GEO,GSE26682,GSM656560,fixed_log_expression,xgboost,0,0.18678006529808044,0.4726989269256592,full_discovery_fixed_200
TCGA_to_GEO,GSE26682,GSM656561,fixed_log_expression,xgboost,0,0.18678006529808044,0.4726989269256592,full_discovery_fixed_200
TCGA_to_GEO,GSE26682,GSM656567,fixed_log_expression,xgboost,0,0.18678006529808044,0.4726989269256592,full_discovery_fixed_200
TCGA_to_GEO,GSE26682,GSM656568,fixed_log_expression,xgboost,0,0.18678006529808044,0.4726989269256592,full_discovery_fixed_200
TCGA_to_GEO,GSE26682,GSM656569,fixed_log_expression,xgboost,0,0.18678006529808044,0.4726989269256592,full_discovery_fixed_200
TCGA_to_GEO,GSE26682,GSM656570,fixed_log_expression,xgboost,0,0.1886293888092041,0.4726989269256592,full_discovery_fixed_200
TCGA_to_GEO,GSE26682,GSM656574,fixed_log_expression,xgboost,0,0.18678006529808044,0.4726989269256592,full_discovery_fixed_200
TCGA_to_GEO,GSE26682,GSM656580,fixed_log_expression,xgboost,0,0.18678006529808044,0.4726989269256592,full_discovery_fixed_200
TCGA_to_GEO,GSE26682,GSM656582,fixed_log_expression,xgboost,0,0.18678006529808044,0.4726989269256592,full_discovery_fixed_200
TCGA_to_GEO,GSE26682,GSM656583,fixed_log_expression,xgboost,1,0.18678006529808044,0.4726989269256592,full_discovery_fixed_200
TCGA_to_GEO,GSE26682,GSM656584,fixed_log_expression,xgboost,0,0.18678006529808044,0.4726989269256592,full_discovery_fixed_200
TCGA_to_GEO,GSE26682,GSM656585,fixed_log_expression,xgboost,0,0.18678006529808044,0.4726989269256592,full_discovery_fixed_200
TCGA_to_GEO,GSE26682,GSM656586,fixed_log_expression,xgboost,0,0.18678006529808044,0.4726989269256592,full_discovery_fixed_200
TCGA_to_GEO,GSE26682,GSM656587,fixed_log_expression,xgboost,0,0.18678006529808044,0.4726989269256592,full_discovery_fixed_200
TCGA_to_GEO,GSE26682,GSM656590,fixed_log_expression,xgboost,1,0.18678006529808044,0.4726989269256592,full_discovery_fixed_200
TCGA_to_GEO,GSE26682,GSM656592,fixed_log_expression,xgboost,0,0.18678006529808044,0.4726989269256592,full_discovery_fixed_200
TCGA_to_GEO,GSE26682,GSM656596,fixed_log_expression,xgboost,0,0.18678006529808044,0.4726989269256592,full_discovery_fixed_200
TCGA_to_GEO,GSE26682,GSM656598,fixed_log_expression,xgboost,0,0.18678006529808044,0.4726989269256592,full_discovery_fixed_200
TCGA_to_GEO,GSE26682,GSM656601,fixed_log_expression,xgboost,0,0.18678006529808044,0.4726989269256592,full_discovery_fixed_200
TCGA_to_GEO,GSE26682,GSM656603,fixed_log_expression,xgboost,1,0.18678006529808044,0.4726989269256592,full_discovery_fixed_200
TCGA_to_GEO,GSE26682,GSM656612,fixed_log_expression,xgboost,1,0.18504424393177032,0.4726989269256592,full_discovery_fixed_200
TCGA_to_GEO,GSE26682,GSM656613,fixed_log_expression,xgboost,0,0.18678006529808044,0.4726989269256592,full_discovery_fixed_200
TCGA_to_GEO,GSE26682,GSM656617,fixed_log_expression,xgboost,0,0.18678006529808044,0.4726989269256592,full_discovery_fixed_200
TCGA_to_GEO,GSE26682,GSM656618,fixed_log_expression,xgboost,0,0.18678006529808044,0.4726989269256592,full_discovery_fixed_200
TCGA_to_GEO,GSE26682,GSM656625,fixed_log_expression,xgboost,0,0.1900264173746109,0.4726989269256592,full_discovery_fixed_200
TCGA_to_GEO,GSE26682,GSM656634,fixed_log_expression,xgboost,0,0.18678006529808044,0.4726989269256592,full_discovery_fixed_200
TCGA_to_GEO,GSE26682,GSM656635,fixed_log_expression,xgboost,0,0.18678006529808044,0.4726989269256592,full_discovery_fixed_200
TCGA_to_GEO,GSE26682,GSM656636,fixed_log_expression,xgboost,0,0.18678006529808044,0.4726989269256592,full_discovery_fixed_200
TCGA_to_GEO,GSE26682,GSM656639,fixed_log_expression,xgboost,0,0.18504424393177032,0.4726989269256592,full_discovery_fixed_200
TCGA_to_GEO,GSE26682,GSM656640,fixed_log_expression,xgboost,0,0.18678006529808044,0.4726989269256592,full_discovery_fixed_200
TCGA_to_GEO,GSE26682,GSM656642,fixed_log_expression,xgboost,0,0.18678006529808044,0.4726989269256592,full_discovery_fixed_200
TCGA_to_GEO,GSE26682,GSM656644,fixed_log_expression,xgboost,0,0.18678006529808044,0.4726989269256592,full_discovery_fixed_200
TCGA_to_GEO,GSE26682,GSM656657,fixed_log_expression,xgboost,0,0.18678006529808044,0.4726989269256592,full_discovery_fixed_200
TCGA_to_GEO,GSE26682,GSM656662,fixed_log_expression,xgboost,0,0.18678006529808044,0.4726989269256592,full_discovery_fixed_200
TCGA_to_GEO,GSE26682,GSM656663,fixed_log_expression,xgboost,0,0.18678006529808044,0.4726989269256592,full_discovery_fixed_200
TCGA_to_GEO,GSE26682,GSM656669,fixed_log_expression,xgboost,1,0.18504424393177032,0.4726989269256592,full_discovery_fixed_200
TCGA_to_GEO,GSE26682,GSM656672,fixed_log_expression,xgboost,0,0.18678006529808044,0.4726989269256592,full_discovery_fixed_200
TCGA_to_GEO,GSE26682,GSM656675,fixed_log_expression,xgboost,0,0.18678006529808044,0.4726989269256592,full_discovery_fixed_200
TCGA_to_GEO,GSE26682,GSM656676,fixed_log_expression,xgboost,0,0.18678006529808044,0.4726989269256592,full_discovery_fixed_200
TCGA_to_GEO,GSE26682,GSM656678,fixed_log_expression,xgboost,0,0.18678006529808044,0.4726989269256592,full_discovery_fixed_200
TCGA_to_GEO,GSE26682,GSM656679,fixed_log_expression,xgboost,1,0.18688035011291504,0.4726989269256592,full_discovery_fixed_200
TCGA_to_GEO,GSE26682,GSM656683,fixed_log_expression,xgboost,0,0.18678006529808044,0.4726989269256592,full_discovery_fixed_200
TCGA_to_GEO,GSE26682,GSM656687,fixed_log_expression,xgboost,0,0.18678006529808044,0.4726989269256592,full_discovery_fixed_200
TCGA_to_GEO,GSE26682,GSM656691,fixed_log_expression,xgboost,0,0.18678006529808044,0.4726989269256592,full_discovery_fixed_200
TCGA_to_GEO,GSE26682,GSM656692,fixed_log_expression,xgboost,0,0.18678006529808044,0.4726989269256592,full_discovery_fixed_200
TCGA_to_GEO,GSE26682,GSM656693,fixed_log_expression,xgboost,0,0.18678006529808044,0.4726989269256592,full_discovery_fixed_200
TCGA_to_GEO,GSE26682,GSM656695,fixed_log_expression,xgboost,0,0.18678006529808044,0.4726989269256592,full_discovery_fixed_200
TCGA_to_GEO,GSE26682,GSM656698,fixed_log_expression,xgboost,0,0.18504424393177032,0.4726989269256592,full_discovery_fixed_200
TCGA_to_GEO,GSE26682,GSM656699,fixed_log_expression,xgboost,0,0.18678006529808044,0.4726989269256592,full_discovery_fixed_200
TCGA_to_GEO,GSE26682,GSM656700,fixed_log_expression,xgboost,0,0.18678006529808044,0.4726989269256592,full_discovery_fixed_200
TCGA_to_GEO,GSE26682,GSM656701,fixed_log_expression,xgboost,0,0.18678006529808044,0.4726989269256592,full_discovery_fixed_200
TCGA_to_GEO,GSE26682,GSM656702,fixed_log_expression,xgboost,0,0.18678006529808044,0.4726989269256592,full_discovery_fixed_200
TCGA_to_GEO,GSE26682,GSM656703,fixed_log_expression,xgboost,0,0.18678006529808044,0.4726989269256592,full_discovery_fixed_200
TCGA_to_GEO,GSE26682,GSM656704,fixed_log_expression,xgboost,0,0.18678006529808044,0.4726989269256592,full_discovery_fixed_200
TCGA_to_GEO,GSE26682,GSM656705,fixed_log_expression,xgboost,0,0.18678006529808044,0.4726989269256592,full_discovery_fixed_200
TCGA_to_GEO,GSE26682,GSM656707,fixed_log_expression,xgboost,0,0.18678006529808044,0.4726989269256592,full_discovery_fixed_200
TCGA_to_GEO,GSE26682,GSM656710,fixed_log_expression,xgboost,0,0.1886293888092041,0.4726989269256592,full_discovery_fixed_200
TCGA_to_GEO,GSE26682,GSM656711,fixed_log_expression,xgboost,0,0.18688035011291504,0.4726989269256592,full_discovery_fixed_200
TCGA_to_GEO,GSE26682,GSM656714,fixed_log_expression,xgboost,0,0.18678006529808044,0.4726989269256592,full_discovery_fixed_200
TCGA_to_GEO,GSE26682,GSM656715,fixed_log_expression,xgboost,0,0.18678006529808044,0.4726989269256592,full_discovery_fixed_200
TCGA_to_GEO,GSE26682,GSM656720,fixed_log_expression,xgboost,0,0.18678006529808044,0.4726989269256592,full_discovery_fixed_200
TCGA_to_GEO,GSE26682,GSM656721,fixed_log_expression,xgboost,0,0.18678006529808044,0.4726989269256592,full_discovery_fixed_200
TCGA_to_GEO,GSE26682,GSM656726,fixed_log_expression,xgboost,0,0.1886293888092041,0.4726989269256592,full_discovery_fixed_200
TCGA_to_GEO,GSE26682,GSM656732,fixed_log_expression,xgboost,0,0.18678006529808044,0.4726989269256592,full_discovery_fixed_200
TCGA_to_GEO,GSE26682,GSM656735,fixed_log_expression,xgboost,0,0.18678006529808044,0.4726989269256592,full_discovery_fixed_200
TCGA_to_GEO,GSE26682,GSM656736,fixed_log_expression,xgboost,1,0.18678006529808044,0.4726989269256592,full_discovery_fixed_200
TCGA_to_GEO,GSE26682,GSM656737,fixed_log_expression,xgboost,0,0.18678006529808044,0.4726989269256592,full_discovery_fixed_200
TCGA_to_GEO,GSE26682,GSM656739,fixed_log_expression,xgboost,0,0.18678006529808044,0.4726989269256592,full_discovery_fixed_200
TCGA_to_GEO,GSE26682,GSM656742,fixed_log_expression,xgboost,0,0.18678006529808044,0.4726989269256592,full_discovery_fixed_200
TCGA_to_GEO,GSE26682,GSM656749,fixed_log_expression,xgboost,0,0.18678006529808044,0.4726989269256592,full_discovery_fixed_200
TCGA_to_GEO,GSE26682,GSM656768,fixed_log_expression,xgboost,0,0.18678006529808044,0.4726989269256592,full_discovery_fixed_200
TCGA_to_GEO,GSE26682,GSM656769,fixed_log_expression,xgboost,0,0.18678006529808044,0.4726989269256592,full_discovery_fixed_200
TCGA_to_GEO,GSE26682,GSM656770,fixed_log_expression,xgboost,0,0.1886293888092041,0.4726989269256592,full_discovery_fixed_200
TCGA_to_GEO,GSE26682,GSM656772,fixed_log_expression,xgboost,0,0.18678006529808044,0.4726989269256592,full_discovery_fixed_200
TCGA_to_GEO,GSE26682,GSM656775,fixed_log_expression,xgboost,0,0.18678006529808044,0.4726989269256592,full_discovery_fixed_200
TCGA_to_GEO,GSE26682,GSM656776,fixed_log_expression,xgboost,0,0.18678006529808044,0.4726989269256592,full_discovery_fixed_200
TCGA_to_GEO,GSE26682,GSM656777,fixed_log_expression,xgboost,0,0.1847083419561386,0.4726989269256592,full_discovery_fixed_200
TCGA_to_GEO,GSE26682,GSM656783,fixed_log_expression,xgboost,0,0.18678006529808044,0.4726989269256592,full_discovery_fixed_200
TCGA_to_GEO,GSE26682,GSM656785,fixed_log_expression,xgboost,0,0.18678006529808044,0.4726989269256592,full_discovery_fixed_200
TCGA_to_GEO,GSE26682,GSM656787,fixed_log_expression,xgboost,0,0.18678006529808044,0.4726989269256592,full_discovery_fixed_200
TCGA_to_GEO,GSE26682,GSM656794,fixed_log_expression,xgboost,0,0.18678006529808044,0.4726989269256592,full_discovery_fixed_200
TCGA_to_GEO,GSE26682,GSM656800,fixed_log_expression,xgboost,0,0.18678006529808044,0.4726989269256592,full_discovery_fixed_200
TCGA_to_GEO,GSE26682,GSM656803,fixed_log_expression,xgboost,0,0.18678006529808044,0.4726989269256592,full_discovery_fixed_200
TCGA_to_GEO,GSE26682,GSM656804,fixed_log_expression,xgboost,0,0.18678006529808044,0.4726989269256592,full_discovery_fixed_200
TCGA_to_GEO,GSE26682,GSM656806,fixed_log_expression,xgboost,0,0.18504424393177032,0.4726989269256592,full_discovery_fixed_200
TCGA_to_GEO,GSE26682,GSM656809,fixed_log_expression,xgboost,0,0.18678006529808044,0.4726989269256592,full_discovery_fixed_200
TCGA_to_GEO,GSE26682,GSM656811,fixed_log_expression,xgboost,0,0.18678006529808044,0.4726989269256592,full_discovery_fixed_200
TCGA_to_GEO,GSE26682,GSM656816,fixed_log_expression,xgboost,0,0.18504424393177032,0.4726989269256592,full_discovery_fixed_200
TCGA_to_GEO,GSE26682,GSM656819,fixed_log_expression,xgboost,0,0.18678006529808044,0.4726989269256592,full_discovery_fixed_200
TCGA_to_GEO,GSE26682,GSM656820,fixed_log_expression,xgboost,1,0.18678006529808044,0.4726989269256592,full_discovery_fixed_200
TCGA_to_GEO,GSE26682,GSM656822,fixed_log_expression,xgboost,0,0.19012804329395294,0.4726989269256592,full_discovery_fixed_200
TCGA_to_GEO,GSE26682,GSM656824,fixed_log_expression,xgboost,0,0.18678006529808044,0.4726989269256592,full_discovery_fixed_200
TCGA_to_GEO,GSE26682,GSM656825,fixed_log_expression,xgboost,0,0.18678006529808044,0.4726989269256592,full_discovery_fixed_200
TCGA_to_GEO,GSE26682,GSM656830,fixed_log_expression,xgboost,0,0.18678006529808044,0.4726989269256592,full_discovery_fixed_200
TCGA_to_GEO,GSE26682,GSM656831,fixed_log_expression,xgboost,0,0.18678006529808044,0.4726989269256592,full_discovery_fixed_200
TCGA_to_GEO,GSE26682,GSM656832,fixed_log_expression,xgboost,0,0.18678006529808044,0.4726989269256592,full_discovery_fixed_200
TCGA_to_GEO,GSE26682,GSM656833,fixed_log_expression,xgboost,0,0.1886293888092041,0.4726989269256592,full_discovery_fixed_200
TCGA_to_GEO,GSE26682,GSM656834,fixed_log_expression,xgboost,0,0.18678006529808044,0.4726989269256592,full_discovery_fixed_200
TCGA_to_GEO,GSE26682,GSM656836,fixed_log_expression,xgboost,0,0.18678006529808044,0.4726989269256592,full_discovery_fixed_200
TCGA_to_GEO,GSE26682,GSM656837,fixed_log_expression,xgboost,1,0.18688035011291504,0.4726989269256592,full_discovery_fixed_200
TCGA_to_GEO,GSE26682,GSM656840,fixed_log_expression,xgboost,0,0.18678006529808044,0.4726989269256592,full_discovery_fixed_200
TCGA_to_GEO,GSE26682,GSM656841,fixed_log_expression,xgboost,0,0.18678006529808044,0.4726989269256592,full_discovery_fixed_200
TCGA_to_GEO,GSE26682,GSM656842,fixed_log_expression,xgboost,1,0.18802781403064728,0.4726989269256592,full_discovery_fixed_200
TCGA_to_GEO,GSE26682,GSM656843,fixed_log_expression,xgboost,0,0.18678006529808044,0.4726989269256592,full_discovery_fixed_200
TCGA_to_GEO,GSE26682,GSM656845,fixed_log_expression,xgboost,0,0.18678006529808044,0.4726989269256592,full_discovery_fixed_200
TCGA_to_GEO,GSE26682,GSM656846,fixed_log_expression,xgboost,0,0.18678006529808044,0.4726989269256592,full_discovery_fixed_200
TCGA_to_GEO,GSE26682,GSM656847,fixed_log_expression,xgboost,0,0.18678006529808044,0.4726989269256592,full_discovery_fixed_200
TCGA_to_GEO,GSE26682,GSM656849,fixed_log_expression,xgboost,1,0.32185620069503784,0.4726989269256592,full_discovery_fixed_200
TCGA_to_GEO,GSE26682,GSM656850,fixed_log_expression,xgboost,1,0.18678006529808044,0.4726989269256592,full_discovery_fixed_200
TCGA_to_GEO,GSE26682,GSM656851,fixed_log_expression,xgboost,1,0.18678006529808044,0.4726989269256592,full_discovery_fixed_200
TCGA_to_GEO,GSE26682,GSM656853,fixed_log_expression,xgboost,0,0.18678006529808044,0.4726989269256592,full_discovery_fixed_200
TCGA_to_GEO,GSE26682,GSM656854,fixed_log_expression,xgboost,1,0.18678006529808044,0.4726989269256592,full_discovery_fixed_200
TCGA_to_GEO,GSE26682,GSM656857,fixed_log_expression,xgboost,0,0.18678006529808044,0.4726989269256592,full_discovery_fixed_200
TCGA_to_GEO,GSE26682,GSM656858,fixed_log_expression,xgboost,0,0.18678006529808044,0.4726989269256592,full_discovery_fixed_200
TCGA_to_GEO,GSE26682,GSM656859,fixed_log_expression,xgboost,0,0.28793570399284363,0.4726989269256592,full_discovery_fixed_200
TCGA_to_GEO,GSE26682,GSM656860,fixed_log_expression,xgboost,0,0.18678006529808044,0.4726989269256592,full_discovery_fixed_200
TCGA_to_GEO,GSE26682,GSM656861,fixed_log_expression,xgboost,0,0.18678006529808044,0.4726989269256592,full_discovery_fixed_200
TCGA_to_GEO,GSE26682,GSM656863,fixed_log_expression,xgboost,0,0.18678006529808044,0.4726989269256592,full_discovery_fixed_200
TCGA_to_GEO,GSE26682,GSM656864,fixed_log_expression,xgboost,1,0.1886293888092041,0.4726989269256592,full_discovery_fixed_200
TCGA_to_GEO,GSE26682,GSM656865,fixed_log_expression,xgboost,1,0.18678006529808044,0.4726989269256592,full_discovery_fixed_200
TCGA_to_GEO,GSE26682,GSM656867,fixed_log_expression,xgboost,0,0.18678006529808044,0.4726989269256592,full_discovery_fixed_200
TCGA_to_GEO,GSE26682,GSM656868,fixed_log_expression,xgboost,0,0.18678006529808044,0.4726989269256592,full_discovery_fixed_200
TCGA_to_GEO,GSE26682,GSM656869,fixed_log_expression,xgboost,0,0.18678006529808044,0.4726989269256592,full_discovery_fixed_200
TCGA_to_GEO,GSE26682,GSM656870,fixed_log_expression,xgboost,0,0.18678006529808044,0.4726989269256592,full_discovery_fixed_200
TCGA_to_GEO,GSE39084,GSM955440,fixed_log_expression,xgboost,0,0.19876962900161743,0.4726989269256592,full_discovery_fixed_200
TCGA_to_GEO,GSE39084,GSM955441,fixed_log_expression,xgboost,0,0.20070837438106537,0.4726989269256592,full_discovery_fixed_200
TCGA_to_GEO,GSE39084,GSM955442,fixed_log_expression,xgboost,0,0.20427775382995605,0.4726989269256592,full_discovery_fixed_200
TCGA_to_GEO,GSE39084,GSM955443,fixed_log_expression,xgboost,0,0.18431299924850464,0.4726989269256592,full_discovery_fixed_200
TCGA_to_GEO,GSE39084,GSM955444,fixed_log_expression,xgboost,0,0.20694421231746674,0.4726989269256592,full_discovery_fixed_200
TCGA_to_GEO,GSE39084,GSM955445,fixed_log_expression,xgboost,0,0.1847083419561386,0.4726989269256592,full_discovery_fixed_200
TCGA_to_GEO,GSE39084,GSM955446,fixed_log_expression,xgboost,0,0.20883280038833618,0.4726989269256592,full_discovery_fixed_200
TCGA_to_GEO,GSE39084,GSM955447,fixed_log_expression,xgboost,1,0.20427775382995605,0.4726989269256592,full_discovery_fixed_200
TCGA_to_GEO,GSE39084,GSM955448,fixed_log_expression,xgboost,1,0.25467029213905334,0.4726989269256592,full_discovery_fixed_200
TCGA_to_GEO,GSE39084,GSM955449,fixed_log_expression,xgboost,0,0.20744740962982178,0.4726989269256592,full_discovery_fixed_200
TCGA_to_GEO,GSE39084,GSM955450,fixed_log_expression,xgboost,0,0.19533224403858185,0.4726989269256592,full_discovery_fixed_200
TCGA_to_GEO,GSE39084,GSM955451,fixed_log_expression,xgboost,0,0.19277900457382202,0.4726989269256592,full_discovery_fixed_200
TCGA_to_GEO,GSE39084,GSM955452,fixed_log_expression,xgboost,0,0.18226252496242523,0.4726989269256592,full_discovery_fixed_200
TCGA_to_GEO,GSE39084,GSM955453,fixed_log_expression,xgboost,0,0.2032332420349121,0.4726989269256592,full_discovery_fixed_200
TCGA_to_GEO,GSE39084,GSM955455,fixed_log_expression,xgboost,0,0.2564640939235687,0.4726989269256592,full_discovery_fixed_200
TCGA_to_GEO,GSE39084,GSM955456,fixed_log_expression,xgboost,0,0.20520435273647308,0.4726989269256592,full_discovery_fixed_200
TCGA_to_GEO,GSE39084,GSM955457,fixed_log_expression,xgboost,0,0.2079455852508545,0.4726989269256592,full_discovery_fixed_200
TCGA_to_GEO,GSE39084,GSM955458,fixed_log_expression,xgboost,1,0.20070837438106537,0.4726989269256592,full_discovery_fixed_200
TCGA_to_GEO,GSE39084,GSM955459,fixed_log_expression,xgboost,1,0.19876962900161743,0.4726989269256592,full_discovery_fixed_200
TCGA_to_GEO,GSE39084,GSM955460,fixed_log_expression,xgboost,1,0.20231325924396515,0.4726989269256592,full_discovery_fixed_200
TCGA_to_GEO,GSE39084,GSM955461,fixed_log_expression,xgboost,1,0.2006024718284607,0.4726989269256592,full_discovery_fixed_200
TCGA_to_GEO,GSE39084,GSM955462,fixed_log_expression,xgboost,0,0.2494211494922638,0.4726989269256592,full_discovery_fixed_200
TCGA_to_GEO,GSE39084,GSM955463,fixed_log_expression,xgboost,0,0.19876962900161743,0.4726989269256592,full_discovery_fixed_200
TCGA_to_GEO,GSE39084,GSM955464,fixed_log_expression,xgboost,0,0.18298748135566711,0.4726989269256592,full_discovery_fixed_200
TCGA_to_GEO,GSE39084,GSM955466,fixed_log_expression,xgboost,1,0.20231325924396515,0.4726989269256592,full_discovery_fixed_200
TCGA_to_GEO,GSE39084,GSM955467,fixed_log_expression,xgboost,1,0.20417043566703796,0.4726989269256592,full_discovery_fixed_200
TCGA_to_GEO,GSE39084,GSM955468,fixed_log_expression,xgboost,1,0.41512274742126465,0.4726989269256592,full_discovery_fixed_200
TCGA_to_GEO,GSE39084,GSM955469,fixed_log_expression,xgboost,1,0.20576128363609314,0.4726989269256592,full_discovery_fixed_200
TCGA_to_GEO,GSE39084,GSM955470,fixed_log_expression,xgboost,1,0.42330968379974365,0.4726989269256592,full_discovery_fixed_200
TCGA_to_GEO,GSE39084,GSM955471,fixed_log_expression,xgboost,1,0.35725682973861694,0.4726989269256592,full_discovery_fixed_200
TCGA_to_GEO,GSE39084,GSM955472,fixed_log_expression,xgboost,1,0.20576128363609314,0.4726989269256592,full_discovery_fixed_200
TCGA_to_GEO,GSE39084,GSM955473,fixed_log_expression,xgboost,1,0.37245410680770874,0.4726989269256592,full_discovery_fixed_200
TCGA_to_GEO,GSE39084,GSM955474,fixed_log_expression,xgboost,0,0.20417043566703796,0.4726989269256592,full_discovery_fixed_200
TCGA_to_GEO,GSE39084,GSM955475,fixed_log_expression,xgboost,0,0.1805594116449356,0.4726989269256592,full_discovery_fixed_200
TCGA_to_GEO,GSE39084,GSM955476,fixed_log_expression,xgboost,0,0.20231325924396515,0.4726989269256592,full_discovery_fixed_200
TCGA_to_GEO,GSE39084,GSM955477,fixed_log_expression,xgboost,0,0.20217259228229523,0.4726989269256592,full_discovery_fixed_200
TCGA_to_GEO,GSE39084,GSM955478,fixed_log_expression,xgboost,0,0.20417043566703796,0.4726989269256592,full_discovery_fixed_200
TCGA_to_GEO,GSE39084,GSM955479,fixed_log_expression,xgboost,0,0.2103407084941864,0.4726989269256592,full_discovery_fixed_200
TCGA_to_GEO,GSE39084,GSM955480,fixed_log_expression,xgboost,0,0.1865418702363968,0.4726989269256592,full_discovery_fixed_200
TCGA_to_GEO,GSE39084,GSM955482,fixed_log_expression,xgboost,0,0.1847083419561386,0.4726989269256592,full_discovery_fixed_200
TCGA_to_GEO,GSE39084,GSM955483,fixed_log_expression,xgboost,0,0.2064051628112793,0.4726989269256592,full_discovery_fixed_200
TCGA_to_GEO,GSE39084,GSM955484,fixed_log_expression,xgboost,0,0.18226252496242523,0.4726989269256592,full_discovery_fixed_200
TCGA_to_GEO,GSE39084,GSM955485,fixed_log_expression,xgboost,0,0.20764191448688507,0.4726989269256592,full_discovery_fixed_200
TCGA_to_GEO,GSE39084,GSM955486,fixed_log_expression,xgboost,0,0.2006024718284607,0.4726989269256592,full_discovery_fixed_200
TCGA_to_GEO,GSE39084,GSM955487,fixed_log_expression,xgboost,0,0.20694421231746674,0.4726989269256592,full_discovery_fixed_200
TCGA_to_GEO,GSE39084,GSM955488,fixed_log_expression,xgboost,0,0.20576128363609314,0.4726989269256592,full_discovery_fixed_200
TCGA_to_GEO,GSE39084,GSM955489,fixed_log_expression,xgboost,0,0.2006024718284607,0.4726989269256592,full_discovery_fixed_200
TCGA_to_GEO,GSE39084,GSM955490,fixed_log_expression,xgboost,0,0.18678006529808044,0.4726989269256592,full_discovery_fixed_200
TCGA_to_GEO,GSE39084,GSM955491,fixed_log_expression,xgboost,0,0.1847083419561386,0.4726989269256592,full_discovery_fixed_200
TCGA_to_GEO,GSE39084,GSM955492,fixed_log_expression,xgboost,0,0.1805594116449356,0.4726989269256592,full_discovery_fixed_200
TCGA_to_GEO,GSE39084,GSM955493,fixed_log_expression,xgboost,0,0.2006024718284607,0.4726989269256592,full_discovery_fixed_200
TCGA_to_GEO,GSE39084,GSM955494,fixed_log_expression,xgboost,0,0.2282722294330597,0.4726989269256592,full_discovery_fixed_200
TCGA_to_GEO,GSE39084,GSM955495,fixed_log_expression,xgboost,0,0.20683589577674866,0.4726989269256592,full_discovery_fixed_200
TCGA_to_GEO,GSE39084,GSM955496,fixed_log_expression,xgboost,0,0.2006024718284607,0.4726989269256592,full_discovery_fixed_200
TCGA_to_GEO,GSE39084,GSM955497,fixed_log_expression,xgboost,0,0.19883783161640167,0.4726989269256592,full_discovery_fixed_200
TCGA_to_GEO,GSE39084,GSM955498,fixed_log_expression,xgboost,0,0.19876962900161743,0.4726989269256592,full_discovery_fixed_200
TCGA_to_GEO,GSE39084,GSM955499,fixed_log_expression,xgboost,0,0.20427775382995605,0.4726989269256592,full_discovery_fixed_200
TCGA_to_GEO,GSE39084,GSM955500,fixed_log_expression,xgboost,0,0.43324515223503113,0.4726989269256592,full_discovery_fixed_200
TCGA_to_GEO,GSE39084,GSM955501,fixed_log_expression,xgboost,0,0.2103407084941864,0.4726989269256592,full_discovery_fixed_200
TCGA_to_GEO,GSE39084,GSM955502,fixed_log_expression,xgboost,0,0.20417043566703796,0.4726989269256592,full_discovery_fixed_200
TCGA_to_GEO,GSE39084,GSM955503,fixed_log_expression,xgboost,0,0.2123623639345169,0.4726989269256592,full_discovery_fixed_200
TCGA_to_GEO,GSE39084,GSM955504,fixed_log_expression,xgboost,0,0.22943037748336792,0.4726989269256592,full_discovery_fixed_200
TCGA_to_GEO,GSE39084,GSM955505,fixed_log_expression,xgboost,0,0.2032332420349121,0.4726989269256592,full_discovery_fixed_200
TCGA_to_GEO,GSE39084,GSM955506,fixed_log_expression,xgboost,0,0.18259498476982117,0.4726989269256592,full_discovery_fixed_200
TCGA_to_GEO,GSE39084,GSM955507,fixed_log_expression,xgboost,0,0.1847083419561386,0.4726989269256592,full_discovery_fixed_200
TCGA_to_GEO,GSE39084,GSM955508,fixed_log_expression,xgboost,1,0.4381773769855499,0.4726989269256592,full_discovery_fixed_200
TCGA_to_GEO,GSE39084,GSM955509,fixed_log_expression,xgboost,1,0.20427775382995605,0.4726989269256592,full_discovery_fixed_200
discovery_nested_oof,TCGA_COAD,TCGA-A6-2671-01A,target_cohort_adaptive_zscore,elastic_net,0,0.04964296519756317,0.6053668856620789,outer_fold_nested_fixed_200
discovery_nested_oof,TCGA_COAD,TCGA-A6-2672-01A,target_cohort_adaptive_zscore,elastic_net,1,0.9999635219573975,0.6053668856620789,outer_fold_nested_fixed_200
discovery_nested_oof,TCGA_COAD,TCGA-A6-2674-01A,target_cohort_adaptive_zscore,elastic_net,0,0.6763251423835754,0.6053668856620789,outer_fold_nested_fixed_200
discovery_nested_oof,TCGA_COAD,TCGA-A6-2676-01A,target_cohort_adaptive_zscore,elastic_net,1,0.9999998807907104,0.6053668856620789,outer_fold_nested_fixed_200
discovery_nested_oof,TCGA_COAD,TCGA-A6-2677-01A,target_cohort_adaptive_zscore,elastic_net,0,0.0015180108603090048,0.6053668856620789,outer_fold_nested_fixed_200
discovery_nested_oof,TCGA_COAD,TCGA-A6-2678-01A,target_cohort_adaptive_zscore,elastic_net,0,0.06488314270973206,0.6053668856620789,outer_fold_nested_fixed_200
discovery_nested_oof,TCGA_COAD,TCGA-A6-2679-01A,target_cohort_adaptive_zscore,elastic_net,0,0.33430030941963196,0.6053668856620789,outer_fold_nested_fixed_200
discovery_nested_oof,TCGA_COAD,TCGA-A6-2680-01A,target_cohort_adaptive_zscore,elastic_net,0,0.011733640916645527,0.6053668856620789,outer_fold_nested_fixed_200
discovery_nested_oof,TCGA_COAD,TCGA-A6-2681-01A,target_cohort_adaptive_zscore,elastic_net,0,0.007473606150597334,0.6053668856620789,outer_fold_nested_fixed_200
discovery_nested_oof,TCGA_COAD,TCGA-A6-2682-01A,target_cohort_adaptive_zscore,elastic_net,0,0.01381648425012827,0.6053668856620789,outer_fold_nested_fixed_200
discovery_nested_oof,TCGA_COAD,TCGA-A6-2685-01A,target_cohort_adaptive_zscore,elastic_net,0,0.02501773275434971,0.6053668856620789,outer_fold_nested_fixed_200
discovery_nested_oof,TCGA_COAD,TCGA-A6-2686-01A,target_cohort_adaptive_zscore,elastic_net,1,0.9986469149589539,0.6053668856620789,outer_fold_nested_fixed_200
discovery_nested_oof,TCGA_COAD,TCGA-A6-3807-01A,target_cohort_adaptive_zscore,elastic_net,0,0.006925816182047129,0.6053668856620789,outer_fold_nested_fixed_200
discovery_nested_oof,TCGA_COAD,TCGA-A6-3809-01A,target_cohort_adaptive_zscore,elastic_net,1,0.9998788833618164,0.6053668856620789,outer_fold_nested_fixed_200
discovery_nested_oof,TCGA_COAD,TCGA-A6-3810-01A,target_cohort_adaptive_zscore,elastic_net,0,0.08714747428894043,0.6053668856620789,outer_fold_nested_fixed_200
discovery_nested_oof,TCGA_COAD,TCGA-A6-4107-01A,target_cohort_adaptive_zscore,elastic_net,0,0.004426194354891777,0.6053668856620789,outer_fold_nested_fixed_200
discovery_nested_oof,TCGA_COAD,TCGA-AA-3488-01A,target_cohort_adaptive_zscore,elastic_net,0,0.006410554051399231,0.6053668856620789,outer_fold_nested_fixed_200
discovery_nested_oof,TCGA_COAD,TCGA-AA-3492-01A,target_cohort_adaptive_zscore,elastic_net,1,0.9868602156639099,0.6053668856620789,outer_fold_nested_fixed_200
discovery_nested_oof,TCGA_COAD,TCGA-AA-3494-01A,target_cohort_adaptive_zscore,elastic_net,0,0.007154485210776329,0.6053668856620789,outer_fold_nested_fixed_200
discovery_nested_oof,TCGA_COAD,TCGA-AA-3495-01A,target_cohort_adaptive_zscore,elastic_net,0,0.008154879324138165,0.6053668856620789,outer_fold_nested_fixed_200
discovery_nested_oof,TCGA_COAD,TCGA-AA-3506-01A,target_cohort_adaptive_zscore,elastic_net,0,0.025010544806718826,0.6053668856620789,outer_fold_nested_fixed_200
discovery_nested_oof,TCGA_COAD,TCGA-AA-3509-01A,target_cohort_adaptive_zscore,elastic_net,0,0.0011230792151764035,0.6053668856620789,outer_fold_nested_fixed_200
discovery_nested_oof,TCGA_COAD,TCGA-AA-3510-01A,target_cohort_adaptive_zscore,elastic_net,0,0.3119310140609741,0.6053668856620789,outer_fold_nested_fixed_200
discovery_nested_oof,TCGA_COAD,TCGA-AA-3514-01A,target_cohort_adaptive_zscore,elastic_net,0,0.016803724691271782,0.6053668856620789,outer_fold_nested_fixed_200
discovery_nested_oof,TCGA_COAD,TCGA-AA-3516-01A,target_cohort_adaptive_zscore,elastic_net,1,0.9999703168869019,0.6053668856620789,outer_fold_nested_fixed_200
discovery_nested_oof,TCGA_COAD,TCGA-AA-3518-01A,target_cohort_adaptive_zscore,elastic_net,1,0.9999547004699707,0.6053668856620789,outer_fold_nested_fixed_200
discovery_nested_oof,TCGA_COAD,TCGA-AA-3519-01A,target_cohort_adaptive_zscore,elastic_net,0,0.013099715113639832,0.6053668856620789,outer_fold_nested_fixed_200
discovery_nested_oof,TCGA_COAD,TCGA-AA-3521-01A,target_cohort_adaptive_zscore,elastic_net,0,0.008431542664766312,0.6053668856620789,outer_fold_nested_fixed_200
discovery_nested_oof,TCGA_COAD,TCGA-AA-3522-01A,target_cohort_adaptive_zscore,elastic_net,0,0.005324605852365494,0.6053668856620789,outer_fold_nested_fixed_200
discovery_nested_oof,TCGA_COAD,TCGA-AA-3524-01A,target_cohort_adaptive_zscore,elastic_net,0,0.046551816165447235,0.6053668856620789,outer_fold_nested_fixed_200
discovery_nested_oof,TCGA_COAD,TCGA-AA-3525-01A,target_cohort_adaptive_zscore,elastic_net,1,0.997524082660675,0.6053668856620789,outer_fold_nested_fixed_200
discovery_nested_oof,TCGA_COAD,TCGA-AA-3527-01A,target_cohort_adaptive_zscore,elastic_net,0,0.11167452484369278,0.6053668856620789,outer_fold_nested_fixed_200
discovery_nested_oof,TCGA_COAD,TCGA-AA-3530-01A,target_cohort_adaptive_zscore,elastic_net,0,0.007748795207589865,0.6053668856620789,outer_fold_nested_fixed_200
discovery_nested_oof,TCGA_COAD,TCGA-AA-3532-01A,target_cohort_adaptive_zscore,elastic_net,0,0.021933937445282936,0.6053668856620789,outer_fold_nested_fixed_200
discovery_nested_oof,TCGA_COAD,TCGA-AA-3534-01A,target_cohort_adaptive_zscore,elastic_net,0,0.015900615602731705,0.6053668856620789,outer_fold_nested_fixed_200
discovery_nested_oof,TCGA_COAD,TCGA-AA-3538-01A,target_cohort_adaptive_zscore,elastic_net,0,0.0019596414640545845,0.6053668856620789,outer_fold_nested_fixed_200
discovery_nested_oof,TCGA_COAD,TCGA-AA-3542-01A,target_cohort_adaptive_zscore,elastic_net,0,0.024166297167539597,0.6053668856620789,outer_fold_nested_fixed_200
discovery_nested_oof,TCGA_COAD,TCGA-AA-3543-01A,target_cohort_adaptive_zscore,elastic_net,1,0.9982976317405701,0.6053668856620789,outer_fold_nested_fixed_200
discovery_nested_oof,TCGA_COAD,TCGA-AA-3544-01A,target_cohort_adaptive_zscore,elastic_net,0,0.01868366450071335,0.6053668856620789,outer_fold_nested_fixed_200
discovery_nested_oof,TCGA_COAD,TCGA-AA-3548-01A,target_cohort_adaptive_zscore,elastic_net,0,0.005013727582991123,0.6053668856620789,outer_fold_nested_fixed_200
discovery_nested_oof,TCGA_COAD,TCGA-AA-3549-01A,target_cohort_adaptive_zscore,elastic_net,0,0.02425542101264,0.6053668856620789,outer_fold_nested_fixed_200
discovery_nested_oof,TCGA_COAD,TCGA-AA-3552-01A,target_cohort_adaptive_zscore,elastic_net,0,0.012607188895344734,0.6053668856620789,outer_fold_nested_fixed_200
discovery_nested_oof,TCGA_COAD,TCGA-AA-3554-01A,target_cohort_adaptive_zscore,elastic_net,1,0.9475932121276855,0.6053668856620789,outer_fold_nested_fixed_200
discovery_nested_oof,TCGA_COAD,TCGA-AA-3555-01A,target_cohort_adaptive_zscore,elastic_net,0,0.492155522108078,0.6053668856620789,outer_fold_nested_fixed_200
discovery_nested_oof,TCGA_COAD,TCGA-AA-3556-01A,target_cohort_adaptive_zscore,elastic_net,0,0.10327909141778946,0.6053668856620789,outer_fold_nested_fixed_200
discovery_nested_oof,TCGA_COAD,TCGA-AA-3560-01A,target_cohort_adaptive_zscore,elastic_net,0,0.059546515345573425,0.6053668856620789,outer_fold_nested_fixed_200
discovery_nested_oof,TCGA_COAD,TCGA-AA-3561-01A,target_cohort_adaptive_zscore,elastic_net,0,0.0412907749414444,0.6053668856620789,outer_fold_nested_fixed_200
discovery_nested_oof,TCGA_COAD,TCGA-AA-3562-01A,target_cohort_adaptive_zscore,elastic_net,0,0.010332081466913223,0.6053668856620789,outer_fold_nested_fixed_200
discovery_nested_oof,TCGA_COAD,TCGA-AA-3664-01A,target_cohort_adaptive_zscore,elastic_net,0,0.7751584053039551,0.6053668856620789,outer_fold_nested_fixed_200
discovery_nested_oof,TCGA_COAD,TCGA-AA-3666-01A,target_cohort_adaptive_zscore,elastic_net,0,0.01411423645913601,0.6053668856620789,outer_fold_nested_fixed_200
discovery_nested_oof,TCGA_COAD,TCGA-AA-3672-01A,target_cohort_adaptive_zscore,elastic_net,1,0.9983490705490112,0.6053668856620789,outer_fold_nested_fixed_200
discovery_nested_oof,TCGA_COAD,TCGA-AA-3673-01A,target_cohort_adaptive_zscore,elastic_net,0,0.0014337642351165414,0.6053668856620789,outer_fold_nested_fixed_200
discovery_nested_oof,TCGA_COAD,TCGA-AA-3675-01A,target_cohort_adaptive_zscore,elastic_net,0,0.019927361980080605,0.6053668856620789,outer_fold_nested_fixed_200
discovery_nested_oof,TCGA_COAD,TCGA-AA-3678-01A,target_cohort_adaptive_zscore,elastic_net,0,0.001536592491902411,0.6053668856620789,outer_fold_nested_fixed_200
discovery_nested_oof,TCGA_COAD,TCGA-AA-3679-01A,target_cohort_adaptive_zscore,elastic_net,0,0.006920505315065384,0.6053668856620789,outer_fold_nested_fixed_200
discovery_nested_oof,TCGA_COAD,TCGA-AA-3681-01A,target_cohort_adaptive_zscore,elastic_net,0,0.05941825360059738,0.6053668856620789,outer_fold_nested_fixed_200
discovery_nested_oof,TCGA_COAD,TCGA-AA-3684-01A,target_cohort_adaptive_zscore,elastic_net,0,0.34736716747283936,0.6053668856620789,outer_fold_nested_fixed_200
discovery_nested_oof,TCGA_COAD,TCGA-AA-3685-01A,target_cohort_adaptive_zscore,elastic_net,0,0.017168797552585602,0.6053668856620789,outer_fold_nested_fixed_200
discovery_nested_oof,TCGA_COAD,TCGA-AA-3693-01A,target_cohort_adaptive_zscore,elastic_net,0,0.0007517758058384061,0.6053668856620789,outer_fold_nested_fixed_200
discovery_nested_oof,TCGA_COAD,TCGA-AA-3695-01A,target_cohort_adaptive_zscore,elastic_net,0,0.9914782643318176,0.6053668856620789,outer_fold_nested_fixed_200
discovery_nested_oof,TCGA_COAD,TCGA-AA-3696-01A,target_cohort_adaptive_zscore,elastic_net,0,0.013615122064948082,0.6053668856620789,outer_fold_nested_fixed_200
discovery_nested_oof,TCGA_COAD,TCGA-AA-3710-01A,target_cohort_adaptive_zscore,elastic_net,1,0.9998372793197632,0.6053668856620789,outer_fold_nested_fixed_200
discovery_nested_oof,TCGA_COAD,TCGA-AA-3715-01A,target_cohort_adaptive_zscore,elastic_net,1,0.9998962879180908,0.6053668856620789,outer_fold_nested_fixed_200
discovery_nested_oof,TCGA_COAD,TCGA-AA-3811-01A,target_cohort_adaptive_zscore,elastic_net,1,0.9711848497390747,0.6053668856620789,outer_fold_nested_fixed_200
discovery_nested_oof,TCGA_COAD,TCGA-AA-3812-01A,target_cohort_adaptive_zscore,elastic_net,0,0.03002363070845604,0.6053668856620789,outer_fold_nested_fixed_200
discovery_nested_oof,TCGA_COAD,TCGA-AA-3814-01A,target_cohort_adaptive_zscore,elastic_net,0,0.021270688623189926,0.6053668856620789,outer_fold_nested_fixed_200
discovery_nested_oof,TCGA_COAD,TCGA-AA-3815-01A,target_cohort_adaptive_zscore,elastic_net,1,0.9995707869529724,0.6053668856620789,outer_fold_nested_fixed_200
discovery_nested_oof,TCGA_COAD,TCGA-AA-3818-01A,target_cohort_adaptive_zscore,elastic_net,0,0.028393076732754707,0.6053668856620789,outer_fold_nested_fixed_200
discovery_nested_oof,TCGA_COAD,TCGA-AA-3821-01A,target_cohort_adaptive_zscore,elastic_net,1,0.9994008541107178,0.6053668856620789,outer_fold_nested_fixed_200
discovery_nested_oof,TCGA_COAD,TCGA-AA-3831-01A,target_cohort_adaptive_zscore,elastic_net,0,0.014276718720793724,0.6053668856620789,outer_fold_nested_fixed_200
discovery_nested_oof,TCGA_COAD,TCGA-AA-3833-01A,target_cohort_adaptive_zscore,elastic_net,1,0.9847288727760315,0.6053668856620789,outer_fold_nested_fixed_200
discovery_nested_oof,TCGA_COAD,TCGA-AA-3837-01A,target_cohort_adaptive_zscore,elastic_net,0,0.009661945514380932,0.6053668856620789,outer_fold_nested_fixed_200
discovery_nested_oof,TCGA_COAD,TCGA-AA-3841-01A,target_cohort_adaptive_zscore,elastic_net,0,0.026266248896718025,0.6053668856620789,outer_fold_nested_fixed_200
discovery_nested_oof,TCGA_COAD,TCGA-AA-3842-01A,target_cohort_adaptive_zscore,elastic_net,0,0.06223059073090553,0.6053668856620789,outer_fold_nested_fixed_200
discovery_nested_oof,TCGA_COAD,TCGA-AA-3844-01A,target_cohort_adaptive_zscore,elastic_net,0,0.005064883269369602,0.6053668856620789,outer_fold_nested_fixed_200
discovery_nested_oof,TCGA_COAD,TCGA-AA-3845-01A,target_cohort_adaptive_zscore,elastic_net,1,0.9975225329399109,0.6053668856620789,outer_fold_nested_fixed_200
discovery_nested_oof,TCGA_COAD,TCGA-AA-3846-01A,target_cohort_adaptive_zscore,elastic_net,0,0.02704043872654438,0.6053668856620789,outer_fold_nested_fixed_200
discovery_nested_oof,TCGA_COAD,TCGA-AA-3848-01A,target_cohort_adaptive_zscore,elastic_net,0,0.04572231322526932,0.6053668856620789,outer_fold_nested_fixed_200
discovery_nested_oof,TCGA_COAD,TCGA-AA-3850-01A,target_cohort_adaptive_zscore,elastic_net,0,0.03508654609322548,0.6053668856620789,outer_fold_nested_fixed_200
discovery_nested_oof,TCGA_COAD,TCGA-AA-3851-01A,target_cohort_adaptive_zscore,elastic_net,0,0.010353820398449898,0.6053668856620789,outer_fold_nested_fixed_200
discovery_nested_oof,TCGA_COAD,TCGA-AA-3856-01A,target_cohort_adaptive_zscore,elastic_net,0,0.005436794366687536,0.6053668856620789,outer_fold_nested_fixed_200
discovery_nested_oof,TCGA_COAD,TCGA-AA-3858-01A,target_cohort_adaptive_zscore,elastic_net,0,0.01629461906850338,0.6053668856620789,outer_fold_nested_fixed_200
discovery_nested_oof,TCGA_COAD,TCGA-AA-3860-01A,target_cohort_adaptive_zscore,elastic_net,0,0.024820666760206223,0.6053668856620789,outer_fold_nested_fixed_200
discovery_nested_oof,TCGA_COAD,TCGA-AA-3862-01A,target_cohort_adaptive_zscore,elastic_net,0,0.06330675631761551,0.6053668856620789,outer_fold_nested_fixed_200
discovery_nested_oof,TCGA_COAD,TCGA-AA-3864-01A,target_cohort_adaptive_zscore,elastic_net,1,0.9792311191558838,0.6053668856620789,outer_fold_nested_fixed_200
discovery_nested_oof,TCGA_COAD,TCGA-AA-3867-01A,target_cohort_adaptive_zscore,elastic_net,0,0.0018485879991203547,0.6053668856620789,outer_fold_nested_fixed_200
discovery_nested_oof,TCGA_COAD,TCGA-AA-3869-01A,target_cohort_adaptive_zscore,elastic_net,0,0.007009166292846203,0.6053668856620789,outer_fold_nested_fixed_200
discovery_nested_oof,TCGA_COAD,TCGA-AA-3870-01A,target_cohort_adaptive_zscore,elastic_net,0,0.2536007761955261,0.6053668856620789,outer_fold_nested_fixed_200
discovery_nested_oof,TCGA_COAD,TCGA-AA-3872-01A,target_cohort_adaptive_zscore,elastic_net,0,0.08175516873598099,0.6053668856620789,outer_fold_nested_fixed_200
discovery_nested_oof,TCGA_COAD,TCGA-AA-3875-01A,target_cohort_adaptive_zscore,elastic_net,0,0.03867395967245102,0.6053668856620789,outer_fold_nested_fixed_200
discovery_nested_oof,TCGA_COAD,TCGA-AA-3877-01A,target_cohort_adaptive_zscore,elastic_net,1,0.9982303977012634,0.6053668856620789,outer_fold_nested_fixed_200
discovery_nested_oof,TCGA_COAD,TCGA-AA-3939-01A,target_cohort_adaptive_zscore,elastic_net,0,0.024938058108091354,0.6053668856620789,outer_fold_nested_fixed_200
discovery_nested_oof,TCGA_COAD,TCGA-AA-3947-01A,target_cohort_adaptive_zscore,elastic_net,1,0.9976598024368286,0.6053668856620789,outer_fold_nested_fixed_200
discovery_nested_oof,TCGA_COAD,TCGA-AA-3949-01A,target_cohort_adaptive_zscore,elastic_net,1,0.9999897480010986,0.6053668856620789,outer_fold_nested_fixed_200
discovery_nested_oof,TCGA_COAD,TCGA-AA-3950-01A,target_cohort_adaptive_zscore,elastic_net,1,0.9998739957809448,0.6053668856620789,outer_fold_nested_fixed_200
discovery_nested_oof,TCGA_COAD,TCGA-AA-3952-01A,target_cohort_adaptive_zscore,elastic_net,0,0.009786564856767654,0.6053668856620789,outer_fold_nested_fixed_200
discovery_nested_oof,TCGA_COAD,TCGA-AA-3955-01A,target_cohort_adaptive_zscore,elastic_net,0,0.007197494152933359,0.6053668856620789,outer_fold_nested_fixed_200
discovery_nested_oof,TCGA_COAD,TCGA-AA-3956-01A,target_cohort_adaptive_zscore,elastic_net,0,0.006484121549874544,0.6053668856620789,outer_fold_nested_fixed_200
discovery_nested_oof,TCGA_COAD,TCGA-AA-3966-01A,target_cohort_adaptive_zscore,elastic_net,1,0.9983187913894653,0.6053668856620789,outer_fold_nested_fixed_200
discovery_nested_oof,TCGA_COAD,TCGA-AA-3968-01A,target_cohort_adaptive_zscore,elastic_net,0,0.02790367789566517,0.6053668856620789,outer_fold_nested_fixed_200
discovery_nested_oof,TCGA_COAD,TCGA-AA-3970-01A,target_cohort_adaptive_zscore,elastic_net,0,0.006551441270858049,0.6053668856620789,outer_fold_nested_fixed_200
discovery_nested_oof,TCGA_COAD,TCGA-AA-3971-01A,target_cohort_adaptive_zscore,elastic_net,0,0.006396095734089613,0.6053668856620789,outer_fold_nested_fixed_200
discovery_nested_oof,TCGA_COAD,TCGA-AA-3975-01A,target_cohort_adaptive_zscore,elastic_net,0,0.006074688397347927,0.6053668856620789,outer_fold_nested_fixed_200
discovery_nested_oof,TCGA_COAD,TCGA-AA-3976-01A,target_cohort_adaptive_zscore,elastic_net,0,0.0013385523343458772,0.6053668856620789,outer_fold_nested_fixed_200
discovery_nested_oof,TCGA_COAD,TCGA-AA-3977-01A,target_cohort_adaptive_zscore,elastic_net,0,0.847669780254364,0.6053668856620789,outer_fold_nested_fixed_200
discovery_nested_oof,TCGA_COAD,TCGA-AA-3979-01A,target_cohort_adaptive_zscore,elastic_net,0,0.014277243055403233,0.6053668856620789,outer_fold_nested_fixed_200
discovery_nested_oof,TCGA_COAD,TCGA-AA-3980-01A,target_cohort_adaptive_zscore,elastic_net,0,0.3312571942806244,0.6053668856620789,outer_fold_nested_fixed_200
discovery_nested_oof,TCGA_COAD,TCGA-AA-3984-01A,target_cohort_adaptive_zscore,elastic_net,0,0.2600356340408325,0.6053668856620789,outer_fold_nested_fixed_200
discovery_nested_oof,TCGA_COAD,TCGA-AA-3986-01A,target_cohort_adaptive_zscore,elastic_net,0,0.08404082804918289,0.6053668856620789,outer_fold_nested_fixed_200
discovery_nested_oof,TCGA_COAD,TCGA-AA-3989-01A,target_cohort_adaptive_zscore,elastic_net,0,0.006021606735885143,0.6053668856620789,outer_fold_nested_fixed_200
discovery_nested_oof,TCGA_COAD,TCGA-AA-3994-01A,target_cohort_adaptive_zscore,elastic_net,0,0.3175014853477478,0.6053668856620789,outer_fold_nested_fixed_200
discovery_nested_oof,TCGA_COAD,TCGA-AA-A00A-01A,target_cohort_adaptive_zscore,elastic_net,1,0.6053668856620789,0.6053668856620789,outer_fold_nested_fixed_200
discovery_nested_oof,TCGA_COAD,TCGA-AA-A00D-01A,target_cohort_adaptive_zscore,elastic_net,0,0.3729032278060913,0.6053668856620789,outer_fold_nested_fixed_200
discovery_nested_oof,TCGA_COAD,TCGA-AA-A00E-01A,target_cohort_adaptive_zscore,elastic_net,1,0.999925971031189,0.6053668856620789,outer_fold_nested_fixed_200
discovery_nested_oof,TCGA_COAD,TCGA-AA-A00F-01A,target_cohort_adaptive_zscore,elastic_net,0,0.006098344922065735,0.6053668856620789,outer_fold_nested_fixed_200
discovery_nested_oof,TCGA_COAD,TCGA-AA-A00J-01A,target_cohort_adaptive_zscore,elastic_net,1,0.9997429251670837,0.6053668856620789,outer_fold_nested_fixed_200
discovery_nested_oof,TCGA_COAD,TCGA-AA-A00L-01A,target_cohort_adaptive_zscore,elastic_net,0,0.002156823640689254,0.6053668856620789,outer_fold_nested_fixed_200
discovery_nested_oof,TCGA_COAD,TCGA-AA-A00Q-01A,target_cohort_adaptive_zscore,elastic_net,0,0.0011393993627279997,0.6053668856620789,outer_fold_nested_fixed_200
discovery_nested_oof,TCGA_COAD,TCGA-AA-A00R-01A,target_cohort_adaptive_zscore,elastic_net,1,0.9999997615814209,0.6053668856620789,outer_fold_nested_fixed_200
discovery_nested_oof,TCGA_COAD,TCGA-AA-A00U-01A,target_cohort_adaptive_zscore,elastic_net,0,0.007841185666620731,0.6053668856620789,outer_fold_nested_fixed_200
discovery_nested_oof,TCGA_COAD,TCGA-AA-A00W-01A,target_cohort_adaptive_zscore,elastic_net,0,0.0009577209129929543,0.6053668856620789,outer_fold_nested_fixed_200
discovery_nested_oof,TCGA_COAD,TCGA-AA-A00Z-01A,target_cohort_adaptive_zscore,elastic_net,0,0.00877048633992672,0.6053668856620789,outer_fold_nested_fixed_200
discovery_nested_oof,TCGA_COAD,TCGA-AA-A017-01A,target_cohort_adaptive_zscore,elastic_net,0,0.004297545179724693,0.6053668856620789,outer_fold_nested_fixed_200
discovery_nested_oof,TCGA_COAD,TCGA-AA-A01C-01A,target_cohort_adaptive_zscore,elastic_net,0,0.003373032668605447,0.6053668856620789,outer_fold_nested_fixed_200
discovery_nested_oof,TCGA_COAD,TCGA-AA-A01D-01A,target_cohort_adaptive_zscore,elastic_net,0,0.22736652195453644,0.6053668856620789,outer_fold_nested_fixed_200
discovery_nested_oof,TCGA_COAD,TCGA-AA-A01F-01A,target_cohort_adaptive_zscore,elastic_net,0,0.013990392908453941,0.6053668856620789,outer_fold_nested_fixed_200
discovery_nested_oof,TCGA_COAD,TCGA-AA-A01I-01A,target_cohort_adaptive_zscore,elastic_net,0,0.02384634129703045,0.6053668856620789,outer_fold_nested_fixed_200
discovery_nested_oof,TCGA_COAD,TCGA-AA-A01K-01A,target_cohort_adaptive_zscore,elastic_net,0,0.0774553120136261,0.6053668856620789,outer_fold_nested_fixed_200
discovery_nested_oof,TCGA_COAD,TCGA-AA-A01P-01A,target_cohort_adaptive_zscore,elastic_net,1,0.9992068409919739,0.6053668856620789,outer_fold_nested_fixed_200
discovery_nested_oof,TCGA_COAD,TCGA-AA-A01Q-01A,target_cohort_adaptive_zscore,elastic_net,1,0.997194766998291,0.6053668856620789,outer_fold_nested_fixed_200
discovery_nested_oof,TCGA_COAD,TCGA-AA-A01R-01A,target_cohort_adaptive_zscore,elastic_net,1,0.9949398040771484,0.6053668856620789,outer_fold_nested_fixed_200
discovery_nested_oof,TCGA_COAD,TCGA-AA-A01T-01A,target_cohort_adaptive_zscore,elastic_net,0,0.004967215470969677,0.6053668856620789,outer_fold_nested_fixed_200
discovery_nested_oof,TCGA_COAD,TCGA-AA-A01V-01A,target_cohort_adaptive_zscore,elastic_net,0,0.0660247802734375,0.6053668856620789,outer_fold_nested_fixed_200
discovery_nested_oof,TCGA_COAD,TCGA-AA-A01X-01A,target_cohort_adaptive_zscore,elastic_net,0,0.0013275821693241596,0.6053668856620789,outer_fold_nested_fixed_200
discovery_nested_oof,TCGA_COAD,TCGA-AA-A01Z-01A,target_cohort_adaptive_zscore,elastic_net,0,0.004123561084270477,0.6053668856620789,outer_fold_nested_fixed_200
discovery_nested_oof,TCGA_COAD,TCGA-AA-A022-01A,target_cohort_adaptive_zscore,elastic_net,1,0.9999939203262329,0.6053668856620789,outer_fold_nested_fixed_200
discovery_nested_oof,TCGA_COAD,TCGA-AA-A02F-01A,target_cohort_adaptive_zscore,elastic_net,0,0.03698200359940529,0.6053668856620789,outer_fold_nested_fixed_200
discovery_nested_oof,TCGA_COAD,TCGA-AA-A02H-01A,target_cohort_adaptive_zscore,elastic_net,0,0.01391050685197115,0.6053668856620789,outer_fold_nested_fixed_200
discovery_nested_oof,TCGA_COAD,TCGA-AA-A02J-01A,target_cohort_adaptive_zscore,elastic_net,0,0.0011359206400811672,0.6053668856620789,outer_fold_nested_fixed_200
discovery_nested_oof,TCGA_COAD,TCGA-AA-A02K-01A,target_cohort_adaptive_zscore,elastic_net,0,0.07122105360031128,0.6053668856620789,outer_fold_nested_fixed_200
discovery_nested_oof,TCGA_COAD,TCGA-AA-A02O-01A,target_cohort_adaptive_zscore,elastic_net,0,0.0968121886253357,0.6053668856620789,outer_fold_nested_fixed_200
discovery_nested_oof,TCGA_COAD,TCGA-AA-A02R-01A,target_cohort_adaptive_zscore,elastic_net,1,0.9999903440475464,0.6053668856620789,outer_fold_nested_fixed_200
discovery_nested_oof,TCGA_COAD,TCGA-AA-A02Y-01A,target_cohort_adaptive_zscore,elastic_net,0,0.043299056589603424,0.6053668856620789,outer_fold_nested_fixed_200
discovery_nested_oof,TCGA_COAD,TCGA-AA-A03F-01A,target_cohort_adaptive_zscore,elastic_net,0,0.06691104918718338,0.6053668856620789,outer_fold_nested_fixed_200
discovery_nested_oof,TCGA_COAD,TCGA-AA-A03J-01A,target_cohort_adaptive_zscore,elastic_net,0,0.0580824539065361,0.6053668856620789,outer_fold_nested_fixed_200
discovery_nested_oof,TCGA_COAD,TCGA-AY-4070-01A,target_cohort_adaptive_zscore,elastic_net,0,0.16712985932826996,0.6053668856620789,outer_fold_nested_fixed_200
discovery_nested_oof,TCGA_COAD,TCGA-AY-4071-01A,target_cohort_adaptive_zscore,elastic_net,0,0.006353896576911211,0.6053668856620789,outer_fold_nested_fixed_200
discovery_nested_oof,TCGA_COAD,TCGA-AZ-4308-01A,target_cohort_adaptive_zscore,elastic_net,0,0.02120443806052208,0.6053668856620789,outer_fold_nested_fixed_200
discovery_nested_oof,TCGA_COAD,TCGA-AZ-4313-01A,target_cohort_adaptive_zscore,elastic_net,1,0.9300007820129395,0.6053668856620789,outer_fold_nested_fixed_200
discovery_nested_oof,TCGA_COAD,TCGA-AZ-4315-01A,target_cohort_adaptive_zscore,elastic_net,0,0.42784854769706726,0.6053668856620789,outer_fold_nested_fixed_200
discovery_nested_oof,TCGA_COAD,TCGA-AZ-4615-01A,target_cohort_adaptive_zscore,elastic_net,1,0.9998453855514526,0.6053668856620789,outer_fold_nested_fixed_200
discovery_nested_oof,TCGA_COAD,TCGA-AZ-4681-01A,target_cohort_adaptive_zscore,elastic_net,0,0.0013128946302458644,0.6053668856620789,outer_fold_nested_fixed_200
discovery_nested_oof,TCGA_COAD,TCGA-AZ-4682-01B,target_cohort_adaptive_zscore,elastic_net,0,0.008285299874842167,0.6053668856620789,outer_fold_nested_fixed_200
discovery_nested_oof,TCGA_COAD,TCGA-CA-5256-01A,target_cohort_adaptive_zscore,elastic_net,0,0.0014005149714648724,0.6053668856620789,outer_fold_nested_fixed_200
discovery_nested_oof,TCGA_COAD,TCGA-CK-4951-01A,target_cohort_adaptive_zscore,elastic_net,1,0.9962130784988403,0.6053668856620789,outer_fold_nested_fixed_200
discovery_nested_oof,TCGA_COAD,TCGA-CM-4744-01A,target_cohort_adaptive_zscore,elastic_net,0,0.17296066880226135,0.6053668856620789,outer_fold_nested_fixed_200
discovery_nested_oof,TCGA_COAD,TCGA-CM-4746-01A,target_cohort_adaptive_zscore,elastic_net,1,0.11648983508348465,0.6053668856620789,outer_fold_nested_fixed_200
discovery_nested_oof,TCGA_COAD,TCGA-CM-4748-01A,target_cohort_adaptive_zscore,elastic_net,0,0.21153375506401062,0.6053668856620789,outer_fold_nested_fixed_200
discovery_nested_oof,TCGA_COAD,TCGA-CM-4752-01A,target_cohort_adaptive_zscore,elastic_net,0,0.022014250978827477,0.6053668856620789,outer_fold_nested_fixed_200
discovery_nested_oof,TCGA_COAD,TCGA-CM-5341-01A,target_cohort_adaptive_zscore,elastic_net,0,0.023767944425344467,0.6053668856620789,outer_fold_nested_fixed_200
TCGA_to_GEO,GSE13294,GSM335510,target_cohort_adaptive_zscore,elastic_net,0,0.0010266026947647333,0.6053668856620789,full_discovery_fixed_200
TCGA_to_GEO,GSE13294,GSM335511,target_cohort_adaptive_zscore,elastic_net,1,0.5517347455024719,0.6053668856620789,full_discovery_fixed_200
TCGA_to_GEO,GSE13294,GSM335512,target_cohort_adaptive_zscore,elastic_net,0,0.05189003050327301,0.6053668856620789,full_discovery_fixed_200
TCGA_to_GEO,GSE13294,GSM335513,target_cohort_adaptive_zscore,elastic_net,0,0.00021495739929378033,0.6053668856620789,full_discovery_fixed_200
TCGA_to_GEO,GSE13294,GSM335514,target_cohort_adaptive_zscore,elastic_net,0,0.0007427516975440085,0.6053668856620789,full_discovery_fixed_200
TCGA_to_GEO,GSE13294,GSM335515,target_cohort_adaptive_zscore,elastic_net,0,0.0032891270238906145,0.6053668856620789,full_discovery_fixed_200
TCGA_to_GEO,GSE13294,GSM335516,target_cohort_adaptive_zscore,elastic_net,0,0.0005586292827501893,0.6053668856620789,full_discovery_fixed_200
TCGA_to_GEO,GSE13294,GSM335517,target_cohort_adaptive_zscore,elastic_net,0,0.0014168769121170044,0.6053668856620789,full_discovery_fixed_200
TCGA_to_GEO,GSE13294,GSM335518,target_cohort_adaptive_zscore,elastic_net,1,0.37870118021965027,0.6053668856620789,full_discovery_fixed_200
TCGA_to_GEO,GSE13294,GSM335519,target_cohort_adaptive_zscore,elastic_net,1,0.16780243813991547,0.6053668856620789,full_discovery_fixed_200
TCGA_to_GEO,GSE13294,GSM335520,target_cohort_adaptive_zscore,elastic_net,0,0.08595548570156097,0.6053668856620789,full_discovery_fixed_200
TCGA_to_GEO,GSE13294,GSM335521,target_cohort_adaptive_zscore,elastic_net,0,0.008609453216195107,0.6053668856620789,full_discovery_fixed_200
TCGA_to_GEO,GSE13294,GSM335522,target_cohort_adaptive_zscore,elastic_net,0,0.009271026588976383,0.6053668856620789,full_discovery_fixed_200
TCGA_to_GEO,GSE13294,GSM335523,target_cohort_adaptive_zscore,elastic_net,0,0.011437506414949894,0.6053668856620789,full_discovery_fixed_200
TCGA_to_GEO,GSE13294,GSM335524,target_cohort_adaptive_zscore,elastic_net,0,0.01417956966906786,0.6053668856620789,full_discovery_fixed_200
TCGA_to_GEO,GSE13294,GSM335525,target_cohort_adaptive_zscore,elastic_net,1,0.8722966313362122,0.6053668856620789,full_discovery_fixed_200
TCGA_to_GEO,GSE13294,GSM335526,target_cohort_adaptive_zscore,elastic_net,0,0.001276127528399229,0.6053668856620789,full_discovery_fixed_200
TCGA_to_GEO,GSE13294,GSM335527,target_cohort_adaptive_zscore,elastic_net,1,0.40760305523872375,0.6053668856620789,full_discovery_fixed_200
TCGA_to_GEO,GSE13294,GSM335528,target_cohort_adaptive_zscore,elastic_net,0,0.0023327043745666742,0.6053668856620789,full_discovery_fixed_200
TCGA_to_GEO,GSE13294,GSM335529,target_cohort_adaptive_zscore,elastic_net,1,0.1610642522573471,0.6053668856620789,full_discovery_fixed_200
TCGA_to_GEO,GSE13294,GSM335530,target_cohort_adaptive_zscore,elastic_net,1,0.9923297762870789,0.6053668856620789,full_discovery_fixed_200
TCGA_to_GEO,GSE13294,GSM335531,target_cohort_adaptive_zscore,elastic_net,0,0.000593920995015651,0.6053668856620789,full_discovery_fixed_200
TCGA_to_GEO,GSE13294,GSM335532,target_cohort_adaptive_zscore,elastic_net,1,0.921090304851532,0.6053668856620789,full_discovery_fixed_200
TCGA_to_GEO,GSE13294,GSM335533,target_cohort_adaptive_zscore,elastic_net,0,0.006339354440569878,0.6053668856620789,full_discovery_fixed_200
TCGA_to_GEO,GSE13294,GSM335534,target_cohort_adaptive_zscore,elastic_net,0,0.003668731776997447,0.6053668856620789,full_discovery_fixed_200
TCGA_to_GEO,GSE13294,GSM335535,target_cohort_adaptive_zscore,elastic_net,0,0.010651897639036179,0.6053668856620789,full_discovery_fixed_200
TCGA_to_GEO,GSE13294,GSM335536,target_cohort_adaptive_zscore,elastic_net,0,0.0037860332522541285,0.6053668856620789,full_discovery_fixed_200
TCGA_to_GEO,GSE13294,GSM335537,target_cohort_adaptive_zscore,elastic_net,0,0.0016014155698940158,0.6053668856620789,full_discovery_fixed_200
TCGA_to_GEO,GSE13294,GSM335538,target_cohort_adaptive_zscore,elastic_net,0,0.0009397683315910399,0.6053668856620789,full_discovery_fixed_200
TCGA_to_GEO,GSE13294,GSM335539,target_cohort_adaptive_zscore,elastic_net,0,0.0006573181017301977,0.6053668856620789,full_discovery_fixed_200
TCGA_to_GEO,GSE13294,GSM335540,target_cohort_adaptive_zscore,elastic_net,0,0.0015500106383115053,0.6053668856620789,full_discovery_fixed_200
TCGA_to_GEO,GSE13294,GSM335541,target_cohort_adaptive_zscore,elastic_net,1,0.6055598258972168,0.6053668856620789,full_discovery_fixed_200
TCGA_to_GEO,GSE13294,GSM335542,target_cohort_adaptive_zscore,elastic_net,1,0.6633324027061462,0.6053668856620789,full_discovery_fixed_200
TCGA_to_GEO,GSE13294,GSM335543,target_cohort_adaptive_zscore,elastic_net,1,0.1345529705286026,0.6053668856620789,full_discovery_fixed_200
TCGA_to_GEO,GSE13294,GSM335544,target_cohort_adaptive_zscore,elastic_net,1,0.9489652514457703,0.6053668856620789,full_discovery_fixed_200
TCGA_to_GEO,GSE13294,GSM335545,target_cohort_adaptive_zscore,elastic_net,1,0.3261873126029968,0.6053668856620789,full_discovery_fixed_200
TCGA_to_GEO,GSE13294,GSM335546,target_cohort_adaptive_zscore,elastic_net,1,0.9445555210113525,0.6053668856620789,full_discovery_fixed_200
TCGA_to_GEO,GSE13294,GSM335547,target_cohort_adaptive_zscore,elastic_net,0,0.20928369462490082,0.6053668856620789,full_discovery_fixed_200
TCGA_to_GEO,GSE13294,GSM335548,target_cohort_adaptive_zscore,elastic_net,0,0.0052347504533827305,0.6053668856620789,full_discovery_fixed_200
TCGA_to_GEO,GSE13294,GSM335549,target_cohort_adaptive_zscore,elastic_net,0,0.009285570122301579,0.6053668856620789,full_discovery_fixed_200
TCGA_to_GEO,GSE13294,GSM335550,target_cohort_adaptive_zscore,elastic_net,0,0.0021195344161242247,0.6053668856620789,full_discovery_fixed_200
TCGA_to_GEO,GSE13294,GSM335551,target_cohort_adaptive_zscore,elastic_net,1,0.7976762056350708,0.6053668856620789,full_discovery_fixed_200
TCGA_to_GEO,GSE13294,GSM335552,target_cohort_adaptive_zscore,elastic_net,0,0.011698246002197266,0.6053668856620789,full_discovery_fixed_200
TCGA_to_GEO,GSE13294,GSM335553,target_cohort_adaptive_zscore,elastic_net,0,0.005587608553469181,0.6053668856620789,full_discovery_fixed_200
TCGA_to_GEO,GSE13294,GSM335554,target_cohort_adaptive_zscore,elastic_net,0,0.010643338784575462,0.6053668856620789,full_discovery_fixed_200
TCGA_to_GEO,GSE13294,GSM335555,target_cohort_adaptive_zscore,elastic_net,1,0.9956929087638855,0.6053668856620789,full_discovery_fixed_200
TCGA_to_GEO,GSE13294,GSM335556,target_cohort_adaptive_zscore,elastic_net,0,0.0007260632119141519,0.6053668856620789,full_discovery_fixed_200
TCGA_to_GEO,GSE13294,GSM335557,target_cohort_adaptive_zscore,elastic_net,0,0.0016683238791301847,0.6053668856620789,full_discovery_fixed_200
TCGA_to_GEO,GSE13294,GSM335558,target_cohort_adaptive_zscore,elastic_net,0,0.01027448195964098,0.6053668856620789,full_discovery_fixed_200
TCGA_to_GEO,GSE13294,GSM335559,target_cohort_adaptive_zscore,elastic_net,1,0.6789912581443787,0.6053668856620789,full_discovery_fixed_200
TCGA_to_GEO,GSE13294,GSM335560,target_cohort_adaptive_zscore,elastic_net,1,0.9878730773925781,0.6053668856620789,full_discovery_fixed_200
TCGA_to_GEO,GSE13294,GSM335561,target_cohort_adaptive_zscore,elastic_net,0,0.0009420121787115932,0.6053668856620789,full_discovery_fixed_200
TCGA_to_GEO,GSE13294,GSM335562,target_cohort_adaptive_zscore,elastic_net,1,0.232157900929451,0.6053668856620789,full_discovery_fixed_200
TCGA_to_GEO,GSE13294,GSM335563,target_cohort_adaptive_zscore,elastic_net,1,0.8522759675979614,0.6053668856620789,full_discovery_fixed_200
TCGA_to_GEO,GSE13294,GSM335564,target_cohort_adaptive_zscore,elastic_net,0,0.01646089367568493,0.6053668856620789,full_discovery_fixed_200
TCGA_to_GEO,GSE13294,GSM335565,target_cohort_adaptive_zscore,elastic_net,1,0.9980819225311279,0.6053668856620789,full_discovery_fixed_200
TCGA_to_GEO,GSE13294,GSM335566,target_cohort_adaptive_zscore,elastic_net,1,0.9660738706588745,0.6053668856620789,full_discovery_fixed_200
TCGA_to_GEO,GSE13294,GSM335567,target_cohort_adaptive_zscore,elastic_net,0,0.0007280601421371102,0.6053668856620789,full_discovery_fixed_200
TCGA_to_GEO,GSE13294,GSM335568,target_cohort_adaptive_zscore,elastic_net,0,0.0005933874053880572,0.6053668856620789,full_discovery_fixed_200
TCGA_to_GEO,GSE13294,GSM335569,target_cohort_adaptive_zscore,elastic_net,0,0.0010237751994282007,0.6053668856620789,full_discovery_fixed_200
TCGA_to_GEO,GSE13294,GSM335570,target_cohort_adaptive_zscore,elastic_net,0,0.0859169289469719,0.6053668856620789,full_discovery_fixed_200
TCGA_to_GEO,GSE13294,GSM335571,target_cohort_adaptive_zscore,elastic_net,0,0.0007448362885043025,0.6053668856620789,full_discovery_fixed_200
TCGA_to_GEO,GSE13294,GSM335572,target_cohort_adaptive_zscore,elastic_net,0,0.007256282493472099,0.6053668856620789,full_discovery_fixed_200
TCGA_to_GEO,GSE13294,GSM335573,target_cohort_adaptive_zscore,elastic_net,1,0.00039804077823646367,0.6053668856620789,full_discovery_fixed_200
TCGA_to_GEO,GSE13294,GSM335574,target_cohort_adaptive_zscore,elastic_net,1,0.9797832369804382,0.6053668856620789,full_discovery_fixed_200
TCGA_to_GEO,GSE13294,GSM335575,target_cohort_adaptive_zscore,elastic_net,0,0.05438363552093506,0.6053668856620789,full_discovery_fixed_200
TCGA_to_GEO,GSE13294,GSM335576,target_cohort_adaptive_zscore,elastic_net,1,0.9552215933799744,0.6053668856620789,full_discovery_fixed_200
TCGA_to_GEO,GSE13294,GSM335577,target_cohort_adaptive_zscore,elastic_net,1,0.9668651223182678,0.6053668856620789,full_discovery_fixed_200
TCGA_to_GEO,GSE13294,GSM335578,target_cohort_adaptive_zscore,elastic_net,1,0.34621462225914,0.6053668856620789,full_discovery_fixed_200
TCGA_to_GEO,GSE13294,GSM335579,target_cohort_adaptive_zscore,elastic_net,0,0.01970049925148487,0.6053668856620789,full_discovery_fixed_200
TCGA_to_GEO,GSE13294,GSM335580,target_cohort_adaptive_zscore,elastic_net,0,0.002920904429629445,0.6053668856620789,full_discovery_fixed_200
TCGA_to_GEO,GSE13294,GSM335581,target_cohort_adaptive_zscore,elastic_net,0,0.007223169784992933,0.6053668856620789,full_discovery_fixed_200
TCGA_to_GEO,GSE13294,GSM335582,target_cohort_adaptive_zscore,elastic_net,0,0.000610262737609446,0.6053668856620789,full_discovery_fixed_200
TCGA_to_GEO,GSE13294,GSM335583,target_cohort_adaptive_zscore,elastic_net,0,0.0008642210741527379,0.6053668856620789,full_discovery_fixed_200
TCGA_to_GEO,GSE13294,GSM335584,target_cohort_adaptive_zscore,elastic_net,0,0.002242607530206442,0.6053668856620789,full_discovery_fixed_200
TCGA_to_GEO,GSE13294,GSM335585,target_cohort_adaptive_zscore,elastic_net,1,0.997519314289093,0.6053668856620789,full_discovery_fixed_200
TCGA_to_GEO,GSE13294,GSM335586,target_cohort_adaptive_zscore,elastic_net,0,0.002154350746423006,0.6053668856620789,full_discovery_fixed_200
TCGA_to_GEO,GSE13294,GSM335587,target_cohort_adaptive_zscore,elastic_net,0,0.011166257783770561,0.6053668856620789,full_discovery_fixed_200
TCGA_to_GEO,GSE13294,GSM335588,target_cohort_adaptive_zscore,elastic_net,0,0.00045698322355747223,0.6053668856620789,full_discovery_fixed_200
TCGA_to_GEO,GSE13294,GSM335589,target_cohort_adaptive_zscore,elastic_net,0,0.009131201542913914,0.6053668856620789,full_discovery_fixed_200
TCGA_to_GEO,GSE13294,GSM335590,target_cohort_adaptive_zscore,elastic_net,0,0.024463985115289688,0.6053668856620789,full_discovery_fixed_200
TCGA_to_GEO,GSE13294,GSM335591,target_cohort_adaptive_zscore,elastic_net,0,0.0008106700261123478,0.6053668856620789,full_discovery_fixed_200
TCGA_to_GEO,GSE13294,GSM335592,target_cohort_adaptive_zscore,elastic_net,0,0.0001634908840060234,0.6053668856620789,full_discovery_fixed_200
TCGA_to_GEO,GSE13294,GSM335593,target_cohort_adaptive_zscore,elastic_net,0,0.0005702184280380607,0.6053668856620789,full_discovery_fixed_200
TCGA_to_GEO,GSE13294,GSM335594,target_cohort_adaptive_zscore,elastic_net,0,0.00443642633035779,0.6053668856620789,full_discovery_fixed_200
TCGA_to_GEO,GSE13294,GSM335595,target_cohort_adaptive_zscore,elastic_net,1,0.9234012365341187,0.6053668856620789,full_discovery_fixed_200
TCGA_to_GEO,GSE13294,GSM335596,target_cohort_adaptive_zscore,elastic_net,0,0.0022566262632608414,0.6053668856620789,full_discovery_fixed_200
TCGA_to_GEO,GSE13294,GSM335597,target_cohort_adaptive_zscore,elastic_net,1,0.9754660129547119,0.6053668856620789,full_discovery_fixed_200
TCGA_to_GEO,GSE13294,GSM335598,target_cohort_adaptive_zscore,elastic_net,0,0.0003047100326512009,0.6053668856620789,full_discovery_fixed_200
TCGA_to_GEO,GSE13294,GSM335599,target_cohort_adaptive_zscore,elastic_net,0,0.005435195751488209,0.6053668856620789,full_discovery_fixed_200
TCGA_to_GEO,GSE13294,GSM335600,target_cohort_adaptive_zscore,elastic_net,0,0.0008237349102273583,0.6053668856620789,full_discovery_fixed_200
TCGA_to_GEO,GSE13294,GSM335601,target_cohort_adaptive_zscore,elastic_net,0,0.00558260316029191,0.6053668856620789,full_discovery_fixed_200
TCGA_to_GEO,GSE13294,GSM335602,target_cohort_adaptive_zscore,elastic_net,0,0.003986236173659563,0.6053668856620789,full_discovery_fixed_200
TCGA_to_GEO,GSE13294,GSM335603,target_cohort_adaptive_zscore,elastic_net,0,0.0017326006200164557,0.6053668856620789,full_discovery_fixed_200
TCGA_to_GEO,GSE13294,GSM335604,target_cohort_adaptive_zscore,elastic_net,0,0.0024912094231694937,0.6053668856620789,full_discovery_fixed_200
TCGA_to_GEO,GSE13294,GSM335605,target_cohort_adaptive_zscore,elastic_net,0,0.00046841445146128535,0.6053668856620789,full_discovery_fixed_200
TCGA_to_GEO,GSE13294,GSM335606,target_cohort_adaptive_zscore,elastic_net,0,0.00010427416418679059,0.6053668856620789,full_discovery_fixed_200
TCGA_to_GEO,GSE13294,GSM335607,target_cohort_adaptive_zscore,elastic_net,0,0.05689321458339691,0.6053668856620789,full_discovery_fixed_200
TCGA_to_GEO,GSE13294,GSM335608,target_cohort_adaptive_zscore,elastic_net,0,0.5627413988113403,0.6053668856620789,full_discovery_fixed_200
TCGA_to_GEO,GSE13294,GSM335609,target_cohort_adaptive_zscore,elastic_net,0,0.00452850479632616,0.6053668856620789,full_discovery_fixed_200
TCGA_to_GEO,GSE13294,GSM335610,target_cohort_adaptive_zscore,elastic_net,0,2.6836352844838984e-05,0.6053668856620789,full_discovery_fixed_200
TCGA_to_GEO,GSE13294,GSM335611,target_cohort_adaptive_zscore,elastic_net,0,0.0017816178733482957,0.6053668856620789,full_discovery_fixed_200
TCGA_to_GEO,GSE13294,GSM335612,target_cohort_adaptive_zscore,elastic_net,0,0.0003524747444316745,0.6053668856620789,full_discovery_fixed_200
TCGA_to_GEO,GSE13294,GSM335613,target_cohort_adaptive_zscore,elastic_net,0,0.0010122561361640692,0.6053668856620789,full_discovery_fixed_200
TCGA_to_GEO,GSE13294,GSM335614,target_cohort_adaptive_zscore,elastic_net,1,0.9970550537109375,0.6053668856620789,full_discovery_fixed_200
TCGA_to_GEO,GSE13294,GSM335615,target_cohort_adaptive_zscore,elastic_net,0,0.0007171762990765274,0.6053668856620789,full_discovery_fixed_200
TCGA_to_GEO,GSE13294,GSM335616,target_cohort_adaptive_zscore,elastic_net,0,0.0012069185031577945,0.6053668856620789,full_discovery_fixed_200
TCGA_to_GEO,GSE13294,GSM335617,target_cohort_adaptive_zscore,elastic_net,0,0.00024312364985235035,0.6053668856620789,full_discovery_fixed_200
TCGA_to_GEO,GSE13294,GSM335618,target_cohort_adaptive_zscore,elastic_net,1,0.048286326229572296,0.6053668856620789,full_discovery_fixed_200
TCGA_to_GEO,GSE13294,GSM335619,target_cohort_adaptive_zscore,elastic_net,1,0.7269726991653442,0.6053668856620789,full_discovery_fixed_200
TCGA_to_GEO,GSE13294,GSM335620,target_cohort_adaptive_zscore,elastic_net,1,0.0836242064833641,0.6053668856620789,full_discovery_fixed_200
TCGA_to_GEO,GSE13294,GSM335621,target_cohort_adaptive_zscore,elastic_net,1,0.9974791407585144,0.6053668856620789,full_discovery_fixed_200
TCGA_to_GEO,GSE13294,GSM335622,target_cohort_adaptive_zscore,elastic_net,1,0.5101991295814514,0.6053668856620789,full_discovery_fixed_200
TCGA_to_GEO,GSE13294,GSM335623,target_cohort_adaptive_zscore,elastic_net,1,0.9993314743041992,0.6053668856620789,full_discovery_fixed_200
TCGA_to_GEO,GSE13294,GSM335624,target_cohort_adaptive_zscore,elastic_net,1,0.670271635055542,0.6053668856620789,full_discovery_fixed_200
TCGA_to_GEO,GSE13294,GSM335625,target_cohort_adaptive_zscore,elastic_net,1,0.10616383701562881,0.6053668856620789,full_discovery_fixed_200
TCGA_to_GEO,GSE13294,GSM335626,target_cohort_adaptive_zscore,elastic_net,1,0.21642498672008514,0.6053668856620789,full_discovery_fixed_200
TCGA_to_GEO,GSE13294,GSM335627,target_cohort_adaptive_zscore,elastic_net,1,0.7423886656761169,0.6053668856620789,full_discovery_fixed_200
TCGA_to_GEO,GSE13294,GSM335628,target_cohort_adaptive_zscore,elastic_net,1,0.6462878584861755,0.6053668856620789,full_discovery_fixed_200
TCGA_to_GEO,GSE13294,GSM335629,target_cohort_adaptive_zscore,elastic_net,1,0.9973443150520325,0.6053668856620789,full_discovery_fixed_200
TCGA_to_GEO,GSE13294,GSM335630,target_cohort_adaptive_zscore,elastic_net,1,0.8531598448753357,0.6053668856620789,full_discovery_fixed_200
TCGA_to_GEO,GSE13294,GSM335631,target_cohort_adaptive_zscore,elastic_net,1,0.005978697445243597,0.6053668856620789,full_discovery_fixed_200
TCGA_to_GEO,GSE13294,GSM335632,target_cohort_adaptive_zscore,elastic_net,1,0.5049692392349243,0.6053668856620789,full_discovery_fixed_200
TCGA_to_GEO,GSE13294,GSM335633,target_cohort_adaptive_zscore,elastic_net,1,0.4178366959095001,0.6053668856620789,full_discovery_fixed_200
TCGA_to_GEO,GSE13294,GSM335634,target_cohort_adaptive_zscore,elastic_net,1,0.996436357498169,0.6053668856620789,full_discovery_fixed_200
TCGA_to_GEO,GSE13294,GSM335635,target_cohort_adaptive_zscore,elastic_net,1,0.9962827563285828,0.6053668856620789,full_discovery_fixed_200
TCGA_to_GEO,GSE13294,GSM335636,target_cohort_adaptive_zscore,elastic_net,1,3.9067341276677325e-05,0.6053668856620789,full_discovery_fixed_200
TCGA_to_GEO,GSE13294,GSM335637,target_cohort_adaptive_zscore,elastic_net,1,0.4843173921108246,0.6053668856620789,full_discovery_fixed_200
TCGA_to_GEO,GSE13294,GSM335638,target_cohort_adaptive_zscore,elastic_net,1,0.9701388478279114,0.6053668856620789,full_discovery_fixed_200
TCGA_to_GEO,GSE13294,GSM335639,target_cohort_adaptive_zscore,elastic_net,1,0.6024786233901978,0.6053668856620789,full_discovery_fixed_200
TCGA_to_GEO,GSE13294,GSM335640,target_cohort_adaptive_zscore,elastic_net,1,0.9345393180847168,0.6053668856620789,full_discovery_fixed_200
TCGA_to_GEO,GSE13294,GSM335641,target_cohort_adaptive_zscore,elastic_net,1,0.9985225796699524,0.6053668856620789,full_discovery_fixed_200
TCGA_to_GEO,GSE13294,GSM335642,target_cohort_adaptive_zscore,elastic_net,1,0.8290762901306152,0.6053668856620789,full_discovery_fixed_200
TCGA_to_GEO,GSE13294,GSM335643,target_cohort_adaptive_zscore,elastic_net,1,0.9983261227607727,0.6053668856620789,full_discovery_fixed_200
TCGA_to_GEO,GSE13294,GSM335644,target_cohort_adaptive_zscore,elastic_net,1,0.9628516435623169,0.6053668856620789,full_discovery_fixed_200
TCGA_to_GEO,GSE13294,GSM335645,target_cohort_adaptive_zscore,elastic_net,1,0.9965277314186096,0.6053668856620789,full_discovery_fixed_200
TCGA_to_GEO,GSE13294,GSM335646,target_cohort_adaptive_zscore,elastic_net,1,0.9204686284065247,0.6053668856620789,full_discovery_fixed_200
TCGA_to_GEO,GSE13294,GSM335647,target_cohort_adaptive_zscore,elastic_net,1,0.14682292938232422,0.6053668856620789,full_discovery_fixed_200
TCGA_to_GEO,GSE13294,GSM335648,target_cohort_adaptive_zscore,elastic_net,1,0.03381232172250748,0.6053668856620789,full_discovery_fixed_200
TCGA_to_GEO,GSE13294,GSM335649,target_cohort_adaptive_zscore,elastic_net,1,0.9688392877578735,0.6053668856620789,full_discovery_fixed_200
TCGA_to_GEO,GSE13294,GSM335650,target_cohort_adaptive_zscore,elastic_net,1,0.5022962689399719,0.6053668856620789,full_discovery_fixed_200
TCGA_to_GEO,GSE13294,GSM335651,target_cohort_adaptive_zscore,elastic_net,1,0.0010469680419191718,0.6053668856620789,full_discovery_fixed_200
TCGA_to_GEO,GSE13294,GSM335652,target_cohort_adaptive_zscore,elastic_net,1,0.999426007270813,0.6053668856620789,full_discovery_fixed_200
TCGA_to_GEO,GSE13294,GSM335653,target_cohort_adaptive_zscore,elastic_net,1,0.8797286748886108,0.6053668856620789,full_discovery_fixed_200
TCGA_to_GEO,GSE13294,GSM335654,target_cohort_adaptive_zscore,elastic_net,1,0.9715813398361206,0.6053668856620789,full_discovery_fixed_200
TCGA_to_GEO,GSE13294,GSM335655,target_cohort_adaptive_zscore,elastic_net,1,0.8745563626289368,0.6053668856620789,full_discovery_fixed_200
TCGA_to_GEO,GSE13294,GSM335656,target_cohort_adaptive_zscore,elastic_net,1,0.8706036806106567,0.6053668856620789,full_discovery_fixed_200
TCGA_to_GEO,GSE13294,GSM335657,target_cohort_adaptive_zscore,elastic_net,1,0.9289718270301819,0.6053668856620789,full_discovery_fixed_200
TCGA_to_GEO,GSE13294,GSM335658,target_cohort_adaptive_zscore,elastic_net,1,0.9939005374908447,0.6053668856620789,full_discovery_fixed_200
TCGA_to_GEO,GSE13294,GSM335659,target_cohort_adaptive_zscore,elastic_net,1,0.993440568447113,0.6053668856620789,full_discovery_fixed_200
TCGA_to_GEO,GSE13294,GSM335660,target_cohort_adaptive_zscore,elastic_net,1,0.9650216698646545,0.6053668856620789,full_discovery_fixed_200
TCGA_to_GEO,GSE13294,GSM335661,target_cohort_adaptive_zscore,elastic_net,1,0.9746930599212646,0.6053668856620789,full_discovery_fixed_200
TCGA_to_GEO,GSE13294,GSM335662,target_cohort_adaptive_zscore,elastic_net,1,0.9402445554733276,0.6053668856620789,full_discovery_fixed_200
TCGA_to_GEO,GSE13294,GSM335663,target_cohort_adaptive_zscore,elastic_net,1,0.7143363356590271,0.6053668856620789,full_discovery_fixed_200
TCGA_to_GEO,GSE13294,GSM335664,target_cohort_adaptive_zscore,elastic_net,1,0.9790377616882324,0.6053668856620789,full_discovery_fixed_200
TCGA_to_GEO,GSE13067,GSM327282,target_cohort_adaptive_zscore,elastic_net,1,0.9985098242759705,0.6053668856620789,full_discovery_fixed_200
TCGA_to_GEO,GSE13067,GSM327283,target_cohort_adaptive_zscore,elastic_net,0,0.08213674277067184,0.6053668856620789,full_discovery_fixed_200
TCGA_to_GEO,GSE13067,GSM327284,target_cohort_adaptive_zscore,elastic_net,0,0.0036621910985559225,0.6053668856620789,full_discovery_fixed_200
TCGA_to_GEO,GSE13067,GSM327285,target_cohort_adaptive_zscore,elastic_net,0,0.007823147810995579,0.6053668856620789,full_discovery_fixed_200
TCGA_to_GEO,GSE13067,GSM327286,target_cohort_adaptive_zscore,elastic_net,0,0.28288063406944275,0.6053668856620789,full_discovery_fixed_200
TCGA_to_GEO,GSE13067,GSM327287,target_cohort_adaptive_zscore,elastic_net,0,0.00509102875366807,0.6053668856620789,full_discovery_fixed_200
TCGA_to_GEO,GSE13067,GSM327288,target_cohort_adaptive_zscore,elastic_net,1,0.9590137004852295,0.6053668856620789,full_discovery_fixed_200
TCGA_to_GEO,GSE13067,GSM327289,target_cohort_adaptive_zscore,elastic_net,0,0.06906211376190186,0.6053668856620789,full_discovery_fixed_200
TCGA_to_GEO,GSE13067,GSM327290,target_cohort_adaptive_zscore,elastic_net,0,0.016464630141854286,0.6053668856620789,full_discovery_fixed_200
TCGA_to_GEO,GSE13067,GSM327291,target_cohort_adaptive_zscore,elastic_net,0,0.05569916591048241,0.6053668856620789,full_discovery_fixed_200
TCGA_to_GEO,GSE13067,GSM327292,target_cohort_adaptive_zscore,elastic_net,0,0.008861909620463848,0.6053668856620789,full_discovery_fixed_200
TCGA_to_GEO,GSE13067,GSM327293,target_cohort_adaptive_zscore,elastic_net,0,0.328724205493927,0.6053668856620789,full_discovery_fixed_200
TCGA_to_GEO,GSE13067,GSM327294,target_cohort_adaptive_zscore,elastic_net,0,0.003042008727788925,0.6053668856620789,full_discovery_fixed_200
TCGA_to_GEO,GSE13067,GSM327295,target_cohort_adaptive_zscore,elastic_net,0,0.002570809330791235,0.6053668856620789,full_discovery_fixed_200
TCGA_to_GEO,GSE13067,GSM327296,target_cohort_adaptive_zscore,elastic_net,0,0.0630204826593399,0.6053668856620789,full_discovery_fixed_200
TCGA_to_GEO,GSE13067,GSM327297,target_cohort_adaptive_zscore,elastic_net,0,0.1233011856675148,0.6053668856620789,full_discovery_fixed_200
TCGA_to_GEO,GSE13067,GSM327298,target_cohort_adaptive_zscore,elastic_net,0,0.01438049040734768,0.6053668856620789,full_discovery_fixed_200
TCGA_to_GEO,GSE13067,GSM327299,target_cohort_adaptive_zscore,elastic_net,0,0.4473278224468231,0.6053668856620789,full_discovery_fixed_200
TCGA_to_GEO,GSE13067,GSM327300,target_cohort_adaptive_zscore,elastic_net,0,0.15288841724395752,0.6053668856620789,full_discovery_fixed_200
TCGA_to_GEO,GSE13067,GSM327301,target_cohort_adaptive_zscore,elastic_net,0,0.018537774682044983,0.6053668856620789,full_discovery_fixed_200
TCGA_to_GEO,GSE13067,GSM327302,target_cohort_adaptive_zscore,elastic_net,0,0.9020423889160156,0.6053668856620789,full_discovery_fixed_200
TCGA_to_GEO,GSE13067,GSM327303,target_cohort_adaptive_zscore,elastic_net,0,0.040825843811035156,0.6053668856620789,full_discovery_fixed_200
TCGA_to_GEO,GSE13067,GSM327304,target_cohort_adaptive_zscore,elastic_net,0,0.3188636600971222,0.6053668856620789,full_discovery_fixed_200
TCGA_to_GEO,GSE13067,GSM327305,target_cohort_adaptive_zscore,elastic_net,0,0.057377707213163376,0.6053668856620789,full_discovery_fixed_200
TCGA_to_GEO,GSE13067,GSM327306,target_cohort_adaptive_zscore,elastic_net,0,0.005079646594822407,0.6053668856620789,full_discovery_fixed_200
TCGA_to_GEO,GSE13067,GSM327307,target_cohort_adaptive_zscore,elastic_net,0,0.15215599536895752,0.6053668856620789,full_discovery_fixed_200
TCGA_to_GEO,GSE13067,GSM327308,target_cohort_adaptive_zscore,elastic_net,0,0.0015123938210308552,0.6053668856620789,full_discovery_fixed_200
TCGA_to_GEO,GSE13067,GSM327309,target_cohort_adaptive_zscore,elastic_net,1,0.9915863275527954,0.6053668856620789,full_discovery_fixed_200
TCGA_to_GEO,GSE13067,GSM327310,target_cohort_adaptive_zscore,elastic_net,1,0.9999561309814453,0.6053668856620789,full_discovery_fixed_200
TCGA_to_GEO,GSE13067,GSM327311,target_cohort_adaptive_zscore,elastic_net,1,0.9999935626983643,0.6053668856620789,full_discovery_fixed_200
TCGA_to_GEO,GSE13067,GSM327312,target_cohort_adaptive_zscore,elastic_net,0,0.10228592902421951,0.6053668856620789,full_discovery_fixed_200
TCGA_to_GEO,GSE13067,GSM327313,target_cohort_adaptive_zscore,elastic_net,1,0.9980359673500061,0.6053668856620789,full_discovery_fixed_200
TCGA_to_GEO,GSE13067,GSM327314,target_cohort_adaptive_zscore,elastic_net,0,0.02924516052007675,0.6053668856620789,full_discovery_fixed_200
TCGA_to_GEO,GSE13067,GSM327315,target_cohort_adaptive_zscore,elastic_net,0,0.01126010436564684,0.6053668856620789,full_discovery_fixed_200
TCGA_to_GEO,GSE13067,GSM327316,target_cohort_adaptive_zscore,elastic_net,0,0.1789660006761551,0.6053668856620789,full_discovery_fixed_200
TCGA_to_GEO,GSE13067,GSM327317,target_cohort_adaptive_zscore,elastic_net,0,0.004817470908164978,0.6053668856620789,full_discovery_fixed_200
TCGA_to_GEO,GSE13067,GSM327318,target_cohort_adaptive_zscore,elastic_net,0,0.03519570454955101,0.6053668856620789,full_discovery_fixed_200
TCGA_to_GEO,GSE13067,GSM327319,target_cohort_adaptive_zscore,elastic_net,0,0.0014859146904200315,0.6053668856620789,full_discovery_fixed_200
TCGA_to_GEO,GSE13067,GSM327320,target_cohort_adaptive_zscore,elastic_net,0,0.006134288385510445,0.6053668856620789,full_discovery_fixed_200
TCGA_to_GEO,GSE13067,GSM327321,target_cohort_adaptive_zscore,elastic_net,0,8.305158553412184e-05,0.6053668856620789,full_discovery_fixed_200
TCGA_to_GEO,GSE13067,GSM327322,target_cohort_adaptive_zscore,elastic_net,0,0.09514661133289337,0.6053668856620789,full_discovery_fixed_200
TCGA_to_GEO,GSE13067,GSM327323,target_cohort_adaptive_zscore,elastic_net,0,0.0034626699052751064,0.6053668856620789,full_discovery_fixed_200
TCGA_to_GEO,GSE13067,GSM327324,target_cohort_adaptive_zscore,elastic_net,1,0.9969682097434998,0.6053668856620789,full_discovery_fixed_200
TCGA_to_GEO,GSE13067,GSM327325,target_cohort_adaptive_zscore,elastic_net,1,0.999893069267273,0.6053668856620789,full_discovery_fixed_200
TCGA_to_GEO,GSE13067,GSM327326,target_cohort_adaptive_zscore,elastic_net,0,0.007033245638012886,0.6053668856620789,full_discovery_fixed_200
TCGA_to_GEO,GSE13067,GSM327327,target_cohort_adaptive_zscore,elastic_net,0,0.13332730531692505,0.6053668856620789,full_discovery_fixed_200
TCGA_to_GEO,GSE13067,GSM327328,target_cohort_adaptive_zscore,elastic_net,0,0.05094509571790695,0.6053668856620789,full_discovery_fixed_200
TCGA_to_GEO,GSE13067,GSM327329,target_cohort_adaptive_zscore,elastic_net,0,0.04226704314351082,0.6053668856620789,full_discovery_fixed_200
TCGA_to_GEO,GSE13067,GSM327330,target_cohort_adaptive_zscore,elastic_net,0,0.02138497866690159,0.6053668856620789,full_discovery_fixed_200
TCGA_to_GEO,GSE13067,GSM327331,target_cohort_adaptive_zscore,elastic_net,1,0.5166551470756531,0.6053668856620789,full_discovery_fixed_200
TCGA_to_GEO,GSE13067,GSM327332,target_cohort_adaptive_zscore,elastic_net,0,0.02983115240931511,0.6053668856620789,full_discovery_fixed_200
TCGA_to_GEO,GSE13067,GSM327333,target_cohort_adaptive_zscore,elastic_net,0,0.3009943664073944,0.6053668856620789,full_discovery_fixed_200
TCGA_to_GEO,GSE13067,GSM327334,target_cohort_adaptive_zscore,elastic_net,0,0.03462553396821022,0.6053668856620789,full_discovery_fixed_200
TCGA_to_GEO,GSE13067,GSM327335,target_cohort_adaptive_zscore,elastic_net,0,0.08808954060077667,0.6053668856620789,full_discovery_fixed_200
TCGA_to_GEO,GSE13067,GSM327336,target_cohort_adaptive_zscore,elastic_net,0,0.005106442142277956,0.6053668856620789,full_discovery_fixed_200
TCGA_to_GEO,GSE13067,GSM327337,target_cohort_adaptive_zscore,elastic_net,0,0.0006399439298547804,0.6053668856620789,full_discovery_fixed_200
TCGA_to_GEO,GSE13067,GSM327338,target_cohort_adaptive_zscore,elastic_net,0,0.0003187909023836255,0.6053668856620789,full_discovery_fixed_200
TCGA_to_GEO,GSE13067,GSM327339,target_cohort_adaptive_zscore,elastic_net,0,0.27168038487434387,0.6053668856620789,full_discovery_fixed_200
TCGA_to_GEO,GSE13067,GSM327340,target_cohort_adaptive_zscore,elastic_net,0,0.020733356475830078,0.6053668856620789,full_discovery_fixed_200
TCGA_to_GEO,GSE13067,GSM327341,target_cohort_adaptive_zscore,elastic_net,0,0.0015087503707036376,0.6053668856620789,full_discovery_fixed_200
TCGA_to_GEO,GSE13067,GSM327342,target_cohort_adaptive_zscore,elastic_net,0,0.0010318259010091424,0.6053668856620789,full_discovery_fixed_200
TCGA_to_GEO,GSE13067,GSM327343,target_cohort_adaptive_zscore,elastic_net,0,0.2671222686767578,0.6053668856620789,full_discovery_fixed_200
TCGA_to_GEO,GSE13067,GSM327344,target_cohort_adaptive_zscore,elastic_net,0,0.003863451536744833,0.6053668856620789,full_discovery_fixed_200
TCGA_to_GEO,GSE13067,GSM327345,target_cohort_adaptive_zscore,elastic_net,0,0.5911568403244019,0.6053668856620789,full_discovery_fixed_200
TCGA_to_GEO,GSE13067,GSM327346,target_cohort_adaptive_zscore,elastic_net,0,0.08264338970184326,0.6053668856620789,full_discovery_fixed_200
TCGA_to_GEO,GSE13067,GSM327347,target_cohort_adaptive_zscore,elastic_net,0,0.03444993123412132,0.6053668856620789,full_discovery_fixed_200
TCGA_to_GEO,GSE13067,GSM327348,target_cohort_adaptive_zscore,elastic_net,0,0.030800191685557365,0.6053668856620789,full_discovery_fixed_200
TCGA_to_GEO,GSE13067,GSM327349,target_cohort_adaptive_zscore,elastic_net,0,0.012327835895121098,0.6053668856620789,full_discovery_fixed_200
TCGA_to_GEO,GSE13067,GSM327350,target_cohort_adaptive_zscore,elastic_net,0,0.00587767967954278,0.6053668856620789,full_discovery_fixed_200
TCGA_to_GEO,GSE13067,GSM327351,target_cohort_adaptive_zscore,elastic_net,0,0.04360642656683922,0.6053668856620789,full_discovery_fixed_200
TCGA_to_GEO,GSE13067,GSM327352,target_cohort_adaptive_zscore,elastic_net,1,0.99998939037323,0.6053668856620789,full_discovery_fixed_200
TCGA_to_GEO,GSE13067,GSM327353,target_cohort_adaptive_zscore,elastic_net,1,0.9843147397041321,0.6053668856620789,full_discovery_fixed_200
TCGA_to_GEO,GSE13067,GSM327354,target_cohort_adaptive_zscore,elastic_net,0,0.08658303320407867,0.6053668856620789,full_discovery_fixed_200
TCGA_to_GEO,GSE13067,GSM327355,target_cohort_adaptive_zscore,elastic_net,0,0.03895881772041321,0.6053668856620789,full_discovery_fixed_200
TCGA_to_GEO,GSE18088,GSM452148,target_cohort_adaptive_zscore,elastic_net,1,0.5425324440002441,0.6053668856620789,full_discovery_fixed_200
TCGA_to_GEO,GSE18088,GSM452149,target_cohort_adaptive_zscore,elastic_net,0,0.0021625831723213196,0.6053668856620789,full_discovery_fixed_200
TCGA_to_GEO,GSE18088,GSM452150,target_cohort_adaptive_zscore,elastic_net,0,0.00859924778342247,0.6053668856620789,full_discovery_fixed_200
TCGA_to_GEO,GSE18088,GSM452151,target_cohort_adaptive_zscore,elastic_net,0,0.011160030029714108,0.6053668856620789,full_discovery_fixed_200
TCGA_to_GEO,GSE18088,GSM452152,target_cohort_adaptive_zscore,elastic_net,0,0.0006265407428145409,0.6053668856620789,full_discovery_fixed_200
TCGA_to_GEO,GSE18088,GSM452153,target_cohort_adaptive_zscore,elastic_net,1,0.20128494501113892,0.6053668856620789,full_discovery_fixed_200
TCGA_to_GEO,GSE18088,GSM452154,target_cohort_adaptive_zscore,elastic_net,0,0.00966302677989006,0.6053668856620789,full_discovery_fixed_200
TCGA_to_GEO,GSE18088,GSM452155,target_cohort_adaptive_zscore,elastic_net,0,0.0019420774187892675,0.6053668856620789,full_discovery_fixed_200
TCGA_to_GEO,GSE18088,GSM452156,target_cohort_adaptive_zscore,elastic_net,0,0.00038844437221996486,0.6053668856620789,full_discovery_fixed_200
TCGA_to_GEO,GSE18088,GSM452157,target_cohort_adaptive_zscore,elastic_net,1,0.9998233914375305,0.6053668856620789,full_discovery_fixed_200
TCGA_to_GEO,GSE18088,GSM452158,target_cohort_adaptive_zscore,elastic_net,0,0.004495485220104456,0.6053668856620789,full_discovery_fixed_200
TCGA_to_GEO,GSE18088,GSM452159,target_cohort_adaptive_zscore,elastic_net,1,0.9737720489501953,0.6053668856620789,full_discovery_fixed_200
TCGA_to_GEO,GSE18088,GSM452160,target_cohort_adaptive_zscore,elastic_net,0,0.0013331947848200798,0.6053668856620789,full_discovery_fixed_200
TCGA_to_GEO,GSE18088,GSM452161,target_cohort_adaptive_zscore,elastic_net,0,0.0019404202466830611,0.6053668856620789,full_discovery_fixed_200
TCGA_to_GEO,GSE18088,GSM452162,target_cohort_adaptive_zscore,elastic_net,0,0.20038489997386932,0.6053668856620789,full_discovery_fixed_200
TCGA_to_GEO,GSE18088,GSM452163,target_cohort_adaptive_zscore,elastic_net,1,0.9996365308761597,0.6053668856620789,full_discovery_fixed_200
TCGA_to_GEO,GSE18088,GSM452164,target_cohort_adaptive_zscore,elastic_net,0,0.000421498145442456,0.6053668856620789,full_discovery_fixed_200
TCGA_to_GEO,GSE18088,GSM452165,target_cohort_adaptive_zscore,elastic_net,0,0.008250880055129528,0.6053668856620789,full_discovery_fixed_200
TCGA_to_GEO,GSE18088,GSM452166,target_cohort_adaptive_zscore,elastic_net,0,0.002041604369878769,0.6053668856620789,full_discovery_fixed_200
TCGA_to_GEO,GSE18088,GSM452167,target_cohort_adaptive_zscore,elastic_net,0,0.01325059961527586,0.6053668856620789,full_discovery_fixed_200
TCGA_to_GEO,GSE18088,GSM452168,target_cohort_adaptive_zscore,elastic_net,1,0.9740800857543945,0.6053668856620789,full_discovery_fixed_200
TCGA_to_GEO,GSE18088,GSM452169,target_cohort_adaptive_zscore,elastic_net,1,0.9984814524650574,0.6053668856620789,full_discovery_fixed_200
TCGA_to_GEO,GSE18088,GSM452170,target_cohort_adaptive_zscore,elastic_net,0,0.015273207798600197,0.6053668856620789,full_discovery_fixed_200
TCGA_to_GEO,GSE18088,GSM452171,target_cohort_adaptive_zscore,elastic_net,0,0.0030511212535202503,0.6053668856620789,full_discovery_fixed_200
TCGA_to_GEO,GSE18088,GSM452172,target_cohort_adaptive_zscore,elastic_net,0,0.2489195317029953,0.6053668856620789,full_discovery_fixed_200
TCGA_to_GEO,GSE18088,GSM452173,target_cohort_adaptive_zscore,elastic_net,1,0.9766479730606079,0.6053668856620789,full_discovery_fixed_200
TCGA_to_GEO,GSE18088,GSM452174,target_cohort_adaptive_zscore,elastic_net,1,0.9952710270881653,0.6053668856620789,full_discovery_fixed_200
TCGA_to_GEO,GSE18088,GSM452175,target_cohort_adaptive_zscore,elastic_net,1,0.8996602892875671,0.6053668856620789,full_discovery_fixed_200
TCGA_to_GEO,GSE18088,GSM452176,target_cohort_adaptive_zscore,elastic_net,0,0.003063338343054056,0.6053668856620789,full_discovery_fixed_200
TCGA_to_GEO,GSE18088,GSM452177,target_cohort_adaptive_zscore,elastic_net,0,0.012927134521305561,0.6053668856620789,full_discovery_fixed_200
TCGA_to_GEO,GSE18088,GSM452178,target_cohort_adaptive_zscore,elastic_net,0,0.00021608946553897113,0.6053668856620789,full_discovery_fixed_200
TCGA_to_GEO,GSE18088,GSM452179,target_cohort_adaptive_zscore,elastic_net,1,0.9989757537841797,0.6053668856620789,full_discovery_fixed_200
TCGA_to_GEO,GSE18088,GSM452180,target_cohort_adaptive_zscore,elastic_net,1,0.9973547458648682,0.6053668856620789,full_discovery_fixed_200
TCGA_to_GEO,GSE18088,GSM452181,target_cohort_adaptive_zscore,elastic_net,0,0.011990098282694817,0.6053668856620789,full_discovery_fixed_200
TCGA_to_GEO,GSE18088,GSM452182,target_cohort_adaptive_zscore,elastic_net,1,0.860226035118103,0.6053668856620789,full_discovery_fixed_200
TCGA_to_GEO,GSE18088,GSM452183,target_cohort_adaptive_zscore,elastic_net,1,0.9935141801834106,0.6053668856620789,full_discovery_fixed_200
TCGA_to_GEO,GSE18088,GSM452184,target_cohort_adaptive_zscore,elastic_net,1,0.9952149391174316,0.6053668856620789,full_discovery_fixed_200
TCGA_to_GEO,GSE18088,GSM452185,target_cohort_adaptive_zscore,elastic_net,0,0.0062071396969258785,0.6053668856620789,full_discovery_fixed_200
TCGA_to_GEO,GSE18088,GSM452186,target_cohort_adaptive_zscore,elastic_net,0,0.020011786371469498,0.6053668856620789,full_discovery_fixed_200
TCGA_to_GEO,GSE18088,GSM452187,target_cohort_adaptive_zscore,elastic_net,0,0.0003863684833049774,0.6053668856620789,full_discovery_fixed_200
TCGA_to_GEO,GSE18088,GSM452188,target_cohort_adaptive_zscore,elastic_net,1,0.9569677710533142,0.6053668856620789,full_discovery_fixed_200
TCGA_to_GEO,GSE18088,GSM452189,target_cohort_adaptive_zscore,elastic_net,1,0.9978722333908081,0.6053668856620789,full_discovery_fixed_200
TCGA_to_GEO,GSE18088,GSM452190,target_cohort_adaptive_zscore,elastic_net,0,0.15994849801063538,0.6053668856620789,full_discovery_fixed_200
TCGA_to_GEO,GSE18088,GSM452191,target_cohort_adaptive_zscore,elastic_net,0,0.0013010435504838824,0.6053668856620789,full_discovery_fixed_200
TCGA_to_GEO,GSE18088,GSM452192,target_cohort_adaptive_zscore,elastic_net,0,0.0016805191989988089,0.6053668856620789,full_discovery_fixed_200
TCGA_to_GEO,GSE18088,GSM452193,target_cohort_adaptive_zscore,elastic_net,0,0.0035918785724788904,0.6053668856620789,full_discovery_fixed_200
TCGA_to_GEO,GSE18088,GSM452194,target_cohort_adaptive_zscore,elastic_net,0,0.00301150418817997,0.6053668856620789,full_discovery_fixed_200
TCGA_to_GEO,GSE18088,GSM452195,target_cohort_adaptive_zscore,elastic_net,0,0.005359690170735121,0.6053668856620789,full_discovery_fixed_200
TCGA_to_GEO,GSE18088,GSM452196,target_cohort_adaptive_zscore,elastic_net,0,0.011513683013617992,0.6053668856620789,full_discovery_fixed_200
TCGA_to_GEO,GSE18088,GSM452197,target_cohort_adaptive_zscore,elastic_net,1,0.8782837986946106,0.6053668856620789,full_discovery_fixed_200
TCGA_to_GEO,GSE18088,GSM452198,target_cohort_adaptive_zscore,elastic_net,0,0.02593340165913105,0.6053668856620789,full_discovery_fixed_200
TCGA_to_GEO,GSE18088,GSM452199,target_cohort_adaptive_zscore,elastic_net,0,0.021245358511805534,0.6053668856620789,full_discovery_fixed_200
TCGA_to_GEO,GSE18088,GSM452200,target_cohort_adaptive_zscore,elastic_net,1,0.0002398233482381329,0.6053668856620789,full_discovery_fixed_200
TCGA_to_GEO,GSE26682,GSM656542,target_cohort_adaptive_zscore,elastic_net,0,0.02257254160940647,0.6053668856620789,full_discovery_fixed_200
TCGA_to_GEO,GSE26682,GSM656543,target_cohort_adaptive_zscore,elastic_net,0,0.03126033768057823,0.6053668856620789,full_discovery_fixed_200
TCGA_to_GEO,GSE26682,GSM656545,target_cohort_adaptive_zscore,elastic_net,1,0.9995037317276001,0.6053668856620789,full_discovery_fixed_200
TCGA_to_GEO,GSE26682,GSM656546,target_cohort_adaptive_zscore,elastic_net,0,0.0057195257395505905,0.6053668856620789,full_discovery_fixed_200
TCGA_to_GEO,GSE26682,GSM656548,target_cohort_adaptive_zscore,elastic_net,0,0.004248942714184523,0.6053668856620789,full_discovery_fixed_200
TCGA_to_GEO,GSE26682,GSM656550,target_cohort_adaptive_zscore,elastic_net,0,0.052314549684524536,0.6053668856620789,full_discovery_fixed_200
TCGA_to_GEO,GSE26682,GSM656552,target_cohort_adaptive_zscore,elastic_net,0,0.011925030499696732,0.6053668856620789,full_discovery_fixed_200
TCGA_to_GEO,GSE26682,GSM656553,target_cohort_adaptive_zscore,elastic_net,0,0.175147145986557,0.6053668856620789,full_discovery_fixed_200
TCGA_to_GEO,GSE26682,GSM656555,target_cohort_adaptive_zscore,elastic_net,0,0.3092721998691559,0.6053668856620789,full_discovery_fixed_200
TCGA_to_GEO,GSE26682,GSM656556,target_cohort_adaptive_zscore,elastic_net,0,0.1265498399734497,0.6053668856620789,full_discovery_fixed_200
TCGA_to_GEO,GSE26682,GSM656557,target_cohort_adaptive_zscore,elastic_net,0,0.6556009650230408,0.6053668856620789,full_discovery_fixed_200
TCGA_to_GEO,GSE26682,GSM656558,target_cohort_adaptive_zscore,elastic_net,0,0.04422583058476448,0.6053668856620789,full_discovery_fixed_200
TCGA_to_GEO,GSE26682,GSM656559,target_cohort_adaptive_zscore,elastic_net,1,0.9974541068077087,0.6053668856620789,full_discovery_fixed_200
TCGA_to_GEO,GSE26682,GSM656560,target_cohort_adaptive_zscore,elastic_net,0,0.0111226262524724,0.6053668856620789,full_discovery_fixed_200
TCGA_to_GEO,GSE26682,GSM656561,target_cohort_adaptive_zscore,elastic_net,0,0.016742920503020287,0.6053668856620789,full_discovery_fixed_200
TCGA_to_GEO,GSE26682,GSM656567,target_cohort_adaptive_zscore,elastic_net,0,0.018829993903636932,0.6053668856620789,full_discovery_fixed_200
TCGA_to_GEO,GSE26682,GSM656568,target_cohort_adaptive_zscore,elastic_net,0,0.0014523371355608106,0.6053668856620789,full_discovery_fixed_200
TCGA_to_GEO,GSE26682,GSM656569,target_cohort_adaptive_zscore,elastic_net,0,0.0009139063768088818,0.6053668856620789,full_discovery_fixed_200
TCGA_to_GEO,GSE26682,GSM656570,target_cohort_adaptive_zscore,elastic_net,0,0.19862453639507294,0.6053668856620789,full_discovery_fixed_200
TCGA_to_GEO,GSE26682,GSM656574,target_cohort_adaptive_zscore,elastic_net,0,0.0014365529641509056,0.6053668856620789,full_discovery_fixed_200
TCGA_to_GEO,GSE26682,GSM656580,target_cohort_adaptive_zscore,elastic_net,0,0.002384957391768694,0.6053668856620789,full_discovery_fixed_200
TCGA_to_GEO,GSE26682,GSM656582,target_cohort_adaptive_zscore,elastic_net,0,0.002491195220500231,0.6053668856620789,full_discovery_fixed_200
TCGA_to_GEO,GSE26682,GSM656583,target_cohort_adaptive_zscore,elastic_net,1,0.891106367111206,0.6053668856620789,full_discovery_fixed_200
TCGA_to_GEO,GSE26682,GSM656584,target_cohort_adaptive_zscore,elastic_net,0,0.08407805860042572,0.6053668856620789,full_discovery_fixed_200
TCGA_to_GEO,GSE26682,GSM656585,target_cohort_adaptive_zscore,elastic_net,0,0.2230222225189209,0.6053668856620789,full_discovery_fixed_200
TCGA_to_GEO,GSE26682,GSM656586,target_cohort_adaptive_zscore,elastic_net,0,0.4810582995414734,0.6053668856620789,full_discovery_fixed_200
TCGA_to_GEO,GSE26682,GSM656587,target_cohort_adaptive_zscore,elastic_net,0,0.9378074407577515,0.6053668856620789,full_discovery_fixed_200
TCGA_to_GEO,GSE26682,GSM656590,target_cohort_adaptive_zscore,elastic_net,1,0.9769796133041382,0.6053668856620789,full_discovery_fixed_200
TCGA_to_GEO,GSE26682,GSM656592,target_cohort_adaptive_zscore,elastic_net,0,0.002904981840401888,0.6053668856620789,full_discovery_fixed_200
TCGA_to_GEO,GSE26682,GSM656596,target_cohort_adaptive_zscore,elastic_net,0,0.002999791642650962,0.6053668856620789,full_discovery_fixed_200
TCGA_to_GEO,GSE26682,GSM656598,target_cohort_adaptive_zscore,elastic_net,0,0.03437555208802223,0.6053668856620789,full_discovery_fixed_200
TCGA_to_GEO,GSE26682,GSM656601,target_cohort_adaptive_zscore,elastic_net,0,0.007274902891367674,0.6053668856620789,full_discovery_fixed_200
TCGA_to_GEO,GSE26682,GSM656603,target_cohort_adaptive_zscore,elastic_net,1,0.9997956156730652,0.6053668856620789,full_discovery_fixed_200
TCGA_to_GEO,GSE26682,GSM656612,target_cohort_adaptive_zscore,elastic_net,1,0.9859681129455566,0.6053668856620789,full_discovery_fixed_200
TCGA_to_GEO,GSE26682,GSM656613,target_cohort_adaptive_zscore,elastic_net,0,0.02818063274025917,0.6053668856620789,full_discovery_fixed_200
TCGA_to_GEO,GSE26682,GSM656617,target_cohort_adaptive_zscore,elastic_net,0,0.4599383771419525,0.6053668856620789,full_discovery_fixed_200
TCGA_to_GEO,GSE26682,GSM656618,target_cohort_adaptive_zscore,elastic_net,0,0.0007209850591607392,0.6053668856620789,full_discovery_fixed_200
TCGA_to_GEO,GSE26682,GSM656625,target_cohort_adaptive_zscore,elastic_net,0,0.16819849610328674,0.6053668856620789,full_discovery_fixed_200
TCGA_to_GEO,GSE26682,GSM656634,target_cohort_adaptive_zscore,elastic_net,0,0.19538721442222595,0.6053668856620789,full_discovery_fixed_200
TCGA_to_GEO,GSE26682,GSM656635,target_cohort_adaptive_zscore,elastic_net,0,0.00628984859213233,0.6053668856620789,full_discovery_fixed_200
TCGA_to_GEO,GSE26682,GSM656636,target_cohort_adaptive_zscore,elastic_net,0,0.0008112418581731617,0.6053668856620789,full_discovery_fixed_200
TCGA_to_GEO,GSE26682,GSM656639,target_cohort_adaptive_zscore,elastic_net,0,0.019633717834949493,0.6053668856620789,full_discovery_fixed_200
TCGA_to_GEO,GSE26682,GSM656640,target_cohort_adaptive_zscore,elastic_net,0,0.09124907851219177,0.6053668856620789,full_discovery_fixed_200
TCGA_to_GEO,GSE26682,GSM656642,target_cohort_adaptive_zscore,elastic_net,0,0.0783463791012764,0.6053668856620789,full_discovery_fixed_200
TCGA_to_GEO,GSE26682,GSM656644,target_cohort_adaptive_zscore,elastic_net,0,0.012644329108297825,0.6053668856620789,full_discovery_fixed_200
TCGA_to_GEO,GSE26682,GSM656657,target_cohort_adaptive_zscore,elastic_net,0,0.349599689245224,0.6053668856620789,full_discovery_fixed_200
TCGA_to_GEO,GSE26682,GSM656662,target_cohort_adaptive_zscore,elastic_net,0,0.04208782687783241,0.6053668856620789,full_discovery_fixed_200
TCGA_to_GEO,GSE26682,GSM656663,target_cohort_adaptive_zscore,elastic_net,0,0.03245067223906517,0.6053668856620789,full_discovery_fixed_200
TCGA_to_GEO,GSE26682,GSM656669,target_cohort_adaptive_zscore,elastic_net,1,0.9999617338180542,0.6053668856620789,full_discovery_fixed_200
TCGA_to_GEO,GSE26682,GSM656672,target_cohort_adaptive_zscore,elastic_net,0,0.012779499404132366,0.6053668856620789,full_discovery_fixed_200
TCGA_to_GEO,GSE26682,GSM656675,target_cohort_adaptive_zscore,elastic_net,0,0.016768138855695724,0.6053668856620789,full_discovery_fixed_200
TCGA_to_GEO,GSE26682,GSM656676,target_cohort_adaptive_zscore,elastic_net,0,0.02174627035856247,0.6053668856620789,full_discovery_fixed_200
TCGA_to_GEO,GSE26682,GSM656678,target_cohort_adaptive_zscore,elastic_net,0,0.04188535735011101,0.6053668856620789,full_discovery_fixed_200
TCGA_to_GEO,GSE26682,GSM656679,target_cohort_adaptive_zscore,elastic_net,1,0.9985028505325317,0.6053668856620789,full_discovery_fixed_200
TCGA_to_GEO,GSE26682,GSM656683,target_cohort_adaptive_zscore,elastic_net,0,0.01794508844614029,0.6053668856620789,full_discovery_fixed_200
TCGA_to_GEO,GSE26682,GSM656687,target_cohort_adaptive_zscore,elastic_net,0,0.8350595831871033,0.6053668856620789,full_discovery_fixed_200
TCGA_to_GEO,GSE26682,GSM656691,target_cohort_adaptive_zscore,elastic_net,0,0.1998555064201355,0.6053668856620789,full_discovery_fixed_200
TCGA_to_GEO,GSE26682,GSM656692,target_cohort_adaptive_zscore,elastic_net,0,0.21220900118350983,0.6053668856620789,full_discovery_fixed_200
TCGA_to_GEO,GSE26682,GSM656693,target_cohort_adaptive_zscore,elastic_net,0,0.018552372232079506,0.6053668856620789,full_discovery_fixed_200
TCGA_to_GEO,GSE26682,GSM656695,target_cohort_adaptive_zscore,elastic_net,0,0.006296850275248289,0.6053668856620789,full_discovery_fixed_200
TCGA_to_GEO,GSE26682,GSM656698,target_cohort_adaptive_zscore,elastic_net,0,0.04386701062321663,0.6053668856620789,full_discovery_fixed_200
TCGA_to_GEO,GSE26682,GSM656699,target_cohort_adaptive_zscore,elastic_net,0,0.01809658110141754,0.6053668856620789,full_discovery_fixed_200
TCGA_to_GEO,GSE26682,GSM656700,target_cohort_adaptive_zscore,elastic_net,0,0.05023480951786041,0.6053668856620789,full_discovery_fixed_200
TCGA_to_GEO,GSE26682,GSM656701,target_cohort_adaptive_zscore,elastic_net,0,0.029903164133429527,0.6053668856620789,full_discovery_fixed_200
TCGA_to_GEO,GSE26682,GSM656702,target_cohort_adaptive_zscore,elastic_net,0,0.032307177782058716,0.6053668856620789,full_discovery_fixed_200
TCGA_to_GEO,GSE26682,GSM656703,target_cohort_adaptive_zscore,elastic_net,0,0.0021883193403482437,0.6053668856620789,full_discovery_fixed_200
TCGA_to_GEO,GSE26682,GSM656704,target_cohort_adaptive_zscore,elastic_net,0,0.004618757404386997,0.6053668856620789,full_discovery_fixed_200
TCGA_to_GEO,GSE26682,GSM656705,target_cohort_adaptive_zscore,elastic_net,0,0.8272802829742432,0.6053668856620789,full_discovery_fixed_200
TCGA_to_GEO,GSE26682,GSM656707,target_cohort_adaptive_zscore,elastic_net,0,0.19737650454044342,0.6053668856620789,full_discovery_fixed_200
TCGA_to_GEO,GSE26682,GSM656710,target_cohort_adaptive_zscore,elastic_net,0,0.05151193216443062,0.6053668856620789,full_discovery_fixed_200
TCGA_to_GEO,GSE26682,GSM656711,target_cohort_adaptive_zscore,elastic_net,0,0.42234840989112854,0.6053668856620789,full_discovery_fixed_200
TCGA_to_GEO,GSE26682,GSM656714,target_cohort_adaptive_zscore,elastic_net,0,0.002318895887583494,0.6053668856620789,full_discovery_fixed_200
TCGA_to_GEO,GSE26682,GSM656715,target_cohort_adaptive_zscore,elastic_net,0,0.38055557012557983,0.6053668856620789,full_discovery_fixed_200
TCGA_to_GEO,GSE26682,GSM656720,target_cohort_adaptive_zscore,elastic_net,0,0.002458334667608142,0.6053668856620789,full_discovery_fixed_200
TCGA_to_GEO,GSE26682,GSM656721,target_cohort_adaptive_zscore,elastic_net,0,0.007859825156629086,0.6053668856620789,full_discovery_fixed_200
TCGA_to_GEO,GSE26682,GSM656726,target_cohort_adaptive_zscore,elastic_net,0,0.5734866261482239,0.6053668856620789,full_discovery_fixed_200
TCGA_to_GEO,GSE26682,GSM656732,target_cohort_adaptive_zscore,elastic_net,0,0.005785600747913122,0.6053668856620789,full_discovery_fixed_200
TCGA_to_GEO,GSE26682,GSM656735,target_cohort_adaptive_zscore,elastic_net,0,0.0019255522638559341,0.6053668856620789,full_discovery_fixed_200
TCGA_to_GEO,GSE26682,GSM656736,target_cohort_adaptive_zscore,elastic_net,1,0.9708243608474731,0.6053668856620789,full_discovery_fixed_200
TCGA_to_GEO,GSE26682,GSM656737,target_cohort_adaptive_zscore,elastic_net,0,0.12297181785106659,0.6053668856620789,full_discovery_fixed_200
TCGA_to_GEO,GSE26682,GSM656739,target_cohort_adaptive_zscore,elastic_net,0,0.02264433354139328,0.6053668856620789,full_discovery_fixed_200
TCGA_to_GEO,GSE26682,GSM656742,target_cohort_adaptive_zscore,elastic_net,0,0.005201404914259911,0.6053668856620789,full_discovery_fixed_200
TCGA_to_GEO,GSE26682,GSM656749,target_cohort_adaptive_zscore,elastic_net,0,0.031992241740226746,0.6053668856620789,full_discovery_fixed_200
TCGA_to_GEO,GSE26682,GSM656768,target_cohort_adaptive_zscore,elastic_net,0,0.001179531216621399,0.6053668856620789,full_discovery_fixed_200
TCGA_to_GEO,GSE26682,GSM656769,target_cohort_adaptive_zscore,elastic_net,0,0.0009376263478770852,0.6053668856620789,full_discovery_fixed_200
TCGA_to_GEO,GSE26682,GSM656770,target_cohort_adaptive_zscore,elastic_net,0,0.09486573189496994,0.6053668856620789,full_discovery_fixed_200
TCGA_to_GEO,GSE26682,GSM656772,target_cohort_adaptive_zscore,elastic_net,0,0.027892401441931725,0.6053668856620789,full_discovery_fixed_200
TCGA_to_GEO,GSE26682,GSM656775,target_cohort_adaptive_zscore,elastic_net,0,0.004404127597808838,0.6053668856620789,full_discovery_fixed_200
TCGA_to_GEO,GSE26682,GSM656776,target_cohort_adaptive_zscore,elastic_net,0,0.062115397304296494,0.6053668856620789,full_discovery_fixed_200
TCGA_to_GEO,GSE26682,GSM656777,target_cohort_adaptive_zscore,elastic_net,0,0.06401437520980835,0.6053668856620789,full_discovery_fixed_200
TCGA_to_GEO,GSE26682,GSM656783,target_cohort_adaptive_zscore,elastic_net,0,0.07611224055290222,0.6053668856620789,full_discovery_fixed_200
TCGA_to_GEO,GSE26682,GSM656785,target_cohort_adaptive_zscore,elastic_net,0,0.20320436358451843,0.6053668856620789,full_discovery_fixed_200
TCGA_to_GEO,GSE26682,GSM656787,target_cohort_adaptive_zscore,elastic_net,0,0.22679319977760315,0.6053668856620789,full_discovery_fixed_200
TCGA_to_GEO,GSE26682,GSM656794,target_cohort_adaptive_zscore,elastic_net,0,0.011251752264797688,0.6053668856620789,full_discovery_fixed_200
TCGA_to_GEO,GSE26682,GSM656800,target_cohort_adaptive_zscore,elastic_net,0,0.022770840674638748,0.6053668856620789,full_discovery_fixed_200
TCGA_to_GEO,GSE26682,GSM656803,target_cohort_adaptive_zscore,elastic_net,0,0.021473471075296402,0.6053668856620789,full_discovery_fixed_200
TCGA_to_GEO,GSE26682,GSM656804,target_cohort_adaptive_zscore,elastic_net,0,0.01688806153833866,0.6053668856620789,full_discovery_fixed_200
TCGA_to_GEO,GSE26682,GSM656806,target_cohort_adaptive_zscore,elastic_net,0,0.10008920729160309,0.6053668856620789,full_discovery_fixed_200
TCGA_to_GEO,GSE26682,GSM656809,target_cohort_adaptive_zscore,elastic_net,0,0.0016541145741939545,0.6053668856620789,full_discovery_fixed_200
TCGA_to_GEO,GSE26682,GSM656811,target_cohort_adaptive_zscore,elastic_net,0,0.04651321470737457,0.6053668856620789,full_discovery_fixed_200
TCGA_to_GEO,GSE26682,GSM656816,target_cohort_adaptive_zscore,elastic_net,0,0.7156951427459717,0.6053668856620789,full_discovery_fixed_200
TCGA_to_GEO,GSE26682,GSM656819,target_cohort_adaptive_zscore,elastic_net,0,0.0033784613478928804,0.6053668856620789,full_discovery_fixed_200
TCGA_to_GEO,GSE26682,GSM656820,target_cohort_adaptive_zscore,elastic_net,1,0.9993680119514465,0.6053668856620789,full_discovery_fixed_200
TCGA_to_GEO,GSE26682,GSM656822,target_cohort_adaptive_zscore,elastic_net,0,0.9744555950164795,0.6053668856620789,full_discovery_fixed_200
TCGA_to_GEO,GSE26682,GSM656824,target_cohort_adaptive_zscore,elastic_net,0,0.07187280058860779,0.6053668856620789,full_discovery_fixed_200
TCGA_to_GEO,GSE26682,GSM656825,target_cohort_adaptive_zscore,elastic_net,0,0.03628126159310341,0.6053668856620789,full_discovery_fixed_200
TCGA_to_GEO,GSE26682,GSM656830,target_cohort_adaptive_zscore,elastic_net,0,0.00788364838808775,0.6053668856620789,full_discovery_fixed_200
TCGA_to_GEO,GSE26682,GSM656831,target_cohort_adaptive_zscore,elastic_net,0,0.02911422587931156,0.6053668856620789,full_discovery_fixed_200
TCGA_to_GEO,GSE26682,GSM656832,target_cohort_adaptive_zscore,elastic_net,0,0.0010389309609308839,0.6053668856620789,full_discovery_fixed_200
TCGA_to_GEO,GSE26682,GSM656833,target_cohort_adaptive_zscore,elastic_net,0,0.05199984833598137,0.6053668856620789,full_discovery_fixed_200
TCGA_to_GEO,GSE26682,GSM656834,target_cohort_adaptive_zscore,elastic_net,0,0.01099743414670229,0.6053668856620789,full_discovery_fixed_200
TCGA_to_GEO,GSE26682,GSM656836,target_cohort_adaptive_zscore,elastic_net,0,0.049554504454135895,0.6053668856620789,full_discovery_fixed_200
TCGA_to_GEO,GSE26682,GSM656837,target_cohort_adaptive_zscore,elastic_net,1,0.999972939491272,0.6053668856620789,full_discovery_fixed_200
TCGA_to_GEO,GSE26682,GSM656840,target_cohort_adaptive_zscore,elastic_net,0,0.009369201958179474,0.6053668856620789,full_discovery_fixed_200
TCGA_to_GEO,GSE26682,GSM656841,target_cohort_adaptive_zscore,elastic_net,0,0.7807788848876953,0.6053668856620789,full_discovery_fixed_200
TCGA_to_GEO,GSE26682,GSM656842,target_cohort_adaptive_zscore,elastic_net,1,0.9998989105224609,0.6053668856620789,full_discovery_fixed_200
TCGA_to_GEO,GSE26682,GSM656843,target_cohort_adaptive_zscore,elastic_net,0,0.009183457121253014,0.6053668856620789,full_discovery_fixed_200
TCGA_to_GEO,GSE26682,GSM656845,target_cohort_adaptive_zscore,elastic_net,0,0.2364739328622818,0.6053668856620789,full_discovery_fixed_200
TCGA_to_GEO,GSE26682,GSM656846,target_cohort_adaptive_zscore,elastic_net,0,0.4147396981716156,0.6053668856620789,full_discovery_fixed_200
TCGA_to_GEO,GSE26682,GSM656847,target_cohort_adaptive_zscore,elastic_net,0,0.0974510908126831,0.6053668856620789,full_discovery_fixed_200
TCGA_to_GEO,GSE26682,GSM656849,target_cohort_adaptive_zscore,elastic_net,1,0.9999239444732666,0.6053668856620789,full_discovery_fixed_200
TCGA_to_GEO,GSE26682,GSM656850,target_cohort_adaptive_zscore,elastic_net,1,0.06000664830207825,0.6053668856620789,full_discovery_fixed_200
TCGA_to_GEO,GSE26682,GSM656851,target_cohort_adaptive_zscore,elastic_net,1,0.960162341594696,0.6053668856620789,full_discovery_fixed_200
TCGA_to_GEO,GSE26682,GSM656853,target_cohort_adaptive_zscore,elastic_net,0,0.10757990926504135,0.6053668856620789,full_discovery_fixed_200
TCGA_to_GEO,GSE26682,GSM656854,target_cohort_adaptive_zscore,elastic_net,1,0.9998205304145813,0.6053668856620789,full_discovery_fixed_200
TCGA_to_GEO,GSE26682,GSM656857,target_cohort_adaptive_zscore,elastic_net,0,0.052396904677152634,0.6053668856620789,full_discovery_fixed_200
TCGA_to_GEO,GSE26682,GSM656858,target_cohort_adaptive_zscore,elastic_net,0,0.03062775917351246,0.6053668856620789,full_discovery_fixed_200
TCGA_to_GEO,GSE26682,GSM656859,target_cohort_adaptive_zscore,elastic_net,0,0.7693598866462708,0.6053668856620789,full_discovery_fixed_200
TCGA_to_GEO,GSE26682,GSM656860,target_cohort_adaptive_zscore,elastic_net,0,0.8823179602622986,0.6053668856620789,full_discovery_fixed_200
TCGA_to_GEO,GSE26682,GSM656861,target_cohort_adaptive_zscore,elastic_net,0,0.002799068344756961,0.6053668856620789,full_discovery_fixed_200
TCGA_to_GEO,GSE26682,GSM656863,target_cohort_adaptive_zscore,elastic_net,0,0.006757626309990883,0.6053668856620789,full_discovery_fixed_200
TCGA_to_GEO,GSE26682,GSM656864,target_cohort_adaptive_zscore,elastic_net,1,0.9985074400901794,0.6053668856620789,full_discovery_fixed_200
TCGA_to_GEO,GSE26682,GSM656865,target_cohort_adaptive_zscore,elastic_net,1,0.14585357904434204,0.6053668856620789,full_discovery_fixed_200
TCGA_to_GEO,GSE26682,GSM656867,target_cohort_adaptive_zscore,elastic_net,0,0.07987325638532639,0.6053668856620789,full_discovery_fixed_200
TCGA_to_GEO,GSE26682,GSM656868,target_cohort_adaptive_zscore,elastic_net,0,0.12148923426866531,0.6053668856620789,full_discovery_fixed_200
TCGA_to_GEO,GSE26682,GSM656869,target_cohort_adaptive_zscore,elastic_net,0,0.007118226028978825,0.6053668856620789,full_discovery_fixed_200
TCGA_to_GEO,GSE26682,GSM656870,target_cohort_adaptive_zscore,elastic_net,0,0.005002337042242289,0.6053668856620789,full_discovery_fixed_200
TCGA_to_GEO,GSE39084,GSM955440,target_cohort_adaptive_zscore,elastic_net,0,0.026294901967048645,0.6053668856620789,full_discovery_fixed_200
TCGA_to_GEO,GSE39084,GSM955441,target_cohort_adaptive_zscore,elastic_net,0,0.0005366043769754469,0.6053668856620789,full_discovery_fixed_200
TCGA_to_GEO,GSE39084,GSM955442,target_cohort_adaptive_zscore,elastic_net,0,0.15767091512680054,0.6053668856620789,full_discovery_fixed_200
TCGA_to_GEO,GSE39084,GSM955443,target_cohort_adaptive_zscore,elastic_net,0,0.001195324119180441,0.6053668856620789,full_discovery_fixed_200
TCGA_to_GEO,GSE39084,GSM955444,target_cohort_adaptive_zscore,elastic_net,0,0.0738425925374031,0.6053668856620789,full_discovery_fixed_200
TCGA_to_GEO,GSE39084,GSM955445,target_cohort_adaptive_zscore,elastic_net,0,0.0004402552731335163,0.6053668856620789,full_discovery_fixed_200
TCGA_to_GEO,GSE39084,GSM955446,target_cohort_adaptive_zscore,elastic_net,0,0.0035201471764594316,0.6053668856620789,full_discovery_fixed_200
TCGA_to_GEO,GSE39084,GSM955447,target_cohort_adaptive_zscore,elastic_net,1,0.8429428339004517,0.6053668856620789,full_discovery_fixed_200
TCGA_to_GEO,GSE39084,GSM955448,target_cohort_adaptive_zscore,elastic_net,1,0.995974600315094,0.6053668856620789,full_discovery_fixed_200
TCGA_to_GEO,GSE39084,GSM955449,target_cohort_adaptive_zscore,elastic_net,0,0.0016400526510551572,0.6053668856620789,full_discovery_fixed_200
TCGA_to_GEO,GSE39084,GSM955450,target_cohort_adaptive_zscore,elastic_net,0,0.0005239297170192003,0.6053668856620789,full_discovery_fixed_200
TCGA_to_GEO,GSE39084,GSM955451,target_cohort_adaptive_zscore,elastic_net,0,0.0005591576918959618,0.6053668856620789,full_discovery_fixed_200
TCGA_to_GEO,GSE39084,GSM955452,target_cohort_adaptive_zscore,elastic_net,0,0.0037243333645164967,0.6053668856620789,full_discovery_fixed_200
TCGA_to_GEO,GSE39084,GSM955453,target_cohort_adaptive_zscore,elastic_net,0,0.0003189285926055163,0.6053668856620789,full_discovery_fixed_200
TCGA_to_GEO,GSE39084,GSM955455,target_cohort_adaptive_zscore,elastic_net,0,0.627854585647583,0.6053668856620789,full_discovery_fixed_200
TCGA_to_GEO,GSE39084,GSM955456,target_cohort_adaptive_zscore,elastic_net,0,0.0012259036302566528,0.6053668856620789,full_discovery_fixed_200
TCGA_to_GEO,GSE39084,GSM955457,target_cohort_adaptive_zscore,elastic_net,0,0.3911520838737488,0.6053668856620789,full_discovery_fixed_200
TCGA_to_GEO,GSE39084,GSM955458,target_cohort_adaptive_zscore,elastic_net,1,0.8594657182693481,0.6053668856620789,full_discovery_fixed_200
TCGA_to_GEO,GSE39084,GSM955459,target_cohort_adaptive_zscore,elastic_net,1,0.9943588376045227,0.6053668856620789,full_discovery_fixed_200
TCGA_to_GEO,GSE39084,GSM955460,target_cohort_adaptive_zscore,elastic_net,1,0.893820583820343,0.6053668856620789,full_discovery_fixed_200
TCGA_to_GEO,GSE39084,GSM955461,target_cohort_adaptive_zscore,elastic_net,1,0.09391670674085617,0.6053668856620789,full_discovery_fixed_200
TCGA_to_GEO,GSE39084,GSM955462,target_cohort_adaptive_zscore,elastic_net,0,0.08811821788549423,0.6053668856620789,full_discovery_fixed_200
TCGA_to_GEO,GSE39084,GSM955463,target_cohort_adaptive_zscore,elastic_net,0,0.07018163055181503,0.6053668856620789,full_discovery_fixed_200
TCGA_to_GEO,GSE39084,GSM955464,target_cohort_adaptive_zscore,elastic_net,0,0.0073736184276640415,0.6053668856620789,full_discovery_fixed_200
TCGA_to_GEO,GSE39084,GSM955466,target_cohort_adaptive_zscore,elastic_net,1,0.8167259097099304,0.6053668856620789,full_discovery_fixed_200
TCGA_to_GEO,GSE39084,GSM955467,target_cohort_adaptive_zscore,elastic_net,1,0.8328229188919067,0.6053668856620789,full_discovery_fixed_200
TCGA_to_GEO,GSE39084,GSM955468,target_cohort_adaptive_zscore,elastic_net,1,0.999782383441925,0.6053668856620789,full_discovery_fixed_200
TCGA_to_GEO,GSE39084,GSM955469,target_cohort_adaptive_zscore,elastic_net,1,0.9913344979286194,0.6053668856620789,full_discovery_fixed_200
TCGA_to_GEO,GSE39084,GSM955470,target_cohort_adaptive_zscore,elastic_net,1,0.9995410442352295,0.6053668856620789,full_discovery_fixed_200
TCGA_to_GEO,GSE39084,GSM955471,target_cohort_adaptive_zscore,elastic_net,1,0.9992431402206421,0.6053668856620789,full_discovery_fixed_200
TCGA_to_GEO,GSE39084,GSM955472,target_cohort_adaptive_zscore,elastic_net,1,0.9683687090873718,0.6053668856620789,full_discovery_fixed_200
TCGA_to_GEO,GSE39084,GSM955473,target_cohort_adaptive_zscore,elastic_net,1,0.9965479969978333,0.6053668856620789,full_discovery_fixed_200
TCGA_to_GEO,GSE39084,GSM955474,target_cohort_adaptive_zscore,elastic_net,0,0.06636899709701538,0.6053668856620789,full_discovery_fixed_200
TCGA_to_GEO,GSE39084,GSM955475,target_cohort_adaptive_zscore,elastic_net,0,0.15125486254692078,0.6053668856620789,full_discovery_fixed_200
TCGA_to_GEO,GSE39084,GSM955476,target_cohort_adaptive_zscore,elastic_net,0,0.042538873851299286,0.6053668856620789,full_discovery_fixed_200
TCGA_to_GEO,GSE39084,GSM955477,target_cohort_adaptive_zscore,elastic_net,0,0.9580932259559631,0.6053668856620789,full_discovery_fixed_200
TCGA_to_GEO,GSE39084,GSM955478,target_cohort_adaptive_zscore,elastic_net,0,0.04349880665540695,0.6053668856620789,full_discovery_fixed_200
TCGA_to_GEO,GSE39084,GSM955479,target_cohort_adaptive_zscore,elastic_net,0,0.02519848756492138,0.6053668856620789,full_discovery_fixed_200
TCGA_to_GEO,GSE39084,GSM955480,target_cohort_adaptive_zscore,elastic_net,0,0.005359499715268612,0.6053668856620789,full_discovery_fixed_200
TCGA_to_GEO,GSE39084,GSM955482,target_cohort_adaptive_zscore,elastic_net,0,0.0040482715703547,0.6053668856620789,full_discovery_fixed_200
TCGA_to_GEO,GSE39084,GSM955483,target_cohort_adaptive_zscore,elastic_net,0,0.03344482555985451,0.6053668856620789,full_discovery_fixed_200
TCGA_to_GEO,GSE39084,GSM955484,target_cohort_adaptive_zscore,elastic_net,0,0.0016768944915384054,0.6053668856620789,full_discovery_fixed_200
TCGA_to_GEO,GSE39084,GSM955485,target_cohort_adaptive_zscore,elastic_net,0,0.024994857609272003,0.6053668856620789,full_discovery_fixed_200
TCGA_to_GEO,GSE39084,GSM955486,target_cohort_adaptive_zscore,elastic_net,0,0.023759974166750908,0.6053668856620789,full_discovery_fixed_200
TCGA_to_GEO,GSE39084,GSM955487,target_cohort_adaptive_zscore,elastic_net,0,0.1720026582479477,0.6053668856620789,full_discovery_fixed_200
TCGA_to_GEO,GSE39084,GSM955488,target_cohort_adaptive_zscore,elastic_net,0,0.4140665829181671,0.6053668856620789,full_discovery_fixed_200
TCGA_to_GEO,GSE39084,GSM955489,target_cohort_adaptive_zscore,elastic_net,0,0.01912579871714115,0.6053668856620789,full_discovery_fixed_200
TCGA_to_GEO,GSE39084,GSM955490,target_cohort_adaptive_zscore,elastic_net,0,0.0012017241679131985,0.6053668856620789,full_discovery_fixed_200
TCGA_to_GEO,GSE39084,GSM955491,target_cohort_adaptive_zscore,elastic_net,0,0.01410948671400547,0.6053668856620789,full_discovery_fixed_200
TCGA_to_GEO,GSE39084,GSM955492,target_cohort_adaptive_zscore,elastic_net,0,0.0016250035259872675,0.6053668856620789,full_discovery_fixed_200
TCGA_to_GEO,GSE39084,GSM955493,target_cohort_adaptive_zscore,elastic_net,0,0.0021729201544076204,0.6053668856620789,full_discovery_fixed_200
TCGA_to_GEO,GSE39084,GSM955494,target_cohort_adaptive_zscore,elastic_net,0,0.18615278601646423,0.6053668856620789,full_discovery_fixed_200
TCGA_to_GEO,GSE39084,GSM955495,target_cohort_adaptive_zscore,elastic_net,0,0.08026009052991867,0.6053668856620789,full_discovery_fixed_200
TCGA_to_GEO,GSE39084,GSM955496,target_cohort_adaptive_zscore,elastic_net,0,0.00365295703522861,0.6053668856620789,full_discovery_fixed_200
TCGA_to_GEO,GSE39084,GSM955497,target_cohort_adaptive_zscore,elastic_net,0,0.001703851972706616,0.6053668856620789,full_discovery_fixed_200
TCGA_to_GEO,GSE39084,GSM955498,target_cohort_adaptive_zscore,elastic_net,0,0.0034287304151803255,0.6053668856620789,full_discovery_fixed_200
TCGA_to_GEO,GSE39084,GSM955499,target_cohort_adaptive_zscore,elastic_net,0,0.12498757243156433,0.6053668856620789,full_discovery_fixed_200
TCGA_to_GEO,GSE39084,GSM955500,target_cohort_adaptive_zscore,elastic_net,0,0.7037664651870728,0.6053668856620789,full_discovery_fixed_200
TCGA_to_GEO,GSE39084,GSM955501,target_cohort_adaptive_zscore,elastic_net,0,0.04980569705367088,0.6053668856620789,full_discovery_fixed_200
TCGA_to_GEO,GSE39084,GSM955502,target_cohort_adaptive_zscore,elastic_net,0,0.16186991333961487,0.6053668856620789,full_discovery_fixed_200
TCGA_to_GEO,GSE39084,GSM955503,target_cohort_adaptive_zscore,elastic_net,0,0.03575259819626808,0.6053668856620789,full_discovery_fixed_200
TCGA_to_GEO,GSE39084,GSM955504,target_cohort_adaptive_zscore,elastic_net,0,0.7849704623222351,0.6053668856620789,full_discovery_fixed_200
TCGA_to_GEO,GSE39084,GSM955505,target_cohort_adaptive_zscore,elastic_net,0,0.027953194454312325,0.6053668856620789,full_discovery_fixed_200
TCGA_to_GEO,GSE39084,GSM955506,target_cohort_adaptive_zscore,elastic_net,0,0.0003636424371507019,0.6053668856620789,full_discovery_fixed_200
TCGA_to_GEO,GSE39084,GSM955507,target_cohort_adaptive_zscore,elastic_net,0,0.0012792308116331697,0.6053668856620789,full_discovery_fixed_200
TCGA_to_GEO,GSE39084,GSM955508,target_cohort_adaptive_zscore,elastic_net,1,0.9998825788497925,0.6053668856620789,full_discovery_fixed_200
TCGA_to_GEO,GSE39084,GSM955509,target_cohort_adaptive_zscore,elastic_net,1,0.570258617401123,0.6053668856620789,full_discovery_fixed_200
discovery_nested_oof,TCGA_COAD,TCGA-A6-2671-01A,target_cohort_adaptive_zscore,svm_rbf,0,0.019474930658195243,0.4649205559289358,outer_fold_nested_fixed_200
discovery_nested_oof,TCGA_COAD,TCGA-A6-2672-01A,target_cohort_adaptive_zscore,svm_rbf,1,0.9926298082064057,0.4649205559289358,outer_fold_nested_fixed_200
discovery_nested_oof,TCGA_COAD,TCGA-A6-2674-01A,target_cohort_adaptive_zscore,svm_rbf,0,0.4663469038854265,0.4649205559289358,outer_fold_nested_fixed_200
discovery_nested_oof,TCGA_COAD,TCGA-A6-2676-01A,target_cohort_adaptive_zscore,svm_rbf,1,0.9972262632480342,0.4649205559289358,outer_fold_nested_fixed_200
discovery_nested_oof,TCGA_COAD,TCGA-A6-2677-01A,target_cohort_adaptive_zscore,svm_rbf,0,0.3384452135569567,0.4649205559289358,outer_fold_nested_fixed_200
discovery_nested_oof,TCGA_COAD,TCGA-A6-2678-01A,target_cohort_adaptive_zscore,svm_rbf,0,0.017398336965837008,0.4649205559289358,outer_fold_nested_fixed_200
discovery_nested_oof,TCGA_COAD,TCGA-A6-2679-01A,target_cohort_adaptive_zscore,svm_rbf,0,0.10391482051018804,0.4649205559289358,outer_fold_nested_fixed_200
discovery_nested_oof,TCGA_COAD,TCGA-A6-2680-01A,target_cohort_adaptive_zscore,svm_rbf,0,0.0004608039274144164,0.4649205559289358,outer_fold_nested_fixed_200
discovery_nested_oof,TCGA_COAD,TCGA-A6-2681-01A,target_cohort_adaptive_zscore,svm_rbf,0,0.007818916270248952,0.4649205559289358,outer_fold_nested_fixed_200
discovery_nested_oof,TCGA_COAD,TCGA-A6-2682-01A,target_cohort_adaptive_zscore,svm_rbf,0,0.0008139968667436446,0.4649205559289358,outer_fold_nested_fixed_200
discovery_nested_oof,TCGA_COAD,TCGA-A6-2685-01A,target_cohort_adaptive_zscore,svm_rbf,0,0.011155322246339567,0.4649205559289358,outer_fold_nested_fixed_200
discovery_nested_oof,TCGA_COAD,TCGA-A6-2686-01A,target_cohort_adaptive_zscore,svm_rbf,1,0.905421918629984,0.4649205559289358,outer_fold_nested_fixed_200
discovery_nested_oof,TCGA_COAD,TCGA-A6-3807-01A,target_cohort_adaptive_zscore,svm_rbf,0,0.004324013704670735,0.4649205559289358,outer_fold_nested_fixed_200
discovery_nested_oof,TCGA_COAD,TCGA-A6-3809-01A,target_cohort_adaptive_zscore,svm_rbf,1,0.9899554156807314,0.4649205559289358,outer_fold_nested_fixed_200
discovery_nested_oof,TCGA_COAD,TCGA-A6-3810-01A,target_cohort_adaptive_zscore,svm_rbf,0,0.00335918078826767,0.4649205559289358,outer_fold_nested_fixed_200
discovery_nested_oof,TCGA_COAD,TCGA-A6-4107-01A,target_cohort_adaptive_zscore,svm_rbf,0,0.005796729959941334,0.4649205559289358,outer_fold_nested_fixed_200
discovery_nested_oof,TCGA_COAD,TCGA-AA-3488-01A,target_cohort_adaptive_zscore,svm_rbf,0,0.007877002209945102,0.4649205559289358,outer_fold_nested_fixed_200
discovery_nested_oof,TCGA_COAD,TCGA-AA-3492-01A,target_cohort_adaptive_zscore,svm_rbf,1,0.7292264534922618,0.4649205559289358,outer_fold_nested_fixed_200
discovery_nested_oof,TCGA_COAD,TCGA-AA-3494-01A,target_cohort_adaptive_zscore,svm_rbf,0,0.0029788831438457932,0.4649205559289358,outer_fold_nested_fixed_200
discovery_nested_oof,TCGA_COAD,TCGA-AA-3495-01A,target_cohort_adaptive_zscore,svm_rbf,0,0.0058647029713007354,0.4649205559289358,outer_fold_nested_fixed_200
discovery_nested_oof,TCGA_COAD,TCGA-AA-3506-01A,target_cohort_adaptive_zscore,svm_rbf,0,0.012281260127859493,0.4649205559289358,outer_fold_nested_fixed_200
discovery_nested_oof,TCGA_COAD,TCGA-AA-3509-01A,target_cohort_adaptive_zscore,svm_rbf,0,0.004459664824293292,0.4649205559289358,outer_fold_nested_fixed_200
discovery_nested_oof,TCGA_COAD,TCGA-AA-3510-01A,target_cohort_adaptive_zscore,svm_rbf,0,0.13857610918725183,0.4649205559289358,outer_fold_nested_fixed_200
discovery_nested_oof,TCGA_COAD,TCGA-AA-3514-01A,target_cohort_adaptive_zscore,svm_rbf,0,0.01363137649944048,0.4649205559289358,outer_fold_nested_fixed_200
discovery_nested_oof,TCGA_COAD,TCGA-AA-3516-01A,target_cohort_adaptive_zscore,svm_rbf,1,0.9928404306034264,0.4649205559289358,outer_fold_nested_fixed_200
discovery_nested_oof,TCGA_COAD,TCGA-AA-3518-01A,target_cohort_adaptive_zscore,svm_rbf,1,0.9852814997091821,0.4649205559289358,outer_fold_nested_fixed_200
discovery_nested_oof,TCGA_COAD,TCGA-AA-3519-01A,target_cohort_adaptive_zscore,svm_rbf,0,0.010114818999924974,0.4649205559289358,outer_fold_nested_fixed_200
discovery_nested_oof,TCGA_COAD,TCGA-AA-3521-01A,target_cohort_adaptive_zscore,svm_rbf,0,0.002441445302641533,0.4649205559289358,outer_fold_nested_fixed_200
discovery_nested_oof,TCGA_COAD,TCGA-AA-3522-01A,target_cohort_adaptive_zscore,svm_rbf,0,0.011381107173614041,0.4649205559289358,outer_fold_nested_fixed_200
discovery_nested_oof,TCGA_COAD,TCGA-AA-3524-01A,target_cohort_adaptive_zscore,svm_rbf,0,0.02688449271827601,0.4649205559289358,outer_fold_nested_fixed_200
discovery_nested_oof,TCGA_COAD,TCGA-AA-3525-01A,target_cohort_adaptive_zscore,svm_rbf,1,0.989646379926775,0.4649205559289358,outer_fold_nested_fixed_200
discovery_nested_oof,TCGA_COAD,TCGA-AA-3527-01A,target_cohort_adaptive_zscore,svm_rbf,0,0.059824307975219114,0.4649205559289358,outer_fold_nested_fixed_200
discovery_nested_oof,TCGA_COAD,TCGA-AA-3530-01A,target_cohort_adaptive_zscore,svm_rbf,0,0.003482110980238542,0.4649205559289358,outer_fold_nested_fixed_200
discovery_nested_oof,TCGA_COAD,TCGA-AA-3532-01A,target_cohort_adaptive_zscore,svm_rbf,0,0.006105413513809301,0.4649205559289358,outer_fold_nested_fixed_200
discovery_nested_oof,TCGA_COAD,TCGA-AA-3534-01A,target_cohort_adaptive_zscore,svm_rbf,0,0.004042402456458346,0.4649205559289358,outer_fold_nested_fixed_200
discovery_nested_oof,TCGA_COAD,TCGA-AA-3538-01A,target_cohort_adaptive_zscore,svm_rbf,0,0.004016455963293314,0.4649205559289358,outer_fold_nested_fixed_200
discovery_nested_oof,TCGA_COAD,TCGA-AA-3542-01A,target_cohort_adaptive_zscore,svm_rbf,0,0.03458987940182788,0.4649205559289358,outer_fold_nested_fixed_200
discovery_nested_oof,TCGA_COAD,TCGA-AA-3543-01A,target_cohort_adaptive_zscore,svm_rbf,1,0.9913405371235638,0.4649205559289358,outer_fold_nested_fixed_200
discovery_nested_oof,TCGA_COAD,TCGA-AA-3544-01A,target_cohort_adaptive_zscore,svm_rbf,0,0.014252659116438712,0.4649205559289358,outer_fold_nested_fixed_200
discovery_nested_oof,TCGA_COAD,TCGA-AA-3548-01A,target_cohort_adaptive_zscore,svm_rbf,0,0.005731143153916014,0.4649205559289358,outer_fold_nested_fixed_200
discovery_nested_oof,TCGA_COAD,TCGA-AA-3549-01A,target_cohort_adaptive_zscore,svm_rbf,0,0.0022210895073797744,0.4649205559289358,outer_fold_nested_fixed_200
discovery_nested_oof,TCGA_COAD,TCGA-AA-3552-01A,target_cohort_adaptive_zscore,svm_rbf,0,0.0038401189960064882,0.4649205559289358,outer_fold_nested_fixed_200
discovery_nested_oof,TCGA_COAD,TCGA-AA-3554-01A,target_cohort_adaptive_zscore,svm_rbf,1,0.7666429457873178,0.4649205559289358,outer_fold_nested_fixed_200
discovery_nested_oof,TCGA_COAD,TCGA-AA-3555-01A,target_cohort_adaptive_zscore,svm_rbf,0,0.4393901362243418,0.4649205559289358,outer_fold_nested_fixed_200
discovery_nested_oof,TCGA_COAD,TCGA-AA-3556-01A,target_cohort_adaptive_zscore,svm_rbf,0,0.23007512769556165,0.4649205559289358,outer_fold_nested_fixed_200
discovery_nested_oof,TCGA_COAD,TCGA-AA-3560-01A,target_cohort_adaptive_zscore,svm_rbf,0,0.024259179536272636,0.4649205559289358,outer_fold_nested_fixed_200
discovery_nested_oof,TCGA_COAD,TCGA-AA-3561-01A,target_cohort_adaptive_zscore,svm_rbf,0,0.022290513147972476,0.4649205559289358,outer_fold_nested_fixed_200
discovery_nested_oof,TCGA_COAD,TCGA-AA-3562-01A,target_cohort_adaptive_zscore,svm_rbf,0,0.0012137070312585247,0.4649205559289358,outer_fold_nested_fixed_200
discovery_nested_oof,TCGA_COAD,TCGA-AA-3664-01A,target_cohort_adaptive_zscore,svm_rbf,0,0.29648220767113775,0.4649205559289358,outer_fold_nested_fixed_200
discovery_nested_oof,TCGA_COAD,TCGA-AA-3666-01A,target_cohort_adaptive_zscore,svm_rbf,0,0.017480473903971293,0.4649205559289358,outer_fold_nested_fixed_200
discovery_nested_oof,TCGA_COAD,TCGA-AA-3672-01A,target_cohort_adaptive_zscore,svm_rbf,1,0.8603454151963835,0.4649205559289358,outer_fold_nested_fixed_200
discovery_nested_oof,TCGA_COAD,TCGA-AA-3673-01A,target_cohort_adaptive_zscore,svm_rbf,0,0.0026914665443177285,0.4649205559289358,outer_fold_nested_fixed_200
discovery_nested_oof,TCGA_COAD,TCGA-AA-3675-01A,target_cohort_adaptive_zscore,svm_rbf,0,0.013308433728429861,0.4649205559289358,outer_fold_nested_fixed_200
discovery_nested_oof,TCGA_COAD,TCGA-AA-3678-01A,target_cohort_adaptive_zscore,svm_rbf,0,0.00209570945343427,0.4649205559289358,outer_fold_nested_fixed_200
discovery_nested_oof,TCGA_COAD,TCGA-AA-3679-01A,target_cohort_adaptive_zscore,svm_rbf,0,0.004494710457027987,0.4649205559289358,outer_fold_nested_fixed_200
discovery_nested_oof,TCGA_COAD,TCGA-AA-3681-01A,target_cohort_adaptive_zscore,svm_rbf,0,0.012650719764508224,0.4649205559289358,outer_fold_nested_fixed_200
discovery_nested_oof,TCGA_COAD,TCGA-AA-3684-01A,target_cohort_adaptive_zscore,svm_rbf,0,0.17025578068530256,0.4649205559289358,outer_fold_nested_fixed_200
discovery_nested_oof,TCGA_COAD,TCGA-AA-3685-01A,target_cohort_adaptive_zscore,svm_rbf,0,0.005436654225704586,0.4649205559289358,outer_fold_nested_fixed_200
discovery_nested_oof,TCGA_COAD,TCGA-AA-3693-01A,target_cohort_adaptive_zscore,svm_rbf,0,0.001727778057779695,0.4649205559289358,outer_fold_nested_fixed_200
discovery_nested_oof,TCGA_COAD,TCGA-AA-3695-01A,target_cohort_adaptive_zscore,svm_rbf,0,0.7149429984273615,0.4649205559289358,outer_fold_nested_fixed_200
discovery_nested_oof,TCGA_COAD,TCGA-AA-3696-01A,target_cohort_adaptive_zscore,svm_rbf,0,0.05665643395795068,0.4649205559289358,outer_fold_nested_fixed_200
discovery_nested_oof,TCGA_COAD,TCGA-AA-3710-01A,target_cohort_adaptive_zscore,svm_rbf,1,0.9911356142481615,0.4649205559289358,outer_fold_nested_fixed_200
discovery_nested_oof,TCGA_COAD,TCGA-AA-3715-01A,target_cohort_adaptive_zscore,svm_rbf,1,0.8982188739118255,0.4649205559289358,outer_fold_nested_fixed_200
discovery_nested_oof,TCGA_COAD,TCGA-AA-3811-01A,target_cohort_adaptive_zscore,svm_rbf,1,0.5918715036651913,0.4649205559289358,outer_fold_nested_fixed_200
discovery_nested_oof,TCGA_COAD,TCGA-AA-3812-01A,target_cohort_adaptive_zscore,svm_rbf,0,0.006191323795378862,0.4649205559289358,outer_fold_nested_fixed_200
discovery_nested_oof,TCGA_COAD,TCGA-AA-3814-01A,target_cohort_adaptive_zscore,svm_rbf,0,0.003924940178213956,0.4649205559289358,outer_fold_nested_fixed_200
discovery_nested_oof,TCGA_COAD,TCGA-AA-3815-01A,target_cohort_adaptive_zscore,svm_rbf,1,0.9627896717364762,0.4649205559289358,outer_fold_nested_fixed_200
discovery_nested_oof,TCGA_COAD,TCGA-AA-3818-01A,target_cohort_adaptive_zscore,svm_rbf,0,0.002245731116324863,0.4649205559289358,outer_fold_nested_fixed_200
discovery_nested_oof,TCGA_COAD,TCGA-AA-3821-01A,target_cohort_adaptive_zscore,svm_rbf,1,0.954199070017525,0.4649205559289358,outer_fold_nested_fixed_200
discovery_nested_oof,TCGA_COAD,TCGA-AA-3831-01A,target_cohort_adaptive_zscore,svm_rbf,0,0.011193495308665258,0.4649205559289358,outer_fold_nested_fixed_200
discovery_nested_oof,TCGA_COAD,TCGA-AA-3833-01A,target_cohort_adaptive_zscore,svm_rbf,1,0.7515872595031827,0.4649205559289358,outer_fold_nested_fixed_200
discovery_nested_oof,TCGA_COAD,TCGA-AA-3837-01A,target_cohort_adaptive_zscore,svm_rbf,0,0.0006461753864617707,0.4649205559289358,outer_fold_nested_fixed_200
discovery_nested_oof,TCGA_COAD,TCGA-AA-3841-01A,target_cohort_adaptive_zscore,svm_rbf,0,0.003228691468264034,0.4649205559289358,outer_fold_nested_fixed_200
discovery_nested_oof,TCGA_COAD,TCGA-AA-3842-01A,target_cohort_adaptive_zscore,svm_rbf,0,0.05803542818421255,0.4649205559289358,outer_fold_nested_fixed_200
discovery_nested_oof,TCGA_COAD,TCGA-AA-3844-01A,target_cohort_adaptive_zscore,svm_rbf,0,0.0037057848853513185,0.4649205559289358,outer_fold_nested_fixed_200
discovery_nested_oof,TCGA_COAD,TCGA-AA-3845-01A,target_cohort_adaptive_zscore,svm_rbf,1,0.8594211200289132,0.4649205559289358,outer_fold_nested_fixed_200
discovery_nested_oof,TCGA_COAD,TCGA-AA-3846-01A,target_cohort_adaptive_zscore,svm_rbf,0,0.003531017428902964,0.4649205559289358,outer_fold_nested_fixed_200
discovery_nested_oof,TCGA_COAD,TCGA-AA-3848-01A,target_cohort_adaptive_zscore,svm_rbf,0,0.005600640625940564,0.4649205559289358,outer_fold_nested_fixed_200
discovery_nested_oof,TCGA_COAD,TCGA-AA-3850-01A,target_cohort_adaptive_zscore,svm_rbf,0,0.01727453558757479,0.4649205559289358,outer_fold_nested_fixed_200
discovery_nested_oof,TCGA_COAD,TCGA-AA-3851-01A,target_cohort_adaptive_zscore,svm_rbf,0,0.01232949352953587,0.4649205559289358,outer_fold_nested_fixed_200
discovery_nested_oof,TCGA_COAD,TCGA-AA-3856-01A,target_cohort_adaptive_zscore,svm_rbf,0,0.0019235840862569106,0.4649205559289358,outer_fold_nested_fixed_200
discovery_nested_oof,TCGA_COAD,TCGA-AA-3858-01A,target_cohort_adaptive_zscore,svm_rbf,0,0.006856753264894037,0.4649205559289358,outer_fold_nested_fixed_200
discovery_nested_oof,TCGA_COAD,TCGA-AA-3860-01A,target_cohort_adaptive_zscore,svm_rbf,0,0.007712056677843028,0.4649205559289358,outer_fold_nested_fixed_200
discovery_nested_oof,TCGA_COAD,TCGA-AA-3862-01A,target_cohort_adaptive_zscore,svm_rbf,0,0.01924778206180939,0.4649205559289358,outer_fold_nested_fixed_200
discovery_nested_oof,TCGA_COAD,TCGA-AA-3864-01A,target_cohort_adaptive_zscore,svm_rbf,1,0.844799334842127,0.4649205559289358,outer_fold_nested_fixed_200
discovery_nested_oof,TCGA_COAD,TCGA-AA-3867-01A,target_cohort_adaptive_zscore,svm_rbf,0,0.0014443330593642977,0.4649205559289358,outer_fold_nested_fixed_200
discovery_nested_oof,TCGA_COAD,TCGA-AA-3869-01A,target_cohort_adaptive_zscore,svm_rbf,0,0.008561963419709287,0.4649205559289358,outer_fold_nested_fixed_200
discovery_nested_oof,TCGA_COAD,TCGA-AA-3870-01A,target_cohort_adaptive_zscore,svm_rbf,0,0.3303538605515361,0.4649205559289358,outer_fold_nested_fixed_200
discovery_nested_oof,TCGA_COAD,TCGA-AA-3872-01A,target_cohort_adaptive_zscore,svm_rbf,0,0.014285087396618788,0.4649205559289358,outer_fold_nested_fixed_200
discovery_nested_oof,TCGA_COAD,TCGA-AA-3875-01A,target_cohort_adaptive_zscore,svm_rbf,0,0.0008957057084465794,0.4649205559289358,outer_fold_nested_fixed_200
discovery_nested_oof,TCGA_COAD,TCGA-AA-3877-01A,target_cohort_adaptive_zscore,svm_rbf,1,0.9971369489958136,0.4649205559289358,outer_fold_nested_fixed_200
discovery_nested_oof,TCGA_COAD,TCGA-AA-3939-01A,target_cohort_adaptive_zscore,svm_rbf,0,0.022980611136663283,0.4649205559289358,outer_fold_nested_fixed_200
discovery_nested_oof,TCGA_COAD,TCGA-AA-3947-01A,target_cohort_adaptive_zscore,svm_rbf,1,0.4649205559289358,0.4649205559289358,outer_fold_nested_fixed_200
discovery_nested_oof,TCGA_COAD,TCGA-AA-3949-01A,target_cohort_adaptive_zscore,svm_rbf,1,0.996556896546762,0.4649205559289358,outer_fold_nested_fixed_200
discovery_nested_oof,TCGA_COAD,TCGA-AA-3950-01A,target_cohort_adaptive_zscore,svm_rbf,1,0.9758558774460182,0.4649205559289358,outer_fold_nested_fixed_200
discovery_nested_oof,TCGA_COAD,TCGA-AA-3952-01A,target_cohort_adaptive_zscore,svm_rbf,0,0.023191063918173226,0.4649205559289358,outer_fold_nested_fixed_200
discovery_nested_oof,TCGA_COAD,TCGA-AA-3955-01A,target_cohort_adaptive_zscore,svm_rbf,0,0.004229559505635994,0.4649205559289358,outer_fold_nested_fixed_200
discovery_nested_oof,TCGA_COAD,TCGA-AA-3956-01A,target_cohort_adaptive_zscore,svm_rbf,0,0.003396120364331475,0.4649205559289358,outer_fold_nested_fixed_200
discovery_nested_oof,TCGA_COAD,TCGA-AA-3966-01A,target_cohort_adaptive_zscore,svm_rbf,1,0.9643404387826753,0.4649205559289358,outer_fold_nested_fixed_200
discovery_nested_oof,TCGA_COAD,TCGA-AA-3968-01A,target_cohort_adaptive_zscore,svm_rbf,0,0.017567076530052662,0.4649205559289358,outer_fold_nested_fixed_200
discovery_nested_oof,TCGA_COAD,TCGA-AA-3970-01A,target_cohort_adaptive_zscore,svm_rbf,0,0.0037441020395484327,0.4649205559289358,outer_fold_nested_fixed_200
discovery_nested_oof,TCGA_COAD,TCGA-AA-3971-01A,target_cohort_adaptive_zscore,svm_rbf,0,0.002683187742361817,0.4649205559289358,outer_fold_nested_fixed_200
discovery_nested_oof,TCGA_COAD,TCGA-AA-3975-01A,target_cohort_adaptive_zscore,svm_rbf,0,0.002000205051573433,0.4649205559289358,outer_fold_nested_fixed_200
discovery_nested_oof,TCGA_COAD,TCGA-AA-3976-01A,target_cohort_adaptive_zscore,svm_rbf,0,0.0020485360638872684,0.4649205559289358,outer_fold_nested_fixed_200
discovery_nested_oof,TCGA_COAD,TCGA-AA-3977-01A,target_cohort_adaptive_zscore,svm_rbf,0,0.6284880620466864,0.4649205559289358,outer_fold_nested_fixed_200
discovery_nested_oof,TCGA_COAD,TCGA-AA-3979-01A,target_cohort_adaptive_zscore,svm_rbf,0,0.010378652453874785,0.4649205559289358,outer_fold_nested_fixed_200
discovery_nested_oof,TCGA_COAD,TCGA-AA-3980-01A,target_cohort_adaptive_zscore,svm_rbf,0,0.14577781695090403,0.4649205559289358,outer_fold_nested_fixed_200
discovery_nested_oof,TCGA_COAD,TCGA-AA-3984-01A,target_cohort_adaptive_zscore,svm_rbf,0,0.08125453377226713,0.4649205559289358,outer_fold_nested_fixed_200
discovery_nested_oof,TCGA_COAD,TCGA-AA-3986-01A,target_cohort_adaptive_zscore,svm_rbf,0,0.018628570140048876,0.4649205559289358,outer_fold_nested_fixed_200
discovery_nested_oof,TCGA_COAD,TCGA-AA-3989-01A,target_cohort_adaptive_zscore,svm_rbf,0,0.0042575918591237025,0.4649205559289358,outer_fold_nested_fixed_200
discovery_nested_oof,TCGA_COAD,TCGA-AA-3994-01A,target_cohort_adaptive_zscore,svm_rbf,0,0.18776279903771445,0.4649205559289358,outer_fold_nested_fixed_200
discovery_nested_oof,TCGA_COAD,TCGA-AA-A00A-01A,target_cohort_adaptive_zscore,svm_rbf,1,0.10940275045338396,0.4649205559289358,outer_fold_nested_fixed_200
discovery_nested_oof,TCGA_COAD,TCGA-AA-A00D-01A,target_cohort_adaptive_zscore,svm_rbf,0,0.07970435589923254,0.4649205559289358,outer_fold_nested_fixed_200
discovery_nested_oof,TCGA_COAD,TCGA-AA-A00E-01A,target_cohort_adaptive_zscore,svm_rbf,1,0.9879502792925591,0.4649205559289358,outer_fold_nested_fixed_200
discovery_nested_oof,TCGA_COAD,TCGA-AA-A00F-01A,target_cohort_adaptive_zscore,svm_rbf,0,0.00311784441764073,0.4649205559289358,outer_fold_nested_fixed_200
discovery_nested_oof,TCGA_COAD,TCGA-AA-A00J-01A,target_cohort_adaptive_zscore,svm_rbf,1,0.7861974450609305,0.4649205559289358,outer_fold_nested_fixed_200
discovery_nested_oof,TCGA_COAD,TCGA-AA-A00L-01A,target_cohort_adaptive_zscore,svm_rbf,0,0.00251568484472979,0.4649205559289358,outer_fold_nested_fixed_200
discovery_nested_oof,TCGA_COAD,TCGA-AA-A00Q-01A,target_cohort_adaptive_zscore,svm_rbf,0,0.0019371717642313864,0.4649205559289358,outer_fold_nested_fixed_200
discovery_nested_oof,TCGA_COAD,TCGA-AA-A00R-01A,target_cohort_adaptive_zscore,svm_rbf,1,0.994304604356596,0.4649205559289358,outer_fold_nested_fixed_200
discovery_nested_oof,TCGA_COAD,TCGA-AA-A00U-01A,target_cohort_adaptive_zscore,svm_rbf,0,0.004707928221997493,0.4649205559289358,outer_fold_nested_fixed_200
discovery_nested_oof,TCGA_COAD,TCGA-AA-A00W-01A,target_cohort_adaptive_zscore,svm_rbf,0,0.0023673737360310376,0.4649205559289358,outer_fold_nested_fixed_200
discovery_nested_oof,TCGA_COAD,TCGA-AA-A00Z-01A,target_cohort_adaptive_zscore,svm_rbf,0,0.002193439904854948,0.4649205559289358,outer_fold_nested_fixed_200
discovery_nested_oof,TCGA_COAD,TCGA-AA-A017-01A,target_cohort_adaptive_zscore,svm_rbf,0,0.0026623255637191457,0.4649205559289358,outer_fold_nested_fixed_200
discovery_nested_oof,TCGA_COAD,TCGA-AA-A01C-01A,target_cohort_adaptive_zscore,svm_rbf,0,0.0014254504347697653,0.4649205559289358,outer_fold_nested_fixed_200
discovery_nested_oof,TCGA_COAD,TCGA-AA-A01D-01A,target_cohort_adaptive_zscore,svm_rbf,0,0.06837590381741877,0.4649205559289358,outer_fold_nested_fixed_200
discovery_nested_oof,TCGA_COAD,TCGA-AA-A01F-01A,target_cohort_adaptive_zscore,svm_rbf,0,0.0233837908661046,0.4649205559289358,outer_fold_nested_fixed_200
discovery_nested_oof,TCGA_COAD,TCGA-AA-A01I-01A,target_cohort_adaptive_zscore,svm_rbf,0,0.03122384972067296,0.4649205559289358,outer_fold_nested_fixed_200
discovery_nested_oof,TCGA_COAD,TCGA-AA-A01K-01A,target_cohort_adaptive_zscore,svm_rbf,0,0.0029605601441010597,0.4649205559289358,outer_fold_nested_fixed_200
discovery_nested_oof,TCGA_COAD,TCGA-AA-A01P-01A,target_cohort_adaptive_zscore,svm_rbf,1,0.9679096981455638,0.4649205559289358,outer_fold_nested_fixed_200
discovery_nested_oof,TCGA_COAD,TCGA-AA-A01Q-01A,target_cohort_adaptive_zscore,svm_rbf,1,0.7902770084993888,0.4649205559289358,outer_fold_nested_fixed_200
discovery_nested_oof,TCGA_COAD,TCGA-AA-A01R-01A,target_cohort_adaptive_zscore,svm_rbf,1,0.862251593362985,0.4649205559289358,outer_fold_nested_fixed_200
discovery_nested_oof,TCGA_COAD,TCGA-AA-A01T-01A,target_cohort_adaptive_zscore,svm_rbf,0,0.008759554367523244,0.4649205559289358,outer_fold_nested_fixed_200
discovery_nested_oof,TCGA_COAD,TCGA-AA-A01V-01A,target_cohort_adaptive_zscore,svm_rbf,0,0.013613214604232352,0.4649205559289358,outer_fold_nested_fixed_200
discovery_nested_oof,TCGA_COAD,TCGA-AA-A01X-01A,target_cohort_adaptive_zscore,svm_rbf,0,0.0015439734069114322,0.4649205559289358,outer_fold_nested_fixed_200
discovery_nested_oof,TCGA_COAD,TCGA-AA-A01Z-01A,target_cohort_adaptive_zscore,svm_rbf,0,0.008069825580734206,0.4649205559289358,outer_fold_nested_fixed_200
discovery_nested_oof,TCGA_COAD,TCGA-AA-A022-01A,target_cohort_adaptive_zscore,svm_rbf,1,0.9900833775912723,0.4649205559289358,outer_fold_nested_fixed_200
discovery_nested_oof,TCGA_COAD,TCGA-AA-A02F-01A,target_cohort_adaptive_zscore,svm_rbf,0,0.04082533140830468,0.4649205559289358,outer_fold_nested_fixed_200
discovery_nested_oof,TCGA_COAD,TCGA-AA-A02H-01A,target_cohort_adaptive_zscore,svm_rbf,0,0.0035889030526703477,0.4649205559289358,outer_fold_nested_fixed_200
discovery_nested_oof,TCGA_COAD,TCGA-AA-A02J-01A,target_cohort_adaptive_zscore,svm_rbf,0,0.03211134958154467,0.4649205559289358,outer_fold_nested_fixed_200
discovery_nested_oof,TCGA_COAD,TCGA-AA-A02K-01A,target_cohort_adaptive_zscore,svm_rbf,0,0.0858701112922872,0.4649205559289358,outer_fold_nested_fixed_200
discovery_nested_oof,TCGA_COAD,TCGA-AA-A02O-01A,target_cohort_adaptive_zscore,svm_rbf,0,0.018318194378701396,0.4649205559289358,outer_fold_nested_fixed_200
discovery_nested_oof,TCGA_COAD,TCGA-AA-A02R-01A,target_cohort_adaptive_zscore,svm_rbf,1,0.9553155284556157,0.4649205559289358,outer_fold_nested_fixed_200
discovery_nested_oof,TCGA_COAD,TCGA-AA-A02Y-01A,target_cohort_adaptive_zscore,svm_rbf,0,0.022950647657723894,0.4649205559289358,outer_fold_nested_fixed_200
discovery_nested_oof,TCGA_COAD,TCGA-AA-A03F-01A,target_cohort_adaptive_zscore,svm_rbf,0,0.06091671329513149,0.4649205559289358,outer_fold_nested_fixed_200
discovery_nested_oof,TCGA_COAD,TCGA-AA-A03J-01A,target_cohort_adaptive_zscore,svm_rbf,0,0.008572628035181107,0.4649205559289358,outer_fold_nested_fixed_200
discovery_nested_oof,TCGA_COAD,TCGA-AY-4070-01A,target_cohort_adaptive_zscore,svm_rbf,0,0.04919583065770894,0.4649205559289358,outer_fold_nested_fixed_200
discovery_nested_oof,TCGA_COAD,TCGA-AY-4071-01A,target_cohort_adaptive_zscore,svm_rbf,0,0.005920092471525723,0.4649205559289358,outer_fold_nested_fixed_200
discovery_nested_oof,TCGA_COAD,TCGA-AZ-4308-01A,target_cohort_adaptive_zscore,svm_rbf,0,0.012452716874600062,0.4649205559289358,outer_fold_nested_fixed_200
discovery_nested_oof,TCGA_COAD,TCGA-AZ-4313-01A,target_cohort_adaptive_zscore,svm_rbf,1,0.7126158430457703,0.4649205559289358,outer_fold_nested_fixed_200
discovery_nested_oof,TCGA_COAD,TCGA-AZ-4315-01A,target_cohort_adaptive_zscore,svm_rbf,0,0.3984312050064404,0.4649205559289358,outer_fold_nested_fixed_200
discovery_nested_oof,TCGA_COAD,TCGA-AZ-4615-01A,target_cohort_adaptive_zscore,svm_rbf,1,0.9881259455705993,0.4649205559289358,outer_fold_nested_fixed_200
discovery_nested_oof,TCGA_COAD,TCGA-AZ-4681-01A,target_cohort_adaptive_zscore,svm_rbf,0,0.01270901187517493,0.4649205559289358,outer_fold_nested_fixed_200
discovery_nested_oof,TCGA_COAD,TCGA-AZ-4682-01B,target_cohort_adaptive_zscore,svm_rbf,0,0.007126914262059361,0.4649205559289358,outer_fold_nested_fixed_200
discovery_nested_oof,TCGA_COAD,TCGA-CA-5256-01A,target_cohort_adaptive_zscore,svm_rbf,0,0.015825830638169468,0.4649205559289358,outer_fold_nested_fixed_200
discovery_nested_oof,TCGA_COAD,TCGA-CK-4951-01A,target_cohort_adaptive_zscore,svm_rbf,1,0.8165293370560719,0.4649205559289358,outer_fold_nested_fixed_200
discovery_nested_oof,TCGA_COAD,TCGA-CM-4744-01A,target_cohort_adaptive_zscore,svm_rbf,0,0.1659997745071181,0.4649205559289358,outer_fold_nested_fixed_200
discovery_nested_oof,TCGA_COAD,TCGA-CM-4746-01A,target_cohort_adaptive_zscore,svm_rbf,1,0.0949775588884792,0.4649205559289358,outer_fold_nested_fixed_200
discovery_nested_oof,TCGA_COAD,TCGA-CM-4748-01A,target_cohort_adaptive_zscore,svm_rbf,0,0.04669274675067879,0.4649205559289358,outer_fold_nested_fixed_200
discovery_nested_oof,TCGA_COAD,TCGA-CM-4752-01A,target_cohort_adaptive_zscore,svm_rbf,0,0.014760925612653547,0.4649205559289358,outer_fold_nested_fixed_200
discovery_nested_oof,TCGA_COAD,TCGA-CM-5341-01A,target_cohort_adaptive_zscore,svm_rbf,0,0.13311301941234704,0.4649205559289358,outer_fold_nested_fixed_200
TCGA_to_GEO,GSE13294,GSM335510,target_cohort_adaptive_zscore,svm_rbf,0,0.008997461260854314,0.4649205559289358,full_discovery_fixed_200
TCGA_to_GEO,GSE13294,GSM335511,target_cohort_adaptive_zscore,svm_rbf,1,0.15818846809290857,0.4649205559289358,full_discovery_fixed_200
TCGA_to_GEO,GSE13294,GSM335512,target_cohort_adaptive_zscore,svm_rbf,0,0.1977771703645687,0.4649205559289358,full_discovery_fixed_200
TCGA_to_GEO,GSE13294,GSM335513,target_cohort_adaptive_zscore,svm_rbf,0,0.014310830009536406,0.4649205559289358,full_discovery_fixed_200
TCGA_to_GEO,GSE13294,GSM335514,target_cohort_adaptive_zscore,svm_rbf,0,0.01042565606942436,0.4649205559289358,full_discovery_fixed_200
TCGA_to_GEO,GSE13294,GSM335515,target_cohort_adaptive_zscore,svm_rbf,0,0.024562154970311587,0.4649205559289358,full_discovery_fixed_200
TCGA_to_GEO,GSE13294,GSM335516,target_cohort_adaptive_zscore,svm_rbf,0,0.0010875616574119625,0.4649205559289358,full_discovery_fixed_200
TCGA_to_GEO,GSE13294,GSM335517,target_cohort_adaptive_zscore,svm_rbf,0,0.016634154151443162,0.4649205559289358,full_discovery_fixed_200
TCGA_to_GEO,GSE13294,GSM335518,target_cohort_adaptive_zscore,svm_rbf,1,0.47983216614822877,0.4649205559289358,full_discovery_fixed_200
TCGA_to_GEO,GSE13294,GSM335519,target_cohort_adaptive_zscore,svm_rbf,1,0.015668448380895122,0.4649205559289358,full_discovery_fixed_200
TCGA_to_GEO,GSE13294,GSM335520,target_cohort_adaptive_zscore,svm_rbf,0,0.08023782585182163,0.4649205559289358,full_discovery_fixed_200
TCGA_to_GEO,GSE13294,GSM335521,target_cohort_adaptive_zscore,svm_rbf,0,0.0010997911116198756,0.4649205559289358,full_discovery_fixed_200
TCGA_to_GEO,GSE13294,GSM335522,target_cohort_adaptive_zscore,svm_rbf,0,0.006693111292477852,0.4649205559289358,full_discovery_fixed_200
TCGA_to_GEO,GSE13294,GSM335523,target_cohort_adaptive_zscore,svm_rbf,0,0.015967750896650926,0.4649205559289358,full_discovery_fixed_200
TCGA_to_GEO,GSE13294,GSM335524,target_cohort_adaptive_zscore,svm_rbf,0,0.01283149915797993,0.4649205559289358,full_discovery_fixed_200
TCGA_to_GEO,GSE13294,GSM335525,target_cohort_adaptive_zscore,svm_rbf,1,0.38337475008137084,0.4649205559289358,full_discovery_fixed_200
TCGA_to_GEO,GSE13294,GSM335526,target_cohort_adaptive_zscore,svm_rbf,0,0.0018106433548982686,0.4649205559289358,full_discovery_fixed_200
TCGA_to_GEO,GSE13294,GSM335527,target_cohort_adaptive_zscore,svm_rbf,1,0.16875652017541762,0.4649205559289358,full_discovery_fixed_200
TCGA_to_GEO,GSE13294,GSM335528,target_cohort_adaptive_zscore,svm_rbf,0,0.002426296647823675,0.4649205559289358,full_discovery_fixed_200
TCGA_to_GEO,GSE13294,GSM335529,target_cohort_adaptive_zscore,svm_rbf,1,0.02225965100651882,0.4649205559289358,full_discovery_fixed_200
TCGA_to_GEO,GSE13294,GSM335530,target_cohort_adaptive_zscore,svm_rbf,1,0.8885911978901742,0.4649205559289358,full_discovery_fixed_200
TCGA_to_GEO,GSE13294,GSM335531,target_cohort_adaptive_zscore,svm_rbf,0,0.004861854662345997,0.4649205559289358,full_discovery_fixed_200
TCGA_to_GEO,GSE13294,GSM335532,target_cohort_adaptive_zscore,svm_rbf,1,0.5699393189630523,0.4649205559289358,full_discovery_fixed_200
TCGA_to_GEO,GSE13294,GSM335533,target_cohort_adaptive_zscore,svm_rbf,0,0.013246100774806391,0.4649205559289358,full_discovery_fixed_200
TCGA_to_GEO,GSE13294,GSM335534,target_cohort_adaptive_zscore,svm_rbf,0,0.02152842776994219,0.4649205559289358,full_discovery_fixed_200
TCGA_to_GEO,GSE13294,GSM335535,target_cohort_adaptive_zscore,svm_rbf,0,0.008896022935356252,0.4649205559289358,full_discovery_fixed_200
TCGA_to_GEO,GSE13294,GSM335536,target_cohort_adaptive_zscore,svm_rbf,0,0.0034316016920847153,0.4649205559289358,full_discovery_fixed_200
TCGA_to_GEO,GSE13294,GSM335537,target_cohort_adaptive_zscore,svm_rbf,0,0.02956806957071062,0.4649205559289358,full_discovery_fixed_200
TCGA_to_GEO,GSE13294,GSM335538,target_cohort_adaptive_zscore,svm_rbf,0,0.002253241048503096,0.4649205559289358,full_discovery_fixed_200
TCGA_to_GEO,GSE13294,GSM335539,target_cohort_adaptive_zscore,svm_rbf,0,0.003972886584246585,0.4649205559289358,full_discovery_fixed_200
TCGA_to_GEO,GSE13294,GSM335540,target_cohort_adaptive_zscore,svm_rbf,0,0.00874948693280991,0.4649205559289358,full_discovery_fixed_200
TCGA_to_GEO,GSE13294,GSM335541,target_cohort_adaptive_zscore,svm_rbf,1,0.4144974960175821,0.4649205559289358,full_discovery_fixed_200
TCGA_to_GEO,GSE13294,GSM335542,target_cohort_adaptive_zscore,svm_rbf,1,0.2873577186945179,0.4649205559289358,full_discovery_fixed_200
TCGA_to_GEO,GSE13294,GSM335543,target_cohort_adaptive_zscore,svm_rbf,1,0.20673770196173752,0.4649205559289358,full_discovery_fixed_200
TCGA_to_GEO,GSE13294,GSM335544,target_cohort_adaptive_zscore,svm_rbf,1,0.8465229689220107,0.4649205559289358,full_discovery_fixed_200
TCGA_to_GEO,GSE13294,GSM335545,target_cohort_adaptive_zscore,svm_rbf,1,0.6684904097784232,0.4649205559289358,full_discovery_fixed_200
TCGA_to_GEO,GSE13294,GSM335546,target_cohort_adaptive_zscore,svm_rbf,1,0.3354988345132556,0.4649205559289358,full_discovery_fixed_200
TCGA_to_GEO,GSE13294,GSM335547,target_cohort_adaptive_zscore,svm_rbf,0,0.22161629896629106,0.4649205559289358,full_discovery_fixed_200
TCGA_to_GEO,GSE13294,GSM335548,target_cohort_adaptive_zscore,svm_rbf,0,0.08805331487915696,0.4649205559289358,full_discovery_fixed_200
TCGA_to_GEO,GSE13294,GSM335549,target_cohort_adaptive_zscore,svm_rbf,0,0.028013407819620126,0.4649205559289358,full_discovery_fixed_200
TCGA_to_GEO,GSE13294,GSM335550,target_cohort_adaptive_zscore,svm_rbf,0,0.10242350817850768,0.4649205559289358,full_discovery_fixed_200
TCGA_to_GEO,GSE13294,GSM335551,target_cohort_adaptive_zscore,svm_rbf,1,0.6207915722071291,0.4649205559289358,full_discovery_fixed_200
TCGA_to_GEO,GSE13294,GSM335552,target_cohort_adaptive_zscore,svm_rbf,0,0.1288833041160951,0.4649205559289358,full_discovery_fixed_200
TCGA_to_GEO,GSE13294,GSM335553,target_cohort_adaptive_zscore,svm_rbf,0,0.17905361384514767,0.4649205559289358,full_discovery_fixed_200
TCGA_to_GEO,GSE13294,GSM335554,target_cohort_adaptive_zscore,svm_rbf,0,0.013901630759671898,0.4649205559289358,full_discovery_fixed_200
TCGA_to_GEO,GSE13294,GSM335555,target_cohort_adaptive_zscore,svm_rbf,1,0.9040326005776362,0.4649205559289358,full_discovery_fixed_200
TCGA_to_GEO,GSE13294,GSM335556,target_cohort_adaptive_zscore,svm_rbf,0,0.028041713778209618,0.4649205559289358,full_discovery_fixed_200
TCGA_to_GEO,GSE13294,GSM335557,target_cohort_adaptive_zscore,svm_rbf,0,0.046743161670623895,0.4649205559289358,full_discovery_fixed_200
TCGA_to_GEO,GSE13294,GSM335558,target_cohort_adaptive_zscore,svm_rbf,0,0.05053457202944179,0.4649205559289358,full_discovery_fixed_200
TCGA_to_GEO,GSE13294,GSM335559,target_cohort_adaptive_zscore,svm_rbf,1,0.5218773387479438,0.4649205559289358,full_discovery_fixed_200
TCGA_to_GEO,GSE13294,GSM335560,target_cohort_adaptive_zscore,svm_rbf,1,0.8331904580272049,0.4649205559289358,full_discovery_fixed_200
TCGA_to_GEO,GSE13294,GSM335561,target_cohort_adaptive_zscore,svm_rbf,0,0.006482959380685278,0.4649205559289358,full_discovery_fixed_200
TCGA_to_GEO,GSE13294,GSM335562,target_cohort_adaptive_zscore,svm_rbf,1,0.09271705192562717,0.4649205559289358,full_discovery_fixed_200
TCGA_to_GEO,GSE13294,GSM335563,target_cohort_adaptive_zscore,svm_rbf,1,0.28912993699633477,0.4649205559289358,full_discovery_fixed_200
TCGA_to_GEO,GSE13294,GSM335564,target_cohort_adaptive_zscore,svm_rbf,0,0.010334125938036344,0.4649205559289358,full_discovery_fixed_200
TCGA_to_GEO,GSE13294,GSM335565,target_cohort_adaptive_zscore,svm_rbf,1,0.9922467054924224,0.4649205559289358,full_discovery_fixed_200
TCGA_to_GEO,GSE13294,GSM335566,target_cohort_adaptive_zscore,svm_rbf,1,0.9354393932804063,0.4649205559289358,full_discovery_fixed_200
TCGA_to_GEO,GSE13294,GSM335567,target_cohort_adaptive_zscore,svm_rbf,0,0.01354921684644683,0.4649205559289358,full_discovery_fixed_200
TCGA_to_GEO,GSE13294,GSM335568,target_cohort_adaptive_zscore,svm_rbf,0,0.004934334107111257,0.4649205559289358,full_discovery_fixed_200
TCGA_to_GEO,GSE13294,GSM335569,target_cohort_adaptive_zscore,svm_rbf,0,0.01107099983683686,0.4649205559289358,full_discovery_fixed_200
TCGA_to_GEO,GSE13294,GSM335570,target_cohort_adaptive_zscore,svm_rbf,0,0.16034669546201186,0.4649205559289358,full_discovery_fixed_200
TCGA_to_GEO,GSE13294,GSM335571,target_cohort_adaptive_zscore,svm_rbf,0,0.007855334063922905,0.4649205559289358,full_discovery_fixed_200
TCGA_to_GEO,GSE13294,GSM335572,target_cohort_adaptive_zscore,svm_rbf,0,0.007403721466969711,0.4649205559289358,full_discovery_fixed_200
TCGA_to_GEO,GSE13294,GSM335573,target_cohort_adaptive_zscore,svm_rbf,1,0.09181714353230958,0.4649205559289358,full_discovery_fixed_200
TCGA_to_GEO,GSE13294,GSM335574,target_cohort_adaptive_zscore,svm_rbf,1,0.8672410864879012,0.4649205559289358,full_discovery_fixed_200
TCGA_to_GEO,GSE13294,GSM335575,target_cohort_adaptive_zscore,svm_rbf,0,0.02243903493424643,0.4649205559289358,full_discovery_fixed_200
TCGA_to_GEO,GSE13294,GSM335576,target_cohort_adaptive_zscore,svm_rbf,1,0.8658135996836058,0.4649205559289358,full_discovery_fixed_200
TCGA_to_GEO,GSE13294,GSM335577,target_cohort_adaptive_zscore,svm_rbf,1,0.5806176009822291,0.4649205559289358,full_discovery_fixed_200
TCGA_to_GEO,GSE13294,GSM335578,target_cohort_adaptive_zscore,svm_rbf,1,0.037460025463362974,0.4649205559289358,full_discovery_fixed_200
TCGA_to_GEO,GSE13294,GSM335579,target_cohort_adaptive_zscore,svm_rbf,0,0.027760564432742062,0.4649205559289358,full_discovery_fixed_200
TCGA_to_GEO,GSE13294,GSM335580,target_cohort_adaptive_zscore,svm_rbf,0,0.040834037915562116,0.4649205559289358,full_discovery_fixed_200
TCGA_to_GEO,GSE13294,GSM335581,target_cohort_adaptive_zscore,svm_rbf,0,0.1540251574646129,0.4649205559289358,full_discovery_fixed_200
TCGA_to_GEO,GSE13294,GSM335582,target_cohort_adaptive_zscore,svm_rbf,0,0.047803605855017584,0.4649205559289358,full_discovery_fixed_200
TCGA_to_GEO,GSE13294,GSM335583,target_cohort_adaptive_zscore,svm_rbf,0,0.041740231164319484,0.4649205559289358,full_discovery_fixed_200
TCGA_to_GEO,GSE13294,GSM335584,target_cohort_adaptive_zscore,svm_rbf,0,0.0489155247555019,0.4649205559289358,full_discovery_fixed_200
TCGA_to_GEO,GSE13294,GSM335585,target_cohort_adaptive_zscore,svm_rbf,1,0.9643085724972594,0.4649205559289358,full_discovery_fixed_200
TCGA_to_GEO,GSE13294,GSM335586,target_cohort_adaptive_zscore,svm_rbf,0,0.00734078272203155,0.4649205559289358,full_discovery_fixed_200
TCGA_to_GEO,GSE13294,GSM335587,target_cohort_adaptive_zscore,svm_rbf,0,0.021398015087753457,0.4649205559289358,full_discovery_fixed_200
TCGA_to_GEO,GSE13294,GSM335588,target_cohort_adaptive_zscore,svm_rbf,0,0.008364697498343092,0.4649205559289358,full_discovery_fixed_200
TCGA_to_GEO,GSE13294,GSM335589,target_cohort_adaptive_zscore,svm_rbf,0,0.00465445383766551,0.4649205559289358,full_discovery_fixed_200
TCGA_to_GEO,GSE13294,GSM335590,target_cohort_adaptive_zscore,svm_rbf,0,0.01239998128663728,0.4649205559289358,full_discovery_fixed_200
TCGA_to_GEO,GSE13294,GSM335591,target_cohort_adaptive_zscore,svm_rbf,0,0.022130563729033086,0.4649205559289358,full_discovery_fixed_200
TCGA_to_GEO,GSE13294,GSM335592,target_cohort_adaptive_zscore,svm_rbf,0,0.009172857541925846,0.4649205559289358,full_discovery_fixed_200
TCGA_to_GEO,GSE13294,GSM335593,target_cohort_adaptive_zscore,svm_rbf,0,0.011498893268279945,0.4649205559289358,full_discovery_fixed_200
TCGA_to_GEO,GSE13294,GSM335594,target_cohort_adaptive_zscore,svm_rbf,0,0.015302437614099487,0.4649205559289358,full_discovery_fixed_200
TCGA_to_GEO,GSE13294,GSM335595,target_cohort_adaptive_zscore,svm_rbf,1,0.32868440570870466,0.4649205559289358,full_discovery_fixed_200
TCGA_to_GEO,GSE13294,GSM335596,target_cohort_adaptive_zscore,svm_rbf,0,0.08816524733746926,0.4649205559289358,full_discovery_fixed_200
TCGA_to_GEO,GSE13294,GSM335597,target_cohort_adaptive_zscore,svm_rbf,1,0.8013725082740909,0.4649205559289358,full_discovery_fixed_200
TCGA_to_GEO,GSE13294,GSM335598,target_cohort_adaptive_zscore,svm_rbf,0,0.03997148416288832,0.4649205559289358,full_discovery_fixed_200
TCGA_to_GEO,GSE13294,GSM335599,target_cohort_adaptive_zscore,svm_rbf,0,0.019752225011467086,0.4649205559289358,full_discovery_fixed_200
TCGA_to_GEO,GSE13294,GSM335600,target_cohort_adaptive_zscore,svm_rbf,0,0.06269099856426379,0.4649205559289358,full_discovery_fixed_200
TCGA_to_GEO,GSE13294,GSM335601,target_cohort_adaptive_zscore,svm_rbf,0,0.025268039624371425,0.4649205559289358,full_discovery_fixed_200
TCGA_to_GEO,GSE13294,GSM335602,target_cohort_adaptive_zscore,svm_rbf,0,0.013463425843015494,0.4649205559289358,full_discovery_fixed_200
TCGA_to_GEO,GSE13294,GSM335603,target_cohort_adaptive_zscore,svm_rbf,0,0.03811403517848961,0.4649205559289358,full_discovery_fixed_200
TCGA_to_GEO,GSE13294,GSM335604,target_cohort_adaptive_zscore,svm_rbf,0,0.011033480977711932,0.4649205559289358,full_discovery_fixed_200
TCGA_to_GEO,GSE13294,GSM335605,target_cohort_adaptive_zscore,svm_rbf,0,0.013458121047766477,0.4649205559289358,full_discovery_fixed_200
TCGA_to_GEO,GSE13294,GSM335606,target_cohort_adaptive_zscore,svm_rbf,0,0.007483600716676002,0.4649205559289358,full_discovery_fixed_200
TCGA_to_GEO,GSE13294,GSM335607,target_cohort_adaptive_zscore,svm_rbf,0,0.019095635495603978,0.4649205559289358,full_discovery_fixed_200
TCGA_to_GEO,GSE13294,GSM335608,target_cohort_adaptive_zscore,svm_rbf,0,0.4187042890384869,0.4649205559289358,full_discovery_fixed_200
TCGA_to_GEO,GSE13294,GSM335609,target_cohort_adaptive_zscore,svm_rbf,0,0.03673839513674338,0.4649205559289358,full_discovery_fixed_200
TCGA_to_GEO,GSE13294,GSM335610,target_cohort_adaptive_zscore,svm_rbf,0,0.03212707243036017,0.4649205559289358,full_discovery_fixed_200
TCGA_to_GEO,GSE13294,GSM335611,target_cohort_adaptive_zscore,svm_rbf,0,0.021760413762256736,0.4649205559289358,full_discovery_fixed_200
TCGA_to_GEO,GSE13294,GSM335612,target_cohort_adaptive_zscore,svm_rbf,0,0.053190784294529836,0.4649205559289358,full_discovery_fixed_200
TCGA_to_GEO,GSE13294,GSM335613,target_cohort_adaptive_zscore,svm_rbf,0,0.013364707417519243,0.4649205559289358,full_discovery_fixed_200
TCGA_to_GEO,GSE13294,GSM335614,target_cohort_adaptive_zscore,svm_rbf,1,0.9773159448701209,0.4649205559289358,full_discovery_fixed_200
TCGA_to_GEO,GSE13294,GSM335615,target_cohort_adaptive_zscore,svm_rbf,0,0.002704812323921578,0.4649205559289358,full_discovery_fixed_200
TCGA_to_GEO,GSE13294,GSM335616,target_cohort_adaptive_zscore,svm_rbf,0,0.14569771382278515,0.4649205559289358,full_discovery_fixed_200
TCGA_to_GEO,GSE13294,GSM335617,target_cohort_adaptive_zscore,svm_rbf,0,0.020037570240711712,0.4649205559289358,full_discovery_fixed_200
TCGA_to_GEO,GSE13294,GSM335618,target_cohort_adaptive_zscore,svm_rbf,1,0.014932479232638933,0.4649205559289358,full_discovery_fixed_200
TCGA_to_GEO,GSE13294,GSM335619,target_cohort_adaptive_zscore,svm_rbf,1,0.9155860201019542,0.4649205559289358,full_discovery_fixed_200
TCGA_to_GEO,GSE13294,GSM335620,target_cohort_adaptive_zscore,svm_rbf,1,0.030092329915813763,0.4649205559289358,full_discovery_fixed_200
TCGA_to_GEO,GSE13294,GSM335621,target_cohort_adaptive_zscore,svm_rbf,1,0.991714352452016,0.4649205559289358,full_discovery_fixed_200
TCGA_to_GEO,GSE13294,GSM335622,target_cohort_adaptive_zscore,svm_rbf,1,0.38880023548819426,0.4649205559289358,full_discovery_fixed_200
TCGA_to_GEO,GSE13294,GSM335623,target_cohort_adaptive_zscore,svm_rbf,1,0.9196242590367595,0.4649205559289358,full_discovery_fixed_200
TCGA_to_GEO,GSE13294,GSM335624,target_cohort_adaptive_zscore,svm_rbf,1,0.17182683845558316,0.4649205559289358,full_discovery_fixed_200
TCGA_to_GEO,GSE13294,GSM335625,target_cohort_adaptive_zscore,svm_rbf,1,0.011919739911079126,0.4649205559289358,full_discovery_fixed_200
TCGA_to_GEO,GSE13294,GSM335626,target_cohort_adaptive_zscore,svm_rbf,1,0.05765280478145904,0.4649205559289358,full_discovery_fixed_200
TCGA_to_GEO,GSE13294,GSM335627,target_cohort_adaptive_zscore,svm_rbf,1,0.08911878144088729,0.4649205559289358,full_discovery_fixed_200
TCGA_to_GEO,GSE13294,GSM335628,target_cohort_adaptive_zscore,svm_rbf,1,0.20738879463807164,0.4649205559289358,full_discovery_fixed_200
TCGA_to_GEO,GSE13294,GSM335629,target_cohort_adaptive_zscore,svm_rbf,1,0.9846469705549017,0.4649205559289358,full_discovery_fixed_200
TCGA_to_GEO,GSE13294,GSM335630,target_cohort_adaptive_zscore,svm_rbf,1,0.789616379850919,0.4649205559289358,full_discovery_fixed_200
TCGA_to_GEO,GSE13294,GSM335631,target_cohort_adaptive_zscore,svm_rbf,1,0.007337172880937975,0.4649205559289358,full_discovery_fixed_200
TCGA_to_GEO,GSE13294,GSM335632,target_cohort_adaptive_zscore,svm_rbf,1,0.29692967257340863,0.4649205559289358,full_discovery_fixed_200
TCGA_to_GEO,GSE13294,GSM335633,target_cohort_adaptive_zscore,svm_rbf,1,0.28694572829850123,0.4649205559289358,full_discovery_fixed_200
TCGA_to_GEO,GSE13294,GSM335634,target_cohort_adaptive_zscore,svm_rbf,1,0.9360896296273534,0.4649205559289358,full_discovery_fixed_200
TCGA_to_GEO,GSE13294,GSM335635,target_cohort_adaptive_zscore,svm_rbf,1,0.967315874820908,0.4649205559289358,full_discovery_fixed_200
TCGA_to_GEO,GSE13294,GSM335636,target_cohort_adaptive_zscore,svm_rbf,1,0.1089174806969885,0.4649205559289358,full_discovery_fixed_200
TCGA_to_GEO,GSE13294,GSM335637,target_cohort_adaptive_zscore,svm_rbf,1,0.47397063119822874,0.4649205559289358,full_discovery_fixed_200
TCGA_to_GEO,GSE13294,GSM335638,target_cohort_adaptive_zscore,svm_rbf,1,0.2828181098765699,0.4649205559289358,full_discovery_fixed_200
TCGA_to_GEO,GSE13294,GSM335639,target_cohort_adaptive_zscore,svm_rbf,1,0.01909558977929385,0.4649205559289358,full_discovery_fixed_200
TCGA_to_GEO,GSE13294,GSM335640,target_cohort_adaptive_zscore,svm_rbf,1,0.9677537481079309,0.4649205559289358,full_discovery_fixed_200
TCGA_to_GEO,GSE13294,GSM335641,target_cohort_adaptive_zscore,svm_rbf,1,0.9922388248501194,0.4649205559289358,full_discovery_fixed_200
TCGA_to_GEO,GSE13294,GSM335642,target_cohort_adaptive_zscore,svm_rbf,1,0.29749723581286175,0.4649205559289358,full_discovery_fixed_200
TCGA_to_GEO,GSE13294,GSM335643,target_cohort_adaptive_zscore,svm_rbf,1,0.8991220850711374,0.4649205559289358,full_discovery_fixed_200
TCGA_to_GEO,GSE13294,GSM335644,target_cohort_adaptive_zscore,svm_rbf,1,0.9287535949330734,0.4649205559289358,full_discovery_fixed_200
TCGA_to_GEO,GSE13294,GSM335645,target_cohort_adaptive_zscore,svm_rbf,1,0.9958685038022492,0.4649205559289358,full_discovery_fixed_200
TCGA_to_GEO,GSE13294,GSM335646,target_cohort_adaptive_zscore,svm_rbf,1,0.38701507487206765,0.4649205559289358,full_discovery_fixed_200
TCGA_to_GEO,GSE13294,GSM335647,target_cohort_adaptive_zscore,svm_rbf,1,0.09184272721359663,0.4649205559289358,full_discovery_fixed_200
TCGA_to_GEO,GSE13294,GSM335648,target_cohort_adaptive_zscore,svm_rbf,1,0.1502764234117093,0.4649205559289358,full_discovery_fixed_200
TCGA_to_GEO,GSE13294,GSM335649,target_cohort_adaptive_zscore,svm_rbf,1,0.8951757870805632,0.4649205559289358,full_discovery_fixed_200
TCGA_to_GEO,GSE13294,GSM335650,target_cohort_adaptive_zscore,svm_rbf,1,0.4009366081075804,0.4649205559289358,full_discovery_fixed_200
TCGA_to_GEO,GSE13294,GSM335651,target_cohort_adaptive_zscore,svm_rbf,1,0.007834440858432264,0.4649205559289358,full_discovery_fixed_200
TCGA_to_GEO,GSE13294,GSM335652,target_cohort_adaptive_zscore,svm_rbf,1,0.9486620674567078,0.4649205559289358,full_discovery_fixed_200
TCGA_to_GEO,GSE13294,GSM335653,target_cohort_adaptive_zscore,svm_rbf,1,0.8516484798029046,0.4649205559289358,full_discovery_fixed_200
TCGA_to_GEO,GSE13294,GSM335654,target_cohort_adaptive_zscore,svm_rbf,1,0.7437261827248554,0.4649205559289358,full_discovery_fixed_200
TCGA_to_GEO,GSE13294,GSM335655,target_cohort_adaptive_zscore,svm_rbf,1,0.8064532653380937,0.4649205559289358,full_discovery_fixed_200
TCGA_to_GEO,GSE13294,GSM335656,target_cohort_adaptive_zscore,svm_rbf,1,0.2979241808218351,0.4649205559289358,full_discovery_fixed_200
TCGA_to_GEO,GSE13294,GSM335657,target_cohort_adaptive_zscore,svm_rbf,1,0.9343961199973798,0.4649205559289358,full_discovery_fixed_200
TCGA_to_GEO,GSE13294,GSM335658,target_cohort_adaptive_zscore,svm_rbf,1,0.9641765497412961,0.4649205559289358,full_discovery_fixed_200
TCGA_to_GEO,GSE13294,GSM335659,target_cohort_adaptive_zscore,svm_rbf,1,0.9746249843562677,0.4649205559289358,full_discovery_fixed_200
TCGA_to_GEO,GSE13294,GSM335660,target_cohort_adaptive_zscore,svm_rbf,1,0.9504406730501779,0.4649205559289358,full_discovery_fixed_200
TCGA_to_GEO,GSE13294,GSM335661,target_cohort_adaptive_zscore,svm_rbf,1,0.23055804439687586,0.4649205559289358,full_discovery_fixed_200
TCGA_to_GEO,GSE13294,GSM335662,target_cohort_adaptive_zscore,svm_rbf,1,0.5148322756257766,0.4649205559289358,full_discovery_fixed_200
TCGA_to_GEO,GSE13294,GSM335663,target_cohort_adaptive_zscore,svm_rbf,1,0.14149486067698624,0.4649205559289358,full_discovery_fixed_200
TCGA_to_GEO,GSE13294,GSM335664,target_cohort_adaptive_zscore,svm_rbf,1,0.9213752124621146,0.4649205559289358,full_discovery_fixed_200
TCGA_to_GEO,GSE13067,GSM327282,target_cohort_adaptive_zscore,svm_rbf,1,0.7273474121677942,0.4649205559289358,full_discovery_fixed_200
TCGA_to_GEO,GSE13067,GSM327283,target_cohort_adaptive_zscore,svm_rbf,0,0.01757693703841792,0.4649205559289358,full_discovery_fixed_200
TCGA_to_GEO,GSE13067,GSM327284,target_cohort_adaptive_zscore,svm_rbf,0,0.10336414748475661,0.4649205559289358,full_discovery_fixed_200
TCGA_to_GEO,GSE13067,GSM327285,target_cohort_adaptive_zscore,svm_rbf,0,0.08340835074444891,0.4649205559289358,full_discovery_fixed_200
TCGA_to_GEO,GSE13067,GSM327286,target_cohort_adaptive_zscore,svm_rbf,0,0.04597795935691877,0.4649205559289358,full_discovery_fixed_200
TCGA_to_GEO,GSE13067,GSM327287,target_cohort_adaptive_zscore,svm_rbf,0,0.016714435219490367,0.4649205559289358,full_discovery_fixed_200
TCGA_to_GEO,GSE13067,GSM327288,target_cohort_adaptive_zscore,svm_rbf,1,0.8381397983237625,0.4649205559289358,full_discovery_fixed_200
TCGA_to_GEO,GSE13067,GSM327289,target_cohort_adaptive_zscore,svm_rbf,0,0.00282156254845377,0.4649205559289358,full_discovery_fixed_200
TCGA_to_GEO,GSE13067,GSM327290,target_cohort_adaptive_zscore,svm_rbf,0,0.037709211622714796,0.4649205559289358,full_discovery_fixed_200
TCGA_to_GEO,GSE13067,GSM327291,target_cohort_adaptive_zscore,svm_rbf,0,0.008066916083993098,0.4649205559289358,full_discovery_fixed_200
TCGA_to_GEO,GSE13067,GSM327292,target_cohort_adaptive_zscore,svm_rbf,0,0.013374551419972854,0.4649205559289358,full_discovery_fixed_200
TCGA_to_GEO,GSE13067,GSM327293,target_cohort_adaptive_zscore,svm_rbf,0,0.1222640267720245,0.4649205559289358,full_discovery_fixed_200
TCGA_to_GEO,GSE13067,GSM327294,target_cohort_adaptive_zscore,svm_rbf,0,0.1149620501851636,0.4649205559289358,full_discovery_fixed_200
TCGA_to_GEO,GSE13067,GSM327295,target_cohort_adaptive_zscore,svm_rbf,0,0.05091793899374881,0.4649205559289358,full_discovery_fixed_200
TCGA_to_GEO,GSE13067,GSM327296,target_cohort_adaptive_zscore,svm_rbf,0,0.1273545571942259,0.4649205559289358,full_discovery_fixed_200
TCGA_to_GEO,GSE13067,GSM327297,target_cohort_adaptive_zscore,svm_rbf,0,0.05887042469742901,0.4649205559289358,full_discovery_fixed_200
TCGA_to_GEO,GSE13067,GSM327298,target_cohort_adaptive_zscore,svm_rbf,0,0.023984679522049367,0.4649205559289358,full_discovery_fixed_200
TCGA_to_GEO,GSE13067,GSM327299,target_cohort_adaptive_zscore,svm_rbf,0,0.06152845417988029,0.4649205559289358,full_discovery_fixed_200
TCGA_to_GEO,GSE13067,GSM327300,target_cohort_adaptive_zscore,svm_rbf,0,0.03214273963245692,0.4649205559289358,full_discovery_fixed_200
TCGA_to_GEO,GSE13067,GSM327301,target_cohort_adaptive_zscore,svm_rbf,0,0.012080703812564769,0.4649205559289358,full_discovery_fixed_200
TCGA_to_GEO,GSE13067,GSM327302,target_cohort_adaptive_zscore,svm_rbf,0,0.45667961388966366,0.4649205559289358,full_discovery_fixed_200
TCGA_to_GEO,GSE13067,GSM327303,target_cohort_adaptive_zscore,svm_rbf,0,0.005864509938065628,0.4649205559289358,full_discovery_fixed_200
TCGA_to_GEO,GSE13067,GSM327304,target_cohort_adaptive_zscore,svm_rbf,0,0.012658713824024554,0.4649205559289358,full_discovery_fixed_200
TCGA_to_GEO,GSE13067,GSM327305,target_cohort_adaptive_zscore,svm_rbf,0,0.017701451584538577,0.4649205559289358,full_discovery_fixed_200
TCGA_to_GEO,GSE13067,GSM327306,target_cohort_adaptive_zscore,svm_rbf,0,0.010283700398530335,0.4649205559289358,full_discovery_fixed_200
TCGA_to_GEO,GSE13067,GSM327307,target_cohort_adaptive_zscore,svm_rbf,0,0.03735233823026325,0.4649205559289358,full_discovery_fixed_200
TCGA_to_GEO,GSE13067,GSM327308,target_cohort_adaptive_zscore,svm_rbf,0,0.018575268041924883,0.4649205559289358,full_discovery_fixed_200
TCGA_to_GEO,GSE13067,GSM327309,target_cohort_adaptive_zscore,svm_rbf,1,0.9857464294465891,0.4649205559289358,full_discovery_fixed_200
TCGA_to_GEO,GSE13067,GSM327310,target_cohort_adaptive_zscore,svm_rbf,1,0.846648849081419,0.4649205559289358,full_discovery_fixed_200
TCGA_to_GEO,GSE13067,GSM327311,target_cohort_adaptive_zscore,svm_rbf,1,0.647648846285014,0.4649205559289358,full_discovery_fixed_200
TCGA_to_GEO,GSE13067,GSM327312,target_cohort_adaptive_zscore,svm_rbf,0,0.009456505801756339,0.4649205559289358,full_discovery_fixed_200
TCGA_to_GEO,GSE13067,GSM327313,target_cohort_adaptive_zscore,svm_rbf,1,0.9816301908426458,0.4649205559289358,full_discovery_fixed_200
TCGA_to_GEO,GSE13067,GSM327314,target_cohort_adaptive_zscore,svm_rbf,0,0.02649754198122251,0.4649205559289358,full_discovery_fixed_200
TCGA_to_GEO,GSE13067,GSM327315,target_cohort_adaptive_zscore,svm_rbf,0,0.004167679953664483,0.4649205559289358,full_discovery_fixed_200
TCGA_to_GEO,GSE13067,GSM327316,target_cohort_adaptive_zscore,svm_rbf,0,0.11036388419750551,0.4649205559289358,full_discovery_fixed_200
TCGA_to_GEO,GSE13067,GSM327317,target_cohort_adaptive_zscore,svm_rbf,0,0.011307133416995628,0.4649205559289358,full_discovery_fixed_200
TCGA_to_GEO,GSE13067,GSM327318,target_cohort_adaptive_zscore,svm_rbf,0,0.006259741465016988,0.4649205559289358,full_discovery_fixed_200
TCGA_to_GEO,GSE13067,GSM327319,target_cohort_adaptive_zscore,svm_rbf,0,0.012209445146775728,0.4649205559289358,full_discovery_fixed_200
TCGA_to_GEO,GSE13067,GSM327320,target_cohort_adaptive_zscore,svm_rbf,0,0.01402017691465123,0.4649205559289358,full_discovery_fixed_200
TCGA_to_GEO,GSE13067,GSM327321,target_cohort_adaptive_zscore,svm_rbf,0,0.02986822643186991,0.4649205559289358,full_discovery_fixed_200
TCGA_to_GEO,GSE13067,GSM327322,target_cohort_adaptive_zscore,svm_rbf,0,0.28661772689975157,0.4649205559289358,full_discovery_fixed_200
TCGA_to_GEO,GSE13067,GSM327323,target_cohort_adaptive_zscore,svm_rbf,0,0.05276932283910186,0.4649205559289358,full_discovery_fixed_200
TCGA_to_GEO,GSE13067,GSM327324,target_cohort_adaptive_zscore,svm_rbf,1,0.6760121623297549,0.4649205559289358,full_discovery_fixed_200
TCGA_to_GEO,GSE13067,GSM327325,target_cohort_adaptive_zscore,svm_rbf,1,0.8300454849161789,0.4649205559289358,full_discovery_fixed_200
TCGA_to_GEO,GSE13067,GSM327326,target_cohort_adaptive_zscore,svm_rbf,0,0.0015285002129097728,0.4649205559289358,full_discovery_fixed_200
TCGA_to_GEO,GSE13067,GSM327327,target_cohort_adaptive_zscore,svm_rbf,0,0.12089410067580038,0.4649205559289358,full_discovery_fixed_200
TCGA_to_GEO,GSE13067,GSM327328,target_cohort_adaptive_zscore,svm_rbf,0,0.006973474885278911,0.4649205559289358,full_discovery_fixed_200
TCGA_to_GEO,GSE13067,GSM327329,target_cohort_adaptive_zscore,svm_rbf,0,0.06839972898918972,0.4649205559289358,full_discovery_fixed_200
TCGA_to_GEO,GSE13067,GSM327330,target_cohort_adaptive_zscore,svm_rbf,0,0.015267457724858114,0.4649205559289358,full_discovery_fixed_200
TCGA_to_GEO,GSE13067,GSM327331,target_cohort_adaptive_zscore,svm_rbf,1,0.42452147244619004,0.4649205559289358,full_discovery_fixed_200
TCGA_to_GEO,GSE13067,GSM327332,target_cohort_adaptive_zscore,svm_rbf,0,0.0018946336052111188,0.4649205559289358,full_discovery_fixed_200
TCGA_to_GEO,GSE13067,GSM327333,target_cohort_adaptive_zscore,svm_rbf,0,0.3998267100496727,0.4649205559289358,full_discovery_fixed_200
TCGA_to_GEO,GSE13067,GSM327334,target_cohort_adaptive_zscore,svm_rbf,0,0.06560743741123268,0.4649205559289358,full_discovery_fixed_200
TCGA_to_GEO,GSE13067,GSM327335,target_cohort_adaptive_zscore,svm_rbf,0,0.026799833074186367,0.4649205559289358,full_discovery_fixed_200
TCGA_to_GEO,GSE13067,GSM327336,target_cohort_adaptive_zscore,svm_rbf,0,0.005796821533885282,0.4649205559289358,full_discovery_fixed_200
TCGA_to_GEO,GSE13067,GSM327337,target_cohort_adaptive_zscore,svm_rbf,0,0.0033818740253737604,0.4649205559289358,full_discovery_fixed_200
TCGA_to_GEO,GSE13067,GSM327338,target_cohort_adaptive_zscore,svm_rbf,0,0.005822413955319257,0.4649205559289358,full_discovery_fixed_200
TCGA_to_GEO,GSE13067,GSM327339,target_cohort_adaptive_zscore,svm_rbf,0,0.47032739592395517,0.4649205559289358,full_discovery_fixed_200
TCGA_to_GEO,GSE13067,GSM327340,target_cohort_adaptive_zscore,svm_rbf,0,0.05767548163648003,0.4649205559289358,full_discovery_fixed_200
TCGA_to_GEO,GSE13067,GSM327341,target_cohort_adaptive_zscore,svm_rbf,0,0.04380260073360682,0.4649205559289358,full_discovery_fixed_200
TCGA_to_GEO,GSE13067,GSM327342,target_cohort_adaptive_zscore,svm_rbf,0,0.023023541852404454,0.4649205559289358,full_discovery_fixed_200
TCGA_to_GEO,GSE13067,GSM327343,target_cohort_adaptive_zscore,svm_rbf,0,0.28947939842989645,0.4649205559289358,full_discovery_fixed_200
TCGA_to_GEO,GSE13067,GSM327344,target_cohort_adaptive_zscore,svm_rbf,0,0.03139770134973986,0.4649205559289358,full_discovery_fixed_200
TCGA_to_GEO,GSE13067,GSM327345,target_cohort_adaptive_zscore,svm_rbf,0,0.8595572040143611,0.4649205559289358,full_discovery_fixed_200
TCGA_to_GEO,GSE13067,GSM327346,target_cohort_adaptive_zscore,svm_rbf,0,0.15191970274870928,0.4649205559289358,full_discovery_fixed_200
TCGA_to_GEO,GSE13067,GSM327347,target_cohort_adaptive_zscore,svm_rbf,0,0.07662291481890761,0.4649205559289358,full_discovery_fixed_200
TCGA_to_GEO,GSE13067,GSM327348,target_cohort_adaptive_zscore,svm_rbf,0,0.04371323780366696,0.4649205559289358,full_discovery_fixed_200
TCGA_to_GEO,GSE13067,GSM327349,target_cohort_adaptive_zscore,svm_rbf,0,0.018663083700795287,0.4649205559289358,full_discovery_fixed_200
TCGA_to_GEO,GSE13067,GSM327350,target_cohort_adaptive_zscore,svm_rbf,0,0.03692931369754311,0.4649205559289358,full_discovery_fixed_200
TCGA_to_GEO,GSE13067,GSM327351,target_cohort_adaptive_zscore,svm_rbf,0,0.3756101351858877,0.4649205559289358,full_discovery_fixed_200
TCGA_to_GEO,GSE13067,GSM327352,target_cohort_adaptive_zscore,svm_rbf,1,0.9443778035353603,0.4649205559289358,full_discovery_fixed_200
TCGA_to_GEO,GSE13067,GSM327353,target_cohort_adaptive_zscore,svm_rbf,1,0.7695257361248736,0.4649205559289358,full_discovery_fixed_200
TCGA_to_GEO,GSE13067,GSM327354,target_cohort_adaptive_zscore,svm_rbf,0,0.022261864661712386,0.4649205559289358,full_discovery_fixed_200
TCGA_to_GEO,GSE13067,GSM327355,target_cohort_adaptive_zscore,svm_rbf,0,0.07914730124832887,0.4649205559289358,full_discovery_fixed_200
TCGA_to_GEO,GSE18088,GSM452148,target_cohort_adaptive_zscore,svm_rbf,1,0.3329351557084105,0.4649205559289358,full_discovery_fixed_200
TCGA_to_GEO,GSE18088,GSM452149,target_cohort_adaptive_zscore,svm_rbf,0,0.008870546894357755,0.4649205559289358,full_discovery_fixed_200
TCGA_to_GEO,GSE18088,GSM452150,target_cohort_adaptive_zscore,svm_rbf,0,0.006412421150754231,0.4649205559289358,full_discovery_fixed_200
TCGA_to_GEO,GSE18088,GSM452151,target_cohort_adaptive_zscore,svm_rbf,0,0.014967169154824196,0.4649205559289358,full_discovery_fixed_200
TCGA_to_GEO,GSE18088,GSM452152,target_cohort_adaptive_zscore,svm_rbf,0,0.006815777617734144,0.4649205559289358,full_discovery_fixed_200
TCGA_to_GEO,GSE18088,GSM452153,target_cohort_adaptive_zscore,svm_rbf,1,0.2627923787552807,0.4649205559289358,full_discovery_fixed_200
TCGA_to_GEO,GSE18088,GSM452154,target_cohort_adaptive_zscore,svm_rbf,0,0.0007686580760820002,0.4649205559289358,full_discovery_fixed_200
TCGA_to_GEO,GSE18088,GSM452155,target_cohort_adaptive_zscore,svm_rbf,0,0.013409517992264511,0.4649205559289358,full_discovery_fixed_200
TCGA_to_GEO,GSE18088,GSM452156,target_cohort_adaptive_zscore,svm_rbf,0,0.03670300634241743,0.4649205559289358,full_discovery_fixed_200
TCGA_to_GEO,GSE18088,GSM452157,target_cohort_adaptive_zscore,svm_rbf,1,0.9711595397486673,0.4649205559289358,full_discovery_fixed_200
TCGA_to_GEO,GSE18088,GSM452158,target_cohort_adaptive_zscore,svm_rbf,0,0.0045076820883794945,0.4649205559289358,full_discovery_fixed_200
TCGA_to_GEO,GSE18088,GSM452159,target_cohort_adaptive_zscore,svm_rbf,1,0.9911455931584093,0.4649205559289358,full_discovery_fixed_200
TCGA_to_GEO,GSE18088,GSM452160,target_cohort_adaptive_zscore,svm_rbf,0,0.0003699458205373739,0.4649205559289358,full_discovery_fixed_200
TCGA_to_GEO,GSE18088,GSM452161,target_cohort_adaptive_zscore,svm_rbf,0,0.00028924844627385227,0.4649205559289358,full_discovery_fixed_200
TCGA_to_GEO,GSE18088,GSM452162,target_cohort_adaptive_zscore,svm_rbf,0,0.05535707319205237,0.4649205559289358,full_discovery_fixed_200
TCGA_to_GEO,GSE18088,GSM452163,target_cohort_adaptive_zscore,svm_rbf,1,0.9721525766470973,0.4649205559289358,full_discovery_fixed_200
TCGA_to_GEO,GSE18088,GSM452164,target_cohort_adaptive_zscore,svm_rbf,0,0.0028536467861908477,0.4649205559289358,full_discovery_fixed_200
TCGA_to_GEO,GSE18088,GSM452165,target_cohort_adaptive_zscore,svm_rbf,0,0.002629460074618637,0.4649205559289358,full_discovery_fixed_200
TCGA_to_GEO,GSE18088,GSM452166,target_cohort_adaptive_zscore,svm_rbf,0,0.0020001611891711335,0.4649205559289358,full_discovery_fixed_200
TCGA_to_GEO,GSE18088,GSM452167,target_cohort_adaptive_zscore,svm_rbf,0,0.0035329429652277916,0.4649205559289358,full_discovery_fixed_200
TCGA_to_GEO,GSE18088,GSM452168,target_cohort_adaptive_zscore,svm_rbf,1,0.8955887666351917,0.4649205559289358,full_discovery_fixed_200
TCGA_to_GEO,GSE18088,GSM452169,target_cohort_adaptive_zscore,svm_rbf,1,0.9999812764058178,0.4649205559289358,full_discovery_fixed_200
TCGA_to_GEO,GSE18088,GSM452170,target_cohort_adaptive_zscore,svm_rbf,0,0.014477015041175306,0.4649205559289358,full_discovery_fixed_200
TCGA_to_GEO,GSE18088,GSM452171,target_cohort_adaptive_zscore,svm_rbf,0,0.0010732874972883468,0.4649205559289358,full_discovery_fixed_200
TCGA_to_GEO,GSE18088,GSM452172,target_cohort_adaptive_zscore,svm_rbf,0,0.2485332237629077,0.4649205559289358,full_discovery_fixed_200
TCGA_to_GEO,GSE18088,GSM452173,target_cohort_adaptive_zscore,svm_rbf,1,0.9005355683859474,0.4649205559289358,full_discovery_fixed_200
TCGA_to_GEO,GSE18088,GSM452174,target_cohort_adaptive_zscore,svm_rbf,1,0.8643454562295865,0.4649205559289358,full_discovery_fixed_200
TCGA_to_GEO,GSE18088,GSM452175,target_cohort_adaptive_zscore,svm_rbf,1,0.8397555795795433,0.4649205559289358,full_discovery_fixed_200
TCGA_to_GEO,GSE18088,GSM452176,target_cohort_adaptive_zscore,svm_rbf,0,0.01877986632867918,0.4649205559289358,full_discovery_fixed_200
TCGA_to_GEO,GSE18088,GSM452177,target_cohort_adaptive_zscore,svm_rbf,0,0.0006808429319215593,0.4649205559289358,full_discovery_fixed_200
TCGA_to_GEO,GSE18088,GSM452178,target_cohort_adaptive_zscore,svm_rbf,0,0.016516531667699303,0.4649205559289358,full_discovery_fixed_200
TCGA_to_GEO,GSE18088,GSM452179,target_cohort_adaptive_zscore,svm_rbf,1,0.9789853058862711,0.4649205559289358,full_discovery_fixed_200
TCGA_to_GEO,GSE18088,GSM452180,target_cohort_adaptive_zscore,svm_rbf,1,0.9796219773936208,0.4649205559289358,full_discovery_fixed_200
TCGA_to_GEO,GSE18088,GSM452181,target_cohort_adaptive_zscore,svm_rbf,0,0.0010508335778036941,0.4649205559289358,full_discovery_fixed_200
TCGA_to_GEO,GSE18088,GSM452182,target_cohort_adaptive_zscore,svm_rbf,1,0.572647410768521,0.4649205559289358,full_discovery_fixed_200
TCGA_to_GEO,GSE18088,GSM452183,target_cohort_adaptive_zscore,svm_rbf,1,0.8929875276507602,0.4649205559289358,full_discovery_fixed_200
TCGA_to_GEO,GSE18088,GSM452184,target_cohort_adaptive_zscore,svm_rbf,1,0.5488113442117333,0.4649205559289358,full_discovery_fixed_200
TCGA_to_GEO,GSE18088,GSM452185,target_cohort_adaptive_zscore,svm_rbf,0,0.03172166210671212,0.4649205559289358,full_discovery_fixed_200
TCGA_to_GEO,GSE18088,GSM452186,target_cohort_adaptive_zscore,svm_rbf,0,0.024134020980704045,0.4649205559289358,full_discovery_fixed_200
TCGA_to_GEO,GSE18088,GSM452187,target_cohort_adaptive_zscore,svm_rbf,0,0.0015019918124930096,0.4649205559289358,full_discovery_fixed_200
TCGA_to_GEO,GSE18088,GSM452188,target_cohort_adaptive_zscore,svm_rbf,1,0.9752404892114742,0.4649205559289358,full_discovery_fixed_200
TCGA_to_GEO,GSE18088,GSM452189,target_cohort_adaptive_zscore,svm_rbf,1,0.9886268324663516,0.4649205559289358,full_discovery_fixed_200
TCGA_to_GEO,GSE18088,GSM452190,target_cohort_adaptive_zscore,svm_rbf,0,0.3059452237055556,0.4649205559289358,full_discovery_fixed_200
TCGA_to_GEO,GSE18088,GSM452191,target_cohort_adaptive_zscore,svm_rbf,0,0.006114629155325627,0.4649205559289358,full_discovery_fixed_200
TCGA_to_GEO,GSE18088,GSM452192,target_cohort_adaptive_zscore,svm_rbf,0,0.0005994077298566567,0.4649205559289358,full_discovery_fixed_200
TCGA_to_GEO,GSE18088,GSM452193,target_cohort_adaptive_zscore,svm_rbf,0,0.07548516572737725,0.4649205559289358,full_discovery_fixed_200
TCGA_to_GEO,GSE18088,GSM452194,target_cohort_adaptive_zscore,svm_rbf,0,0.0125921494909016,0.4649205559289358,full_discovery_fixed_200
TCGA_to_GEO,GSE18088,GSM452195,target_cohort_adaptive_zscore,svm_rbf,0,0.0676847954001713,0.4649205559289358,full_discovery_fixed_200
TCGA_to_GEO,GSE18088,GSM452196,target_cohort_adaptive_zscore,svm_rbf,0,0.003807506750315336,0.4649205559289358,full_discovery_fixed_200
TCGA_to_GEO,GSE18088,GSM452197,target_cohort_adaptive_zscore,svm_rbf,1,0.8568231999853531,0.4649205559289358,full_discovery_fixed_200
TCGA_to_GEO,GSE18088,GSM452198,target_cohort_adaptive_zscore,svm_rbf,0,0.002824434062582233,0.4649205559289358,full_discovery_fixed_200
TCGA_to_GEO,GSE18088,GSM452199,target_cohort_adaptive_zscore,svm_rbf,0,0.020942158448124523,0.4649205559289358,full_discovery_fixed_200
TCGA_to_GEO,GSE18088,GSM452200,target_cohort_adaptive_zscore,svm_rbf,1,0.17640497239362757,0.4649205559289358,full_discovery_fixed_200
TCGA_to_GEO,GSE26682,GSM656542,target_cohort_adaptive_zscore,svm_rbf,0,0.006602570534626549,0.4649205559289358,full_discovery_fixed_200
TCGA_to_GEO,GSE26682,GSM656543,target_cohort_adaptive_zscore,svm_rbf,0,0.005233560975079662,0.4649205559289358,full_discovery_fixed_200
TCGA_to_GEO,GSE26682,GSM656545,target_cohort_adaptive_zscore,svm_rbf,1,0.9757121839655521,0.4649205559289358,full_discovery_fixed_200
TCGA_to_GEO,GSE26682,GSM656546,target_cohort_adaptive_zscore,svm_rbf,0,0.00297976884612075,0.4649205559289358,full_discovery_fixed_200
TCGA_to_GEO,GSE26682,GSM656548,target_cohort_adaptive_zscore,svm_rbf,0,0.0006803964379670901,0.4649205559289358,full_discovery_fixed_200
TCGA_to_GEO,GSE26682,GSM656550,target_cohort_adaptive_zscore,svm_rbf,0,0.10855095630901468,0.4649205559289358,full_discovery_fixed_200
TCGA_to_GEO,GSE26682,GSM656552,target_cohort_adaptive_zscore,svm_rbf,0,0.002159688089729862,0.4649205559289358,full_discovery_fixed_200
TCGA_to_GEO,GSE26682,GSM656553,target_cohort_adaptive_zscore,svm_rbf,0,0.018898360858078247,0.4649205559289358,full_discovery_fixed_200
TCGA_to_GEO,GSE26682,GSM656555,target_cohort_adaptive_zscore,svm_rbf,0,0.09761332966403198,0.4649205559289358,full_discovery_fixed_200
TCGA_to_GEO,GSE26682,GSM656556,target_cohort_adaptive_zscore,svm_rbf,0,0.39755021798230616,0.4649205559289358,full_discovery_fixed_200
TCGA_to_GEO,GSE26682,GSM656557,target_cohort_adaptive_zscore,svm_rbf,0,0.46573418696869057,0.4649205559289358,full_discovery_fixed_200
TCGA_to_GEO,GSE26682,GSM656558,target_cohort_adaptive_zscore,svm_rbf,0,0.010573633612608139,0.4649205559289358,full_discovery_fixed_200
TCGA_to_GEO,GSE26682,GSM656559,target_cohort_adaptive_zscore,svm_rbf,1,0.9898097258491303,0.4649205559289358,full_discovery_fixed_200
TCGA_to_GEO,GSE26682,GSM656560,target_cohort_adaptive_zscore,svm_rbf,0,0.0011995070101570207,0.4649205559289358,full_discovery_fixed_200
TCGA_to_GEO,GSE26682,GSM656561,target_cohort_adaptive_zscore,svm_rbf,0,0.010377510555447871,0.4649205559289358,full_discovery_fixed_200
TCGA_to_GEO,GSE26682,GSM656567,target_cohort_adaptive_zscore,svm_rbf,0,0.0057286453587123256,0.4649205559289358,full_discovery_fixed_200
TCGA_to_GEO,GSE26682,GSM656568,target_cohort_adaptive_zscore,svm_rbf,0,0.004233983107349714,0.4649205559289358,full_discovery_fixed_200
TCGA_to_GEO,GSE26682,GSM656569,target_cohort_adaptive_zscore,svm_rbf,0,0.041481108856031165,0.4649205559289358,full_discovery_fixed_200
TCGA_to_GEO,GSE26682,GSM656570,target_cohort_adaptive_zscore,svm_rbf,0,0.045628981279394014,0.4649205559289358,full_discovery_fixed_200
TCGA_to_GEO,GSE26682,GSM656574,target_cohort_adaptive_zscore,svm_rbf,0,0.006154897105171172,0.4649205559289358,full_discovery_fixed_200
TCGA_to_GEO,GSE26682,GSM656580,target_cohort_adaptive_zscore,svm_rbf,0,0.003117195000278789,0.4649205559289358,full_discovery_fixed_200
TCGA_to_GEO,GSE26682,GSM656582,target_cohort_adaptive_zscore,svm_rbf,0,0.003782505628764878,0.4649205559289358,full_discovery_fixed_200
TCGA_to_GEO,GSE26682,GSM656583,target_cohort_adaptive_zscore,svm_rbf,1,0.5488688984159021,0.4649205559289358,full_discovery_fixed_200
TCGA_to_GEO,GSE26682,GSM656584,target_cohort_adaptive_zscore,svm_rbf,0,0.0028160293438474968,0.4649205559289358,full_discovery_fixed_200
TCGA_to_GEO,GSE26682,GSM656585,target_cohort_adaptive_zscore,svm_rbf,0,0.1442374672013177,0.4649205559289358,full_discovery_fixed_200
TCGA_to_GEO,GSE26682,GSM656586,target_cohort_adaptive_zscore,svm_rbf,0,0.2500981812587493,0.4649205559289358,full_discovery_fixed_200
TCGA_to_GEO,GSE26682,GSM656587,target_cohort_adaptive_zscore,svm_rbf,0,0.9018205047229014,0.4649205559289358,full_discovery_fixed_200
TCGA_to_GEO,GSE26682,GSM656590,target_cohort_adaptive_zscore,svm_rbf,1,0.9558221986173665,0.4649205559289358,full_discovery_fixed_200
TCGA_to_GEO,GSE26682,GSM656592,target_cohort_adaptive_zscore,svm_rbf,0,0.007626643624983847,0.4649205559289358,full_discovery_fixed_200
TCGA_to_GEO,GSE26682,GSM656596,target_cohort_adaptive_zscore,svm_rbf,0,0.012296387532370327,0.4649205559289358,full_discovery_fixed_200
TCGA_to_GEO,GSE26682,GSM656598,target_cohort_adaptive_zscore,svm_rbf,0,0.0252841048598921,0.4649205559289358,full_discovery_fixed_200
TCGA_to_GEO,GSE26682,GSM656601,target_cohort_adaptive_zscore,svm_rbf,0,0.0060199220577412975,0.4649205559289358,full_discovery_fixed_200
TCGA_to_GEO,GSE26682,GSM656603,target_cohort_adaptive_zscore,svm_rbf,1,0.9832779962552493,0.4649205559289358,full_discovery_fixed_200
TCGA_to_GEO,GSE26682,GSM656612,target_cohort_adaptive_zscore,svm_rbf,1,0.9351746512688464,0.4649205559289358,full_discovery_fixed_200
TCGA_to_GEO,GSE26682,GSM656613,target_cohort_adaptive_zscore,svm_rbf,0,0.021625215894672267,0.4649205559289358,full_discovery_fixed_200
TCGA_to_GEO,GSE26682,GSM656617,target_cohort_adaptive_zscore,svm_rbf,0,0.04320800096257446,0.4649205559289358,full_discovery_fixed_200
TCGA_to_GEO,GSE26682,GSM656618,target_cohort_adaptive_zscore,svm_rbf,0,0.006244667354649559,0.4649205559289358,full_discovery_fixed_200
TCGA_to_GEO,GSE26682,GSM656625,target_cohort_adaptive_zscore,svm_rbf,0,0.28160892091843887,0.4649205559289358,full_discovery_fixed_200
TCGA_to_GEO,GSE26682,GSM656634,target_cohort_adaptive_zscore,svm_rbf,0,0.3224597059607859,0.4649205559289358,full_discovery_fixed_200
TCGA_to_GEO,GSE26682,GSM656635,target_cohort_adaptive_zscore,svm_rbf,0,0.04016298087770003,0.4649205559289358,full_discovery_fixed_200
TCGA_to_GEO,GSE26682,GSM656636,target_cohort_adaptive_zscore,svm_rbf,0,0.0615603358032278,0.4649205559289358,full_discovery_fixed_200
TCGA_to_GEO,GSE26682,GSM656639,target_cohort_adaptive_zscore,svm_rbf,0,0.0991898306956393,0.4649205559289358,full_discovery_fixed_200
TCGA_to_GEO,GSE26682,GSM656640,target_cohort_adaptive_zscore,svm_rbf,0,0.01476016950428287,0.4649205559289358,full_discovery_fixed_200
TCGA_to_GEO,GSE26682,GSM656642,target_cohort_adaptive_zscore,svm_rbf,0,0.043654404810216936,0.4649205559289358,full_discovery_fixed_200
TCGA_to_GEO,GSE26682,GSM656644,target_cohort_adaptive_zscore,svm_rbf,0,0.00664345174746395,0.4649205559289358,full_discovery_fixed_200
TCGA_to_GEO,GSE26682,GSM656657,target_cohort_adaptive_zscore,svm_rbf,0,0.14222574330079726,0.4649205559289358,full_discovery_fixed_200
TCGA_to_GEO,GSE26682,GSM656662,target_cohort_adaptive_zscore,svm_rbf,0,0.011682596146765747,0.4649205559289358,full_discovery_fixed_200
TCGA_to_GEO,GSE26682,GSM656663,target_cohort_adaptive_zscore,svm_rbf,0,0.002008026675847282,0.4649205559289358,full_discovery_fixed_200
TCGA_to_GEO,GSE26682,GSM656669,target_cohort_adaptive_zscore,svm_rbf,1,0.7414950084172144,0.4649205559289358,full_discovery_fixed_200
TCGA_to_GEO,GSE26682,GSM656672,target_cohort_adaptive_zscore,svm_rbf,0,0.006077308594599671,0.4649205559289358,full_discovery_fixed_200
TCGA_to_GEO,GSE26682,GSM656675,target_cohort_adaptive_zscore,svm_rbf,0,0.059515669042304695,0.4649205559289358,full_discovery_fixed_200
TCGA_to_GEO,GSE26682,GSM656676,target_cohort_adaptive_zscore,svm_rbf,0,0.0027836618256755516,0.4649205559289358,full_discovery_fixed_200
TCGA_to_GEO,GSE26682,GSM656678,target_cohort_adaptive_zscore,svm_rbf,0,0.024685473433950767,0.4649205559289358,full_discovery_fixed_200
TCGA_to_GEO,GSE26682,GSM656679,target_cohort_adaptive_zscore,svm_rbf,1,0.9667740738999749,0.4649205559289358,full_discovery_fixed_200
TCGA_to_GEO,GSE26682,GSM656683,target_cohort_adaptive_zscore,svm_rbf,0,0.009671087595595956,0.4649205559289358,full_discovery_fixed_200
TCGA_to_GEO,GSE26682,GSM656687,target_cohort_adaptive_zscore,svm_rbf,0,0.41506421193179205,0.4649205559289358,full_discovery_fixed_200
TCGA_to_GEO,GSE26682,GSM656691,target_cohort_adaptive_zscore,svm_rbf,0,0.03245576065846479,0.4649205559289358,full_discovery_fixed_200
TCGA_to_GEO,GSE26682,GSM656692,target_cohort_adaptive_zscore,svm_rbf,0,0.388650143731544,0.4649205559289358,full_discovery_fixed_200
TCGA_to_GEO,GSE26682,GSM656693,target_cohort_adaptive_zscore,svm_rbf,0,0.008621117655738222,0.4649205559289358,full_discovery_fixed_200
TCGA_to_GEO,GSE26682,GSM656695,target_cohort_adaptive_zscore,svm_rbf,0,0.033165379283942406,0.4649205559289358,full_discovery_fixed_200
TCGA_to_GEO,GSE26682,GSM656698,target_cohort_adaptive_zscore,svm_rbf,0,0.05704324188629051,0.4649205559289358,full_discovery_fixed_200
TCGA_to_GEO,GSE26682,GSM656699,target_cohort_adaptive_zscore,svm_rbf,0,0.010248144624205579,0.4649205559289358,full_discovery_fixed_200
TCGA_to_GEO,GSE26682,GSM656700,target_cohort_adaptive_zscore,svm_rbf,0,0.0170214454119274,0.4649205559289358,full_discovery_fixed_200
TCGA_to_GEO,GSE26682,GSM656701,target_cohort_adaptive_zscore,svm_rbf,0,0.048697484972498796,0.4649205559289358,full_discovery_fixed_200
TCGA_to_GEO,GSE26682,GSM656702,target_cohort_adaptive_zscore,svm_rbf,0,0.01091643861995547,0.4649205559289358,full_discovery_fixed_200
TCGA_to_GEO,GSE26682,GSM656703,target_cohort_adaptive_zscore,svm_rbf,0,0.02008488987317017,0.4649205559289358,full_discovery_fixed_200
TCGA_to_GEO,GSE26682,GSM656704,target_cohort_adaptive_zscore,svm_rbf,0,0.00892634607130336,0.4649205559289358,full_discovery_fixed_200
TCGA_to_GEO,GSE26682,GSM656705,target_cohort_adaptive_zscore,svm_rbf,0,0.9092121115397314,0.4649205559289358,full_discovery_fixed_200
TCGA_to_GEO,GSE26682,GSM656707,target_cohort_adaptive_zscore,svm_rbf,0,0.11940075319401833,0.4649205559289358,full_discovery_fixed_200
TCGA_to_GEO,GSE26682,GSM656710,target_cohort_adaptive_zscore,svm_rbf,0,0.01675137800841997,0.4649205559289358,full_discovery_fixed_200
TCGA_to_GEO,GSE26682,GSM656711,target_cohort_adaptive_zscore,svm_rbf,0,0.3712834515638645,0.4649205559289358,full_discovery_fixed_200
TCGA_to_GEO,GSE26682,GSM656714,target_cohort_adaptive_zscore,svm_rbf,0,0.0007627517317254095,0.4649205559289358,full_discovery_fixed_200
TCGA_to_GEO,GSE26682,GSM656715,target_cohort_adaptive_zscore,svm_rbf,0,0.16844357039716096,0.4649205559289358,full_discovery_fixed_200
TCGA_to_GEO,GSE26682,GSM656720,target_cohort_adaptive_zscore,svm_rbf,0,0.010221941038167376,0.4649205559289358,full_discovery_fixed_200
TCGA_to_GEO,GSE26682,GSM656721,target_cohort_adaptive_zscore,svm_rbf,0,0.04411363566767529,0.4649205559289358,full_discovery_fixed_200
TCGA_to_GEO,GSE26682,GSM656726,target_cohort_adaptive_zscore,svm_rbf,0,0.12584598870532282,0.4649205559289358,full_discovery_fixed_200
TCGA_to_GEO,GSE26682,GSM656732,target_cohort_adaptive_zscore,svm_rbf,0,0.0015483117885687397,0.4649205559289358,full_discovery_fixed_200
TCGA_to_GEO,GSE26682,GSM656735,target_cohort_adaptive_zscore,svm_rbf,0,0.010115209828301051,0.4649205559289358,full_discovery_fixed_200
TCGA_to_GEO,GSE26682,GSM656736,target_cohort_adaptive_zscore,svm_rbf,1,0.8713563197892864,0.4649205559289358,full_discovery_fixed_200
TCGA_to_GEO,GSE26682,GSM656737,target_cohort_adaptive_zscore,svm_rbf,0,0.05107786151113911,0.4649205559289358,full_discovery_fixed_200
TCGA_to_GEO,GSE26682,GSM656739,target_cohort_adaptive_zscore,svm_rbf,0,0.059452701466569606,0.4649205559289358,full_discovery_fixed_200
TCGA_to_GEO,GSE26682,GSM656742,target_cohort_adaptive_zscore,svm_rbf,0,0.002489754072601034,0.4649205559289358,full_discovery_fixed_200
TCGA_to_GEO,GSE26682,GSM656749,target_cohort_adaptive_zscore,svm_rbf,0,0.006375824009973884,0.4649205559289358,full_discovery_fixed_200
TCGA_to_GEO,GSE26682,GSM656768,target_cohort_adaptive_zscore,svm_rbf,0,0.0014037542257925105,0.4649205559289358,full_discovery_fixed_200
TCGA_to_GEO,GSE26682,GSM656769,target_cohort_adaptive_zscore,svm_rbf,0,0.0033461090652654834,0.4649205559289358,full_discovery_fixed_200
TCGA_to_GEO,GSE26682,GSM656770,target_cohort_adaptive_zscore,svm_rbf,0,0.010617539136611818,0.4649205559289358,full_discovery_fixed_200
TCGA_to_GEO,GSE26682,GSM656772,target_cohort_adaptive_zscore,svm_rbf,0,0.020529156569682468,0.4649205559289358,full_discovery_fixed_200
TCGA_to_GEO,GSE26682,GSM656775,target_cohort_adaptive_zscore,svm_rbf,0,0.03754052174917143,0.4649205559289358,full_discovery_fixed_200
TCGA_to_GEO,GSE26682,GSM656776,target_cohort_adaptive_zscore,svm_rbf,0,0.010297995669834433,0.4649205559289358,full_discovery_fixed_200
TCGA_to_GEO,GSE26682,GSM656777,target_cohort_adaptive_zscore,svm_rbf,0,0.15478187406806582,0.4649205559289358,full_discovery_fixed_200
TCGA_to_GEO,GSE26682,GSM656783,target_cohort_adaptive_zscore,svm_rbf,0,0.009006663815504053,0.4649205559289358,full_discovery_fixed_200
TCGA_to_GEO,GSE26682,GSM656785,target_cohort_adaptive_zscore,svm_rbf,0,0.037847979968786985,0.4649205559289358,full_discovery_fixed_200
TCGA_to_GEO,GSE26682,GSM656787,target_cohort_adaptive_zscore,svm_rbf,0,0.4162308962228242,0.4649205559289358,full_discovery_fixed_200
TCGA_to_GEO,GSE26682,GSM656794,target_cohort_adaptive_zscore,svm_rbf,0,0.004070893245305472,0.4649205559289358,full_discovery_fixed_200
TCGA_to_GEO,GSE26682,GSM656800,target_cohort_adaptive_zscore,svm_rbf,0,0.020372529629271382,0.4649205559289358,full_discovery_fixed_200
TCGA_to_GEO,GSE26682,GSM656803,target_cohort_adaptive_zscore,svm_rbf,0,0.011919340541692094,0.4649205559289358,full_discovery_fixed_200
TCGA_to_GEO,GSE26682,GSM656804,target_cohort_adaptive_zscore,svm_rbf,0,0.0059799018294699165,0.4649205559289358,full_discovery_fixed_200
TCGA_to_GEO,GSE26682,GSM656806,target_cohort_adaptive_zscore,svm_rbf,0,0.1929838841540431,0.4649205559289358,full_discovery_fixed_200
TCGA_to_GEO,GSE26682,GSM656809,target_cohort_adaptive_zscore,svm_rbf,0,0.003582010257547737,0.4649205559289358,full_discovery_fixed_200
TCGA_to_GEO,GSE26682,GSM656811,target_cohort_adaptive_zscore,svm_rbf,0,0.07601877972347103,0.4649205559289358,full_discovery_fixed_200
TCGA_to_GEO,GSE26682,GSM656816,target_cohort_adaptive_zscore,svm_rbf,0,0.46125608606014923,0.4649205559289358,full_discovery_fixed_200
TCGA_to_GEO,GSE26682,GSM656819,target_cohort_adaptive_zscore,svm_rbf,0,0.0035876982822727376,0.4649205559289358,full_discovery_fixed_200
TCGA_to_GEO,GSE26682,GSM656820,target_cohort_adaptive_zscore,svm_rbf,1,0.9603043368280464,0.4649205559289358,full_discovery_fixed_200
TCGA_to_GEO,GSE26682,GSM656822,target_cohort_adaptive_zscore,svm_rbf,0,0.6921874789208726,0.4649205559289358,full_discovery_fixed_200
TCGA_to_GEO,GSE26682,GSM656824,target_cohort_adaptive_zscore,svm_rbf,0,0.03309464066770828,0.4649205559289358,full_discovery_fixed_200
TCGA_to_GEO,GSE26682,GSM656825,target_cohort_adaptive_zscore,svm_rbf,0,0.15449161211831283,0.4649205559289358,full_discovery_fixed_200
TCGA_to_GEO,GSE26682,GSM656830,target_cohort_adaptive_zscore,svm_rbf,0,0.06408753095571154,0.4649205559289358,full_discovery_fixed_200
TCGA_to_GEO,GSE26682,GSM656831,target_cohort_adaptive_zscore,svm_rbf,0,0.007349305368358011,0.4649205559289358,full_discovery_fixed_200
TCGA_to_GEO,GSE26682,GSM656832,target_cohort_adaptive_zscore,svm_rbf,0,0.011091196858410882,0.4649205559289358,full_discovery_fixed_200
TCGA_to_GEO,GSE26682,GSM656833,target_cohort_adaptive_zscore,svm_rbf,0,0.020615556975369237,0.4649205559289358,full_discovery_fixed_200
TCGA_to_GEO,GSE26682,GSM656834,target_cohort_adaptive_zscore,svm_rbf,0,0.03704172501147356,0.4649205559289358,full_discovery_fixed_200
TCGA_to_GEO,GSE26682,GSM656836,target_cohort_adaptive_zscore,svm_rbf,0,0.04111535259899452,0.4649205559289358,full_discovery_fixed_200
TCGA_to_GEO,GSE26682,GSM656837,target_cohort_adaptive_zscore,svm_rbf,1,0.7679363506676643,0.4649205559289358,full_discovery_fixed_200
TCGA_to_GEO,GSE26682,GSM656840,target_cohort_adaptive_zscore,svm_rbf,0,0.012300910566293507,0.4649205559289358,full_discovery_fixed_200
TCGA_to_GEO,GSE26682,GSM656841,target_cohort_adaptive_zscore,svm_rbf,0,0.5750170318665792,0.4649205559289358,full_discovery_fixed_200
TCGA_to_GEO,GSE26682,GSM656842,target_cohort_adaptive_zscore,svm_rbf,1,0.7110916232769611,0.4649205559289358,full_discovery_fixed_200
TCGA_to_GEO,GSE26682,GSM656843,target_cohort_adaptive_zscore,svm_rbf,0,0.0030482690517815714,0.4649205559289358,full_discovery_fixed_200
TCGA_to_GEO,GSE26682,GSM656845,target_cohort_adaptive_zscore,svm_rbf,0,0.1482153740542718,0.4649205559289358,full_discovery_fixed_200
TCGA_to_GEO,GSE26682,GSM656846,target_cohort_adaptive_zscore,svm_rbf,0,0.08425486219517965,0.4649205559289358,full_discovery_fixed_200
TCGA_to_GEO,GSE26682,GSM656847,target_cohort_adaptive_zscore,svm_rbf,0,0.20150669231056653,0.4649205559289358,full_discovery_fixed_200
TCGA_to_GEO,GSE26682,GSM656849,target_cohort_adaptive_zscore,svm_rbf,1,0.7202451369738784,0.4649205559289358,full_discovery_fixed_200
TCGA_to_GEO,GSE26682,GSM656850,target_cohort_adaptive_zscore,svm_rbf,1,0.07511750286693025,0.4649205559289358,full_discovery_fixed_200
TCGA_to_GEO,GSE26682,GSM656851,target_cohort_adaptive_zscore,svm_rbf,1,0.8798808941330395,0.4649205559289358,full_discovery_fixed_200
TCGA_to_GEO,GSE26682,GSM656853,target_cohort_adaptive_zscore,svm_rbf,0,0.01379382880303955,0.4649205559289358,full_discovery_fixed_200
TCGA_to_GEO,GSE26682,GSM656854,target_cohort_adaptive_zscore,svm_rbf,1,0.9887960229808646,0.4649205559289358,full_discovery_fixed_200
TCGA_to_GEO,GSE26682,GSM656857,target_cohort_adaptive_zscore,svm_rbf,0,0.06340508068474328,0.4649205559289358,full_discovery_fixed_200
TCGA_to_GEO,GSE26682,GSM656858,target_cohort_adaptive_zscore,svm_rbf,0,0.011540333640792726,0.4649205559289358,full_discovery_fixed_200
TCGA_to_GEO,GSE26682,GSM656859,target_cohort_adaptive_zscore,svm_rbf,0,0.4657256664815458,0.4649205559289358,full_discovery_fixed_200
TCGA_to_GEO,GSE26682,GSM656860,target_cohort_adaptive_zscore,svm_rbf,0,0.48851716102631876,0.4649205559289358,full_discovery_fixed_200
TCGA_to_GEO,GSE26682,GSM656861,target_cohort_adaptive_zscore,svm_rbf,0,0.004539772291669833,0.4649205559289358,full_discovery_fixed_200
TCGA_to_GEO,GSE26682,GSM656863,target_cohort_adaptive_zscore,svm_rbf,0,0.0018536161261099018,0.4649205559289358,full_discovery_fixed_200
TCGA_to_GEO,GSE26682,GSM656864,target_cohort_adaptive_zscore,svm_rbf,1,0.7752287158380559,0.4649205559289358,full_discovery_fixed_200
TCGA_to_GEO,GSE26682,GSM656865,target_cohort_adaptive_zscore,svm_rbf,1,0.027501738023873446,0.4649205559289358,full_discovery_fixed_200
TCGA_to_GEO,GSE26682,GSM656867,target_cohort_adaptive_zscore,svm_rbf,0,0.21586647231400602,0.4649205559289358,full_discovery_fixed_200
TCGA_to_GEO,GSE26682,GSM656868,target_cohort_adaptive_zscore,svm_rbf,0,0.056444282077711946,0.4649205559289358,full_discovery_fixed_200
TCGA_to_GEO,GSE26682,GSM656869,target_cohort_adaptive_zscore,svm_rbf,0,0.03126008115699757,0.4649205559289358,full_discovery_fixed_200
TCGA_to_GEO,GSE26682,GSM656870,target_cohort_adaptive_zscore,svm_rbf,0,0.015077072234589303,0.4649205559289358,full_discovery_fixed_200
TCGA_to_GEO,GSE39084,GSM955440,target_cohort_adaptive_zscore,svm_rbf,0,0.07105445417224396,0.4649205559289358,full_discovery_fixed_200
TCGA_to_GEO,GSE39084,GSM955441,target_cohort_adaptive_zscore,svm_rbf,0,0.0036511881855974134,0.4649205559289358,full_discovery_fixed_200
TCGA_to_GEO,GSE39084,GSM955442,target_cohort_adaptive_zscore,svm_rbf,0,0.036559288873777344,0.4649205559289358,full_discovery_fixed_200
TCGA_to_GEO,GSE39084,GSM955443,target_cohort_adaptive_zscore,svm_rbf,0,0.0973562674034814,0.4649205559289358,full_discovery_fixed_200
TCGA_to_GEO,GSE39084,GSM955444,target_cohort_adaptive_zscore,svm_rbf,0,0.06761882876419127,0.4649205559289358,full_discovery_fixed_200
TCGA_to_GEO,GSE39084,GSM955445,target_cohort_adaptive_zscore,svm_rbf,0,0.00473444968073601,0.4649205559289358,full_discovery_fixed_200
TCGA_to_GEO,GSE39084,GSM955446,target_cohort_adaptive_zscore,svm_rbf,0,0.05474969444010469,0.4649205559289358,full_discovery_fixed_200
TCGA_to_GEO,GSE39084,GSM955447,target_cohort_adaptive_zscore,svm_rbf,1,0.7179576359289548,0.4649205559289358,full_discovery_fixed_200
TCGA_to_GEO,GSE39084,GSM955448,target_cohort_adaptive_zscore,svm_rbf,1,0.7646206160603214,0.4649205559289358,full_discovery_fixed_200
TCGA_to_GEO,GSE39084,GSM955449,target_cohort_adaptive_zscore,svm_rbf,0,0.0012724040289991613,0.4649205559289358,full_discovery_fixed_200
TCGA_to_GEO,GSE39084,GSM955450,target_cohort_adaptive_zscore,svm_rbf,0,0.0026803128697727593,0.4649205559289358,full_discovery_fixed_200
TCGA_to_GEO,GSE39084,GSM955451,target_cohort_adaptive_zscore,svm_rbf,0,0.004195699973644753,0.4649205559289358,full_discovery_fixed_200
TCGA_to_GEO,GSE39084,GSM955452,target_cohort_adaptive_zscore,svm_rbf,0,0.0019533067881580286,0.4649205559289358,full_discovery_fixed_200
TCGA_to_GEO,GSE39084,GSM955453,target_cohort_adaptive_zscore,svm_rbf,0,0.001035882475886286,0.4649205559289358,full_discovery_fixed_200
TCGA_to_GEO,GSE39084,GSM955455,target_cohort_adaptive_zscore,svm_rbf,0,0.35801198618607316,0.4649205559289358,full_discovery_fixed_200
TCGA_to_GEO,GSE39084,GSM955456,target_cohort_adaptive_zscore,svm_rbf,0,0.008539178698563672,0.4649205559289358,full_discovery_fixed_200
TCGA_to_GEO,GSE39084,GSM955457,target_cohort_adaptive_zscore,svm_rbf,0,0.13116647341099663,0.4649205559289358,full_discovery_fixed_200
TCGA_to_GEO,GSE39084,GSM955458,target_cohort_adaptive_zscore,svm_rbf,1,0.6769094668717666,0.4649205559289358,full_discovery_fixed_200
TCGA_to_GEO,GSE39084,GSM955459,target_cohort_adaptive_zscore,svm_rbf,1,0.6826781453516026,0.4649205559289358,full_discovery_fixed_200
TCGA_to_GEO,GSE39084,GSM955460,target_cohort_adaptive_zscore,svm_rbf,1,0.577611180600945,0.4649205559289358,full_discovery_fixed_200
TCGA_to_GEO,GSE39084,GSM955461,target_cohort_adaptive_zscore,svm_rbf,1,0.018513133255923124,0.4649205559289358,full_discovery_fixed_200
TCGA_to_GEO,GSE39084,GSM955462,target_cohort_adaptive_zscore,svm_rbf,0,0.3003560284901919,0.4649205559289358,full_discovery_fixed_200
TCGA_to_GEO,GSE39084,GSM955463,target_cohort_adaptive_zscore,svm_rbf,0,0.018486134315103302,0.4649205559289358,full_discovery_fixed_200
TCGA_to_GEO,GSE39084,GSM955464,target_cohort_adaptive_zscore,svm_rbf,0,0.04851728717420653,0.4649205559289358,full_discovery_fixed_200
TCGA_to_GEO,GSE39084,GSM955466,target_cohort_adaptive_zscore,svm_rbf,1,0.536889042268439,0.4649205559289358,full_discovery_fixed_200
TCGA_to_GEO,GSE39084,GSM955467,target_cohort_adaptive_zscore,svm_rbf,1,0.6271334998099473,0.4649205559289358,full_discovery_fixed_200
TCGA_to_GEO,GSE39084,GSM955468,target_cohort_adaptive_zscore,svm_rbf,1,0.949135375627947,0.4649205559289358,full_discovery_fixed_200
TCGA_to_GEO,GSE39084,GSM955469,target_cohort_adaptive_zscore,svm_rbf,1,0.899067499386663,0.4649205559289358,full_discovery_fixed_200
TCGA_to_GEO,GSE39084,GSM955470,target_cohort_adaptive_zscore,svm_rbf,1,0.9934768177310099,0.4649205559289358,full_discovery_fixed_200
TCGA_to_GEO,GSE39084,GSM955471,target_cohort_adaptive_zscore,svm_rbf,1,0.995767628679693,0.4649205559289358,full_discovery_fixed_200
TCGA_to_GEO,GSE39084,GSM955472,target_cohort_adaptive_zscore,svm_rbf,1,0.9953670648702181,0.4649205559289358,full_discovery_fixed_200
TCGA_to_GEO,GSE39084,GSM955473,target_cohort_adaptive_zscore,svm_rbf,1,0.8965682588545794,0.4649205559289358,full_discovery_fixed_200
TCGA_to_GEO,GSE39084,GSM955474,target_cohort_adaptive_zscore,svm_rbf,0,0.030142993384849943,0.4649205559289358,full_discovery_fixed_200
TCGA_to_GEO,GSE39084,GSM955475,target_cohort_adaptive_zscore,svm_rbf,0,0.16134226461262563,0.4649205559289358,full_discovery_fixed_200
TCGA_to_GEO,GSE39084,GSM955476,target_cohort_adaptive_zscore,svm_rbf,0,0.03782092008905469,0.4649205559289358,full_discovery_fixed_200
TCGA_to_GEO,GSE39084,GSM955477,target_cohort_adaptive_zscore,svm_rbf,0,0.3696260193553988,0.4649205559289358,full_discovery_fixed_200
TCGA_to_GEO,GSE39084,GSM955478,target_cohort_adaptive_zscore,svm_rbf,0,0.036915359361652335,0.4649205559289358,full_discovery_fixed_200
TCGA_to_GEO,GSE39084,GSM955479,target_cohort_adaptive_zscore,svm_rbf,0,0.017199865946913726,0.4649205559289358,full_discovery_fixed_200
TCGA_to_GEO,GSE39084,GSM955480,target_cohort_adaptive_zscore,svm_rbf,0,0.06730844521726803,0.4649205559289358,full_discovery_fixed_200
TCGA_to_GEO,GSE39084,GSM955482,target_cohort_adaptive_zscore,svm_rbf,0,0.008566548668719101,0.4649205559289358,full_discovery_fixed_200
TCGA_to_GEO,GSE39084,GSM955483,target_cohort_adaptive_zscore,svm_rbf,0,0.06098296734341778,0.4649205559289358,full_discovery_fixed_200
TCGA_to_GEO,GSE39084,GSM955484,target_cohort_adaptive_zscore,svm_rbf,0,0.012692722738287024,0.4649205559289358,full_discovery_fixed_200
TCGA_to_GEO,GSE39084,GSM955485,target_cohort_adaptive_zscore,svm_rbf,0,0.01971778727450399,0.4649205559289358,full_discovery_fixed_200
TCGA_to_GEO,GSE39084,GSM955486,target_cohort_adaptive_zscore,svm_rbf,0,0.0014514406308454412,0.4649205559289358,full_discovery_fixed_200
TCGA_to_GEO,GSE39084,GSM955487,target_cohort_adaptive_zscore,svm_rbf,0,0.6603510362178878,0.4649205559289358,full_discovery_fixed_200
TCGA_to_GEO,GSE39084,GSM955488,target_cohort_adaptive_zscore,svm_rbf,0,0.7712817001497717,0.4649205559289358,full_discovery_fixed_200
TCGA_to_GEO,GSE39084,GSM955489,target_cohort_adaptive_zscore,svm_rbf,0,0.0020190215092217743,0.4649205559289358,full_discovery_fixed_200
TCGA_to_GEO,GSE39084,GSM955490,target_cohort_adaptive_zscore,svm_rbf,0,0.0064820511575629505,0.4649205559289358,full_discovery_fixed_200
TCGA_to_GEO,GSE39084,GSM955491,target_cohort_adaptive_zscore,svm_rbf,0,0.002283957486654797,0.4649205559289358,full_discovery_fixed_200
TCGA_to_GEO,GSE39084,GSM955492,target_cohort_adaptive_zscore,svm_rbf,0,0.11668369805216895,0.4649205559289358,full_discovery_fixed_200
TCGA_to_GEO,GSE39084,GSM955493,target_cohort_adaptive_zscore,svm_rbf,0,0.0015226114427009509,0.4649205559289358,full_discovery_fixed_200
TCGA_to_GEO,GSE39084,GSM955494,target_cohort_adaptive_zscore,svm_rbf,0,0.38802481924132315,0.4649205559289358,full_discovery_fixed_200
TCGA_to_GEO,GSE39084,GSM955495,target_cohort_adaptive_zscore,svm_rbf,0,0.004482985999992767,0.4649205559289358,full_discovery_fixed_200
TCGA_to_GEO,GSE39084,GSM955496,target_cohort_adaptive_zscore,svm_rbf,0,0.001739311082294647,0.4649205559289358,full_discovery_fixed_200
TCGA_to_GEO,GSE39084,GSM955497,target_cohort_adaptive_zscore,svm_rbf,0,0.15389355965438903,0.4649205559289358,full_discovery_fixed_200
TCGA_to_GEO,GSE39084,GSM955498,target_cohort_adaptive_zscore,svm_rbf,0,0.0029551903608327343,0.4649205559289358,full_discovery_fixed_200
TCGA_to_GEO,GSE39084,GSM955499,target_cohort_adaptive_zscore,svm_rbf,0,0.15460511712157826,0.4649205559289358,full_discovery_fixed_200
TCGA_to_GEO,GSE39084,GSM955500,target_cohort_adaptive_zscore,svm_rbf,0,0.4703557087451737,0.4649205559289358,full_discovery_fixed_200
TCGA_to_GEO,GSE39084,GSM955501,target_cohort_adaptive_zscore,svm_rbf,0,0.007402106608985259,0.4649205559289358,full_discovery_fixed_200
TCGA_to_GEO,GSE39084,GSM955502,target_cohort_adaptive_zscore,svm_rbf,0,0.00950964823404737,0.4649205559289358,full_discovery_fixed_200
TCGA_to_GEO,GSE39084,GSM955503,target_cohort_adaptive_zscore,svm_rbf,0,0.011717760021165912,0.4649205559289358,full_discovery_fixed_200
TCGA_to_GEO,GSE39084,GSM955504,target_cohort_adaptive_zscore,svm_rbf,0,0.29655343354037117,0.4649205559289358,full_discovery_fixed_200
TCGA_to_GEO,GSE39084,GSM955505,target_cohort_adaptive_zscore,svm_rbf,0,0.02502784035220831,0.4649205559289358,full_discovery_fixed_200
TCGA_to_GEO,GSE39084,GSM955506,target_cohort_adaptive_zscore,svm_rbf,0,0.013005473552205764,0.4649205559289358,full_discovery_fixed_200
TCGA_to_GEO,GSE39084,GSM955507,target_cohort_adaptive_zscore,svm_rbf,0,0.013994414831760163,0.4649205559289358,full_discovery_fixed_200
TCGA_to_GEO,GSE39084,GSM955508,target_cohort_adaptive_zscore,svm_rbf,1,0.9471419492584833,0.4649205559289358,full_discovery_fixed_200
TCGA_to_GEO,GSE39084,GSM955509,target_cohort_adaptive_zscore,svm_rbf,1,0.2079642825364473,0.4649205559289358,full_discovery_fixed_200
discovery_nested_oof,TCGA_COAD,TCGA-A6-2671-01A,target_cohort_adaptive_zscore,xgboost,0,0.06843733042478561,0.4726989269256592,outer_fold_nested_fixed_200
discovery_nested_oof,TCGA_COAD,TCGA-A6-2672-01A,target_cohort_adaptive_zscore,xgboost,1,0.9648460745811462,0.4726989269256592,outer_fold_nested_fixed_200
discovery_nested_oof,TCGA_COAD,TCGA-A6-2674-01A,target_cohort_adaptive_zscore,xgboost,0,0.24427834153175354,0.4726989269256592,outer_fold_nested_fixed_200
discovery_nested_oof,TCGA_COAD,TCGA-A6-2676-01A,target_cohort_adaptive_zscore,xgboost,1,0.9280165433883667,0.4726989269256592,outer_fold_nested_fixed_200
discovery_nested_oof,TCGA_COAD,TCGA-A6-2677-01A,target_cohort_adaptive_zscore,xgboost,0,0.06855277717113495,0.4726989269256592,outer_fold_nested_fixed_200
discovery_nested_oof,TCGA_COAD,TCGA-A6-2678-01A,target_cohort_adaptive_zscore,xgboost,0,0.07134479284286499,0.4726989269256592,outer_fold_nested_fixed_200
discovery_nested_oof,TCGA_COAD,TCGA-A6-2679-01A,target_cohort_adaptive_zscore,xgboost,0,0.17938216030597687,0.4726989269256592,outer_fold_nested_fixed_200
discovery_nested_oof,TCGA_COAD,TCGA-A6-2680-01A,target_cohort_adaptive_zscore,xgboost,0,0.024833060801029205,0.4726989269256592,outer_fold_nested_fixed_200
discovery_nested_oof,TCGA_COAD,TCGA-A6-2681-01A,target_cohort_adaptive_zscore,xgboost,0,0.02951839007437229,0.4726989269256592,outer_fold_nested_fixed_200
discovery_nested_oof,TCGA_COAD,TCGA-A6-2682-01A,target_cohort_adaptive_zscore,xgboost,0,0.05354827642440796,0.4726989269256592,outer_fold_nested_fixed_200
discovery_nested_oof,TCGA_COAD,TCGA-A6-2685-01A,target_cohort_adaptive_zscore,xgboost,0,0.023200906813144684,0.4726989269256592,outer_fold_nested_fixed_200
discovery_nested_oof,TCGA_COAD,TCGA-A6-2686-01A,target_cohort_adaptive_zscore,xgboost,1,0.8387106657028198,0.4726989269256592,outer_fold_nested_fixed_200
discovery_nested_oof,TCGA_COAD,TCGA-A6-3807-01A,target_cohort_adaptive_zscore,xgboost,0,0.039856161922216415,0.4726989269256592,outer_fold_nested_fixed_200
discovery_nested_oof,TCGA_COAD,TCGA-A6-3809-01A,target_cohort_adaptive_zscore,xgboost,1,0.8582543730735779,0.4726989269256592,outer_fold_nested_fixed_200
discovery_nested_oof,TCGA_COAD,TCGA-A6-3810-01A,target_cohort_adaptive_zscore,xgboost,0,0.11081524938344955,0.4726989269256592,outer_fold_nested_fixed_200
discovery_nested_oof,TCGA_COAD,TCGA-A6-4107-01A,target_cohort_adaptive_zscore,xgboost,0,0.024766774848103523,0.4726989269256592,outer_fold_nested_fixed_200
discovery_nested_oof,TCGA_COAD,TCGA-AA-3488-01A,target_cohort_adaptive_zscore,xgboost,0,0.041295286267995834,0.4726989269256592,outer_fold_nested_fixed_200
discovery_nested_oof,TCGA_COAD,TCGA-AA-3492-01A,target_cohort_adaptive_zscore,xgboost,1,0.6798535585403442,0.4726989269256592,outer_fold_nested_fixed_200
discovery_nested_oof,TCGA_COAD,TCGA-AA-3494-01A,target_cohort_adaptive_zscore,xgboost,0,0.026377923786640167,0.4726989269256592,outer_fold_nested_fixed_200
discovery_nested_oof,TCGA_COAD,TCGA-AA-3495-01A,target_cohort_adaptive_zscore,xgboost,0,0.03145654499530792,0.4726989269256592,outer_fold_nested_fixed_200
discovery_nested_oof,TCGA_COAD,TCGA-AA-3506-01A,target_cohort_adaptive_zscore,xgboost,0,0.03816438093781471,0.4726989269256592,outer_fold_nested_fixed_200
discovery_nested_oof,TCGA_COAD,TCGA-AA-3509-01A,target_cohort_adaptive_zscore,xgboost,0,0.023155556991696358,0.4726989269256592,outer_fold_nested_fixed_200
discovery_nested_oof,TCGA_COAD,TCGA-AA-3510-01A,target_cohort_adaptive_zscore,xgboost,0,0.18412357568740845,0.4726989269256592,outer_fold_nested_fixed_200
discovery_nested_oof,TCGA_COAD,TCGA-AA-3514-01A,target_cohort_adaptive_zscore,xgboost,0,0.044545531272888184,0.4726989269256592,outer_fold_nested_fixed_200
discovery_nested_oof,TCGA_COAD,TCGA-AA-3516-01A,target_cohort_adaptive_zscore,xgboost,1,0.9211769104003906,0.4726989269256592,outer_fold_nested_fixed_200
discovery_nested_oof,TCGA_COAD,TCGA-AA-3518-01A,target_cohort_adaptive_zscore,xgboost,1,0.9534668326377869,0.4726989269256592,outer_fold_nested_fixed_200
discovery_nested_oof,TCGA_COAD,TCGA-AA-3519-01A,target_cohort_adaptive_zscore,xgboost,0,0.02985984832048416,0.4726989269256592,outer_fold_nested_fixed_200
discovery_nested_oof,TCGA_COAD,TCGA-AA-3521-01A,target_cohort_adaptive_zscore,xgboost,0,0.037779003381729126,0.4726989269256592,outer_fold_nested_fixed_200
discovery_nested_oof,TCGA_COAD,TCGA-AA-3522-01A,target_cohort_adaptive_zscore,xgboost,0,0.04451889172196388,0.4726989269256592,outer_fold_nested_fixed_200
discovery_nested_oof,TCGA_COAD,TCGA-AA-3524-01A,target_cohort_adaptive_zscore,xgboost,0,0.06136348098516464,0.4726989269256592,outer_fold_nested_fixed_200
discovery_nested_oof,TCGA_COAD,TCGA-AA-3525-01A,target_cohort_adaptive_zscore,xgboost,1,0.8612087368965149,0.4726989269256592,outer_fold_nested_fixed_200
discovery_nested_oof,TCGA_COAD,TCGA-AA-3527-01A,target_cohort_adaptive_zscore,xgboost,0,0.329474538564682,0.4726989269256592,outer_fold_nested_fixed_200
discovery_nested_oof,TCGA_COAD,TCGA-AA-3530-01A,target_cohort_adaptive_zscore,xgboost,0,0.07565848529338837,0.4726989269256592,outer_fold_nested_fixed_200
discovery_nested_oof,TCGA_COAD,TCGA-AA-3532-01A,target_cohort_adaptive_zscore,xgboost,0,0.03971828520298004,0.4726989269256592,outer_fold_nested_fixed_200
discovery_nested_oof,TCGA_COAD,TCGA-AA-3534-01A,target_cohort_adaptive_zscore,xgboost,0,0.042360275983810425,0.4726989269256592,outer_fold_nested_fixed_200
discovery_nested_oof,TCGA_COAD,TCGA-AA-3538-01A,target_cohort_adaptive_zscore,xgboost,0,0.024760128930211067,0.4726989269256592,outer_fold_nested_fixed_200
discovery_nested_oof,TCGA_COAD,TCGA-AA-3542-01A,target_cohort_adaptive_zscore,xgboost,0,0.24728500843048096,0.4726989269256592,outer_fold_nested_fixed_200
discovery_nested_oof,TCGA_COAD,TCGA-AA-3543-01A,target_cohort_adaptive_zscore,xgboost,1,0.8191525340080261,0.4726989269256592,outer_fold_nested_fixed_200
discovery_nested_oof,TCGA_COAD,TCGA-AA-3544-01A,target_cohort_adaptive_zscore,xgboost,0,0.03257489576935768,0.4726989269256592,outer_fold_nested_fixed_200
discovery_nested_oof,TCGA_COAD,TCGA-AA-3548-01A,target_cohort_adaptive_zscore,xgboost,0,0.02761901170015335,0.4726989269256592,outer_fold_nested_fixed_200
discovery_nested_oof,TCGA_COAD,TCGA-AA-3549-01A,target_cohort_adaptive_zscore,xgboost,0,0.03320233151316643,0.4726989269256592,outer_fold_nested_fixed_200
discovery_nested_oof,TCGA_COAD,TCGA-AA-3552-01A,target_cohort_adaptive_zscore,xgboost,0,0.028850771486759186,0.4726989269256592,outer_fold_nested_fixed_200
discovery_nested_oof,TCGA_COAD,TCGA-AA-3554-01A,target_cohort_adaptive_zscore,xgboost,1,0.4726989269256592,0.4726989269256592,outer_fold_nested_fixed_200
discovery_nested_oof,TCGA_COAD,TCGA-AA-3555-01A,target_cohort_adaptive_zscore,xgboost,0,0.5997105240821838,0.4726989269256592,outer_fold_nested_fixed_200
discovery_nested_oof,TCGA_COAD,TCGA-AA-3556-01A,target_cohort_adaptive_zscore,xgboost,0,0.2452252060174942,0.4726989269256592,outer_fold_nested_fixed_200
discovery_nested_oof,TCGA_COAD,TCGA-AA-3560-01A,target_cohort_adaptive_zscore,xgboost,0,0.05558471009135246,0.4726989269256592,outer_fold_nested_fixed_200
discovery_nested_oof,TCGA_COAD,TCGA-AA-3561-01A,target_cohort_adaptive_zscore,xgboost,0,0.09018215537071228,0.4726989269256592,outer_fold_nested_fixed_200
discovery_nested_oof,TCGA_COAD,TCGA-AA-3562-01A,target_cohort_adaptive_zscore,xgboost,0,0.026503870263695717,0.4726989269256592,outer_fold_nested_fixed_200
discovery_nested_oof,TCGA_COAD,TCGA-AA-3664-01A,target_cohort_adaptive_zscore,xgboost,0,0.427253395318985,0.4726989269256592,outer_fold_nested_fixed_200
discovery_nested_oof,TCGA_COAD,TCGA-AA-3666-01A,target_cohort_adaptive_zscore,xgboost,0,0.02750561200082302,0.4726989269256592,outer_fold_nested_fixed_200
discovery_nested_oof,TCGA_COAD,TCGA-AA-3672-01A,target_cohort_adaptive_zscore,xgboost,1,0.8968713283538818,0.4726989269256592,outer_fold_nested_fixed_200
discovery_nested_oof,TCGA_COAD,TCGA-AA-3673-01A,target_cohort_adaptive_zscore,xgboost,0,0.12736216187477112,0.4726989269256592,outer_fold_nested_fixed_200
discovery_nested_oof,TCGA_COAD,TCGA-AA-3675-01A,target_cohort_adaptive_zscore,xgboost,0,0.04506970942020416,0.4726989269256592,outer_fold_nested_fixed_200
discovery_nested_oof,TCGA_COAD,TCGA-AA-3678-01A,target_cohort_adaptive_zscore,xgboost,0,0.027746928855776787,0.4726989269256592,outer_fold_nested_fixed_200
discovery_nested_oof,TCGA_COAD,TCGA-AA-3679-01A,target_cohort_adaptive_zscore,xgboost,0,0.039415910840034485,0.4726989269256592,outer_fold_nested_fixed_200
discovery_nested_oof,TCGA_COAD,TCGA-AA-3681-01A,target_cohort_adaptive_zscore,xgboost,0,0.09795287251472473,0.4726989269256592,outer_fold_nested_fixed_200
discovery_nested_oof,TCGA_COAD,TCGA-AA-3684-01A,target_cohort_adaptive_zscore,xgboost,0,0.2987526059150696,0.4726989269256592,outer_fold_nested_fixed_200
discovery_nested_oof,TCGA_COAD,TCGA-AA-3685-01A,target_cohort_adaptive_zscore,xgboost,0,0.032580312341451645,0.4726989269256592,outer_fold_nested_fixed_200
discovery_nested_oof,TCGA_COAD,TCGA-AA-3693-01A,target_cohort_adaptive_zscore,xgboost,0,0.024760128930211067,0.4726989269256592,outer_fold_nested_fixed_200
discovery_nested_oof,TCGA_COAD,TCGA-AA-3695-01A,target_cohort_adaptive_zscore,xgboost,0,0.3337310254573822,0.4726989269256592,outer_fold_nested_fixed_200
discovery_nested_oof,TCGA_COAD,TCGA-AA-3696-01A,target_cohort_adaptive_zscore,xgboost,0,0.038731448352336884,0.4726989269256592,outer_fold_nested_fixed_200
discovery_nested_oof,TCGA_COAD,TCGA-AA-3710-01A,target_cohort_adaptive_zscore,xgboost,1,0.9575415849685669,0.4726989269256592,outer_fold_nested_fixed_200
discovery_nested_oof,TCGA_COAD,TCGA-AA-3715-01A,target_cohort_adaptive_zscore,xgboost,1,0.9731921553611755,0.4726989269256592,outer_fold_nested_fixed_200
discovery_nested_oof,TCGA_COAD,TCGA-AA-3811-01A,target_cohort_adaptive_zscore,xgboost,1,0.6802638173103333,0.4726989269256592,outer_fold_nested_fixed_200
discovery_nested_oof,TCGA_COAD,TCGA-AA-3812-01A,target_cohort_adaptive_zscore,xgboost,0,0.06196198612451553,0.4726989269256592,outer_fold_nested_fixed_200
discovery_nested_oof,TCGA_COAD,TCGA-AA-3814-01A,target_cohort_adaptive_zscore,xgboost,0,0.03280874714255333,0.4726989269256592,outer_fold_nested_fixed_200
discovery_nested_oof,TCGA_COAD,TCGA-AA-3815-01A,target_cohort_adaptive_zscore,xgboost,1,0.7910094261169434,0.4726989269256592,outer_fold_nested_fixed_200
discovery_nested_oof,TCGA_COAD,TCGA-AA-3818-01A,target_cohort_adaptive_zscore,xgboost,0,0.03931110352277756,0.4726989269256592,outer_fold_nested_fixed_200
discovery_nested_oof,TCGA_COAD,TCGA-AA-3821-01A,target_cohort_adaptive_zscore,xgboost,1,0.9151764512062073,0.4726989269256592,outer_fold_nested_fixed_200
discovery_nested_oof,TCGA_COAD,TCGA-AA-3831-01A,target_cohort_adaptive_zscore,xgboost,0,0.08869007229804993,0.4726989269256592,outer_fold_nested_fixed_200
discovery_nested_oof,TCGA_COAD,TCGA-AA-3833-01A,target_cohort_adaptive_zscore,xgboost,1,0.8018448948860168,0.4726989269256592,outer_fold_nested_fixed_200
discovery_nested_oof,TCGA_COAD,TCGA-AA-3837-01A,target_cohort_adaptive_zscore,xgboost,0,0.029587293043732643,0.4726989269256592,outer_fold_nested_fixed_200
discovery_nested_oof,TCGA_COAD,TCGA-AA-3841-01A,target_cohort_adaptive_zscore,xgboost,0,0.05166783183813095,0.4726989269256592,outer_fold_nested_fixed_200
discovery_nested_oof,TCGA_COAD,TCGA-AA-3842-01A,target_cohort_adaptive_zscore,xgboost,0,0.6835739612579346,0.4726989269256592,outer_fold_nested_fixed_200
discovery_nested_oof,TCGA_COAD,TCGA-AA-3844-01A,target_cohort_adaptive_zscore,xgboost,0,0.02839743345975876,0.4726989269256592,outer_fold_nested_fixed_200
discovery_nested_oof,TCGA_COAD,TCGA-AA-3845-01A,target_cohort_adaptive_zscore,xgboost,1,0.7798898816108704,0.4726989269256592,outer_fold_nested_fixed_200
discovery_nested_oof,TCGA_COAD,TCGA-AA-3846-01A,target_cohort_adaptive_zscore,xgboost,0,0.05575799196958542,0.4726989269256592,outer_fold_nested_fixed_200
discovery_nested_oof,TCGA_COAD,TCGA-AA-3848-01A,target_cohort_adaptive_zscore,xgboost,0,0.06070798635482788,0.4726989269256592,outer_fold_nested_fixed_200
discovery_nested_oof,TCGA_COAD,TCGA-AA-3850-01A,target_cohort_adaptive_zscore,xgboost,0,0.03052312694489956,0.4726989269256592,outer_fold_nested_fixed_200
discovery_nested_oof,TCGA_COAD,TCGA-AA-3851-01A,target_cohort_adaptive_zscore,xgboost,0,0.0900648906826973,0.4726989269256592,outer_fold_nested_fixed_200
discovery_nested_oof,TCGA_COAD,TCGA-AA-3856-01A,target_cohort_adaptive_zscore,xgboost,0,0.057238392531871796,0.4726989269256592,outer_fold_nested_fixed_200
discovery_nested_oof,TCGA_COAD,TCGA-AA-3858-01A,target_cohort_adaptive_zscore,xgboost,0,0.023200906813144684,0.4726989269256592,outer_fold_nested_fixed_200
discovery_nested_oof,TCGA_COAD,TCGA-AA-3860-01A,target_cohort_adaptive_zscore,xgboost,0,0.07965520024299622,0.4726989269256592,outer_fold_nested_fixed_200
discovery_nested_oof,TCGA_COAD,TCGA-AA-3862-01A,target_cohort_adaptive_zscore,xgboost,0,0.08741924911737442,0.4726989269256592,outer_fold_nested_fixed_200
discovery_nested_oof,TCGA_COAD,TCGA-AA-3864-01A,target_cohort_adaptive_zscore,xgboost,1,0.8516885638237,0.4726989269256592,outer_fold_nested_fixed_200
discovery_nested_oof,TCGA_COAD,TCGA-AA-3867-01A,target_cohort_adaptive_zscore,xgboost,0,0.026906847953796387,0.4726989269256592,outer_fold_nested_fixed_200
discovery_nested_oof,TCGA_COAD,TCGA-AA-3869-01A,target_cohort_adaptive_zscore,xgboost,0,0.025771163403987885,0.4726989269256592,outer_fold_nested_fixed_200
discovery_nested_oof,TCGA_COAD,TCGA-AA-3870-01A,target_cohort_adaptive_zscore,xgboost,0,0.11955787241458893,0.4726989269256592,outer_fold_nested_fixed_200
discovery_nested_oof,TCGA_COAD,TCGA-AA-3872-01A,target_cohort_adaptive_zscore,xgboost,0,0.042288389056921005,0.4726989269256592,outer_fold_nested_fixed_200
discovery_nested_oof,TCGA_COAD,TCGA-AA-3875-01A,target_cohort_adaptive_zscore,xgboost,0,0.030468326061964035,0.4726989269256592,outer_fold_nested_fixed_200
discovery_nested_oof,TCGA_COAD,TCGA-AA-3877-01A,target_cohort_adaptive_zscore,xgboost,1,0.949241042137146,0.4726989269256592,outer_fold_nested_fixed_200
discovery_nested_oof,TCGA_COAD,TCGA-AA-3939-01A,target_cohort_adaptive_zscore,xgboost,0,0.030126255005598068,0.4726989269256592,outer_fold_nested_fixed_200
discovery_nested_oof,TCGA_COAD,TCGA-AA-3947-01A,target_cohort_adaptive_zscore,xgboost,1,0.7521958947181702,0.4726989269256592,outer_fold_nested_fixed_200
discovery_nested_oof,TCGA_COAD,TCGA-AA-3949-01A,target_cohort_adaptive_zscore,xgboost,1,0.970008909702301,0.4726989269256592,outer_fold_nested_fixed_200
discovery_nested_oof,TCGA_COAD,TCGA-AA-3950-01A,target_cohort_adaptive_zscore,xgboost,1,0.841881275177002,0.4726989269256592,outer_fold_nested_fixed_200
discovery_nested_oof,TCGA_COAD,TCGA-AA-3952-01A,target_cohort_adaptive_zscore,xgboost,0,0.08545666188001633,0.4726989269256592,outer_fold_nested_fixed_200
discovery_nested_oof,TCGA_COAD,TCGA-AA-3955-01A,target_cohort_adaptive_zscore,xgboost,0,0.02963373251259327,0.4726989269256592,outer_fold_nested_fixed_200
discovery_nested_oof,TCGA_COAD,TCGA-AA-3956-01A,target_cohort_adaptive_zscore,xgboost,0,0.023200906813144684,0.4726989269256592,outer_fold_nested_fixed_200
discovery_nested_oof,TCGA_COAD,TCGA-AA-3966-01A,target_cohort_adaptive_zscore,xgboost,1,0.9296937584877014,0.4726989269256592,outer_fold_nested_fixed_200
discovery_nested_oof,TCGA_COAD,TCGA-AA-3968-01A,target_cohort_adaptive_zscore,xgboost,0,0.041317135095596313,0.4726989269256592,outer_fold_nested_fixed_200
discovery_nested_oof,TCGA_COAD,TCGA-AA-3970-01A,target_cohort_adaptive_zscore,xgboost,0,0.037545304745435715,0.4726989269256592,outer_fold_nested_fixed_200
discovery_nested_oof,TCGA_COAD,TCGA-AA-3971-01A,target_cohort_adaptive_zscore,xgboost,0,0.0363333486020565,0.4726989269256592,outer_fold_nested_fixed_200
discovery_nested_oof,TCGA_COAD,TCGA-AA-3975-01A,target_cohort_adaptive_zscore,xgboost,0,0.028973061591386795,0.4726989269256592,outer_fold_nested_fixed_200
discovery_nested_oof,TCGA_COAD,TCGA-AA-3976-01A,target_cohort_adaptive_zscore,xgboost,0,0.02553229033946991,0.4726989269256592,outer_fold_nested_fixed_200
discovery_nested_oof,TCGA_COAD,TCGA-AA-3977-01A,target_cohort_adaptive_zscore,xgboost,0,0.6800685524940491,0.4726989269256592,outer_fold_nested_fixed_200
discovery_nested_oof,TCGA_COAD,TCGA-AA-3979-01A,target_cohort_adaptive_zscore,xgboost,0,0.023200906813144684,0.4726989269256592,outer_fold_nested_fixed_200
discovery_nested_oof,TCGA_COAD,TCGA-AA-3980-01A,target_cohort_adaptive_zscore,xgboost,0,0.11616772413253784,0.4726989269256592,outer_fold_nested_fixed_200
discovery_nested_oof,TCGA_COAD,TCGA-AA-3984-01A,target_cohort_adaptive_zscore,xgboost,0,0.07303909957408905,0.4726989269256592,outer_fold_nested_fixed_200
discovery_nested_oof,TCGA_COAD,TCGA-AA-3986-01A,target_cohort_adaptive_zscore,xgboost,0,0.1287463903427124,0.4726989269256592,outer_fold_nested_fixed_200
discovery_nested_oof,TCGA_COAD,TCGA-AA-3989-01A,target_cohort_adaptive_zscore,xgboost,0,0.04591618478298187,0.4726989269256592,outer_fold_nested_fixed_200
discovery_nested_oof,TCGA_COAD,TCGA-AA-3994-01A,target_cohort_adaptive_zscore,xgboost,0,0.3003346621990204,0.4726989269256592,outer_fold_nested_fixed_200
discovery_nested_oof,TCGA_COAD,TCGA-AA-A00A-01A,target_cohort_adaptive_zscore,xgboost,1,0.27950242161750793,0.4726989269256592,outer_fold_nested_fixed_200
discovery_nested_oof,TCGA_COAD,TCGA-AA-A00D-01A,target_cohort_adaptive_zscore,xgboost,0,0.0889614075422287,0.4726989269256592,outer_fold_nested_fixed_200
discovery_nested_oof,TCGA_COAD,TCGA-AA-A00E-01A,target_cohort_adaptive_zscore,xgboost,1,0.9636370539665222,0.4726989269256592,outer_fold_nested_fixed_200
discovery_nested_oof,TCGA_COAD,TCGA-AA-A00F-01A,target_cohort_adaptive_zscore,xgboost,0,0.023200906813144684,0.4726989269256592,outer_fold_nested_fixed_200
discovery_nested_oof,TCGA_COAD,TCGA-AA-A00J-01A,target_cohort_adaptive_zscore,xgboost,1,0.8786181807518005,0.4726989269256592,outer_fold_nested_fixed_200
discovery_nested_oof,TCGA_COAD,TCGA-AA-A00L-01A,target_cohort_adaptive_zscore,xgboost,0,0.03486359491944313,0.4726989269256592,outer_fold_nested_fixed_200
discovery_nested_oof,TCGA_COAD,TCGA-AA-A00Q-01A,target_cohort_adaptive_zscore,xgboost,0,0.024760128930211067,0.4726989269256592,outer_fold_nested_fixed_200
discovery_nested_oof,TCGA_COAD,TCGA-AA-A00R-01A,target_cohort_adaptive_zscore,xgboost,1,0.9575808048248291,0.4726989269256592,outer_fold_nested_fixed_200
discovery_nested_oof,TCGA_COAD,TCGA-AA-A00U-01A,target_cohort_adaptive_zscore,xgboost,0,0.027775870636105537,0.4726989269256592,outer_fold_nested_fixed_200
discovery_nested_oof,TCGA_COAD,TCGA-AA-A00W-01A,target_cohort_adaptive_zscore,xgboost,0,0.02724382095038891,0.4726989269256592,outer_fold_nested_fixed_200
discovery_nested_oof,TCGA_COAD,TCGA-AA-A00Z-01A,target_cohort_adaptive_zscore,xgboost,0,0.027260199189186096,0.4726989269256592,outer_fold_nested_fixed_200
discovery_nested_oof,TCGA_COAD,TCGA-AA-A017-01A,target_cohort_adaptive_zscore,xgboost,0,0.030580570921301842,0.4726989269256592,outer_fold_nested_fixed_200
discovery_nested_oof,TCGA_COAD,TCGA-AA-A01C-01A,target_cohort_adaptive_zscore,xgboost,0,0.027070123702287674,0.4726989269256592,outer_fold_nested_fixed_200
discovery_nested_oof,TCGA_COAD,TCGA-AA-A01D-01A,target_cohort_adaptive_zscore,xgboost,0,0.5407323837280273,0.4726989269256592,outer_fold_nested_fixed_200
discovery_nested_oof,TCGA_COAD,TCGA-AA-A01F-01A,target_cohort_adaptive_zscore,xgboost,0,0.03835441544651985,0.4726989269256592,outer_fold_nested_fixed_200
discovery_nested_oof,TCGA_COAD,TCGA-AA-A01I-01A,target_cohort_adaptive_zscore,xgboost,0,0.0721513032913208,0.4726989269256592,outer_fold_nested_fixed_200
discovery_nested_oof,TCGA_COAD,TCGA-AA-A01K-01A,target_cohort_adaptive_zscore,xgboost,0,0.05367676913738251,0.4726989269256592,outer_fold_nested_fixed_200
discovery_nested_oof,TCGA_COAD,TCGA-AA-A01P-01A,target_cohort_adaptive_zscore,xgboost,1,0.9478810429573059,0.4726989269256592,outer_fold_nested_fixed_200
discovery_nested_oof,TCGA_COAD,TCGA-AA-A01Q-01A,target_cohort_adaptive_zscore,xgboost,1,0.8888891935348511,0.4726989269256592,outer_fold_nested_fixed_200
discovery_nested_oof,TCGA_COAD,TCGA-AA-A01R-01A,target_cohort_adaptive_zscore,xgboost,1,0.2924325466156006,0.4726989269256592,outer_fold_nested_fixed_200
discovery_nested_oof,TCGA_COAD,TCGA-AA-A01T-01A,target_cohort_adaptive_zscore,xgboost,0,0.037501055747270584,0.4726989269256592,outer_fold_nested_fixed_200
discovery_nested_oof,TCGA_COAD,TCGA-AA-A01V-01A,target_cohort_adaptive_zscore,xgboost,0,0.2139807790517807,0.4726989269256592,outer_fold_nested_fixed_200
discovery_nested_oof,TCGA_COAD,TCGA-AA-A01X-01A,target_cohort_adaptive_zscore,xgboost,0,0.03551461920142174,0.4726989269256592,outer_fold_nested_fixed_200
discovery_nested_oof,TCGA_COAD,TCGA-AA-A01Z-01A,target_cohort_adaptive_zscore,xgboost,0,0.17024904489517212,0.4726989269256592,outer_fold_nested_fixed_200
discovery_nested_oof,TCGA_COAD,TCGA-AA-A022-01A,target_cohort_adaptive_zscore,xgboost,1,0.9547834396362305,0.4726989269256592,outer_fold_nested_fixed_200
discovery_nested_oof,TCGA_COAD,TCGA-AA-A02F-01A,target_cohort_adaptive_zscore,xgboost,0,0.06389821320772171,0.4726989269256592,outer_fold_nested_fixed_200
discovery_nested_oof,TCGA_COAD,TCGA-AA-A02H-01A,target_cohort_adaptive_zscore,xgboost,0,0.03152518346905708,0.4726989269256592,outer_fold_nested_fixed_200
discovery_nested_oof,TCGA_COAD,TCGA-AA-A02J-01A,target_cohort_adaptive_zscore,xgboost,0,0.03217887505888939,0.4726989269256592,outer_fold_nested_fixed_200
discovery_nested_oof,TCGA_COAD,TCGA-AA-A02K-01A,target_cohort_adaptive_zscore,xgboost,0,0.04231205955147743,0.4726989269256592,outer_fold_nested_fixed_200
discovery_nested_oof,TCGA_COAD,TCGA-AA-A02O-01A,target_cohort_adaptive_zscore,xgboost,0,0.08826833218336105,0.4726989269256592,outer_fold_nested_fixed_200
discovery_nested_oof,TCGA_COAD,TCGA-AA-A02R-01A,target_cohort_adaptive_zscore,xgboost,1,0.9774086475372314,0.4726989269256592,outer_fold_nested_fixed_200
discovery_nested_oof,TCGA_COAD,TCGA-AA-A02Y-01A,target_cohort_adaptive_zscore,xgboost,0,0.0408090315759182,0.4726989269256592,outer_fold_nested_fixed_200
discovery_nested_oof,TCGA_COAD,TCGA-AA-A03F-01A,target_cohort_adaptive_zscore,xgboost,0,0.3443243205547333,0.4726989269256592,outer_fold_nested_fixed_200
discovery_nested_oof,TCGA_COAD,TCGA-AA-A03J-01A,target_cohort_adaptive_zscore,xgboost,0,0.07251382619142532,0.4726989269256592,outer_fold_nested_fixed_200
discovery_nested_oof,TCGA_COAD,TCGA-AY-4070-01A,target_cohort_adaptive_zscore,xgboost,0,0.03520949184894562,0.4726989269256592,outer_fold_nested_fixed_200
discovery_nested_oof,TCGA_COAD,TCGA-AY-4071-01A,target_cohort_adaptive_zscore,xgboost,0,0.024766774848103523,0.4726989269256592,outer_fold_nested_fixed_200
discovery_nested_oof,TCGA_COAD,TCGA-AZ-4308-01A,target_cohort_adaptive_zscore,xgboost,0,0.20982763171195984,0.4726989269256592,outer_fold_nested_fixed_200
discovery_nested_oof,TCGA_COAD,TCGA-AZ-4313-01A,target_cohort_adaptive_zscore,xgboost,1,0.6430869698524475,0.4726989269256592,outer_fold_nested_fixed_200
discovery_nested_oof,TCGA_COAD,TCGA-AZ-4315-01A,target_cohort_adaptive_zscore,xgboost,0,0.2869007885456085,0.4726989269256592,outer_fold_nested_fixed_200
discovery_nested_oof,TCGA_COAD,TCGA-AZ-4615-01A,target_cohort_adaptive_zscore,xgboost,1,0.8130079507827759,0.4726989269256592,outer_fold_nested_fixed_200
discovery_nested_oof,TCGA_COAD,TCGA-AZ-4681-01A,target_cohort_adaptive_zscore,xgboost,0,0.047335103154182434,0.4726989269256592,outer_fold_nested_fixed_200
discovery_nested_oof,TCGA_COAD,TCGA-AZ-4682-01B,target_cohort_adaptive_zscore,xgboost,0,0.028511978685855865,0.4726989269256592,outer_fold_nested_fixed_200
discovery_nested_oof,TCGA_COAD,TCGA-CA-5256-01A,target_cohort_adaptive_zscore,xgboost,0,0.0436868779361248,0.4726989269256592,outer_fold_nested_fixed_200
discovery_nested_oof,TCGA_COAD,TCGA-CK-4951-01A,target_cohort_adaptive_zscore,xgboost,1,0.8909052610397339,0.4726989269256592,outer_fold_nested_fixed_200
discovery_nested_oof,TCGA_COAD,TCGA-CM-4744-01A,target_cohort_adaptive_zscore,xgboost,0,0.11680722236633301,0.4726989269256592,outer_fold_nested_fixed_200
discovery_nested_oof,TCGA_COAD,TCGA-CM-4746-01A,target_cohort_adaptive_zscore,xgboost,1,0.2159808725118637,0.4726989269256592,outer_fold_nested_fixed_200
discovery_nested_oof,TCGA_COAD,TCGA-CM-4748-01A,target_cohort_adaptive_zscore,xgboost,0,0.08955415338277817,0.4726989269256592,outer_fold_nested_fixed_200
discovery_nested_oof,TCGA_COAD,TCGA-CM-4752-01A,target_cohort_adaptive_zscore,xgboost,0,0.037073127925395966,0.4726989269256592,outer_fold_nested_fixed_200
discovery_nested_oof,TCGA_COAD,TCGA-CM-5341-01A,target_cohort_adaptive_zscore,xgboost,0,0.09368535131216049,0.4726989269256592,outer_fold_nested_fixed_200
TCGA_to_GEO,GSE13294,GSM335510,target_cohort_adaptive_zscore,xgboost,0,0.03183849900960922,0.4726989269256592,full_discovery_fixed_200
TCGA_to_GEO,GSE13294,GSM335511,target_cohort_adaptive_zscore,xgboost,1,0.3107348382472992,0.4726989269256592,full_discovery_fixed_200
TCGA_to_GEO,GSE13294,GSM335512,target_cohort_adaptive_zscore,xgboost,0,0.12497223168611526,0.4726989269256592,full_discovery_fixed_200
TCGA_to_GEO,GSE13294,GSM335513,target_cohort_adaptive_zscore,xgboost,0,0.014914508908987045,0.4726989269256592,full_discovery_fixed_200
TCGA_to_GEO,GSE13294,GSM335514,target_cohort_adaptive_zscore,xgboost,0,0.016018373891711235,0.4726989269256592,full_discovery_fixed_200
TCGA_to_GEO,GSE13294,GSM335515,target_cohort_adaptive_zscore,xgboost,0,0.03900012746453285,0.4726989269256592,full_discovery_fixed_200
TCGA_to_GEO,GSE13294,GSM335516,target_cohort_adaptive_zscore,xgboost,0,0.016188420355319977,0.4726989269256592,full_discovery_fixed_200
TCGA_to_GEO,GSE13294,GSM335517,target_cohort_adaptive_zscore,xgboost,0,0.018453357741236687,0.4726989269256592,full_discovery_fixed_200
TCGA_to_GEO,GSE13294,GSM335518,target_cohort_adaptive_zscore,xgboost,1,0.5033730864524841,0.4726989269256592,full_discovery_fixed_200
TCGA_to_GEO,GSE13294,GSM335519,target_cohort_adaptive_zscore,xgboost,1,0.1095714196562767,0.4726989269256592,full_discovery_fixed_200
TCGA_to_GEO,GSE13294,GSM335520,target_cohort_adaptive_zscore,xgboost,0,0.20952993631362915,0.4726989269256592,full_discovery_fixed_200
TCGA_to_GEO,GSE13294,GSM335521,target_cohort_adaptive_zscore,xgboost,0,0.015811318531632423,0.4726989269256592,full_discovery_fixed_200
TCGA_to_GEO,GSE13294,GSM335522,target_cohort_adaptive_zscore,xgboost,0,0.07019815593957901,0.4726989269256592,full_discovery_fixed_200
TCGA_to_GEO,GSE13294,GSM335523,target_cohort_adaptive_zscore,xgboost,0,0.05356909707188606,0.4726989269256592,full_discovery_fixed_200
TCGA_to_GEO,GSE13294,GSM335524,target_cohort_adaptive_zscore,xgboost,0,0.027338875457644463,0.4726989269256592,full_discovery_fixed_200
TCGA_to_GEO,GSE13294,GSM335525,target_cohort_adaptive_zscore,xgboost,1,0.5096613168716431,0.4726989269256592,full_discovery_fixed_200
TCGA_to_GEO,GSE13294,GSM335526,target_cohort_adaptive_zscore,xgboost,0,0.03791477903723717,0.4726989269256592,full_discovery_fixed_200
TCGA_to_GEO,GSE13294,GSM335527,target_cohort_adaptive_zscore,xgboost,1,0.18581756949424744,0.4726989269256592,full_discovery_fixed_200
TCGA_to_GEO,GSE13294,GSM335528,target_cohort_adaptive_zscore,xgboost,0,0.02284242957830429,0.4726989269256592,full_discovery_fixed_200
TCGA_to_GEO,GSE13294,GSM335529,target_cohort_adaptive_zscore,xgboost,1,0.08927567303180695,0.4726989269256592,full_discovery_fixed_200
TCGA_to_GEO,GSE13294,GSM335530,target_cohort_adaptive_zscore,xgboost,1,0.49888134002685547,0.4726989269256592,full_discovery_fixed_200
TCGA_to_GEO,GSE13294,GSM335531,target_cohort_adaptive_zscore,xgboost,0,0.019204197451472282,0.4726989269256592,full_discovery_fixed_200
TCGA_to_GEO,GSE13294,GSM335532,target_cohort_adaptive_zscore,xgboost,1,0.5483958721160889,0.4726989269256592,full_discovery_fixed_200
TCGA_to_GEO,GSE13294,GSM335533,target_cohort_adaptive_zscore,xgboost,0,0.02694334089756012,0.4726989269256592,full_discovery_fixed_200
TCGA_to_GEO,GSE13294,GSM335534,target_cohort_adaptive_zscore,xgboost,0,0.026656756177544594,0.4726989269256592,full_discovery_fixed_200
TCGA_to_GEO,GSE13294,GSM335535,target_cohort_adaptive_zscore,xgboost,0,0.02698451839387417,0.4726989269256592,full_discovery_fixed_200
TCGA_to_GEO,GSE13294,GSM335536,target_cohort_adaptive_zscore,xgboost,0,0.021384837105870247,0.4726989269256592,full_discovery_fixed_200
TCGA_to_GEO,GSE13294,GSM335537,target_cohort_adaptive_zscore,xgboost,0,0.01735111139714718,0.4726989269256592,full_discovery_fixed_200
TCGA_to_GEO,GSE13294,GSM335538,target_cohort_adaptive_zscore,xgboost,0,0.012277073226869106,0.4726989269256592,full_discovery_fixed_200
TCGA_to_GEO,GSE13294,GSM335539,target_cohort_adaptive_zscore,xgboost,0,0.01681397669017315,0.4726989269256592,full_discovery_fixed_200
TCGA_to_GEO,GSE13294,GSM335540,target_cohort_adaptive_zscore,xgboost,0,0.07094751298427582,0.4726989269256592,full_discovery_fixed_200
TCGA_to_GEO,GSE13294,GSM335541,target_cohort_adaptive_zscore,xgboost,1,0.20941443741321564,0.4726989269256592,full_discovery_fixed_200
TCGA_to_GEO,GSE13294,GSM335542,target_cohort_adaptive_zscore,xgboost,1,0.21321536600589752,0.4726989269256592,full_discovery_fixed_200
TCGA_to_GEO,GSE13294,GSM335543,target_cohort_adaptive_zscore,xgboost,1,0.2570424973964691,0.4726989269256592,full_discovery_fixed_200
TCGA_to_GEO,GSE13294,GSM335544,target_cohort_adaptive_zscore,xgboost,1,0.4886794686317444,0.4726989269256592,full_discovery_fixed_200
TCGA_to_GEO,GSE13294,GSM335545,target_cohort_adaptive_zscore,xgboost,1,0.28182557225227356,0.4726989269256592,full_discovery_fixed_200
TCGA_to_GEO,GSE13294,GSM335546,target_cohort_adaptive_zscore,xgboost,1,0.29223236441612244,0.4726989269256592,full_discovery_fixed_200
TCGA_to_GEO,GSE13294,GSM335547,target_cohort_adaptive_zscore,xgboost,0,0.247384712100029,0.4726989269256592,full_discovery_fixed_200
TCGA_to_GEO,GSE13294,GSM335548,target_cohort_adaptive_zscore,xgboost,0,0.017609743401408195,0.4726989269256592,full_discovery_fixed_200
TCGA_to_GEO,GSE13294,GSM335549,target_cohort_adaptive_zscore,xgboost,0,0.016718752682209015,0.4726989269256592,full_discovery_fixed_200
TCGA_to_GEO,GSE13294,GSM335550,target_cohort_adaptive_zscore,xgboost,0,0.060115229338407516,0.4726989269256592,full_discovery_fixed_200
TCGA_to_GEO,GSE13294,GSM335551,target_cohort_adaptive_zscore,xgboost,1,0.568172037601471,0.4726989269256592,full_discovery_fixed_200
TCGA_to_GEO,GSE13294,GSM335552,target_cohort_adaptive_zscore,xgboost,0,0.0791994035243988,0.4726989269256592,full_discovery_fixed_200
TCGA_to_GEO,GSE13294,GSM335553,target_cohort_adaptive_zscore,xgboost,0,0.01651393622159958,0.4726989269256592,full_discovery_fixed_200
TCGA_to_GEO,GSE13294,GSM335554,target_cohort_adaptive_zscore,xgboost,0,0.013142868876457214,0.4726989269256592,full_discovery_fixed_200
TCGA_to_GEO,GSE13294,GSM335555,target_cohort_adaptive_zscore,xgboost,1,0.8289486169815063,0.4726989269256592,full_discovery_fixed_200
TCGA_to_GEO,GSE13294,GSM335556,target_cohort_adaptive_zscore,xgboost,0,0.016938701272010803,0.4726989269256592,full_discovery_fixed_200
TCGA_to_GEO,GSE13294,GSM335557,target_cohort_adaptive_zscore,xgboost,0,0.018356487154960632,0.4726989269256592,full_discovery_fixed_200
TCGA_to_GEO,GSE13294,GSM335558,target_cohort_adaptive_zscore,xgboost,0,0.02274349145591259,0.4726989269256592,full_discovery_fixed_200
TCGA_to_GEO,GSE13294,GSM335559,target_cohort_adaptive_zscore,xgboost,1,0.6037275195121765,0.4726989269256592,full_discovery_fixed_200
TCGA_to_GEO,GSE13294,GSM335560,target_cohort_adaptive_zscore,xgboost,1,0.7516221404075623,0.4726989269256592,full_discovery_fixed_200
TCGA_to_GEO,GSE13294,GSM335561,target_cohort_adaptive_zscore,xgboost,0,0.013291005045175552,0.4726989269256592,full_discovery_fixed_200
TCGA_to_GEO,GSE13294,GSM335562,target_cohort_adaptive_zscore,xgboost,1,0.24918381869792938,0.4726989269256592,full_discovery_fixed_200
TCGA_to_GEO,GSE13294,GSM335563,target_cohort_adaptive_zscore,xgboost,1,0.1975983828306198,0.4726989269256592,full_discovery_fixed_200
TCGA_to_GEO,GSE13294,GSM335564,target_cohort_adaptive_zscore,xgboost,0,0.022495822980999947,0.4726989269256592,full_discovery_fixed_200
TCGA_to_GEO,GSE13294,GSM335565,target_cohort_adaptive_zscore,xgboost,1,0.963736891746521,0.4726989269256592,full_discovery_fixed_200
TCGA_to_GEO,GSE13294,GSM335566,target_cohort_adaptive_zscore,xgboost,1,0.7099929451942444,0.4726989269256592,full_discovery_fixed_200
TCGA_to_GEO,GSE13294,GSM335567,target_cohort_adaptive_zscore,xgboost,0,0.013413057662546635,0.4726989269256592,full_discovery_fixed_200
TCGA_to_GEO,GSE13294,GSM335568,target_cohort_adaptive_zscore,xgboost,0,0.01432493980973959,0.4726989269256592,full_discovery_fixed_200
TCGA_to_GEO,GSE13294,GSM335569,target_cohort_adaptive_zscore,xgboost,0,0.017004698514938354,0.4726989269256592,full_discovery_fixed_200
TCGA_to_GEO,GSE13294,GSM335570,target_cohort_adaptive_zscore,xgboost,0,0.28680384159088135,0.4726989269256592,full_discovery_fixed_200
TCGA_to_GEO,GSE13294,GSM335571,target_cohort_adaptive_zscore,xgboost,0,0.011919047683477402,0.4726989269256592,full_discovery_fixed_200
TCGA_to_GEO,GSE13294,GSM335572,target_cohort_adaptive_zscore,xgboost,0,0.02066802978515625,0.4726989269256592,full_discovery_fixed_200
TCGA_to_GEO,GSE13294,GSM335573,target_cohort_adaptive_zscore,xgboost,1,0.02821454592049122,0.4726989269256592,full_discovery_fixed_200
TCGA_to_GEO,GSE13294,GSM335574,target_cohort_adaptive_zscore,xgboost,1,0.658035933971405,0.4726989269256592,full_discovery_fixed_200
TCGA_to_GEO,GSE13294,GSM335575,target_cohort_adaptive_zscore,xgboost,0,0.021081678569316864,0.4726989269256592,full_discovery_fixed_200
TCGA_to_GEO,GSE13294,GSM335576,target_cohort_adaptive_zscore,xgboost,1,0.5445393323898315,0.4726989269256592,full_discovery_fixed_200
TCGA_to_GEO,GSE13294,GSM335577,target_cohort_adaptive_zscore,xgboost,1,0.458671897649765,0.4726989269256592,full_discovery_fixed_200
TCGA_to_GEO,GSE13294,GSM335578,target_cohort_adaptive_zscore,xgboost,1,0.13135729730129242,0.4726989269256592,full_discovery_fixed_200
TCGA_to_GEO,GSE13294,GSM335579,target_cohort_adaptive_zscore,xgboost,0,0.03619632497429848,0.4726989269256592,full_discovery_fixed_200
TCGA_to_GEO,GSE13294,GSM335580,target_cohort_adaptive_zscore,xgboost,0,0.0949614867568016,0.4726989269256592,full_discovery_fixed_200
TCGA_to_GEO,GSE13294,GSM335581,target_cohort_adaptive_zscore,xgboost,0,0.17286357283592224,0.4726989269256592,full_discovery_fixed_200
TCGA_to_GEO,GSE13294,GSM335582,target_cohort_adaptive_zscore,xgboost,0,0.023413702845573425,0.4726989269256592,full_discovery_fixed_200
TCGA_to_GEO,GSE13294,GSM335583,target_cohort_adaptive_zscore,xgboost,0,0.02252713218331337,0.4726989269256592,full_discovery_fixed_200
TCGA_to_GEO,GSE13294,GSM335584,target_cohort_adaptive_zscore,xgboost,0,0.01079551037400961,0.4726989269256592,full_discovery_fixed_200
TCGA_to_GEO,GSE13294,GSM335585,target_cohort_adaptive_zscore,xgboost,1,0.9066895246505737,0.4726989269256592,full_discovery_fixed_200
TCGA_to_GEO,GSE13294,GSM335586,target_cohort_adaptive_zscore,xgboost,0,0.02319711446762085,0.4726989269256592,full_discovery_fixed_200
TCGA_to_GEO,GSE13294,GSM335587,target_cohort_adaptive_zscore,xgboost,0,0.08998706191778183,0.4726989269256592,full_discovery_fixed_200
TCGA_to_GEO,GSE13294,GSM335588,target_cohort_adaptive_zscore,xgboost,0,0.014589603058993816,0.4726989269256592,full_discovery_fixed_200
TCGA_to_GEO,GSE13294,GSM335589,target_cohort_adaptive_zscore,xgboost,0,0.015022859908640385,0.4726989269256592,full_discovery_fixed_200
TCGA_to_GEO,GSE13294,GSM335590,target_cohort_adaptive_zscore,xgboost,0,0.1140657365322113,0.4726989269256592,full_discovery_fixed_200
TCGA_to_GEO,GSE13294,GSM335591,target_cohort_adaptive_zscore,xgboost,0,0.01652478240430355,0.4726989269256592,full_discovery_fixed_200
TCGA_to_GEO,GSE13294,GSM335592,target_cohort_adaptive_zscore,xgboost,0,0.05234628543257713,0.4726989269256592,full_discovery_fixed_200
TCGA_to_GEO,GSE13294,GSM335593,target_cohort_adaptive_zscore,xgboost,0,0.014991993084549904,0.4726989269256592,full_discovery_fixed_200
TCGA_to_GEO,GSE13294,GSM335594,target_cohort_adaptive_zscore,xgboost,0,0.030212150886654854,0.4726989269256592,full_discovery_fixed_200
TCGA_to_GEO,GSE13294,GSM335595,target_cohort_adaptive_zscore,xgboost,1,0.2839943468570709,0.4726989269256592,full_discovery_fixed_200
TCGA_to_GEO,GSE13294,GSM335596,target_cohort_adaptive_zscore,xgboost,0,0.041014935821294785,0.4726989269256592,full_discovery_fixed_200
TCGA_to_GEO,GSE13294,GSM335597,target_cohort_adaptive_zscore,xgboost,1,0.5201119184494019,0.4726989269256592,full_discovery_fixed_200
TCGA_to_GEO,GSE13294,GSM335598,target_cohort_adaptive_zscore,xgboost,0,0.01110044214874506,0.4726989269256592,full_discovery_fixed_200
TCGA_to_GEO,GSE13294,GSM335599,target_cohort_adaptive_zscore,xgboost,0,0.06728009134531021,0.4726989269256592,full_discovery_fixed_200
TCGA_to_GEO,GSE13294,GSM335600,target_cohort_adaptive_zscore,xgboost,0,0.021715188398957253,0.4726989269256592,full_discovery_fixed_200
TCGA_to_GEO,GSE13294,GSM335601,target_cohort_adaptive_zscore,xgboost,0,0.1600607931613922,0.4726989269256592,full_discovery_fixed_200
TCGA_to_GEO,GSE13294,GSM335602,target_cohort_adaptive_zscore,xgboost,0,0.01899634674191475,0.4726989269256592,full_discovery_fixed_200
TCGA_to_GEO,GSE13294,GSM335603,target_cohort_adaptive_zscore,xgboost,0,0.017110183835029602,0.4726989269256592,full_discovery_fixed_200
TCGA_to_GEO,GSE13294,GSM335604,target_cohort_adaptive_zscore,xgboost,0,0.07267693430185318,0.4726989269256592,full_discovery_fixed_200
TCGA_to_GEO,GSE13294,GSM335605,target_cohort_adaptive_zscore,xgboost,0,0.03593403100967407,0.4726989269256592,full_discovery_fixed_200
TCGA_to_GEO,GSE13294,GSM335606,target_cohort_adaptive_zscore,xgboost,0,0.011071387678384781,0.4726989269256592,full_discovery_fixed_200
TCGA_to_GEO,GSE13294,GSM335607,target_cohort_adaptive_zscore,xgboost,0,0.08830782771110535,0.4726989269256592,full_discovery_fixed_200
TCGA_to_GEO,GSE13294,GSM335608,target_cohort_adaptive_zscore,xgboost,0,0.12375609576702118,0.4726989269256592,full_discovery_fixed_200
TCGA_to_GEO,GSE13294,GSM335609,target_cohort_adaptive_zscore,xgboost,0,0.02095126174390316,0.4726989269256592,full_discovery_fixed_200
TCGA_to_GEO,GSE13294,GSM335610,target_cohort_adaptive_zscore,xgboost,0,0.010308699682354927,0.4726989269256592,full_discovery_fixed_200
TCGA_to_GEO,GSE13294,GSM335611,target_cohort_adaptive_zscore,xgboost,0,0.02624393440783024,0.4726989269256592,full_discovery_fixed_200
TCGA_to_GEO,GSE13294,GSM335612,target_cohort_adaptive_zscore,xgboost,0,0.019976874813437462,0.4726989269256592,full_discovery_fixed_200
TCGA_to_GEO,GSE13294,GSM335613,target_cohort_adaptive_zscore,xgboost,0,0.026625126600265503,0.4726989269256592,full_discovery_fixed_200
TCGA_to_GEO,GSE13294,GSM335614,target_cohort_adaptive_zscore,xgboost,1,0.9371323585510254,0.4726989269256592,full_discovery_fixed_200
TCGA_to_GEO,GSE13294,GSM335615,target_cohort_adaptive_zscore,xgboost,0,0.021739620715379715,0.4726989269256592,full_discovery_fixed_200
TCGA_to_GEO,GSE13294,GSM335616,target_cohort_adaptive_zscore,xgboost,0,0.021209724247455597,0.4726989269256592,full_discovery_fixed_200
TCGA_to_GEO,GSE13294,GSM335617,target_cohort_adaptive_zscore,xgboost,0,0.025836102664470673,0.4726989269256592,full_discovery_fixed_200
TCGA_to_GEO,GSE13294,GSM335618,target_cohort_adaptive_zscore,xgboost,1,0.03017478622496128,0.4726989269256592,full_discovery_fixed_200
TCGA_to_GEO,GSE13294,GSM335619,target_cohort_adaptive_zscore,xgboost,1,0.8523442149162292,0.4726989269256592,full_discovery_fixed_200
TCGA_to_GEO,GSE13294,GSM335620,target_cohort_adaptive_zscore,xgboost,1,0.07041694968938828,0.4726989269256592,full_discovery_fixed_200
TCGA_to_GEO,GSE13294,GSM335621,target_cohort_adaptive_zscore,xgboost,1,0.6010302305221558,0.4726989269256592,full_discovery_fixed_200
TCGA_to_GEO,GSE13294,GSM335622,target_cohort_adaptive_zscore,xgboost,1,0.4716774523258209,0.4726989269256592,full_discovery_fixed_200
TCGA_to_GEO,GSE13294,GSM335623,target_cohort_adaptive_zscore,xgboost,1,0.9249675273895264,0.4726989269256592,full_discovery_fixed_200
TCGA_to_GEO,GSE13294,GSM335624,target_cohort_adaptive_zscore,xgboost,1,0.22239941358566284,0.4726989269256592,full_discovery_fixed_200
TCGA_to_GEO,GSE13294,GSM335625,target_cohort_adaptive_zscore,xgboost,1,0.09703249484300613,0.4726989269256592,full_discovery_fixed_200
TCGA_to_GEO,GSE13294,GSM335626,target_cohort_adaptive_zscore,xgboost,1,0.19578492641448975,0.4726989269256592,full_discovery_fixed_200
TCGA_to_GEO,GSE13294,GSM335627,target_cohort_adaptive_zscore,xgboost,1,0.14439526200294495,0.4726989269256592,full_discovery_fixed_200
TCGA_to_GEO,GSE13294,GSM335628,target_cohort_adaptive_zscore,xgboost,1,0.41537296772003174,0.4726989269256592,full_discovery_fixed_200
TCGA_to_GEO,GSE13294,GSM335629,target_cohort_adaptive_zscore,xgboost,1,0.822110116481781,0.4726989269256592,full_discovery_fixed_200
TCGA_to_GEO,GSE13294,GSM335630,target_cohort_adaptive_zscore,xgboost,1,0.8660405278205872,0.4726989269256592,full_discovery_fixed_200
TCGA_to_GEO,GSE13294,GSM335631,target_cohort_adaptive_zscore,xgboost,1,0.061145950108766556,0.4726989269256592,full_discovery_fixed_200
TCGA_to_GEO,GSE13294,GSM335632,target_cohort_adaptive_zscore,xgboost,1,0.22436204552650452,0.4726989269256592,full_discovery_fixed_200
TCGA_to_GEO,GSE13294,GSM335633,target_cohort_adaptive_zscore,xgboost,1,0.12324918806552887,0.4726989269256592,full_discovery_fixed_200
TCGA_to_GEO,GSE13294,GSM335634,target_cohort_adaptive_zscore,xgboost,1,0.9166824817657471,0.4726989269256592,full_discovery_fixed_200
TCGA_to_GEO,GSE13294,GSM335635,target_cohort_adaptive_zscore,xgboost,1,0.9460577368736267,0.4726989269256592,full_discovery_fixed_200
TCGA_to_GEO,GSE13294,GSM335636,target_cohort_adaptive_zscore,xgboost,1,0.01218405645340681,0.4726989269256592,full_discovery_fixed_200
TCGA_to_GEO,GSE13294,GSM335637,target_cohort_adaptive_zscore,xgboost,1,0.08920624107122421,0.4726989269256592,full_discovery_fixed_200
TCGA_to_GEO,GSE13294,GSM335638,target_cohort_adaptive_zscore,xgboost,1,0.473238468170166,0.4726989269256592,full_discovery_fixed_200
TCGA_to_GEO,GSE13294,GSM335639,target_cohort_adaptive_zscore,xgboost,1,0.18359723687171936,0.4726989269256592,full_discovery_fixed_200
TCGA_to_GEO,GSE13294,GSM335640,target_cohort_adaptive_zscore,xgboost,1,0.7446062564849854,0.4726989269256592,full_discovery_fixed_200
TCGA_to_GEO,GSE13294,GSM335641,target_cohort_adaptive_zscore,xgboost,1,0.9507564902305603,0.4726989269256592,full_discovery_fixed_200
TCGA_to_GEO,GSE13294,GSM335642,target_cohort_adaptive_zscore,xgboost,1,0.40082865953445435,0.4726989269256592,full_discovery_fixed_200
TCGA_to_GEO,GSE13294,GSM335643,target_cohort_adaptive_zscore,xgboost,1,0.9342942833900452,0.4726989269256592,full_discovery_fixed_200
TCGA_to_GEO,GSE13294,GSM335644,target_cohort_adaptive_zscore,xgboost,1,0.7870981693267822,0.4726989269256592,full_discovery_fixed_200
TCGA_to_GEO,GSE13294,GSM335645,target_cohort_adaptive_zscore,xgboost,1,0.911080002784729,0.4726989269256592,full_discovery_fixed_200
TCGA_to_GEO,GSE13294,GSM335646,target_cohort_adaptive_zscore,xgboost,1,0.3594698905944824,0.4726989269256592,full_discovery_fixed_200
TCGA_to_GEO,GSE13294,GSM335647,target_cohort_adaptive_zscore,xgboost,1,0.17833226919174194,0.4726989269256592,full_discovery_fixed_200
TCGA_to_GEO,GSE13294,GSM335648,target_cohort_adaptive_zscore,xgboost,1,0.02303493022918701,0.4726989269256592,full_discovery_fixed_200
TCGA_to_GEO,GSE13294,GSM335649,target_cohort_adaptive_zscore,xgboost,1,0.9618544578552246,0.4726989269256592,full_discovery_fixed_200
TCGA_to_GEO,GSE13294,GSM335650,target_cohort_adaptive_zscore,xgboost,1,0.15627793967723846,0.4726989269256592,full_discovery_fixed_200
TCGA_to_GEO,GSE13294,GSM335651,target_cohort_adaptive_zscore,xgboost,1,0.010872765444219112,0.4726989269256592,full_discovery_fixed_200
TCGA_to_GEO,GSE13294,GSM335652,target_cohort_adaptive_zscore,xgboost,1,0.9424024820327759,0.4726989269256592,full_discovery_fixed_200
TCGA_to_GEO,GSE13294,GSM335653,target_cohort_adaptive_zscore,xgboost,1,0.7735156416893005,0.4726989269256592,full_discovery_fixed_200
TCGA_to_GEO,GSE13294,GSM335654,target_cohort_adaptive_zscore,xgboost,1,0.4564755856990814,0.4726989269256592,full_discovery_fixed_200
TCGA_to_GEO,GSE13294,GSM335655,target_cohort_adaptive_zscore,xgboost,1,0.6981372237205505,0.4726989269256592,full_discovery_fixed_200
TCGA_to_GEO,GSE13294,GSM335656,target_cohort_adaptive_zscore,xgboost,1,0.19042260944843292,0.4726989269256592,full_discovery_fixed_200
TCGA_to_GEO,GSE13294,GSM335657,target_cohort_adaptive_zscore,xgboost,1,0.6522331237792969,0.4726989269256592,full_discovery_fixed_200
TCGA_to_GEO,GSE13294,GSM335658,target_cohort_adaptive_zscore,xgboost,1,0.7216143608093262,0.4726989269256592,full_discovery_fixed_200
TCGA_to_GEO,GSE13294,GSM335659,target_cohort_adaptive_zscore,xgboost,1,0.864706814289093,0.4726989269256592,full_discovery_fixed_200
TCGA_to_GEO,GSE13294,GSM335660,target_cohort_adaptive_zscore,xgboost,1,0.6540182828903198,0.4726989269256592,full_discovery_fixed_200
TCGA_to_GEO,GSE13294,GSM335661,target_cohort_adaptive_zscore,xgboost,1,0.2470611035823822,0.4726989269256592,full_discovery_fixed_200
TCGA_to_GEO,GSE13294,GSM335662,target_cohort_adaptive_zscore,xgboost,1,0.37841784954071045,0.4726989269256592,full_discovery_fixed_200
TCGA_to_GEO,GSE13294,GSM335663,target_cohort_adaptive_zscore,xgboost,1,0.6298682689666748,0.4726989269256592,full_discovery_fixed_200
TCGA_to_GEO,GSE13294,GSM335664,target_cohort_adaptive_zscore,xgboost,1,0.38554883003234863,0.4726989269256592,full_discovery_fixed_200
TCGA_to_GEO,GSE13067,GSM327282,target_cohort_adaptive_zscore,xgboost,1,0.5500118136405945,0.4726989269256592,full_discovery_fixed_200
TCGA_to_GEO,GSE13067,GSM327283,target_cohort_adaptive_zscore,xgboost,0,0.04790137708187103,0.4726989269256592,full_discovery_fixed_200
TCGA_to_GEO,GSE13067,GSM327284,target_cohort_adaptive_zscore,xgboost,0,0.052759986370801926,0.4726989269256592,full_discovery_fixed_200
TCGA_to_GEO,GSE13067,GSM327285,target_cohort_adaptive_zscore,xgboost,0,0.032153453677892685,0.4726989269256592,full_discovery_fixed_200
TCGA_to_GEO,GSE13067,GSM327286,target_cohort_adaptive_zscore,xgboost,0,0.0829770565032959,0.4726989269256592,full_discovery_fixed_200
TCGA_to_GEO,GSE13067,GSM327287,target_cohort_adaptive_zscore,xgboost,0,0.08417170494794846,0.4726989269256592,full_discovery_fixed_200
TCGA_to_GEO,GSE13067,GSM327288,target_cohort_adaptive_zscore,xgboost,1,0.3521866798400879,0.4726989269256592,full_discovery_fixed_200
TCGA_to_GEO,GSE13067,GSM327289,target_cohort_adaptive_zscore,xgboost,0,0.02881733700633049,0.4726989269256592,full_discovery_fixed_200
TCGA_to_GEO,GSE13067,GSM327290,target_cohort_adaptive_zscore,xgboost,0,0.04197604954242706,0.4726989269256592,full_discovery_fixed_200
TCGA_to_GEO,GSE13067,GSM327291,target_cohort_adaptive_zscore,xgboost,0,0.029665671288967133,0.4726989269256592,full_discovery_fixed_200
TCGA_to_GEO,GSE13067,GSM327292,target_cohort_adaptive_zscore,xgboost,0,0.023812290281057358,0.4726989269256592,full_discovery_fixed_200
TCGA_to_GEO,GSE13067,GSM327293,target_cohort_adaptive_zscore,xgboost,0,0.16216416656970978,0.4726989269256592,full_discovery_fixed_200
TCGA_to_GEO,GSE13067,GSM327294,target_cohort_adaptive_zscore,xgboost,0,0.23786818981170654,0.4726989269256592,full_discovery_fixed_200
TCGA_to_GEO,GSE13067,GSM327295,target_cohort_adaptive_zscore,xgboost,0,0.053279243409633636,0.4726989269256592,full_discovery_fixed_200
TCGA_to_GEO,GSE13067,GSM327296,target_cohort_adaptive_zscore,xgboost,0,0.31964245438575745,0.4726989269256592,full_discovery_fixed_200
TCGA_to_GEO,GSE13067,GSM327297,target_cohort_adaptive_zscore,xgboost,0,0.05725853517651558,0.4726989269256592,full_discovery_fixed_200
TCGA_to_GEO,GSE13067,GSM327298,target_cohort_adaptive_zscore,xgboost,0,0.12107250094413757,0.4726989269256592,full_discovery_fixed_200
TCGA_to_GEO,GSE13067,GSM327299,target_cohort_adaptive_zscore,xgboost,0,0.12590457499027252,0.4726989269256592,full_discovery_fixed_200
TCGA_to_GEO,GSE13067,GSM327300,target_cohort_adaptive_zscore,xgboost,0,0.10545491427183151,0.4726989269256592,full_discovery_fixed_200
TCGA_to_GEO,GSE13067,GSM327301,target_cohort_adaptive_zscore,xgboost,0,0.01974685862660408,0.4726989269256592,full_discovery_fixed_200
TCGA_to_GEO,GSE13067,GSM327302,target_cohort_adaptive_zscore,xgboost,0,0.595487117767334,0.4726989269256592,full_discovery_fixed_200
TCGA_to_GEO,GSE13067,GSM327303,target_cohort_adaptive_zscore,xgboost,0,0.029785439372062683,0.4726989269256592,full_discovery_fixed_200
TCGA_to_GEO,GSE13067,GSM327304,target_cohort_adaptive_zscore,xgboost,0,0.04543323442339897,0.4726989269256592,full_discovery_fixed_200
TCGA_to_GEO,GSE13067,GSM327305,target_cohort_adaptive_zscore,xgboost,0,0.07827136665582657,0.4726989269256592,full_discovery_fixed_200
TCGA_to_GEO,GSE13067,GSM327306,target_cohort_adaptive_zscore,xgboost,0,0.03804848715662956,0.4726989269256592,full_discovery_fixed_200
TCGA_to_GEO,GSE13067,GSM327307,target_cohort_adaptive_zscore,xgboost,0,0.02535300701856613,0.4726989269256592,full_discovery_fixed_200
TCGA_to_GEO,GSE13067,GSM327308,target_cohort_adaptive_zscore,xgboost,0,0.017670029774308205,0.4726989269256592,full_discovery_fixed_200
TCGA_to_GEO,GSE13067,GSM327309,target_cohort_adaptive_zscore,xgboost,1,0.7846477627754211,0.4726989269256592,full_discovery_fixed_200
TCGA_to_GEO,GSE13067,GSM327310,target_cohort_adaptive_zscore,xgboost,1,0.7860172986984253,0.4726989269256592,full_discovery_fixed_200
TCGA_to_GEO,GSE13067,GSM327311,target_cohort_adaptive_zscore,xgboost,1,0.8396050930023193,0.4726989269256592,full_discovery_fixed_200
TCGA_to_GEO,GSE13067,GSM327312,target_cohort_adaptive_zscore,xgboost,0,0.0403335876762867,0.4726989269256592,full_discovery_fixed_200
TCGA_to_GEO,GSE13067,GSM327313,target_cohort_adaptive_zscore,xgboost,1,0.9624317288398743,0.4726989269256592,full_discovery_fixed_200
TCGA_to_GEO,GSE13067,GSM327314,target_cohort_adaptive_zscore,xgboost,0,0.019226407632231712,0.4726989269256592,full_discovery_fixed_200
TCGA_to_GEO,GSE13067,GSM327315,target_cohort_adaptive_zscore,xgboost,0,0.028608908876776695,0.4726989269256592,full_discovery_fixed_200
TCGA_to_GEO,GSE13067,GSM327316,target_cohort_adaptive_zscore,xgboost,0,0.11187992244958878,0.4726989269256592,full_discovery_fixed_200
TCGA_to_GEO,GSE13067,GSM327317,target_cohort_adaptive_zscore,xgboost,0,0.030734768137335777,0.4726989269256592,full_discovery_fixed_200
TCGA_to_GEO,GSE13067,GSM327318,target_cohort_adaptive_zscore,xgboost,0,0.029351677745580673,0.4726989269256592,full_discovery_fixed_200
TCGA_to_GEO,GSE13067,GSM327319,target_cohort_adaptive_zscore,xgboost,0,0.019130432978272438,0.4726989269256592,full_discovery_fixed_200
TCGA_to_GEO,GSE13067,GSM327320,target_cohort_adaptive_zscore,xgboost,0,0.016547642648220062,0.4726989269256592,full_discovery_fixed_200
TCGA_to_GEO,GSE13067,GSM327321,target_cohort_adaptive_zscore,xgboost,0,0.01675262674689293,0.4726989269256592,full_discovery_fixed_200
TCGA_to_GEO,GSE13067,GSM327322,target_cohort_adaptive_zscore,xgboost,0,0.15431687235832214,0.4726989269256592,full_discovery_fixed_200
TCGA_to_GEO,GSE13067,GSM327323,target_cohort_adaptive_zscore,xgboost,0,0.015270978212356567,0.4726989269256592,full_discovery_fixed_200
TCGA_to_GEO,GSE13067,GSM327324,target_cohort_adaptive_zscore,xgboost,1,0.4515691101551056,0.4726989269256592,full_discovery_fixed_200
TCGA_to_GEO,GSE13067,GSM327325,target_cohort_adaptive_zscore,xgboost,1,0.9526090025901794,0.4726989269256592,full_discovery_fixed_200
TCGA_to_GEO,GSE13067,GSM327326,target_cohort_adaptive_zscore,xgboost,0,0.015757568180561066,0.4726989269256592,full_discovery_fixed_200
TCGA_to_GEO,GSE13067,GSM327327,target_cohort_adaptive_zscore,xgboost,0,0.28205934166908264,0.4726989269256592,full_discovery_fixed_200
TCGA_to_GEO,GSE13067,GSM327328,target_cohort_adaptive_zscore,xgboost,0,0.06562314182519913,0.4726989269256592,full_discovery_fixed_200
TCGA_to_GEO,GSE13067,GSM327329,target_cohort_adaptive_zscore,xgboost,0,0.04678357020020485,0.4726989269256592,full_discovery_fixed_200
TCGA_to_GEO,GSE13067,GSM327330,target_cohort_adaptive_zscore,xgboost,0,0.06006346642971039,0.4726989269256592,full_discovery_fixed_200
TCGA_to_GEO,GSE13067,GSM327331,target_cohort_adaptive_zscore,xgboost,1,0.5330158472061157,0.4726989269256592,full_discovery_fixed_200
TCGA_to_GEO,GSE13067,GSM327332,target_cohort_adaptive_zscore,xgboost,0,0.04316435754299164,0.4726989269256592,full_discovery_fixed_200
TCGA_to_GEO,GSE13067,GSM327333,target_cohort_adaptive_zscore,xgboost,0,0.16013427078723907,0.4726989269256592,full_discovery_fixed_200
TCGA_to_GEO,GSE13067,GSM327334,target_cohort_adaptive_zscore,xgboost,0,0.21980898082256317,0.4726989269256592,full_discovery_fixed_200
TCGA_to_GEO,GSE13067,GSM327335,target_cohort_adaptive_zscore,xgboost,0,0.12122752517461777,0.4726989269256592,full_discovery_fixed_200
TCGA_to_GEO,GSE13067,GSM327336,target_cohort_adaptive_zscore,xgboost,0,0.06480089575052261,0.4726989269256592,full_discovery_fixed_200
TCGA_to_GEO,GSE13067,GSM327337,target_cohort_adaptive_zscore,xgboost,0,0.01471167802810669,0.4726989269256592,full_discovery_fixed_200
TCGA_to_GEO,GSE13067,GSM327338,target_cohort_adaptive_zscore,xgboost,0,0.02387755736708641,0.4726989269256592,full_discovery_fixed_200
TCGA_to_GEO,GSE13067,GSM327339,target_cohort_adaptive_zscore,xgboost,0,0.4076521098613739,0.4726989269256592,full_discovery_fixed_200
TCGA_to_GEO,GSE13067,GSM327340,target_cohort_adaptive_zscore,xgboost,0,0.03231079876422882,0.4726989269256592,full_discovery_fixed_200
TCGA_to_GEO,GSE13067,GSM327341,target_cohort_adaptive_zscore,xgboost,0,0.03125254437327385,0.4726989269256592,full_discovery_fixed_200
TCGA_to_GEO,GSE13067,GSM327342,target_cohort_adaptive_zscore,xgboost,0,0.02081608772277832,0.4726989269256592,full_discovery_fixed_200
TCGA_to_GEO,GSE13067,GSM327343,target_cohort_adaptive_zscore,xgboost,0,0.23694266378879547,0.4726989269256592,full_discovery_fixed_200
TCGA_to_GEO,GSE13067,GSM327344,target_cohort_adaptive_zscore,xgboost,0,0.016848593950271606,0.4726989269256592,full_discovery_fixed_200
TCGA_to_GEO,GSE13067,GSM327345,target_cohort_adaptive_zscore,xgboost,0,0.4416521191596985,0.4726989269256592,full_discovery_fixed_200
TCGA_to_GEO,GSE13067,GSM327346,target_cohort_adaptive_zscore,xgboost,0,0.12474986165761948,0.4726989269256592,full_discovery_fixed_200
TCGA_to_GEO,GSE13067,GSM327347,target_cohort_adaptive_zscore,xgboost,0,0.06388963013887405,0.4726989269256592,full_discovery_fixed_200
TCGA_to_GEO,GSE13067,GSM327348,target_cohort_adaptive_zscore,xgboost,0,0.04717906564474106,0.4726989269256592,full_discovery_fixed_200
TCGA_to_GEO,GSE13067,GSM327349,target_cohort_adaptive_zscore,xgboost,0,0.027822552248835564,0.4726989269256592,full_discovery_fixed_200
TCGA_to_GEO,GSE13067,GSM327350,target_cohort_adaptive_zscore,xgboost,0,0.05618726834654808,0.4726989269256592,full_discovery_fixed_200
TCGA_to_GEO,GSE13067,GSM327351,target_cohort_adaptive_zscore,xgboost,0,0.14644330739974976,0.4726989269256592,full_discovery_fixed_200
TCGA_to_GEO,GSE13067,GSM327352,target_cohort_adaptive_zscore,xgboost,1,0.8954038619995117,0.4726989269256592,full_discovery_fixed_200
TCGA_to_GEO,GSE13067,GSM327353,target_cohort_adaptive_zscore,xgboost,1,0.8083077669143677,0.4726989269256592,full_discovery_fixed_200
TCGA_to_GEO,GSE13067,GSM327354,target_cohort_adaptive_zscore,xgboost,0,0.048979006707668304,0.4726989269256592,full_discovery_fixed_200
TCGA_to_GEO,GSE13067,GSM327355,target_cohort_adaptive_zscore,xgboost,0,0.08302022516727448,0.4726989269256592,full_discovery_fixed_200
TCGA_to_GEO,GSE18088,GSM452148,target_cohort_adaptive_zscore,xgboost,1,0.30675849318504333,0.4726989269256592,full_discovery_fixed_200
TCGA_to_GEO,GSE18088,GSM452149,target_cohort_adaptive_zscore,xgboost,0,0.01601441390812397,0.4726989269256592,full_discovery_fixed_200
TCGA_to_GEO,GSE18088,GSM452150,target_cohort_adaptive_zscore,xgboost,0,0.021914321929216385,0.4726989269256592,full_discovery_fixed_200
TCGA_to_GEO,GSE18088,GSM452151,target_cohort_adaptive_zscore,xgboost,0,0.08941008895635605,0.4726989269256592,full_discovery_fixed_200
TCGA_to_GEO,GSE18088,GSM452152,target_cohort_adaptive_zscore,xgboost,0,0.03964770585298538,0.4726989269256592,full_discovery_fixed_200
TCGA_to_GEO,GSE18088,GSM452153,target_cohort_adaptive_zscore,xgboost,1,0.7690688967704773,0.4726989269256592,full_discovery_fixed_200
TCGA_to_GEO,GSE18088,GSM452154,target_cohort_adaptive_zscore,xgboost,0,0.02357998490333557,0.4726989269256592,full_discovery_fixed_200
TCGA_to_GEO,GSE18088,GSM452155,target_cohort_adaptive_zscore,xgboost,0,0.032290268689394,0.4726989269256592,full_discovery_fixed_200
TCGA_to_GEO,GSE18088,GSM452156,target_cohort_adaptive_zscore,xgboost,0,0.02877519652247429,0.4726989269256592,full_discovery_fixed_200
TCGA_to_GEO,GSE18088,GSM452157,target_cohort_adaptive_zscore,xgboost,1,0.9632635116577148,0.4726989269256592,full_discovery_fixed_200
TCGA_to_GEO,GSE18088,GSM452158,target_cohort_adaptive_zscore,xgboost,0,0.01979413628578186,0.4726989269256592,full_discovery_fixed_200
TCGA_to_GEO,GSE18088,GSM452159,target_cohort_adaptive_zscore,xgboost,1,0.9105693101882935,0.4726989269256592,full_discovery_fixed_200
TCGA_to_GEO,GSE18088,GSM452160,target_cohort_adaptive_zscore,xgboost,0,0.01510575134307146,0.4726989269256592,full_discovery_fixed_200
TCGA_to_GEO,GSE18088,GSM452161,target_cohort_adaptive_zscore,xgboost,0,0.01225230935961008,0.4726989269256592,full_discovery_fixed_200
TCGA_to_GEO,GSE18088,GSM452162,target_cohort_adaptive_zscore,xgboost,0,0.20575453341007233,0.4726989269256592,full_discovery_fixed_200
TCGA_to_GEO,GSE18088,GSM452163,target_cohort_adaptive_zscore,xgboost,1,0.9156790375709534,0.4726989269256592,full_discovery_fixed_200
TCGA_to_GEO,GSE18088,GSM452164,target_cohort_adaptive_zscore,xgboost,0,0.01921628974378109,0.4726989269256592,full_discovery_fixed_200
TCGA_to_GEO,GSE18088,GSM452165,target_cohort_adaptive_zscore,xgboost,0,0.021018141880631447,0.4726989269256592,full_discovery_fixed_200
TCGA_to_GEO,GSE18088,GSM452166,target_cohort_adaptive_zscore,xgboost,0,0.013842456974089146,0.4726989269256592,full_discovery_fixed_200
TCGA_to_GEO,GSE18088,GSM452167,target_cohort_adaptive_zscore,xgboost,0,0.01296588871628046,0.4726989269256592,full_discovery_fixed_200
TCGA_to_GEO,GSE18088,GSM452168,target_cohort_adaptive_zscore,xgboost,1,0.669604480266571,0.4726989269256592,full_discovery_fixed_200
TCGA_to_GEO,GSE18088,GSM452169,target_cohort_adaptive_zscore,xgboost,1,0.8734886646270752,0.4726989269256592,full_discovery_fixed_200
TCGA_to_GEO,GSE18088,GSM452170,target_cohort_adaptive_zscore,xgboost,0,0.03741614893078804,0.4726989269256592,full_discovery_fixed_200
TCGA_to_GEO,GSE18088,GSM452171,target_cohort_adaptive_zscore,xgboost,0,0.01602209359407425,0.4726989269256592,full_discovery_fixed_200
TCGA_to_GEO,GSE18088,GSM452172,target_cohort_adaptive_zscore,xgboost,0,0.09695380926132202,0.4726989269256592,full_discovery_fixed_200
TCGA_to_GEO,GSE18088,GSM452173,target_cohort_adaptive_zscore,xgboost,1,0.6589749455451965,0.4726989269256592,full_discovery_fixed_200
TCGA_to_GEO,GSE18088,GSM452174,target_cohort_adaptive_zscore,xgboost,1,0.8913774490356445,0.4726989269256592,full_discovery_fixed_200
TCGA_to_GEO,GSE18088,GSM452175,target_cohort_adaptive_zscore,xgboost,1,0.48432356119155884,0.4726989269256592,full_discovery_fixed_200
TCGA_to_GEO,GSE18088,GSM452176,target_cohort_adaptive_zscore,xgboost,0,0.014789651148021221,0.4726989269256592,full_discovery_fixed_200
TCGA_to_GEO,GSE18088,GSM452177,target_cohort_adaptive_zscore,xgboost,0,0.016351068392395973,0.4726989269256592,full_discovery_fixed_200
TCGA_to_GEO,GSE18088,GSM452178,target_cohort_adaptive_zscore,xgboost,0,0.02135450951755047,0.4726989269256592,full_discovery_fixed_200
TCGA_to_GEO,GSE18088,GSM452179,target_cohort_adaptive_zscore,xgboost,1,0.8976551294326782,0.4726989269256592,full_discovery_fixed_200
TCGA_to_GEO,GSE18088,GSM452180,target_cohort_adaptive_zscore,xgboost,1,0.8039314150810242,0.4726989269256592,full_discovery_fixed_200
TCGA_to_GEO,GSE18088,GSM452181,target_cohort_adaptive_zscore,xgboost,0,0.013124209828674793,0.4726989269256592,full_discovery_fixed_200
TCGA_to_GEO,GSE18088,GSM452182,target_cohort_adaptive_zscore,xgboost,1,0.6862838268280029,0.4726989269256592,full_discovery_fixed_200
TCGA_to_GEO,GSE18088,GSM452183,target_cohort_adaptive_zscore,xgboost,1,0.5988873243331909,0.4726989269256592,full_discovery_fixed_200
TCGA_to_GEO,GSE18088,GSM452184,target_cohort_adaptive_zscore,xgboost,1,0.4831285774707794,0.4726989269256592,full_discovery_fixed_200
TCGA_to_GEO,GSE18088,GSM452185,target_cohort_adaptive_zscore,xgboost,0,0.04476093873381615,0.4726989269256592,full_discovery_fixed_200
TCGA_to_GEO,GSE18088,GSM452186,target_cohort_adaptive_zscore,xgboost,0,0.034346602857112885,0.4726989269256592,full_discovery_fixed_200
TCGA_to_GEO,GSE18088,GSM452187,target_cohort_adaptive_zscore,xgboost,0,0.01179870031774044,0.4726989269256592,full_discovery_fixed_200
TCGA_to_GEO,GSE18088,GSM452188,target_cohort_adaptive_zscore,xgboost,1,0.49993008375167847,0.4726989269256592,full_discovery_fixed_200
TCGA_to_GEO,GSE18088,GSM452189,target_cohort_adaptive_zscore,xgboost,1,0.850169837474823,0.4726989269256592,full_discovery_fixed_200
TCGA_to_GEO,GSE18088,GSM452190,target_cohort_adaptive_zscore,xgboost,0,0.4094846844673157,0.4726989269256592,full_discovery_fixed_200
TCGA_to_GEO,GSE18088,GSM452191,target_cohort_adaptive_zscore,xgboost,0,0.07961828261613846,0.4726989269256592,full_discovery_fixed_200
TCGA_to_GEO,GSE18088,GSM452192,target_cohort_adaptive_zscore,xgboost,0,0.011209000833332539,0.4726989269256592,full_discovery_fixed_200
TCGA_to_GEO,GSE18088,GSM452193,target_cohort_adaptive_zscore,xgboost,0,0.03333180025219917,0.4726989269256592,full_discovery_fixed_200
TCGA_to_GEO,GSE18088,GSM452194,target_cohort_adaptive_zscore,xgboost,0,0.0211403276771307,0.4726989269256592,full_discovery_fixed_200
TCGA_to_GEO,GSE18088,GSM452195,target_cohort_adaptive_zscore,xgboost,0,0.020027002319693565,0.4726989269256592,full_discovery_fixed_200
TCGA_to_GEO,GSE18088,GSM452196,target_cohort_adaptive_zscore,xgboost,0,0.026563597843050957,0.4726989269256592,full_discovery_fixed_200
TCGA_to_GEO,GSE18088,GSM452197,target_cohort_adaptive_zscore,xgboost,1,0.45540958642959595,0.4726989269256592,full_discovery_fixed_200
TCGA_to_GEO,GSE18088,GSM452198,target_cohort_adaptive_zscore,xgboost,0,0.0330035574734211,0.4726989269256592,full_discovery_fixed_200
TCGA_to_GEO,GSE18088,GSM452199,target_cohort_adaptive_zscore,xgboost,0,0.034549813717603683,0.4726989269256592,full_discovery_fixed_200
TCGA_to_GEO,GSE18088,GSM452200,target_cohort_adaptive_zscore,xgboost,1,0.0158473402261734,0.4726989269256592,full_discovery_fixed_200
TCGA_to_GEO,GSE26682,GSM656542,target_cohort_adaptive_zscore,xgboost,0,0.03862550109624863,0.4726989269256592,full_discovery_fixed_200
TCGA_to_GEO,GSE26682,GSM656543,target_cohort_adaptive_zscore,xgboost,0,0.026193758472800255,0.4726989269256592,full_discovery_fixed_200
TCGA_to_GEO,GSE26682,GSM656545,target_cohort_adaptive_zscore,xgboost,1,0.8317316174507141,0.4726989269256592,full_discovery_fixed_200
TCGA_to_GEO,GSE26682,GSM656546,target_cohort_adaptive_zscore,xgboost,0,0.11341655999422073,0.4726989269256592,full_discovery_fixed_200
TCGA_to_GEO,GSE26682,GSM656548,target_cohort_adaptive_zscore,xgboost,0,0.013635372743010521,0.4726989269256592,full_discovery_fixed_200
TCGA_to_GEO,GSE26682,GSM656550,target_cohort_adaptive_zscore,xgboost,0,0.09111251682043076,0.4726989269256592,full_discovery_fixed_200
TCGA_to_GEO,GSE26682,GSM656552,target_cohort_adaptive_zscore,xgboost,0,0.021997952833771706,0.4726989269256592,full_discovery_fixed_200
TCGA_to_GEO,GSE26682,GSM656553,target_cohort_adaptive_zscore,xgboost,0,0.04096062108874321,0.4726989269256592,full_discovery_fixed_200
TCGA_to_GEO,GSE26682,GSM656555,target_cohort_adaptive_zscore,xgboost,0,0.06527626514434814,0.4726989269256592,full_discovery_fixed_200
TCGA_to_GEO,GSE26682,GSM656556,target_cohort_adaptive_zscore,xgboost,0,0.20532622933387756,0.4726989269256592,full_discovery_fixed_200
TCGA_to_GEO,GSE26682,GSM656557,target_cohort_adaptive_zscore,xgboost,0,0.37331321835517883,0.4726989269256592,full_discovery_fixed_200
TCGA_to_GEO,GSE26682,GSM656558,target_cohort_adaptive_zscore,xgboost,0,0.04126425459980965,0.4726989269256592,full_discovery_fixed_200
TCGA_to_GEO,GSE26682,GSM656559,target_cohort_adaptive_zscore,xgboost,1,0.7983945608139038,0.4726989269256592,full_discovery_fixed_200
TCGA_to_GEO,GSE26682,GSM656560,target_cohort_adaptive_zscore,xgboost,0,0.0261194109916687,0.4726989269256592,full_discovery_fixed_200
TCGA_to_GEO,GSE26682,GSM656561,target_cohort_adaptive_zscore,xgboost,0,0.03486949950456619,0.4726989269256592,full_discovery_fixed_200
TCGA_to_GEO,GSE26682,GSM656567,target_cohort_adaptive_zscore,xgboost,0,0.05681673809885979,0.4726989269256592,full_discovery_fixed_200
TCGA_to_GEO,GSE26682,GSM656568,target_cohort_adaptive_zscore,xgboost,0,0.06230036914348602,0.4726989269256592,full_discovery_fixed_200
TCGA_to_GEO,GSE26682,GSM656569,target_cohort_adaptive_zscore,xgboost,0,0.024332109838724136,0.4726989269256592,full_discovery_fixed_200
TCGA_to_GEO,GSE26682,GSM656570,target_cohort_adaptive_zscore,xgboost,0,0.05352767929434776,0.4726989269256592,full_discovery_fixed_200
TCGA_to_GEO,GSE26682,GSM656574,target_cohort_adaptive_zscore,xgboost,0,0.019984442740678787,0.4726989269256592,full_discovery_fixed_200
TCGA_to_GEO,GSE26682,GSM656580,target_cohort_adaptive_zscore,xgboost,0,0.025628313422203064,0.4726989269256592,full_discovery_fixed_200
TCGA_to_GEO,GSE26682,GSM656582,target_cohort_adaptive_zscore,xgboost,0,0.018541162833571434,0.4726989269256592,full_discovery_fixed_200
TCGA_to_GEO,GSE26682,GSM656583,target_cohort_adaptive_zscore,xgboost,1,0.6614770293235779,0.4726989269256592,full_discovery_fixed_200
TCGA_to_GEO,GSE26682,GSM656584,target_cohort_adaptive_zscore,xgboost,0,0.059262849390506744,0.4726989269256592,full_discovery_fixed_200
TCGA_to_GEO,GSE26682,GSM656585,target_cohort_adaptive_zscore,xgboost,0,0.15052251517772675,0.4726989269256592,full_discovery_fixed_200
TCGA_to_GEO,GSE26682,GSM656586,target_cohort_adaptive_zscore,xgboost,0,0.5947986841201782,0.4726989269256592,full_discovery_fixed_200
TCGA_to_GEO,GSE26682,GSM656587,target_cohort_adaptive_zscore,xgboost,0,0.35020706057548523,0.4726989269256592,full_discovery_fixed_200
TCGA_to_GEO,GSE26682,GSM656590,target_cohort_adaptive_zscore,xgboost,1,0.6968343257904053,0.4726989269256592,full_discovery_fixed_200
TCGA_to_GEO,GSE26682,GSM656592,target_cohort_adaptive_zscore,xgboost,0,0.023221684619784355,0.4726989269256592,full_discovery_fixed_200
TCGA_to_GEO,GSE26682,GSM656596,target_cohort_adaptive_zscore,xgboost,0,0.047369424253702164,0.4726989269256592,full_discovery_fixed_200
TCGA_to_GEO,GSE26682,GSM656598,target_cohort_adaptive_zscore,xgboost,0,0.046049125492572784,0.4726989269256592,full_discovery_fixed_200
TCGA_to_GEO,GSE26682,GSM656601,target_cohort_adaptive_zscore,xgboost,0,0.02176525630056858,0.4726989269256592,full_discovery_fixed_200
TCGA_to_GEO,GSE26682,GSM656603,target_cohort_adaptive_zscore,xgboost,1,0.9686482548713684,0.4726989269256592,full_discovery_fixed_200
TCGA_to_GEO,GSE26682,GSM656612,target_cohort_adaptive_zscore,xgboost,1,0.8414097428321838,0.4726989269256592,full_discovery_fixed_200
TCGA_to_GEO,GSE26682,GSM656613,target_cohort_adaptive_zscore,xgboost,0,0.1935441941022873,0.4726989269256592,full_discovery_fixed_200
TCGA_to_GEO,GSE26682,GSM656617,target_cohort_adaptive_zscore,xgboost,0,0.06355355679988861,0.4726989269256592,full_discovery_fixed_200
TCGA_to_GEO,GSE26682,GSM656618,target_cohort_adaptive_zscore,xgboost,0,0.011067717336118221,0.4726989269256592,full_discovery_fixed_200
TCGA_to_GEO,GSE26682,GSM656625,target_cohort_adaptive_zscore,xgboost,0,0.13354434072971344,0.4726989269256592,full_discovery_fixed_200
TCGA_to_GEO,GSE26682,GSM656634,target_cohort_adaptive_zscore,xgboost,0,0.4685630202293396,0.4726989269256592,full_discovery_fixed_200
TCGA_to_GEO,GSE26682,GSM656635,target_cohort_adaptive_zscore,xgboost,0,0.15807248651981354,0.4726989269256592,full_discovery_fixed_200
TCGA_to_GEO,GSE26682,GSM656636,target_cohort_adaptive_zscore,xgboost,0,0.03257690370082855,0.4726989269256592,full_discovery_fixed_200
TCGA_to_GEO,GSE26682,GSM656639,target_cohort_adaptive_zscore,xgboost,0,0.035648785531520844,0.4726989269256592,full_discovery_fixed_200
TCGA_to_GEO,GSE26682,GSM656640,target_cohort_adaptive_zscore,xgboost,0,0.03328661248087883,0.4726989269256592,full_discovery_fixed_200
TCGA_to_GEO,GSE26682,GSM656642,target_cohort_adaptive_zscore,xgboost,0,0.06264352053403854,0.4726989269256592,full_discovery_fixed_200
TCGA_to_GEO,GSE26682,GSM656644,target_cohort_adaptive_zscore,xgboost,0,0.028151577338576317,0.4726989269256592,full_discovery_fixed_200
TCGA_to_GEO,GSE26682,GSM656657,target_cohort_adaptive_zscore,xgboost,0,0.16969436407089233,0.4726989269256592,full_discovery_fixed_200
TCGA_to_GEO,GSE26682,GSM656662,target_cohort_adaptive_zscore,xgboost,0,0.02908392809331417,0.4726989269256592,full_discovery_fixed_200
TCGA_to_GEO,GSE26682,GSM656663,target_cohort_adaptive_zscore,xgboost,0,0.08039837330579758,0.4726989269256592,full_discovery_fixed_200
TCGA_to_GEO,GSE26682,GSM656669,target_cohort_adaptive_zscore,xgboost,1,0.6252036690711975,0.4726989269256592,full_discovery_fixed_200
TCGA_to_GEO,GSE26682,GSM656672,target_cohort_adaptive_zscore,xgboost,0,0.0684364065527916,0.4726989269256592,full_discovery_fixed_200
TCGA_to_GEO,GSE26682,GSM656675,target_cohort_adaptive_zscore,xgboost,0,0.10585658997297287,0.4726989269256592,full_discovery_fixed_200
TCGA_to_GEO,GSE26682,GSM656676,target_cohort_adaptive_zscore,xgboost,0,0.04149065166711807,0.4726989269256592,full_discovery_fixed_200
TCGA_to_GEO,GSE26682,GSM656678,target_cohort_adaptive_zscore,xgboost,0,0.07757965475320816,0.4726989269256592,full_discovery_fixed_200
TCGA_to_GEO,GSE26682,GSM656679,target_cohort_adaptive_zscore,xgboost,1,0.9791268110275269,0.4726989269256592,full_discovery_fixed_200
TCGA_to_GEO,GSE26682,GSM656683,target_cohort_adaptive_zscore,xgboost,0,0.029826652258634567,0.4726989269256592,full_discovery_fixed_200
TCGA_to_GEO,GSE26682,GSM656687,target_cohort_adaptive_zscore,xgboost,0,0.1895729899406433,0.4726989269256592,full_discovery_fixed_200
TCGA_to_GEO,GSE26682,GSM656691,target_cohort_adaptive_zscore,xgboost,0,0.1573660671710968,0.4726989269256592,full_discovery_fixed_200
TCGA_to_GEO,GSE26682,GSM656692,target_cohort_adaptive_zscore,xgboost,0,0.5213505625724792,0.4726989269256592,full_discovery_fixed_200
TCGA_to_GEO,GSE26682,GSM656693,target_cohort_adaptive_zscore,xgboost,0,0.09651222079992294,0.4726989269256592,full_discovery_fixed_200
TCGA_to_GEO,GSE26682,GSM656695,target_cohort_adaptive_zscore,xgboost,0,0.02842518500983715,0.4726989269256592,full_discovery_fixed_200
TCGA_to_GEO,GSE26682,GSM656698,target_cohort_adaptive_zscore,xgboost,0,0.036577094346284866,0.4726989269256592,full_discovery_fixed_200
TCGA_to_GEO,GSE26682,GSM656699,target_cohort_adaptive_zscore,xgboost,0,0.03685283288359642,0.4726989269256592,full_discovery_fixed_200
TCGA_to_GEO,GSE26682,GSM656700,target_cohort_adaptive_zscore,xgboost,0,0.048971325159072876,0.4726989269256592,full_discovery_fixed_200
TCGA_to_GEO,GSE26682,GSM656701,target_cohort_adaptive_zscore,xgboost,0,0.1355419158935547,0.4726989269256592,full_discovery_fixed_200
TCGA_to_GEO,GSE26682,GSM656702,target_cohort_adaptive_zscore,xgboost,0,0.033556047827005386,0.4726989269256592,full_discovery_fixed_200
TCGA_to_GEO,GSE26682,GSM656703,target_cohort_adaptive_zscore,xgboost,0,0.04301238805055618,0.4726989269256592,full_discovery_fixed_200
TCGA_to_GEO,GSE26682,GSM656704,target_cohort_adaptive_zscore,xgboost,0,0.025107651948928833,0.4726989269256592,full_discovery_fixed_200
TCGA_to_GEO,GSE26682,GSM656705,target_cohort_adaptive_zscore,xgboost,0,0.6845459938049316,0.4726989269256592,full_discovery_fixed_200
TCGA_to_GEO,GSE26682,GSM656707,target_cohort_adaptive_zscore,xgboost,0,0.16052404046058655,0.4726989269256592,full_discovery_fixed_200
TCGA_to_GEO,GSE26682,GSM656710,target_cohort_adaptive_zscore,xgboost,0,0.09057982265949249,0.4726989269256592,full_discovery_fixed_200
TCGA_to_GEO,GSE26682,GSM656711,target_cohort_adaptive_zscore,xgboost,0,0.14734016358852386,0.4726989269256592,full_discovery_fixed_200
TCGA_to_GEO,GSE26682,GSM656714,target_cohort_adaptive_zscore,xgboost,0,0.01930224522948265,0.4726989269256592,full_discovery_fixed_200
TCGA_to_GEO,GSE26682,GSM656715,target_cohort_adaptive_zscore,xgboost,0,0.48582059144973755,0.4726989269256592,full_discovery_fixed_200
TCGA_to_GEO,GSE26682,GSM656720,target_cohort_adaptive_zscore,xgboost,0,0.01660134084522724,0.4726989269256592,full_discovery_fixed_200
TCGA_to_GEO,GSE26682,GSM656721,target_cohort_adaptive_zscore,xgboost,0,0.02455136366188526,0.4726989269256592,full_discovery_fixed_200
TCGA_to_GEO,GSE26682,GSM656726,target_cohort_adaptive_zscore,xgboost,0,0.20690113306045532,0.4726989269256592,full_discovery_fixed_200
TCGA_to_GEO,GSE26682,GSM656732,target_cohort_adaptive_zscore,xgboost,0,0.01588478311896324,0.4726989269256592,full_discovery_fixed_200
TCGA_to_GEO,GSE26682,GSM656735,target_cohort_adaptive_zscore,xgboost,0,0.020298287272453308,0.4726989269256592,full_discovery_fixed_200
TCGA_to_GEO,GSE26682,GSM656736,target_cohort_adaptive_zscore,xgboost,1,0.5500305891036987,0.4726989269256592,full_discovery_fixed_200
TCGA_to_GEO,GSE26682,GSM656737,target_cohort_adaptive_zscore,xgboost,0,0.0809822827577591,0.4726989269256592,full_discovery_fixed_200
TCGA_to_GEO,GSE26682,GSM656739,target_cohort_adaptive_zscore,xgboost,0,0.12259997427463531,0.4726989269256592,full_discovery_fixed_200
TCGA_to_GEO,GSE26682,GSM656742,target_cohort_adaptive_zscore,xgboost,0,0.04565564915537834,0.4726989269256592,full_discovery_fixed_200
TCGA_to_GEO,GSE26682,GSM656749,target_cohort_adaptive_zscore,xgboost,0,0.023964175954461098,0.4726989269256592,full_discovery_fixed_200
TCGA_to_GEO,GSE26682,GSM656768,target_cohort_adaptive_zscore,xgboost,0,0.02407345175743103,0.4726989269256592,full_discovery_fixed_200
TCGA_to_GEO,GSE26682,GSM656769,target_cohort_adaptive_zscore,xgboost,0,0.020724916830658913,0.4726989269256592,full_discovery_fixed_200
TCGA_to_GEO,GSE26682,GSM656770,target_cohort_adaptive_zscore,xgboost,0,0.07224046438932419,0.4726989269256592,full_discovery_fixed_200
TCGA_to_GEO,GSE26682,GSM656772,target_cohort_adaptive_zscore,xgboost,0,0.027541596442461014,0.4726989269256592,full_discovery_fixed_200
TCGA_to_GEO,GSE26682,GSM656775,target_cohort_adaptive_zscore,xgboost,0,0.03367041423916817,0.4726989269256592,full_discovery_fixed_200
TCGA_to_GEO,GSE26682,GSM656776,target_cohort_adaptive_zscore,xgboost,0,0.08081359416246414,0.4726989269256592,full_discovery_fixed_200
TCGA_to_GEO,GSE26682,GSM656777,target_cohort_adaptive_zscore,xgboost,0,0.1156945750117302,0.4726989269256592,full_discovery_fixed_200
TCGA_to_GEO,GSE26682,GSM656783,target_cohort_adaptive_zscore,xgboost,0,0.02905232459306717,0.4726989269256592,full_discovery_fixed_200
TCGA_to_GEO,GSE26682,GSM656785,target_cohort_adaptive_zscore,xgboost,0,0.09753073751926422,0.4726989269256592,full_discovery_fixed_200
TCGA_to_GEO,GSE26682,GSM656787,target_cohort_adaptive_zscore,xgboost,0,0.7799913287162781,0.4726989269256592,full_discovery_fixed_200
TCGA_to_GEO,GSE26682,GSM656794,target_cohort_adaptive_zscore,xgboost,0,0.0286001805216074,0.4726989269256592,full_discovery_fixed_200
TCGA_to_GEO,GSE26682,GSM656800,target_cohort_adaptive_zscore,xgboost,0,0.04568576440215111,0.4726989269256592,full_discovery_fixed_200
TCGA_to_GEO,GSE26682,GSM656803,target_cohort_adaptive_zscore,xgboost,0,0.027011357247829437,0.4726989269256592,full_discovery_fixed_200
TCGA_to_GEO,GSE26682,GSM656804,target_cohort_adaptive_zscore,xgboost,0,0.028566909953951836,0.4726989269256592,full_discovery_fixed_200
TCGA_to_GEO,GSE26682,GSM656806,target_cohort_adaptive_zscore,xgboost,0,0.034697599709033966,0.4726989269256592,full_discovery_fixed_200
TCGA_to_GEO,GSE26682,GSM656809,target_cohort_adaptive_zscore,xgboost,0,0.01756390370428562,0.4726989269256592,full_discovery_fixed_200
TCGA_to_GEO,GSE26682,GSM656811,target_cohort_adaptive_zscore,xgboost,0,0.116091288626194,0.4726989269256592,full_discovery_fixed_200
TCGA_to_GEO,GSE26682,GSM656816,target_cohort_adaptive_zscore,xgboost,0,0.2697605788707733,0.4726989269256592,full_discovery_fixed_200
TCGA_to_GEO,GSE26682,GSM656819,target_cohort_adaptive_zscore,xgboost,0,0.016838423907756805,0.4726989269256592,full_discovery_fixed_200
TCGA_to_GEO,GSE26682,GSM656820,target_cohort_adaptive_zscore,xgboost,1,0.9280558824539185,0.4726989269256592,full_discovery_fixed_200
TCGA_to_GEO,GSE26682,GSM656822,target_cohort_adaptive_zscore,xgboost,0,0.4945804178714752,0.4726989269256592,full_discovery_fixed_200
TCGA_to_GEO,GSE26682,GSM656824,target_cohort_adaptive_zscore,xgboost,0,0.035818781703710556,0.4726989269256592,full_discovery_fixed_200
TCGA_to_GEO,GSE26682,GSM656825,target_cohort_adaptive_zscore,xgboost,0,0.04302533343434334,0.4726989269256592,full_discovery_fixed_200
TCGA_to_GEO,GSE26682,GSM656830,target_cohort_adaptive_zscore,xgboost,0,0.01506574172526598,0.4726989269256592,full_discovery_fixed_200
TCGA_to_GEO,GSE26682,GSM656831,target_cohort_adaptive_zscore,xgboost,0,0.061889246106147766,0.4726989269256592,full_discovery_fixed_200
TCGA_to_GEO,GSE26682,GSM656832,target_cohort_adaptive_zscore,xgboost,0,0.01350218802690506,0.4726989269256592,full_discovery_fixed_200
TCGA_to_GEO,GSE26682,GSM656833,target_cohort_adaptive_zscore,xgboost,0,0.11919651180505753,0.4726989269256592,full_discovery_fixed_200
TCGA_to_GEO,GSE26682,GSM656834,target_cohort_adaptive_zscore,xgboost,0,0.041978102177381516,0.4726989269256592,full_discovery_fixed_200
TCGA_to_GEO,GSE26682,GSM656836,target_cohort_adaptive_zscore,xgboost,0,0.06081467494368553,0.4726989269256592,full_discovery_fixed_200
TCGA_to_GEO,GSE26682,GSM656837,target_cohort_adaptive_zscore,xgboost,1,0.8982892632484436,0.4726989269256592,full_discovery_fixed_200
TCGA_to_GEO,GSE26682,GSM656840,target_cohort_adaptive_zscore,xgboost,0,0.03300263732671738,0.4726989269256592,full_discovery_fixed_200
TCGA_to_GEO,GSE26682,GSM656841,target_cohort_adaptive_zscore,xgboost,0,0.6398486495018005,0.4726989269256592,full_discovery_fixed_200
TCGA_to_GEO,GSE26682,GSM656842,target_cohort_adaptive_zscore,xgboost,1,0.718269944190979,0.4726989269256592,full_discovery_fixed_200
TCGA_to_GEO,GSE26682,GSM656843,target_cohort_adaptive_zscore,xgboost,0,0.014923437498509884,0.4726989269256592,full_discovery_fixed_200
TCGA_to_GEO,GSE26682,GSM656845,target_cohort_adaptive_zscore,xgboost,0,0.2311025708913803,0.4726989269256592,full_discovery_fixed_200
TCGA_to_GEO,GSE26682,GSM656846,target_cohort_adaptive_zscore,xgboost,0,0.030961764976382256,0.4726989269256592,full_discovery_fixed_200
TCGA_to_GEO,GSE26682,GSM656847,target_cohort_adaptive_zscore,xgboost,0,0.13211531937122345,0.4726989269256592,full_discovery_fixed_200
TCGA_to_GEO,GSE26682,GSM656849,target_cohort_adaptive_zscore,xgboost,1,0.9558011889457703,0.4726989269256592,full_discovery_fixed_200
TCGA_to_GEO,GSE26682,GSM656850,target_cohort_adaptive_zscore,xgboost,1,0.11893827468156815,0.4726989269256592,full_discovery_fixed_200
TCGA_to_GEO,GSE26682,GSM656851,target_cohort_adaptive_zscore,xgboost,1,0.9281634092330933,0.4726989269256592,full_discovery_fixed_200
TCGA_to_GEO,GSE26682,GSM656853,target_cohort_adaptive_zscore,xgboost,0,0.017723245546221733,0.4726989269256592,full_discovery_fixed_200
TCGA_to_GEO,GSE26682,GSM656854,target_cohort_adaptive_zscore,xgboost,1,0.9386606812477112,0.4726989269256592,full_discovery_fixed_200
TCGA_to_GEO,GSE26682,GSM656857,target_cohort_adaptive_zscore,xgboost,0,0.11102759093046188,0.4726989269256592,full_discovery_fixed_200
TCGA_to_GEO,GSE26682,GSM656858,target_cohort_adaptive_zscore,xgboost,0,0.05577051267027855,0.4726989269256592,full_discovery_fixed_200
TCGA_to_GEO,GSE26682,GSM656859,target_cohort_adaptive_zscore,xgboost,0,0.43424925208091736,0.4726989269256592,full_discovery_fixed_200
TCGA_to_GEO,GSE26682,GSM656860,target_cohort_adaptive_zscore,xgboost,0,0.09981022030115128,0.4726989269256592,full_discovery_fixed_200
TCGA_to_GEO,GSE26682,GSM656861,target_cohort_adaptive_zscore,xgboost,0,0.034282833337783813,0.4726989269256592,full_discovery_fixed_200
TCGA_to_GEO,GSE26682,GSM656863,target_cohort_adaptive_zscore,xgboost,0,0.03452473133802414,0.4726989269256592,full_discovery_fixed_200
TCGA_to_GEO,GSE26682,GSM656864,target_cohort_adaptive_zscore,xgboost,1,0.9012936949729919,0.4726989269256592,full_discovery_fixed_200
TCGA_to_GEO,GSE26682,GSM656865,target_cohort_adaptive_zscore,xgboost,1,0.25149980187416077,0.4726989269256592,full_discovery_fixed_200
TCGA_to_GEO,GSE26682,GSM656867,target_cohort_adaptive_zscore,xgboost,0,0.39762166142463684,0.4726989269256592,full_discovery_fixed_200
TCGA_to_GEO,GSE26682,GSM656868,target_cohort_adaptive_zscore,xgboost,0,0.2534429430961609,0.4726989269256592,full_discovery_fixed_200
TCGA_to_GEO,GSE26682,GSM656869,target_cohort_adaptive_zscore,xgboost,0,0.02696049027144909,0.4726989269256592,full_discovery_fixed_200
TCGA_to_GEO,GSE26682,GSM656870,target_cohort_adaptive_zscore,xgboost,0,0.030107654631137848,0.4726989269256592,full_discovery_fixed_200
TCGA_to_GEO,GSE39084,GSM955440,target_cohort_adaptive_zscore,xgboost,0,0.12029197812080383,0.4726989269256592,full_discovery_fixed_200
TCGA_to_GEO,GSE39084,GSM955441,target_cohort_adaptive_zscore,xgboost,0,0.013479526154696941,0.4726989269256592,full_discovery_fixed_200
TCGA_to_GEO,GSE39084,GSM955442,target_cohort_adaptive_zscore,xgboost,0,0.1689489185810089,0.4726989269256592,full_discovery_fixed_200
TCGA_to_GEO,GSE39084,GSM955443,target_cohort_adaptive_zscore,xgboost,0,0.028568346053361893,0.4726989269256592,full_discovery_fixed_200
TCGA_to_GEO,GSE39084,GSM955444,target_cohort_adaptive_zscore,xgboost,0,0.08191812038421631,0.4726989269256592,full_discovery_fixed_200
TCGA_to_GEO,GSE39084,GSM955445,target_cohort_adaptive_zscore,xgboost,0,0.012817991897463799,0.4726989269256592,full_discovery_fixed_200
TCGA_to_GEO,GSE39084,GSM955446,target_cohort_adaptive_zscore,xgboost,0,0.02899322658777237,0.4726989269256592,full_discovery_fixed_200
TCGA_to_GEO,GSE39084,GSM955447,target_cohort_adaptive_zscore,xgboost,1,0.6202430129051208,0.4726989269256592,full_discovery_fixed_200
TCGA_to_GEO,GSE39084,GSM955448,target_cohort_adaptive_zscore,xgboost,1,0.93656325340271,0.4726989269256592,full_discovery_fixed_200
TCGA_to_GEO,GSE39084,GSM955449,target_cohort_adaptive_zscore,xgboost,0,0.019555620849132538,0.4726989269256592,full_discovery_fixed_200
TCGA_to_GEO,GSE39084,GSM955450,target_cohort_adaptive_zscore,xgboost,0,0.01041475497186184,0.4726989269256592,full_discovery_fixed_200
TCGA_to_GEO,GSE39084,GSM955451,target_cohort_adaptive_zscore,xgboost,0,0.010160738602280617,0.4726989269256592,full_discovery_fixed_200
TCGA_to_GEO,GSE39084,GSM955452,target_cohort_adaptive_zscore,xgboost,0,0.0132474759593606,0.4726989269256592,full_discovery_fixed_200
TCGA_to_GEO,GSE39084,GSM955453,target_cohort_adaptive_zscore,xgboost,0,0.014391761273145676,0.4726989269256592,full_discovery_fixed_200
TCGA_to_GEO,GSE39084,GSM955455,target_cohort_adaptive_zscore,xgboost,0,0.5788376331329346,0.4726989269256592,full_discovery_fixed_200
TCGA_to_GEO,GSE39084,GSM955456,target_cohort_adaptive_zscore,xgboost,0,0.012407349422574043,0.4726989269256592,full_discovery_fixed_200
TCGA_to_GEO,GSE39084,GSM955457,target_cohort_adaptive_zscore,xgboost,0,0.10444232821464539,0.4726989269256592,full_discovery_fixed_200
TCGA_to_GEO,GSE39084,GSM955458,target_cohort_adaptive_zscore,xgboost,1,0.1849852204322815,0.4726989269256592,full_discovery_fixed_200
TCGA_to_GEO,GSE39084,GSM955459,target_cohort_adaptive_zscore,xgboost,1,0.8247634768486023,0.4726989269256592,full_discovery_fixed_200
TCGA_to_GEO,GSE39084,GSM955460,target_cohort_adaptive_zscore,xgboost,1,0.6509717106819153,0.4726989269256592,full_discovery_fixed_200
TCGA_to_GEO,GSE39084,GSM955461,target_cohort_adaptive_zscore,xgboost,1,0.07605418562889099,0.4726989269256592,full_discovery_fixed_200
TCGA_to_GEO,GSE39084,GSM955462,target_cohort_adaptive_zscore,xgboost,0,0.3052228093147278,0.4726989269256592,full_discovery_fixed_200
TCGA_to_GEO,GSE39084,GSM955463,target_cohort_adaptive_zscore,xgboost,0,0.048829998821020126,0.4726989269256592,full_discovery_fixed_200
TCGA_to_GEO,GSE39084,GSM955464,target_cohort_adaptive_zscore,xgboost,0,0.03998393565416336,0.4726989269256592,full_discovery_fixed_200
TCGA_to_GEO,GSE39084,GSM955466,target_cohort_adaptive_zscore,xgboost,1,0.29317593574523926,0.4726989269256592,full_discovery_fixed_200
TCGA_to_GEO,GSE39084,GSM955467,target_cohort_adaptive_zscore,xgboost,1,0.4259445369243622,0.4726989269256592,full_discovery_fixed_200
TCGA_to_GEO,GSE39084,GSM955468,target_cohort_adaptive_zscore,xgboost,1,0.9521167278289795,0.4726989269256592,full_discovery_fixed_200
TCGA_to_GEO,GSE39084,GSM955469,target_cohort_adaptive_zscore,xgboost,1,0.4595239460468292,0.4726989269256592,full_discovery_fixed_200
TCGA_to_GEO,GSE39084,GSM955470,target_cohort_adaptive_zscore,xgboost,1,0.9544214010238647,0.4726989269256592,full_discovery_fixed_200
TCGA_to_GEO,GSE39084,GSM955471,target_cohort_adaptive_zscore,xgboost,1,0.8864074945449829,0.4726989269256592,full_discovery_fixed_200
TCGA_to_GEO,GSE39084,GSM955472,target_cohort_adaptive_zscore,xgboost,1,0.5116868615150452,0.4726989269256592,full_discovery_fixed_200
TCGA_to_GEO,GSE39084,GSM955473,target_cohort_adaptive_zscore,xgboost,1,0.7943568229675293,0.4726989269256592,full_discovery_fixed_200
TCGA_to_GEO,GSE39084,GSM955474,target_cohort_adaptive_zscore,xgboost,0,0.07775965332984924,0.4726989269256592,full_discovery_fixed_200
TCGA_to_GEO,GSE39084,GSM955475,target_cohort_adaptive_zscore,xgboost,0,0.05117392912507057,0.4726989269256592,full_discovery_fixed_200
TCGA_to_GEO,GSE39084,GSM955476,target_cohort_adaptive_zscore,xgboost,0,0.0847327783703804,0.4726989269256592,full_discovery_fixed_200
TCGA_to_GEO,GSE39084,GSM955477,target_cohort_adaptive_zscore,xgboost,0,0.10856476426124573,0.4726989269256592,full_discovery_fixed_200
TCGA_to_GEO,GSE39084,GSM955478,target_cohort_adaptive_zscore,xgboost,0,0.047572627663612366,0.4726989269256592,full_discovery_fixed_200
TCGA_to_GEO,GSE39084,GSM955479,target_cohort_adaptive_zscore,xgboost,0,0.15364396572113037,0.4726989269256592,full_discovery_fixed_200
TCGA_to_GEO,GSE39084,GSM955480,target_cohort_adaptive_zscore,xgboost,0,0.03103569895029068,0.4726989269256592,full_discovery_fixed_200
TCGA_to_GEO,GSE39084,GSM955482,target_cohort_adaptive_zscore,xgboost,0,0.018089665099978447,0.4726989269256592,full_discovery_fixed_200
TCGA_to_GEO,GSE39084,GSM955483,target_cohort_adaptive_zscore,xgboost,0,0.15537169575691223,0.4726989269256592,full_discovery_fixed_200
TCGA_to_GEO,GSE39084,GSM955484,target_cohort_adaptive_zscore,xgboost,0,0.014359641820192337,0.4726989269256592,full_discovery_fixed_200
TCGA_to_GEO,GSE39084,GSM955485,target_cohort_adaptive_zscore,xgboost,0,0.059961993247270584,0.4726989269256592,full_discovery_fixed_200
TCGA_to_GEO,GSE39084,GSM955486,target_cohort_adaptive_zscore,xgboost,0,0.019999824464321136,0.4726989269256592,full_discovery_fixed_200
TCGA_to_GEO,GSE39084,GSM955487,target_cohort_adaptive_zscore,xgboost,0,0.23699256777763367,0.4726989269256592,full_discovery_fixed_200
TCGA_to_GEO,GSE39084,GSM955488,target_cohort_adaptive_zscore,xgboost,0,0.4637119174003601,0.4726989269256592,full_discovery_fixed_200
TCGA_to_GEO,GSE39084,GSM955489,target_cohort_adaptive_zscore,xgboost,0,0.03883657604455948,0.4726989269256592,full_discovery_fixed_200
TCGA_to_GEO,GSE39084,GSM955490,target_cohort_adaptive_zscore,xgboost,0,0.01189583819359541,0.4726989269256592,full_discovery_fixed_200
TCGA_to_GEO,GSE39084,GSM955491,target_cohort_adaptive_zscore,xgboost,0,0.018446844071149826,0.4726989269256592,full_discovery_fixed_200
TCGA_to_GEO,GSE39084,GSM955492,target_cohort_adaptive_zscore,xgboost,0,0.013397177681326866,0.4726989269256592,full_discovery_fixed_200
TCGA_to_GEO,GSE39084,GSM955493,target_cohort_adaptive_zscore,xgboost,0,0.01811717450618744,0.4726989269256592,full_discovery_fixed_200
TCGA_to_GEO,GSE39084,GSM955494,target_cohort_adaptive_zscore,xgboost,0,0.2681226432323456,0.4726989269256592,full_discovery_fixed_200
TCGA_to_GEO,GSE39084,GSM955495,target_cohort_adaptive_zscore,xgboost,0,0.031584665179252625,0.4726989269256592,full_discovery_fixed_200
TCGA_to_GEO,GSE39084,GSM955496,target_cohort_adaptive_zscore,xgboost,0,0.016612477600574493,0.4726989269256592,full_discovery_fixed_200
TCGA_to_GEO,GSE39084,GSM955497,target_cohort_adaptive_zscore,xgboost,0,0.0413164347410202,0.4726989269256592,full_discovery_fixed_200
TCGA_to_GEO,GSE39084,GSM955498,target_cohort_adaptive_zscore,xgboost,0,0.057374730706214905,0.4726989269256592,full_discovery_fixed_200
TCGA_to_GEO,GSE39084,GSM955499,target_cohort_adaptive_zscore,xgboost,0,0.09041088074445724,0.4726989269256592,full_discovery_fixed_200
TCGA_to_GEO,GSE39084,GSM955500,target_cohort_adaptive_zscore,xgboost,0,0.18043842911720276,0.4726989269256592,full_discovery_fixed_200
TCGA_to_GEO,GSE39084,GSM955501,target_cohort_adaptive_zscore,xgboost,0,0.03326430916786194,0.4726989269256592,full_discovery_fixed_200
TCGA_to_GEO,GSE39084,GSM955502,target_cohort_adaptive_zscore,xgboost,0,0.08209981769323349,0.4726989269256592,full_discovery_fixed_200
TCGA_to_GEO,GSE39084,GSM955503,target_cohort_adaptive_zscore,xgboost,0,0.02932306006550789,0.4726989269256592,full_discovery_fixed_200
TCGA_to_GEO,GSE39084,GSM955504,target_cohort_adaptive_zscore,xgboost,0,0.19915619492530823,0.4726989269256592,full_discovery_fixed_200
TCGA_to_GEO,GSE39084,GSM955505,target_cohort_adaptive_zscore,xgboost,0,0.021762358024716377,0.4726989269256592,full_discovery_fixed_200
TCGA_to_GEO,GSE39084,GSM955506,target_cohort_adaptive_zscore,xgboost,0,0.018780138343572617,0.4726989269256592,full_discovery_fixed_200
TCGA_to_GEO,GSE39084,GSM955507,target_cohort_adaptive_zscore,xgboost,0,0.026439476758241653,0.4726989269256592,full_discovery_fixed_200
TCGA_to_GEO,GSE39084,GSM955508,target_cohort_adaptive_zscore,xgboost,1,0.8273942470550537,0.4726989269256592,full_discovery_fixed_200
TCGA_to_GEO,GSE39084,GSM955509,target_cohort_adaptive_zscore,xgboost,1,0.6555020809173584,0.4726989269256592,full_discovery_fixed_200
discovery_nested_oof,TCGA_COAD,TCGA-A6-2671-01A,single_sample_rank,elastic_net,0,0.06386600434780121,0.8354368209838867,outer_fold_nested_fixed_200
discovery_nested_oof,TCGA_COAD,TCGA-A6-2672-01A,single_sample_rank,elastic_net,1,0.9991557598114014,0.8354368209838867,outer_fold_nested_fixed_200
discovery_nested_oof,TCGA_COAD,TCGA-A6-2674-01A,single_sample_rank,elastic_net,0,0.8829444646835327,0.8354368209838867,outer_fold_nested_fixed_200
discovery_nested_oof,TCGA_COAD,TCGA-A6-2676-01A,single_sample_rank,elastic_net,1,1.0,0.8354368209838867,outer_fold_nested_fixed_200
discovery_nested_oof,TCGA_COAD,TCGA-A6-2677-01A,single_sample_rank,elastic_net,0,0.0012735516065731645,0.8354368209838867,outer_fold_nested_fixed_200
discovery_nested_oof,TCGA_COAD,TCGA-A6-2678-01A,single_sample_rank,elastic_net,0,0.07777194678783417,0.8354368209838867,outer_fold_nested_fixed_200
discovery_nested_oof,TCGA_COAD,TCGA-A6-2679-01A,single_sample_rank,elastic_net,0,0.1508946418762207,0.8354368209838867,outer_fold_nested_fixed_200
discovery_nested_oof,TCGA_COAD,TCGA-A6-2680-01A,single_sample_rank,elastic_net,0,0.01227625273168087,0.8354368209838867,outer_fold_nested_fixed_200
discovery_nested_oof,TCGA_COAD,TCGA-A6-2681-01A,single_sample_rank,elastic_net,0,0.011836388148367405,0.8354368209838867,outer_fold_nested_fixed_200
discovery_nested_oof,TCGA_COAD,TCGA-A6-2682-01A,single_sample_rank,elastic_net,0,0.008697140030562878,0.8354368209838867,outer_fold_nested_fixed_200
discovery_nested_oof,TCGA_COAD,TCGA-A6-2685-01A,single_sample_rank,elastic_net,0,0.019871847704052925,0.8354368209838867,outer_fold_nested_fixed_200
discovery_nested_oof,TCGA_COAD,TCGA-A6-2686-01A,single_sample_rank,elastic_net,1,0.9965002536773682,0.8354368209838867,outer_fold_nested_fixed_200
discovery_nested_oof,TCGA_COAD,TCGA-A6-3807-01A,single_sample_rank,elastic_net,0,0.016308879479765892,0.8354368209838867,outer_fold_nested_fixed_200
discovery_nested_oof,TCGA_COAD,TCGA-A6-3809-01A,single_sample_rank,elastic_net,1,0.998794674873352,0.8354368209838867,outer_fold_nested_fixed_200
discovery_nested_oof,TCGA_COAD,TCGA-A6-3810-01A,single_sample_rank,elastic_net,0,0.08948302268981934,0.8354368209838867,outer_fold_nested_fixed_200
discovery_nested_oof,TCGA_COAD,TCGA-A6-4107-01A,single_sample_rank,elastic_net,0,0.007139208726584911,0.8354368209838867,outer_fold_nested_fixed_200
discovery_nested_oof,TCGA_COAD,TCGA-AA-3488-01A,single_sample_rank,elastic_net,0,0.011011088266968727,0.8354368209838867,outer_fold_nested_fixed_200
discovery_nested_oof,TCGA_COAD,TCGA-AA-3492-01A,single_sample_rank,elastic_net,1,0.9885807633399963,0.8354368209838867,outer_fold_nested_fixed_200
discovery_nested_oof,TCGA_COAD,TCGA-AA-3494-01A,single_sample_rank,elastic_net,0,0.005121928174048662,0.8354368209838867,outer_fold_nested_fixed_200
discovery_nested_oof,TCGA_COAD,TCGA-AA-3495-01A,single_sample_rank,elastic_net,0,0.011023151688277721,0.8354368209838867,outer_fold_nested_fixed_200
discovery_nested_oof,TCGA_COAD,TCGA-AA-3506-01A,single_sample_rank,elastic_net,0,0.024846151471138,0.8354368209838867,outer_fold_nested_fixed_200
discovery_nested_oof,TCGA_COAD,TCGA-AA-3509-01A,single_sample_rank,elastic_net,0,0.0016557753551751375,0.8354368209838867,outer_fold_nested_fixed_200
discovery_nested_oof,TCGA_COAD,TCGA-AA-3510-01A,single_sample_rank,elastic_net,0,0.3376120328903198,0.8354368209838867,outer_fold_nested_fixed_200
discovery_nested_oof,TCGA_COAD,TCGA-AA-3514-01A,single_sample_rank,elastic_net,0,0.024126721546053886,0.8354368209838867,outer_fold_nested_fixed_200
discovery_nested_oof,TCGA_COAD,TCGA-AA-3516-01A,single_sample_rank,elastic_net,1,0.9999862909317017,0.8354368209838867,outer_fold_nested_fixed_200
discovery_nested_oof,TCGA_COAD,TCGA-AA-3518-01A,single_sample_rank,elastic_net,1,0.9999434947967529,0.8354368209838867,outer_fold_nested_fixed_200
discovery_nested_oof,TCGA_COAD,TCGA-AA-3519-01A,single_sample_rank,elastic_net,0,0.007692527025938034,0.8354368209838867,outer_fold_nested_fixed_200
discovery_nested_oof,TCGA_COAD,TCGA-AA-3521-01A,single_sample_rank,elastic_net,0,0.007488267496228218,0.8354368209838867,outer_fold_nested_fixed_200
discovery_nested_oof,TCGA_COAD,TCGA-AA-3522-01A,single_sample_rank,elastic_net,0,0.010785050690174103,0.8354368209838867,outer_fold_nested_fixed_200
discovery_nested_oof,TCGA_COAD,TCGA-AA-3524-01A,single_sample_rank,elastic_net,0,0.062448158860206604,0.8354368209838867,outer_fold_nested_fixed_200
discovery_nested_oof,TCGA_COAD,TCGA-AA-3525-01A,single_sample_rank,elastic_net,1,0.9988635778427124,0.8354368209838867,outer_fold_nested_fixed_200
discovery_nested_oof,TCGA_COAD,TCGA-AA-3527-01A,single_sample_rank,elastic_net,0,0.24733588099479675,0.8354368209838867,outer_fold_nested_fixed_200
discovery_nested_oof,TCGA_COAD,TCGA-AA-3530-01A,single_sample_rank,elastic_net,0,0.007215459831058979,0.8354368209838867,outer_fold_nested_fixed_200
discovery_nested_oof,TCGA_COAD,TCGA-AA-3532-01A,single_sample_rank,elastic_net,0,0.024766841903328896,0.8354368209838867,outer_fold_nested_fixed_200
discovery_nested_oof,TCGA_COAD,TCGA-AA-3534-01A,single_sample_rank,elastic_net,0,0.00866909883916378,0.8354368209838867,outer_fold_nested_fixed_200
discovery_nested_oof,TCGA_COAD,TCGA-AA-3538-01A,single_sample_rank,elastic_net,0,0.004554760176688433,0.8354368209838867,outer_fold_nested_fixed_200
discovery_nested_oof,TCGA_COAD,TCGA-AA-3542-01A,single_sample_rank,elastic_net,0,0.027786938473582268,0.8354368209838867,outer_fold_nested_fixed_200
discovery_nested_oof,TCGA_COAD,TCGA-AA-3543-01A,single_sample_rank,elastic_net,1,0.999186098575592,0.8354368209838867,outer_fold_nested_fixed_200
discovery_nested_oof,TCGA_COAD,TCGA-AA-3544-01A,single_sample_rank,elastic_net,0,0.03699860721826553,0.8354368209838867,outer_fold_nested_fixed_200
discovery_nested_oof,TCGA_COAD,TCGA-AA-3548-01A,single_sample_rank,elastic_net,0,0.0021542655304074287,0.8354368209838867,outer_fold_nested_fixed_200
discovery_nested_oof,TCGA_COAD,TCGA-AA-3549-01A,single_sample_rank,elastic_net,0,0.0341435968875885,0.8354368209838867,outer_fold_nested_fixed_200
discovery_nested_oof,TCGA_COAD,TCGA-AA-3552-01A,single_sample_rank,elastic_net,0,0.009436833672225475,0.8354368209838867,outer_fold_nested_fixed_200
discovery_nested_oof,TCGA_COAD,TCGA-AA-3554-01A,single_sample_rank,elastic_net,1,0.9797936081886292,0.8354368209838867,outer_fold_nested_fixed_200
discovery_nested_oof,TCGA_COAD,TCGA-AA-3555-01A,single_sample_rank,elastic_net,0,0.2201579064130783,0.8354368209838867,outer_fold_nested_fixed_200
discovery_nested_oof,TCGA_COAD,TCGA-AA-3556-01A,single_sample_rank,elastic_net,0,0.2247118353843689,0.8354368209838867,outer_fold_nested_fixed_200
discovery_nested_oof,TCGA_COAD,TCGA-AA-3560-01A,single_sample_rank,elastic_net,0,0.023777395486831665,0.8354368209838867,outer_fold_nested_fixed_200
discovery_nested_oof,TCGA_COAD,TCGA-AA-3561-01A,single_sample_rank,elastic_net,0,0.03546200692653656,0.8354368209838867,outer_fold_nested_fixed_200
discovery_nested_oof,TCGA_COAD,TCGA-AA-3562-01A,single_sample_rank,elastic_net,0,0.012459136545658112,0.8354368209838867,outer_fold_nested_fixed_200
discovery_nested_oof,TCGA_COAD,TCGA-AA-3664-01A,single_sample_rank,elastic_net,0,0.8349891304969788,0.8354368209838867,outer_fold_nested_fixed_200
discovery_nested_oof,TCGA_COAD,TCGA-AA-3666-01A,single_sample_rank,elastic_net,0,0.033754728734493256,0.8354368209838867,outer_fold_nested_fixed_200
discovery_nested_oof,TCGA_COAD,TCGA-AA-3672-01A,single_sample_rank,elastic_net,1,0.9893565773963928,0.8354368209838867,outer_fold_nested_fixed_200
discovery_nested_oof,TCGA_COAD,TCGA-AA-3673-01A,single_sample_rank,elastic_net,0,0.003635687753558159,0.8354368209838867,outer_fold_nested_fixed_200
discovery_nested_oof,TCGA_COAD,TCGA-AA-3675-01A,single_sample_rank,elastic_net,0,0.0503176674246788,0.8354368209838867,outer_fold_nested_fixed_200
discovery_nested_oof,TCGA_COAD,TCGA-AA-3678-01A,single_sample_rank,elastic_net,0,0.0029701555613428354,0.8354368209838867,outer_fold_nested_fixed_200
discovery_nested_oof,TCGA_COAD,TCGA-AA-3679-01A,single_sample_rank,elastic_net,0,0.008220645599067211,0.8354368209838867,outer_fold_nested_fixed_200
discovery_nested_oof,TCGA_COAD,TCGA-AA-3681-01A,single_sample_rank,elastic_net,0,0.038548532873392105,0.8354368209838867,outer_fold_nested_fixed_200
discovery_nested_oof,TCGA_COAD,TCGA-AA-3684-01A,single_sample_rank,elastic_net,0,0.2677408456802368,0.8354368209838867,outer_fold_nested_fixed_200
discovery_nested_oof,TCGA_COAD,TCGA-AA-3685-01A,single_sample_rank,elastic_net,0,0.015798300504684448,0.8354368209838867,outer_fold_nested_fixed_200
discovery_nested_oof,TCGA_COAD,TCGA-AA-3693-01A,single_sample_rank,elastic_net,0,0.002941415412351489,0.8354368209838867,outer_fold_nested_fixed_200
discovery_nested_oof,TCGA_COAD,TCGA-AA-3695-01A,single_sample_rank,elastic_net,0,0.9999752044677734,0.8354368209838867,outer_fold_nested_fixed_200
discovery_nested_oof,TCGA_COAD,TCGA-AA-3696-01A,single_sample_rank,elastic_net,0,0.01889690011739731,0.8354368209838867,outer_fold_nested_fixed_200
discovery_nested_oof,TCGA_COAD,TCGA-AA-3710-01A,single_sample_rank,elastic_net,1,0.997550904750824,0.8354368209838867,outer_fold_nested_fixed_200
discovery_nested_oof,TCGA_COAD,TCGA-AA-3715-01A,single_sample_rank,elastic_net,1,0.9999356269836426,0.8354368209838867,outer_fold_nested_fixed_200
discovery_nested_oof,TCGA_COAD,TCGA-AA-3811-01A,single_sample_rank,elastic_net,1,0.8354368209838867,0.8354368209838867,outer_fold_nested_fixed_200
discovery_nested_oof,TCGA_COAD,TCGA-AA-3812-01A,single_sample_rank,elastic_net,0,0.034211546182632446,0.8354368209838867,outer_fold_nested_fixed_200
discovery_nested_oof,TCGA_COAD,TCGA-AA-3814-01A,single_sample_rank,elastic_net,0,0.02239135652780533,0.8354368209838867,outer_fold_nested_fixed_200
discovery_nested_oof,TCGA_COAD,TCGA-AA-3815-01A,single_sample_rank,elastic_net,1,0.9959783554077148,0.8354368209838867,outer_fold_nested_fixed_200
discovery_nested_oof,TCGA_COAD,TCGA-AA-3818-01A,single_sample_rank,elastic_net,0,0.06400815397500992,0.8354368209838867,outer_fold_nested_fixed_200
discovery_nested_oof,TCGA_COAD,TCGA-AA-3821-01A,single_sample_rank,elastic_net,1,0.9988956451416016,0.8354368209838867,outer_fold_nested_fixed_200
discovery_nested_oof,TCGA_COAD,TCGA-AA-3831-01A,single_sample_rank,elastic_net,0,0.02142878994345665,0.8354368209838867,outer_fold_nested_fixed_200
discovery_nested_oof,TCGA_COAD,TCGA-AA-3833-01A,single_sample_rank,elastic_net,1,0.9244551658630371,0.8354368209838867,outer_fold_nested_fixed_200
discovery_nested_oof,TCGA_COAD,TCGA-AA-3837-01A,single_sample_rank,elastic_net,0,0.00950859859585762,0.8354368209838867,outer_fold_nested_fixed_200
discovery_nested_oof,TCGA_COAD,TCGA-AA-3841-01A,single_sample_rank,elastic_net,0,0.05530835688114166,0.8354368209838867,outer_fold_nested_fixed_200
discovery_nested_oof,TCGA_COAD,TCGA-AA-3842-01A,single_sample_rank,elastic_net,0,0.13703060150146484,0.8354368209838867,outer_fold_nested_fixed_200
discovery_nested_oof,TCGA_COAD,TCGA-AA-3844-01A,single_sample_rank,elastic_net,0,0.007209839764982462,0.8354368209838867,outer_fold_nested_fixed_200
discovery_nested_oof,TCGA_COAD,TCGA-AA-3845-01A,single_sample_rank,elastic_net,1,0.9967457056045532,0.8354368209838867,outer_fold_nested_fixed_200
discovery_nested_oof,TCGA_COAD,TCGA-AA-3846-01A,single_sample_rank,elastic_net,0,0.028529062867164612,0.8354368209838867,outer_fold_nested_fixed_200
discovery_nested_oof,TCGA_COAD,TCGA-AA-3848-01A,single_sample_rank,elastic_net,0,0.0582890659570694,0.8354368209838867,outer_fold_nested_fixed_200
discovery_nested_oof,TCGA_COAD,TCGA-AA-3850-01A,single_sample_rank,elastic_net,0,0.027689578011631966,0.8354368209838867,outer_fold_nested_fixed_200
discovery_nested_oof,TCGA_COAD,TCGA-AA-3851-01A,single_sample_rank,elastic_net,0,0.00961858220398426,0.8354368209838867,outer_fold_nested_fixed_200
discovery_nested_oof,TCGA_COAD,TCGA-AA-3856-01A,single_sample_rank,elastic_net,0,0.007272795774042606,0.8354368209838867,outer_fold_nested_fixed_200
discovery_nested_oof,TCGA_COAD,TCGA-AA-3858-01A,single_sample_rank,elastic_net,0,0.028270971029996872,0.8354368209838867,outer_fold_nested_fixed_200
discovery_nested_oof,TCGA_COAD,TCGA-AA-3860-01A,single_sample_rank,elastic_net,0,0.036171864718198776,0.8354368209838867,outer_fold_nested_fixed_200
discovery_nested_oof,TCGA_COAD,TCGA-AA-3862-01A,single_sample_rank,elastic_net,0,0.07222335040569305,0.8354368209838867,outer_fold_nested_fixed_200
discovery_nested_oof,TCGA_COAD,TCGA-AA-3864-01A,single_sample_rank,elastic_net,1,0.9355195164680481,0.8354368209838867,outer_fold_nested_fixed_200
discovery_nested_oof,TCGA_COAD,TCGA-AA-3867-01A,single_sample_rank,elastic_net,0,0.00424469169229269,0.8354368209838867,outer_fold_nested_fixed_200
discovery_nested_oof,TCGA_COAD,TCGA-AA-3869-01A,single_sample_rank,elastic_net,0,0.019112402573227882,0.8354368209838867,outer_fold_nested_fixed_200
discovery_nested_oof,TCGA_COAD,TCGA-AA-3870-01A,single_sample_rank,elastic_net,0,0.3753014802932739,0.8354368209838867,outer_fold_nested_fixed_200
discovery_nested_oof,TCGA_COAD,TCGA-AA-3872-01A,single_sample_rank,elastic_net,0,0.046079784631729126,0.8354368209838867,outer_fold_nested_fixed_200
discovery_nested_oof,TCGA_COAD,TCGA-AA-3875-01A,single_sample_rank,elastic_net,0,0.03801536560058594,0.8354368209838867,outer_fold_nested_fixed_200
discovery_nested_oof,TCGA_COAD,TCGA-AA-3877-01A,single_sample_rank,elastic_net,1,0.9979372024536133,0.8354368209838867,outer_fold_nested_fixed_200
discovery_nested_oof,TCGA_COAD,TCGA-AA-3939-01A,single_sample_rank,elastic_net,0,0.02052118256688118,0.8354368209838867,outer_fold_nested_fixed_200
discovery_nested_oof,TCGA_COAD,TCGA-AA-3947-01A,single_sample_rank,elastic_net,1,0.999692440032959,0.8354368209838867,outer_fold_nested_fixed_200
discovery_nested_oof,TCGA_COAD,TCGA-AA-3949-01A,single_sample_rank,elastic_net,1,0.9999974966049194,0.8354368209838867,outer_fold_nested_fixed_200
discovery_nested_oof,TCGA_COAD,TCGA-AA-3950-01A,single_sample_rank,elastic_net,1,0.9999501705169678,0.8354368209838867,outer_fold_nested_fixed_200
discovery_nested_oof,TCGA_COAD,TCGA-AA-3952-01A,single_sample_rank,elastic_net,0,0.003874056739732623,0.8354368209838867,outer_fold_nested_fixed_200
discovery_nested_oof,TCGA_COAD,TCGA-AA-3955-01A,single_sample_rank,elastic_net,0,0.012653786689043045,0.8354368209838867,outer_fold_nested_fixed_200
discovery_nested_oof,TCGA_COAD,TCGA-AA-3956-01A,single_sample_rank,elastic_net,0,0.006520039867609739,0.8354368209838867,outer_fold_nested_fixed_200
discovery_nested_oof,TCGA_COAD,TCGA-AA-3966-01A,single_sample_rank,elastic_net,1,0.9985772371292114,0.8354368209838867,outer_fold_nested_fixed_200
discovery_nested_oof,TCGA_COAD,TCGA-AA-3968-01A,single_sample_rank,elastic_net,0,0.022888096049427986,0.8354368209838867,outer_fold_nested_fixed_200
discovery_nested_oof,TCGA_COAD,TCGA-AA-3970-01A,single_sample_rank,elastic_net,0,0.008677084930241108,0.8354368209838867,outer_fold_nested_fixed_200
discovery_nested_oof,TCGA_COAD,TCGA-AA-3971-01A,single_sample_rank,elastic_net,0,0.0031132171861827374,0.8354368209838867,outer_fold_nested_fixed_200
discovery_nested_oof,TCGA_COAD,TCGA-AA-3975-01A,single_sample_rank,elastic_net,0,0.00320733361877501,0.8354368209838867,outer_fold_nested_fixed_200
discovery_nested_oof,TCGA_COAD,TCGA-AA-3976-01A,single_sample_rank,elastic_net,0,0.003835898358374834,0.8354368209838867,outer_fold_nested_fixed_200
discovery_nested_oof,TCGA_COAD,TCGA-AA-3977-01A,single_sample_rank,elastic_net,0,0.6129025816917419,0.8354368209838867,outer_fold_nested_fixed_200
discovery_nested_oof,TCGA_COAD,TCGA-AA-3979-01A,single_sample_rank,elastic_net,0,0.026200851425528526,0.8354368209838867,outer_fold_nested_fixed_200
discovery_nested_oof,TCGA_COAD,TCGA-AA-3980-01A,single_sample_rank,elastic_net,0,0.25062859058380127,0.8354368209838867,outer_fold_nested_fixed_200
discovery_nested_oof,TCGA_COAD,TCGA-AA-3984-01A,single_sample_rank,elastic_net,0,0.388229638338089,0.8354368209838867,outer_fold_nested_fixed_200
discovery_nested_oof,TCGA_COAD,TCGA-AA-3986-01A,single_sample_rank,elastic_net,0,0.04881943762302399,0.8354368209838867,outer_fold_nested_fixed_200
discovery_nested_oof,TCGA_COAD,TCGA-AA-3989-01A,single_sample_rank,elastic_net,0,0.006547361146658659,0.8354368209838867,outer_fold_nested_fixed_200
discovery_nested_oof,TCGA_COAD,TCGA-AA-3994-01A,single_sample_rank,elastic_net,0,0.4370056390762329,0.8354368209838867,outer_fold_nested_fixed_200
discovery_nested_oof,TCGA_COAD,TCGA-AA-A00A-01A,single_sample_rank,elastic_net,1,0.860925555229187,0.8354368209838867,outer_fold_nested_fixed_200
discovery_nested_oof,TCGA_COAD,TCGA-AA-A00D-01A,single_sample_rank,elastic_net,0,0.6261129975318909,0.8354368209838867,outer_fold_nested_fixed_200
discovery_nested_oof,TCGA_COAD,TCGA-AA-A00E-01A,single_sample_rank,elastic_net,1,0.9990383386611938,0.8354368209838867,outer_fold_nested_fixed_200
discovery_nested_oof,TCGA_COAD,TCGA-AA-A00F-01A,single_sample_rank,elastic_net,0,0.0067178960889577866,0.8354368209838867,outer_fold_nested_fixed_200
discovery_nested_oof,TCGA_COAD,TCGA-AA-A00J-01A,single_sample_rank,elastic_net,1,0.9996663331985474,0.8354368209838867,outer_fold_nested_fixed_200
discovery_nested_oof,TCGA_COAD,TCGA-AA-A00L-01A,single_sample_rank,elastic_net,0,0.0057668560184538364,0.8354368209838867,outer_fold_nested_fixed_200
discovery_nested_oof,TCGA_COAD,TCGA-AA-A00Q-01A,single_sample_rank,elastic_net,0,0.0050529600121080875,0.8354368209838867,outer_fold_nested_fixed_200
discovery_nested_oof,TCGA_COAD,TCGA-AA-A00R-01A,single_sample_rank,elastic_net,1,1.0,0.8354368209838867,outer_fold_nested_fixed_200
discovery_nested_oof,TCGA_COAD,TCGA-AA-A00U-01A,single_sample_rank,elastic_net,0,0.010302863083779812,0.8354368209838867,outer_fold_nested_fixed_200
discovery_nested_oof,TCGA_COAD,TCGA-AA-A00W-01A,single_sample_rank,elastic_net,0,0.0039040164556354284,0.8354368209838867,outer_fold_nested_fixed_200
discovery_nested_oof,TCGA_COAD,TCGA-AA-A00Z-01A,single_sample_rank,elastic_net,0,0.008761143311858177,0.8354368209838867,outer_fold_nested_fixed_200
discovery_nested_oof,TCGA_COAD,TCGA-AA-A017-01A,single_sample_rank,elastic_net,0,0.007238925900310278,0.8354368209838867,outer_fold_nested_fixed_200
discovery_nested_oof,TCGA_COAD,TCGA-AA-A01C-01A,single_sample_rank,elastic_net,0,0.0023931660689413548,0.8354368209838867,outer_fold_nested_fixed_200
discovery_nested_oof,TCGA_COAD,TCGA-AA-A01D-01A,single_sample_rank,elastic_net,0,0.14639736711978912,0.8354368209838867,outer_fold_nested_fixed_200
discovery_nested_oof,TCGA_COAD,TCGA-AA-A01F-01A,single_sample_rank,elastic_net,0,0.034276802092790604,0.8354368209838867,outer_fold_nested_fixed_200
discovery_nested_oof,TCGA_COAD,TCGA-AA-A01I-01A,single_sample_rank,elastic_net,0,0.05007747560739517,0.8354368209838867,outer_fold_nested_fixed_200
discovery_nested_oof,TCGA_COAD,TCGA-AA-A01K-01A,single_sample_rank,elastic_net,0,0.0356895849108696,0.8354368209838867,outer_fold_nested_fixed_200
discovery_nested_oof,TCGA_COAD,TCGA-AA-A01P-01A,single_sample_rank,elastic_net,1,0.9939208030700684,0.8354368209838867,outer_fold_nested_fixed_200
discovery_nested_oof,TCGA_COAD,TCGA-AA-A01Q-01A,single_sample_rank,elastic_net,1,0.9948028326034546,0.8354368209838867,outer_fold_nested_fixed_200
discovery_nested_oof,TCGA_COAD,TCGA-AA-A01R-01A,single_sample_rank,elastic_net,1,0.9995821118354797,0.8354368209838867,outer_fold_nested_fixed_200
discovery_nested_oof,TCGA_COAD,TCGA-AA-A01T-01A,single_sample_rank,elastic_net,0,0.007691086269915104,0.8354368209838867,outer_fold_nested_fixed_200
discovery_nested_oof,TCGA_COAD,TCGA-AA-A01V-01A,single_sample_rank,elastic_net,0,0.07391814887523651,0.8354368209838867,outer_fold_nested_fixed_200
discovery_nested_oof,TCGA_COAD,TCGA-AA-A01X-01A,single_sample_rank,elastic_net,0,0.0013024897780269384,0.8354368209838867,outer_fold_nested_fixed_200
discovery_nested_oof,TCGA_COAD,TCGA-AA-A01Z-01A,single_sample_rank,elastic_net,0,0.005664923693984747,0.8354368209838867,outer_fold_nested_fixed_200
discovery_nested_oof,TCGA_COAD,TCGA-AA-A022-01A,single_sample_rank,elastic_net,1,0.9999990463256836,0.8354368209838867,outer_fold_nested_fixed_200
discovery_nested_oof,TCGA_COAD,TCGA-AA-A02F-01A,single_sample_rank,elastic_net,0,0.04405628889799118,0.8354368209838867,outer_fold_nested_fixed_200
discovery_nested_oof,TCGA_COAD,TCGA-AA-A02H-01A,single_sample_rank,elastic_net,0,0.02105962485074997,0.8354368209838867,outer_fold_nested_fixed_200
discovery_nested_oof,TCGA_COAD,TCGA-AA-A02J-01A,single_sample_rank,elastic_net,0,0.0033444815780967474,0.8354368209838867,outer_fold_nested_fixed_200
discovery_nested_oof,TCGA_COAD,TCGA-AA-A02K-01A,single_sample_rank,elastic_net,0,0.10739351809024811,0.8354368209838867,outer_fold_nested_fixed_200
discovery_nested_oof,TCGA_COAD,TCGA-AA-A02O-01A,single_sample_rank,elastic_net,0,0.09463728219270706,0.8354368209838867,outer_fold_nested_fixed_200
discovery_nested_oof,TCGA_COAD,TCGA-AA-A02R-01A,single_sample_rank,elastic_net,1,0.9999933242797852,0.8354368209838867,outer_fold_nested_fixed_200
discovery_nested_oof,TCGA_COAD,TCGA-AA-A02Y-01A,single_sample_rank,elastic_net,0,0.07688681781291962,0.8354368209838867,outer_fold_nested_fixed_200
discovery_nested_oof,TCGA_COAD,TCGA-AA-A03F-01A,single_sample_rank,elastic_net,0,0.05569595843553543,0.8354368209838867,outer_fold_nested_fixed_200
discovery_nested_oof,TCGA_COAD,TCGA-AA-A03J-01A,single_sample_rank,elastic_net,0,0.047202952206134796,0.8354368209838867,outer_fold_nested_fixed_200
discovery_nested_oof,TCGA_COAD,TCGA-AY-4070-01A,single_sample_rank,elastic_net,0,0.08694615960121155,0.8354368209838867,outer_fold_nested_fixed_200
discovery_nested_oof,TCGA_COAD,TCGA-AY-4071-01A,single_sample_rank,elastic_net,0,0.009779312647879124,0.8354368209838867,outer_fold_nested_fixed_200
discovery_nested_oof,TCGA_COAD,TCGA-AZ-4308-01A,single_sample_rank,elastic_net,0,0.026372427120804787,0.8354368209838867,outer_fold_nested_fixed_200
discovery_nested_oof,TCGA_COAD,TCGA-AZ-4313-01A,single_sample_rank,elastic_net,1,0.8811294436454773,0.8354368209838867,outer_fold_nested_fixed_200
discovery_nested_oof,TCGA_COAD,TCGA-AZ-4315-01A,single_sample_rank,elastic_net,0,0.3525477945804596,0.8354368209838867,outer_fold_nested_fixed_200
discovery_nested_oof,TCGA_COAD,TCGA-AZ-4615-01A,single_sample_rank,elastic_net,1,0.9988932013511658,0.8354368209838867,outer_fold_nested_fixed_200
discovery_nested_oof,TCGA_COAD,TCGA-AZ-4681-01A,single_sample_rank,elastic_net,0,0.0014029311714693904,0.8354368209838867,outer_fold_nested_fixed_200
discovery_nested_oof,TCGA_COAD,TCGA-AZ-4682-01B,single_sample_rank,elastic_net,0,0.005493782460689545,0.8354368209838867,outer_fold_nested_fixed_200
discovery_nested_oof,TCGA_COAD,TCGA-CA-5256-01A,single_sample_rank,elastic_net,0,0.0048034596256911755,0.8354368209838867,outer_fold_nested_fixed_200
discovery_nested_oof,TCGA_COAD,TCGA-CK-4951-01A,single_sample_rank,elastic_net,1,0.9983489513397217,0.8354368209838867,outer_fold_nested_fixed_200
discovery_nested_oof,TCGA_COAD,TCGA-CM-4744-01A,single_sample_rank,elastic_net,0,0.1888173222541809,0.8354368209838867,outer_fold_nested_fixed_200
discovery_nested_oof,TCGA_COAD,TCGA-CM-4746-01A,single_sample_rank,elastic_net,1,0.24804745614528656,0.8354368209838867,outer_fold_nested_fixed_200
discovery_nested_oof,TCGA_COAD,TCGA-CM-4748-01A,single_sample_rank,elastic_net,0,0.032565563917160034,0.8354368209838867,outer_fold_nested_fixed_200
discovery_nested_oof,TCGA_COAD,TCGA-CM-4752-01A,single_sample_rank,elastic_net,0,0.03360362723469734,0.8354368209838867,outer_fold_nested_fixed_200
discovery_nested_oof,TCGA_COAD,TCGA-CM-5341-01A,single_sample_rank,elastic_net,0,0.043365709483623505,0.8354368209838867,outer_fold_nested_fixed_200
TCGA_to_GEO,GSE13294,GSM335510,single_sample_rank,elastic_net,0,0.00531755480915308,0.8354368209838867,full_discovery_fixed_200
TCGA_to_GEO,GSE13294,GSM335511,single_sample_rank,elastic_net,1,0.5379389524459839,0.8354368209838867,full_discovery_fixed_200
TCGA_to_GEO,GSE13294,GSM335512,single_sample_rank,elastic_net,0,0.053219687193632126,0.8354368209838867,full_discovery_fixed_200
TCGA_to_GEO,GSE13294,GSM335513,single_sample_rank,elastic_net,0,0.00025170439039357007,0.8354368209838867,full_discovery_fixed_200
TCGA_to_GEO,GSE13294,GSM335514,single_sample_rank,elastic_net,0,0.0022517400793731213,0.8354368209838867,full_discovery_fixed_200
TCGA_to_GEO,GSE13294,GSM335515,single_sample_rank,elastic_net,0,0.006448573432862759,0.8354368209838867,full_discovery_fixed_200
TCGA_to_GEO,GSE13294,GSM335516,single_sample_rank,elastic_net,0,0.0009727677097544074,0.8354368209838867,full_discovery_fixed_200
TCGA_to_GEO,GSE13294,GSM335517,single_sample_rank,elastic_net,0,0.014414153061807156,0.8354368209838867,full_discovery_fixed_200
TCGA_to_GEO,GSE13294,GSM335518,single_sample_rank,elastic_net,1,0.6555013060569763,0.8354368209838867,full_discovery_fixed_200
TCGA_to_GEO,GSE13294,GSM335519,single_sample_rank,elastic_net,1,0.2975143492221832,0.8354368209838867,full_discovery_fixed_200
TCGA_to_GEO,GSE13294,GSM335520,single_sample_rank,elastic_net,0,0.15079495310783386,0.8354368209838867,full_discovery_fixed_200
TCGA_to_GEO,GSE13294,GSM335521,single_sample_rank,elastic_net,0,0.004790843464434147,0.8354368209838867,full_discovery_fixed_200
TCGA_to_GEO,GSE13294,GSM335522,single_sample_rank,elastic_net,0,0.020614637061953545,0.8354368209838867,full_discovery_fixed_200
TCGA_to_GEO,GSE13294,GSM335523,single_sample_rank,elastic_net,0,0.015081549994647503,0.8354368209838867,full_discovery_fixed_200
TCGA_to_GEO,GSE13294,GSM335524,single_sample_rank,elastic_net,0,0.02026839554309845,0.8354368209838867,full_discovery_fixed_200
TCGA_to_GEO,GSE13294,GSM335525,single_sample_rank,elastic_net,1,0.9627251029014587,0.8354368209838867,full_discovery_fixed_200
TCGA_to_GEO,GSE13294,GSM335526,single_sample_rank,elastic_net,0,0.002657845616340637,0.8354368209838867,full_discovery_fixed_200
TCGA_to_GEO,GSE13294,GSM335527,single_sample_rank,elastic_net,1,0.9078599810600281,0.8354368209838867,full_discovery_fixed_200
TCGA_to_GEO,GSE13294,GSM335528,single_sample_rank,elastic_net,0,0.004195596557110548,0.8354368209838867,full_discovery_fixed_200
TCGA_to_GEO,GSE13294,GSM335529,single_sample_rank,elastic_net,1,0.06446421891450882,0.8354368209838867,full_discovery_fixed_200
TCGA_to_GEO,GSE13294,GSM335530,single_sample_rank,elastic_net,1,0.9973512887954712,0.8354368209838867,full_discovery_fixed_200
TCGA_to_GEO,GSE13294,GSM335531,single_sample_rank,elastic_net,0,0.0018367846496403217,0.8354368209838867,full_discovery_fixed_200
TCGA_to_GEO,GSE13294,GSM335532,single_sample_rank,elastic_net,1,0.9621627330780029,0.8354368209838867,full_discovery_fixed_200
TCGA_to_GEO,GSE13294,GSM335533,single_sample_rank,elastic_net,0,0.002386709675192833,0.8354368209838867,full_discovery_fixed_200
TCGA_to_GEO,GSE13294,GSM335534,single_sample_rank,elastic_net,0,0.008013403974473476,0.8354368209838867,full_discovery_fixed_200
TCGA_to_GEO,GSE13294,GSM335535,single_sample_rank,elastic_net,0,0.011461786925792694,0.8354368209838867,full_discovery_fixed_200
TCGA_to_GEO,GSE13294,GSM335536,single_sample_rank,elastic_net,0,0.007197749800980091,0.8354368209838867,full_discovery_fixed_200
TCGA_to_GEO,GSE13294,GSM335537,single_sample_rank,elastic_net,0,0.002277530962601304,0.8354368209838867,full_discovery_fixed_200
TCGA_to_GEO,GSE13294,GSM335538,single_sample_rank,elastic_net,0,0.0012929061194881797,0.8354368209838867,full_discovery_fixed_200
TCGA_to_GEO,GSE13294,GSM335539,single_sample_rank,elastic_net,0,0.0008656671270728111,0.8354368209838867,full_discovery_fixed_200
TCGA_to_GEO,GSE13294,GSM335540,single_sample_rank,elastic_net,0,0.002562169684097171,0.8354368209838867,full_discovery_fixed_200
TCGA_to_GEO,GSE13294,GSM335541,single_sample_rank,elastic_net,1,0.5003681778907776,0.8354368209838867,full_discovery_fixed_200
TCGA_to_GEO,GSE13294,GSM335542,single_sample_rank,elastic_net,1,0.8234416246414185,0.8354368209838867,full_discovery_fixed_200
TCGA_to_GEO,GSE13294,GSM335543,single_sample_rank,elastic_net,1,0.3989167809486389,0.8354368209838867,full_discovery_fixed_200
TCGA_to_GEO,GSE13294,GSM335544,single_sample_rank,elastic_net,1,0.992672324180603,0.8354368209838867,full_discovery_fixed_200
TCGA_to_GEO,GSE13294,GSM335545,single_sample_rank,elastic_net,1,0.36224621534347534,0.8354368209838867,full_discovery_fixed_200
TCGA_to_GEO,GSE13294,GSM335546,single_sample_rank,elastic_net,1,0.9528459310531616,0.8354368209838867,full_discovery_fixed_200
TCGA_to_GEO,GSE13294,GSM335547,single_sample_rank,elastic_net,0,0.717668354511261,0.8354368209838867,full_discovery_fixed_200
TCGA_to_GEO,GSE13294,GSM335548,single_sample_rank,elastic_net,0,0.019979950040578842,0.8354368209838867,full_discovery_fixed_200
TCGA_to_GEO,GSE13294,GSM335549,single_sample_rank,elastic_net,0,0.031186865642666817,0.8354368209838867,full_discovery_fixed_200
TCGA_to_GEO,GSE13294,GSM335550,single_sample_rank,elastic_net,0,0.02587214857339859,0.8354368209838867,full_discovery_fixed_200
TCGA_to_GEO,GSE13294,GSM335551,single_sample_rank,elastic_net,1,0.7929141521453857,0.8354368209838867,full_discovery_fixed_200
TCGA_to_GEO,GSE13294,GSM335552,single_sample_rank,elastic_net,0,0.02966049499809742,0.8354368209838867,full_discovery_fixed_200
TCGA_to_GEO,GSE13294,GSM335553,single_sample_rank,elastic_net,0,0.03970751166343689,0.8354368209838867,full_discovery_fixed_200
TCGA_to_GEO,GSE13294,GSM335554,single_sample_rank,elastic_net,0,0.008744987659156322,0.8354368209838867,full_discovery_fixed_200
TCGA_to_GEO,GSE13294,GSM335555,single_sample_rank,elastic_net,1,0.9989197254180908,0.8354368209838867,full_discovery_fixed_200
TCGA_to_GEO,GSE13294,GSM335556,single_sample_rank,elastic_net,0,0.001583449891768396,0.8354368209838867,full_discovery_fixed_200
TCGA_to_GEO,GSE13294,GSM335557,single_sample_rank,elastic_net,0,0.003714440157637,0.8354368209838867,full_discovery_fixed_200
TCGA_to_GEO,GSE13294,GSM335558,single_sample_rank,elastic_net,0,0.008308460004627705,0.8354368209838867,full_discovery_fixed_200
TCGA_to_GEO,GSE13294,GSM335559,single_sample_rank,elastic_net,1,0.8186898231506348,0.8354368209838867,full_discovery_fixed_200
TCGA_to_GEO,GSE13294,GSM335560,single_sample_rank,elastic_net,1,0.9953051805496216,0.8354368209838867,full_discovery_fixed_200
TCGA_to_GEO,GSE13294,GSM335561,single_sample_rank,elastic_net,0,0.0015069728251546621,0.8354368209838867,full_discovery_fixed_200
TCGA_to_GEO,GSE13294,GSM335562,single_sample_rank,elastic_net,1,0.5573919415473938,0.8354368209838867,full_discovery_fixed_200
TCGA_to_GEO,GSE13294,GSM335563,single_sample_rank,elastic_net,1,0.9692118167877197,0.8354368209838867,full_discovery_fixed_200
TCGA_to_GEO,GSE13294,GSM335564,single_sample_rank,elastic_net,0,0.024260662496089935,0.8354368209838867,full_discovery_fixed_200
TCGA_to_GEO,GSE13294,GSM335565,single_sample_rank,elastic_net,1,0.9998797178268433,0.8354368209838867,full_discovery_fixed_200
TCGA_to_GEO,GSE13294,GSM335566,single_sample_rank,elastic_net,1,0.9786326289176941,0.8354368209838867,full_discovery_fixed_200
TCGA_to_GEO,GSE13294,GSM335567,single_sample_rank,elastic_net,0,0.0037591189611703157,0.8354368209838867,full_discovery_fixed_200
TCGA_to_GEO,GSE13294,GSM335568,single_sample_rank,elastic_net,0,0.0011429486330598593,0.8354368209838867,full_discovery_fixed_200
TCGA_to_GEO,GSE13294,GSM335569,single_sample_rank,elastic_net,0,0.002589296782389283,0.8354368209838867,full_discovery_fixed_200
TCGA_to_GEO,GSE13294,GSM335570,single_sample_rank,elastic_net,0,0.26169344782829285,0.8354368209838867,full_discovery_fixed_200
TCGA_to_GEO,GSE13294,GSM335571,single_sample_rank,elastic_net,0,0.0017996749375015497,0.8354368209838867,full_discovery_fixed_200
TCGA_to_GEO,GSE13294,GSM335572,single_sample_rank,elastic_net,0,0.010400468483567238,0.8354368209838867,full_discovery_fixed_200
TCGA_to_GEO,GSE13294,GSM335573,single_sample_rank,elastic_net,1,0.0019021935295313597,0.8354368209838867,full_discovery_fixed_200
TCGA_to_GEO,GSE13294,GSM335574,single_sample_rank,elastic_net,1,0.9978843331336975,0.8354368209838867,full_discovery_fixed_200
TCGA_to_GEO,GSE13294,GSM335575,single_sample_rank,elastic_net,0,0.08762241154909134,0.8354368209838867,full_discovery_fixed_200
TCGA_to_GEO,GSE13294,GSM335576,single_sample_rank,elastic_net,1,0.9881982207298279,0.8354368209838867,full_discovery_fixed_200
TCGA_to_GEO,GSE13294,GSM335577,single_sample_rank,elastic_net,1,0.9982979893684387,0.8354368209838867,full_discovery_fixed_200
TCGA_to_GEO,GSE13294,GSM335578,single_sample_rank,elastic_net,1,0.9026100039482117,0.8354368209838867,full_discovery_fixed_200
TCGA_to_GEO,GSE13294,GSM335579,single_sample_rank,elastic_net,0,0.22078417241573334,0.8354368209838867,full_discovery_fixed_200
TCGA_to_GEO,GSE13294,GSM335580,single_sample_rank,elastic_net,0,0.002230740385130048,0.8354368209838867,full_discovery_fixed_200
TCGA_to_GEO,GSE13294,GSM335581,single_sample_rank,elastic_net,0,0.01669032871723175,0.8354368209838867,full_discovery_fixed_200
TCGA_to_GEO,GSE13294,GSM335582,single_sample_rank,elastic_net,0,0.001526912092231214,0.8354368209838867,full_discovery_fixed_200
TCGA_to_GEO,GSE13294,GSM335583,single_sample_rank,elastic_net,0,0.002643442479893565,0.8354368209838867,full_discovery_fixed_200
TCGA_to_GEO,GSE13294,GSM335584,single_sample_rank,elastic_net,0,0.018881043419241905,0.8354368209838867,full_discovery_fixed_200
TCGA_to_GEO,GSE13294,GSM335585,single_sample_rank,elastic_net,1,0.9997498393058777,0.8354368209838867,full_discovery_fixed_200
TCGA_to_GEO,GSE13294,GSM335586,single_sample_rank,elastic_net,0,0.007645598612725735,0.8354368209838867,full_discovery_fixed_200
TCGA_to_GEO,GSE13294,GSM335587,single_sample_rank,elastic_net,0,0.036866407841444016,0.8354368209838867,full_discovery_fixed_200
TCGA_to_GEO,GSE13294,GSM335588,single_sample_rank,elastic_net,0,0.0014411227311939,0.8354368209838867,full_discovery_fixed_200
TCGA_to_GEO,GSE13294,GSM335589,single_sample_rank,elastic_net,0,0.0033998501021414995,0.8354368209838867,full_discovery_fixed_200
TCGA_to_GEO,GSE13294,GSM335590,single_sample_rank,elastic_net,0,0.021618328988552094,0.8354368209838867,full_discovery_fixed_200
TCGA_to_GEO,GSE13294,GSM335591,single_sample_rank,elastic_net,0,0.002634967677295208,0.8354368209838867,full_discovery_fixed_200
TCGA_to_GEO,GSE13294,GSM335592,single_sample_rank,elastic_net,0,0.0005332059809006751,0.8354368209838867,full_discovery_fixed_200
TCGA_to_GEO,GSE13294,GSM335593,single_sample_rank,elastic_net,0,0.0010934803867712617,0.8354368209838867,full_discovery_fixed_200
TCGA_to_GEO,GSE13294,GSM335594,single_sample_rank,elastic_net,0,0.004160736221820116,0.8354368209838867,full_discovery_fixed_200
TCGA_to_GEO,GSE13294,GSM335595,single_sample_rank,elastic_net,1,0.9953719973564148,0.8354368209838867,full_discovery_fixed_200
TCGA_to_GEO,GSE13294,GSM335596,single_sample_rank,elastic_net,0,0.005929500330239534,0.8354368209838867,full_discovery_fixed_200
TCGA_to_GEO,GSE13294,GSM335597,single_sample_rank,elastic_net,1,0.9999630451202393,0.8354368209838867,full_discovery_fixed_200
TCGA_to_GEO,GSE13294,GSM335598,single_sample_rank,elastic_net,0,0.0006479207659140229,0.8354368209838867,full_discovery_fixed_200
TCGA_to_GEO,GSE13294,GSM335599,single_sample_rank,elastic_net,0,0.03091350570321083,0.8354368209838867,full_discovery_fixed_200
TCGA_to_GEO,GSE13294,GSM335600,single_sample_rank,elastic_net,0,0.008338550105690956,0.8354368209838867,full_discovery_fixed_200
TCGA_to_GEO,GSE13294,GSM335601,single_sample_rank,elastic_net,0,0.017918914556503296,0.8354368209838867,full_discovery_fixed_200
TCGA_to_GEO,GSE13294,GSM335602,single_sample_rank,elastic_net,0,0.002784457989037037,0.8354368209838867,full_discovery_fixed_200
TCGA_to_GEO,GSE13294,GSM335603,single_sample_rank,elastic_net,0,0.001709859468974173,0.8354368209838867,full_discovery_fixed_200
TCGA_to_GEO,GSE13294,GSM335604,single_sample_rank,elastic_net,0,0.006129598710685968,0.8354368209838867,full_discovery_fixed_200
TCGA_to_GEO,GSE13294,GSM335605,single_sample_rank,elastic_net,0,0.0007294132956303656,0.8354368209838867,full_discovery_fixed_200
TCGA_to_GEO,GSE13294,GSM335606,single_sample_rank,elastic_net,0,0.00020445836707949638,0.8354368209838867,full_discovery_fixed_200
TCGA_to_GEO,GSE13294,GSM335607,single_sample_rank,elastic_net,0,0.08264714479446411,0.8354368209838867,full_discovery_fixed_200
TCGA_to_GEO,GSE13294,GSM335608,single_sample_rank,elastic_net,0,0.4384802579879761,0.8354368209838867,full_discovery_fixed_200
TCGA_to_GEO,GSE13294,GSM335609,single_sample_rank,elastic_net,0,0.00497610867023468,0.8354368209838867,full_discovery_fixed_200
TCGA_to_GEO,GSE13294,GSM335610,single_sample_rank,elastic_net,0,9.407400648342445e-05,0.8354368209838867,full_discovery_fixed_200
TCGA_to_GEO,GSE13294,GSM335611,single_sample_rank,elastic_net,0,0.007697810418903828,0.8354368209838867,full_discovery_fixed_200
TCGA_to_GEO,GSE13294,GSM335612,single_sample_rank,elastic_net,0,0.00022951721621211618,0.8354368209838867,full_discovery_fixed_200
TCGA_to_GEO,GSE13294,GSM335613,single_sample_rank,elastic_net,0,0.001625856151804328,0.8354368209838867,full_discovery_fixed_200
TCGA_to_GEO,GSE13294,GSM335614,single_sample_rank,elastic_net,1,0.998893678188324,0.8354368209838867,full_discovery_fixed_200
TCGA_to_GEO,GSE13294,GSM335615,single_sample_rank,elastic_net,0,0.0013813790865242481,0.8354368209838867,full_discovery_fixed_200
TCGA_to_GEO,GSE13294,GSM335616,single_sample_rank,elastic_net,0,0.001764866290614009,0.8354368209838867,full_discovery_fixed_200
TCGA_to_GEO,GSE13294,GSM335617,single_sample_rank,elastic_net,0,0.0002690517285373062,0.8354368209838867,full_discovery_fixed_200
TCGA_to_GEO,GSE13294,GSM335618,single_sample_rank,elastic_net,1,0.1846236139535904,0.8354368209838867,full_discovery_fixed_200
TCGA_to_GEO,GSE13294,GSM335619,single_sample_rank,elastic_net,1,0.9148673415184021,0.8354368209838867,full_discovery_fixed_200
TCGA_to_GEO,GSE13294,GSM335620,single_sample_rank,elastic_net,1,0.328884482383728,0.8354368209838867,full_discovery_fixed_200
TCGA_to_GEO,GSE13294,GSM335621,single_sample_rank,elastic_net,1,0.9991957545280457,0.8354368209838867,full_discovery_fixed_200
TCGA_to_GEO,GSE13294,GSM335622,single_sample_rank,elastic_net,1,0.9617829918861389,0.8354368209838867,full_discovery_fixed_200
TCGA_to_GEO,GSE13294,GSM335623,single_sample_rank,elastic_net,1,0.9997143149375916,0.8354368209838867,full_discovery_fixed_200
TCGA_to_GEO,GSE13294,GSM335624,single_sample_rank,elastic_net,1,0.8636775612831116,0.8354368209838867,full_discovery_fixed_200
TCGA_to_GEO,GSE13294,GSM335625,single_sample_rank,elastic_net,1,0.5604664087295532,0.8354368209838867,full_discovery_fixed_200
TCGA_to_GEO,GSE13294,GSM335626,single_sample_rank,elastic_net,1,0.5614421963691711,0.8354368209838867,full_discovery_fixed_200
TCGA_to_GEO,GSE13294,GSM335627,single_sample_rank,elastic_net,1,0.7684199213981628,0.8354368209838867,full_discovery_fixed_200
TCGA_to_GEO,GSE13294,GSM335628,single_sample_rank,elastic_net,1,0.9605268836021423,0.8354368209838867,full_discovery_fixed_200
TCGA_to_GEO,GSE13294,GSM335629,single_sample_rank,elastic_net,1,0.999859094619751,0.8354368209838867,full_discovery_fixed_200
TCGA_to_GEO,GSE13294,GSM335630,single_sample_rank,elastic_net,1,0.9818766117095947,0.8354368209838867,full_discovery_fixed_200
TCGA_to_GEO,GSE13294,GSM335631,single_sample_rank,elastic_net,1,0.004019781481474638,0.8354368209838867,full_discovery_fixed_200
TCGA_to_GEO,GSE13294,GSM335632,single_sample_rank,elastic_net,1,0.7310853004455566,0.8354368209838867,full_discovery_fixed_200
TCGA_to_GEO,GSE13294,GSM335633,single_sample_rank,elastic_net,1,0.6581857800483704,0.8354368209838867,full_discovery_fixed_200
TCGA_to_GEO,GSE13294,GSM335634,single_sample_rank,elastic_net,1,0.9993384480476379,0.8354368209838867,full_discovery_fixed_200
TCGA_to_GEO,GSE13294,GSM335635,single_sample_rank,elastic_net,1,0.998885452747345,0.8354368209838867,full_discovery_fixed_200
TCGA_to_GEO,GSE13294,GSM335636,single_sample_rank,elastic_net,1,0.00010981475497828797,0.8354368209838867,full_discovery_fixed_200
TCGA_to_GEO,GSE13294,GSM335637,single_sample_rank,elastic_net,1,0.6921759247779846,0.8354368209838867,full_discovery_fixed_200
TCGA_to_GEO,GSE13294,GSM335638,single_sample_rank,elastic_net,1,0.9889049530029297,0.8354368209838867,full_discovery_fixed_200
TCGA_to_GEO,GSE13294,GSM335639,single_sample_rank,elastic_net,1,0.837491512298584,0.8354368209838867,full_discovery_fixed_200
TCGA_to_GEO,GSE13294,GSM335640,single_sample_rank,elastic_net,1,0.9720404744148254,0.8354368209838867,full_discovery_fixed_200
TCGA_to_GEO,GSE13294,GSM335641,single_sample_rank,elastic_net,1,0.9997316002845764,0.8354368209838867,full_discovery_fixed_200
TCGA_to_GEO,GSE13294,GSM335642,single_sample_rank,elastic_net,1,0.951898992061615,0.8354368209838867,full_discovery_fixed_200
TCGA_to_GEO,GSE13294,GSM335643,single_sample_rank,elastic_net,1,0.9999505281448364,0.8354368209838867,full_discovery_fixed_200
TCGA_to_GEO,GSE13294,GSM335644,single_sample_rank,elastic_net,1,0.9888446927070618,0.8354368209838867,full_discovery_fixed_200
TCGA_to_GEO,GSE13294,GSM335645,single_sample_rank,elastic_net,1,0.9976104497909546,0.8354368209838867,full_discovery_fixed_200
TCGA_to_GEO,GSE13294,GSM335646,single_sample_rank,elastic_net,1,0.9787207841873169,0.8354368209838867,full_discovery_fixed_200
TCGA_to_GEO,GSE13294,GSM335647,single_sample_rank,elastic_net,1,0.6333792805671692,0.8354368209838867,full_discovery_fixed_200
TCGA_to_GEO,GSE13294,GSM335648,single_sample_rank,elastic_net,1,0.06051366776227951,0.8354368209838867,full_discovery_fixed_200
TCGA_to_GEO,GSE13294,GSM335649,single_sample_rank,elastic_net,1,0.9873313307762146,0.8354368209838867,full_discovery_fixed_200
TCGA_to_GEO,GSE13294,GSM335650,single_sample_rank,elastic_net,1,0.8738681077957153,0.8354368209838867,full_discovery_fixed_200
TCGA_to_GEO,GSE13294,GSM335651,single_sample_rank,elastic_net,1,0.006537530105561018,0.8354368209838867,full_discovery_fixed_200
TCGA_to_GEO,GSE13294,GSM335652,single_sample_rank,elastic_net,1,0.9998835325241089,0.8354368209838867,full_discovery_fixed_200
TCGA_to_GEO,GSE13294,GSM335653,single_sample_rank,elastic_net,1,0.9387697577476501,0.8354368209838867,full_discovery_fixed_200
TCGA_to_GEO,GSE13294,GSM335654,single_sample_rank,elastic_net,1,0.9745336174964905,0.8354368209838867,full_discovery_fixed_200
TCGA_to_GEO,GSE13294,GSM335655,single_sample_rank,elastic_net,1,0.9886230826377869,0.8354368209838867,full_discovery_fixed_200
TCGA_to_GEO,GSE13294,GSM335656,single_sample_rank,elastic_net,1,0.9602200388908386,0.8354368209838867,full_discovery_fixed_200
TCGA_to_GEO,GSE13294,GSM335657,single_sample_rank,elastic_net,1,0.9718642234802246,0.8354368209838867,full_discovery_fixed_200
TCGA_to_GEO,GSE13294,GSM335658,single_sample_rank,elastic_net,1,0.9978424310684204,0.8354368209838867,full_discovery_fixed_200
TCGA_to_GEO,GSE13294,GSM335659,single_sample_rank,elastic_net,1,0.9973341226577759,0.8354368209838867,full_discovery_fixed_200
TCGA_to_GEO,GSE13294,GSM335660,single_sample_rank,elastic_net,1,0.9973211884498596,0.8354368209838867,full_discovery_fixed_200
TCGA_to_GEO,GSE13294,GSM335661,single_sample_rank,elastic_net,1,0.9897630214691162,0.8354368209838867,full_discovery_fixed_200
TCGA_to_GEO,GSE13294,GSM335662,single_sample_rank,elastic_net,1,0.992180585861206,0.8354368209838867,full_discovery_fixed_200
TCGA_to_GEO,GSE13294,GSM335663,single_sample_rank,elastic_net,1,0.6855958700180054,0.8354368209838867,full_discovery_fixed_200
TCGA_to_GEO,GSE13294,GSM335664,single_sample_rank,elastic_net,1,0.9855140447616577,0.8354368209838867,full_discovery_fixed_200
TCGA_to_GEO,GSE13067,GSM327282,single_sample_rank,elastic_net,1,0.996852457523346,0.8354368209838867,full_discovery_fixed_200
TCGA_to_GEO,GSE13067,GSM327283,single_sample_rank,elastic_net,0,0.019600611180067062,0.8354368209838867,full_discovery_fixed_200
TCGA_to_GEO,GSE13067,GSM327284,single_sample_rank,elastic_net,0,0.0017738996539264917,0.8354368209838867,full_discovery_fixed_200
TCGA_to_GEO,GSE13067,GSM327285,single_sample_rank,elastic_net,0,0.00650289561599493,0.8354368209838867,full_discovery_fixed_200
TCGA_to_GEO,GSE13067,GSM327286,single_sample_rank,elastic_net,0,0.1389884352684021,0.8354368209838867,full_discovery_fixed_200
TCGA_to_GEO,GSE13067,GSM327287,single_sample_rank,elastic_net,0,0.0012607865501195192,0.8354368209838867,full_discovery_fixed_200
TCGA_to_GEO,GSE13067,GSM327288,single_sample_rank,elastic_net,1,0.7358324527740479,0.8354368209838867,full_discovery_fixed_200
TCGA_to_GEO,GSE13067,GSM327289,single_sample_rank,elastic_net,0,0.022400513291358948,0.8354368209838867,full_discovery_fixed_200
TCGA_to_GEO,GSE13067,GSM327290,single_sample_rank,elastic_net,0,0.004127940163016319,0.8354368209838867,full_discovery_fixed_200
TCGA_to_GEO,GSE13067,GSM327291,single_sample_rank,elastic_net,0,0.013824022375047207,0.8354368209838867,full_discovery_fixed_200
TCGA_to_GEO,GSE13067,GSM327292,single_sample_rank,elastic_net,0,0.004092613235116005,0.8354368209838867,full_discovery_fixed_200
TCGA_to_GEO,GSE13067,GSM327293,single_sample_rank,elastic_net,0,0.2461034655570984,0.8354368209838867,full_discovery_fixed_200
TCGA_to_GEO,GSE13067,GSM327294,single_sample_rank,elastic_net,0,0.0006119570462033153,0.8354368209838867,full_discovery_fixed_200
TCGA_to_GEO,GSE13067,GSM327295,single_sample_rank,elastic_net,0,0.0013596907956525683,0.8354368209838867,full_discovery_fixed_200
TCGA_to_GEO,GSE13067,GSM327296,single_sample_rank,elastic_net,0,0.06499668955802917,0.8354368209838867,full_discovery_fixed_200
TCGA_to_GEO,GSE13067,GSM327297,single_sample_rank,elastic_net,0,0.016489466652274132,0.8354368209838867,full_discovery_fixed_200
TCGA_to_GEO,GSE13067,GSM327298,single_sample_rank,elastic_net,0,0.004895430523902178,0.8354368209838867,full_discovery_fixed_200
TCGA_to_GEO,GSE13067,GSM327299,single_sample_rank,elastic_net,0,0.3198862075805664,0.8354368209838867,full_discovery_fixed_200
TCGA_to_GEO,GSE13067,GSM327300,single_sample_rank,elastic_net,0,0.03385644033551216,0.8354368209838867,full_discovery_fixed_200
TCGA_to_GEO,GSE13067,GSM327301,single_sample_rank,elastic_net,0,0.00821058638393879,0.8354368209838867,full_discovery_fixed_200
TCGA_to_GEO,GSE13067,GSM327302,single_sample_rank,elastic_net,0,0.6909645795822144,0.8354368209838867,full_discovery_fixed_200
TCGA_to_GEO,GSE13067,GSM327303,single_sample_rank,elastic_net,0,0.020783837884664536,0.8354368209838867,full_discovery_fixed_200
TCGA_to_GEO,GSE13067,GSM327304,single_sample_rank,elastic_net,0,0.04109180346131325,0.8354368209838867,full_discovery_fixed_200
TCGA_to_GEO,GSE13067,GSM327305,single_sample_rank,elastic_net,0,0.02537235990166664,0.8354368209838867,full_discovery_fixed_200
TCGA_to_GEO,GSE13067,GSM327306,single_sample_rank,elastic_net,0,0.0032120004761964083,0.8354368209838867,full_discovery_fixed_200
TCGA_to_GEO,GSE13067,GSM327307,single_sample_rank,elastic_net,0,0.030364075675606728,0.8354368209838867,full_discovery_fixed_200
TCGA_to_GEO,GSE13067,GSM327308,single_sample_rank,elastic_net,0,0.0016672027995809913,0.8354368209838867,full_discovery_fixed_200
TCGA_to_GEO,GSE13067,GSM327309,single_sample_rank,elastic_net,1,0.9884839653968811,0.8354368209838867,full_discovery_fixed_200
TCGA_to_GEO,GSE13067,GSM327310,single_sample_rank,elastic_net,1,0.9992235898971558,0.8354368209838867,full_discovery_fixed_200
TCGA_to_GEO,GSE13067,GSM327311,single_sample_rank,elastic_net,1,0.9999285936355591,0.8354368209838867,full_discovery_fixed_200
TCGA_to_GEO,GSE13067,GSM327312,single_sample_rank,elastic_net,0,0.024841636419296265,0.8354368209838867,full_discovery_fixed_200
TCGA_to_GEO,GSE13067,GSM327313,single_sample_rank,elastic_net,1,0.9917959570884705,0.8354368209838867,full_discovery_fixed_200
TCGA_to_GEO,GSE13067,GSM327314,single_sample_rank,elastic_net,0,0.004631628282368183,0.8354368209838867,full_discovery_fixed_200
TCGA_to_GEO,GSE13067,GSM327315,single_sample_rank,elastic_net,0,0.002039377111941576,0.8354368209838867,full_discovery_fixed_200
TCGA_to_GEO,GSE13067,GSM327316,single_sample_rank,elastic_net,0,0.02205055020749569,0.8354368209838867,full_discovery_fixed_200
TCGA_to_GEO,GSE13067,GSM327317,single_sample_rank,elastic_net,0,0.0013125312980264425,0.8354368209838867,full_discovery_fixed_200
TCGA_to_GEO,GSE13067,GSM327318,single_sample_rank,elastic_net,0,0.010962290689349174,0.8354368209838867,full_discovery_fixed_200
TCGA_to_GEO,GSE13067,GSM327319,single_sample_rank,elastic_net,0,0.0009099654853343964,0.8354368209838867,full_discovery_fixed_200
TCGA_to_GEO,GSE13067,GSM327320,single_sample_rank,elastic_net,0,0.0017381352372467518,0.8354368209838867,full_discovery_fixed_200
TCGA_to_GEO,GSE13067,GSM327321,single_sample_rank,elastic_net,0,6.726913125021383e-05,0.8354368209838867,full_discovery_fixed_200
TCGA_to_GEO,GSE13067,GSM327322,single_sample_rank,elastic_net,0,0.021773390471935272,0.8354368209838867,full_discovery_fixed_200
TCGA_to_GEO,GSE13067,GSM327323,single_sample_rank,elastic_net,0,0.002125559840351343,0.8354368209838867,full_discovery_fixed_200
TCGA_to_GEO,GSE13067,GSM327324,single_sample_rank,elastic_net,1,0.9762676358222961,0.8354368209838867,full_discovery_fixed_200
TCGA_to_GEO,GSE13067,GSM327325,single_sample_rank,elastic_net,1,0.9988617897033691,0.8354368209838867,full_discovery_fixed_200
TCGA_to_GEO,GSE13067,GSM327326,single_sample_rank,elastic_net,0,0.001949948724359274,0.8354368209838867,full_discovery_fixed_200
TCGA_to_GEO,GSE13067,GSM327327,single_sample_rank,elastic_net,0,0.07095309346914291,0.8354368209838867,full_discovery_fixed_200
TCGA_to_GEO,GSE13067,GSM327328,single_sample_rank,elastic_net,0,0.007879535667598248,0.8354368209838867,full_discovery_fixed_200
TCGA_to_GEO,GSE13067,GSM327329,single_sample_rank,elastic_net,0,0.030511513352394104,0.8354368209838867,full_discovery_fixed_200
TCGA_to_GEO,GSE13067,GSM327330,single_sample_rank,elastic_net,0,0.006116247270256281,0.8354368209838867,full_discovery_fixed_200
TCGA_to_GEO,GSE13067,GSM327331,single_sample_rank,elastic_net,1,0.6437994837760925,0.8354368209838867,full_discovery_fixed_200
TCGA_to_GEO,GSE13067,GSM327332,single_sample_rank,elastic_net,0,0.007431516423821449,0.8354368209838867,full_discovery_fixed_200
TCGA_to_GEO,GSE13067,GSM327333,single_sample_rank,elastic_net,0,0.06410349905490875,0.8354368209838867,full_discovery_fixed_200
TCGA_to_GEO,GSE13067,GSM327334,single_sample_rank,elastic_net,0,0.012693770229816437,0.8354368209838867,full_discovery_fixed_200
TCGA_to_GEO,GSE13067,GSM327335,single_sample_rank,elastic_net,0,0.04953257739543915,0.8354368209838867,full_discovery_fixed_200
TCGA_to_GEO,GSE13067,GSM327336,single_sample_rank,elastic_net,0,0.0021199823822826147,0.8354368209838867,full_discovery_fixed_200
TCGA_to_GEO,GSE13067,GSM327337,single_sample_rank,elastic_net,0,0.0015842588618397713,0.8354368209838867,full_discovery_fixed_200
TCGA_to_GEO,GSE13067,GSM327338,single_sample_rank,elastic_net,0,0.0003473940014373511,0.8354368209838867,full_discovery_fixed_200
TCGA_to_GEO,GSE13067,GSM327339,single_sample_rank,elastic_net,0,0.0759921669960022,0.8354368209838867,full_discovery_fixed_200
TCGA_to_GEO,GSE13067,GSM327340,single_sample_rank,elastic_net,0,0.006792192813009024,0.8354368209838867,full_discovery_fixed_200
TCGA_to_GEO,GSE13067,GSM327341,single_sample_rank,elastic_net,0,0.0006103243795223534,0.8354368209838867,full_discovery_fixed_200
TCGA_to_GEO,GSE13067,GSM327342,single_sample_rank,elastic_net,0,0.0016782911261543632,0.8354368209838867,full_discovery_fixed_200
TCGA_to_GEO,GSE13067,GSM327343,single_sample_rank,elastic_net,0,0.06488301604986191,0.8354368209838867,full_discovery_fixed_200
TCGA_to_GEO,GSE13067,GSM327344,single_sample_rank,elastic_net,0,0.0011913583148270845,0.8354368209838867,full_discovery_fixed_200
TCGA_to_GEO,GSE13067,GSM327345,single_sample_rank,elastic_net,0,0.26760929822921753,0.8354368209838867,full_discovery_fixed_200
TCGA_to_GEO,GSE13067,GSM327346,single_sample_rank,elastic_net,0,0.005339810159057379,0.8354368209838867,full_discovery_fixed_200
TCGA_to_GEO,GSE13067,GSM327347,single_sample_rank,elastic_net,0,0.003961425274610519,0.8354368209838867,full_discovery_fixed_200
TCGA_to_GEO,GSE13067,GSM327348,single_sample_rank,elastic_net,0,0.009098750539124012,0.8354368209838867,full_discovery_fixed_200
TCGA_to_GEO,GSE13067,GSM327349,single_sample_rank,elastic_net,0,0.006427424028515816,0.8354368209838867,full_discovery_fixed_200
TCGA_to_GEO,GSE13067,GSM327350,single_sample_rank,elastic_net,0,0.0036440384574234486,0.8354368209838867,full_discovery_fixed_200
TCGA_to_GEO,GSE13067,GSM327351,single_sample_rank,elastic_net,0,0.011804846115410328,0.8354368209838867,full_discovery_fixed_200
TCGA_to_GEO,GSE13067,GSM327352,single_sample_rank,elastic_net,1,0.9996947050094604,0.8354368209838867,full_discovery_fixed_200
TCGA_to_GEO,GSE13067,GSM327353,single_sample_rank,elastic_net,1,0.9742062091827393,0.8354368209838867,full_discovery_fixed_200
TCGA_to_GEO,GSE13067,GSM327354,single_sample_rank,elastic_net,0,0.02527095191180706,0.8354368209838867,full_discovery_fixed_200
TCGA_to_GEO,GSE13067,GSM327355,single_sample_rank,elastic_net,0,0.010391324758529663,0.8354368209838867,full_discovery_fixed_200
TCGA_to_GEO,GSE18088,GSM452148,single_sample_rank,elastic_net,1,0.30861929059028625,0.8354368209838867,full_discovery_fixed_200
TCGA_to_GEO,GSE18088,GSM452149,single_sample_rank,elastic_net,0,0.0042283437214791775,0.8354368209838867,full_discovery_fixed_200
TCGA_to_GEO,GSE18088,GSM452150,single_sample_rank,elastic_net,0,0.01088982354849577,0.8354368209838867,full_discovery_fixed_200
TCGA_to_GEO,GSE18088,GSM452151,single_sample_rank,elastic_net,0,0.024811021983623505,0.8354368209838867,full_discovery_fixed_200
TCGA_to_GEO,GSE18088,GSM452152,single_sample_rank,elastic_net,0,0.0021648029796779156,0.8354368209838867,full_discovery_fixed_200
TCGA_to_GEO,GSE18088,GSM452153,single_sample_rank,elastic_net,1,0.2947532832622528,0.8354368209838867,full_discovery_fixed_200
TCGA_to_GEO,GSE18088,GSM452154,single_sample_rank,elastic_net,0,0.016594983637332916,0.8354368209838867,full_discovery_fixed_200
TCGA_to_GEO,GSE18088,GSM452155,single_sample_rank,elastic_net,0,0.005716960411518812,0.8354368209838867,full_discovery_fixed_200
TCGA_to_GEO,GSE18088,GSM452156,single_sample_rank,elastic_net,0,0.002052081050351262,0.8354368209838867,full_discovery_fixed_200
TCGA_to_GEO,GSE18088,GSM452157,single_sample_rank,elastic_net,1,0.9996322393417358,0.8354368209838867,full_discovery_fixed_200
TCGA_to_GEO,GSE18088,GSM452158,single_sample_rank,elastic_net,0,0.015311428345739841,0.8354368209838867,full_discovery_fixed_200
TCGA_to_GEO,GSE18088,GSM452159,single_sample_rank,elastic_net,1,0.8674220442771912,0.8354368209838867,full_discovery_fixed_200
TCGA_to_GEO,GSE18088,GSM452160,single_sample_rank,elastic_net,0,0.0031337959226220846,0.8354368209838867,full_discovery_fixed_200
TCGA_to_GEO,GSE18088,GSM452161,single_sample_rank,elastic_net,0,0.004251113627105951,0.8354368209838867,full_discovery_fixed_200
TCGA_to_GEO,GSE18088,GSM452162,single_sample_rank,elastic_net,0,0.15491606295108795,0.8354368209838867,full_discovery_fixed_200
TCGA_to_GEO,GSE18088,GSM452163,single_sample_rank,elastic_net,1,0.9993420243263245,0.8354368209838867,full_discovery_fixed_200
TCGA_to_GEO,GSE18088,GSM452164,single_sample_rank,elastic_net,0,0.001988411881029606,0.8354368209838867,full_discovery_fixed_200
TCGA_to_GEO,GSE18088,GSM452165,single_sample_rank,elastic_net,0,0.03475851193070412,0.8354368209838867,full_discovery_fixed_200
TCGA_to_GEO,GSE18088,GSM452166,single_sample_rank,elastic_net,0,0.006108892150223255,0.8354368209838867,full_discovery_fixed_200
TCGA_to_GEO,GSE18088,GSM452167,single_sample_rank,elastic_net,0,0.018657712265849113,0.8354368209838867,full_discovery_fixed_200
TCGA_to_GEO,GSE18088,GSM452168,single_sample_rank,elastic_net,1,0.8915003538131714,0.8354368209838867,full_discovery_fixed_200
TCGA_to_GEO,GSE18088,GSM452169,single_sample_rank,elastic_net,1,0.9902150630950928,0.8354368209838867,full_discovery_fixed_200
TCGA_to_GEO,GSE18088,GSM452170,single_sample_rank,elastic_net,0,0.036708276718854904,0.8354368209838867,full_discovery_fixed_200
TCGA_to_GEO,GSE18088,GSM452171,single_sample_rank,elastic_net,0,0.006629226263612509,0.8354368209838867,full_discovery_fixed_200
TCGA_to_GEO,GSE18088,GSM452172,single_sample_rank,elastic_net,0,0.45307013392448425,0.8354368209838867,full_discovery_fixed_200
TCGA_to_GEO,GSE18088,GSM452173,single_sample_rank,elastic_net,1,0.9146797060966492,0.8354368209838867,full_discovery_fixed_200
TCGA_to_GEO,GSE18088,GSM452174,single_sample_rank,elastic_net,1,0.9695999026298523,0.8354368209838867,full_discovery_fixed_200
TCGA_to_GEO,GSE18088,GSM452175,single_sample_rank,elastic_net,1,0.8618694543838501,0.8354368209838867,full_discovery_fixed_200
TCGA_to_GEO,GSE18088,GSM452176,single_sample_rank,elastic_net,0,0.009285280480980873,0.8354368209838867,full_discovery_fixed_200
TCGA_to_GEO,GSE18088,GSM452177,single_sample_rank,elastic_net,0,0.02146132104098797,0.8354368209838867,full_discovery_fixed_200
TCGA_to_GEO,GSE18088,GSM452178,single_sample_rank,elastic_net,0,0.0004892071010544896,0.8354368209838867,full_discovery_fixed_200
TCGA_to_GEO,GSE18088,GSM452179,single_sample_rank,elastic_net,1,0.9968484044075012,0.8354368209838867,full_discovery_fixed_200
TCGA_to_GEO,GSE18088,GSM452180,single_sample_rank,elastic_net,1,0.9738104939460754,0.8354368209838867,full_discovery_fixed_200
TCGA_to_GEO,GSE18088,GSM452181,single_sample_rank,elastic_net,0,0.008430004119873047,0.8354368209838867,full_discovery_fixed_200
TCGA_to_GEO,GSE18088,GSM452182,single_sample_rank,elastic_net,1,0.817689061164856,0.8354368209838867,full_discovery_fixed_200
TCGA_to_GEO,GSE18088,GSM452183,single_sample_rank,elastic_net,1,0.9699184894561768,0.8354368209838867,full_discovery_fixed_200
TCGA_to_GEO,GSE18088,GSM452184,single_sample_rank,elastic_net,1,0.9442311525344849,0.8354368209838867,full_discovery_fixed_200
TCGA_to_GEO,GSE18088,GSM452185,single_sample_rank,elastic_net,0,0.007348465733230114,0.8354368209838867,full_discovery_fixed_200
TCGA_to_GEO,GSE18088,GSM452186,single_sample_rank,elastic_net,0,0.02940521016716957,0.8354368209838867,full_discovery_fixed_200
TCGA_to_GEO,GSE18088,GSM452187,single_sample_rank,elastic_net,0,0.0022663481067866087,0.8354368209838867,full_discovery_fixed_200
TCGA_to_GEO,GSE18088,GSM452188,single_sample_rank,elastic_net,1,0.8314674496650696,0.8354368209838867,full_discovery_fixed_200
TCGA_to_GEO,GSE18088,GSM452189,single_sample_rank,elastic_net,1,0.9750639796257019,0.8354368209838867,full_discovery_fixed_200
TCGA_to_GEO,GSE18088,GSM452190,single_sample_rank,elastic_net,0,0.06129436939954758,0.8354368209838867,full_discovery_fixed_200
TCGA_to_GEO,GSE18088,GSM452191,single_sample_rank,elastic_net,0,0.01648744009435177,0.8354368209838867,full_discovery_fixed_200
TCGA_to_GEO,GSE18088,GSM452192,single_sample_rank,elastic_net,0,0.0035566638689488173,0.8354368209838867,full_discovery_fixed_200
TCGA_to_GEO,GSE18088,GSM452193,single_sample_rank,elastic_net,0,0.0033195235300809145,0.8354368209838867,full_discovery_fixed_200
TCGA_to_GEO,GSE18088,GSM452194,single_sample_rank,elastic_net,0,0.0074573359452188015,0.8354368209838867,full_discovery_fixed_200
TCGA_to_GEO,GSE18088,GSM452195,single_sample_rank,elastic_net,0,0.012649580836296082,0.8354368209838867,full_discovery_fixed_200
TCGA_to_GEO,GSE18088,GSM452196,single_sample_rank,elastic_net,0,0.01345686987042427,0.8354368209838867,full_discovery_fixed_200
TCGA_to_GEO,GSE18088,GSM452197,single_sample_rank,elastic_net,1,0.6114319562911987,0.8354368209838867,full_discovery_fixed_200
TCGA_to_GEO,GSE18088,GSM452198,single_sample_rank,elastic_net,0,0.03442630544304848,0.8354368209838867,full_discovery_fixed_200
TCGA_to_GEO,GSE18088,GSM452199,single_sample_rank,elastic_net,0,0.019252806901931763,0.8354368209838867,full_discovery_fixed_200
TCGA_to_GEO,GSE18088,GSM452200,single_sample_rank,elastic_net,1,0.0016729420749470592,0.8354368209838867,full_discovery_fixed_200
TCGA_to_GEO,GSE26682,GSM656542,single_sample_rank,elastic_net,0,0.01960666850209236,0.8354368209838867,full_discovery_fixed_200
TCGA_to_GEO,GSE26682,GSM656543,single_sample_rank,elastic_net,0,0.03178049996495247,0.8354368209838867,full_discovery_fixed_200
TCGA_to_GEO,GSE26682,GSM656545,single_sample_rank,elastic_net,1,0.9996994733810425,0.8354368209838867,full_discovery_fixed_200
TCGA_to_GEO,GSE26682,GSM656546,single_sample_rank,elastic_net,0,0.016545237973332405,0.8354368209838867,full_discovery_fixed_200
TCGA_to_GEO,GSE26682,GSM656548,single_sample_rank,elastic_net,0,0.005246789660304785,0.8354368209838867,full_discovery_fixed_200
TCGA_to_GEO,GSE26682,GSM656550,single_sample_rank,elastic_net,0,0.08443150669336319,0.8354368209838867,full_discovery_fixed_200
TCGA_to_GEO,GSE26682,GSM656552,single_sample_rank,elastic_net,0,0.008547264151275158,0.8354368209838867,full_discovery_fixed_200
TCGA_to_GEO,GSE26682,GSM656553,single_sample_rank,elastic_net,0,0.10181545466184616,0.8354368209838867,full_discovery_fixed_200
TCGA_to_GEO,GSE26682,GSM656555,single_sample_rank,elastic_net,0,0.4411242604255676,0.8354368209838867,full_discovery_fixed_200
TCGA_to_GEO,GSE26682,GSM656556,single_sample_rank,elastic_net,0,0.2651682198047638,0.8354368209838867,full_discovery_fixed_200
TCGA_to_GEO,GSE26682,GSM656557,single_sample_rank,elastic_net,0,0.8928899168968201,0.8354368209838867,full_discovery_fixed_200
TCGA_to_GEO,GSE26682,GSM656558,single_sample_rank,elastic_net,0,0.03528468683362007,0.8354368209838867,full_discovery_fixed_200
TCGA_to_GEO,GSE26682,GSM656559,single_sample_rank,elastic_net,1,0.9970864653587341,0.8354368209838867,full_discovery_fixed_200
TCGA_to_GEO,GSE26682,GSM656560,single_sample_rank,elastic_net,0,0.015749339014291763,0.8354368209838867,full_discovery_fixed_200
TCGA_to_GEO,GSE26682,GSM656561,single_sample_rank,elastic_net,0,0.04565495252609253,0.8354368209838867,full_discovery_fixed_200
TCGA_to_GEO,GSE26682,GSM656567,single_sample_rank,elastic_net,0,0.024842433631420135,0.8354368209838867,full_discovery_fixed_200
TCGA_to_GEO,GSE26682,GSM656568,single_sample_rank,elastic_net,0,0.0032059664372354746,0.8354368209838867,full_discovery_fixed_200
TCGA_to_GEO,GSE26682,GSM656569,single_sample_rank,elastic_net,0,0.002936143660917878,0.8354368209838867,full_discovery_fixed_200
TCGA_to_GEO,GSE26682,GSM656570,single_sample_rank,elastic_net,0,0.17988939583301544,0.8354368209838867,full_discovery_fixed_200
TCGA_to_GEO,GSE26682,GSM656574,single_sample_rank,elastic_net,0,0.002246053423732519,0.8354368209838867,full_discovery_fixed_200
TCGA_to_GEO,GSE26682,GSM656580,single_sample_rank,elastic_net,0,0.003139609470963478,0.8354368209838867,full_discovery_fixed_200
TCGA_to_GEO,GSE26682,GSM656582,single_sample_rank,elastic_net,0,0.00292873359285295,0.8354368209838867,full_discovery_fixed_200
TCGA_to_GEO,GSE26682,GSM656583,single_sample_rank,elastic_net,1,0.9611717462539673,0.8354368209838867,full_discovery_fixed_200
TCGA_to_GEO,GSE26682,GSM656584,single_sample_rank,elastic_net,0,0.08058314770460129,0.8354368209838867,full_discovery_fixed_200
TCGA_to_GEO,GSE26682,GSM656585,single_sample_rank,elastic_net,0,0.28997892141342163,0.8354368209838867,full_discovery_fixed_200
TCGA_to_GEO,GSE26682,GSM656586,single_sample_rank,elastic_net,0,0.7024843096733093,0.8354368209838867,full_discovery_fixed_200
TCGA_to_GEO,GSE26682,GSM656587,single_sample_rank,elastic_net,0,0.8713502287864685,0.8354368209838867,full_discovery_fixed_200
TCGA_to_GEO,GSE26682,GSM656590,single_sample_rank,elastic_net,1,0.9593774080276489,0.8354368209838867,full_discovery_fixed_200
TCGA_to_GEO,GSE26682,GSM656592,single_sample_rank,elastic_net,0,0.0023884610272943974,0.8354368209838867,full_discovery_fixed_200
TCGA_to_GEO,GSE26682,GSM656596,single_sample_rank,elastic_net,0,0.006409956142306328,0.8354368209838867,full_discovery_fixed_200
TCGA_to_GEO,GSE26682,GSM656598,single_sample_rank,elastic_net,0,0.13374567031860352,0.8354368209838867,full_discovery_fixed_200
TCGA_to_GEO,GSE26682,GSM656601,single_sample_rank,elastic_net,0,0.02074073627591133,0.8354368209838867,full_discovery_fixed_200
TCGA_to_GEO,GSE26682,GSM656603,single_sample_rank,elastic_net,1,0.9997522234916687,0.8354368209838867,full_discovery_fixed_200
TCGA_to_GEO,GSE26682,GSM656612,single_sample_rank,elastic_net,1,0.9899459481239319,0.8354368209838867,full_discovery_fixed_200
TCGA_to_GEO,GSE26682,GSM656613,single_sample_rank,elastic_net,0,0.02137785404920578,0.8354368209838867,full_discovery_fixed_200
TCGA_to_GEO,GSE26682,GSM656617,single_sample_rank,elastic_net,0,0.5495194792747498,0.8354368209838867,full_discovery_fixed_200
TCGA_to_GEO,GSE26682,GSM656618,single_sample_rank,elastic_net,0,0.0026878127828240395,0.8354368209838867,full_discovery_fixed_200
TCGA_to_GEO,GSE26682,GSM656625,single_sample_rank,elastic_net,0,0.26331984996795654,0.8354368209838867,full_discovery_fixed_200
TCGA_to_GEO,GSE26682,GSM656634,single_sample_rank,elastic_net,0,0.2614619731903076,0.8354368209838867,full_discovery_fixed_200
TCGA_to_GEO,GSE26682,GSM656635,single_sample_rank,elastic_net,0,0.01969323493540287,0.8354368209838867,full_discovery_fixed_200
TCGA_to_GEO,GSE26682,GSM656636,single_sample_rank,elastic_net,0,0.004896538332104683,0.8354368209838867,full_discovery_fixed_200
TCGA_to_GEO,GSE26682,GSM656639,single_sample_rank,elastic_net,0,0.06363695114850998,0.8354368209838867,full_discovery_fixed_200
TCGA_to_GEO,GSE26682,GSM656640,single_sample_rank,elastic_net,0,0.1391163170337677,0.8354368209838867,full_discovery_fixed_200
TCGA_to_GEO,GSE26682,GSM656642,single_sample_rank,elastic_net,0,0.2094665914773941,0.8354368209838867,full_discovery_fixed_200
TCGA_to_GEO,GSE26682,GSM656644,single_sample_rank,elastic_net,0,0.04766545444726944,0.8354368209838867,full_discovery_fixed_200
TCGA_to_GEO,GSE26682,GSM656657,single_sample_rank,elastic_net,0,0.6029984951019287,0.8354368209838867,full_discovery_fixed_200
TCGA_to_GEO,GSE26682,GSM656662,single_sample_rank,elastic_net,0,0.050602544099092484,0.8354368209838867,full_discovery_fixed_200
TCGA_to_GEO,GSE26682,GSM656663,single_sample_rank,elastic_net,0,0.05828006565570831,0.8354368209838867,full_discovery_fixed_200
TCGA_to_GEO,GSE26682,GSM656669,single_sample_rank,elastic_net,1,0.9999803304672241,0.8354368209838867,full_discovery_fixed_200
TCGA_to_GEO,GSE26682,GSM656672,single_sample_rank,elastic_net,0,0.022135427221655846,0.8354368209838867,full_discovery_fixed_200
TCGA_to_GEO,GSE26682,GSM656675,single_sample_rank,elastic_net,0,0.007286186795681715,0.8354368209838867,full_discovery_fixed_200
TCGA_to_GEO,GSE26682,GSM656676,single_sample_rank,elastic_net,0,0.010547403246164322,0.8354368209838867,full_discovery_fixed_200
TCGA_to_GEO,GSE26682,GSM656678,single_sample_rank,elastic_net,0,0.07691092044115067,0.8354368209838867,full_discovery_fixed_200
TCGA_to_GEO,GSE26682,GSM656679,single_sample_rank,elastic_net,1,0.999053418636322,0.8354368209838867,full_discovery_fixed_200
TCGA_to_GEO,GSE26682,GSM656683,single_sample_rank,elastic_net,0,0.032178252935409546,0.8354368209838867,full_discovery_fixed_200
TCGA_to_GEO,GSE26682,GSM656687,single_sample_rank,elastic_net,0,0.9535492062568665,0.8354368209838867,full_discovery_fixed_200
TCGA_to_GEO,GSE26682,GSM656691,single_sample_rank,elastic_net,0,0.16065874695777893,0.8354368209838867,full_discovery_fixed_200
TCGA_to_GEO,GSE26682,GSM656692,single_sample_rank,elastic_net,0,0.1343992054462433,0.8354368209838867,full_discovery_fixed_200
TCGA_to_GEO,GSE26682,GSM656693,single_sample_rank,elastic_net,0,0.030514979735016823,0.8354368209838867,full_discovery_fixed_200
TCGA_to_GEO,GSE26682,GSM656695,single_sample_rank,elastic_net,0,0.008892023004591465,0.8354368209838867,full_discovery_fixed_200
TCGA_to_GEO,GSE26682,GSM656698,single_sample_rank,elastic_net,0,0.06580352038145065,0.8354368209838867,full_discovery_fixed_200
TCGA_to_GEO,GSE26682,GSM656699,single_sample_rank,elastic_net,0,0.013537089340388775,0.8354368209838867,full_discovery_fixed_200
TCGA_to_GEO,GSE26682,GSM656700,single_sample_rank,elastic_net,0,0.058983687311410904,0.8354368209838867,full_discovery_fixed_200
TCGA_to_GEO,GSE26682,GSM656701,single_sample_rank,elastic_net,0,0.10959400236606598,0.8354368209838867,full_discovery_fixed_200
TCGA_to_GEO,GSE26682,GSM656702,single_sample_rank,elastic_net,0,0.037186551839113235,0.8354368209838867,full_discovery_fixed_200
TCGA_to_GEO,GSE26682,GSM656703,single_sample_rank,elastic_net,0,0.004347134381532669,0.8354368209838867,full_discovery_fixed_200
TCGA_to_GEO,GSE26682,GSM656704,single_sample_rank,elastic_net,0,0.023577945306897163,0.8354368209838867,full_discovery_fixed_200
TCGA_to_GEO,GSE26682,GSM656705,single_sample_rank,elastic_net,0,0.6849020719528198,0.8354368209838867,full_discovery_fixed_200
TCGA_to_GEO,GSE26682,GSM656707,single_sample_rank,elastic_net,0,0.7898492813110352,0.8354368209838867,full_discovery_fixed_200
TCGA_to_GEO,GSE26682,GSM656710,single_sample_rank,elastic_net,0,0.09473308175802231,0.8354368209838867,full_discovery_fixed_200
TCGA_to_GEO,GSE26682,GSM656711,single_sample_rank,elastic_net,0,0.41928985714912415,0.8354368209838867,full_discovery_fixed_200
TCGA_to_GEO,GSE26682,GSM656714,single_sample_rank,elastic_net,0,0.00464934017509222,0.8354368209838867,full_discovery_fixed_200
TCGA_to_GEO,GSE26682,GSM656715,single_sample_rank,elastic_net,0,0.4148266613483429,0.8354368209838867,full_discovery_fixed_200
TCGA_to_GEO,GSE26682,GSM656720,single_sample_rank,elastic_net,0,0.005427130963653326,0.8354368209838867,full_discovery_fixed_200
TCGA_to_GEO,GSE26682,GSM656721,single_sample_rank,elastic_net,0,0.020523933693766594,0.8354368209838867,full_discovery_fixed_200
TCGA_to_GEO,GSE26682,GSM656726,single_sample_rank,elastic_net,0,0.3456563949584961,0.8354368209838867,full_discovery_fixed_200
TCGA_to_GEO,GSE26682,GSM656732,single_sample_rank,elastic_net,0,0.0067369891330599785,0.8354368209838867,full_discovery_fixed_200
TCGA_to_GEO,GSE26682,GSM656735,single_sample_rank,elastic_net,0,0.008761781267821789,0.8354368209838867,full_discovery_fixed_200
TCGA_to_GEO,GSE26682,GSM656736,single_sample_rank,elastic_net,1,0.976691722869873,0.8354368209838867,full_discovery_fixed_200
TCGA_to_GEO,GSE26682,GSM656737,single_sample_rank,elastic_net,0,0.18972475826740265,0.8354368209838867,full_discovery_fixed_200
TCGA_to_GEO,GSE26682,GSM656739,single_sample_rank,elastic_net,0,0.03680376335978508,0.8354368209838867,full_discovery_fixed_200
TCGA_to_GEO,GSE26682,GSM656742,single_sample_rank,elastic_net,0,0.005300537217408419,0.8354368209838867,full_discovery_fixed_200
TCGA_to_GEO,GSE26682,GSM656749,single_sample_rank,elastic_net,0,0.014477880671620369,0.8354368209838867,full_discovery_fixed_200
TCGA_to_GEO,GSE26682,GSM656768,single_sample_rank,elastic_net,0,0.0032027754932641983,0.8354368209838867,full_discovery_fixed_200
TCGA_to_GEO,GSE26682,GSM656769,single_sample_rank,elastic_net,0,0.0018551896791905165,0.8354368209838867,full_discovery_fixed_200
TCGA_to_GEO,GSE26682,GSM656770,single_sample_rank,elastic_net,0,0.08692371845245361,0.8354368209838867,full_discovery_fixed_200
TCGA_to_GEO,GSE26682,GSM656772,single_sample_rank,elastic_net,0,0.030596276745200157,0.8354368209838867,full_discovery_fixed_200
TCGA_to_GEO,GSE26682,GSM656775,single_sample_rank,elastic_net,0,0.0030146599747240543,0.8354368209838867,full_discovery_fixed_200
TCGA_to_GEO,GSE26682,GSM656776,single_sample_rank,elastic_net,0,0.018504956737160683,0.8354368209838867,full_discovery_fixed_200
TCGA_to_GEO,GSE26682,GSM656777,single_sample_rank,elastic_net,0,0.09950941056013107,0.8354368209838867,full_discovery_fixed_200
TCGA_to_GEO,GSE26682,GSM656783,single_sample_rank,elastic_net,0,0.02450360730290413,0.8354368209838867,full_discovery_fixed_200
TCGA_to_GEO,GSE26682,GSM656785,single_sample_rank,elastic_net,0,0.1828325241804123,0.8354368209838867,full_discovery_fixed_200
TCGA_to_GEO,GSE26682,GSM656787,single_sample_rank,elastic_net,0,0.4206732511520386,0.8354368209838867,full_discovery_fixed_200
TCGA_to_GEO,GSE26682,GSM656794,single_sample_rank,elastic_net,0,0.009413616731762886,0.8354368209838867,full_discovery_fixed_200
TCGA_to_GEO,GSE26682,GSM656800,single_sample_rank,elastic_net,0,0.076173335313797,0.8354368209838867,full_discovery_fixed_200
TCGA_to_GEO,GSE26682,GSM656803,single_sample_rank,elastic_net,0,0.016155192628502846,0.8354368209838867,full_discovery_fixed_200
TCGA_to_GEO,GSE26682,GSM656804,single_sample_rank,elastic_net,0,0.019149938598275185,0.8354368209838867,full_discovery_fixed_200
TCGA_to_GEO,GSE26682,GSM656806,single_sample_rank,elastic_net,0,0.13095974922180176,0.8354368209838867,full_discovery_fixed_200
TCGA_to_GEO,GSE26682,GSM656809,single_sample_rank,elastic_net,0,0.00285531859844923,0.8354368209838867,full_discovery_fixed_200
TCGA_to_GEO,GSE26682,GSM656811,single_sample_rank,elastic_net,0,0.08047367632389069,0.8354368209838867,full_discovery_fixed_200
TCGA_to_GEO,GSE26682,GSM656816,single_sample_rank,elastic_net,0,0.8011115193367004,0.8354368209838867,full_discovery_fixed_200
TCGA_to_GEO,GSE26682,GSM656819,single_sample_rank,elastic_net,0,0.004775115754455328,0.8354368209838867,full_discovery_fixed_200
TCGA_to_GEO,GSE26682,GSM656820,single_sample_rank,elastic_net,1,0.9998348951339722,0.8354368209838867,full_discovery_fixed_200
TCGA_to_GEO,GSE26682,GSM656822,single_sample_rank,elastic_net,0,0.9881982207298279,0.8354368209838867,full_discovery_fixed_200
TCGA_to_GEO,GSE26682,GSM656824,single_sample_rank,elastic_net,0,0.17285151779651642,0.8354368209838867,full_discovery_fixed_200
TCGA_to_GEO,GSE26682,GSM656825,single_sample_rank,elastic_net,0,0.12354010343551636,0.8354368209838867,full_discovery_fixed_200
TCGA_to_GEO,GSE26682,GSM656830,single_sample_rank,elastic_net,0,0.013416762463748455,0.8354368209838867,full_discovery_fixed_200
TCGA_to_GEO,GSE26682,GSM656831,single_sample_rank,elastic_net,0,0.025897398591041565,0.8354368209838867,full_discovery_fixed_200
TCGA_to_GEO,GSE26682,GSM656832,single_sample_rank,elastic_net,0,0.004969327710568905,0.8354368209838867,full_discovery_fixed_200
TCGA_to_GEO,GSE26682,GSM656833,single_sample_rank,elastic_net,0,0.08013458549976349,0.8354368209838867,full_discovery_fixed_200
TCGA_to_GEO,GSE26682,GSM656834,single_sample_rank,elastic_net,0,0.01812347210943699,0.8354368209838867,full_discovery_fixed_200
TCGA_to_GEO,GSE26682,GSM656836,single_sample_rank,elastic_net,0,0.13146337866783142,0.8354368209838867,full_discovery_fixed_200
TCGA_to_GEO,GSE26682,GSM656837,single_sample_rank,elastic_net,1,0.99998939037323,0.8354368209838867,full_discovery_fixed_200
TCGA_to_GEO,GSE26682,GSM656840,single_sample_rank,elastic_net,0,0.012071924284100533,0.8354368209838867,full_discovery_fixed_200
TCGA_to_GEO,GSE26682,GSM656841,single_sample_rank,elastic_net,0,0.9007105231285095,0.8354368209838867,full_discovery_fixed_200
TCGA_to_GEO,GSE26682,GSM656842,single_sample_rank,elastic_net,1,0.9998014569282532,0.8354368209838867,full_discovery_fixed_200
TCGA_to_GEO,GSE26682,GSM656843,single_sample_rank,elastic_net,0,0.017229579389095306,0.8354368209838867,full_discovery_fixed_200
TCGA_to_GEO,GSE26682,GSM656845,single_sample_rank,elastic_net,0,0.16779853403568268,0.8354368209838867,full_discovery_fixed_200
TCGA_to_GEO,GSE26682,GSM656846,single_sample_rank,elastic_net,0,0.33013486862182617,0.8354368209838867,full_discovery_fixed_200
TCGA_to_GEO,GSE26682,GSM656847,single_sample_rank,elastic_net,0,0.14281058311462402,0.8354368209838867,full_discovery_fixed_200
TCGA_to_GEO,GSE26682,GSM656849,single_sample_rank,elastic_net,1,0.9998874664306641,0.8354368209838867,full_discovery_fixed_200
TCGA_to_GEO,GSE26682,GSM656850,single_sample_rank,elastic_net,1,0.0785939022898674,0.8354368209838867,full_discovery_fixed_200
TCGA_to_GEO,GSE26682,GSM656851,single_sample_rank,elastic_net,1,0.9463337659835815,0.8354368209838867,full_discovery_fixed_200
TCGA_to_GEO,GSE26682,GSM656853,single_sample_rank,elastic_net,0,0.04828713461756706,0.8354368209838867,full_discovery_fixed_200
TCGA_to_GEO,GSE26682,GSM656854,single_sample_rank,elastic_net,1,0.9998327493667603,0.8354368209838867,full_discovery_fixed_200
TCGA_to_GEO,GSE26682,GSM656857,single_sample_rank,elastic_net,0,0.08545247465372086,0.8354368209838867,full_discovery_fixed_200
TCGA_to_GEO,GSE26682,GSM656858,single_sample_rank,elastic_net,0,0.020552586764097214,0.8354368209838867,full_discovery_fixed_200
TCGA_to_GEO,GSE26682,GSM656859,single_sample_rank,elastic_net,0,0.6374646425247192,0.8354368209838867,full_discovery_fixed_200
TCGA_to_GEO,GSE26682,GSM656860,single_sample_rank,elastic_net,0,0.9992764592170715,0.8354368209838867,full_discovery_fixed_200
TCGA_to_GEO,GSE26682,GSM656861,single_sample_rank,elastic_net,0,0.007040662690997124,0.8354368209838867,full_discovery_fixed_200
TCGA_to_GEO,GSE26682,GSM656863,single_sample_rank,elastic_net,0,0.01161965075880289,0.8354368209838867,full_discovery_fixed_200
TCGA_to_GEO,GSE26682,GSM656864,single_sample_rank,elastic_net,1,0.9996669292449951,0.8354368209838867,full_discovery_fixed_200
TCGA_to_GEO,GSE26682,GSM656865,single_sample_rank,elastic_net,1,0.17471037805080414,0.8354368209838867,full_discovery_fixed_200
TCGA_to_GEO,GSE26682,GSM656867,single_sample_rank,elastic_net,0,0.09205769002437592,0.8354368209838867,full_discovery_fixed_200
TCGA_to_GEO,GSE26682,GSM656868,single_sample_rank,elastic_net,0,0.17460793256759644,0.8354368209838867,full_discovery_fixed_200
TCGA_to_GEO,GSE26682,GSM656869,single_sample_rank,elastic_net,0,0.014004192315042019,0.8354368209838867,full_discovery_fixed_200
TCGA_to_GEO,GSE26682,GSM656870,single_sample_rank,elastic_net,0,0.0060243927873671055,0.8354368209838867,full_discovery_fixed_200
TCGA_to_GEO,GSE39084,GSM955440,single_sample_rank,elastic_net,0,0.004648790694773197,0.8354368209838867,full_discovery_fixed_200
TCGA_to_GEO,GSE39084,GSM955441,single_sample_rank,elastic_net,0,0.0008550203056074679,0.8354368209838867,full_discovery_fixed_200
TCGA_to_GEO,GSE39084,GSM955442,single_sample_rank,elastic_net,0,0.030851656571030617,0.8354368209838867,full_discovery_fixed_200
TCGA_to_GEO,GSE39084,GSM955443,single_sample_rank,elastic_net,0,0.0025164522230625153,0.8354368209838867,full_discovery_fixed_200
TCGA_to_GEO,GSE39084,GSM955444,single_sample_rank,elastic_net,0,0.017351510003209114,0.8354368209838867,full_discovery_fixed_200
TCGA_to_GEO,GSE39084,GSM955445,single_sample_rank,elastic_net,0,0.0007663143333047628,0.8354368209838867,full_discovery_fixed_200
TCGA_to_GEO,GSE39084,GSM955446,single_sample_rank,elastic_net,0,0.0054906075820326805,0.8354368209838867,full_discovery_fixed_200
TCGA_to_GEO,GSE39084,GSM955447,single_sample_rank,elastic_net,1,0.16245129704475403,0.8354368209838867,full_discovery_fixed_200
TCGA_to_GEO,GSE39084,GSM955448,single_sample_rank,elastic_net,1,0.8384460210800171,0.8354368209838867,full_discovery_fixed_200
TCGA_to_GEO,GSE39084,GSM955449,single_sample_rank,elastic_net,0,0.0015123124467208982,0.8354368209838867,full_discovery_fixed_200
TCGA_to_GEO,GSE39084,GSM955450,single_sample_rank,elastic_net,0,0.00067497743293643,0.8354368209838867,full_discovery_fixed_200
TCGA_to_GEO,GSE39084,GSM955451,single_sample_rank,elastic_net,0,0.0006982892518863082,0.8354368209838867,full_discovery_fixed_200
TCGA_to_GEO,GSE39084,GSM955452,single_sample_rank,elastic_net,0,0.0019524586386978626,0.8354368209838867,full_discovery_fixed_200
TCGA_to_GEO,GSE39084,GSM955453,single_sample_rank,elastic_net,0,0.000800510635599494,0.8354368209838867,full_discovery_fixed_200
TCGA_to_GEO,GSE39084,GSM955455,single_sample_rank,elastic_net,0,0.1599426120519638,0.8354368209838867,full_discovery_fixed_200
TCGA_to_GEO,GSE39084,GSM955456,single_sample_rank,elastic_net,0,0.0010180226527154446,0.8354368209838867,full_discovery_fixed_200
TCGA_to_GEO,GSE39084,GSM955457,single_sample_rank,elastic_net,0,0.10872966051101685,0.8354368209838867,full_discovery_fixed_200
TCGA_to_GEO,GSE39084,GSM955458,single_sample_rank,elastic_net,1,0.3651939034461975,0.8354368209838867,full_discovery_fixed_200
TCGA_to_GEO,GSE39084,GSM955459,single_sample_rank,elastic_net,1,0.5925489068031311,0.8354368209838867,full_discovery_fixed_200
TCGA_to_GEO,GSE39084,GSM955460,single_sample_rank,elastic_net,1,0.21892473101615906,0.8354368209838867,full_discovery_fixed_200
TCGA_to_GEO,GSE39084,GSM955461,single_sample_rank,elastic_net,1,0.02519105188548565,0.8354368209838867,full_discovery_fixed_200
TCGA_to_GEO,GSE39084,GSM955462,single_sample_rank,elastic_net,0,0.0460384339094162,0.8354368209838867,full_discovery_fixed_200
TCGA_to_GEO,GSE39084,GSM955463,single_sample_rank,elastic_net,0,0.012367402203381062,0.8354368209838867,full_discovery_fixed_200
TCGA_to_GEO,GSE39084,GSM955464,single_sample_rank,elastic_net,0,0.0044553242623806,0.8354368209838867,full_discovery_fixed_200
TCGA_to_GEO,GSE39084,GSM955466,single_sample_rank,elastic_net,1,0.15747790038585663,0.8354368209838867,full_discovery_fixed_200
TCGA_to_GEO,GSE39084,GSM955467,single_sample_rank,elastic_net,1,0.19011056423187256,0.8354368209838867,full_discovery_fixed_200
TCGA_to_GEO,GSE39084,GSM955468,single_sample_rank,elastic_net,1,0.9736904501914978,0.8354368209838867,full_discovery_fixed_200
TCGA_to_GEO,GSE39084,GSM955469,single_sample_rank,elastic_net,1,0.7666206359863281,0.8354368209838867,full_discovery_fixed_200
TCGA_to_GEO,GSE39084,GSM955470,single_sample_rank,elastic_net,1,0.9233409762382507,0.8354368209838867,full_discovery_fixed_200
TCGA_to_GEO,GSE39084,GSM955471,single_sample_rank,elastic_net,1,0.9482628107070923,0.8354368209838867,full_discovery_fixed_200
TCGA_to_GEO,GSE39084,GSM955472,single_sample_rank,elastic_net,1,0.5961171388626099,0.8354368209838867,full_discovery_fixed_200
TCGA_to_GEO,GSE39084,GSM955473,single_sample_rank,elastic_net,1,0.9156549572944641,0.8354368209838867,full_discovery_fixed_200
TCGA_to_GEO,GSE39084,GSM955474,single_sample_rank,elastic_net,0,0.011855383403599262,0.8354368209838867,full_discovery_fixed_200
TCGA_to_GEO,GSE39084,GSM955475,single_sample_rank,elastic_net,0,0.022843973711133003,0.8354368209838867,full_discovery_fixed_200
TCGA_to_GEO,GSE39084,GSM955476,single_sample_rank,elastic_net,0,0.02146041952073574,0.8354368209838867,full_discovery_fixed_200
TCGA_to_GEO,GSE39084,GSM955477,single_sample_rank,elastic_net,0,0.3144915699958801,0.8354368209838867,full_discovery_fixed_200
TCGA_to_GEO,GSE39084,GSM955478,single_sample_rank,elastic_net,0,0.009378301911056042,0.8354368209838867,full_discovery_fixed_200
TCGA_to_GEO,GSE39084,GSM955479,single_sample_rank,elastic_net,0,0.010111460462212563,0.8354368209838867,full_discovery_fixed_200
TCGA_to_GEO,GSE39084,GSM955480,single_sample_rank,elastic_net,0,0.0008999363635666668,0.8354368209838867,full_discovery_fixed_200
TCGA_to_GEO,GSE39084,GSM955482,single_sample_rank,elastic_net,0,0.003872395260259509,0.8354368209838867,full_discovery_fixed_200
TCGA_to_GEO,GSE39084,GSM955483,single_sample_rank,elastic_net,0,0.008587482385337353,0.8354368209838867,full_discovery_fixed_200
TCGA_to_GEO,GSE39084,GSM955484,single_sample_rank,elastic_net,0,0.0024904641322791576,0.8354368209838867,full_discovery_fixed_200
TCGA_to_GEO,GSE39084,GSM955485,single_sample_rank,elastic_net,0,0.011405003257095814,0.8354368209838867,full_discovery_fixed_200
TCGA_to_GEO,GSE39084,GSM955486,single_sample_rank,elastic_net,0,0.007657337002456188,0.8354368209838867,full_discovery_fixed_200
TCGA_to_GEO,GSE39084,GSM955487,single_sample_rank,elastic_net,0,0.04618419334292412,0.8354368209838867,full_discovery_fixed_200
TCGA_to_GEO,GSE39084,GSM955488,single_sample_rank,elastic_net,0,0.14472904801368713,0.8354368209838867,full_discovery_fixed_200
TCGA_to_GEO,GSE39084,GSM955489,single_sample_rank,elastic_net,0,0.006690312642604113,0.8354368209838867,full_discovery_fixed_200
TCGA_to_GEO,GSE39084,GSM955490,single_sample_rank,elastic_net,0,0.0008363222004845738,0.8354368209838867,full_discovery_fixed_200
TCGA_to_GEO,GSE39084,GSM955491,single_sample_rank,elastic_net,0,0.004883034620434046,0.8354368209838867,full_discovery_fixed_200
TCGA_to_GEO,GSE39084,GSM955492,single_sample_rank,elastic_net,0,0.0012866159668192267,0.8354368209838867,full_discovery_fixed_200
TCGA_to_GEO,GSE39084,GSM955493,single_sample_rank,elastic_net,0,0.0008133503724820912,0.8354368209838867,full_discovery_fixed_200
TCGA_to_GEO,GSE39084,GSM955494,single_sample_rank,elastic_net,0,0.022538354620337486,0.8354368209838867,full_discovery_fixed_200
TCGA_to_GEO,GSE39084,GSM955495,single_sample_rank,elastic_net,0,0.013656456023454666,0.8354368209838867,full_discovery_fixed_200
TCGA_to_GEO,GSE39084,GSM955496,single_sample_rank,elastic_net,0,0.0013902856735512614,0.8354368209838867,full_discovery_fixed_200
TCGA_to_GEO,GSE39084,GSM955497,single_sample_rank,elastic_net,0,0.0014442503452301025,0.8354368209838867,full_discovery_fixed_200
TCGA_to_GEO,GSE39084,GSM955498,single_sample_rank,elastic_net,0,0.0024522999301552773,0.8354368209838867,full_discovery_fixed_200
TCGA_to_GEO,GSE39084,GSM955499,single_sample_rank,elastic_net,0,0.02123098075389862,0.8354368209838867,full_discovery_fixed_200
TCGA_to_GEO,GSE39084,GSM955500,single_sample_rank,elastic_net,0,0.33433589339256287,0.8354368209838867,full_discovery_fixed_200
TCGA_to_GEO,GSE39084,GSM955501,single_sample_rank,elastic_net,0,0.012191755697131157,0.8354368209838867,full_discovery_fixed_200
TCGA_to_GEO,GSE39084,GSM955502,single_sample_rank,elastic_net,0,0.027810316532850266,0.8354368209838867,full_discovery_fixed_200
TCGA_to_GEO,GSE39084,GSM955503,single_sample_rank,elastic_net,0,0.00366712873801589,0.8354368209838867,full_discovery_fixed_200
TCGA_to_GEO,GSE39084,GSM955504,single_sample_rank,elastic_net,0,0.10577771812677383,0.8354368209838867,full_discovery_fixed_200
TCGA_to_GEO,GSE39084,GSM955505,single_sample_rank,elastic_net,0,0.009783039800822735,0.8354368209838867,full_discovery_fixed_200
TCGA_to_GEO,GSE39084,GSM955506,single_sample_rank,elastic_net,0,0.0003361974668223411,0.8354368209838867,full_discovery_fixed_200
TCGA_to_GEO,GSE39084,GSM955507,single_sample_rank,elastic_net,0,0.0014289941173046827,0.8354368209838867,full_discovery_fixed_200
TCGA_to_GEO,GSE39084,GSM955508,single_sample_rank,elastic_net,1,0.9875353574752808,0.8354368209838867,full_discovery_fixed_200
TCGA_to_GEO,GSE39084,GSM955509,single_sample_rank,elastic_net,1,0.12500762939453125,0.8354368209838867,full_discovery_fixed_200
discovery_nested_oof,TCGA_COAD,TCGA-A6-2671-01A,single_sample_rank,svm_rbf,0,0.015252505789254122,0.6096080653682118,outer_fold_nested_fixed_200
discovery_nested_oof,TCGA_COAD,TCGA-A6-2672-01A,single_sample_rank,svm_rbf,1,0.987936527502353,0.6096080653682118,outer_fold_nested_fixed_200
discovery_nested_oof,TCGA_COAD,TCGA-A6-2674-01A,single_sample_rank,svm_rbf,0,0.4776205317243473,0.6096080653682118,outer_fold_nested_fixed_200
discovery_nested_oof,TCGA_COAD,TCGA-A6-2676-01A,single_sample_rank,svm_rbf,1,0.9957796589868825,0.6096080653682118,outer_fold_nested_fixed_200
discovery_nested_oof,TCGA_COAD,TCGA-A6-2677-01A,single_sample_rank,svm_rbf,0,0.007002776926810928,0.6096080653682118,outer_fold_nested_fixed_200
discovery_nested_oof,TCGA_COAD,TCGA-A6-2678-01A,single_sample_rank,svm_rbf,0,0.017836511757873427,0.6096080653682118,outer_fold_nested_fixed_200
discovery_nested_oof,TCGA_COAD,TCGA-A6-2679-01A,single_sample_rank,svm_rbf,0,0.07116700633851106,0.6096080653682118,outer_fold_nested_fixed_200
discovery_nested_oof,TCGA_COAD,TCGA-A6-2680-01A,single_sample_rank,svm_rbf,0,0.0020183793639599497,0.6096080653682118,outer_fold_nested_fixed_200
discovery_nested_oof,TCGA_COAD,TCGA-A6-2681-01A,single_sample_rank,svm_rbf,0,0.0033144553099170534,0.6096080653682118,outer_fold_nested_fixed_200
discovery_nested_oof,TCGA_COAD,TCGA-A6-2682-01A,single_sample_rank,svm_rbf,0,0.00324372685577323,0.6096080653682118,outer_fold_nested_fixed_200
discovery_nested_oof,TCGA_COAD,TCGA-A6-2685-01A,single_sample_rank,svm_rbf,0,0.007054767485888763,0.6096080653682118,outer_fold_nested_fixed_200
discovery_nested_oof,TCGA_COAD,TCGA-A6-2686-01A,single_sample_rank,svm_rbf,1,0.9258259949970562,0.6096080653682118,outer_fold_nested_fixed_200
discovery_nested_oof,TCGA_COAD,TCGA-A6-3807-01A,single_sample_rank,svm_rbf,0,0.009227969420035701,0.6096080653682118,outer_fold_nested_fixed_200
discovery_nested_oof,TCGA_COAD,TCGA-A6-3809-01A,single_sample_rank,svm_rbf,1,0.9899641036782213,0.6096080653682118,outer_fold_nested_fixed_200
discovery_nested_oof,TCGA_COAD,TCGA-A6-3810-01A,single_sample_rank,svm_rbf,0,0.013055036028399114,0.6096080653682118,outer_fold_nested_fixed_200
discovery_nested_oof,TCGA_COAD,TCGA-A6-4107-01A,single_sample_rank,svm_rbf,0,0.0037528128145384474,0.6096080653682118,outer_fold_nested_fixed_200
discovery_nested_oof,TCGA_COAD,TCGA-AA-3488-01A,single_sample_rank,svm_rbf,0,0.002107547991230614,0.6096080653682118,outer_fold_nested_fixed_200
discovery_nested_oof,TCGA_COAD,TCGA-AA-3492-01A,single_sample_rank,svm_rbf,1,0.6096080653682118,0.6096080653682118,outer_fold_nested_fixed_200
discovery_nested_oof,TCGA_COAD,TCGA-AA-3494-01A,single_sample_rank,svm_rbf,0,0.001339523324237626,0.6096080653682118,outer_fold_nested_fixed_200
discovery_nested_oof,TCGA_COAD,TCGA-AA-3495-01A,single_sample_rank,svm_rbf,0,0.003539560817071462,0.6096080653682118,outer_fold_nested_fixed_200
discovery_nested_oof,TCGA_COAD,TCGA-AA-3506-01A,single_sample_rank,svm_rbf,0,0.022403316975732047,0.6096080653682118,outer_fold_nested_fixed_200
discovery_nested_oof,TCGA_COAD,TCGA-AA-3509-01A,single_sample_rank,svm_rbf,0,0.0012239831694510755,0.6096080653682118,outer_fold_nested_fixed_200
discovery_nested_oof,TCGA_COAD,TCGA-AA-3510-01A,single_sample_rank,svm_rbf,0,0.10373389979105331,0.6096080653682118,outer_fold_nested_fixed_200
discovery_nested_oof,TCGA_COAD,TCGA-AA-3514-01A,single_sample_rank,svm_rbf,0,0.006403964034732425,0.6096080653682118,outer_fold_nested_fixed_200
discovery_nested_oof,TCGA_COAD,TCGA-AA-3516-01A,single_sample_rank,svm_rbf,1,0.9937378280385867,0.6096080653682118,outer_fold_nested_fixed_200
discovery_nested_oof,TCGA_COAD,TCGA-AA-3518-01A,single_sample_rank,svm_rbf,1,0.9869172153474758,0.6096080653682118,outer_fold_nested_fixed_200
discovery_nested_oof,TCGA_COAD,TCGA-AA-3519-01A,single_sample_rank,svm_rbf,0,0.00940646285863297,0.6096080653682118,outer_fold_nested_fixed_200
discovery_nested_oof,TCGA_COAD,TCGA-AA-3521-01A,single_sample_rank,svm_rbf,0,0.0037872132706786047,0.6096080653682118,outer_fold_nested_fixed_200
discovery_nested_oof,TCGA_COAD,TCGA-AA-3522-01A,single_sample_rank,svm_rbf,0,0.014572431042961978,0.6096080653682118,outer_fold_nested_fixed_200
discovery_nested_oof,TCGA_COAD,TCGA-AA-3524-01A,single_sample_rank,svm_rbf,0,0.016382426960990334,0.6096080653682118,outer_fold_nested_fixed_200
discovery_nested_oof,TCGA_COAD,TCGA-AA-3525-01A,single_sample_rank,svm_rbf,1,0.9179946089169712,0.6096080653682118,outer_fold_nested_fixed_200
discovery_nested_oof,TCGA_COAD,TCGA-AA-3527-01A,single_sample_rank,svm_rbf,0,0.11167199596280972,0.6096080653682118,outer_fold_nested_fixed_200
discovery_nested_oof,TCGA_COAD,TCGA-AA-3530-01A,single_sample_rank,svm_rbf,0,0.005943908046478026,0.6096080653682118,outer_fold_nested_fixed_200
discovery_nested_oof,TCGA_COAD,TCGA-AA-3532-01A,single_sample_rank,svm_rbf,0,0.009775804232805812,0.6096080653682118,outer_fold_nested_fixed_200
discovery_nested_oof,TCGA_COAD,TCGA-AA-3534-01A,single_sample_rank,svm_rbf,0,0.00541703036226337,0.6096080653682118,outer_fold_nested_fixed_200
discovery_nested_oof,TCGA_COAD,TCGA-AA-3538-01A,single_sample_rank,svm_rbf,0,0.001350568857132158,0.6096080653682118,outer_fold_nested_fixed_200
discovery_nested_oof,TCGA_COAD,TCGA-AA-3542-01A,single_sample_rank,svm_rbf,0,0.006892120318379825,0.6096080653682118,outer_fold_nested_fixed_200
discovery_nested_oof,TCGA_COAD,TCGA-AA-3543-01A,single_sample_rank,svm_rbf,1,0.9798044530988961,0.6096080653682118,outer_fold_nested_fixed_200
discovery_nested_oof,TCGA_COAD,TCGA-AA-3544-01A,single_sample_rank,svm_rbf,0,0.024388504350312618,0.6096080653682118,outer_fold_nested_fixed_200
discovery_nested_oof,TCGA_COAD,TCGA-AA-3548-01A,single_sample_rank,svm_rbf,0,0.00540256125375475,0.6096080653682118,outer_fold_nested_fixed_200
discovery_nested_oof,TCGA_COAD,TCGA-AA-3549-01A,single_sample_rank,svm_rbf,0,0.006752240154113057,0.6096080653682118,outer_fold_nested_fixed_200
discovery_nested_oof,TCGA_COAD,TCGA-AA-3552-01A,single_sample_rank,svm_rbf,0,0.005005702136089414,0.6096080653682118,outer_fold_nested_fixed_200
discovery_nested_oof,TCGA_COAD,TCGA-AA-3554-01A,single_sample_rank,svm_rbf,1,0.863425151994236,0.6096080653682118,outer_fold_nested_fixed_200
discovery_nested_oof,TCGA_COAD,TCGA-AA-3555-01A,single_sample_rank,svm_rbf,0,0.3221218104080181,0.6096080653682118,outer_fold_nested_fixed_200
discovery_nested_oof,TCGA_COAD,TCGA-AA-3556-01A,single_sample_rank,svm_rbf,0,0.2012159591109372,0.6096080653682118,outer_fold_nested_fixed_200
discovery_nested_oof,TCGA_COAD,TCGA-AA-3560-01A,single_sample_rank,svm_rbf,0,0.02389260087768636,0.6096080653682118,outer_fold_nested_fixed_200
discovery_nested_oof,TCGA_COAD,TCGA-AA-3561-01A,single_sample_rank,svm_rbf,0,0.00714395351147553,0.6096080653682118,outer_fold_nested_fixed_200
discovery_nested_oof,TCGA_COAD,TCGA-AA-3562-01A,single_sample_rank,svm_rbf,0,0.0011540433240055143,0.6096080653682118,outer_fold_nested_fixed_200
discovery_nested_oof,TCGA_COAD,TCGA-AA-3664-01A,single_sample_rank,svm_rbf,0,0.2834228533220788,0.6096080653682118,outer_fold_nested_fixed_200
discovery_nested_oof,TCGA_COAD,TCGA-AA-3666-01A,single_sample_rank,svm_rbf,0,0.013944466613946277,0.6096080653682118,outer_fold_nested_fixed_200
discovery_nested_oof,TCGA_COAD,TCGA-AA-3672-01A,single_sample_rank,svm_rbf,1,0.9014120219853232,0.6096080653682118,outer_fold_nested_fixed_200
discovery_nested_oof,TCGA_COAD,TCGA-AA-3673-01A,single_sample_rank,svm_rbf,0,0.0018112152674813937,0.6096080653682118,outer_fold_nested_fixed_200
discovery_nested_oof,TCGA_COAD,TCGA-AA-3675-01A,single_sample_rank,svm_rbf,0,0.013086291532405437,0.6096080653682118,outer_fold_nested_fixed_200
discovery_nested_oof,TCGA_COAD,TCGA-AA-3678-01A,single_sample_rank,svm_rbf,0,0.0010547231441127847,0.6096080653682118,outer_fold_nested_fixed_200
discovery_nested_oof,TCGA_COAD,TCGA-AA-3679-01A,single_sample_rank,svm_rbf,0,0.00801366815424346,0.6096080653682118,outer_fold_nested_fixed_200
discovery_nested_oof,TCGA_COAD,TCGA-AA-3681-01A,single_sample_rank,svm_rbf,0,0.014346961446509165,0.6096080653682118,outer_fold_nested_fixed_200
discovery_nested_oof,TCGA_COAD,TCGA-AA-3684-01A,single_sample_rank,svm_rbf,0,0.21044916998107752,0.6096080653682118,outer_fold_nested_fixed_200
discovery_nested_oof,TCGA_COAD,TCGA-AA-3685-01A,single_sample_rank,svm_rbf,0,0.007744480527574502,0.6096080653682118,outer_fold_nested_fixed_200
discovery_nested_oof,TCGA_COAD,TCGA-AA-3693-01A,single_sample_rank,svm_rbf,0,0.000899374392651781,0.6096080653682118,outer_fold_nested_fixed_200
discovery_nested_oof,TCGA_COAD,TCGA-AA-3695-01A,single_sample_rank,svm_rbf,0,0.6210881621816007,0.6096080653682118,outer_fold_nested_fixed_200
discovery_nested_oof,TCGA_COAD,TCGA-AA-3696-01A,single_sample_rank,svm_rbf,0,0.003098260387035887,0.6096080653682118,outer_fold_nested_fixed_200
discovery_nested_oof,TCGA_COAD,TCGA-AA-3710-01A,single_sample_rank,svm_rbf,1,0.9851928064720595,0.6096080653682118,outer_fold_nested_fixed_200
discovery_nested_oof,TCGA_COAD,TCGA-AA-3715-01A,single_sample_rank,svm_rbf,1,0.993026863160437,0.6096080653682118,outer_fold_nested_fixed_200
discovery_nested_oof,TCGA_COAD,TCGA-AA-3811-01A,single_sample_rank,svm_rbf,1,0.6461061334535413,0.6096080653682118,outer_fold_nested_fixed_200
discovery_nested_oof,TCGA_COAD,TCGA-AA-3812-01A,single_sample_rank,svm_rbf,0,0.014855461912172801,0.6096080653682118,outer_fold_nested_fixed_200
discovery_nested_oof,TCGA_COAD,TCGA-AA-3814-01A,single_sample_rank,svm_rbf,0,0.006911372686776303,0.6096080653682118,outer_fold_nested_fixed_200
discovery_nested_oof,TCGA_COAD,TCGA-AA-3815-01A,single_sample_rank,svm_rbf,1,0.9459904175418461,0.6096080653682118,outer_fold_nested_fixed_200
discovery_nested_oof,TCGA_COAD,TCGA-AA-3818-01A,single_sample_rank,svm_rbf,0,0.01208243907719506,0.6096080653682118,outer_fold_nested_fixed_200
discovery_nested_oof,TCGA_COAD,TCGA-AA-3821-01A,single_sample_rank,svm_rbf,1,0.9403455886033665,0.6096080653682118,outer_fold_nested_fixed_200
discovery_nested_oof,TCGA_COAD,TCGA-AA-3831-01A,single_sample_rank,svm_rbf,0,0.0082468397542222,0.6096080653682118,outer_fold_nested_fixed_200
discovery_nested_oof,TCGA_COAD,TCGA-AA-3833-01A,single_sample_rank,svm_rbf,1,0.8265759856693149,0.6096080653682118,outer_fold_nested_fixed_200
discovery_nested_oof,TCGA_COAD,TCGA-AA-3837-01A,single_sample_rank,svm_rbf,0,0.002922456510505624,0.6096080653682118,outer_fold_nested_fixed_200
discovery_nested_oof,TCGA_COAD,TCGA-AA-3841-01A,single_sample_rank,svm_rbf,0,0.008222205392335933,0.6096080653682118,outer_fold_nested_fixed_200
discovery_nested_oof,TCGA_COAD,TCGA-AA-3842-01A,single_sample_rank,svm_rbf,0,0.07039457707325072,0.6096080653682118,outer_fold_nested_fixed_200
discovery_nested_oof,TCGA_COAD,TCGA-AA-3844-01A,single_sample_rank,svm_rbf,0,0.003932391666913097,0.6096080653682118,outer_fold_nested_fixed_200
discovery_nested_oof,TCGA_COAD,TCGA-AA-3845-01A,single_sample_rank,svm_rbf,1,0.9358700391902657,0.6096080653682118,outer_fold_nested_fixed_200
discovery_nested_oof,TCGA_COAD,TCGA-AA-3846-01A,single_sample_rank,svm_rbf,0,0.005216766749055026,0.6096080653682118,outer_fold_nested_fixed_200
discovery_nested_oof,TCGA_COAD,TCGA-AA-3848-01A,single_sample_rank,svm_rbf,0,0.0033111579220987874,0.6096080653682118,outer_fold_nested_fixed_200
discovery_nested_oof,TCGA_COAD,TCGA-AA-3850-01A,single_sample_rank,svm_rbf,0,0.018150189278973602,0.6096080653682118,outer_fold_nested_fixed_200
discovery_nested_oof,TCGA_COAD,TCGA-AA-3851-01A,single_sample_rank,svm_rbf,0,0.010302684722462213,0.6096080653682118,outer_fold_nested_fixed_200
discovery_nested_oof,TCGA_COAD,TCGA-AA-3856-01A,single_sample_rank,svm_rbf,0,0.003559624472149146,0.6096080653682118,outer_fold_nested_fixed_200
discovery_nested_oof,TCGA_COAD,TCGA-AA-3858-01A,single_sample_rank,svm_rbf,0,0.004259884676502124,0.6096080653682118,outer_fold_nested_fixed_200
discovery_nested_oof,TCGA_COAD,TCGA-AA-3860-01A,single_sample_rank,svm_rbf,0,0.012157681942011084,0.6096080653682118,outer_fold_nested_fixed_200
discovery_nested_oof,TCGA_COAD,TCGA-AA-3862-01A,single_sample_rank,svm_rbf,0,0.0206151972488412,0.6096080653682118,outer_fold_nested_fixed_200
discovery_nested_oof,TCGA_COAD,TCGA-AA-3864-01A,single_sample_rank,svm_rbf,1,0.8449599803232013,0.6096080653682118,outer_fold_nested_fixed_200
discovery_nested_oof,TCGA_COAD,TCGA-AA-3867-01A,single_sample_rank,svm_rbf,0,0.0034440585522491278,0.6096080653682118,outer_fold_nested_fixed_200
discovery_nested_oof,TCGA_COAD,TCGA-AA-3869-01A,single_sample_rank,svm_rbf,0,0.006886608647798021,0.6096080653682118,outer_fold_nested_fixed_200
discovery_nested_oof,TCGA_COAD,TCGA-AA-3870-01A,single_sample_rank,svm_rbf,0,0.3662133666562191,0.6096080653682118,outer_fold_nested_fixed_200
discovery_nested_oof,TCGA_COAD,TCGA-AA-3872-01A,single_sample_rank,svm_rbf,0,0.021637117662552566,0.6096080653682118,outer_fold_nested_fixed_200
discovery_nested_oof,TCGA_COAD,TCGA-AA-3875-01A,single_sample_rank,svm_rbf,0,0.004780356378210134,0.6096080653682118,outer_fold_nested_fixed_200
discovery_nested_oof,TCGA_COAD,TCGA-AA-3877-01A,single_sample_rank,svm_rbf,1,0.9545338226860655,0.6096080653682118,outer_fold_nested_fixed_200
discovery_nested_oof,TCGA_COAD,TCGA-AA-3939-01A,single_sample_rank,svm_rbf,0,0.020637821253386552,0.6096080653682118,outer_fold_nested_fixed_200
discovery_nested_oof,TCGA_COAD,TCGA-AA-3947-01A,single_sample_rank,svm_rbf,1,0.8020739485854818,0.6096080653682118,outer_fold_nested_fixed_200
discovery_nested_oof,TCGA_COAD,TCGA-AA-3949-01A,single_sample_rank,svm_rbf,1,0.9944556112114076,0.6096080653682118,outer_fold_nested_fixed_200
discovery_nested_oof,TCGA_COAD,TCGA-AA-3950-01A,single_sample_rank,svm_rbf,1,0.963794728003026,0.6096080653682118,outer_fold_nested_fixed_200
discovery_nested_oof,TCGA_COAD,TCGA-AA-3952-01A,single_sample_rank,svm_rbf,0,0.012131492106573778,0.6096080653682118,outer_fold_nested_fixed_200
discovery_nested_oof,TCGA_COAD,TCGA-AA-3955-01A,single_sample_rank,svm_rbf,0,0.0018612057273590533,0.6096080653682118,outer_fold_nested_fixed_200
discovery_nested_oof,TCGA_COAD,TCGA-AA-3956-01A,single_sample_rank,svm_rbf,0,0.0016543239548392596,0.6096080653682118,outer_fold_nested_fixed_200
discovery_nested_oof,TCGA_COAD,TCGA-AA-3966-01A,single_sample_rank,svm_rbf,1,0.9666090260625297,0.6096080653682118,outer_fold_nested_fixed_200
discovery_nested_oof,TCGA_COAD,TCGA-AA-3968-01A,single_sample_rank,svm_rbf,0,0.003536075582460113,0.6096080653682118,outer_fold_nested_fixed_200
discovery_nested_oof,TCGA_COAD,TCGA-AA-3970-01A,single_sample_rank,svm_rbf,0,0.005972240817323645,0.6096080653682118,outer_fold_nested_fixed_200
discovery_nested_oof,TCGA_COAD,TCGA-AA-3971-01A,single_sample_rank,svm_rbf,0,0.0036323296011913555,0.6096080653682118,outer_fold_nested_fixed_200
discovery_nested_oof,TCGA_COAD,TCGA-AA-3975-01A,single_sample_rank,svm_rbf,0,0.0035581736080349683,0.6096080653682118,outer_fold_nested_fixed_200
discovery_nested_oof,TCGA_COAD,TCGA-AA-3976-01A,single_sample_rank,svm_rbf,0,0.0014852260554455452,0.6096080653682118,outer_fold_nested_fixed_200
discovery_nested_oof,TCGA_COAD,TCGA-AA-3977-01A,single_sample_rank,svm_rbf,0,0.4727489893019247,0.6096080653682118,outer_fold_nested_fixed_200
discovery_nested_oof,TCGA_COAD,TCGA-AA-3979-01A,single_sample_rank,svm_rbf,0,0.008478916865452452,0.6096080653682118,outer_fold_nested_fixed_200
discovery_nested_oof,TCGA_COAD,TCGA-AA-3980-01A,single_sample_rank,svm_rbf,0,0.11035458996075594,0.6096080653682118,outer_fold_nested_fixed_200
discovery_nested_oof,TCGA_COAD,TCGA-AA-3984-01A,single_sample_rank,svm_rbf,0,0.08831541160664277,0.6096080653682118,outer_fold_nested_fixed_200
discovery_nested_oof,TCGA_COAD,TCGA-AA-3986-01A,single_sample_rank,svm_rbf,0,0.02100510154112624,0.6096080653682118,outer_fold_nested_fixed_200
discovery_nested_oof,TCGA_COAD,TCGA-AA-3989-01A,single_sample_rank,svm_rbf,0,0.0020376306491100365,0.6096080653682118,outer_fold_nested_fixed_200
discovery_nested_oof,TCGA_COAD,TCGA-AA-3994-01A,single_sample_rank,svm_rbf,0,0.13139446169182467,0.6096080653682118,outer_fold_nested_fixed_200
discovery_nested_oof,TCGA_COAD,TCGA-AA-A00A-01A,single_sample_rank,svm_rbf,1,0.18100964208732803,0.6096080653682118,outer_fold_nested_fixed_200
discovery_nested_oof,TCGA_COAD,TCGA-AA-A00D-01A,single_sample_rank,svm_rbf,0,0.10064392768750093,0.6096080653682118,outer_fold_nested_fixed_200
discovery_nested_oof,TCGA_COAD,TCGA-AA-A00E-01A,single_sample_rank,svm_rbf,1,0.979875993947648,0.6096080653682118,outer_fold_nested_fixed_200
discovery_nested_oof,TCGA_COAD,TCGA-AA-A00F-01A,single_sample_rank,svm_rbf,0,0.00219861654553249,0.6096080653682118,outer_fold_nested_fixed_200
discovery_nested_oof,TCGA_COAD,TCGA-AA-A00J-01A,single_sample_rank,svm_rbf,1,0.9174900505713862,0.6096080653682118,outer_fold_nested_fixed_200
discovery_nested_oof,TCGA_COAD,TCGA-AA-A00L-01A,single_sample_rank,svm_rbf,0,0.0015091229124630377,0.6096080653682118,outer_fold_nested_fixed_200
discovery_nested_oof,TCGA_COAD,TCGA-AA-A00Q-01A,single_sample_rank,svm_rbf,0,0.0015005822506052714,0.6096080653682118,outer_fold_nested_fixed_200
discovery_nested_oof,TCGA_COAD,TCGA-AA-A00R-01A,single_sample_rank,svm_rbf,1,0.9913082763563322,0.6096080653682118,outer_fold_nested_fixed_200
discovery_nested_oof,TCGA_COAD,TCGA-AA-A00U-01A,single_sample_rank,svm_rbf,0,0.008471358671077732,0.6096080653682118,outer_fold_nested_fixed_200
discovery_nested_oof,TCGA_COAD,TCGA-AA-A00W-01A,single_sample_rank,svm_rbf,0,0.0011095640456796683,0.6096080653682118,outer_fold_nested_fixed_200
discovery_nested_oof,TCGA_COAD,TCGA-AA-A00Z-01A,single_sample_rank,svm_rbf,0,0.004007594669083806,0.6096080653682118,outer_fold_nested_fixed_200
discovery_nested_oof,TCGA_COAD,TCGA-AA-A017-01A,single_sample_rank,svm_rbf,0,0.005561597022142357,0.6096080653682118,outer_fold_nested_fixed_200
discovery_nested_oof,TCGA_COAD,TCGA-AA-A01C-01A,single_sample_rank,svm_rbf,0,0.002351673489561911,0.6096080653682118,outer_fold_nested_fixed_200
discovery_nested_oof,TCGA_COAD,TCGA-AA-A01D-01A,single_sample_rank,svm_rbf,0,0.0730359995706181,0.6096080653682118,outer_fold_nested_fixed_200
discovery_nested_oof,TCGA_COAD,TCGA-AA-A01F-01A,single_sample_rank,svm_rbf,0,0.00566633543299197,0.6096080653682118,outer_fold_nested_fixed_200
discovery_nested_oof,TCGA_COAD,TCGA-AA-A01I-01A,single_sample_rank,svm_rbf,0,0.007233832820434902,0.6096080653682118,outer_fold_nested_fixed_200
discovery_nested_oof,TCGA_COAD,TCGA-AA-A01K-01A,single_sample_rank,svm_rbf,0,0.02042951552295055,0.6096080653682118,outer_fold_nested_fixed_200
discovery_nested_oof,TCGA_COAD,TCGA-AA-A01P-01A,single_sample_rank,svm_rbf,1,0.9714712044093864,0.6096080653682118,outer_fold_nested_fixed_200
discovery_nested_oof,TCGA_COAD,TCGA-AA-A01Q-01A,single_sample_rank,svm_rbf,1,0.8822930360009957,0.6096080653682118,outer_fold_nested_fixed_200
discovery_nested_oof,TCGA_COAD,TCGA-AA-A01R-01A,single_sample_rank,svm_rbf,1,0.8883595585313969,0.6096080653682118,outer_fold_nested_fixed_200
discovery_nested_oof,TCGA_COAD,TCGA-AA-A01T-01A,single_sample_rank,svm_rbf,0,0.0031507906001793694,0.6096080653682118,outer_fold_nested_fixed_200
discovery_nested_oof,TCGA_COAD,TCGA-AA-A01V-01A,single_sample_rank,svm_rbf,0,0.03974595916220084,0.6096080653682118,outer_fold_nested_fixed_200
discovery_nested_oof,TCGA_COAD,TCGA-AA-A01X-01A,single_sample_rank,svm_rbf,0,0.003709829938291107,0.6096080653682118,outer_fold_nested_fixed_200
discovery_nested_oof,TCGA_COAD,TCGA-AA-A01Z-01A,single_sample_rank,svm_rbf,0,0.003167462727885522,0.6096080653682118,outer_fold_nested_fixed_200
discovery_nested_oof,TCGA_COAD,TCGA-AA-A022-01A,single_sample_rank,svm_rbf,1,0.9887110838702775,0.6096080653682118,outer_fold_nested_fixed_200
discovery_nested_oof,TCGA_COAD,TCGA-AA-A02F-01A,single_sample_rank,svm_rbf,0,0.006422876445930292,0.6096080653682118,outer_fold_nested_fixed_200
discovery_nested_oof,TCGA_COAD,TCGA-AA-A02H-01A,single_sample_rank,svm_rbf,0,0.0013293517554788855,0.6096080653682118,outer_fold_nested_fixed_200
discovery_nested_oof,TCGA_COAD,TCGA-AA-A02J-01A,single_sample_rank,svm_rbf,0,0.001214291201552161,0.6096080653682118,outer_fold_nested_fixed_200
discovery_nested_oof,TCGA_COAD,TCGA-AA-A02K-01A,single_sample_rank,svm_rbf,0,0.007984339116182437,0.6096080653682118,outer_fold_nested_fixed_200
discovery_nested_oof,TCGA_COAD,TCGA-AA-A02O-01A,single_sample_rank,svm_rbf,0,0.015974154455448985,0.6096080653682118,outer_fold_nested_fixed_200
discovery_nested_oof,TCGA_COAD,TCGA-AA-A02R-01A,single_sample_rank,svm_rbf,1,0.9969264039212413,0.6096080653682118,outer_fold_nested_fixed_200
discovery_nested_oof,TCGA_COAD,TCGA-AA-A02Y-01A,single_sample_rank,svm_rbf,0,0.03561838309720401,0.6096080653682118,outer_fold_nested_fixed_200
discovery_nested_oof,TCGA_COAD,TCGA-AA-A03F-01A,single_sample_rank,svm_rbf,0,0.06680072788398247,0.6096080653682118,outer_fold_nested_fixed_200
discovery_nested_oof,TCGA_COAD,TCGA-AA-A03J-01A,single_sample_rank,svm_rbf,0,0.02036906300320171,0.6096080653682118,outer_fold_nested_fixed_200
discovery_nested_oof,TCGA_COAD,TCGA-AY-4070-01A,single_sample_rank,svm_rbf,0,0.019407285116565583,0.6096080653682118,outer_fold_nested_fixed_200
discovery_nested_oof,TCGA_COAD,TCGA-AY-4071-01A,single_sample_rank,svm_rbf,0,0.0026590863621474194,0.6096080653682118,outer_fold_nested_fixed_200
discovery_nested_oof,TCGA_COAD,TCGA-AZ-4308-01A,single_sample_rank,svm_rbf,0,0.004864726179009263,0.6096080653682118,outer_fold_nested_fixed_200
discovery_nested_oof,TCGA_COAD,TCGA-AZ-4313-01A,single_sample_rank,svm_rbf,1,0.6670886646701585,0.6096080653682118,outer_fold_nested_fixed_200
discovery_nested_oof,TCGA_COAD,TCGA-AZ-4315-01A,single_sample_rank,svm_rbf,0,0.33942912266811315,0.6096080653682118,outer_fold_nested_fixed_200
discovery_nested_oof,TCGA_COAD,TCGA-AZ-4615-01A,single_sample_rank,svm_rbf,1,0.9908035951052876,0.6096080653682118,outer_fold_nested_fixed_200
discovery_nested_oof,TCGA_COAD,TCGA-AZ-4681-01A,single_sample_rank,svm_rbf,0,0.008222289472295677,0.6096080653682118,outer_fold_nested_fixed_200
discovery_nested_oof,TCGA_COAD,TCGA-AZ-4682-01B,single_sample_rank,svm_rbf,0,0.007013812677916727,0.6096080653682118,outer_fold_nested_fixed_200
discovery_nested_oof,TCGA_COAD,TCGA-CA-5256-01A,single_sample_rank,svm_rbf,0,0.0014276241810827449,0.6096080653682118,outer_fold_nested_fixed_200
discovery_nested_oof,TCGA_COAD,TCGA-CK-4951-01A,single_sample_rank,svm_rbf,1,0.8698051543304227,0.6096080653682118,outer_fold_nested_fixed_200
discovery_nested_oof,TCGA_COAD,TCGA-CM-4744-01A,single_sample_rank,svm_rbf,0,0.3099302163036405,0.6096080653682118,outer_fold_nested_fixed_200
discovery_nested_oof,TCGA_COAD,TCGA-CM-4746-01A,single_sample_rank,svm_rbf,1,0.06604335592536124,0.6096080653682118,outer_fold_nested_fixed_200
discovery_nested_oof,TCGA_COAD,TCGA-CM-4748-01A,single_sample_rank,svm_rbf,0,0.03538013195284873,0.6096080653682118,outer_fold_nested_fixed_200
discovery_nested_oof,TCGA_COAD,TCGA-CM-4752-01A,single_sample_rank,svm_rbf,0,0.005974485949361337,0.6096080653682118,outer_fold_nested_fixed_200
discovery_nested_oof,TCGA_COAD,TCGA-CM-5341-01A,single_sample_rank,svm_rbf,0,0.023086047867932644,0.6096080653682118,outer_fold_nested_fixed_200
TCGA_to_GEO,GSE13294,GSM335510,single_sample_rank,svm_rbf,0,0.676371738233573,0.6096080653682118,full_discovery_fixed_200
TCGA_to_GEO,GSE13294,GSM335511,single_sample_rank,svm_rbf,1,0.6785426700045358,0.6096080653682118,full_discovery_fixed_200
TCGA_to_GEO,GSE13294,GSM335512,single_sample_rank,svm_rbf,0,0.6773799229814377,0.6096080653682118,full_discovery_fixed_200
TCGA_to_GEO,GSE13294,GSM335513,single_sample_rank,svm_rbf,0,0.6743199019194632,0.6096080653682118,full_discovery_fixed_200
TCGA_to_GEO,GSE13294,GSM335514,single_sample_rank,svm_rbf,0,0.6724715664959156,0.6096080653682118,full_discovery_fixed_200
TCGA_to_GEO,GSE13294,GSM335515,single_sample_rank,svm_rbf,0,0.6758741809345199,0.6096080653682118,full_discovery_fixed_200
TCGA_to_GEO,GSE13294,GSM335516,single_sample_rank,svm_rbf,0,0.6729068171093812,0.6096080653682118,full_discovery_fixed_200
TCGA_to_GEO,GSE13294,GSM335517,single_sample_rank,svm_rbf,0,0.6739355443151386,0.6096080653682118,full_discovery_fixed_200
TCGA_to_GEO,GSE13294,GSM335518,single_sample_rank,svm_rbf,1,0.6785734529710095,0.6096080653682118,full_discovery_fixed_200
TCGA_to_GEO,GSE13294,GSM335519,single_sample_rank,svm_rbf,1,0.6782818402303117,0.6096080653682118,full_discovery_fixed_200
TCGA_to_GEO,GSE13294,GSM335520,single_sample_rank,svm_rbf,0,0.676618745634754,0.6096080653682118,full_discovery_fixed_200
TCGA_to_GEO,GSE13294,GSM335521,single_sample_rank,svm_rbf,0,0.6746574963760953,0.6096080653682118,full_discovery_fixed_200
TCGA_to_GEO,GSE13294,GSM335522,single_sample_rank,svm_rbf,0,0.6755277564789319,0.6096080653682118,full_discovery_fixed_200
TCGA_to_GEO,GSE13294,GSM335523,single_sample_rank,svm_rbf,0,0.6770811889635241,0.6096080653682118,full_discovery_fixed_200
TCGA_to_GEO,GSE13294,GSM335524,single_sample_rank,svm_rbf,0,0.6725409706360709,0.6096080653682118,full_discovery_fixed_200
TCGA_to_GEO,GSE13294,GSM335525,single_sample_rank,svm_rbf,1,0.679410244614696,0.6096080653682118,full_discovery_fixed_200
TCGA_to_GEO,GSE13294,GSM335526,single_sample_rank,svm_rbf,0,0.6741793630214268,0.6096080653682118,full_discovery_fixed_200
TCGA_to_GEO,GSE13294,GSM335527,single_sample_rank,svm_rbf,1,0.6780916002463145,0.6096080653682118,full_discovery_fixed_200
TCGA_to_GEO,GSE13294,GSM335528,single_sample_rank,svm_rbf,0,0.6754659818252833,0.6096080653682118,full_discovery_fixed_200
TCGA_to_GEO,GSE13294,GSM335529,single_sample_rank,svm_rbf,1,0.677381874544744,0.6096080653682118,full_discovery_fixed_200
TCGA_to_GEO,GSE13294,GSM335530,single_sample_rank,svm_rbf,1,0.6795179375118181,0.6096080653682118,full_discovery_fixed_200
TCGA_to_GEO,GSE13294,GSM335531,single_sample_rank,svm_rbf,0,0.6726505795905711,0.6096080653682118,full_discovery_fixed_200
TCGA_to_GEO,GSE13294,GSM335532,single_sample_rank,svm_rbf,1,0.6786548638073213,0.6096080653682118,full_discovery_fixed_200
TCGA_to_GEO,GSE13294,GSM335533,single_sample_rank,svm_rbf,0,0.6736740828658899,0.6096080653682118,full_discovery_fixed_200
TCGA_to_GEO,GSE13294,GSM335534,single_sample_rank,svm_rbf,0,0.6762373152549066,0.6096080653682118,full_discovery_fixed_200
TCGA_to_GEO,GSE13294,GSM335535,single_sample_rank,svm_rbf,0,0.6764681796025409,0.6096080653682118,full_discovery_fixed_200
TCGA_to_GEO,GSE13294,GSM335536,single_sample_rank,svm_rbf,0,0.6717229242740517,0.6096080653682118,full_discovery_fixed_200
TCGA_to_GEO,GSE13294,GSM335537,single_sample_rank,svm_rbf,0,0.675633925527733,0.6096080653682118,full_discovery_fixed_200
TCGA_to_GEO,GSE13294,GSM335538,single_sample_rank,svm_rbf,0,0.6706592684050818,0.6096080653682118,full_discovery_fixed_200
TCGA_to_GEO,GSE13294,GSM335539,single_sample_rank,svm_rbf,0,0.6673514686732461,0.6096080653682118,full_discovery_fixed_200
TCGA_to_GEO,GSE13294,GSM335540,single_sample_rank,svm_rbf,0,0.6632391666482648,0.6096080653682118,full_discovery_fixed_200
TCGA_to_GEO,GSE13294,GSM335541,single_sample_rank,svm_rbf,1,0.6788292211841443,0.6096080653682118,full_discovery_fixed_200
TCGA_to_GEO,GSE13294,GSM335542,single_sample_rank,svm_rbf,1,0.6781737057503414,0.6096080653682118,full_discovery_fixed_200
TCGA_to_GEO,GSE13294,GSM335543,single_sample_rank,svm_rbf,1,0.6781521285034516,0.6096080653682118,full_discovery_fixed_200
TCGA_to_GEO,GSE13294,GSM335544,single_sample_rank,svm_rbf,1,0.6799966530793186,0.6096080653682118,full_discovery_fixed_200
TCGA_to_GEO,GSE13294,GSM335545,single_sample_rank,svm_rbf,1,0.6780113179976179,0.6096080653682118,full_discovery_fixed_200
TCGA_to_GEO,GSE13294,GSM335546,single_sample_rank,svm_rbf,1,0.6781348090563791,0.6096080653682118,full_discovery_fixed_200
TCGA_to_GEO,GSE13294,GSM335547,single_sample_rank,svm_rbf,0,0.6773050401625846,0.6096080653682118,full_discovery_fixed_200
TCGA_to_GEO,GSE13294,GSM335548,single_sample_rank,svm_rbf,0,0.6768715211791656,0.6096080653682118,full_discovery_fixed_200
TCGA_to_GEO,GSE13294,GSM335549,single_sample_rank,svm_rbf,0,0.6767373765565012,0.6096080653682118,full_discovery_fixed_200
TCGA_to_GEO,GSE13294,GSM335550,single_sample_rank,svm_rbf,0,0.6770522509548516,0.6096080653682118,full_discovery_fixed_200
TCGA_to_GEO,GSE13294,GSM335551,single_sample_rank,svm_rbf,1,0.6778110575051448,0.6096080653682118,full_discovery_fixed_200
TCGA_to_GEO,GSE13294,GSM335552,single_sample_rank,svm_rbf,0,0.6772852229236936,0.6096080653682118,full_discovery_fixed_200
TCGA_to_GEO,GSE13294,GSM335553,single_sample_rank,svm_rbf,0,0.6770894655984616,0.6096080653682118,full_discovery_fixed_200
TCGA_to_GEO,GSE13294,GSM335554,single_sample_rank,svm_rbf,0,0.6766818105036335,0.6096080653682118,full_discovery_fixed_200
TCGA_to_GEO,GSE13294,GSM335555,single_sample_rank,svm_rbf,1,0.6795138224379256,0.6096080653682118,full_discovery_fixed_200
TCGA_to_GEO,GSE13294,GSM335556,single_sample_rank,svm_rbf,0,0.6758717049925216,0.6096080653682118,full_discovery_fixed_200
TCGA_to_GEO,GSE13294,GSM335557,single_sample_rank,svm_rbf,0,0.6762772312846647,0.6096080653682118,full_discovery_fixed_200
TCGA_to_GEO,GSE13294,GSM335558,single_sample_rank,svm_rbf,0,0.6741650552056967,0.6096080653682118,full_discovery_fixed_200
TCGA_to_GEO,GSE13294,GSM335559,single_sample_rank,svm_rbf,1,0.677963488676128,0.6096080653682118,full_discovery_fixed_200
TCGA_to_GEO,GSE13294,GSM335560,single_sample_rank,svm_rbf,1,0.6797076622187884,0.6096080653682118,full_discovery_fixed_200
TCGA_to_GEO,GSE13294,GSM335561,single_sample_rank,svm_rbf,0,0.6717880405481508,0.6096080653682118,full_discovery_fixed_200
TCGA_to_GEO,GSE13294,GSM335562,single_sample_rank,svm_rbf,1,0.6775645071115726,0.6096080653682118,full_discovery_fixed_200
TCGA_to_GEO,GSE13294,GSM335563,single_sample_rank,svm_rbf,1,0.67742696779,0.6096080653682118,full_discovery_fixed_200
TCGA_to_GEO,GSE13294,GSM335564,single_sample_rank,svm_rbf,0,0.6770223044078097,0.6096080653682118,full_discovery_fixed_200
TCGA_to_GEO,GSE13294,GSM335565,single_sample_rank,svm_rbf,1,0.678495444970934,0.6096080653682118,full_discovery_fixed_200
TCGA_to_GEO,GSE13294,GSM335566,single_sample_rank,svm_rbf,1,0.6811134647100785,0.6096080653682118,full_discovery_fixed_200
TCGA_to_GEO,GSE13294,GSM335567,single_sample_rank,svm_rbf,0,0.6747676365228976,0.6096080653682118,full_discovery_fixed_200
TCGA_to_GEO,GSE13294,GSM335568,single_sample_rank,svm_rbf,0,0.6727730268566008,0.6096080653682118,full_discovery_fixed_200
TCGA_to_GEO,GSE13294,GSM335569,single_sample_rank,svm_rbf,0,0.6744191861600797,0.6096080653682118,full_discovery_fixed_200
TCGA_to_GEO,GSE13294,GSM335570,single_sample_rank,svm_rbf,0,0.6773861943569462,0.6096080653682118,full_discovery_fixed_200
TCGA_to_GEO,GSE13294,GSM335571,single_sample_rank,svm_rbf,0,0.674797593332573,0.6096080653682118,full_discovery_fixed_200
TCGA_to_GEO,GSE13294,GSM335572,single_sample_rank,svm_rbf,0,0.6758710512262649,0.6096080653682118,full_discovery_fixed_200
TCGA_to_GEO,GSE13294,GSM335573,single_sample_rank,svm_rbf,1,0.6768321246807266,0.6096080653682118,full_discovery_fixed_200
TCGA_to_GEO,GSE13294,GSM335574,single_sample_rank,svm_rbf,1,0.67733611662986,0.6096080653682118,full_discovery_fixed_200
TCGA_to_GEO,GSE13294,GSM335575,single_sample_rank,svm_rbf,0,0.6770156802655684,0.6096080653682118,full_discovery_fixed_200
TCGA_to_GEO,GSE13294,GSM335576,single_sample_rank,svm_rbf,1,0.6777670585669169,0.6096080653682118,full_discovery_fixed_200
TCGA_to_GEO,GSE13294,GSM335577,single_sample_rank,svm_rbf,1,0.6780663797542017,0.6096080653682118,full_discovery_fixed_200
TCGA_to_GEO,GSE13294,GSM335578,single_sample_rank,svm_rbf,1,0.677294230018601,0.6096080653682118,full_discovery_fixed_200
TCGA_to_GEO,GSE13294,GSM335579,single_sample_rank,svm_rbf,0,0.6768011765996339,0.6096080653682118,full_discovery_fixed_200
TCGA_to_GEO,GSE13294,GSM335580,single_sample_rank,svm_rbf,0,0.6770970335965388,0.6096080653682118,full_discovery_fixed_200
TCGA_to_GEO,GSE13294,GSM335581,single_sample_rank,svm_rbf,0,0.6771382766032622,0.6096080653682118,full_discovery_fixed_200
TCGA_to_GEO,GSE13294,GSM335582,single_sample_rank,svm_rbf,0,0.6750637805882631,0.6096080653682118,full_discovery_fixed_200
TCGA_to_GEO,GSE13294,GSM335583,single_sample_rank,svm_rbf,0,0.6743138940852632,0.6096080653682118,full_discovery_fixed_200
TCGA_to_GEO,GSE13294,GSM335584,single_sample_rank,svm_rbf,0,0.6766904620219046,0.6096080653682118,full_discovery_fixed_200
TCGA_to_GEO,GSE13294,GSM335585,single_sample_rank,svm_rbf,1,0.6776611288037394,0.6096080653682118,full_discovery_fixed_200
TCGA_to_GEO,GSE13294,GSM335586,single_sample_rank,svm_rbf,0,0.6725909282306921,0.6096080653682118,full_discovery_fixed_200
TCGA_to_GEO,GSE13294,GSM335587,single_sample_rank,svm_rbf,0,0.6759871571348307,0.6096080653682118,full_discovery_fixed_200
TCGA_to_GEO,GSE13294,GSM335588,single_sample_rank,svm_rbf,0,0.6700836651592292,0.6096080653682118,full_discovery_fixed_200
TCGA_to_GEO,GSE13294,GSM335589,single_sample_rank,svm_rbf,0,0.6745593645238516,0.6096080653682118,full_discovery_fixed_200
TCGA_to_GEO,GSE13294,GSM335590,single_sample_rank,svm_rbf,0,0.6764689621446989,0.6096080653682118,full_discovery_fixed_200
TCGA_to_GEO,GSE13294,GSM335591,single_sample_rank,svm_rbf,0,0.6715500722137895,0.6096080653682118,full_discovery_fixed_200
TCGA_to_GEO,GSE13294,GSM335592,single_sample_rank,svm_rbf,0,0.6736707360967688,0.6096080653682118,full_discovery_fixed_200
TCGA_to_GEO,GSE13294,GSM335593,single_sample_rank,svm_rbf,0,0.6756744216373665,0.6096080653682118,full_discovery_fixed_200
TCGA_to_GEO,GSE13294,GSM335594,single_sample_rank,svm_rbf,0,0.6758148208969249,0.6096080653682118,full_discovery_fixed_200
TCGA_to_GEO,GSE13294,GSM335595,single_sample_rank,svm_rbf,1,0.6779629586147715,0.6096080653682118,full_discovery_fixed_200
TCGA_to_GEO,GSE13294,GSM335596,single_sample_rank,svm_rbf,0,0.6767463743342206,0.6096080653682118,full_discovery_fixed_200
TCGA_to_GEO,GSE13294,GSM335597,single_sample_rank,svm_rbf,1,0.6773692025329425,0.6096080653682118,full_discovery_fixed_200
TCGA_to_GEO,GSE13294,GSM335598,single_sample_rank,svm_rbf,0,0.6744334651883247,0.6096080653682118,full_discovery_fixed_200
TCGA_to_GEO,GSE13294,GSM335599,single_sample_rank,svm_rbf,0,0.6764296070646802,0.6096080653682118,full_discovery_fixed_200
TCGA_to_GEO,GSE13294,GSM335600,single_sample_rank,svm_rbf,0,0.6747753933152029,0.6096080653682118,full_discovery_fixed_200
TCGA_to_GEO,GSE13294,GSM335601,single_sample_rank,svm_rbf,0,0.6734551443838659,0.6096080653682118,full_discovery_fixed_200
TCGA_to_GEO,GSE13294,GSM335602,single_sample_rank,svm_rbf,0,0.6766749227511439,0.6096080653682118,full_discovery_fixed_200
TCGA_to_GEO,GSE13294,GSM335603,single_sample_rank,svm_rbf,0,0.674837051207275,0.6096080653682118,full_discovery_fixed_200
TCGA_to_GEO,GSE13294,GSM335604,single_sample_rank,svm_rbf,0,0.6763071050030266,0.6096080653682118,full_discovery_fixed_200
TCGA_to_GEO,GSE13294,GSM335605,single_sample_rank,svm_rbf,0,0.6740411763260811,0.6096080653682118,full_discovery_fixed_200
TCGA_to_GEO,GSE13294,GSM335606,single_sample_rank,svm_rbf,0,0.6739511186181972,0.6096080653682118,full_discovery_fixed_200
TCGA_to_GEO,GSE13294,GSM335607,single_sample_rank,svm_rbf,0,0.6769952201353805,0.6096080653682118,full_discovery_fixed_200
TCGA_to_GEO,GSE13294,GSM335608,single_sample_rank,svm_rbf,0,0.6775934032985942,0.6096080653682118,full_discovery_fixed_200
TCGA_to_GEO,GSE13294,GSM335609,single_sample_rank,svm_rbf,0,0.6766756879731267,0.6096080653682118,full_discovery_fixed_200
TCGA_to_GEO,GSE13294,GSM335610,single_sample_rank,svm_rbf,0,0.6747577495585888,0.6096080653682118,full_discovery_fixed_200
TCGA_to_GEO,GSE13294,GSM335611,single_sample_rank,svm_rbf,0,0.6750511397084713,0.6096080653682118,full_discovery_fixed_200
TCGA_to_GEO,GSE13294,GSM335612,single_sample_rank,svm_rbf,0,0.6692012530313455,0.6096080653682118,full_discovery_fixed_200
TCGA_to_GEO,GSE13294,GSM335613,single_sample_rank,svm_rbf,0,0.674676170105912,0.6096080653682118,full_discovery_fixed_200
TCGA_to_GEO,GSE13294,GSM335614,single_sample_rank,svm_rbf,1,0.6778961188944843,0.6096080653682118,full_discovery_fixed_200
TCGA_to_GEO,GSE13294,GSM335615,single_sample_rank,svm_rbf,0,0.6737082093353755,0.6096080653682118,full_discovery_fixed_200
TCGA_to_GEO,GSE13294,GSM335616,single_sample_rank,svm_rbf,0,0.6759922502257402,0.6096080653682118,full_discovery_fixed_200
TCGA_to_GEO,GSE13294,GSM335617,single_sample_rank,svm_rbf,0,0.6770542329551891,0.6096080653682118,full_discovery_fixed_200
TCGA_to_GEO,GSE13294,GSM335618,single_sample_rank,svm_rbf,1,0.6759617049753227,0.6096080653682118,full_discovery_fixed_200
TCGA_to_GEO,GSE13294,GSM335619,single_sample_rank,svm_rbf,1,0.6784021475076378,0.6096080653682118,full_discovery_fixed_200
TCGA_to_GEO,GSE13294,GSM335620,single_sample_rank,svm_rbf,1,0.6773225892261332,0.6096080653682118,full_discovery_fixed_200
TCGA_to_GEO,GSE13294,GSM335621,single_sample_rank,svm_rbf,1,0.6802235598069044,0.6096080653682118,full_discovery_fixed_200
TCGA_to_GEO,GSE13294,GSM335622,single_sample_rank,svm_rbf,1,0.6779631416513504,0.6096080653682118,full_discovery_fixed_200
TCGA_to_GEO,GSE13294,GSM335623,single_sample_rank,svm_rbf,1,0.6785609684145134,0.6096080653682118,full_discovery_fixed_200
TCGA_to_GEO,GSE13294,GSM335624,single_sample_rank,svm_rbf,1,0.6777622874100679,0.6096080653682118,full_discovery_fixed_200
TCGA_to_GEO,GSE13294,GSM335625,single_sample_rank,svm_rbf,1,0.6770970840829664,0.6096080653682118,full_discovery_fixed_200
TCGA_to_GEO,GSE13294,GSM335626,single_sample_rank,svm_rbf,1,0.6772859991137995,0.6096080653682118,full_discovery_fixed_200
TCGA_to_GEO,GSE13294,GSM335627,single_sample_rank,svm_rbf,1,0.6782850709132645,0.6096080653682118,full_discovery_fixed_200
TCGA_to_GEO,GSE13294,GSM335628,single_sample_rank,svm_rbf,1,0.6774312571282654,0.6096080653682118,full_discovery_fixed_200
TCGA_to_GEO,GSE13294,GSM335629,single_sample_rank,svm_rbf,1,0.6774846897301299,0.6096080653682118,full_discovery_fixed_200
TCGA_to_GEO,GSE13294,GSM335630,single_sample_rank,svm_rbf,1,0.6781858414355776,0.6096080653682118,full_discovery_fixed_200
TCGA_to_GEO,GSE13294,GSM335631,single_sample_rank,svm_rbf,1,0.668061566577883,0.6096080653682118,full_discovery_fixed_200
TCGA_to_GEO,GSE13294,GSM335632,single_sample_rank,svm_rbf,1,0.679520610506157,0.6096080653682118,full_discovery_fixed_200
TCGA_to_GEO,GSE13294,GSM335633,single_sample_rank,svm_rbf,1,0.6782221961750751,0.6096080653682118,full_discovery_fixed_200
TCGA_to_GEO,GSE13294,GSM335634,single_sample_rank,svm_rbf,1,0.6782347993361799,0.6096080653682118,full_discovery_fixed_200
TCGA_to_GEO,GSE13294,GSM335635,single_sample_rank,svm_rbf,1,0.6780152588566093,0.6096080653682118,full_discovery_fixed_200
TCGA_to_GEO,GSE13294,GSM335636,single_sample_rank,svm_rbf,1,0.6760486673849105,0.6096080653682118,full_discovery_fixed_200
TCGA_to_GEO,GSE13294,GSM335637,single_sample_rank,svm_rbf,1,0.6773319514544075,0.6096080653682118,full_discovery_fixed_200
TCGA_to_GEO,GSE13294,GSM335638,single_sample_rank,svm_rbf,1,0.6777657720195243,0.6096080653682118,full_discovery_fixed_200
TCGA_to_GEO,GSE13294,GSM335639,single_sample_rank,svm_rbf,1,0.6769239895894197,0.6096080653682118,full_discovery_fixed_200
TCGA_to_GEO,GSE13294,GSM335640,single_sample_rank,svm_rbf,1,0.6793485226741744,0.6096080653682118,full_discovery_fixed_200
TCGA_to_GEO,GSE13294,GSM335641,single_sample_rank,svm_rbf,1,0.6775344703393927,0.6096080653682118,full_discovery_fixed_200
TCGA_to_GEO,GSE13294,GSM335642,single_sample_rank,svm_rbf,1,0.6774401315693813,0.6096080653682118,full_discovery_fixed_200
TCGA_to_GEO,GSE13294,GSM335643,single_sample_rank,svm_rbf,1,0.6779973919121403,0.6096080653682118,full_discovery_fixed_200
TCGA_to_GEO,GSE13294,GSM335644,single_sample_rank,svm_rbf,1,0.6775920026183735,0.6096080653682118,full_discovery_fixed_200
TCGA_to_GEO,GSE13294,GSM335645,single_sample_rank,svm_rbf,1,0.6780323745752959,0.6096080653682118,full_discovery_fixed_200
TCGA_to_GEO,GSE13294,GSM335646,single_sample_rank,svm_rbf,1,0.6777125126371047,0.6096080653682118,full_discovery_fixed_200
TCGA_to_GEO,GSE13294,GSM335647,single_sample_rank,svm_rbf,1,0.6773914981963167,0.6096080653682118,full_discovery_fixed_200
TCGA_to_GEO,GSE13294,GSM335648,single_sample_rank,svm_rbf,1,0.6769009741729731,0.6096080653682118,full_discovery_fixed_200
TCGA_to_GEO,GSE13294,GSM335649,single_sample_rank,svm_rbf,1,0.677575092433292,0.6096080653682118,full_discovery_fixed_200
TCGA_to_GEO,GSE13294,GSM335650,single_sample_rank,svm_rbf,1,0.6786109711351892,0.6096080653682118,full_discovery_fixed_200
TCGA_to_GEO,GSE13294,GSM335651,single_sample_rank,svm_rbf,1,0.6744130993202608,0.6096080653682118,full_discovery_fixed_200
TCGA_to_GEO,GSE13294,GSM335652,single_sample_rank,svm_rbf,1,0.6779843820221052,0.6096080653682118,full_discovery_fixed_200
TCGA_to_GEO,GSE13294,GSM335653,single_sample_rank,svm_rbf,1,0.6779991223420124,0.6096080653682118,full_discovery_fixed_200
TCGA_to_GEO,GSE13294,GSM335654,single_sample_rank,svm_rbf,1,0.677815117025929,0.6096080653682118,full_discovery_fixed_200
TCGA_to_GEO,GSE13294,GSM335655,single_sample_rank,svm_rbf,1,0.6783890916004619,0.6096080653682118,full_discovery_fixed_200
TCGA_to_GEO,GSE13294,GSM335656,single_sample_rank,svm_rbf,1,0.6776699591295668,0.6096080653682118,full_discovery_fixed_200
TCGA_to_GEO,GSE13294,GSM335657,single_sample_rank,svm_rbf,1,0.6785215033963736,0.6096080653682118,full_discovery_fixed_200
TCGA_to_GEO,GSE13294,GSM335658,single_sample_rank,svm_rbf,1,0.6778970822866965,0.6096080653682118,full_discovery_fixed_200
TCGA_to_GEO,GSE13294,GSM335659,single_sample_rank,svm_rbf,1,0.6776190783604924,0.6096080653682118,full_discovery_fixed_200
TCGA_to_GEO,GSE13294,GSM335660,single_sample_rank,svm_rbf,1,0.677960581801062,0.6096080653682118,full_discovery_fixed_200
TCGA_to_GEO,GSE13294,GSM335661,single_sample_rank,svm_rbf,1,0.6773709192462375,0.6096080653682118,full_discovery_fixed_200
TCGA_to_GEO,GSE13294,GSM335662,single_sample_rank,svm_rbf,1,0.6780409264377356,0.6096080653682118,full_discovery_fixed_200
TCGA_to_GEO,GSE13294,GSM335663,single_sample_rank,svm_rbf,1,0.677760887823575,0.6096080653682118,full_discovery_fixed_200
TCGA_to_GEO,GSE13294,GSM335664,single_sample_rank,svm_rbf,1,0.6778880631796802,0.6096080653682118,full_discovery_fixed_200
TCGA_to_GEO,GSE13067,GSM327282,single_sample_rank,svm_rbf,1,0.6773740761913866,0.6096080653682118,full_discovery_fixed_200
TCGA_to_GEO,GSE13067,GSM327283,single_sample_rank,svm_rbf,0,0.6769539990937118,0.6096080653682118,full_discovery_fixed_200
TCGA_to_GEO,GSE13067,GSM327284,single_sample_rank,svm_rbf,0,0.6767947547749008,0.6096080653682118,full_discovery_fixed_200
TCGA_to_GEO,GSE13067,GSM327285,single_sample_rank,svm_rbf,0,0.6765427709894271,0.6096080653682118,full_discovery_fixed_200
TCGA_to_GEO,GSE13067,GSM327286,single_sample_rank,svm_rbf,0,0.6767713633666187,0.6096080653682118,full_discovery_fixed_200
TCGA_to_GEO,GSE13067,GSM327287,single_sample_rank,svm_rbf,0,0.676237342092986,0.6096080653682118,full_discovery_fixed_200
TCGA_to_GEO,GSE13067,GSM327288,single_sample_rank,svm_rbf,1,0.6778569731136188,0.6096080653682118,full_discovery_fixed_200
TCGA_to_GEO,GSE13067,GSM327289,single_sample_rank,svm_rbf,0,0.6757226188383901,0.6096080653682118,full_discovery_fixed_200
TCGA_to_GEO,GSE13067,GSM327290,single_sample_rank,svm_rbf,0,0.6739513033083964,0.6096080653682118,full_discovery_fixed_200
TCGA_to_GEO,GSE13067,GSM327291,single_sample_rank,svm_rbf,0,0.676634859260968,0.6096080653682118,full_discovery_fixed_200
TCGA_to_GEO,GSE13067,GSM327292,single_sample_rank,svm_rbf,0,0.6759816212517764,0.6096080653682118,full_discovery_fixed_200
TCGA_to_GEO,GSE13067,GSM327293,single_sample_rank,svm_rbf,0,0.6772486573770218,0.6096080653682118,full_discovery_fixed_200
TCGA_to_GEO,GSE13067,GSM327294,single_sample_rank,svm_rbf,0,0.6770197421442299,0.6096080653682118,full_discovery_fixed_200
TCGA_to_GEO,GSE13067,GSM327295,single_sample_rank,svm_rbf,0,0.676424264301145,0.6096080653682118,full_discovery_fixed_200
TCGA_to_GEO,GSE13067,GSM327296,single_sample_rank,svm_rbf,0,0.6768158863739758,0.6096080653682118,full_discovery_fixed_200
TCGA_to_GEO,GSE13067,GSM327297,single_sample_rank,svm_rbf,0,0.6770948226713936,0.6096080653682118,full_discovery_fixed_200
TCGA_to_GEO,GSE13067,GSM327298,single_sample_rank,svm_rbf,0,0.6771763494597147,0.6096080653682118,full_discovery_fixed_200
TCGA_to_GEO,GSE13067,GSM327299,single_sample_rank,svm_rbf,0,0.675995759379489,0.6096080653682118,full_discovery_fixed_200
TCGA_to_GEO,GSE13067,GSM327300,single_sample_rank,svm_rbf,0,0.6766616463834004,0.6096080653682118,full_discovery_fixed_200
TCGA_to_GEO,GSE13067,GSM327301,single_sample_rank,svm_rbf,0,0.6755723552332815,0.6096080653682118,full_discovery_fixed_200
TCGA_to_GEO,GSE13067,GSM327302,single_sample_rank,svm_rbf,0,0.6774406988596408,0.6096080653682118,full_discovery_fixed_200
TCGA_to_GEO,GSE13067,GSM327303,single_sample_rank,svm_rbf,0,0.675234460302844,0.6096080653682118,full_discovery_fixed_200
TCGA_to_GEO,GSE13067,GSM327304,single_sample_rank,svm_rbf,0,0.6767596770606616,0.6096080653682118,full_discovery_fixed_200
TCGA_to_GEO,GSE13067,GSM327305,single_sample_rank,svm_rbf,0,0.6755644252468446,0.6096080653682118,full_discovery_fixed_200
TCGA_to_GEO,GSE13067,GSM327306,single_sample_rank,svm_rbf,0,0.6741722216211784,0.6096080653682118,full_discovery_fixed_200
TCGA_to_GEO,GSE13067,GSM327307,single_sample_rank,svm_rbf,0,0.6742741321956552,0.6096080653682118,full_discovery_fixed_200
TCGA_to_GEO,GSE13067,GSM327308,single_sample_rank,svm_rbf,0,0.6700736935002283,0.6096080653682118,full_discovery_fixed_200
TCGA_to_GEO,GSE13067,GSM327309,single_sample_rank,svm_rbf,1,0.6781812427073396,0.6096080653682118,full_discovery_fixed_200
TCGA_to_GEO,GSE13067,GSM327310,single_sample_rank,svm_rbf,1,0.6776125536007236,0.6096080653682118,full_discovery_fixed_200
TCGA_to_GEO,GSE13067,GSM327311,single_sample_rank,svm_rbf,1,0.6774122320689565,0.6096080653682118,full_discovery_fixed_200
TCGA_to_GEO,GSE13067,GSM327312,single_sample_rank,svm_rbf,0,0.6753415012644423,0.6096080653682118,full_discovery_fixed_200
TCGA_to_GEO,GSE13067,GSM327313,single_sample_rank,svm_rbf,1,0.6791427791491546,0.6096080653682118,full_discovery_fixed_200
TCGA_to_GEO,GSE13067,GSM327314,single_sample_rank,svm_rbf,0,0.6738159572880985,0.6096080653682118,full_discovery_fixed_200
TCGA_to_GEO,GSE13067,GSM327315,single_sample_rank,svm_rbf,0,0.6755591031843712,0.6096080653682118,full_discovery_fixed_200
TCGA_to_GEO,GSE13067,GSM327316,single_sample_rank,svm_rbf,0,0.6751776468970839,0.6096080653682118,full_discovery_fixed_200
TCGA_to_GEO,GSE13067,GSM327317,single_sample_rank,svm_rbf,0,0.6765986256558345,0.6096080653682118,full_discovery_fixed_200
TCGA_to_GEO,GSE13067,GSM327318,single_sample_rank,svm_rbf,0,0.6756167875175514,0.6096080653682118,full_discovery_fixed_200
TCGA_to_GEO,GSE13067,GSM327319,single_sample_rank,svm_rbf,0,0.6754059733870761,0.6096080653682118,full_discovery_fixed_200
TCGA_to_GEO,GSE13067,GSM327320,single_sample_rank,svm_rbf,0,0.6753621735500647,0.6096080653682118,full_discovery_fixed_200
TCGA_to_GEO,GSE13067,GSM327321,single_sample_rank,svm_rbf,0,0.6733476027629501,0.6096080653682118,full_discovery_fixed_200
TCGA_to_GEO,GSE13067,GSM327322,single_sample_rank,svm_rbf,0,0.6772184975549953,0.6096080653682118,full_discovery_fixed_200
TCGA_to_GEO,GSE13067,GSM327323,single_sample_rank,svm_rbf,0,0.6747499839740915,0.6096080653682118,full_discovery_fixed_200
TCGA_to_GEO,GSE13067,GSM327324,single_sample_rank,svm_rbf,1,0.6775054723656935,0.6096080653682118,full_discovery_fixed_200
TCGA_to_GEO,GSE13067,GSM327325,single_sample_rank,svm_rbf,1,0.6786003279490633,0.6096080653682118,full_discovery_fixed_200
TCGA_to_GEO,GSE13067,GSM327326,single_sample_rank,svm_rbf,0,0.6701641895224152,0.6096080653682118,full_discovery_fixed_200
TCGA_to_GEO,GSE13067,GSM327327,single_sample_rank,svm_rbf,0,0.6765765205047486,0.6096080653682118,full_discovery_fixed_200
TCGA_to_GEO,GSE13067,GSM327328,single_sample_rank,svm_rbf,0,0.6759075762362728,0.6096080653682118,full_discovery_fixed_200
TCGA_to_GEO,GSE13067,GSM327329,single_sample_rank,svm_rbf,0,0.6745236535244558,0.6096080653682118,full_discovery_fixed_200
TCGA_to_GEO,GSE13067,GSM327330,single_sample_rank,svm_rbf,0,0.6755872087234246,0.6096080653682118,full_discovery_fixed_200
TCGA_to_GEO,GSE13067,GSM327331,single_sample_rank,svm_rbf,1,0.6777032706923564,0.6096080653682118,full_discovery_fixed_200
TCGA_to_GEO,GSE13067,GSM327332,single_sample_rank,svm_rbf,0,0.6757919819355014,0.6096080653682118,full_discovery_fixed_200
TCGA_to_GEO,GSE13067,GSM327333,single_sample_rank,svm_rbf,0,0.6773576626880546,0.6096080653682118,full_discovery_fixed_200
TCGA_to_GEO,GSE13067,GSM327334,single_sample_rank,svm_rbf,0,0.6769613414121008,0.6096080653682118,full_discovery_fixed_200
TCGA_to_GEO,GSE13067,GSM327335,single_sample_rank,svm_rbf,0,0.676842880663761,0.6096080653682118,full_discovery_fixed_200
TCGA_to_GEO,GSE13067,GSM327336,single_sample_rank,svm_rbf,0,0.6762483065509929,0.6096080653682118,full_discovery_fixed_200
TCGA_to_GEO,GSE13067,GSM327337,single_sample_rank,svm_rbf,0,0.6664832353179767,0.6096080653682118,full_discovery_fixed_200
TCGA_to_GEO,GSE13067,GSM327338,single_sample_rank,svm_rbf,0,0.6729563691104115,0.6096080653682118,full_discovery_fixed_200
TCGA_to_GEO,GSE13067,GSM327339,single_sample_rank,svm_rbf,0,0.6773184370830846,0.6096080653682118,full_discovery_fixed_200
TCGA_to_GEO,GSE13067,GSM327340,single_sample_rank,svm_rbf,0,0.6768939116189531,0.6096080653682118,full_discovery_fixed_200
TCGA_to_GEO,GSE13067,GSM327341,single_sample_rank,svm_rbf,0,0.6746689845666877,0.6096080653682118,full_discovery_fixed_200
TCGA_to_GEO,GSE13067,GSM327342,single_sample_rank,svm_rbf,0,0.6748624493125644,0.6096080653682118,full_discovery_fixed_200
TCGA_to_GEO,GSE13067,GSM327343,single_sample_rank,svm_rbf,0,0.6772276707432807,0.6096080653682118,full_discovery_fixed_200
TCGA_to_GEO,GSE13067,GSM327344,single_sample_rank,svm_rbf,0,0.6738443514624745,0.6096080653682118,full_discovery_fixed_200
TCGA_to_GEO,GSE13067,GSM327345,single_sample_rank,svm_rbf,0,0.6774558666910836,0.6096080653682118,full_discovery_fixed_200
TCGA_to_GEO,GSE13067,GSM327346,single_sample_rank,svm_rbf,0,0.6771095799749015,0.6096080653682118,full_discovery_fixed_200
TCGA_to_GEO,GSE13067,GSM327347,single_sample_rank,svm_rbf,0,0.676991895822974,0.6096080653682118,full_discovery_fixed_200
TCGA_to_GEO,GSE13067,GSM327348,single_sample_rank,svm_rbf,0,0.6771152881921444,0.6096080653682118,full_discovery_fixed_200
TCGA_to_GEO,GSE13067,GSM327349,single_sample_rank,svm_rbf,0,0.6766315240144111,0.6096080653682118,full_discovery_fixed_200
TCGA_to_GEO,GSE13067,GSM327350,single_sample_rank,svm_rbf,0,0.6766676840773903,0.6096080653682118,full_discovery_fixed_200
TCGA_to_GEO,GSE13067,GSM327351,single_sample_rank,svm_rbf,0,0.6773181088539284,0.6096080653682118,full_discovery_fixed_200
TCGA_to_GEO,GSE13067,GSM327352,single_sample_rank,svm_rbf,1,0.6778014533789787,0.6096080653682118,full_discovery_fixed_200
TCGA_to_GEO,GSE13067,GSM327353,single_sample_rank,svm_rbf,1,0.6776584936633722,0.6096080653682118,full_discovery_fixed_200
TCGA_to_GEO,GSE13067,GSM327354,single_sample_rank,svm_rbf,0,0.6766660411257487,0.6096080653682118,full_discovery_fixed_200
TCGA_to_GEO,GSE13067,GSM327355,single_sample_rank,svm_rbf,0,0.6768919870774099,0.6096080653682118,full_discovery_fixed_200
TCGA_to_GEO,GSE18088,GSM452148,single_sample_rank,svm_rbf,1,0.6780765170835599,0.6096080653682118,full_discovery_fixed_200
TCGA_to_GEO,GSE18088,GSM452149,single_sample_rank,svm_rbf,0,0.6683949923151874,0.6096080653682118,full_discovery_fixed_200
TCGA_to_GEO,GSE18088,GSM452150,single_sample_rank,svm_rbf,0,0.6673251757224914,0.6096080653682118,full_discovery_fixed_200
TCGA_to_GEO,GSE18088,GSM452151,single_sample_rank,svm_rbf,0,0.6701719262625919,0.6096080653682118,full_discovery_fixed_200
TCGA_to_GEO,GSE18088,GSM452152,single_sample_rank,svm_rbf,0,0.6678033581763451,0.6096080653682118,full_discovery_fixed_200
TCGA_to_GEO,GSE18088,GSM452153,single_sample_rank,svm_rbf,1,0.6795574728923174,0.6096080653682118,full_discovery_fixed_200
TCGA_to_GEO,GSE18088,GSM452154,single_sample_rank,svm_rbf,0,0.6678019975634456,0.6096080653682118,full_discovery_fixed_200
TCGA_to_GEO,GSE18088,GSM452155,single_sample_rank,svm_rbf,0,0.6706264734661976,0.6096080653682118,full_discovery_fixed_200
TCGA_to_GEO,GSE18088,GSM452156,single_sample_rank,svm_rbf,0,0.6709557939476162,0.6096080653682118,full_discovery_fixed_200
TCGA_to_GEO,GSE18088,GSM452157,single_sample_rank,svm_rbf,1,0.6801611375036233,0.6096080653682118,full_discovery_fixed_200
TCGA_to_GEO,GSE18088,GSM452158,single_sample_rank,svm_rbf,0,0.672235833138947,0.6096080653682118,full_discovery_fixed_200
TCGA_to_GEO,GSE18088,GSM452159,single_sample_rank,svm_rbf,1,0.6846984670958718,0.6096080653682118,full_discovery_fixed_200
TCGA_to_GEO,GSE18088,GSM452160,single_sample_rank,svm_rbf,0,0.6660514010999348,0.6096080653682118,full_discovery_fixed_200
TCGA_to_GEO,GSE18088,GSM452161,single_sample_rank,svm_rbf,0,0.6686318933015457,0.6096080653682118,full_discovery_fixed_200
TCGA_to_GEO,GSE18088,GSM452162,single_sample_rank,svm_rbf,0,0.6788552257480455,0.6096080653682118,full_discovery_fixed_200
TCGA_to_GEO,GSE18088,GSM452163,single_sample_rank,svm_rbf,1,0.6805994483872727,0.6096080653682118,full_discovery_fixed_200
TCGA_to_GEO,GSE18088,GSM452164,single_sample_rank,svm_rbf,0,0.6700779066709012,0.6096080653682118,full_discovery_fixed_200
TCGA_to_GEO,GSE18088,GSM452165,single_sample_rank,svm_rbf,0,0.6684096173287589,0.6096080653682118,full_discovery_fixed_200
TCGA_to_GEO,GSE18088,GSM452166,single_sample_rank,svm_rbf,0,0.6688511246386759,0.6096080653682118,full_discovery_fixed_200
TCGA_to_GEO,GSE18088,GSM452167,single_sample_rank,svm_rbf,0,0.6698943795157675,0.6096080653682118,full_discovery_fixed_200
TCGA_to_GEO,GSE18088,GSM452168,single_sample_rank,svm_rbf,1,0.6839298707920496,0.6096080653682118,full_discovery_fixed_200
TCGA_to_GEO,GSE18088,GSM452169,single_sample_rank,svm_rbf,1,0.6850668389589407,0.6096080653682118,full_discovery_fixed_200
TCGA_to_GEO,GSE18088,GSM452170,single_sample_rank,svm_rbf,0,0.673120861059334,0.6096080653682118,full_discovery_fixed_200
TCGA_to_GEO,GSE18088,GSM452171,single_sample_rank,svm_rbf,0,0.6686404230432205,0.6096080653682118,full_discovery_fixed_200
TCGA_to_GEO,GSE18088,GSM452172,single_sample_rank,svm_rbf,0,0.6770738760076789,0.6096080653682118,full_discovery_fixed_200
TCGA_to_GEO,GSE18088,GSM452173,single_sample_rank,svm_rbf,1,0.6807611582347647,0.6096080653682118,full_discovery_fixed_200
TCGA_to_GEO,GSE18088,GSM452174,single_sample_rank,svm_rbf,1,0.6780293612552969,0.6096080653682118,full_discovery_fixed_200
TCGA_to_GEO,GSE18088,GSM452175,single_sample_rank,svm_rbf,1,0.6825949584519854,0.6096080653682118,full_discovery_fixed_200
TCGA_to_GEO,GSE18088,GSM452176,single_sample_rank,svm_rbf,0,0.6697603460010598,0.6096080653682118,full_discovery_fixed_200
TCGA_to_GEO,GSE18088,GSM452177,single_sample_rank,svm_rbf,0,0.6681222265605382,0.6096080653682118,full_discovery_fixed_200
TCGA_to_GEO,GSE18088,GSM452178,single_sample_rank,svm_rbf,0,0.6734730002215982,0.6096080653682118,full_discovery_fixed_200
TCGA_to_GEO,GSE18088,GSM452179,single_sample_rank,svm_rbf,1,0.6797036236882018,0.6096080653682118,full_discovery_fixed_200
TCGA_to_GEO,GSE18088,GSM452180,single_sample_rank,svm_rbf,1,0.6799491982952942,0.6096080653682118,full_discovery_fixed_200
TCGA_to_GEO,GSE18088,GSM452181,single_sample_rank,svm_rbf,0,0.6686977841033678,0.6096080653682118,full_discovery_fixed_200
TCGA_to_GEO,GSE18088,GSM452182,single_sample_rank,svm_rbf,1,0.679791860085897,0.6096080653682118,full_discovery_fixed_200
TCGA_to_GEO,GSE18088,GSM452183,single_sample_rank,svm_rbf,1,0.6848801041692749,0.6096080653682118,full_discovery_fixed_200
TCGA_to_GEO,GSE18088,GSM452184,single_sample_rank,svm_rbf,1,0.6784068532691911,0.6096080653682118,full_discovery_fixed_200
TCGA_to_GEO,GSE18088,GSM452185,single_sample_rank,svm_rbf,0,0.6736340846897767,0.6096080653682118,full_discovery_fixed_200
TCGA_to_GEO,GSE18088,GSM452186,single_sample_rank,svm_rbf,0,0.6751568731511641,0.6096080653682118,full_discovery_fixed_200
TCGA_to_GEO,GSE18088,GSM452187,single_sample_rank,svm_rbf,0,0.6489582412956032,0.6096080653682118,full_discovery_fixed_200
TCGA_to_GEO,GSE18088,GSM452188,single_sample_rank,svm_rbf,1,0.6801567140139475,0.6096080653682118,full_discovery_fixed_200
TCGA_to_GEO,GSE18088,GSM452189,single_sample_rank,svm_rbf,1,0.6862146425186196,0.6096080653682118,full_discovery_fixed_200
TCGA_to_GEO,GSE18088,GSM452190,single_sample_rank,svm_rbf,0,0.6775533337066868,0.6096080653682118,full_discovery_fixed_200
TCGA_to_GEO,GSE18088,GSM452191,single_sample_rank,svm_rbf,0,0.6731334977014548,0.6096080653682118,full_discovery_fixed_200
TCGA_to_GEO,GSE18088,GSM452192,single_sample_rank,svm_rbf,0,0.6697838598130402,0.6096080653682118,full_discovery_fixed_200
TCGA_to_GEO,GSE18088,GSM452193,single_sample_rank,svm_rbf,0,0.6761023732218745,0.6096080653682118,full_discovery_fixed_200
TCGA_to_GEO,GSE18088,GSM452194,single_sample_rank,svm_rbf,0,0.6596294994142238,0.6096080653682118,full_discovery_fixed_200
TCGA_to_GEO,GSE18088,GSM452195,single_sample_rank,svm_rbf,0,0.6739373586739276,0.6096080653682118,full_discovery_fixed_200
TCGA_to_GEO,GSE18088,GSM452196,single_sample_rank,svm_rbf,0,0.6751198475743515,0.6096080653682118,full_discovery_fixed_200
TCGA_to_GEO,GSE18088,GSM452197,single_sample_rank,svm_rbf,1,0.6792878183260733,0.6096080653682118,full_discovery_fixed_200
TCGA_to_GEO,GSE18088,GSM452198,single_sample_rank,svm_rbf,0,0.6705284950285353,0.6096080653682118,full_discovery_fixed_200
TCGA_to_GEO,GSE18088,GSM452199,single_sample_rank,svm_rbf,0,0.6749539276544273,0.6096080653682118,full_discovery_fixed_200
TCGA_to_GEO,GSE18088,GSM452200,single_sample_rank,svm_rbf,1,0.6721205001879192,0.6096080653682118,full_discovery_fixed_200
TCGA_to_GEO,GSE26682,GSM656542,single_sample_rank,svm_rbf,0,0.6763297473084869,0.6096080653682118,full_discovery_fixed_200
TCGA_to_GEO,GSE26682,GSM656543,single_sample_rank,svm_rbf,0,0.6770571014188941,0.6096080653682118,full_discovery_fixed_200
TCGA_to_GEO,GSE26682,GSM656545,single_sample_rank,svm_rbf,1,0.6778255986964863,0.6096080653682118,full_discovery_fixed_200
TCGA_to_GEO,GSE26682,GSM656546,single_sample_rank,svm_rbf,0,0.6767726118383204,0.6096080653682118,full_discovery_fixed_200
TCGA_to_GEO,GSE26682,GSM656548,single_sample_rank,svm_rbf,0,0.6757936850033722,0.6096080653682118,full_discovery_fixed_200
TCGA_to_GEO,GSE26682,GSM656550,single_sample_rank,svm_rbf,0,0.6769877761054761,0.6096080653682118,full_discovery_fixed_200
TCGA_to_GEO,GSE26682,GSM656552,single_sample_rank,svm_rbf,0,0.6767877577122355,0.6096080653682118,full_discovery_fixed_200
TCGA_to_GEO,GSE26682,GSM656553,single_sample_rank,svm_rbf,0,0.6771960809141088,0.6096080653682118,full_discovery_fixed_200
TCGA_to_GEO,GSE26682,GSM656555,single_sample_rank,svm_rbf,0,0.6772638182285674,0.6096080653682118,full_discovery_fixed_200
TCGA_to_GEO,GSE26682,GSM656556,single_sample_rank,svm_rbf,0,0.6773996625340285,0.6096080653682118,full_discovery_fixed_200
TCGA_to_GEO,GSE26682,GSM656557,single_sample_rank,svm_rbf,0,0.6773395301675513,0.6096080653682118,full_discovery_fixed_200
TCGA_to_GEO,GSE26682,GSM656558,single_sample_rank,svm_rbf,0,0.6761788603693448,0.6096080653682118,full_discovery_fixed_200
TCGA_to_GEO,GSE26682,GSM656559,single_sample_rank,svm_rbf,1,0.6776585869728187,0.6096080653682118,full_discovery_fixed_200
TCGA_to_GEO,GSE26682,GSM656560,single_sample_rank,svm_rbf,0,0.6761015713202901,0.6096080653682118,full_discovery_fixed_200
TCGA_to_GEO,GSE26682,GSM656561,single_sample_rank,svm_rbf,0,0.6771953044611806,0.6096080653682118,full_discovery_fixed_200
TCGA_to_GEO,GSE26682,GSM656567,single_sample_rank,svm_rbf,0,0.6753273743321465,0.6096080653682118,full_discovery_fixed_200
TCGA_to_GEO,GSE26682,GSM656568,single_sample_rank,svm_rbf,0,0.6767464234707862,0.6096080653682118,full_discovery_fixed_200
TCGA_to_GEO,GSE26682,GSM656569,single_sample_rank,svm_rbf,0,0.6735475810761552,0.6096080653682118,full_discovery_fixed_200
TCGA_to_GEO,GSE26682,GSM656570,single_sample_rank,svm_rbf,0,0.6770279817968611,0.6096080653682118,full_discovery_fixed_200
TCGA_to_GEO,GSE26682,GSM656574,single_sample_rank,svm_rbf,0,0.6764230853575717,0.6096080653682118,full_discovery_fixed_200
TCGA_to_GEO,GSE26682,GSM656580,single_sample_rank,svm_rbf,0,0.6770587283581814,0.6096080653682118,full_discovery_fixed_200
TCGA_to_GEO,GSE26682,GSM656582,single_sample_rank,svm_rbf,0,0.6683136484468094,0.6096080653682118,full_discovery_fixed_200
TCGA_to_GEO,GSE26682,GSM656583,single_sample_rank,svm_rbf,1,0.6773414354040653,0.6096080653682118,full_discovery_fixed_200
TCGA_to_GEO,GSE26682,GSM656584,single_sample_rank,svm_rbf,0,0.6746153527880049,0.6096080653682118,full_discovery_fixed_200
TCGA_to_GEO,GSE26682,GSM656585,single_sample_rank,svm_rbf,0,0.6772344437986388,0.6096080653682118,full_discovery_fixed_200
TCGA_to_GEO,GSE26682,GSM656586,single_sample_rank,svm_rbf,0,0.6773156208806721,0.6096080653682118,full_discovery_fixed_200
TCGA_to_GEO,GSE26682,GSM656587,single_sample_rank,svm_rbf,0,0.677402988677184,0.6096080653682118,full_discovery_fixed_200
TCGA_to_GEO,GSE26682,GSM656590,single_sample_rank,svm_rbf,1,0.6779683018265914,0.6096080653682118,full_discovery_fixed_200
TCGA_to_GEO,GSE26682,GSM656592,single_sample_rank,svm_rbf,0,0.6769780667476084,0.6096080653682118,full_discovery_fixed_200
TCGA_to_GEO,GSE26682,GSM656596,single_sample_rank,svm_rbf,0,0.6720118792277833,0.6096080653682118,full_discovery_fixed_200
TCGA_to_GEO,GSE26682,GSM656598,single_sample_rank,svm_rbf,0,0.6767646794765056,0.6096080653682118,full_discovery_fixed_200
TCGA_to_GEO,GSE26682,GSM656601,single_sample_rank,svm_rbf,0,0.6770011157048599,0.6096080653682118,full_discovery_fixed_200
TCGA_to_GEO,GSE26682,GSM656603,single_sample_rank,svm_rbf,1,0.6778061309422706,0.6096080653682118,full_discovery_fixed_200
TCGA_to_GEO,GSE26682,GSM656612,single_sample_rank,svm_rbf,1,0.6776626760370479,0.6096080653682118,full_discovery_fixed_200
TCGA_to_GEO,GSE26682,GSM656613,single_sample_rank,svm_rbf,0,0.6770209219608598,0.6096080653682118,full_discovery_fixed_200
TCGA_to_GEO,GSE26682,GSM656617,single_sample_rank,svm_rbf,0,0.6772620161278677,0.6096080653682118,full_discovery_fixed_200
TCGA_to_GEO,GSE26682,GSM656618,single_sample_rank,svm_rbf,0,0.6746259060808943,0.6096080653682118,full_discovery_fixed_200
TCGA_to_GEO,GSE26682,GSM656625,single_sample_rank,svm_rbf,0,0.6773230899303904,0.6096080653682118,full_discovery_fixed_200
TCGA_to_GEO,GSE26682,GSM656634,single_sample_rank,svm_rbf,0,0.677426651276958,0.6096080653682118,full_discovery_fixed_200
TCGA_to_GEO,GSE26682,GSM656635,single_sample_rank,svm_rbf,0,0.6771617616083861,0.6096080653682118,full_discovery_fixed_200
TCGA_to_GEO,GSE26682,GSM656636,single_sample_rank,svm_rbf,0,0.6772323946072465,0.6096080653682118,full_discovery_fixed_200
TCGA_to_GEO,GSE26682,GSM656639,single_sample_rank,svm_rbf,0,0.6772674337311615,0.6096080653682118,full_discovery_fixed_200
TCGA_to_GEO,GSE26682,GSM656640,single_sample_rank,svm_rbf,0,0.6768716012191544,0.6096080653682118,full_discovery_fixed_200
TCGA_to_GEO,GSE26682,GSM656642,single_sample_rank,svm_rbf,0,0.6773093890488737,0.6096080653682118,full_discovery_fixed_200
TCGA_to_GEO,GSE26682,GSM656644,single_sample_rank,svm_rbf,0,0.6765349405405571,0.6096080653682118,full_discovery_fixed_200
TCGA_to_GEO,GSE26682,GSM656657,single_sample_rank,svm_rbf,0,0.6772749984587209,0.6096080653682118,full_discovery_fixed_200
TCGA_to_GEO,GSE26682,GSM656662,single_sample_rank,svm_rbf,0,0.6760745079710299,0.6096080653682118,full_discovery_fixed_200
TCGA_to_GEO,GSE26682,GSM656663,single_sample_rank,svm_rbf,0,0.6761302230657071,0.6096080653682118,full_discovery_fixed_200
TCGA_to_GEO,GSE26682,GSM656669,single_sample_rank,svm_rbf,1,0.6774028784140098,0.6096080653682118,full_discovery_fixed_200
TCGA_to_GEO,GSE26682,GSM656672,single_sample_rank,svm_rbf,0,0.6768337999846518,0.6096080653682118,full_discovery_fixed_200
TCGA_to_GEO,GSE26682,GSM656675,single_sample_rank,svm_rbf,0,0.6765574519015304,0.6096080653682118,full_discovery_fixed_200
TCGA_to_GEO,GSE26682,GSM656676,single_sample_rank,svm_rbf,0,0.676787222628106,0.6096080653682118,full_discovery_fixed_200
TCGA_to_GEO,GSE26682,GSM656678,single_sample_rank,svm_rbf,0,0.6769995506124944,0.6096080653682118,full_discovery_fixed_200
TCGA_to_GEO,GSE26682,GSM656679,single_sample_rank,svm_rbf,1,0.6776483809293553,0.6096080653682118,full_discovery_fixed_200
TCGA_to_GEO,GSE26682,GSM656683,single_sample_rank,svm_rbf,0,0.6769428547004328,0.6096080653682118,full_discovery_fixed_200
TCGA_to_GEO,GSE26682,GSM656687,single_sample_rank,svm_rbf,0,0.6773205987448849,0.6096080653682118,full_discovery_fixed_200
TCGA_to_GEO,GSE26682,GSM656691,single_sample_rank,svm_rbf,0,0.6767054860290117,0.6096080653682118,full_discovery_fixed_200
TCGA_to_GEO,GSE26682,GSM656692,single_sample_rank,svm_rbf,0,0.6773205866769157,0.6096080653682118,full_discovery_fixed_200
TCGA_to_GEO,GSE26682,GSM656693,single_sample_rank,svm_rbf,0,0.6770638023259121,0.6096080653682118,full_discovery_fixed_200
TCGA_to_GEO,GSE26682,GSM656695,single_sample_rank,svm_rbf,0,0.6757472580960616,0.6096080653682118,full_discovery_fixed_200
TCGA_to_GEO,GSE26682,GSM656698,single_sample_rank,svm_rbf,0,0.6771955591023262,0.6096080653682118,full_discovery_fixed_200
TCGA_to_GEO,GSE26682,GSM656699,single_sample_rank,svm_rbf,0,0.6763963569423672,0.6096080653682118,full_discovery_fixed_200
TCGA_to_GEO,GSE26682,GSM656700,single_sample_rank,svm_rbf,0,0.6761697406396802,0.6096080653682118,full_discovery_fixed_200
TCGA_to_GEO,GSE26682,GSM656701,single_sample_rank,svm_rbf,0,0.6771830921259949,0.6096080653682118,full_discovery_fixed_200
TCGA_to_GEO,GSE26682,GSM656702,single_sample_rank,svm_rbf,0,0.6739585930173132,0.6096080653682118,full_discovery_fixed_200
TCGA_to_GEO,GSE26682,GSM656703,single_sample_rank,svm_rbf,0,0.6767028322610215,0.6096080653682118,full_discovery_fixed_200
TCGA_to_GEO,GSE26682,GSM656704,single_sample_rank,svm_rbf,0,0.6729043793511524,0.6096080653682118,full_discovery_fixed_200
TCGA_to_GEO,GSE26682,GSM656705,single_sample_rank,svm_rbf,0,0.677639842834257,0.6096080653682118,full_discovery_fixed_200
TCGA_to_GEO,GSE26682,GSM656707,single_sample_rank,svm_rbf,0,0.677297281327581,0.6096080653682118,full_discovery_fixed_200
TCGA_to_GEO,GSE26682,GSM656710,single_sample_rank,svm_rbf,0,0.6764868291288734,0.6096080653682118,full_discovery_fixed_200
TCGA_to_GEO,GSE26682,GSM656711,single_sample_rank,svm_rbf,0,0.677311372362757,0.6096080653682118,full_discovery_fixed_200
TCGA_to_GEO,GSE26682,GSM656714,single_sample_rank,svm_rbf,0,0.6764329257104879,0.6096080653682118,full_discovery_fixed_200
TCGA_to_GEO,GSE26682,GSM656715,single_sample_rank,svm_rbf,0,0.6773162372850385,0.6096080653682118,full_discovery_fixed_200
TCGA_to_GEO,GSE26682,GSM656720,single_sample_rank,svm_rbf,0,0.6765894407238894,0.6096080653682118,full_discovery_fixed_200
TCGA_to_GEO,GSE26682,GSM656721,single_sample_rank,svm_rbf,0,0.6770562661787326,0.6096080653682118,full_discovery_fixed_200
TCGA_to_GEO,GSE26682,GSM656726,single_sample_rank,svm_rbf,0,0.6772060098809526,0.6096080653682118,full_discovery_fixed_200
TCGA_to_GEO,GSE26682,GSM656732,single_sample_rank,svm_rbf,0,0.6730926368434821,0.6096080653682118,full_discovery_fixed_200
TCGA_to_GEO,GSE26682,GSM656735,single_sample_rank,svm_rbf,0,0.6770944357775033,0.6096080653682118,full_discovery_fixed_200
TCGA_to_GEO,GSE26682,GSM656736,single_sample_rank,svm_rbf,1,0.6779670639654763,0.6096080653682118,full_discovery_fixed_200
TCGA_to_GEO,GSE26682,GSM656737,single_sample_rank,svm_rbf,0,0.6771951459874571,0.6096080653682118,full_discovery_fixed_200
TCGA_to_GEO,GSE26682,GSM656739,single_sample_rank,svm_rbf,0,0.6772632750776335,0.6096080653682118,full_discovery_fixed_200
TCGA_to_GEO,GSE26682,GSM656742,single_sample_rank,svm_rbf,0,0.6760257449985125,0.6096080653682118,full_discovery_fixed_200
TCGA_to_GEO,GSE26682,GSM656749,single_sample_rank,svm_rbf,0,0.6769417802470736,0.6096080653682118,full_discovery_fixed_200
TCGA_to_GEO,GSE26682,GSM656768,single_sample_rank,svm_rbf,0,0.6765236975691531,0.6096080653682118,full_discovery_fixed_200
TCGA_to_GEO,GSE26682,GSM656769,single_sample_rank,svm_rbf,0,0.6767427572131717,0.6096080653682118,full_discovery_fixed_200
TCGA_to_GEO,GSE26682,GSM656770,single_sample_rank,svm_rbf,0,0.677135148335007,0.6096080653682118,full_discovery_fixed_200
TCGA_to_GEO,GSE26682,GSM656772,single_sample_rank,svm_rbf,0,0.6767077812867671,0.6096080653682118,full_discovery_fixed_200
TCGA_to_GEO,GSE26682,GSM656775,single_sample_rank,svm_rbf,0,0.6755303707740717,0.6096080653682118,full_discovery_fixed_200
TCGA_to_GEO,GSE26682,GSM656776,single_sample_rank,svm_rbf,0,0.6766602660619359,0.6096080653682118,full_discovery_fixed_200
TCGA_to_GEO,GSE26682,GSM656777,single_sample_rank,svm_rbf,0,0.6771977974455556,0.6096080653682118,full_discovery_fixed_200
TCGA_to_GEO,GSE26682,GSM656783,single_sample_rank,svm_rbf,0,0.6769587317694947,0.6096080653682118,full_discovery_fixed_200
TCGA_to_GEO,GSE26682,GSM656785,single_sample_rank,svm_rbf,0,0.6772540310981381,0.6096080653682118,full_discovery_fixed_200
TCGA_to_GEO,GSE26682,GSM656787,single_sample_rank,svm_rbf,0,0.6773451607344123,0.6096080653682118,full_discovery_fixed_200
TCGA_to_GEO,GSE26682,GSM656794,single_sample_rank,svm_rbf,0,0.6737404727559653,0.6096080653682118,full_discovery_fixed_200
TCGA_to_GEO,GSE26682,GSM656800,single_sample_rank,svm_rbf,0,0.6771944642608517,0.6096080653682118,full_discovery_fixed_200
TCGA_to_GEO,GSE26682,GSM656803,single_sample_rank,svm_rbf,0,0.676712620667069,0.6096080653682118,full_discovery_fixed_200
TCGA_to_GEO,GSE26682,GSM656804,single_sample_rank,svm_rbf,0,0.676357518588051,0.6096080653682118,full_discovery_fixed_200
TCGA_to_GEO,GSE26682,GSM656806,single_sample_rank,svm_rbf,0,0.6771724875711201,0.6096080653682118,full_discovery_fixed_200
TCGA_to_GEO,GSE26682,GSM656809,single_sample_rank,svm_rbf,0,0.6745364565116203,0.6096080653682118,full_discovery_fixed_200
TCGA_to_GEO,GSE26682,GSM656811,single_sample_rank,svm_rbf,0,0.6772540490076989,0.6096080653682118,full_discovery_fixed_200
TCGA_to_GEO,GSE26682,GSM656816,single_sample_rank,svm_rbf,0,0.6773076411533162,0.6096080653682118,full_discovery_fixed_200
TCGA_to_GEO,GSE26682,GSM656819,single_sample_rank,svm_rbf,0,0.6719960395746585,0.6096080653682118,full_discovery_fixed_200
TCGA_to_GEO,GSE26682,GSM656820,single_sample_rank,svm_rbf,1,0.6781169421782566,0.6096080653682118,full_discovery_fixed_200
TCGA_to_GEO,GSE26682,GSM656822,single_sample_rank,svm_rbf,0,0.677395483610457,0.6096080653682118,full_discovery_fixed_200
TCGA_to_GEO,GSE26682,GSM656824,single_sample_rank,svm_rbf,0,0.6772199862809269,0.6096080653682118,full_discovery_fixed_200
TCGA_to_GEO,GSE26682,GSM656825,single_sample_rank,svm_rbf,0,0.6772396295526485,0.6096080653682118,full_discovery_fixed_200
TCGA_to_GEO,GSE26682,GSM656830,single_sample_rank,svm_rbf,0,0.6772385582099981,0.6096080653682118,full_discovery_fixed_200
TCGA_to_GEO,GSE26682,GSM656831,single_sample_rank,svm_rbf,0,0.6761407444958116,0.6096080653682118,full_discovery_fixed_200
TCGA_to_GEO,GSE26682,GSM656832,single_sample_rank,svm_rbf,0,0.676779135103545,0.6096080653682118,full_discovery_fixed_200
TCGA_to_GEO,GSE26682,GSM656833,single_sample_rank,svm_rbf,0,0.6772119146906392,0.6096080653682118,full_discovery_fixed_200
TCGA_to_GEO,GSE26682,GSM656834,single_sample_rank,svm_rbf,0,0.6764669591341033,0.6096080653682118,full_discovery_fixed_200
TCGA_to_GEO,GSE26682,GSM656836,single_sample_rank,svm_rbf,0,0.6769155664613442,0.6096080653682118,full_discovery_fixed_200
TCGA_to_GEO,GSE26682,GSM656837,single_sample_rank,svm_rbf,1,0.6773529224699218,0.6096080653682118,full_discovery_fixed_200
TCGA_to_GEO,GSE26682,GSM656840,single_sample_rank,svm_rbf,0,0.6770300052252722,0.6096080653682118,full_discovery_fixed_200
TCGA_to_GEO,GSE26682,GSM656841,single_sample_rank,svm_rbf,0,0.6773718411736179,0.6096080653682118,full_discovery_fixed_200
TCGA_to_GEO,GSE26682,GSM656842,single_sample_rank,svm_rbf,1,0.6773777426825213,0.6096080653682118,full_discovery_fixed_200
TCGA_to_GEO,GSE26682,GSM656843,single_sample_rank,svm_rbf,0,0.6769644944471058,0.6096080653682118,full_discovery_fixed_200
TCGA_to_GEO,GSE26682,GSM656845,single_sample_rank,svm_rbf,0,0.6772269996795199,0.6096080653682118,full_discovery_fixed_200
TCGA_to_GEO,GSE26682,GSM656846,single_sample_rank,svm_rbf,0,0.6772717248211357,0.6096080653682118,full_discovery_fixed_200
TCGA_to_GEO,GSE26682,GSM656847,single_sample_rank,svm_rbf,0,0.6772760524452351,0.6096080653682118,full_discovery_fixed_200
TCGA_to_GEO,GSE26682,GSM656849,single_sample_rank,svm_rbf,1,0.6773539681486354,0.6096080653682118,full_discovery_fixed_200
TCGA_to_GEO,GSE26682,GSM656850,single_sample_rank,svm_rbf,1,0.6771575821640283,0.6096080653682118,full_discovery_fixed_200
TCGA_to_GEO,GSE26682,GSM656851,single_sample_rank,svm_rbf,1,0.677410619871943,0.6096080653682118,full_discovery_fixed_200
TCGA_to_GEO,GSE26682,GSM656853,single_sample_rank,svm_rbf,0,0.6764825942214613,0.6096080653682118,full_discovery_fixed_200
TCGA_to_GEO,GSE26682,GSM656854,single_sample_rank,svm_rbf,1,0.6781038487781428,0.6096080653682118,full_discovery_fixed_200
TCGA_to_GEO,GSE26682,GSM656857,single_sample_rank,svm_rbf,0,0.6771464129884606,0.6096080653682118,full_discovery_fixed_200
TCGA_to_GEO,GSE26682,GSM656858,single_sample_rank,svm_rbf,0,0.6766020053412956,0.6096080653682118,full_discovery_fixed_200
TCGA_to_GEO,GSE26682,GSM656859,single_sample_rank,svm_rbf,0,0.6773183294700665,0.6096080653682118,full_discovery_fixed_200
TCGA_to_GEO,GSE26682,GSM656860,single_sample_rank,svm_rbf,0,0.6773184363924747,0.6096080653682118,full_discovery_fixed_200
TCGA_to_GEO,GSE26682,GSM656861,single_sample_rank,svm_rbf,0,0.6746001529522266,0.6096080653682118,full_discovery_fixed_200
TCGA_to_GEO,GSE26682,GSM656863,single_sample_rank,svm_rbf,0,0.6768016143835023,0.6096080653682118,full_discovery_fixed_200
TCGA_to_GEO,GSE26682,GSM656864,single_sample_rank,svm_rbf,1,0.6774451078167563,0.6096080653682118,full_discovery_fixed_200
TCGA_to_GEO,GSE26682,GSM656865,single_sample_rank,svm_rbf,1,0.6768514286467774,0.6096080653682118,full_discovery_fixed_200
TCGA_to_GEO,GSE26682,GSM656867,single_sample_rank,svm_rbf,0,0.6773012976464627,0.6096080653682118,full_discovery_fixed_200
TCGA_to_GEO,GSE26682,GSM656868,single_sample_rank,svm_rbf,0,0.6769647962550621,0.6096080653682118,full_discovery_fixed_200
TCGA_to_GEO,GSE26682,GSM656869,single_sample_rank,svm_rbf,0,0.6771695910818473,0.6096080653682118,full_discovery_fixed_200
TCGA_to_GEO,GSE26682,GSM656870,single_sample_rank,svm_rbf,0,0.6769745936713724,0.6096080653682118,full_discovery_fixed_200
TCGA_to_GEO,GSE39084,GSM955440,single_sample_rank,svm_rbf,0,0.6746777503015957,0.6096080653682118,full_discovery_fixed_200
TCGA_to_GEO,GSE39084,GSM955441,single_sample_rank,svm_rbf,0,0.6690561983340382,0.6096080653682118,full_discovery_fixed_200
TCGA_to_GEO,GSE39084,GSM955442,single_sample_rank,svm_rbf,0,0.6755746737858914,0.6096080653682118,full_discovery_fixed_200
TCGA_to_GEO,GSE39084,GSM955443,single_sample_rank,svm_rbf,0,0.6620866998234395,0.6096080653682118,full_discovery_fixed_200
TCGA_to_GEO,GSE39084,GSM955444,single_sample_rank,svm_rbf,0,0.6790387226703165,0.6096080653682118,full_discovery_fixed_200
TCGA_to_GEO,GSE39084,GSM955445,single_sample_rank,svm_rbf,0,0.6584831296047867,0.6096080653682118,full_discovery_fixed_200
TCGA_to_GEO,GSE39084,GSM955446,single_sample_rank,svm_rbf,0,0.6748756737333432,0.6096080653682118,full_discovery_fixed_200
TCGA_to_GEO,GSE39084,GSM955447,single_sample_rank,svm_rbf,1,0.6801624661019391,0.6096080653682118,full_discovery_fixed_200
TCGA_to_GEO,GSE39084,GSM955448,single_sample_rank,svm_rbf,1,0.6790014464199559,0.6096080653682118,full_discovery_fixed_200
TCGA_to_GEO,GSE39084,GSM955449,single_sample_rank,svm_rbf,0,0.6592228710520749,0.6096080653682118,full_discovery_fixed_200
TCGA_to_GEO,GSE39084,GSM955450,single_sample_rank,svm_rbf,0,0.6632650262348604,0.6096080653682118,full_discovery_fixed_200
TCGA_to_GEO,GSE39084,GSM955451,single_sample_rank,svm_rbf,0,0.6668157639519974,0.6096080653682118,full_discovery_fixed_200
TCGA_to_GEO,GSE39084,GSM955452,single_sample_rank,svm_rbf,0,0.6681544689017616,0.6096080653682118,full_discovery_fixed_200
TCGA_to_GEO,GSE39084,GSM955453,single_sample_rank,svm_rbf,0,0.6625650692387937,0.6096080653682118,full_discovery_fixed_200
TCGA_to_GEO,GSE39084,GSM955455,single_sample_rank,svm_rbf,0,0.6780468277482087,0.6096080653682118,full_discovery_fixed_200
TCGA_to_GEO,GSE39084,GSM955456,single_sample_rank,svm_rbf,0,0.6660474197727341,0.6096080653682118,full_discovery_fixed_200
TCGA_to_GEO,GSE39084,GSM955457,single_sample_rank,svm_rbf,0,0.6780870998258015,0.6096080653682118,full_discovery_fixed_200
TCGA_to_GEO,GSE39084,GSM955458,single_sample_rank,svm_rbf,1,0.6838125281983846,0.6096080653682118,full_discovery_fixed_200
TCGA_to_GEO,GSE39084,GSM955459,single_sample_rank,svm_rbf,1,0.6792946801491356,0.6096080653682118,full_discovery_fixed_200
TCGA_to_GEO,GSE39084,GSM955460,single_sample_rank,svm_rbf,1,0.6802936748084506,0.6096080653682118,full_discovery_fixed_200
TCGA_to_GEO,GSE39084,GSM955461,single_sample_rank,svm_rbf,1,0.6675282952584036,0.6096080653682118,full_discovery_fixed_200
TCGA_to_GEO,GSE39084,GSM955462,single_sample_rank,svm_rbf,0,0.6774667195581466,0.6096080653682118,full_discovery_fixed_200
TCGA_to_GEO,GSE39084,GSM955463,single_sample_rank,svm_rbf,0,0.6739259995012585,0.6096080653682118,full_discovery_fixed_200
TCGA_to_GEO,GSE39084,GSM955464,single_sample_rank,svm_rbf,0,0.6652745373014445,0.6096080653682118,full_discovery_fixed_200
TCGA_to_GEO,GSE39084,GSM955466,single_sample_rank,svm_rbf,1,0.6795226481159025,0.6096080653682118,full_discovery_fixed_200
TCGA_to_GEO,GSE39084,GSM955467,single_sample_rank,svm_rbf,1,0.6801658862027816,0.6096080653682118,full_discovery_fixed_200
TCGA_to_GEO,GSE39084,GSM955468,single_sample_rank,svm_rbf,1,0.6800502321810956,0.6096080653682118,full_discovery_fixed_200
TCGA_to_GEO,GSE39084,GSM955469,single_sample_rank,svm_rbf,1,0.6807764246961323,0.6096080653682118,full_discovery_fixed_200
TCGA_to_GEO,GSE39084,GSM955470,single_sample_rank,svm_rbf,1,0.6832216240336045,0.6096080653682118,full_discovery_fixed_200
TCGA_to_GEO,GSE39084,GSM955471,single_sample_rank,svm_rbf,1,0.6858873589770279,0.6096080653682118,full_discovery_fixed_200
TCGA_to_GEO,GSE39084,GSM955472,single_sample_rank,svm_rbf,1,0.6848685747369274,0.6096080653682118,full_discovery_fixed_200
TCGA_to_GEO,GSE39084,GSM955473,single_sample_rank,svm_rbf,1,0.6799930498572068,0.6096080653682118,full_discovery_fixed_200
TCGA_to_GEO,GSE39084,GSM955474,single_sample_rank,svm_rbf,0,0.6757724688593015,0.6096080653682118,full_discovery_fixed_200
TCGA_to_GEO,GSE39084,GSM955475,single_sample_rank,svm_rbf,0,0.67300343504348,0.6096080653682118,full_discovery_fixed_200
TCGA_to_GEO,GSE39084,GSM955476,single_sample_rank,svm_rbf,0,0.6769068911599676,0.6096080653682118,full_discovery_fixed_200
TCGA_to_GEO,GSE39084,GSM955477,single_sample_rank,svm_rbf,0,0.6785234568057323,0.6096080653682118,full_discovery_fixed_200
TCGA_to_GEO,GSE39084,GSM955478,single_sample_rank,svm_rbf,0,0.6764502037876877,0.6096080653682118,full_discovery_fixed_200
TCGA_to_GEO,GSE39084,GSM955479,single_sample_rank,svm_rbf,0,0.676194414882221,0.6096080653682118,full_discovery_fixed_200
TCGA_to_GEO,GSE39084,GSM955480,single_sample_rank,svm_rbf,0,0.6722625978060258,0.6096080653682118,full_discovery_fixed_200
TCGA_to_GEO,GSE39084,GSM955482,single_sample_rank,svm_rbf,0,0.6627208732061589,0.6096080653682118,full_discovery_fixed_200
TCGA_to_GEO,GSE39084,GSM955483,single_sample_rank,svm_rbf,0,0.6771865136382053,0.6096080653682118,full_discovery_fixed_200
TCGA_to_GEO,GSE39084,GSM955484,single_sample_rank,svm_rbf,0,0.6721307466043035,0.6096080653682118,full_discovery_fixed_200
TCGA_to_GEO,GSE39084,GSM955485,single_sample_rank,svm_rbf,0,0.6766599402828235,0.6096080653682118,full_discovery_fixed_200
TCGA_to_GEO,GSE39084,GSM955486,single_sample_rank,svm_rbf,0,0.6691355559028508,0.6096080653682118,full_discovery_fixed_200
TCGA_to_GEO,GSE39084,GSM955487,single_sample_rank,svm_rbf,0,0.6791081812746386,0.6096080653682118,full_discovery_fixed_200
TCGA_to_GEO,GSE39084,GSM955488,single_sample_rank,svm_rbf,0,0.678702249278881,0.6096080653682118,full_discovery_fixed_200
TCGA_to_GEO,GSE39084,GSM955489,single_sample_rank,svm_rbf,0,0.6702792795760811,0.6096080653682118,full_discovery_fixed_200
TCGA_to_GEO,GSE39084,GSM955490,single_sample_rank,svm_rbf,0,0.6672357603592973,0.6096080653682118,full_discovery_fixed_200
TCGA_to_GEO,GSE39084,GSM955491,single_sample_rank,svm_rbf,0,0.6708426537743007,0.6096080653682118,full_discovery_fixed_200
TCGA_to_GEO,GSE39084,GSM955492,single_sample_rank,svm_rbf,0,0.6644527393386281,0.6096080653682118,full_discovery_fixed_200
TCGA_to_GEO,GSE39084,GSM955493,single_sample_rank,svm_rbf,0,0.6661944264523947,0.6096080653682118,full_discovery_fixed_200
TCGA_to_GEO,GSE39084,GSM955494,single_sample_rank,svm_rbf,0,0.6773163785722631,0.6096080653682118,full_discovery_fixed_200
TCGA_to_GEO,GSE39084,GSM955495,single_sample_rank,svm_rbf,0,0.6709755832297126,0.6096080653682118,full_discovery_fixed_200
TCGA_to_GEO,GSE39084,GSM955496,single_sample_rank,svm_rbf,0,0.6664070706592076,0.6096080653682118,full_discovery_fixed_200
TCGA_to_GEO,GSE39084,GSM955497,single_sample_rank,svm_rbf,0,0.6743145671768926,0.6096080653682118,full_discovery_fixed_200
TCGA_to_GEO,GSE39084,GSM955498,single_sample_rank,svm_rbf,0,0.6731043069611994,0.6096080653682118,full_discovery_fixed_200
TCGA_to_GEO,GSE39084,GSM955499,single_sample_rank,svm_rbf,0,0.677973665505481,0.6096080653682118,full_discovery_fixed_200
TCGA_to_GEO,GSE39084,GSM955500,single_sample_rank,svm_rbf,0,0.6777331021189928,0.6096080653682118,full_discovery_fixed_200
TCGA_to_GEO,GSE39084,GSM955501,single_sample_rank,svm_rbf,0,0.6734643862201143,0.6096080653682118,full_discovery_fixed_200
TCGA_to_GEO,GSE39084,GSM955502,single_sample_rank,svm_rbf,0,0.6745587138590243,0.6096080653682118,full_discovery_fixed_200
TCGA_to_GEO,GSE39084,GSM955503,single_sample_rank,svm_rbf,0,0.6759294727209605,0.6096080653682118,full_discovery_fixed_200
TCGA_to_GEO,GSE39084,GSM955504,single_sample_rank,svm_rbf,0,0.6782552385774512,0.6096080653682118,full_discovery_fixed_200
TCGA_to_GEO,GSE39084,GSM955505,single_sample_rank,svm_rbf,0,0.6695470170421279,0.6096080653682118,full_discovery_fixed_200
TCGA_to_GEO,GSE39084,GSM955506,single_sample_rank,svm_rbf,0,0.6694523605428344,0.6096080653682118,full_discovery_fixed_200
TCGA_to_GEO,GSE39084,GSM955507,single_sample_rank,svm_rbf,0,0.6618351026271896,0.6096080653682118,full_discovery_fixed_200
TCGA_to_GEO,GSE39084,GSM955508,single_sample_rank,svm_rbf,1,0.6827029994345658,0.6096080653682118,full_discovery_fixed_200
TCGA_to_GEO,GSE39084,GSM955509,single_sample_rank,svm_rbf,1,0.6789681126295033,0.6096080653682118,full_discovery_fixed_200
discovery_nested_oof,TCGA_COAD,TCGA-A6-2671-01A,single_sample_rank,xgboost,0,0.1238490641117096,0.302778035402298,outer_fold_nested_fixed_200
discovery_nested_oof,TCGA_COAD,TCGA-A6-2672-01A,single_sample_rank,xgboost,1,0.9636513590812683,0.302778035402298,outer_fold_nested_fixed_200
discovery_nested_oof,TCGA_COAD,TCGA-A6-2674-01A,single_sample_rank,xgboost,0,0.3359977900981903,0.302778035402298,outer_fold_nested_fixed_200
discovery_nested_oof,TCGA_COAD,TCGA-A6-2676-01A,single_sample_rank,xgboost,1,0.9632641673088074,0.302778035402298,outer_fold_nested_fixed_200
discovery_nested_oof,TCGA_COAD,TCGA-A6-2677-01A,single_sample_rank,xgboost,0,0.05580886825919151,0.302778035402298,outer_fold_nested_fixed_200
discovery_nested_oof,TCGA_COAD,TCGA-A6-2678-01A,single_sample_rank,xgboost,0,0.04115206003189087,0.302778035402298,outer_fold_nested_fixed_200
discovery_nested_oof,TCGA_COAD,TCGA-A6-2679-01A,single_sample_rank,xgboost,0,0.09462808072566986,0.302778035402298,outer_fold_nested_fixed_200
discovery_nested_oof,TCGA_COAD,TCGA-A6-2680-01A,single_sample_rank,xgboost,0,0.02402620017528534,0.302778035402298,outer_fold_nested_fixed_200
discovery_nested_oof,TCGA_COAD,TCGA-A6-2681-01A,single_sample_rank,xgboost,0,0.02464889921247959,0.302778035402298,outer_fold_nested_fixed_200
discovery_nested_oof,TCGA_COAD,TCGA-A6-2682-01A,single_sample_rank,xgboost,0,0.027677658945322037,0.302778035402298,outer_fold_nested_fixed_200
discovery_nested_oof,TCGA_COAD,TCGA-A6-2685-01A,single_sample_rank,xgboost,0,0.05281051620841026,0.302778035402298,outer_fold_nested_fixed_200
discovery_nested_oof,TCGA_COAD,TCGA-A6-2686-01A,single_sample_rank,xgboost,1,0.302778035402298,0.302778035402298,outer_fold_nested_fixed_200
discovery_nested_oof,TCGA_COAD,TCGA-A6-3807-01A,single_sample_rank,xgboost,0,0.030001820996403694,0.302778035402298,outer_fold_nested_fixed_200
discovery_nested_oof,TCGA_COAD,TCGA-A6-3809-01A,single_sample_rank,xgboost,1,0.9526730179786682,0.302778035402298,outer_fold_nested_fixed_200
discovery_nested_oof,TCGA_COAD,TCGA-A6-3810-01A,single_sample_rank,xgboost,0,0.13864505290985107,0.302778035402298,outer_fold_nested_fixed_200
discovery_nested_oof,TCGA_COAD,TCGA-A6-4107-01A,single_sample_rank,xgboost,0,0.03320251405239105,0.302778035402298,outer_fold_nested_fixed_200
discovery_nested_oof,TCGA_COAD,TCGA-AA-3488-01A,single_sample_rank,xgboost,0,0.027822643518447876,0.302778035402298,outer_fold_nested_fixed_200
discovery_nested_oof,TCGA_COAD,TCGA-AA-3492-01A,single_sample_rank,xgboost,1,0.18438778817653656,0.302778035402298,outer_fold_nested_fixed_200
discovery_nested_oof,TCGA_COAD,TCGA-AA-3494-01A,single_sample_rank,xgboost,0,0.028631681576371193,0.302778035402298,outer_fold_nested_fixed_200
discovery_nested_oof,TCGA_COAD,TCGA-AA-3495-01A,single_sample_rank,xgboost,0,0.029194524511694908,0.302778035402298,outer_fold_nested_fixed_200
discovery_nested_oof,TCGA_COAD,TCGA-AA-3506-01A,single_sample_rank,xgboost,0,0.033406663686037064,0.302778035402298,outer_fold_nested_fixed_200
discovery_nested_oof,TCGA_COAD,TCGA-AA-3509-01A,single_sample_rank,xgboost,0,0.02687910757958889,0.302778035402298,outer_fold_nested_fixed_200
discovery_nested_oof,TCGA_COAD,TCGA-AA-3510-01A,single_sample_rank,xgboost,0,0.6028575301170349,0.302778035402298,outer_fold_nested_fixed_200
discovery_nested_oof,TCGA_COAD,TCGA-AA-3514-01A,single_sample_rank,xgboost,0,0.24566146731376648,0.302778035402298,outer_fold_nested_fixed_200
discovery_nested_oof,TCGA_COAD,TCGA-AA-3516-01A,single_sample_rank,xgboost,1,0.935736894607544,0.302778035402298,outer_fold_nested_fixed_200
discovery_nested_oof,TCGA_COAD,TCGA-AA-3518-01A,single_sample_rank,xgboost,1,0.9728109240531921,0.302778035402298,outer_fold_nested_fixed_200
discovery_nested_oof,TCGA_COAD,TCGA-AA-3519-01A,single_sample_rank,xgboost,0,0.025344524532556534,0.302778035402298,outer_fold_nested_fixed_200
discovery_nested_oof,TCGA_COAD,TCGA-AA-3521-01A,single_sample_rank,xgboost,0,0.05319646745920181,0.302778035402298,outer_fold_nested_fixed_200
discovery_nested_oof,TCGA_COAD,TCGA-AA-3522-01A,single_sample_rank,xgboost,0,0.05213722959160805,0.302778035402298,outer_fold_nested_fixed_200
discovery_nested_oof,TCGA_COAD,TCGA-AA-3524-01A,single_sample_rank,xgboost,0,0.08644282817840576,0.302778035402298,outer_fold_nested_fixed_200
discovery_nested_oof,TCGA_COAD,TCGA-AA-3525-01A,single_sample_rank,xgboost,1,0.941741943359375,0.302778035402298,outer_fold_nested_fixed_200
discovery_nested_oof,TCGA_COAD,TCGA-AA-3527-01A,single_sample_rank,xgboost,0,0.08581732958555222,0.302778035402298,outer_fold_nested_fixed_200
discovery_nested_oof,TCGA_COAD,TCGA-AA-3530-01A,single_sample_rank,xgboost,0,0.0458529107272625,0.302778035402298,outer_fold_nested_fixed_200
discovery_nested_oof,TCGA_COAD,TCGA-AA-3532-01A,single_sample_rank,xgboost,0,0.028517626225948334,0.302778035402298,outer_fold_nested_fixed_200
discovery_nested_oof,TCGA_COAD,TCGA-AA-3534-01A,single_sample_rank,xgboost,0,0.048706091940402985,0.302778035402298,outer_fold_nested_fixed_200
discovery_nested_oof,TCGA_COAD,TCGA-AA-3538-01A,single_sample_rank,xgboost,0,0.02464889921247959,0.302778035402298,outer_fold_nested_fixed_200
discovery_nested_oof,TCGA_COAD,TCGA-AA-3542-01A,single_sample_rank,xgboost,0,0.14376665651798248,0.302778035402298,outer_fold_nested_fixed_200
discovery_nested_oof,TCGA_COAD,TCGA-AA-3543-01A,single_sample_rank,xgboost,1,0.9251602292060852,0.302778035402298,outer_fold_nested_fixed_200
discovery_nested_oof,TCGA_COAD,TCGA-AA-3544-01A,single_sample_rank,xgboost,0,0.060844775289297104,0.302778035402298,outer_fold_nested_fixed_200
discovery_nested_oof,TCGA_COAD,TCGA-AA-3548-01A,single_sample_rank,xgboost,0,0.023609042167663574,0.302778035402298,outer_fold_nested_fixed_200
discovery_nested_oof,TCGA_COAD,TCGA-AA-3549-01A,single_sample_rank,xgboost,0,0.10202769190073013,0.302778035402298,outer_fold_nested_fixed_200
discovery_nested_oof,TCGA_COAD,TCGA-AA-3552-01A,single_sample_rank,xgboost,0,0.027092168107628822,0.302778035402298,outer_fold_nested_fixed_200
discovery_nested_oof,TCGA_COAD,TCGA-AA-3554-01A,single_sample_rank,xgboost,1,0.8714303374290466,0.302778035402298,outer_fold_nested_fixed_200
discovery_nested_oof,TCGA_COAD,TCGA-AA-3555-01A,single_sample_rank,xgboost,0,0.5537402629852295,0.302778035402298,outer_fold_nested_fixed_200
discovery_nested_oof,TCGA_COAD,TCGA-AA-3556-01A,single_sample_rank,xgboost,0,0.14737914502620697,0.302778035402298,outer_fold_nested_fixed_200
discovery_nested_oof,TCGA_COAD,TCGA-AA-3560-01A,single_sample_rank,xgboost,0,0.042702775448560715,0.302778035402298,outer_fold_nested_fixed_200
discovery_nested_oof,TCGA_COAD,TCGA-AA-3561-01A,single_sample_rank,xgboost,0,0.05343171954154968,0.302778035402298,outer_fold_nested_fixed_200
discovery_nested_oof,TCGA_COAD,TCGA-AA-3562-01A,single_sample_rank,xgboost,0,0.024853399023413658,0.302778035402298,outer_fold_nested_fixed_200
discovery_nested_oof,TCGA_COAD,TCGA-AA-3664-01A,single_sample_rank,xgboost,0,0.1601894646883011,0.302778035402298,outer_fold_nested_fixed_200
discovery_nested_oof,TCGA_COAD,TCGA-AA-3666-01A,single_sample_rank,xgboost,0,0.06479164958000183,0.302778035402298,outer_fold_nested_fixed_200
discovery_nested_oof,TCGA_COAD,TCGA-AA-3672-01A,single_sample_rank,xgboost,1,0.6299000978469849,0.302778035402298,outer_fold_nested_fixed_200
discovery_nested_oof,TCGA_COAD,TCGA-AA-3673-01A,single_sample_rank,xgboost,0,0.028352471068501472,0.302778035402298,outer_fold_nested_fixed_200
discovery_nested_oof,TCGA_COAD,TCGA-AA-3675-01A,single_sample_rank,xgboost,0,0.05061822757124901,0.302778035402298,outer_fold_nested_fixed_200
discovery_nested_oof,TCGA_COAD,TCGA-AA-3678-01A,single_sample_rank,xgboost,0,0.02644473686814308,0.302778035402298,outer_fold_nested_fixed_200
discovery_nested_oof,TCGA_COAD,TCGA-AA-3679-01A,single_sample_rank,xgboost,0,0.032752830535173416,0.302778035402298,outer_fold_nested_fixed_200
discovery_nested_oof,TCGA_COAD,TCGA-AA-3681-01A,single_sample_rank,xgboost,0,0.08674333989620209,0.302778035402298,outer_fold_nested_fixed_200
discovery_nested_oof,TCGA_COAD,TCGA-AA-3684-01A,single_sample_rank,xgboost,0,0.0782073587179184,0.302778035402298,outer_fold_nested_fixed_200
discovery_nested_oof,TCGA_COAD,TCGA-AA-3685-01A,single_sample_rank,xgboost,0,0.03526701033115387,0.302778035402298,outer_fold_nested_fixed_200
discovery_nested_oof,TCGA_COAD,TCGA-AA-3693-01A,single_sample_rank,xgboost,0,0.029496969655156136,0.302778035402298,outer_fold_nested_fixed_200
discovery_nested_oof,TCGA_COAD,TCGA-AA-3695-01A,single_sample_rank,xgboost,0,0.19531849026679993,0.302778035402298,outer_fold_nested_fixed_200
discovery_nested_oof,TCGA_COAD,TCGA-AA-3696-01A,single_sample_rank,xgboost,0,0.026300573721528053,0.302778035402298,outer_fold_nested_fixed_200
discovery_nested_oof,TCGA_COAD,TCGA-AA-3710-01A,single_sample_rank,xgboost,1,0.9096111059188843,0.302778035402298,outer_fold_nested_fixed_200
discovery_nested_oof,TCGA_COAD,TCGA-AA-3715-01A,single_sample_rank,xgboost,1,0.9648107886314392,0.302778035402298,outer_fold_nested_fixed_200
discovery_nested_oof,TCGA_COAD,TCGA-AA-3811-01A,single_sample_rank,xgboost,1,0.2019606977701187,0.302778035402298,outer_fold_nested_fixed_200
discovery_nested_oof,TCGA_COAD,TCGA-AA-3812-01A,single_sample_rank,xgboost,0,0.12675614655017853,0.302778035402298,outer_fold_nested_fixed_200
discovery_nested_oof,TCGA_COAD,TCGA-AA-3814-01A,single_sample_rank,xgboost,0,0.03022342547774315,0.302778035402298,outer_fold_nested_fixed_200
discovery_nested_oof,TCGA_COAD,TCGA-AA-3815-01A,single_sample_rank,xgboost,1,0.897485613822937,0.302778035402298,outer_fold_nested_fixed_200
discovery_nested_oof,TCGA_COAD,TCGA-AA-3818-01A,single_sample_rank,xgboost,0,0.1289728432893753,0.302778035402298,outer_fold_nested_fixed_200
discovery_nested_oof,TCGA_COAD,TCGA-AA-3821-01A,single_sample_rank,xgboost,1,0.8674278259277344,0.302778035402298,outer_fold_nested_fixed_200
discovery_nested_oof,TCGA_COAD,TCGA-AA-3831-01A,single_sample_rank,xgboost,0,0.05425555258989334,0.302778035402298,outer_fold_nested_fixed_200
discovery_nested_oof,TCGA_COAD,TCGA-AA-3833-01A,single_sample_rank,xgboost,1,0.6738094687461853,0.302778035402298,outer_fold_nested_fixed_200
discovery_nested_oof,TCGA_COAD,TCGA-AA-3837-01A,single_sample_rank,xgboost,0,0.027494510635733604,0.302778035402298,outer_fold_nested_fixed_200
discovery_nested_oof,TCGA_COAD,TCGA-AA-3841-01A,single_sample_rank,xgboost,0,0.24805226922035217,0.302778035402298,outer_fold_nested_fixed_200
discovery_nested_oof,TCGA_COAD,TCGA-AA-3842-01A,single_sample_rank,xgboost,0,0.2985946536064148,0.302778035402298,outer_fold_nested_fixed_200
discovery_nested_oof,TCGA_COAD,TCGA-AA-3844-01A,single_sample_rank,xgboost,0,0.046054985374212265,0.302778035402298,outer_fold_nested_fixed_200
discovery_nested_oof,TCGA_COAD,TCGA-AA-3845-01A,single_sample_rank,xgboost,1,0.908840000629425,0.302778035402298,outer_fold_nested_fixed_200
discovery_nested_oof,TCGA_COAD,TCGA-AA-3846-01A,single_sample_rank,xgboost,0,0.044082242995500565,0.302778035402298,outer_fold_nested_fixed_200
discovery_nested_oof,TCGA_COAD,TCGA-AA-3848-01A,single_sample_rank,xgboost,0,0.10240118205547333,0.302778035402298,outer_fold_nested_fixed_200
discovery_nested_oof,TCGA_COAD,TCGA-AA-3850-01A,single_sample_rank,xgboost,0,0.02729971334338188,0.302778035402298,outer_fold_nested_fixed_200
discovery_nested_oof,TCGA_COAD,TCGA-AA-3851-01A,single_sample_rank,xgboost,0,0.06306175142526627,0.302778035402298,outer_fold_nested_fixed_200
discovery_nested_oof,TCGA_COAD,TCGA-AA-3856-01A,single_sample_rank,xgboost,0,0.03682643920183182,0.302778035402298,outer_fold_nested_fixed_200
discovery_nested_oof,TCGA_COAD,TCGA-AA-3858-01A,single_sample_rank,xgboost,0,0.0312418881803751,0.302778035402298,outer_fold_nested_fixed_200
discovery_nested_oof,TCGA_COAD,TCGA-AA-3860-01A,single_sample_rank,xgboost,0,0.06500951200723648,0.302778035402298,outer_fold_nested_fixed_200
discovery_nested_oof,TCGA_COAD,TCGA-AA-3862-01A,single_sample_rank,xgboost,0,0.14157667756080627,0.302778035402298,outer_fold_nested_fixed_200
discovery_nested_oof,TCGA_COAD,TCGA-AA-3864-01A,single_sample_rank,xgboost,1,0.7896877527236938,0.302778035402298,outer_fold_nested_fixed_200
discovery_nested_oof,TCGA_COAD,TCGA-AA-3867-01A,single_sample_rank,xgboost,0,0.03461539000272751,0.302778035402298,outer_fold_nested_fixed_200
discovery_nested_oof,TCGA_COAD,TCGA-AA-3869-01A,single_sample_rank,xgboost,0,0.04271630942821503,0.302778035402298,outer_fold_nested_fixed_200
discovery_nested_oof,TCGA_COAD,TCGA-AA-3870-01A,single_sample_rank,xgboost,0,0.22107701003551483,0.302778035402298,outer_fold_nested_fixed_200
discovery_nested_oof,TCGA_COAD,TCGA-AA-3872-01A,single_sample_rank,xgboost,0,0.07814548164606094,0.302778035402298,outer_fold_nested_fixed_200
discovery_nested_oof,TCGA_COAD,TCGA-AA-3875-01A,single_sample_rank,xgboost,0,0.025941364467144012,0.302778035402298,outer_fold_nested_fixed_200
discovery_nested_oof,TCGA_COAD,TCGA-AA-3877-01A,single_sample_rank,xgboost,1,0.8822851777076721,0.302778035402298,outer_fold_nested_fixed_200
discovery_nested_oof,TCGA_COAD,TCGA-AA-3939-01A,single_sample_rank,xgboost,0,0.05089293792843819,0.302778035402298,outer_fold_nested_fixed_200
discovery_nested_oof,TCGA_COAD,TCGA-AA-3947-01A,single_sample_rank,xgboost,1,0.5493559241294861,0.302778035402298,outer_fold_nested_fixed_200
discovery_nested_oof,TCGA_COAD,TCGA-AA-3949-01A,single_sample_rank,xgboost,1,0.9425687193870544,0.302778035402298,outer_fold_nested_fixed_200
discovery_nested_oof,TCGA_COAD,TCGA-AA-3950-01A,single_sample_rank,xgboost,1,0.9277283549308777,0.302778035402298,outer_fold_nested_fixed_200
discovery_nested_oof,TCGA_COAD,TCGA-AA-3952-01A,single_sample_rank,xgboost,0,0.04081707075238228,0.302778035402298,outer_fold_nested_fixed_200
discovery_nested_oof,TCGA_COAD,TCGA-AA-3955-01A,single_sample_rank,xgboost,0,0.026406075805425644,0.302778035402298,outer_fold_nested_fixed_200
discovery_nested_oof,TCGA_COAD,TCGA-AA-3956-01A,single_sample_rank,xgboost,0,0.03567036613821983,0.302778035402298,outer_fold_nested_fixed_200
discovery_nested_oof,TCGA_COAD,TCGA-AA-3966-01A,single_sample_rank,xgboost,1,0.8650704622268677,0.302778035402298,outer_fold_nested_fixed_200
discovery_nested_oof,TCGA_COAD,TCGA-AA-3968-01A,single_sample_rank,xgboost,0,0.024853399023413658,0.302778035402298,outer_fold_nested_fixed_200
discovery_nested_oof,TCGA_COAD,TCGA-AA-3970-01A,single_sample_rank,xgboost,0,0.035101935267448425,0.302778035402298,outer_fold_nested_fixed_200
discovery_nested_oof,TCGA_COAD,TCGA-AA-3971-01A,single_sample_rank,xgboost,0,0.03732241317629814,0.302778035402298,outer_fold_nested_fixed_200
discovery_nested_oof,TCGA_COAD,TCGA-AA-3975-01A,single_sample_rank,xgboost,0,0.026141436770558357,0.302778035402298,outer_fold_nested_fixed_200
discovery_nested_oof,TCGA_COAD,TCGA-AA-3976-01A,single_sample_rank,xgboost,0,0.028260167688131332,0.302778035402298,outer_fold_nested_fixed_200
discovery_nested_oof,TCGA_COAD,TCGA-AA-3977-01A,single_sample_rank,xgboost,0,0.7388638257980347,0.302778035402298,outer_fold_nested_fixed_200
discovery_nested_oof,TCGA_COAD,TCGA-AA-3979-01A,single_sample_rank,xgboost,0,0.06256065517663956,0.302778035402298,outer_fold_nested_fixed_200
discovery_nested_oof,TCGA_COAD,TCGA-AA-3980-01A,single_sample_rank,xgboost,0,0.2998308539390564,0.302778035402298,outer_fold_nested_fixed_200
discovery_nested_oof,TCGA_COAD,TCGA-AA-3984-01A,single_sample_rank,xgboost,0,0.06964459270238876,0.302778035402298,outer_fold_nested_fixed_200
discovery_nested_oof,TCGA_COAD,TCGA-AA-3986-01A,single_sample_rank,xgboost,0,0.039881862699985504,0.302778035402298,outer_fold_nested_fixed_200
discovery_nested_oof,TCGA_COAD,TCGA-AA-3989-01A,single_sample_rank,xgboost,0,0.02725677192211151,0.302778035402298,outer_fold_nested_fixed_200
discovery_nested_oof,TCGA_COAD,TCGA-AA-3994-01A,single_sample_rank,xgboost,0,0.11453864723443985,0.302778035402298,outer_fold_nested_fixed_200
discovery_nested_oof,TCGA_COAD,TCGA-AA-A00A-01A,single_sample_rank,xgboost,1,0.3209121823310852,0.302778035402298,outer_fold_nested_fixed_200
discovery_nested_oof,TCGA_COAD,TCGA-AA-A00D-01A,single_sample_rank,xgboost,0,0.05268267169594765,0.302778035402298,outer_fold_nested_fixed_200
discovery_nested_oof,TCGA_COAD,TCGA-AA-A00E-01A,single_sample_rank,xgboost,1,0.9355868101119995,0.302778035402298,outer_fold_nested_fixed_200
discovery_nested_oof,TCGA_COAD,TCGA-AA-A00F-01A,single_sample_rank,xgboost,0,0.02464889921247959,0.302778035402298,outer_fold_nested_fixed_200
discovery_nested_oof,TCGA_COAD,TCGA-AA-A00J-01A,single_sample_rank,xgboost,1,0.855284571647644,0.302778035402298,outer_fold_nested_fixed_200
discovery_nested_oof,TCGA_COAD,TCGA-AA-A00L-01A,single_sample_rank,xgboost,0,0.0910918116569519,0.302778035402298,outer_fold_nested_fixed_200
discovery_nested_oof,TCGA_COAD,TCGA-AA-A00Q-01A,single_sample_rank,xgboost,0,0.02932983823120594,0.302778035402298,outer_fold_nested_fixed_200
discovery_nested_oof,TCGA_COAD,TCGA-AA-A00R-01A,single_sample_rank,xgboost,1,0.9607986211776733,0.302778035402298,outer_fold_nested_fixed_200
discovery_nested_oof,TCGA_COAD,TCGA-AA-A00U-01A,single_sample_rank,xgboost,0,0.023314915597438812,0.302778035402298,outer_fold_nested_fixed_200
discovery_nested_oof,TCGA_COAD,TCGA-AA-A00W-01A,single_sample_rank,xgboost,0,0.03687923774123192,0.302778035402298,outer_fold_nested_fixed_200
discovery_nested_oof,TCGA_COAD,TCGA-AA-A00Z-01A,single_sample_rank,xgboost,0,0.030864475294947624,0.302778035402298,outer_fold_nested_fixed_200
discovery_nested_oof,TCGA_COAD,TCGA-AA-A017-01A,single_sample_rank,xgboost,0,0.02978033944964409,0.302778035402298,outer_fold_nested_fixed_200
discovery_nested_oof,TCGA_COAD,TCGA-AA-A01C-01A,single_sample_rank,xgboost,0,0.02314067631959915,0.302778035402298,outer_fold_nested_fixed_200
discovery_nested_oof,TCGA_COAD,TCGA-AA-A01D-01A,single_sample_rank,xgboost,0,0.08162087202072144,0.302778035402298,outer_fold_nested_fixed_200
discovery_nested_oof,TCGA_COAD,TCGA-AA-A01F-01A,single_sample_rank,xgboost,0,0.040472954511642456,0.302778035402298,outer_fold_nested_fixed_200
discovery_nested_oof,TCGA_COAD,TCGA-AA-A01I-01A,single_sample_rank,xgboost,0,0.22319985926151276,0.302778035402298,outer_fold_nested_fixed_200
discovery_nested_oof,TCGA_COAD,TCGA-AA-A01K-01A,single_sample_rank,xgboost,0,0.07287955284118652,0.302778035402298,outer_fold_nested_fixed_200
discovery_nested_oof,TCGA_COAD,TCGA-AA-A01P-01A,single_sample_rank,xgboost,1,0.8622812032699585,0.302778035402298,outer_fold_nested_fixed_200
discovery_nested_oof,TCGA_COAD,TCGA-AA-A01Q-01A,single_sample_rank,xgboost,1,0.9467260241508484,0.302778035402298,outer_fold_nested_fixed_200
discovery_nested_oof,TCGA_COAD,TCGA-AA-A01R-01A,single_sample_rank,xgboost,1,0.49356505274772644,0.302778035402298,outer_fold_nested_fixed_200
discovery_nested_oof,TCGA_COAD,TCGA-AA-A01T-01A,single_sample_rank,xgboost,0,0.09665834158658981,0.302778035402298,outer_fold_nested_fixed_200
discovery_nested_oof,TCGA_COAD,TCGA-AA-A01V-01A,single_sample_rank,xgboost,0,0.2481195330619812,0.302778035402298,outer_fold_nested_fixed_200
discovery_nested_oof,TCGA_COAD,TCGA-AA-A01X-01A,single_sample_rank,xgboost,0,0.031136486679315567,0.302778035402298,outer_fold_nested_fixed_200
discovery_nested_oof,TCGA_COAD,TCGA-AA-A01Z-01A,single_sample_rank,xgboost,0,0.05633610486984253,0.302778035402298,outer_fold_nested_fixed_200
discovery_nested_oof,TCGA_COAD,TCGA-AA-A022-01A,single_sample_rank,xgboost,1,0.9631896018981934,0.302778035402298,outer_fold_nested_fixed_200
discovery_nested_oof,TCGA_COAD,TCGA-AA-A02F-01A,single_sample_rank,xgboost,0,0.0376918688416481,0.302778035402298,outer_fold_nested_fixed_200
discovery_nested_oof,TCGA_COAD,TCGA-AA-A02H-01A,single_sample_rank,xgboost,0,0.03126559033989906,0.302778035402298,outer_fold_nested_fixed_200
discovery_nested_oof,TCGA_COAD,TCGA-AA-A02J-01A,single_sample_rank,xgboost,0,0.03126559033989906,0.302778035402298,outer_fold_nested_fixed_200
discovery_nested_oof,TCGA_COAD,TCGA-AA-A02K-01A,single_sample_rank,xgboost,0,0.02477172017097473,0.302778035402298,outer_fold_nested_fixed_200
discovery_nested_oof,TCGA_COAD,TCGA-AA-A02O-01A,single_sample_rank,xgboost,0,0.17070047557353973,0.302778035402298,outer_fold_nested_fixed_200
discovery_nested_oof,TCGA_COAD,TCGA-AA-A02R-01A,single_sample_rank,xgboost,1,0.9607032537460327,0.302778035402298,outer_fold_nested_fixed_200
discovery_nested_oof,TCGA_COAD,TCGA-AA-A02Y-01A,single_sample_rank,xgboost,0,0.06784354150295258,0.302778035402298,outer_fold_nested_fixed_200
discovery_nested_oof,TCGA_COAD,TCGA-AA-A03F-01A,single_sample_rank,xgboost,0,0.1265009343624115,0.302778035402298,outer_fold_nested_fixed_200
discovery_nested_oof,TCGA_COAD,TCGA-AA-A03J-01A,single_sample_rank,xgboost,0,0.09278655052185059,0.302778035402298,outer_fold_nested_fixed_200
discovery_nested_oof,TCGA_COAD,TCGA-AY-4070-01A,single_sample_rank,xgboost,0,0.28908684849739075,0.302778035402298,outer_fold_nested_fixed_200
discovery_nested_oof,TCGA_COAD,TCGA-AY-4071-01A,single_sample_rank,xgboost,0,0.03645091876387596,0.302778035402298,outer_fold_nested_fixed_200
discovery_nested_oof,TCGA_COAD,TCGA-AZ-4308-01A,single_sample_rank,xgboost,0,0.09022065997123718,0.302778035402298,outer_fold_nested_fixed_200
discovery_nested_oof,TCGA_COAD,TCGA-AZ-4313-01A,single_sample_rank,xgboost,1,0.3622015118598938,0.302778035402298,outer_fold_nested_fixed_200
discovery_nested_oof,TCGA_COAD,TCGA-AZ-4315-01A,single_sample_rank,xgboost,0,0.22190889716148376,0.302778035402298,outer_fold_nested_fixed_200
discovery_nested_oof,TCGA_COAD,TCGA-AZ-4615-01A,single_sample_rank,xgboost,1,0.8860002756118774,0.302778035402298,outer_fold_nested_fixed_200
discovery_nested_oof,TCGA_COAD,TCGA-AZ-4681-01A,single_sample_rank,xgboost,0,0.031193507835268974,0.302778035402298,outer_fold_nested_fixed_200
discovery_nested_oof,TCGA_COAD,TCGA-AZ-4682-01B,single_sample_rank,xgboost,0,0.03640376031398773,0.302778035402298,outer_fold_nested_fixed_200
discovery_nested_oof,TCGA_COAD,TCGA-CA-5256-01A,single_sample_rank,xgboost,0,0.02697107568383217,0.302778035402298,outer_fold_nested_fixed_200
discovery_nested_oof,TCGA_COAD,TCGA-CK-4951-01A,single_sample_rank,xgboost,1,0.7542598247528076,0.302778035402298,outer_fold_nested_fixed_200
discovery_nested_oof,TCGA_COAD,TCGA-CM-4744-01A,single_sample_rank,xgboost,0,0.061995383352041245,0.302778035402298,outer_fold_nested_fixed_200
discovery_nested_oof,TCGA_COAD,TCGA-CM-4746-01A,single_sample_rank,xgboost,1,0.1394903063774109,0.302778035402298,outer_fold_nested_fixed_200
discovery_nested_oof,TCGA_COAD,TCGA-CM-4748-01A,single_sample_rank,xgboost,0,0.07414840906858444,0.302778035402298,outer_fold_nested_fixed_200
discovery_nested_oof,TCGA_COAD,TCGA-CM-4752-01A,single_sample_rank,xgboost,0,0.03797019273042679,0.302778035402298,outer_fold_nested_fixed_200
discovery_nested_oof,TCGA_COAD,TCGA-CM-5341-01A,single_sample_rank,xgboost,0,0.04347553104162216,0.302778035402298,outer_fold_nested_fixed_200
TCGA_to_GEO,GSE13294,GSM335510,single_sample_rank,xgboost,0,0.155856192111969,0.302778035402298,full_discovery_fixed_200
TCGA_to_GEO,GSE13294,GSM335511,single_sample_rank,xgboost,1,0.7481247782707214,0.302778035402298,full_discovery_fixed_200
TCGA_to_GEO,GSE13294,GSM335512,single_sample_rank,xgboost,0,0.22138924896717072,0.302778035402298,full_discovery_fixed_200
TCGA_to_GEO,GSE13294,GSM335513,single_sample_rank,xgboost,0,0.0518605075776577,0.302778035402298,full_discovery_fixed_200
TCGA_to_GEO,GSE13294,GSM335514,single_sample_rank,xgboost,0,0.07189158350229263,0.302778035402298,full_discovery_fixed_200
TCGA_to_GEO,GSE13294,GSM335515,single_sample_rank,xgboost,0,0.14025674760341644,0.302778035402298,full_discovery_fixed_200
TCGA_to_GEO,GSE13294,GSM335516,single_sample_rank,xgboost,0,0.03378067910671234,0.302778035402298,full_discovery_fixed_200
TCGA_to_GEO,GSE13294,GSM335517,single_sample_rank,xgboost,0,0.09829837828874588,0.302778035402298,full_discovery_fixed_200
TCGA_to_GEO,GSE13294,GSM335518,single_sample_rank,xgboost,1,0.4326632618904114,0.302778035402298,full_discovery_fixed_200
TCGA_to_GEO,GSE13294,GSM335519,single_sample_rank,xgboost,1,0.40937596559524536,0.302778035402298,full_discovery_fixed_200
TCGA_to_GEO,GSE13294,GSM335520,single_sample_rank,xgboost,0,0.2550201416015625,0.302778035402298,full_discovery_fixed_200
TCGA_to_GEO,GSE13294,GSM335521,single_sample_rank,xgboost,0,0.052615802735090256,0.302778035402298,full_discovery_fixed_200
TCGA_to_GEO,GSE13294,GSM335522,single_sample_rank,xgboost,0,0.15379783511161804,0.302778035402298,full_discovery_fixed_200
TCGA_to_GEO,GSE13294,GSM335523,single_sample_rank,xgboost,0,0.23761457204818726,0.302778035402298,full_discovery_fixed_200
TCGA_to_GEO,GSE13294,GSM335524,single_sample_rank,xgboost,0,0.15500302612781525,0.302778035402298,full_discovery_fixed_200
TCGA_to_GEO,GSE13294,GSM335525,single_sample_rank,xgboost,1,0.6434951424598694,0.302778035402298,full_discovery_fixed_200
TCGA_to_GEO,GSE13294,GSM335526,single_sample_rank,xgboost,0,0.11551336199045181,0.302778035402298,full_discovery_fixed_200
TCGA_to_GEO,GSE13294,GSM335527,single_sample_rank,xgboost,1,0.20594966411590576,0.302778035402298,full_discovery_fixed_200
TCGA_to_GEO,GSE13294,GSM335528,single_sample_rank,xgboost,0,0.09864139556884766,0.302778035402298,full_discovery_fixed_200
TCGA_to_GEO,GSE13294,GSM335529,single_sample_rank,xgboost,1,0.33643966913223267,0.302778035402298,full_discovery_fixed_200
TCGA_to_GEO,GSE13294,GSM335530,single_sample_rank,xgboost,1,0.5418029427528381,0.302778035402298,full_discovery_fixed_200
TCGA_to_GEO,GSE13294,GSM335531,single_sample_rank,xgboost,0,0.07878858596086502,0.302778035402298,full_discovery_fixed_200
TCGA_to_GEO,GSE13294,GSM335532,single_sample_rank,xgboost,1,0.35968253016471863,0.302778035402298,full_discovery_fixed_200
TCGA_to_GEO,GSE13294,GSM335533,single_sample_rank,xgboost,0,0.07890600711107254,0.302778035402298,full_discovery_fixed_200
TCGA_to_GEO,GSE13294,GSM335534,single_sample_rank,xgboost,0,0.07510888576507568,0.302778035402298,full_discovery_fixed_200
TCGA_to_GEO,GSE13294,GSM335535,single_sample_rank,xgboost,0,0.0716005489230156,0.302778035402298,full_discovery_fixed_200
TCGA_to_GEO,GSE13294,GSM335536,single_sample_rank,xgboost,0,0.05701499432325363,0.302778035402298,full_discovery_fixed_200
TCGA_to_GEO,GSE13294,GSM335537,single_sample_rank,xgboost,0,0.0840872973203659,0.302778035402298,full_discovery_fixed_200
TCGA_to_GEO,GSE13294,GSM335538,single_sample_rank,xgboost,0,0.06327839940786362,0.302778035402298,full_discovery_fixed_200
TCGA_to_GEO,GSE13294,GSM335539,single_sample_rank,xgboost,0,0.060473714023828506,0.302778035402298,full_discovery_fixed_200
TCGA_to_GEO,GSE13294,GSM335540,single_sample_rank,xgboost,0,0.10715779662132263,0.302778035402298,full_discovery_fixed_200
TCGA_to_GEO,GSE13294,GSM335541,single_sample_rank,xgboost,1,0.6174635887145996,0.302778035402298,full_discovery_fixed_200
TCGA_to_GEO,GSE13294,GSM335542,single_sample_rank,xgboost,1,0.2821323871612549,0.302778035402298,full_discovery_fixed_200
TCGA_to_GEO,GSE13294,GSM335543,single_sample_rank,xgboost,1,0.7061812877655029,0.302778035402298,full_discovery_fixed_200
TCGA_to_GEO,GSE13294,GSM335544,single_sample_rank,xgboost,1,0.38664209842681885,0.302778035402298,full_discovery_fixed_200
TCGA_to_GEO,GSE13294,GSM335545,single_sample_rank,xgboost,1,0.4593844413757324,0.302778035402298,full_discovery_fixed_200
TCGA_to_GEO,GSE13294,GSM335546,single_sample_rank,xgboost,1,0.39071744680404663,0.302778035402298,full_discovery_fixed_200
TCGA_to_GEO,GSE13294,GSM335547,single_sample_rank,xgboost,0,0.2357579618692398,0.302778035402298,full_discovery_fixed_200
TCGA_to_GEO,GSE13294,GSM335548,single_sample_rank,xgboost,0,0.05704878270626068,0.302778035402298,full_discovery_fixed_200
TCGA_to_GEO,GSE13294,GSM335549,single_sample_rank,xgboost,0,0.05112810432910919,0.302778035402298,full_discovery_fixed_200
TCGA_to_GEO,GSE13294,GSM335550,single_sample_rank,xgboost,0,0.05648946017026901,0.302778035402298,full_discovery_fixed_200
TCGA_to_GEO,GSE13294,GSM335551,single_sample_rank,xgboost,1,0.3771984577178955,0.302778035402298,full_discovery_fixed_200
TCGA_to_GEO,GSE13294,GSM335552,single_sample_rank,xgboost,0,0.13510219752788544,0.302778035402298,full_discovery_fixed_200
TCGA_to_GEO,GSE13294,GSM335553,single_sample_rank,xgboost,0,0.07260607182979584,0.302778035402298,full_discovery_fixed_200
TCGA_to_GEO,GSE13294,GSM335554,single_sample_rank,xgboost,0,0.044317178428173065,0.302778035402298,full_discovery_fixed_200
TCGA_to_GEO,GSE13294,GSM335555,single_sample_rank,xgboost,1,0.6461739540100098,0.302778035402298,full_discovery_fixed_200
TCGA_to_GEO,GSE13294,GSM335556,single_sample_rank,xgboost,0,0.09841631352901459,0.302778035402298,full_discovery_fixed_200
TCGA_to_GEO,GSE13294,GSM335557,single_sample_rank,xgboost,0,0.05130769684910774,0.302778035402298,full_discovery_fixed_200
TCGA_to_GEO,GSE13294,GSM335558,single_sample_rank,xgboost,0,0.05507510527968407,0.302778035402298,full_discovery_fixed_200
TCGA_to_GEO,GSE13294,GSM335559,single_sample_rank,xgboost,1,0.224371075630188,0.302778035402298,full_discovery_fixed_200
TCGA_to_GEO,GSE13294,GSM335560,single_sample_rank,xgboost,1,0.7409864068031311,0.302778035402298,full_discovery_fixed_200
TCGA_to_GEO,GSE13294,GSM335561,single_sample_rank,xgboost,0,0.041341137140989304,0.302778035402298,full_discovery_fixed_200
TCGA_to_GEO,GSE13294,GSM335562,single_sample_rank,xgboost,1,0.34329351782798767,0.302778035402298,full_discovery_fixed_200
TCGA_to_GEO,GSE13294,GSM335563,single_sample_rank,xgboost,1,0.3582310974597931,0.302778035402298,full_discovery_fixed_200
TCGA_to_GEO,GSE13294,GSM335564,single_sample_rank,xgboost,0,0.06716008484363556,0.302778035402298,full_discovery_fixed_200
TCGA_to_GEO,GSE13294,GSM335565,single_sample_rank,xgboost,1,0.7278663516044617,0.302778035402298,full_discovery_fixed_200
TCGA_to_GEO,GSE13294,GSM335566,single_sample_rank,xgboost,1,0.6257976293563843,0.302778035402298,full_discovery_fixed_200
TCGA_to_GEO,GSE13294,GSM335567,single_sample_rank,xgboost,0,0.08817587792873383,0.302778035402298,full_discovery_fixed_200
TCGA_to_GEO,GSE13294,GSM335568,single_sample_rank,xgboost,0,0.059358663856983185,0.302778035402298,full_discovery_fixed_200
TCGA_to_GEO,GSE13294,GSM335569,single_sample_rank,xgboost,0,0.047141361981630325,0.302778035402298,full_discovery_fixed_200
TCGA_to_GEO,GSE13294,GSM335570,single_sample_rank,xgboost,0,0.2654440402984619,0.302778035402298,full_discovery_fixed_200
TCGA_to_GEO,GSE13294,GSM335571,single_sample_rank,xgboost,0,0.053456228226423264,0.302778035402298,full_discovery_fixed_200
TCGA_to_GEO,GSE13294,GSM335572,single_sample_rank,xgboost,0,0.05671841278672218,0.302778035402298,full_discovery_fixed_200
TCGA_to_GEO,GSE13294,GSM335573,single_sample_rank,xgboost,1,0.08919169753789902,0.302778035402298,full_discovery_fixed_200
TCGA_to_GEO,GSE13294,GSM335574,single_sample_rank,xgboost,1,0.7083944082260132,0.302778035402298,full_discovery_fixed_200
TCGA_to_GEO,GSE13294,GSM335575,single_sample_rank,xgboost,0,0.03613936901092529,0.302778035402298,full_discovery_fixed_200
TCGA_to_GEO,GSE13294,GSM335576,single_sample_rank,xgboost,1,0.6845011115074158,0.302778035402298,full_discovery_fixed_200
TCGA_to_GEO,GSE13294,GSM335577,single_sample_rank,xgboost,1,0.6532971262931824,0.302778035402298,full_discovery_fixed_200
TCGA_to_GEO,GSE13294,GSM335578,single_sample_rank,xgboost,1,0.09726458787918091,0.302778035402298,full_discovery_fixed_200
TCGA_to_GEO,GSE13294,GSM335579,single_sample_rank,xgboost,0,0.11892978847026825,0.302778035402298,full_discovery_fixed_200
TCGA_to_GEO,GSE13294,GSM335580,single_sample_rank,xgboost,0,0.1506088525056839,0.302778035402298,full_discovery_fixed_200
TCGA_to_GEO,GSE13294,GSM335581,single_sample_rank,xgboost,0,0.1567167043685913,0.302778035402298,full_discovery_fixed_200
TCGA_to_GEO,GSE13294,GSM335582,single_sample_rank,xgboost,0,0.09214157611131668,0.302778035402298,full_discovery_fixed_200
TCGA_to_GEO,GSE13294,GSM335583,single_sample_rank,xgboost,0,0.06801214069128036,0.302778035402298,full_discovery_fixed_200
TCGA_to_GEO,GSE13294,GSM335584,single_sample_rank,xgboost,0,0.07648518681526184,0.302778035402298,full_discovery_fixed_200
TCGA_to_GEO,GSE13294,GSM335585,single_sample_rank,xgboost,1,0.527967095375061,0.302778035402298,full_discovery_fixed_200
TCGA_to_GEO,GSE13294,GSM335586,single_sample_rank,xgboost,0,0.06693701446056366,0.302778035402298,full_discovery_fixed_200
TCGA_to_GEO,GSE13294,GSM335587,single_sample_rank,xgboost,0,0.15052954852581024,0.302778035402298,full_discovery_fixed_200
TCGA_to_GEO,GSE13294,GSM335588,single_sample_rank,xgboost,0,0.05053839460015297,0.302778035402298,full_discovery_fixed_200
TCGA_to_GEO,GSE13294,GSM335589,single_sample_rank,xgboost,0,0.04639551416039467,0.302778035402298,full_discovery_fixed_200
TCGA_to_GEO,GSE13294,GSM335590,single_sample_rank,xgboost,0,0.17145980894565582,0.302778035402298,full_discovery_fixed_200
TCGA_to_GEO,GSE13294,GSM335591,single_sample_rank,xgboost,0,0.056573059409856796,0.302778035402298,full_discovery_fixed_200
TCGA_to_GEO,GSE13294,GSM335592,single_sample_rank,xgboost,0,0.17551793158054352,0.302778035402298,full_discovery_fixed_200
TCGA_to_GEO,GSE13294,GSM335593,single_sample_rank,xgboost,0,0.046146124601364136,0.302778035402298,full_discovery_fixed_200
TCGA_to_GEO,GSE13294,GSM335594,single_sample_rank,xgboost,0,0.06371576339006424,0.302778035402298,full_discovery_fixed_200
TCGA_to_GEO,GSE13294,GSM335595,single_sample_rank,xgboost,1,0.28583425283432007,0.302778035402298,full_discovery_fixed_200
TCGA_to_GEO,GSE13294,GSM335596,single_sample_rank,xgboost,0,0.11429513245820999,0.302778035402298,full_discovery_fixed_200
TCGA_to_GEO,GSE13294,GSM335597,single_sample_rank,xgboost,1,0.5720429420471191,0.302778035402298,full_discovery_fixed_200
TCGA_to_GEO,GSE13294,GSM335598,single_sample_rank,xgboost,0,0.041563306003808975,0.302778035402298,full_discovery_fixed_200
TCGA_to_GEO,GSE13294,GSM335599,single_sample_rank,xgboost,0,0.29971200227737427,0.302778035402298,full_discovery_fixed_200
TCGA_to_GEO,GSE13294,GSM335600,single_sample_rank,xgboost,0,0.03650371730327606,0.302778035402298,full_discovery_fixed_200
TCGA_to_GEO,GSE13294,GSM335601,single_sample_rank,xgboost,0,0.16582782566547394,0.302778035402298,full_discovery_fixed_200
TCGA_to_GEO,GSE13294,GSM335602,single_sample_rank,xgboost,0,0.05580959469079971,0.302778035402298,full_discovery_fixed_200
TCGA_to_GEO,GSE13294,GSM335603,single_sample_rank,xgboost,0,0.0700521320104599,0.302778035402298,full_discovery_fixed_200
TCGA_to_GEO,GSE13294,GSM335604,single_sample_rank,xgboost,0,0.14727525413036346,0.302778035402298,full_discovery_fixed_200
TCGA_to_GEO,GSE13294,GSM335605,single_sample_rank,xgboost,0,0.05283365398645401,0.302778035402298,full_discovery_fixed_200
TCGA_to_GEO,GSE13294,GSM335606,single_sample_rank,xgboost,0,0.032243575900793076,0.302778035402298,full_discovery_fixed_200
TCGA_to_GEO,GSE13294,GSM335607,single_sample_rank,xgboost,0,0.29880961775779724,0.302778035402298,full_discovery_fixed_200
TCGA_to_GEO,GSE13294,GSM335608,single_sample_rank,xgboost,0,0.34447792172431946,0.302778035402298,full_discovery_fixed_200
TCGA_to_GEO,GSE13294,GSM335609,single_sample_rank,xgboost,0,0.07587584853172302,0.302778035402298,full_discovery_fixed_200
TCGA_to_GEO,GSE13294,GSM335610,single_sample_rank,xgboost,0,0.045867111533880234,0.302778035402298,full_discovery_fixed_200
TCGA_to_GEO,GSE13294,GSM335611,single_sample_rank,xgboost,0,0.13544106483459473,0.302778035402298,full_discovery_fixed_200
TCGA_to_GEO,GSE13294,GSM335612,single_sample_rank,xgboost,0,0.08083601295948029,0.302778035402298,full_discovery_fixed_200
TCGA_to_GEO,GSE13294,GSM335613,single_sample_rank,xgboost,0,0.0714636743068695,0.302778035402298,full_discovery_fixed_200
TCGA_to_GEO,GSE13294,GSM335614,single_sample_rank,xgboost,1,0.6311991810798645,0.302778035402298,full_discovery_fixed_200
TCGA_to_GEO,GSE13294,GSM335615,single_sample_rank,xgboost,0,0.057505834847688675,0.302778035402298,full_discovery_fixed_200
TCGA_to_GEO,GSE13294,GSM335616,single_sample_rank,xgboost,0,0.09788819402456284,0.302778035402298,full_discovery_fixed_200
TCGA_to_GEO,GSE13294,GSM335617,single_sample_rank,xgboost,0,0.06947449594736099,0.302778035402298,full_discovery_fixed_200
TCGA_to_GEO,GSE13294,GSM335618,single_sample_rank,xgboost,1,0.07465962320566177,0.302778035402298,full_discovery_fixed_200
TCGA_to_GEO,GSE13294,GSM335619,single_sample_rank,xgboost,1,0.37022167444229126,0.302778035402298,full_discovery_fixed_200
TCGA_to_GEO,GSE13294,GSM335620,single_sample_rank,xgboost,1,0.15548232197761536,0.302778035402298,full_discovery_fixed_200
TCGA_to_GEO,GSE13294,GSM335621,single_sample_rank,xgboost,1,0.3274950087070465,0.302778035402298,full_discovery_fixed_200
TCGA_to_GEO,GSE13294,GSM335622,single_sample_rank,xgboost,1,0.36211803555488586,0.302778035402298,full_discovery_fixed_200
TCGA_to_GEO,GSE13294,GSM335623,single_sample_rank,xgboost,1,0.7573506236076355,0.302778035402298,full_discovery_fixed_200
TCGA_to_GEO,GSE13294,GSM335624,single_sample_rank,xgboost,1,0.5781736969947815,0.302778035402298,full_discovery_fixed_200
TCGA_to_GEO,GSE13294,GSM335625,single_sample_rank,xgboost,1,0.09440193325281143,0.302778035402298,full_discovery_fixed_200
TCGA_to_GEO,GSE13294,GSM335626,single_sample_rank,xgboost,1,0.39724430441856384,0.302778035402298,full_discovery_fixed_200
TCGA_to_GEO,GSE13294,GSM335627,single_sample_rank,xgboost,1,0.4268602728843689,0.302778035402298,full_discovery_fixed_200
TCGA_to_GEO,GSE13294,GSM335628,single_sample_rank,xgboost,1,0.33781784772872925,0.302778035402298,full_discovery_fixed_200
TCGA_to_GEO,GSE13294,GSM335629,single_sample_rank,xgboost,1,0.7812515497207642,0.302778035402298,full_discovery_fixed_200
TCGA_to_GEO,GSE13294,GSM335630,single_sample_rank,xgboost,1,0.6227796077728271,0.302778035402298,full_discovery_fixed_200
TCGA_to_GEO,GSE13294,GSM335631,single_sample_rank,xgboost,1,0.1384008526802063,0.302778035402298,full_discovery_fixed_200
TCGA_to_GEO,GSE13294,GSM335632,single_sample_rank,xgboost,1,0.7365701198577881,0.302778035402298,full_discovery_fixed_200
TCGA_to_GEO,GSE13294,GSM335633,single_sample_rank,xgboost,1,0.22085462510585785,0.302778035402298,full_discovery_fixed_200
TCGA_to_GEO,GSE13294,GSM335634,single_sample_rank,xgboost,1,0.6631478667259216,0.302778035402298,full_discovery_fixed_200
TCGA_to_GEO,GSE13294,GSM335635,single_sample_rank,xgboost,1,0.6002681255340576,0.302778035402298,full_discovery_fixed_200
TCGA_to_GEO,GSE13294,GSM335636,single_sample_rank,xgboost,1,0.0343174934387207,0.302778035402298,full_discovery_fixed_200
TCGA_to_GEO,GSE13294,GSM335637,single_sample_rank,xgboost,1,0.19341135025024414,0.302778035402298,full_discovery_fixed_200
TCGA_to_GEO,GSE13294,GSM335638,single_sample_rank,xgboost,1,0.6181103587150574,0.302778035402298,full_discovery_fixed_200
TCGA_to_GEO,GSE13294,GSM335639,single_sample_rank,xgboost,1,0.20206038653850555,0.302778035402298,full_discovery_fixed_200
TCGA_to_GEO,GSE13294,GSM335640,single_sample_rank,xgboost,1,0.5642371773719788,0.302778035402298,full_discovery_fixed_200
TCGA_to_GEO,GSE13294,GSM335641,single_sample_rank,xgboost,1,0.6329412460327148,0.302778035402298,full_discovery_fixed_200
TCGA_to_GEO,GSE13294,GSM335642,single_sample_rank,xgboost,1,0.15853047370910645,0.302778035402298,full_discovery_fixed_200
TCGA_to_GEO,GSE13294,GSM335643,single_sample_rank,xgboost,1,0.823667585849762,0.302778035402298,full_discovery_fixed_200
TCGA_to_GEO,GSE13294,GSM335644,single_sample_rank,xgboost,1,0.2105529010295868,0.302778035402298,full_discovery_fixed_200
TCGA_to_GEO,GSE13294,GSM335645,single_sample_rank,xgboost,1,0.6309484243392944,0.302778035402298,full_discovery_fixed_200
TCGA_to_GEO,GSE13294,GSM335646,single_sample_rank,xgboost,1,0.3730832040309906,0.302778035402298,full_discovery_fixed_200
TCGA_to_GEO,GSE13294,GSM335647,single_sample_rank,xgboost,1,0.32600730657577515,0.302778035402298,full_discovery_fixed_200
TCGA_to_GEO,GSE13294,GSM335648,single_sample_rank,xgboost,1,0.0710577443242073,0.302778035402298,full_discovery_fixed_200
TCGA_to_GEO,GSE13294,GSM335649,single_sample_rank,xgboost,1,0.5968071818351746,0.302778035402298,full_discovery_fixed_200
TCGA_to_GEO,GSE13294,GSM335650,single_sample_rank,xgboost,1,0.6278053522109985,0.302778035402298,full_discovery_fixed_200
TCGA_to_GEO,GSE13294,GSM335651,single_sample_rank,xgboost,1,0.047886040061712265,0.302778035402298,full_discovery_fixed_200
TCGA_to_GEO,GSE13294,GSM335652,single_sample_rank,xgboost,1,0.7539917230606079,0.302778035402298,full_discovery_fixed_200
TCGA_to_GEO,GSE13294,GSM335653,single_sample_rank,xgboost,1,0.6447674036026001,0.302778035402298,full_discovery_fixed_200
TCGA_to_GEO,GSE13294,GSM335654,single_sample_rank,xgboost,1,0.2905769944190979,0.302778035402298,full_discovery_fixed_200
TCGA_to_GEO,GSE13294,GSM335655,single_sample_rank,xgboost,1,0.32081863284111023,0.302778035402298,full_discovery_fixed_200
TCGA_to_GEO,GSE13294,GSM335656,single_sample_rank,xgboost,1,0.4392121136188507,0.302778035402298,full_discovery_fixed_200
TCGA_to_GEO,GSE13294,GSM335657,single_sample_rank,xgboost,1,0.518029510974884,0.302778035402298,full_discovery_fixed_200
TCGA_to_GEO,GSE13294,GSM335658,single_sample_rank,xgboost,1,0.5175215005874634,0.302778035402298,full_discovery_fixed_200
TCGA_to_GEO,GSE13294,GSM335659,single_sample_rank,xgboost,1,0.6926343441009521,0.302778035402298,full_discovery_fixed_200
TCGA_to_GEO,GSE13294,GSM335660,single_sample_rank,xgboost,1,0.44323664903640747,0.302778035402298,full_discovery_fixed_200
TCGA_to_GEO,GSE13294,GSM335661,single_sample_rank,xgboost,1,0.18011263012886047,0.302778035402298,full_discovery_fixed_200
TCGA_to_GEO,GSE13294,GSM335662,single_sample_rank,xgboost,1,0.5273727178573608,0.302778035402298,full_discovery_fixed_200
TCGA_to_GEO,GSE13294,GSM335663,single_sample_rank,xgboost,1,0.44317734241485596,0.302778035402298,full_discovery_fixed_200
TCGA_to_GEO,GSE13294,GSM335664,single_sample_rank,xgboost,1,0.2896982431411743,0.302778035402298,full_discovery_fixed_200
TCGA_to_GEO,GSE13067,GSM327282,single_sample_rank,xgboost,1,0.3150290250778198,0.302778035402298,full_discovery_fixed_200
TCGA_to_GEO,GSE13067,GSM327283,single_sample_rank,xgboost,0,0.11311741173267365,0.302778035402298,full_discovery_fixed_200
TCGA_to_GEO,GSE13067,GSM327284,single_sample_rank,xgboost,0,0.08995162695646286,0.302778035402298,full_discovery_fixed_200
TCGA_to_GEO,GSE13067,GSM327285,single_sample_rank,xgboost,0,0.09532098472118378,0.302778035402298,full_discovery_fixed_200
TCGA_to_GEO,GSE13067,GSM327286,single_sample_rank,xgboost,0,0.28087183833122253,0.302778035402298,full_discovery_fixed_200
TCGA_to_GEO,GSE13067,GSM327287,single_sample_rank,xgboost,0,0.11439463496208191,0.302778035402298,full_discovery_fixed_200
TCGA_to_GEO,GSE13067,GSM327288,single_sample_rank,xgboost,1,0.37522029876708984,0.302778035402298,full_discovery_fixed_200
TCGA_to_GEO,GSE13067,GSM327289,single_sample_rank,xgboost,0,0.11123286932706833,0.302778035402298,full_discovery_fixed_200
TCGA_to_GEO,GSE13067,GSM327290,single_sample_rank,xgboost,0,0.17355041205883026,0.302778035402298,full_discovery_fixed_200
TCGA_to_GEO,GSE13067,GSM327291,single_sample_rank,xgboost,0,0.0797499343752861,0.302778035402298,full_discovery_fixed_200
TCGA_to_GEO,GSE13067,GSM327292,single_sample_rank,xgboost,0,0.10404796153306961,0.302778035402298,full_discovery_fixed_200
TCGA_to_GEO,GSE13067,GSM327293,single_sample_rank,xgboost,0,0.43738409876823425,0.302778035402298,full_discovery_fixed_200
TCGA_to_GEO,GSE13067,GSM327294,single_sample_rank,xgboost,0,0.352688193321228,0.302778035402298,full_discovery_fixed_200
TCGA_to_GEO,GSE13067,GSM327295,single_sample_rank,xgboost,0,0.09935907274484634,0.302778035402298,full_discovery_fixed_200
TCGA_to_GEO,GSE13067,GSM327296,single_sample_rank,xgboost,0,0.49223628640174866,0.302778035402298,full_discovery_fixed_200
TCGA_to_GEO,GSE13067,GSM327297,single_sample_rank,xgboost,0,0.14430144429206848,0.302778035402298,full_discovery_fixed_200
TCGA_to_GEO,GSE13067,GSM327298,single_sample_rank,xgboost,0,0.13825181126594543,0.302778035402298,full_discovery_fixed_200
TCGA_to_GEO,GSE13067,GSM327299,single_sample_rank,xgboost,0,0.2795499265193939,0.302778035402298,full_discovery_fixed_200
TCGA_to_GEO,GSE13067,GSM327300,single_sample_rank,xgboost,0,0.27580416202545166,0.302778035402298,full_discovery_fixed_200
TCGA_to_GEO,GSE13067,GSM327301,single_sample_rank,xgboost,0,0.09858919680118561,0.302778035402298,full_discovery_fixed_200
TCGA_to_GEO,GSE13067,GSM327302,single_sample_rank,xgboost,0,0.37846052646636963,0.302778035402298,full_discovery_fixed_200
TCGA_to_GEO,GSE13067,GSM327303,single_sample_rank,xgboost,0,0.08910945802927017,0.302778035402298,full_discovery_fixed_200
TCGA_to_GEO,GSE13067,GSM327304,single_sample_rank,xgboost,0,0.11146686971187592,0.302778035402298,full_discovery_fixed_200
TCGA_to_GEO,GSE13067,GSM327305,single_sample_rank,xgboost,0,0.43532299995422363,0.302778035402298,full_discovery_fixed_200
TCGA_to_GEO,GSE13067,GSM327306,single_sample_rank,xgboost,0,0.08067481219768524,0.302778035402298,full_discovery_fixed_200
TCGA_to_GEO,GSE13067,GSM327307,single_sample_rank,xgboost,0,0.17958563566207886,0.302778035402298,full_discovery_fixed_200
TCGA_to_GEO,GSE13067,GSM327308,single_sample_rank,xgboost,0,0.04578479006886482,0.302778035402298,full_discovery_fixed_200
TCGA_to_GEO,GSE13067,GSM327309,single_sample_rank,xgboost,1,0.38767901062965393,0.302778035402298,full_discovery_fixed_200
TCGA_to_GEO,GSE13067,GSM327310,single_sample_rank,xgboost,1,0.6533088088035583,0.302778035402298,full_discovery_fixed_200
TCGA_to_GEO,GSE13067,GSM327311,single_sample_rank,xgboost,1,0.7587539553642273,0.302778035402298,full_discovery_fixed_200
TCGA_to_GEO,GSE13067,GSM327312,single_sample_rank,xgboost,0,0.1517699509859085,0.302778035402298,full_discovery_fixed_200
TCGA_to_GEO,GSE13067,GSM327313,single_sample_rank,xgboost,1,0.6049095392227173,0.302778035402298,full_discovery_fixed_200
TCGA_to_GEO,GSE13067,GSM327314,single_sample_rank,xgboost,0,0.13215255737304688,0.302778035402298,full_discovery_fixed_200
TCGA_to_GEO,GSE13067,GSM327315,single_sample_rank,xgboost,0,0.15961983799934387,0.302778035402298,full_discovery_fixed_200
TCGA_to_GEO,GSE13067,GSM327316,single_sample_rank,xgboost,0,0.42762917280197144,0.302778035402298,full_discovery_fixed_200
TCGA_to_GEO,GSE13067,GSM327317,single_sample_rank,xgboost,0,0.14008376002311707,0.302778035402298,full_discovery_fixed_200
TCGA_to_GEO,GSE13067,GSM327318,single_sample_rank,xgboost,0,0.07888303697109222,0.302778035402298,full_discovery_fixed_200
TCGA_to_GEO,GSE13067,GSM327319,single_sample_rank,xgboost,0,0.05594221130013466,0.302778035402298,full_discovery_fixed_200
TCGA_to_GEO,GSE13067,GSM327320,single_sample_rank,xgboost,0,0.10718008875846863,0.302778035402298,full_discovery_fixed_200
TCGA_to_GEO,GSE13067,GSM327321,single_sample_rank,xgboost,0,0.04317130893468857,0.302778035402298,full_discovery_fixed_200
TCGA_to_GEO,GSE13067,GSM327322,single_sample_rank,xgboost,0,0.24915993213653564,0.302778035402298,full_discovery_fixed_200
TCGA_to_GEO,GSE13067,GSM327323,single_sample_rank,xgboost,0,0.08950573205947876,0.302778035402298,full_discovery_fixed_200
TCGA_to_GEO,GSE13067,GSM327324,single_sample_rank,xgboost,1,0.6549069285392761,0.302778035402298,full_discovery_fixed_200
TCGA_to_GEO,GSE13067,GSM327325,single_sample_rank,xgboost,1,0.709141731262207,0.302778035402298,full_discovery_fixed_200
TCGA_to_GEO,GSE13067,GSM327326,single_sample_rank,xgboost,0,0.08287009596824646,0.302778035402298,full_discovery_fixed_200
TCGA_to_GEO,GSE13067,GSM327327,single_sample_rank,xgboost,0,0.39027854800224304,0.302778035402298,full_discovery_fixed_200
TCGA_to_GEO,GSE13067,GSM327328,single_sample_rank,xgboost,0,0.24184852838516235,0.302778035402298,full_discovery_fixed_200
TCGA_to_GEO,GSE13067,GSM327329,single_sample_rank,xgboost,0,0.20538003742694855,0.302778035402298,full_discovery_fixed_200
TCGA_to_GEO,GSE13067,GSM327330,single_sample_rank,xgboost,0,0.16766028106212616,0.302778035402298,full_discovery_fixed_200
TCGA_to_GEO,GSE13067,GSM327331,single_sample_rank,xgboost,1,0.7275789976119995,0.302778035402298,full_discovery_fixed_200
TCGA_to_GEO,GSE13067,GSM327332,single_sample_rank,xgboost,0,0.11773741245269775,0.302778035402298,full_discovery_fixed_200
TCGA_to_GEO,GSE13067,GSM327333,single_sample_rank,xgboost,0,0.42158862948417664,0.302778035402298,full_discovery_fixed_200
TCGA_to_GEO,GSE13067,GSM327334,single_sample_rank,xgboost,0,0.36637914180755615,0.302778035402298,full_discovery_fixed_200
TCGA_to_GEO,GSE13067,GSM327335,single_sample_rank,xgboost,0,0.22272369265556335,0.302778035402298,full_discovery_fixed_200
TCGA_to_GEO,GSE13067,GSM327336,single_sample_rank,xgboost,0,0.1839578002691269,0.302778035402298,full_discovery_fixed_200
TCGA_to_GEO,GSE13067,GSM327337,single_sample_rank,xgboost,0,0.1231745257973671,0.302778035402298,full_discovery_fixed_200
TCGA_to_GEO,GSE13067,GSM327338,single_sample_rank,xgboost,0,0.07293039560317993,0.302778035402298,full_discovery_fixed_200
TCGA_to_GEO,GSE13067,GSM327339,single_sample_rank,xgboost,0,0.5388486981391907,0.302778035402298,full_discovery_fixed_200
TCGA_to_GEO,GSE13067,GSM327340,single_sample_rank,xgboost,0,0.0724942684173584,0.302778035402298,full_discovery_fixed_200
TCGA_to_GEO,GSE13067,GSM327341,single_sample_rank,xgboost,0,0.10612092912197113,0.302778035402298,full_discovery_fixed_200
TCGA_to_GEO,GSE13067,GSM327342,single_sample_rank,xgboost,0,0.0639708861708641,0.302778035402298,full_discovery_fixed_200
TCGA_to_GEO,GSE13067,GSM327343,single_sample_rank,xgboost,0,0.2919658124446869,0.302778035402298,full_discovery_fixed_200
TCGA_to_GEO,GSE13067,GSM327344,single_sample_rank,xgboost,0,0.03885236009955406,0.302778035402298,full_discovery_fixed_200
TCGA_to_GEO,GSE13067,GSM327345,single_sample_rank,xgboost,0,0.4340938329696655,0.302778035402298,full_discovery_fixed_200
TCGA_to_GEO,GSE13067,GSM327346,single_sample_rank,xgboost,0,0.4485142230987549,0.302778035402298,full_discovery_fixed_200
TCGA_to_GEO,GSE13067,GSM327347,single_sample_rank,xgboost,0,0.1341898888349533,0.302778035402298,full_discovery_fixed_200
TCGA_to_GEO,GSE13067,GSM327348,single_sample_rank,xgboost,0,0.11864962428808212,0.302778035402298,full_discovery_fixed_200
TCGA_to_GEO,GSE13067,GSM327349,single_sample_rank,xgboost,0,0.16272924840450287,0.302778035402298,full_discovery_fixed_200
TCGA_to_GEO,GSE13067,GSM327350,single_sample_rank,xgboost,0,0.19749704003334045,0.302778035402298,full_discovery_fixed_200
TCGA_to_GEO,GSE13067,GSM327351,single_sample_rank,xgboost,0,0.37892571091651917,0.302778035402298,full_discovery_fixed_200
TCGA_to_GEO,GSE13067,GSM327352,single_sample_rank,xgboost,1,0.7514626979827881,0.302778035402298,full_discovery_fixed_200
TCGA_to_GEO,GSE13067,GSM327353,single_sample_rank,xgboost,1,0.7282652258872986,0.302778035402298,full_discovery_fixed_200
TCGA_to_GEO,GSE13067,GSM327354,single_sample_rank,xgboost,0,0.3763849139213562,0.302778035402298,full_discovery_fixed_200
TCGA_to_GEO,GSE13067,GSM327355,single_sample_rank,xgboost,0,0.1524607539176941,0.302778035402298,full_discovery_fixed_200
TCGA_to_GEO,GSE18088,GSM452148,single_sample_rank,xgboost,1,0.23685017228126526,0.302778035402298,full_discovery_fixed_200
TCGA_to_GEO,GSE18088,GSM452149,single_sample_rank,xgboost,0,0.04987703263759613,0.302778035402298,full_discovery_fixed_200
TCGA_to_GEO,GSE18088,GSM452150,single_sample_rank,xgboost,0,0.2363867163658142,0.302778035402298,full_discovery_fixed_200
TCGA_to_GEO,GSE18088,GSM452151,single_sample_rank,xgboost,0,0.17555071413516998,0.302778035402298,full_discovery_fixed_200
TCGA_to_GEO,GSE18088,GSM452152,single_sample_rank,xgboost,0,0.051345717161893845,0.302778035402298,full_discovery_fixed_200
TCGA_to_GEO,GSE18088,GSM452153,single_sample_rank,xgboost,1,0.33805784583091736,0.302778035402298,full_discovery_fixed_200
TCGA_to_GEO,GSE18088,GSM452154,single_sample_rank,xgboost,0,0.10230689495801926,0.302778035402298,full_discovery_fixed_200
TCGA_to_GEO,GSE18088,GSM452155,single_sample_rank,xgboost,0,0.21411806344985962,0.302778035402298,full_discovery_fixed_200
TCGA_to_GEO,GSE18088,GSM452156,single_sample_rank,xgboost,0,0.06496020406484604,0.302778035402298,full_discovery_fixed_200
TCGA_to_GEO,GSE18088,GSM452157,single_sample_rank,xgboost,1,0.9456964135169983,0.302778035402298,full_discovery_fixed_200
TCGA_to_GEO,GSE18088,GSM452158,single_sample_rank,xgboost,0,0.06685371696949005,0.302778035402298,full_discovery_fixed_200
TCGA_to_GEO,GSE18088,GSM452159,single_sample_rank,xgboost,1,0.5096796751022339,0.302778035402298,full_discovery_fixed_200
TCGA_to_GEO,GSE18088,GSM452160,single_sample_rank,xgboost,0,0.051586855202913284,0.302778035402298,full_discovery_fixed_200
TCGA_to_GEO,GSE18088,GSM452161,single_sample_rank,xgboost,0,0.1033763736486435,0.302778035402298,full_discovery_fixed_200
TCGA_to_GEO,GSE18088,GSM452162,single_sample_rank,xgboost,0,0.39193230867385864,0.302778035402298,full_discovery_fixed_200
TCGA_to_GEO,GSE18088,GSM452163,single_sample_rank,xgboost,1,0.8293251395225525,0.302778035402298,full_discovery_fixed_200
TCGA_to_GEO,GSE18088,GSM452164,single_sample_rank,xgboost,0,0.09671037644147873,0.302778035402298,full_discovery_fixed_200
TCGA_to_GEO,GSE18088,GSM452165,single_sample_rank,xgboost,0,0.21302595734596252,0.302778035402298,full_discovery_fixed_200
TCGA_to_GEO,GSE18088,GSM452166,single_sample_rank,xgboost,0,0.06904784590005875,0.302778035402298,full_discovery_fixed_200
TCGA_to_GEO,GSE18088,GSM452167,single_sample_rank,xgboost,0,0.04515828564763069,0.302778035402298,full_discovery_fixed_200
TCGA_to_GEO,GSE18088,GSM452168,single_sample_rank,xgboost,1,0.4332217872142792,0.302778035402298,full_discovery_fixed_200
TCGA_to_GEO,GSE18088,GSM452169,single_sample_rank,xgboost,1,0.8273718953132629,0.302778035402298,full_discovery_fixed_200
TCGA_to_GEO,GSE18088,GSM452170,single_sample_rank,xgboost,0,0.31213730573654175,0.302778035402298,full_discovery_fixed_200
TCGA_to_GEO,GSE18088,GSM452171,single_sample_rank,xgboost,0,0.08822321891784668,0.302778035402298,full_discovery_fixed_200
TCGA_to_GEO,GSE18088,GSM452172,single_sample_rank,xgboost,0,0.4003409147262573,0.302778035402298,full_discovery_fixed_200
TCGA_to_GEO,GSE18088,GSM452173,single_sample_rank,xgboost,1,0.6410548090934753,0.302778035402298,full_discovery_fixed_200
TCGA_to_GEO,GSE18088,GSM452174,single_sample_rank,xgboost,1,0.7224024534225464,0.302778035402298,full_discovery_fixed_200
TCGA_to_GEO,GSE18088,GSM452175,single_sample_rank,xgboost,1,0.3850708305835724,0.302778035402298,full_discovery_fixed_200
TCGA_to_GEO,GSE18088,GSM452176,single_sample_rank,xgboost,0,0.07237288355827332,0.302778035402298,full_discovery_fixed_200
TCGA_to_GEO,GSE18088,GSM452177,single_sample_rank,xgboost,0,0.05879559367895126,0.302778035402298,full_discovery_fixed_200
TCGA_to_GEO,GSE18088,GSM452178,single_sample_rank,xgboost,0,0.044317398220300674,0.302778035402298,full_discovery_fixed_200
TCGA_to_GEO,GSE18088,GSM452179,single_sample_rank,xgboost,1,0.8034716248512268,0.302778035402298,full_discovery_fixed_200
TCGA_to_GEO,GSE18088,GSM452180,single_sample_rank,xgboost,1,0.8657448887825012,0.302778035402298,full_discovery_fixed_200
TCGA_to_GEO,GSE18088,GSM452181,single_sample_rank,xgboost,0,0.1466120481491089,0.302778035402298,full_discovery_fixed_200
TCGA_to_GEO,GSE18088,GSM452182,single_sample_rank,xgboost,1,0.3675726652145386,0.302778035402298,full_discovery_fixed_200
TCGA_to_GEO,GSE18088,GSM452183,single_sample_rank,xgboost,1,0.5523596405982971,0.302778035402298,full_discovery_fixed_200
TCGA_to_GEO,GSE18088,GSM452184,single_sample_rank,xgboost,1,0.36847054958343506,0.302778035402298,full_discovery_fixed_200
TCGA_to_GEO,GSE18088,GSM452185,single_sample_rank,xgboost,0,0.14535102248191833,0.302778035402298,full_discovery_fixed_200
TCGA_to_GEO,GSE18088,GSM452186,single_sample_rank,xgboost,0,0.4321323335170746,0.302778035402298,full_discovery_fixed_200
TCGA_to_GEO,GSE18088,GSM452187,single_sample_rank,xgboost,0,0.026717981323599815,0.302778035402298,full_discovery_fixed_200
TCGA_to_GEO,GSE18088,GSM452188,single_sample_rank,xgboost,1,0.7988481521606445,0.302778035402298,full_discovery_fixed_200
TCGA_to_GEO,GSE18088,GSM452189,single_sample_rank,xgboost,1,0.30641859769821167,0.302778035402298,full_discovery_fixed_200
TCGA_to_GEO,GSE18088,GSM452190,single_sample_rank,xgboost,0,0.2101093828678131,0.302778035402298,full_discovery_fixed_200
TCGA_to_GEO,GSE18088,GSM452191,single_sample_rank,xgboost,0,0.0791243389248848,0.302778035402298,full_discovery_fixed_200
TCGA_to_GEO,GSE18088,GSM452192,single_sample_rank,xgboost,0,0.04510338604450226,0.302778035402298,full_discovery_fixed_200
TCGA_to_GEO,GSE18088,GSM452193,single_sample_rank,xgboost,0,0.11191702634096146,0.302778035402298,full_discovery_fixed_200
TCGA_to_GEO,GSE18088,GSM452194,single_sample_rank,xgboost,0,0.1699262261390686,0.302778035402298,full_discovery_fixed_200
TCGA_to_GEO,GSE18088,GSM452195,single_sample_rank,xgboost,0,0.0866265743970871,0.302778035402298,full_discovery_fixed_200
TCGA_to_GEO,GSE18088,GSM452196,single_sample_rank,xgboost,0,0.11012811213731766,0.302778035402298,full_discovery_fixed_200
TCGA_to_GEO,GSE18088,GSM452197,single_sample_rank,xgboost,1,0.7263220548629761,0.302778035402298,full_discovery_fixed_200
TCGA_to_GEO,GSE18088,GSM452198,single_sample_rank,xgboost,0,0.2140725553035736,0.302778035402298,full_discovery_fixed_200
TCGA_to_GEO,GSE18088,GSM452199,single_sample_rank,xgboost,0,0.12334821373224258,0.302778035402298,full_discovery_fixed_200
TCGA_to_GEO,GSE18088,GSM452200,single_sample_rank,xgboost,1,0.0338747575879097,0.302778035402298,full_discovery_fixed_200
TCGA_to_GEO,GSE26682,GSM656542,single_sample_rank,xgboost,0,0.04179990291595459,0.302778035402298,full_discovery_fixed_200
TCGA_to_GEO,GSE26682,GSM656543,single_sample_rank,xgboost,0,0.06830049306154251,0.302778035402298,full_discovery_fixed_200
TCGA_to_GEO,GSE26682,GSM656545,single_sample_rank,xgboost,1,0.5149228572845459,0.302778035402298,full_discovery_fixed_200
TCGA_to_GEO,GSE26682,GSM656546,single_sample_rank,xgboost,0,0.05607421696186066,0.302778035402298,full_discovery_fixed_200
TCGA_to_GEO,GSE26682,GSM656548,single_sample_rank,xgboost,0,0.0398731455206871,0.302778035402298,full_discovery_fixed_200
TCGA_to_GEO,GSE26682,GSM656550,single_sample_rank,xgboost,0,0.14164948463439941,0.302778035402298,full_discovery_fixed_200
TCGA_to_GEO,GSE26682,GSM656552,single_sample_rank,xgboost,0,0.0607202872633934,0.302778035402298,full_discovery_fixed_200
TCGA_to_GEO,GSE26682,GSM656553,single_sample_rank,xgboost,0,0.08998354524374008,0.302778035402298,full_discovery_fixed_200
TCGA_to_GEO,GSE26682,GSM656555,single_sample_rank,xgboost,0,0.2387760579586029,0.302778035402298,full_discovery_fixed_200
TCGA_to_GEO,GSE26682,GSM656556,single_sample_rank,xgboost,0,0.11326222121715546,0.302778035402298,full_discovery_fixed_200
TCGA_to_GEO,GSE26682,GSM656557,single_sample_rank,xgboost,0,0.29066920280456543,0.302778035402298,full_discovery_fixed_200
TCGA_to_GEO,GSE26682,GSM656558,single_sample_rank,xgboost,0,0.05472948029637337,0.302778035402298,full_discovery_fixed_200
TCGA_to_GEO,GSE26682,GSM656559,single_sample_rank,xgboost,1,0.652426540851593,0.302778035402298,full_discovery_fixed_200
TCGA_to_GEO,GSE26682,GSM656560,single_sample_rank,xgboost,0,0.05806862935423851,0.302778035402298,full_discovery_fixed_200
TCGA_to_GEO,GSE26682,GSM656561,single_sample_rank,xgboost,0,0.059864893555641174,0.302778035402298,full_discovery_fixed_200
TCGA_to_GEO,GSE26682,GSM656567,single_sample_rank,xgboost,0,0.03087456338107586,0.302778035402298,full_discovery_fixed_200
TCGA_to_GEO,GSE26682,GSM656568,single_sample_rank,xgboost,0,0.04603368043899536,0.302778035402298,full_discovery_fixed_200
TCGA_to_GEO,GSE26682,GSM656569,single_sample_rank,xgboost,0,0.03343343734741211,0.302778035402298,full_discovery_fixed_200
TCGA_to_GEO,GSE26682,GSM656570,single_sample_rank,xgboost,0,0.1994541585445404,0.302778035402298,full_discovery_fixed_200
TCGA_to_GEO,GSE26682,GSM656574,single_sample_rank,xgboost,0,0.04359693080186844,0.302778035402298,full_discovery_fixed_200
TCGA_to_GEO,GSE26682,GSM656580,single_sample_rank,xgboost,0,0.029921138659119606,0.302778035402298,full_discovery_fixed_200
TCGA_to_GEO,GSE26682,GSM656582,single_sample_rank,xgboost,0,0.029342373833060265,0.302778035402298,full_discovery_fixed_200
TCGA_to_GEO,GSE26682,GSM656583,single_sample_rank,xgboost,1,0.6900884509086609,0.302778035402298,full_discovery_fixed_200
TCGA_to_GEO,GSE26682,GSM656584,single_sample_rank,xgboost,0,0.10211627185344696,0.302778035402298,full_discovery_fixed_200
TCGA_to_GEO,GSE26682,GSM656585,single_sample_rank,xgboost,0,0.31359344720840454,0.302778035402298,full_discovery_fixed_200
TCGA_to_GEO,GSE26682,GSM656586,single_sample_rank,xgboost,0,0.32295677065849304,0.302778035402298,full_discovery_fixed_200
TCGA_to_GEO,GSE26682,GSM656587,single_sample_rank,xgboost,0,0.4449724555015564,0.302778035402298,full_discovery_fixed_200
TCGA_to_GEO,GSE26682,GSM656590,single_sample_rank,xgboost,1,0.6005879044532776,0.302778035402298,full_discovery_fixed_200
TCGA_to_GEO,GSE26682,GSM656592,single_sample_rank,xgboost,0,0.056036245077848434,0.302778035402298,full_discovery_fixed_200
TCGA_to_GEO,GSE26682,GSM656596,single_sample_rank,xgboost,0,0.0387665219604969,0.302778035402298,full_discovery_fixed_200
TCGA_to_GEO,GSE26682,GSM656598,single_sample_rank,xgboost,0,0.10640536993741989,0.302778035402298,full_discovery_fixed_200
TCGA_to_GEO,GSE26682,GSM656601,single_sample_rank,xgboost,0,0.0312790721654892,0.302778035402298,full_discovery_fixed_200
TCGA_to_GEO,GSE26682,GSM656603,single_sample_rank,xgboost,1,0.8135411143302917,0.302778035402298,full_discovery_fixed_200
TCGA_to_GEO,GSE26682,GSM656612,single_sample_rank,xgboost,1,0.4994050860404968,0.302778035402298,full_discovery_fixed_200
TCGA_to_GEO,GSE26682,GSM656613,single_sample_rank,xgboost,0,0.09775502979755402,0.302778035402298,full_discovery_fixed_200
TCGA_to_GEO,GSE26682,GSM656617,single_sample_rank,xgboost,0,0.11301731318235397,0.302778035402298,full_discovery_fixed_200
TCGA_to_GEO,GSE26682,GSM656618,single_sample_rank,xgboost,0,0.026419686153531075,0.302778035402298,full_discovery_fixed_200
TCGA_to_GEO,GSE26682,GSM656625,single_sample_rank,xgboost,0,0.06980772316455841,0.302778035402298,full_discovery_fixed_200
TCGA_to_GEO,GSE26682,GSM656634,single_sample_rank,xgboost,0,0.3272959589958191,0.302778035402298,full_discovery_fixed_200
TCGA_to_GEO,GSE26682,GSM656635,single_sample_rank,xgboost,0,0.07230746001005173,0.302778035402298,full_discovery_fixed_200
TCGA_to_GEO,GSE26682,GSM656636,single_sample_rank,xgboost,0,0.04404543340206146,0.302778035402298,full_discovery_fixed_200
TCGA_to_GEO,GSE26682,GSM656639,single_sample_rank,xgboost,0,0.059491392225027084,0.302778035402298,full_discovery_fixed_200
TCGA_to_GEO,GSE26682,GSM656640,single_sample_rank,xgboost,0,0.17924655973911285,0.302778035402298,full_discovery_fixed_200
TCGA_to_GEO,GSE26682,GSM656642,single_sample_rank,xgboost,0,0.06744219362735748,0.302778035402298,full_discovery_fixed_200
TCGA_to_GEO,GSE26682,GSM656644,single_sample_rank,xgboost,0,0.03910409286618233,0.302778035402298,full_discovery_fixed_200
TCGA_to_GEO,GSE26682,GSM656657,single_sample_rank,xgboost,0,0.14528398215770721,0.302778035402298,full_discovery_fixed_200
TCGA_to_GEO,GSE26682,GSM656662,single_sample_rank,xgboost,0,0.11077377200126648,0.302778035402298,full_discovery_fixed_200
TCGA_to_GEO,GSE26682,GSM656663,single_sample_rank,xgboost,0,0.13232502341270447,0.302778035402298,full_discovery_fixed_200
TCGA_to_GEO,GSE26682,GSM656669,single_sample_rank,xgboost,1,0.46888020634651184,0.302778035402298,full_discovery_fixed_200
TCGA_to_GEO,GSE26682,GSM656672,single_sample_rank,xgboost,0,0.1604720503091812,0.302778035402298,full_discovery_fixed_200
TCGA_to_GEO,GSE26682,GSM656675,single_sample_rank,xgboost,0,0.07885213196277618,0.302778035402298,full_discovery_fixed_200
TCGA_to_GEO,GSE26682,GSM656676,single_sample_rank,xgboost,0,0.0876200720667839,0.302778035402298,full_discovery_fixed_200
TCGA_to_GEO,GSE26682,GSM656678,single_sample_rank,xgboost,0,0.15231893956661224,0.302778035402298,full_discovery_fixed_200
TCGA_to_GEO,GSE26682,GSM656679,single_sample_rank,xgboost,1,0.6179901361465454,0.302778035402298,full_discovery_fixed_200
TCGA_to_GEO,GSE26682,GSM656683,single_sample_rank,xgboost,0,0.08487527817487717,0.302778035402298,full_discovery_fixed_200
TCGA_to_GEO,GSE26682,GSM656687,single_sample_rank,xgboost,0,0.16756144165992737,0.302778035402298,full_discovery_fixed_200
TCGA_to_GEO,GSE26682,GSM656691,single_sample_rank,xgboost,0,0.1289016455411911,0.302778035402298,full_discovery_fixed_200
TCGA_to_GEO,GSE26682,GSM656692,single_sample_rank,xgboost,0,0.09256836771965027,0.302778035402298,full_discovery_fixed_200
TCGA_to_GEO,GSE26682,GSM656693,single_sample_rank,xgboost,0,0.17075727880001068,0.302778035402298,full_discovery_fixed_200
TCGA_to_GEO,GSE26682,GSM656695,single_sample_rank,xgboost,0,0.03254828602075577,0.302778035402298,full_discovery_fixed_200
TCGA_to_GEO,GSE26682,GSM656698,single_sample_rank,xgboost,0,0.06874216347932816,0.302778035402298,full_discovery_fixed_200
TCGA_to_GEO,GSE26682,GSM656699,single_sample_rank,xgboost,0,0.03190397098660469,0.302778035402298,full_discovery_fixed_200
TCGA_to_GEO,GSE26682,GSM656700,single_sample_rank,xgboost,0,0.05043919384479523,0.302778035402298,full_discovery_fixed_200
TCGA_to_GEO,GSE26682,GSM656701,single_sample_rank,xgboost,0,0.21745683252811432,0.302778035402298,full_discovery_fixed_200
TCGA_to_GEO,GSE26682,GSM656702,single_sample_rank,xgboost,0,0.128920778632164,0.302778035402298,full_discovery_fixed_200
TCGA_to_GEO,GSE26682,GSM656703,single_sample_rank,xgboost,0,0.06866560876369476,0.302778035402298,full_discovery_fixed_200
TCGA_to_GEO,GSE26682,GSM656704,single_sample_rank,xgboost,0,0.14801794290542603,0.302778035402298,full_discovery_fixed_200
TCGA_to_GEO,GSE26682,GSM656705,single_sample_rank,xgboost,0,0.4029625356197357,0.302778035402298,full_discovery_fixed_200
TCGA_to_GEO,GSE26682,GSM656707,single_sample_rank,xgboost,0,0.09059647470712662,0.302778035402298,full_discovery_fixed_200
TCGA_to_GEO,GSE26682,GSM656710,single_sample_rank,xgboost,0,0.07179900258779526,0.302778035402298,full_discovery_fixed_200
TCGA_to_GEO,GSE26682,GSM656711,single_sample_rank,xgboost,0,0.2313963621854782,0.302778035402298,full_discovery_fixed_200
TCGA_to_GEO,GSE26682,GSM656714,single_sample_rank,xgboost,0,0.04846969246864319,0.302778035402298,full_discovery_fixed_200
TCGA_to_GEO,GSE26682,GSM656715,single_sample_rank,xgboost,0,0.1092594638466835,0.302778035402298,full_discovery_fixed_200
TCGA_to_GEO,GSE26682,GSM656720,single_sample_rank,xgboost,0,0.06151411309838295,0.302778035402298,full_discovery_fixed_200
TCGA_to_GEO,GSE26682,GSM656721,single_sample_rank,xgboost,0,0.06424778699874878,0.302778035402298,full_discovery_fixed_200
TCGA_to_GEO,GSE26682,GSM656726,single_sample_rank,xgboost,0,0.2104547768831253,0.302778035402298,full_discovery_fixed_200
TCGA_to_GEO,GSE26682,GSM656732,single_sample_rank,xgboost,0,0.03211251646280289,0.302778035402298,full_discovery_fixed_200
TCGA_to_GEO,GSE26682,GSM656735,single_sample_rank,xgboost,0,0.04070567712187767,0.302778035402298,full_discovery_fixed_200
TCGA_to_GEO,GSE26682,GSM656736,single_sample_rank,xgboost,1,0.5386301279067993,0.302778035402298,full_discovery_fixed_200
TCGA_to_GEO,GSE26682,GSM656737,single_sample_rank,xgboost,0,0.1357700675725937,0.302778035402298,full_discovery_fixed_200
TCGA_to_GEO,GSE26682,GSM656739,single_sample_rank,xgboost,0,0.08135964721441269,0.302778035402298,full_discovery_fixed_200
TCGA_to_GEO,GSE26682,GSM656742,single_sample_rank,xgboost,0,0.05622703209519386,0.302778035402298,full_discovery_fixed_200
TCGA_to_GEO,GSE26682,GSM656749,single_sample_rank,xgboost,0,0.040808435529470444,0.302778035402298,full_discovery_fixed_200
TCGA_to_GEO,GSE26682,GSM656768,single_sample_rank,xgboost,0,0.04449443519115448,0.302778035402298,full_discovery_fixed_200
TCGA_to_GEO,GSE26682,GSM656769,single_sample_rank,xgboost,0,0.026159074157476425,0.302778035402298,full_discovery_fixed_200
TCGA_to_GEO,GSE26682,GSM656770,single_sample_rank,xgboost,0,0.2027418166399002,0.302778035402298,full_discovery_fixed_200
TCGA_to_GEO,GSE26682,GSM656772,single_sample_rank,xgboost,0,0.05015977844595909,0.302778035402298,full_discovery_fixed_200
TCGA_to_GEO,GSE26682,GSM656775,single_sample_rank,xgboost,0,0.04234636202454567,0.302778035402298,full_discovery_fixed_200
TCGA_to_GEO,GSE26682,GSM656776,single_sample_rank,xgboost,0,0.1488211750984192,0.302778035402298,full_discovery_fixed_200
TCGA_to_GEO,GSE26682,GSM656777,single_sample_rank,xgboost,0,0.07091984152793884,0.302778035402298,full_discovery_fixed_200
TCGA_to_GEO,GSE26682,GSM656783,single_sample_rank,xgboost,0,0.06388042122125626,0.302778035402298,full_discovery_fixed_200
TCGA_to_GEO,GSE26682,GSM656785,single_sample_rank,xgboost,0,0.12925304472446442,0.302778035402298,full_discovery_fixed_200
TCGA_to_GEO,GSE26682,GSM656787,single_sample_rank,xgboost,0,0.6678727865219116,0.302778035402298,full_discovery_fixed_200
TCGA_to_GEO,GSE26682,GSM656794,single_sample_rank,xgboost,0,0.04091827943921089,0.302778035402298,full_discovery_fixed_200
TCGA_to_GEO,GSE26682,GSM656800,single_sample_rank,xgboost,0,0.0914505198597908,0.302778035402298,full_discovery_fixed_200
TCGA_to_GEO,GSE26682,GSM656803,single_sample_rank,xgboost,0,0.08101998269557953,0.302778035402298,full_discovery_fixed_200
TCGA_to_GEO,GSE26682,GSM656804,single_sample_rank,xgboost,0,0.10674100369215012,0.302778035402298,full_discovery_fixed_200
TCGA_to_GEO,GSE26682,GSM656806,single_sample_rank,xgboost,0,0.04995154216885567,0.302778035402298,full_discovery_fixed_200
TCGA_to_GEO,GSE26682,GSM656809,single_sample_rank,xgboost,0,0.05180596187710762,0.302778035402298,full_discovery_fixed_200
TCGA_to_GEO,GSE26682,GSM656811,single_sample_rank,xgboost,0,0.09429901838302612,0.302778035402298,full_discovery_fixed_200
TCGA_to_GEO,GSE26682,GSM656816,single_sample_rank,xgboost,0,0.3233290910720825,0.302778035402298,full_discovery_fixed_200
TCGA_to_GEO,GSE26682,GSM656819,single_sample_rank,xgboost,0,0.03384890779852867,0.302778035402298,full_discovery_fixed_200
TCGA_to_GEO,GSE26682,GSM656820,single_sample_rank,xgboost,1,0.6188761591911316,0.302778035402298,full_discovery_fixed_200
TCGA_to_GEO,GSE26682,GSM656822,single_sample_rank,xgboost,0,0.4177618622779846,0.302778035402298,full_discovery_fixed_200
TCGA_to_GEO,GSE26682,GSM656824,single_sample_rank,xgboost,0,0.08472924679517746,0.302778035402298,full_discovery_fixed_200
TCGA_to_GEO,GSE26682,GSM656825,single_sample_rank,xgboost,0,0.10933177173137665,0.302778035402298,full_discovery_fixed_200
TCGA_to_GEO,GSE26682,GSM656830,single_sample_rank,xgboost,0,0.02963995188474655,0.302778035402298,full_discovery_fixed_200
TCGA_to_GEO,GSE26682,GSM656831,single_sample_rank,xgboost,0,0.09607920795679092,0.302778035402298,full_discovery_fixed_200
TCGA_to_GEO,GSE26682,GSM656832,single_sample_rank,xgboost,0,0.027573196217417717,0.302778035402298,full_discovery_fixed_200
TCGA_to_GEO,GSE26682,GSM656833,single_sample_rank,xgboost,0,0.164763405919075,0.302778035402298,full_discovery_fixed_200
TCGA_to_GEO,GSE26682,GSM656834,single_sample_rank,xgboost,0,0.06799682974815369,0.302778035402298,full_discovery_fixed_200
TCGA_to_GEO,GSE26682,GSM656836,single_sample_rank,xgboost,0,0.14801137149333954,0.302778035402298,full_discovery_fixed_200
TCGA_to_GEO,GSE26682,GSM656837,single_sample_rank,xgboost,1,0.6436072587966919,0.302778035402298,full_discovery_fixed_200
TCGA_to_GEO,GSE26682,GSM656840,single_sample_rank,xgboost,0,0.030213629826903343,0.302778035402298,full_discovery_fixed_200
TCGA_to_GEO,GSE26682,GSM656841,single_sample_rank,xgboost,0,0.3793518841266632,0.302778035402298,full_discovery_fixed_200
TCGA_to_GEO,GSE26682,GSM656842,single_sample_rank,xgboost,1,0.5601247549057007,0.302778035402298,full_discovery_fixed_200
TCGA_to_GEO,GSE26682,GSM656843,single_sample_rank,xgboost,0,0.07510904967784882,0.302778035402298,full_discovery_fixed_200
TCGA_to_GEO,GSE26682,GSM656845,single_sample_rank,xgboost,0,0.23269443213939667,0.302778035402298,full_discovery_fixed_200
TCGA_to_GEO,GSE26682,GSM656846,single_sample_rank,xgboost,0,0.17886972427368164,0.302778035402298,full_discovery_fixed_200
TCGA_to_GEO,GSE26682,GSM656847,single_sample_rank,xgboost,0,0.48458072543144226,0.302778035402298,full_discovery_fixed_200
TCGA_to_GEO,GSE26682,GSM656849,single_sample_rank,xgboost,1,0.826736569404602,0.302778035402298,full_discovery_fixed_200
TCGA_to_GEO,GSE26682,GSM656850,single_sample_rank,xgboost,1,0.07297176867723465,0.302778035402298,full_discovery_fixed_200
TCGA_to_GEO,GSE26682,GSM656851,single_sample_rank,xgboost,1,0.6971220970153809,0.302778035402298,full_discovery_fixed_200
TCGA_to_GEO,GSE26682,GSM656853,single_sample_rank,xgboost,0,0.034763406962156296,0.302778035402298,full_discovery_fixed_200
TCGA_to_GEO,GSE26682,GSM656854,single_sample_rank,xgboost,1,0.7586347460746765,0.302778035402298,full_discovery_fixed_200
TCGA_to_GEO,GSE26682,GSM656857,single_sample_rank,xgboost,0,0.14670898020267487,0.302778035402298,full_discovery_fixed_200
TCGA_to_GEO,GSE26682,GSM656858,single_sample_rank,xgboost,0,0.08734559267759323,0.302778035402298,full_discovery_fixed_200
TCGA_to_GEO,GSE26682,GSM656859,single_sample_rank,xgboost,0,0.4519793391227722,0.302778035402298,full_discovery_fixed_200
TCGA_to_GEO,GSE26682,GSM656860,single_sample_rank,xgboost,0,0.3462196886539459,0.302778035402298,full_discovery_fixed_200
TCGA_to_GEO,GSE26682,GSM656861,single_sample_rank,xgboost,0,0.033184848725795746,0.302778035402298,full_discovery_fixed_200
TCGA_to_GEO,GSE26682,GSM656863,single_sample_rank,xgboost,0,0.07194346189498901,0.302778035402298,full_discovery_fixed_200
TCGA_to_GEO,GSE26682,GSM656864,single_sample_rank,xgboost,1,0.6758360266685486,0.302778035402298,full_discovery_fixed_200
TCGA_to_GEO,GSE26682,GSM656865,single_sample_rank,xgboost,1,0.08902207762002945,0.302778035402298,full_discovery_fixed_200
TCGA_to_GEO,GSE26682,GSM656867,single_sample_rank,xgboost,0,0.12006190419197083,0.302778035402298,full_discovery_fixed_200
TCGA_to_GEO,GSE26682,GSM656868,single_sample_rank,xgboost,0,0.20780640840530396,0.302778035402298,full_discovery_fixed_200
TCGA_to_GEO,GSE26682,GSM656869,single_sample_rank,xgboost,0,0.05716013163328171,0.302778035402298,full_discovery_fixed_200
TCGA_to_GEO,GSE26682,GSM656870,single_sample_rank,xgboost,0,0.09430897235870361,0.302778035402298,full_discovery_fixed_200
TCGA_to_GEO,GSE39084,GSM955440,single_sample_rank,xgboost,0,0.13222108781337738,0.302778035402298,full_discovery_fixed_200
TCGA_to_GEO,GSE39084,GSM955441,single_sample_rank,xgboost,0,0.0395311638712883,0.302778035402298,full_discovery_fixed_200
TCGA_to_GEO,GSE39084,GSM955442,single_sample_rank,xgboost,0,0.16573411226272583,0.302778035402298,full_discovery_fixed_200
TCGA_to_GEO,GSE39084,GSM955443,single_sample_rank,xgboost,0,0.09899119287729263,0.302778035402298,full_discovery_fixed_200
TCGA_to_GEO,GSE39084,GSM955444,single_sample_rank,xgboost,0,0.2091446965932846,0.302778035402298,full_discovery_fixed_200
TCGA_to_GEO,GSE39084,GSM955445,single_sample_rank,xgboost,0,0.05762636289000511,0.302778035402298,full_discovery_fixed_200
TCGA_to_GEO,GSE39084,GSM955446,single_sample_rank,xgboost,0,0.12647199630737305,0.302778035402298,full_discovery_fixed_200
TCGA_to_GEO,GSE39084,GSM955447,single_sample_rank,xgboost,1,0.3717659115791321,0.302778035402298,full_discovery_fixed_200
TCGA_to_GEO,GSE39084,GSM955448,single_sample_rank,xgboost,1,0.6136819124221802,0.302778035402298,full_discovery_fixed_200
TCGA_to_GEO,GSE39084,GSM955449,single_sample_rank,xgboost,0,0.084329754114151,0.302778035402298,full_discovery_fixed_200
TCGA_to_GEO,GSE39084,GSM955450,single_sample_rank,xgboost,0,0.02795342728495598,0.302778035402298,full_discovery_fixed_200
TCGA_to_GEO,GSE39084,GSM955451,single_sample_rank,xgboost,0,0.04257286339998245,0.302778035402298,full_discovery_fixed_200
TCGA_to_GEO,GSE39084,GSM955452,single_sample_rank,xgboost,0,0.07950600981712341,0.302778035402298,full_discovery_fixed_200
TCGA_to_GEO,GSE39084,GSM955453,single_sample_rank,xgboost,0,0.07564099878072739,0.302778035402298,full_discovery_fixed_200
TCGA_to_GEO,GSE39084,GSM955455,single_sample_rank,xgboost,0,0.30984315276145935,0.302778035402298,full_discovery_fixed_200
TCGA_to_GEO,GSE39084,GSM955456,single_sample_rank,xgboost,0,0.09683758020401001,0.302778035402298,full_discovery_fixed_200
TCGA_to_GEO,GSE39084,GSM955457,single_sample_rank,xgboost,0,0.22535210847854614,0.302778035402298,full_discovery_fixed_200
TCGA_to_GEO,GSE39084,GSM955458,single_sample_rank,xgboost,1,0.4318775534629822,0.302778035402298,full_discovery_fixed_200
TCGA_to_GEO,GSE39084,GSM955459,single_sample_rank,xgboost,1,0.30889666080474854,0.302778035402298,full_discovery_fixed_200
TCGA_to_GEO,GSE39084,GSM955460,single_sample_rank,xgboost,1,0.3801123797893524,0.302778035402298,full_discovery_fixed_200
TCGA_to_GEO,GSE39084,GSM955461,single_sample_rank,xgboost,1,0.21216844022274017,0.302778035402298,full_discovery_fixed_200
TCGA_to_GEO,GSE39084,GSM955462,single_sample_rank,xgboost,0,0.274773508310318,0.302778035402298,full_discovery_fixed_200
TCGA_to_GEO,GSE39084,GSM955463,single_sample_rank,xgboost,0,0.09072152525186539,0.302778035402298,full_discovery_fixed_200
TCGA_to_GEO,GSE39084,GSM955464,single_sample_rank,xgboost,0,0.10922061651945114,0.302778035402298,full_discovery_fixed_200
TCGA_to_GEO,GSE39084,GSM955466,single_sample_rank,xgboost,1,0.36862027645111084,0.302778035402298,full_discovery_fixed_200
TCGA_to_GEO,GSE39084,GSM955467,single_sample_rank,xgboost,1,0.3381829857826233,0.302778035402298,full_discovery_fixed_200
TCGA_to_GEO,GSE39084,GSM955468,single_sample_rank,xgboost,1,0.3869357705116272,0.302778035402298,full_discovery_fixed_200
TCGA_to_GEO,GSE39084,GSM955469,single_sample_rank,xgboost,1,0.3694919943809509,0.302778035402298,full_discovery_fixed_200
TCGA_to_GEO,GSE39084,GSM955470,single_sample_rank,xgboost,1,0.3416549265384674,0.302778035402298,full_discovery_fixed_200
TCGA_to_GEO,GSE39084,GSM955471,single_sample_rank,xgboost,1,0.26773178577423096,0.302778035402298,full_discovery_fixed_200
TCGA_to_GEO,GSE39084,GSM955472,single_sample_rank,xgboost,1,0.377043753862381,0.302778035402298,full_discovery_fixed_200
TCGA_to_GEO,GSE39084,GSM955473,single_sample_rank,xgboost,1,0.6311888098716736,0.302778035402298,full_discovery_fixed_200
TCGA_to_GEO,GSE39084,GSM955474,single_sample_rank,xgboost,0,0.29433682560920715,0.302778035402298,full_discovery_fixed_200
TCGA_to_GEO,GSE39084,GSM955475,single_sample_rank,xgboost,0,0.1527738720178604,0.302778035402298,full_discovery_fixed_200
TCGA_to_GEO,GSE39084,GSM955476,single_sample_rank,xgboost,0,0.20291781425476074,0.302778035402298,full_discovery_fixed_200
TCGA_to_GEO,GSE39084,GSM955477,single_sample_rank,xgboost,0,0.2038125842809677,0.302778035402298,full_discovery_fixed_200
TCGA_to_GEO,GSE39084,GSM955478,single_sample_rank,xgboost,0,0.15177179872989655,0.302778035402298,full_discovery_fixed_200
TCGA_to_GEO,GSE39084,GSM955479,single_sample_rank,xgboost,0,0.4812025725841522,0.302778035402298,full_discovery_fixed_200
TCGA_to_GEO,GSE39084,GSM955480,single_sample_rank,xgboost,0,0.09842964261770248,0.302778035402298,full_discovery_fixed_200
TCGA_to_GEO,GSE39084,GSM955482,single_sample_rank,xgboost,0,0.09179015457630157,0.302778035402298,full_discovery_fixed_200
TCGA_to_GEO,GSE39084,GSM955483,single_sample_rank,xgboost,0,0.3166773021221161,0.302778035402298,full_discovery_fixed_200
TCGA_to_GEO,GSE39084,GSM955484,single_sample_rank,xgboost,0,0.07260224968194962,0.302778035402298,full_discovery_fixed_200
TCGA_to_GEO,GSE39084,GSM955485,single_sample_rank,xgboost,0,0.12258073687553406,0.302778035402298,full_discovery_fixed_200
TCGA_to_GEO,GSE39084,GSM955486,single_sample_rank,xgboost,0,0.13024573028087616,0.302778035402298,full_discovery_fixed_200
TCGA_to_GEO,GSE39084,GSM955487,single_sample_rank,xgboost,0,0.35919874906539917,0.302778035402298,full_discovery_fixed_200
TCGA_to_GEO,GSE39084,GSM955488,single_sample_rank,xgboost,0,0.2699665129184723,0.302778035402298,full_discovery_fixed_200
TCGA_to_GEO,GSE39084,GSM955489,single_sample_rank,xgboost,0,0.06989489495754242,0.302778035402298,full_discovery_fixed_200
TCGA_to_GEO,GSE39084,GSM955490,single_sample_rank,xgboost,0,0.041770223528146744,0.302778035402298,full_discovery_fixed_200
TCGA_to_GEO,GSE39084,GSM955491,single_sample_rank,xgboost,0,0.059306398034095764,0.302778035402298,full_discovery_fixed_200
TCGA_to_GEO,GSE39084,GSM955492,single_sample_rank,xgboost,0,0.06728804111480713,0.302778035402298,full_discovery_fixed_200
TCGA_to_GEO,GSE39084,GSM955493,single_sample_rank,xgboost,0,0.06384994834661484,0.302778035402298,full_discovery_fixed_200
TCGA_to_GEO,GSE39084,GSM955494,single_sample_rank,xgboost,0,0.1940017193555832,0.302778035402298,full_discovery_fixed_200
TCGA_to_GEO,GSE39084,GSM955495,single_sample_rank,xgboost,0,0.1037566289305687,0.302778035402298,full_discovery_fixed_200
TCGA_to_GEO,GSE39084,GSM955496,single_sample_rank,xgboost,0,0.08268547803163528,0.302778035402298,full_discovery_fixed_200
TCGA_to_GEO,GSE39084,GSM955497,single_sample_rank,xgboost,0,0.1030057892203331,0.302778035402298,full_discovery_fixed_200
TCGA_to_GEO,GSE39084,GSM955498,single_sample_rank,xgboost,0,0.058650314807891846,0.302778035402298,full_discovery_fixed_200
TCGA_to_GEO,GSE39084,GSM955499,single_sample_rank,xgboost,0,0.16643138229846954,0.302778035402298,full_discovery_fixed_200
TCGA_to_GEO,GSE39084,GSM955500,single_sample_rank,xgboost,0,0.258562833070755,0.302778035402298,full_discovery_fixed_200
TCGA_to_GEO,GSE39084,GSM955501,single_sample_rank,xgboost,0,0.16915373504161835,0.302778035402298,full_discovery_fixed_200
TCGA_to_GEO,GSE39084,GSM955502,single_sample_rank,xgboost,0,0.16339829564094543,0.302778035402298,full_discovery_fixed_200
TCGA_to_GEO,GSE39084,GSM955503,single_sample_rank,xgboost,0,0.12655599415302277,0.302778035402298,full_discovery_fixed_200
TCGA_to_GEO,GSE39084,GSM955504,single_sample_rank,xgboost,0,0.31381258368492126,0.302778035402298,full_discovery_fixed_200
TCGA_to_GEO,GSE39084,GSM955505,single_sample_rank,xgboost,0,0.09646500647068024,0.302778035402298,full_discovery_fixed_200
TCGA_to_GEO,GSE39084,GSM955506,single_sample_rank,xgboost,0,0.05502743646502495,0.302778035402298,full_discovery_fixed_200
TCGA_to_GEO,GSE39084,GSM955507,single_sample_rank,xgboost,0,0.04813886806368828,0.302778035402298,full_discovery_fixed_200
TCGA_to_GEO,GSE39084,GSM955508,single_sample_rank,xgboost,1,0.519698441028595,0.302778035402298,full_discovery_fixed_200
TCGA_to_GEO,GSE39084,GSM955509,single_sample_rank,xgboost,1,0.4130677580833435,0.302778035402298,full_discovery_fixed_200
