panel_id,representation,gene,f_statistic,raw_pvalue,panel_size
outer_fold_0,fixed_log_expression,ACE2,36.067164268879495,2.8321825633416794e-08,200
outer_fold_0,fixed_log_expression,ADGRG6,42.75917863637201,2.3603034941056347e-09,200
outer_fold_0,fixed_log_expression,AGR2,37.07147033874359,1.9348387656951726e-08,200
outer_fold_0,fixed_log_expression,ALOXE3,64.32804099979627,1.6613519030502617e-12,200
outer_fold_0,fixed_log_expression,AMACR,44.55103298032534,1.2387694224907297e-09,200
outer_fold_0,fixed_log_expression,APOBEC3F,42.81894693801308,2.3097779715301287e-09,200
outer_fold_0,fixed_log_expression,APOBEC3G,62.003308146580146,3.4615367818329876e-12,200
outer_fold_0,fixed_log_expression,APOL3,91.24062778194781,6.746844909214135e-16,200
outer_fold_0,fixed_log_expression,AREG,42.44411953450678,2.645901968354163e-09,200
outer_fold_0,fixed_log_expression,ARHGAP10,51.963239861951664,9.37060207866143e-11,200
outer_fold_0,fixed_log_expression,ARNTL2,49.028216572544075,2.563630908181626e-10,200
outer_fold_0,fixed_log_expression,ASCL2,80.28646823337196,1.4051483420277755e-14,200
outer_fold_0,fixed_log_expression,ATP10B,37.44096079450314,1.6830150079028056e-08,200
outer_fold_0,fixed_log_expression,ATP10D,47.71557879439558,4.047707441816238e-10,200
outer_fold_0,fixed_log_expression,ATP9A,58.13920899247391,1.201145334169532e-11,200
outer_fold_0,fixed_log_expression,B3GNT4,37.68266038233267,1.5366263201495957e-08,200
outer_fold_0,fixed_log_expression,BAG3,36.3711435212356,2.52289473519462e-08,200
outer_fold_0,fixed_log_expression,BLVRA,40.92477935621191,4.606933995285861e-09,200
outer_fold_0,fixed_log_expression,BTN3A1,50.54971764373472,1.517674266766756e-10,200
outer_fold_0,fixed_log_expression,CAB39L,45.551773081559816,8.673393078204697e-10,200
outer_fold_0,fixed_log_expression,CADPS,38.54823473836694,1.110807452464735e-08,200
outer_fold_0,fixed_log_expression,CCDC88A,36.099601428785846,2.7974120619602134e-08,200
outer_fold_0,fixed_log_expression,CCL4,54.67023048791824,3.7691526135235245e-11,200
outer_fold_0,fixed_log_expression,CCL5,62.05194610100227,3.4084073988413233e-12,200
outer_fold_0,fixed_log_expression,CD226,36.41887043247779,2.477562945184462e-08,200
outer_fold_0,fixed_log_expression,CD244,73.63793371854473,9.724430429768336e-14,200
outer_fold_0,fixed_log_expression,CD247,36.1824658928401,2.7105511321631262e-08,200
outer_fold_0,fixed_log_expression,CD86,37.06746816654468,1.9377674317132347e-08,200
outer_fold_0,fixed_log_expression,CD8A,51.782197859545995,9.964987322912105e-11,200
outer_fold_0,fixed_log_expression,CD96,41.090169585799316,4.335746251883956e-09,200
outer_fold_0,fixed_log_expression,CDHR1,53.851755837978466,4.9554251909822784e-11,200
outer_fold_0,fixed_log_expression,CDX2,36.394135626511535,2.500951745004887e-08,200
outer_fold_0,fixed_log_expression,CEACAM5,51.47626557865746,1.1058226566020674e-10,200
outer_fold_0,fixed_log_expression,CEBPA,42.64635718540244,2.458772828574986e-09,200
outer_fold_0,fixed_log_expression,CEL,36.9332606557339,2.0386410040920317e-08,200
outer_fold_0,fixed_log_expression,CELP,61.11065662840363,4.601706760747653e-12,200
outer_fold_0,fixed_log_expression,CFTR,40.572712395948685,5.243331806112563e-09,200
outer_fold_0,fixed_log_expression,CHST15,45.2361827813451,9.702581852961733e-10,200
outer_fold_0,fixed_log_expression,CIITA,47.6289025104022,4.172253836803437e-10,200
outer_fold_0,fixed_log_expression,CITED2,48.85230132636302,2.7247928530387006e-10,200
outer_fold_0,fixed_log_expression,CRTAM,70.84996745652678,2.2379189399647913e-13,200
outer_fold_0,fixed_log_expression,CTSW,43.855316466795784,1.5895179908498158e-09,200
outer_fold_0,fixed_log_expression,CXCL13,42.22116234947218,2.869111448544729e-09,200
outer_fold_0,fixed_log_expression,CXCL14,57.7705577715312,1.3547050121838786e-11,200
outer_fold_0,fixed_log_expression,CXCL9,46.53503983751421,6.125767184159096e-10,200
outer_fold_0,fixed_log_expression,CXCR4,48.780516412437734,2.793492440555245e-10,200
outer_fold_0,fixed_log_expression,CYP2B6,53.30534709891218,5.953553958155374e-11,200
outer_fold_0,fixed_log_expression,DDAH2,38.786435015995735,1.0162926716432523e-08,200
outer_fold_0,fixed_log_expression,DDX27,76.43502401675183,4.2710432133495277e-14,200
outer_fold_0,fixed_log_expression,DPEP1,41.86351400637269,3.2680618759655263e-09,200
outer_fold_0,fixed_log_expression,DPYD,39.440490011093395,7.967700275815786e-09,200
outer_fold_0,fixed_log_expression,DUSP4,58.44216995267761,1.0883020015617688e-11,200
outer_fold_0,fixed_log_expression,ENGASE,42.47675489551513,2.6147490903920333e-09,200
outer_fold_0,fixed_log_expression,ENO2,38.17841109411324,1.2756691850582228e-08,200
outer_fold_0,fixed_log_expression,EPB41L1,39.85140809070475,6.8422790110314285e-09,200
outer_fold_0,fixed_log_expression,EPM2AIP1,82.86021684297211,6.773623433440338e-15,200
outer_fold_0,fixed_log_expression,ETV5,78.43610126665014,2.3898703368435732e-14,200
outer_fold_0,fixed_log_expression,FABP1,53.35820537507704,5.848628939950823e-11,200
outer_fold_0,fixed_log_expression,FARP1,40.49176546621738,5.40192524578864e-09,200
outer_fold_0,fixed_log_expression,FASLG,60.42870272410728,5.7260165425306054e-12,200
outer_fold_0,fixed_log_expression,FCGR2A,39.9943699312866,6.489939626432987e-09,200
outer_fold_0,fixed_log_expression,FCGR2C,54.00745757939267,4.703534624919516e-11,200
outer_fold_0,fixed_log_expression,FECH,92.7868078334407,4.457566549204202e-16,200
outer_fold_0,fixed_log_expression,FGFR4,44.296520318437736,1.3568680077130647e-09,200
outer_fold_0,fixed_log_expression,FMO1,45.91422041687648,7.627725302597555e-10,200
outer_fold_0,fixed_log_expression,FOXD1,57.137573297037726,1.666666505290504e-11,200
outer_fold_0,fixed_log_expression,FUT8,41.03231886049847,4.428700536591133e-09,200
outer_fold_0,fixed_log_expression,GAD1,59.371218660515424,8.05150196596037e-12,200
outer_fold_0,fixed_log_expression,GALNT6,39.09883201133441,9.046378541539861e-09,200
outer_fold_0,fixed_log_expression,GBP1,42.60990169335989,2.491478769701246e-09,200
outer_fold_0,fixed_log_expression,GBP2,39.168115165790965,8.816197759009402e-09,200
outer_fold_0,fixed_log_expression,GFI1,146.65632169901247,1.3789617292566328e-21,200
outer_fold_0,fixed_log_expression,GJB1,37.368826191679,1.729405290094586e-08,200
outer_fold_0,fixed_log_expression,GM2A,38.89494648155043,9.759974926441182e-09,200
outer_fold_0,fixed_log_expression,GNG4,45.775660208126574,8.011384944253756e-10,200
outer_fold_0,fixed_log_expression,GNLY,83.94753126857773,4.99211596034947e-15,200
outer_fold_0,fixed_log_expression,GRM8,58.50010698764973,1.067985123320593e-11,200
outer_fold_0,fixed_log_expression,GSPT2,59.669681578652614,7.311354659230354e-12,200
outer_fold_0,fixed_log_expression,GTF2IRD1,49.574508247060656,2.122436308258624e-10,200
outer_fold_0,fixed_log_expression,GUCY2C,36.271364244820965,2.6204212099766603e-08,200
outer_fold_0,fixed_log_expression,GZMA,54.515157375999685,3.96926328227336e-11,200
outer_fold_0,fixed_log_expression,GZMH,65.46831135419974,1.163467304664844e-12,200
outer_fold_0,fixed_log_expression,HLA-F-AS1,37.46120868041904,1.6702231035586402e-08,200
outer_fold_0,fixed_log_expression,HMGCS2,38.79807804022587,1.011888993388895e-08,200
outer_fold_0,fixed_log_expression,HNF4A,41.74431600728162,3.413249956020471e-09,200
outer_fold_0,fixed_log_expression,HOXC4,41.71444261957069,3.4506574544662494e-09,200
outer_fold_0,fixed_log_expression,HOXC6,70.36712124515935,2.5890469639981697e-13,200
outer_fold_0,fixed_log_expression,HOXD1,39.34154235718843,8.265858833589284e-09,200
outer_fold_0,fixed_log_expression,HPSE,69.36851636732275,3.504464709487044e-13,200
outer_fold_0,fixed_log_expression,HS3ST3B1,50.926398603130814,1.334065990299007e-10,200
outer_fold_0,fixed_log_expression,HUNK,75.68764040502123,5.314367450153554e-14,200
outer_fold_0,fixed_log_expression,ICAM1,52.585853880676076,7.58859011886157e-11,200
outer_fold_0,fixed_log_expression,IDO1,37.71910351946601,1.5157092438934863e-08,200
outer_fold_0,fixed_log_expression,IFNG,65.60777034980194,1.114055988030784e-12,200
outer_fold_0,fixed_log_expression,IHH,87.10254893269496,2.0802235538011873e-15,200
outer_fold_0,fixed_log_expression,IL18BP,42.68395727171342,2.425498663833089e-09,200
outer_fold_0,fixed_log_expression,IL2RB,41.40980740144985,3.856862417878824e-09,200
outer_fold_0,fixed_log_expression,IRF1,49.939771681955854,1.8713944326802584e-10,200
outer_fold_0,fixed_log_expression,ITGAE,37.65737913074366,1.5513097053940804e-08,200
outer_fold_0,fixed_log_expression,KDSR,42.92104809303161,2.2260039312087945e-09,200
outer_fold_0,fixed_log_expression,KHDRBS3,77.5326854074705,3.103570765609931e-14,200
outer_fold_0,fixed_log_expression,KIR2DL4,69.94732705834346,2.939796950930554e-13,200
outer_fold_0,fixed_log_expression,KLF7,39.26783937122533,8.495326959983615e-09,200
outer_fold_0,fixed_log_expression,KLRD1,76.7723711687954,3.8710012766615335e-14,200
outer_fold_0,fixed_log_expression,KRT23,44.95651205891638,1.0718515653556904e-09,200
outer_fold_0,fixed_log_expression,LAG3,54.26329911456784,4.317645292526246e-11,200
outer_fold_0,fixed_log_expression,LAP3,41.494520258395745,3.739237107396713e-09,200
outer_fold_0,fixed_log_expression,LAPTM4B,46.600530479104634,5.98602425573722e-10,200
outer_fold_0,fixed_log_expression,LFNG,43.164909118237304,2.038231644332725e-09,200
outer_fold_0,fixed_log_expression,LMO4,60.80652102895814,5.072319946519988e-12,200
outer_fold_0,fixed_log_expression,LRRC2,56.06875016292508,2.3695529389996314e-11,200
outer_fold_0,fixed_log_expression,LRRC36,46.18856261300253,6.922436588161255e-10,200
outer_fold_0,fixed_log_expression,MAPK12,58.78011716553779,9.751100446542046e-12,200
outer_fold_0,fixed_log_expression,MAPRE3,47.91373840347465,3.777016728588528e-10,200
outer_fold_0,fixed_log_expression,MBP,62.96958493945747,2.547985456128665e-12,200
outer_fold_0,fixed_log_expression,MCUB,48.43035342059729,3.154821734800691e-10,200
outer_fold_0,fixed_log_expression,MLH1,139.01209444027148,6.978089188274626e-21,200
outer_fold_0,fixed_log_expression,MMP24,38.1709472263782,1.27924211351043e-08,200
outer_fold_0,fixed_log_expression,MOCS3,43.0407922332155,2.1316916329617757e-09,200
outer_fold_0,fixed_log_expression,MORC4,37.31911851984997,1.7621302011828484e-08,200
outer_fold_0,fixed_log_expression,MPP3,41.716885914853144,3.4475823123956267e-09,200
outer_fold_0,fixed_log_expression,MSH4,65.85157782634764,1.0327524384278388e-12,200
outer_fold_0,fixed_log_expression,NCR1,39.34662504601843,8.250269332488393e-09,200
outer_fold_0,fixed_log_expression,NFATC1,42.7495330048386,2.3685625349590837e-09,200
outer_fold_0,fixed_log_expression,NKG7,59.796938262871464,7.017233412180925e-12,200
outer_fold_0,fixed_log_expression,NKX3-1,80.58504661181392,1.290406901548962e-14,200
outer_fold_0,fixed_log_expression,NOX1,63.63245127996341,2.067146230778839e-12,200
outer_fold_0,fixed_log_expression,NR1I2,66.2724903009992,9.063451246297966e-13,200
outer_fold_0,fixed_log_expression,NUBPL,42.6691426571798,2.4385536570401883e-09,200
outer_fold_0,fixed_log_expression,NUCB2,38.35137548466049,1.1956632857748797e-08,200
outer_fold_0,fixed_log_expression,OXCT1,42.23385404678636,2.8559042065478163e-09,200
outer_fold_0,fixed_log_expression,PAX9,40.57301682991859,5.242744404127707e-09,200
outer_fold_0,fixed_log_expression,PDCD1,36.966003423689315,2.013546852928594e-08,200
outer_fold_0,fixed_log_expression,PF4,40.53047710127912,5.3254786789002985e-09,200
outer_fold_0,fixed_log_expression,PIWIL1,52.85065126326159,6.93932044198728e-11,200
outer_fold_0,fixed_log_expression,PLAGL2,50.40263080204678,1.5961918343554206e-10,200
outer_fold_0,fixed_log_expression,PLCB4,43.771641046647595,1.638040227634476e-09,200
outer_fold_0,fixed_log_expression,PLCL2,56.226464492613786,2.249312622412551e-11,200
outer_fold_0,fixed_log_expression,PLEKHG6,38.111015793747036,1.3083038170605903e-08,200
outer_fold_0,fixed_log_expression,PODXL,36.97839578905127,2.004131731896534e-08,200
outer_fold_0,fixed_log_expression,POFUT1,63.23585843708474,2.3424337872677366e-12,200
outer_fold_0,fixed_log_expression,POU5F1B,63.92826328834913,1.8834728354629856e-12,200
outer_fold_0,fixed_log_expression,PPP1R14D,44.63039195199547,1.204132183116276e-09,200
outer_fold_0,fixed_log_expression,PPP4R1,45.320151773106794,9.417149896293645e-10,200
outer_fold_0,fixed_log_expression,PRF1,48.33890036102812,3.256814578383993e-10,200
outer_fold_0,fixed_log_expression,PRSS23,38.30402487283867,1.2170427343428846e-08,200
outer_fold_0,fixed_log_expression,PSME1,36.1296837496733,2.7655551522341712e-08,200
outer_fold_0,fixed_log_expression,PTPRD,52.58317740098781,7.595459834349312e-11,200
outer_fold_0,fixed_log_expression,PTPRO,62.67796638574127,2.7943003528385508e-12,200
outer_fold_0,fixed_log_expression,QPRT,133.05318805275724,2.5609142452503316e-20,200
outer_fold_0,fixed_log_expression,RAB27B,69.57589722298799,3.290429237251658e-13,200
outer_fold_0,fixed_log_expression,RAB32,68.02782267506029,5.276920548922049e-13,200
outer_fold_0,fixed_log_expression,RASGRP1,71.54973078701872,1.8131463595560044e-13,200
outer_fold_0,fixed_log_expression,RNF113A,36.24825878074681,2.6435484683792305e-08,200
outer_fold_0,fixed_log_expression,RNF43,98.51643869600035,9.872557837447784e-17,200
outer_fold_0,fixed_log_expression,RNLS,64.96975237580233,1.3591379855402153e-12,200
outer_fold_0,fixed_log_expression,ROBO3,66.2865921210343,9.023944391341152e-13,200
outer_fold_0,fixed_log_expression,SECTM1,47.22095598573881,4.813088122491889e-10,200
outer_fold_0,fixed_log_expression,SEMA5A,64.1032995976209,1.7827147265588403e-12,200
outer_fold_0,fixed_log_expression,SGK2,73.9029784820307,8.989943028054105e-14,200
outer_fold_0,fixed_log_expression,SLC19A3,75.56248900201594,5.512968181449136e-14,200
outer_fold_0,fixed_log_expression,SLC1A7,37.31407975744088,1.7654825370864607e-08,200
outer_fold_0,fixed_log_expression,SLC22A3,40.710540736328674,4.984140346925523e-09,200
outer_fold_0,fixed_log_expression,SLC25A37,39.11080579671477,9.006163866595314e-09,200
outer_fold_0,fixed_log_expression,SLC2A5,43.81786732787815,1.6110503382673244e-09,200
outer_fold_0,fixed_log_expression,SLC5A6,37.09744808203436,1.9159385447683693e-08,200
outer_fold_0,fixed_log_expression,SLC7A6,37.602275742042465,1.583811980435551e-08,200
outer_fold_0,fixed_log_expression,SP140,48.251857421828035,3.357013189624643e-10,200
outer_fold_0,fixed_log_expression,SPIN2B,36.127195939348496,2.7681756213476762e-08,200
outer_fold_0,fixed_log_expression,SRPX2,40.73648144975626,4.93683881191855e-09,200
outer_fold_0,fixed_log_expression,STAT2,47.83114235318439,3.887527058407967e-10,200
outer_fold_0,fixed_log_expression,STAT4,46.727964562166285,5.723352923025934e-10,200
outer_fold_0,fixed_log_expression,TBX21,76.85155030247944,3.782775142057079e-14,200
outer_fold_0,fixed_log_expression,TCF7,54.02080786843988,4.6825540518853407e-11,200
outer_fold_0,fixed_log_expression,TFAP2A,70.39771669800224,2.5652154728746216e-13,200
outer_fold_0,fixed_log_expression,TFCP2L1,43.56365396396183,1.7653023581930122e-09,200
outer_fold_0,fixed_log_expression,THNSL2,36.56278041017928,2.3458420291437123e-08,200
outer_fold_0,fixed_log_expression,TIMM22,60.95055462520298,4.843616739940912e-12,200
outer_fold_0,fixed_log_expression,TLE6,55.705043968696984,2.6724630927364133e-11,200
outer_fold_0,fixed_log_expression,TMEM176A,43.08695488865388,2.0964309308184052e-09,200
outer_fold_0,fixed_log_expression,TMEM176B,41.99642661210134,3.113579331756546e-09,200
outer_fold_0,fixed_log_expression,TNNC2,82.86955416921977,6.755842702382292e-15,200
outer_fold_0,fixed_log_expression,TNNT1,58.935803797352236,9.270767897136278e-12,200
outer_fold_0,fixed_log_expression,TPBG,39.60481846766789,7.496556439276144e-09,200
outer_fold_0,fixed_log_expression,TPGS2,36.24561287902972,2.6462101246705445e-08,200
outer_fold_0,fixed_log_expression,TPO,39.85541275059701,6.832148279073518e-09,200
outer_fold_0,fixed_log_expression,TRIB2,67.39372393399914,6.411409580688623e-13,200
outer_fold_0,fixed_log_expression,TSPAN6,46.66070717344093,5.860487293607191e-10,200
outer_fold_0,fixed_log_expression,TYMS,56.08539061197259,2.3565629081079626e-11,200
outer_fold_0,fixed_log_expression,UBE2L6,50.70412503050163,1.4394792266854395e-10,200
outer_fold_0,fixed_log_expression,ULBP2,58.76164917532742,9.809738269720251e-12,200
outer_fold_0,fixed_log_expression,USP18,38.313495920392434,1.2127354379824197e-08,200
outer_fold_0,fixed_log_expression,VAV3,51.18898481188444,1.219616696513639e-10,200
outer_fold_0,fixed_log_expression,VIL1,53.68007065590572,5.2491682537439755e-11,200
outer_fold_0,fixed_log_expression,WDR7,36.98128180069365,2.001945536340923e-08,200
outer_fold_0,fixed_log_expression,WRAP53,42.98318369390367,2.1765452486670675e-09,200
outer_fold_0,fixed_log_expression,ZC4H2,49.04870620629119,2.545502814045178e-10,200
outer_fold_0,fixed_log_expression,ZCCHC2,43.36480775913186,1.896406091131529e-09,200
outer_fold_0,fixed_log_expression,ZMYND8,69.59899153134226,3.2674335900645034e-13,200
outer_fold_0,fixed_log_expression,ZNF232,52.52049992301497,7.758160199703796e-11,200
outer_fold_1,fixed_log_expression,A1CF,41.0626777991396,4.267296745183673e-09,200
outer_fold_1,fixed_log_expression,ABAT,62.97225953955009,2.4226713684083227e-12,200
outer_fold_1,fixed_log_expression,ABCB1,42.585146341503766,2.445712429169559e-09,200
outer_fold_1,fixed_log_expression,ABCC5,36.30143841743881,2.5358105710720648e-08,200
outer_fold_1,fixed_log_expression,ACE2,45.49879648284282,8.572651404316164e-10,200
outer_fold_1,fixed_log_expression,ADGRG1,55.343673267544574,2.8915365536012654e-11,200
outer_fold_1,fixed_log_expression,ADGRG6,56.01132455231294,2.3161708592208794e-11,200
outer_fold_1,fixed_log_expression,ADNP2,43.11486307081356,2.01799679032443e-09,200
outer_fold_1,fixed_log_expression,AGR2,44.43478381770732,1.2539468569771568e-09,200
outer_fold_1,fixed_log_expression,AMACR,48.29331643119173,3.2001847311427246e-10,200
outer_fold_1,fixed_log_expression,APOBEC3F,40.996329504953394,4.372698945846483e-09,200
outer_fold_1,fixed_log_expression,APOBEC3G,46.72061455041188,5.558813629071405e-10,200
outer_fold_1,fixed_log_expression,APOL1,39.1833905809885,8.557127158377321e-09,200
outer_fold_1,fixed_log_expression,APOL2,49.68702954974316,1.9716413703860348e-10,200
outer_fold_1,fixed_log_expression,APOL3,65.21274490337106,1.195873117601403e-12,200
outer_fold_1,fixed_log_expression,ARFGAP3,39.60802978464067,7.3059843958778325e-09,200
outer_fold_1,fixed_log_expression,ARHGAP10,58.40828123977717,1.0525503533051889e-11,200
outer_fold_1,fixed_log_expression,ARID3A,43.27682622300286,1.9030860259230234e-09,200
outer_fold_1,fixed_log_expression,ARNTL2,38.725676782949556,1.0152424560258834e-08,200
outer_fold_1,fixed_log_expression,ASCL2,81.89706319458084,8.274223366077224e-15,200
outer_fold_1,fixed_log_expression,ATP6V1B2,36.61053024902996,2.2543304257870307e-08,200
outer_fold_1,fixed_log_expression,ATP9A,99.37906840994091,7.198120824518289e-17,200
outer_fold_1,fixed_log_expression,B3GNT4,46.9084620342815,5.202362551793092e-10,200
outer_fold_1,fixed_log_expression,BARX2,36.54174247607843,2.3140836584265912e-08,200
outer_fold_1,fixed_log_expression,BTN3A1,46.14702519612165,6.809274133311309e-10,200
outer_fold_1,fixed_log_expression,C1QBP,43.7827586460201,1.5853040824863129e-09,200
outer_fold_1,fixed_log_expression,CAB39L,59.80590104507137,6.682423254295843e-12,200
outer_fold_1,fixed_log_expression,CCDC170,43.73420534722656,1.6132984258519432e-09,200
outer_fold_1,fixed_log_expression,CCL4,46.70218547938899,5.595099391953243e-10,200
outer_fold_1,fixed_log_expression,CCL5,44.235281294590855,1.34706023664209e-09,200
outer_fold_1,fixed_log_expression,CD244,36.20975292767299,2.6260186505622677e-08,200
outer_fold_1,fixed_log_expression,CD55,53.07495925620809,6.190555036554499e-11,200
outer_fold_1,fixed_log_expression,CEL,48.30656991777284,3.185409289658792e-10,200
outer_fold_1,fixed_log_expression,CELP,63.214053970527644,2.2438888939372514e-12,200
outer_fold_1,fixed_log_expression,CEP76,46.23257847511818,6.605945866474887e-10,200
outer_fold_1,fixed_log_expression,CITED1,42.564008874588815,2.4645825946968568e-09,200
outer_fold_1,fixed_log_expression,CLEC2B,38.64542477858938,1.0461962276474324e-08,200
outer_fold_1,fixed_log_expression,CLEC5A,40.67432702699166,4.9232462945654014e-09,200
outer_fold_1,fixed_log_expression,COL9A1,37.39291151949689,1.6757763303221557e-08,200
outer_fold_1,fixed_log_expression,CREB3L1,46.55489770930437,5.893920208145578e-10,200
outer_fold_1,fixed_log_expression,CRIP1,47.56782322125324,4.1254677135917786e-10,200
outer_fold_1,fixed_log_expression,CTSW,46.90058615415779,5.216828710635826e-10,200
outer_fold_1,fixed_log_expression,CXCL10,39.81262805741555,6.77142636208322e-09,200
outer_fold_1,fixed_log_expression,CXCL14,72.66651741576673,1.2215442543742766e-13,200
outer_fold_1,fixed_log_expression,CYP2B6,60.37857304980896,5.5537999526949795e-12,200
outer_fold_1,fixed_log_expression,DDX27,64.73980391573924,1.3869372824760929e-12,200
outer_fold_1,fixed_log_expression,DHRS12,36.466940776604375,2.3808974506601148e-08,200
outer_fold_1,fixed_log_expression,DLST,37.90600259075701,1.3809088860134644e-08,200
outer_fold_1,fixed_log_expression,DPEP1,70.36610063483022,2.4436091795036945e-13,200
outer_fold_1,fixed_log_expression,DUSP4,50.58906953298579,1.4446131817799798e-10,200
outer_fold_1,fixed_log_expression,EMX1,39.34983006918493,8.042564157736172e-09,200
outer_fold_1,fixed_log_expression,ENGASE,54.531326354360715,3.792609994679036e-11,200
outer_fold_1,fixed_log_expression,ENPP3,40.3920796258257,5.463815215268593e-09,200
outer_fold_1,fixed_log_expression,EPB41L1,46.499837850737066,6.009763216322339e-10,200
outer_fold_1,fixed_log_expression,EPM2AIP1,101.99191706658686,3.6711840053196266e-17,200
outer_fold_1,fixed_log_expression,ETV5,52.00596381800755,8.896854248157004e-11,200
outer_fold_1,fixed_log_expression,FABP1,58.540022649678285,1.0082524927643403e-11,200
outer_fold_1,fixed_log_expression,FAM114A1,38.39912410359889,1.1473445764275822e-08,200
outer_fold_1,fixed_log_expression,FARP1,54.53602618067656,3.786646750530988e-11,200
outer_fold_1,fixed_log_expression,FASLG,48.06558615414828,3.4652746722296546e-10,200
outer_fold_1,fixed_log_expression,FECH,107.61502906515977,8.872616311991946e-18,200
outer_fold_1,fixed_log_expression,FGFR4,37.1396499271375,1.844273155141028e-08,200
outer_fold_1,fixed_log_expression,FOXD1,42.32446290622193,2.6891056617459828e-09,200
outer_fold_1,fixed_log_expression,FSCN1,39.02738047092908,9.069937996227953e-09,200
outer_fold_1,fixed_log_expression,FUT8,36.08855152351682,2.75031548449182e-08,200
outer_fold_1,fixed_log_expression,GAD1,40.15660350202726,5.960950548165434e-09,200
outer_fold_1,fixed_log_expression,GBP1,38.18346071929704,1.244085845772745e-08,200
outer_fold_1,fixed_log_expression,GBP2,54.45006760378057,3.8972404691284926e-11,200
outer_fold_1,fixed_log_expression,GFI1,103.57175998842885,2.453686700585313e-17,200
outer_fold_1,fixed_log_expression,GMEB1,43.58811914799312,1.7006066175663015e-09,200
outer_fold_1,fixed_log_expression,GNG4,56.84640985263302,1.7572543064685968e-11,200
outer_fold_1,fixed_log_expression,GNLY,86.42860645307147,2.3188055942230165e-15,200
outer_fold_1,fixed_log_expression,GPR143,54.513841800375914,3.814878986998928e-11,200
outer_fold_1,fixed_log_expression,GRM8,54.14565669877471,4.316082573967294e-11,200
outer_fold_1,fixed_log_expression,GSPT2,53.84202994620706,4.7796576644729385e-11,200
outer_fold_1,fixed_log_expression,GUCA2A,37.543846904193494,1.5829117030392293e-08,200
outer_fold_1,fixed_log_expression,GZMA,54.51349786420909,3.815318371749609e-11,200
outer_fold_1,fixed_log_expression,GZMH,57.0502948287889,1.6430496468259627e-11,200
outer_fold_1,fixed_log_expression,HOXC4,45.59286153518147,8.290363773977721e-10,200
outer_fold_1,fixed_log_expression,HOXC6,55.402536358013535,2.8354138718667675e-11,200
outer_fold_1,fixed_log_expression,HPSE,83.58810788702957,5.1283048941261504e-15,200
outer_fold_1,fixed_log_expression,HSPH1,44.02334901452539,1.4537231937436608e-09,200
outer_fold_1,fixed_log_expression,HUNK,86.97252634764297,1.9945948934047716e-15,200
outer_fold_1,fixed_log_expression,ICAM1,39.75106964799405,6.927926803002688e-09,200
outer_fold_1,fixed_log_expression,ID1,49.23918272234088,2.3025032904201184e-10,200
outer_fold_1,fixed_log_expression,IDO1,37.48905526991717,1.6160000862687936e-08,200
outer_fold_1,fixed_log_expression,IFIT3,35.96554975084575,2.8826033115297986e-08,200
outer_fold_1,fixed_log_expression,IFNG,43.15932075943056,1.9857673221315703e-09,200
outer_fold_1,fixed_log_expression,IHH,63.24382704998876,2.2228249937546786e-12,200
outer_fold_1,fixed_log_expression,IL18BP,37.158148583647545,1.8314004002855857e-08,200
outer_fold_1,fixed_log_expression,IRF1,44.3527225125472,1.2914254964698936e-09,200
outer_fold_1,fixed_log_expression,JAK2,42.81736600894608,2.2478505315916633e-09,200
outer_fold_1,fixed_log_expression,KCNK1,42.54985721115927,2.477299220227735e-09,200
outer_fold_1,fixed_log_expression,KCNK5,36.62844542649417,2.2390281952620684e-08,200
outer_fold_1,fixed_log_expression,KDSR,53.182559115110735,5.969497474795705e-11,200
outer_fold_1,fixed_log_expression,KHDRBS3,51.649956706184064,1.004480372251753e-10,200
outer_fold_1,fixed_log_expression,KIR2DL4,69.54692316529857,3.1350677261610395e-13,200
outer_fold_1,fixed_log_expression,KLF7,43.82226897556731,1.562889548378956e-09,200
outer_fold_1,fixed_log_expression,KLRD1,67.01354261231288,6.827547593389084e-13,200
outer_fold_1,fixed_log_expression,KRT23,70.11816041008338,2.6346929827296435e-13,200
outer_fold_1,fixed_log_expression,LAG3,44.977562039891005,1.0324498743854011e-09,200
outer_fold_1,fixed_log_expression,LAP3,57.154949095979624,1.587396658758199e-11,200
outer_fold_1,fixed_log_expression,LAPTM4B,37.027967083525006,1.9239760936259208e-08,200
outer_fold_1,fixed_log_expression,LFNG,41.49747048465206,3.637796693276728e-09,200
outer_fold_1,fixed_log_expression,LMO4,57.79107925054377,1.2880639628508622e-11,200
outer_fold_1,fixed_log_expression,LRRC2,39.60519537437292,7.313684838338892e-09,200
outer_fold_1,fixed_log_expression,LRRC36,42.53405090844622,2.491581843039484e-09,200
outer_fold_1,fixed_log_expression,LZTS3,42.42022692379047,2.5969449802124404e-09,200
outer_fold_1,fixed_log_expression,MAP3K5,38.60940740285383,1.0603997877817653e-08,200
outer_fold_1,fixed_log_expression,MAPK12,52.76084999517069,6.884847166137061e-11,200
outer_fold_1,fixed_log_expression,MAPRE3,48.27823506740628,3.217082994189592e-10,200
outer_fold_1,fixed_log_expression,MAX,40.86006639474992,4.597576205422769e-09,200
outer_fold_1,fixed_log_expression,MBP,67.02943420736001,6.794044364792659e-13,200
outer_fold_1,fixed_log_expression,MCUB,79.47179092562979,1.6560577851156993e-14,200
outer_fold_1,fixed_log_expression,MEP1A,37.525036136955144,1.5941927919204546e-08,200
outer_fold_1,fixed_log_expression,MLH1,134.88577297156652,1.4942654726183242e-20,200
outer_fold_1,fixed_log_expression,MMP24,44.086055655571265,1.4212955835473057e-09,200
outer_fold_1,fixed_log_expression,MOCS3,63.44887893370889,2.0831251718248033e-12,200
outer_fold_1,fixed_log_expression,MSH4,54.872121995654695,3.384062595067526e-11,200
outer_fold_1,fixed_log_expression,MTERF1,50.1886013945616,1.6581260744690806e-10,200
outer_fold_1,fixed_log_expression,NFATC1,62.08260795520574,3.215307266386945e-12,200
outer_fold_1,fixed_log_expression,NKG7,54.91034015470645,3.34113623702099e-11,200
outer_fold_1,fixed_log_expression,NKX3-1,48.482198003262276,2.9960545959420794e-10,200
outer_fold_1,fixed_log_expression,NPFFR1,36.41876988504125,2.424963087857865e-08,200
outer_fold_1,fixed_log_expression,NUBPL,49.83514139663254,1.8732333716159784e-10,200
outer_fold_1,fixed_log_expression,NXPH4,39.99821586266374,6.3210789897909935e-09,200
outer_fold_1,fixed_log_expression,OSR2,41.94682859906995,3.086270765263533e-09,200
outer_fold_1,fixed_log_expression,OXCT1,46.91380930484368,5.19256418267268e-10,200
outer_fold_1,fixed_log_expression,PDE10A,43.08405838012508,2.0406410399776824e-09,200
outer_fold_1,fixed_log_expression,PIWIL1,36.851844818388386,2.056875116615113e-08,200
outer_fold_1,fixed_log_expression,PLAGL2,59.358194636908514,7.725887464138205e-12,200
outer_fold_1,fixed_log_expression,PLCB4,43.06191957077683,2.0570749992166014e-09,200
outer_fold_1,fixed_log_expression,PLEK2,40.89839392625355,4.53315650676479e-09,200
outer_fold_1,fixed_log_expression,PLLP,58.50999394057631,1.0181794266088405e-11,200
outer_fold_1,fixed_log_expression,PODXL,36.60295511241221,2.2608327786564074e-08,200
outer_fold_1,fixed_log_expression,POFUT1,82.92030985213846,6.1913747064517204e-15,200
outer_fold_1,fixed_log_expression,POU5F1B,81.52810457425798,9.189922729966729e-15,200
outer_fold_1,fixed_log_expression,PPP1R14D,39.15210302201848,8.657544569364361e-09,200
outer_fold_1,fixed_log_expression,PPP1R3D,62.64598431168514,2.6871938074190768e-12,200
outer_fold_1,fixed_log_expression,PPP4R1,48.85636646377724,2.6299880545025346e-10,200
outer_fold_1,fixed_log_expression,PSME1,46.266584470829535,6.526855852892737e-10,200
outer_fold_1,fixed_log_expression,PTPRD,40.586880331025256,5.08462833496229e-09,200
outer_fold_1,fixed_log_expression,PTPRO,56.58798417277975,1.91373033526913e-11,200
outer_fold_1,fixed_log_expression,PXMP4,43.30331301123211,1.884938970885374e-09,200
outer_fold_1,fixed_log_expression,QPCT,39.26106471515726,8.312936681827816e-09,200
outer_fold_1,fixed_log_expression,QPRT,152.5390620329694,3.503209668926681e-22,200
outer_fold_1,fixed_log_expression,RAB27B,62.458545949177065,2.8522941312833024e-12,200
outer_fold_1,fixed_log_expression,RAB32,62.147478574944934,3.1494592293792837e-12,200
outer_fold_1,fixed_log_expression,RAMP1,48.32164145072033,3.1686915390976124e-10,200
outer_fold_1,fixed_log_expression,RASGRP1,48.751971029482334,2.7272801582220176e-10,200
outer_fold_1,fixed_log_expression,RHOF,39.13101544296066,8.725902564638502e-09,200
outer_fold_1,fixed_log_expression,RNF125,57.38005405592564,1.4741115497489853e-11,200
outer_fold_1,fixed_log_expression,RNF19B,40.33602704548697,5.578180198731937e-09,200
outer_fold_1,fixed_log_expression,RNF43,91.83087621756904,5.295196983337355e-16,200
outer_fold_1,fixed_log_expression,RNLS,60.386839418581715,5.539015933095812e-12,200
outer_fold_1,fixed_log_expression,RPS6KA6,63.585142987329306,1.9952710470289482e-12,200
outer_fold_1,fixed_log_expression,S100A14,35.97020225754256,2.8774833076292318e-08,200
outer_fold_1,fixed_log_expression,SCNN1B,37.74420828087847,1.467687377148919e-08,200
outer_fold_1,fixed_log_expression,SECTM1,45.505711165480335,8.551570675759756e-10,200
outer_fold_1,fixed_log_expression,SELENBP1,39.79679199453965,6.8113386907698234e-09,200
outer_fold_1,fixed_log_expression,SEMA5A,92.92517687413161,3.945984432685638e-16,200
outer_fold_1,fixed_log_expression,SEMG1,79.94752314345602,1.4442578552031668e-14,200
outer_fold_1,fixed_log_expression,SERPINB8,36.031339934986995,2.8110580012376555e-08,200
outer_fold_1,fixed_log_expression,SGK2,69.43885681893912,3.240125940210525e-13,200
outer_fold_1,fixed_log_expression,SLC19A3,109.01822220417753,6.262305936340759e-18,200
outer_fold_1,fixed_log_expression,SLC1A7,40.06658717586318,6.162975196915109e-09,200
outer_fold_1,fixed_log_expression,SLC26A3,44.32261823337571,1.3054593265028118e-09,200
outer_fold_1,fixed_log_expression,SLC2A5,40.51736228590522,5.216766939186284e-09,200
outer_fold_1,fixed_log_expression,SLC6A6,37.99558935040007,1.33512891781904e-08,200
outer_fold_1,fixed_log_expression,SLC7A6,61.41267537856786,3.983278117812396e-12,200
outer_fold_1,fixed_log_expression,SMAP1,64.50678114335206,1.4922508848432275e-12,200
outer_fold_1,fixed_log_expression,SRD5A3,41.800956424488675,3.2552760157245073e-09,200
outer_fold_1,fixed_log_expression,TBX21,42.91086603797308,2.1728666591876054e-09,200
outer_fold_1,fixed_log_expression,TCF7,72.47624149586153,1.2931924008439318e-13,200
outer_fold_1,fixed_log_expression,TFAP2A,94.24871360066427,2.770974225859832e-16,200
outer_fold_1,fixed_log_expression,TFCP2L1,53.79414787297525,4.857268882333283e-11,200
outer_fold_1,fixed_log_expression,TGFBR2,41.88694151456433,3.1545448728734217e-09,200
outer_fold_1,fixed_log_expression,TIMM22,73.05104689739055,1.088847805361319e-13,200
outer_fold_1,fixed_log_expression,TLL2,55.8041201362835,2.4810203502705873e-11,200
outer_fold_1,fixed_log_expression,TM9SF4,38.31705703248737,1.1832194628195737e-08,200
outer_fold_1,fixed_log_expression,TNNC2,72.8511910353289,1.1558732733162122e-13,200
outer_fold_1,fixed_log_expression,TNNT1,41.91103510792553,3.1268937012438614e-09,200
outer_fold_1,fixed_log_expression,TPGS2,42.64029566715849,2.3971694376206033e-09,200
outer_fold_1,fixed_log_expression,TPO,38.27323419222531,1.2028428699210985e-08,200
outer_fold_1,fixed_log_expression,TRIB2,57.53394820887473,1.4014387920714829e-11,200
outer_fold_1,fixed_log_expression,TVP23B,37.82708667940816,1.4225616596173758e-08,200
outer_fold_1,fixed_log_expression,TXNL4A,38.80605189507296,9.85177069926015e-09,200
outer_fold_1,fixed_log_expression,TYMS,71.73524763557361,1.6155642483737354e-13,200
outer_fold_1,fixed_log_expression,UBE2L6,57.75543744006204,1.303203263459721e-11,200
outer_fold_1,fixed_log_expression,ULBP2,48.384998175195705,3.0993873961469853e-10,200
outer_fold_1,fixed_log_expression,UQCC1,40.60667867936768,5.047624277626698e-09,200
outer_fold_1,fixed_log_expression,USP18,55.76252027911863,2.5155331033541376e-11,200
outer_fold_1,fixed_log_expression,VAV3,52.8826056820138,6.606757799107204e-11,200
outer_fold_1,fixed_log_expression,VIL1,45.191170766875906,9.566187660337997e-10,200
outer_fold_1,fixed_log_expression,XPNPEP1,49.56288844754084,2.05817623942019e-10,200
outer_fold_1,fixed_log_expression,ZC4H2,58.40971928489028,1.0520562531868333e-11,200
outer_fold_1,fixed_log_expression,ZCCHC2,41.236408514207334,4.003411118329164e-09,200
outer_fold_1,fixed_log_expression,ZMYND8,92.41309195860562,4.527264440196511e-16,200
outer_fold_1,fixed_log_expression,ZNF141,38.08476360398704,1.2910964782151041e-08,200
outer_fold_1,fixed_log_expression,ZNF232,54.141111133622985,4.322673234581603e-11,200
outer_fold_2,fixed_log_expression,A1CF,77.01870670063813,3.3732426450518113e-14,200
outer_fold_2,fixed_log_expression,ACOT8,48.92488217102744,2.5680649700899435e-10,200
outer_fold_2,fixed_log_expression,ADGRG1,48.526176303146606,2.950462428720293e-10,200
outer_fold_2,fixed_log_expression,ADNP2,46.95256846682823,5.122101981635663e-10,200
outer_fold_2,fixed_log_expression,ALOX15B,45.06080760761297,1.0021941389344086e-09,200
outer_fold_2,fixed_log_expression,ANKH,46.811580531034004,5.383191408886545e-10,200
outer_fold_2,fixed_log_expression,APOBEC3G,54.80897018874605,3.456230439883418e-11,200
outer_fold_2,fixed_log_expression,APOL2,52.45121453044296,7.647089316008694e-11,200
outer_fold_2,fixed_log_expression,APOL3,85.40299500436726,3.084037376712098e-15,200
outer_fold_2,fixed_log_expression,APOL6,42.49718383654178,2.525222362109292e-09,200
outer_fold_2,fixed_log_expression,ARHGAP10,59.31258659878192,7.84111312586189e-12,200
outer_fold_2,fixed_log_expression,ARNTL2,49.36445609551029,2.204620372110479e-10,200
outer_fold_2,fixed_log_expression,ASCL2,71.93421570287282,1.5216973197542202e-13,200
outer_fold_2,fixed_log_expression,ATP9A,52.38477950256355,7.821548289931542e-11,200
outer_fold_2,fixed_log_expression,B3GNT4,62.132198962565646,3.1648442381322868e-12,200
outer_fold_2,fixed_log_expression,BAG3,48.14939981138605,3.365200455294164e-10,200
outer_fold_2,fixed_log_expression,BTN3A1,49.7661738612909,1.9184177687094472e-10,200
outer_fold_2,fixed_log_expression,C18orf25,47.7599369654189,3.856663522768054e-10,200
outer_fold_2,fixed_log_expression,CAB39L,54.78507448049577,3.4839452164474305e-11,200
outer_fold_2,fixed_log_expression,CADPS,42.86343794238972,2.210578094205551e-09,200
outer_fold_2,fixed_log_expression,CCDC170,46.25166189594718,6.561442689222802e-10,200
outer_fold_2,fixed_log_expression,CCDC68,42.66521910650003,2.375555090735339e-09,200
outer_fold_2,fixed_log_expression,CCL4,58.337481951075226,1.0771712635419527e-11,200
outer_fold_2,fixed_log_expression,CCL5,60.406100705046185,5.5047234750734284e-12,200
outer_fold_2,fixed_log_expression,CD7,64.09926965848177,1.6964332024373318e-12,200
outer_fold_2,fixed_log_expression,CD74,49.71056394934144,1.9556593102972255e-10,200
outer_fold_2,fixed_log_expression,CD8A,53.48804572534388,5.384739108329077e-11,200
outer_fold_2,fixed_log_expression,CDC42EP1,52.78588136170558,6.826716960215945e-11,200
outer_fold_2,fixed_log_expression,CDHR1,52.209713826320026,8.300971398465985e-11,200
outer_fold_2,fixed_log_expression,CEL,43.756991966296376,1.6000981096338941e-09,200
outer_fold_2,fixed_log_expression,CELP,59.802432562858186,6.689928565614798e-12,200
outer_fold_2,fixed_log_expression,CIITA,72.2233255446782,1.39511057749412e-13,200
outer_fold_2,fixed_log_expression,CLCN2,43.180148833553076,1.970849146181232e-09,200
outer_fold_2,fixed_log_expression,CLEC5A,44.14408679907341,1.3919432079629413e-09,200
outer_fold_2,fixed_log_expression,CNDP2,43.39481417485319,1.8235950159023447e-09,200
outer_fold_2,fixed_log_expression,COL9A1,44.983099372468594,1.030408700542158e-09,200
outer_fold_2,fixed_log_expression,CRCP,46.18305351718724,6.722881385460746e-10,200
outer_fold_2,fixed_log_expression,CRTAM,65.0269774642687,1.2674990960965071e-12,200
outer_fold_2,fixed_log_expression,CTDNEP1,55.04883289716945,3.1901789934281884e-11,200
outer_fold_2,fixed_log_expression,CTSW,77.66956253512795,2.7903291539414432e-14,200
outer_fold_2,fixed_log_expression,CXCL13,49.87792083493377,1.845753023611843e-10,200
outer_fold_2,fixed_log_expression,CXCL14,93.53604465708436,3.3509523365047473e-16,200
outer_fold_2,fixed_log_expression,CYP2B6,83.20148089252167,5.7187880233021035e-15,200
outer_fold_2,fixed_log_expression,DDAH2,48.81111583799924,2.671717569632635e-10,200
outer_fold_2,fixed_log_expression,DDX27,48.37880769722791,3.1060903040810925e-10,200
outer_fold_2,fixed_log_expression,DHRS12,51.95424318826788,9.054941079088364e-11,200
outer_fold_2,fixed_log_expression,DHX58,47.133145932169384,4.806453251940258e-10,200
outer_fold_2,fixed_log_expression,DPEP1,49.502626708829936,2.101569598004903e-10,200
outer_fold_2,fixed_log_expression,DUSP4,57.36648000479981,1.4807031966192622e-11,200
outer_fold_2,fixed_log_expression,EFNA4,45.63779671874406,8.158878040712162e-10,200
outer_fold_2,fixed_log_expression,EMID1,45.562541830973764,8.380302076233624e-10,200
outer_fold_2,fixed_log_expression,ENGASE,46.86364554205759,5.28522944950262e-10,200
outer_fold_2,fixed_log_expression,ENO2,55.936686234899135,2.374225176892918e-11,200
outer_fold_2,fixed_log_expression,EPM2AIP1,72.05480844338886,1.4675301554600605e-13,200
outer_fold_2,fixed_log_expression,ETV5,51.49891454013901,1.0576465657607808e-10,200
outer_fold_2,fixed_log_expression,FABP1,54.62576203044372,3.674603817092818e-11,200
outer_fold_2,fixed_log_expression,FARP1,54.86416267835702,3.393072962732402e-11,200
outer_fold_2,fixed_log_expression,FASLG,76.39815249464384,4.044701401173179e-14,200
outer_fold_2,fixed_log_expression,FECH,85.396023075728,3.0900386794355454e-15,200
outer_fold_2,fixed_log_expression,FLVCR2,42.24305208829022,2.7700737322821078e-09,200
outer_fold_2,fixed_log_expression,FMO1,43.5546349933923,1.7212883785417629e-09,200
outer_fold_2,fixed_log_expression,GAD1,55.8811473860693,2.418384849501408e-11,200
outer_fold_2,fixed_log_expression,GAS2L1,43.67168688441447,1.650088801918993e-09,200
outer_fold_2,fixed_log_expression,GBP1,46.314379243072345,6.417325669209588e-10,200
outer_fold_2,fixed_log_expression,GBP2,44.764731890459515,1.1141107480480118e-09,200
outer_fold_2,fixed_log_expression,GFI1,92.44796420500158,4.485043829850032e-16,200
outer_fold_2,fixed_log_expression,GM2A,51.3658331864581,1.1068659084910676e-10,200
outer_fold_2,fixed_log_expression,GNG4,47.233190092072526,4.640188580785741e-10,200
outer_fold_2,fixed_log_expression,GNLY,88.84625291730413,1.1911628042392652e-15,200
outer_fold_2,fixed_log_expression,GPR143,46.682689998294585,5.633747849562652e-10,200
outer_fold_2,fixed_log_expression,GPR153,43.69281025098965,1.6375635268708542e-09,200
outer_fold_2,fixed_log_expression,GRM8,67.11238733040041,6.621860709925056e-13,200
outer_fold_2,fixed_log_expression,GSPT2,42.948931466519056,2.1430748095476805e-09,200
outer_fold_2,fixed_log_expression,GTF2IRD1,46.2587919715402,6.544893680081078e-10,200
outer_fold_2,fixed_log_expression,GZMA,52.34387161138659,7.930986465192802e-11,200
outer_fold_2,fixed_log_expression,GZMH,73.57215964842922,9.321012415034999e-14,200
outer_fold_2,fixed_log_expression,HLA-DMA,55.13586620293199,3.098888777341923e-11,200
outer_fold_2,fixed_log_expression,HLA-DPA1,44.36076305280991,1.2877033087454645e-09,200
outer_fold_2,fixed_log_expression,HLA-DRA,46.535831316296935,5.933774884723972e-10,200
outer_fold_2,fixed_log_expression,HLA-E,44.03138946020296,1.4495234000308768e-09,200
outer_fold_2,fixed_log_expression,HLA-F-AS1,66.8372381101352,7.210736543707343e-13,200
outer_fold_2,fixed_log_expression,HOXC4,66.5031758113954,7.998045010442391e-13,200
outer_fold_2,fixed_log_expression,HOXC6,73.09794480237997,1.0737020184757487e-13,200
outer_fold_2,fixed_log_expression,HPSE,91.20530890970147,6.269381011875084e-16,200
outer_fold_2,fixed_log_expression,HUNK,87.40912875742092,1.76802233758412e-15,200
outer_fold_2,fixed_log_expression,ICAM1,51.95456437803312,9.053950558240754e-11,200
outer_fold_2,fixed_log_expression,ID1,54.74221115096248,3.53422819413486e-11,200
outer_fold_2,fixed_log_expression,IDO1,47.45764933030618,4.2881676125108877e-10,200
outer_fold_2,fixed_log_expression,IFNG,67.29229541622135,6.263552364657515e-13,200
outer_fold_2,fixed_log_expression,IHH,78.38492389526519,2.2669655744302257e-14,200
outer_fold_2,fixed_log_expression,IL18BP,63.61735006956347,1.9750637582029664e-12,200
outer_fold_2,fixed_log_expression,IL2RB,49.15805816128184,2.368243959644419e-10,200
outer_fold_2,fixed_log_expression,IRF1,55.5882218052403,2.6655436335083903e-11,200
outer_fold_2,fixed_log_expression,JADE1,44.005135004045435,1.4632829420074673e-09,200
outer_fold_2,fixed_log_expression,JAK2,53.02870827564387,6.288123342369778e-11,200
outer_fold_2,fixed_log_expression,KCNK1,49.5054875538769,2.0994886137826105e-10,200
outer_fold_2,fixed_log_expression,KDSR,54.80155554448751,3.464805971982683e-11,200
outer_fold_2,fixed_log_expression,KHDRBS3,54.259325032434006,4.1545633680040976e-11,200
outer_fold_2,fixed_log_expression,KIR2DL4,60.00602027117161,6.263614023180087e-12,200
outer_fold_2,fixed_log_expression,KLRD1,87.3089842325938,1.8175590227182455e-15,200
outer_fold_2,fixed_log_expression,KRT23,61.88242471662656,3.4274935074441768e-12,200
outer_fold_2,fixed_log_expression,LAG3,61.29163832821529,4.140833790157322e-12,200
outer_fold_2,fixed_log_expression,LAP3,54.712984312176474,3.568937945274376e-11,200
outer_fold_2,fixed_log_expression,LMO4,60.89526390222212,4.70271505054027e-12,200
outer_fold_2,fixed_log_expression,LRRC2,54.81677280393137,3.4472295607718453e-11,200
outer_fold_2,fixed_log_expression,LRRC36,75.50209255639622,5.2628161138103924e-14,200
outer_fold_2,fixed_log_expression,MAP3K6,55.58283886358014,2.6703190143056213e-11,200
outer_fold_2,fixed_log_expression,MAPRE3,53.93808021205646,4.627761351998492e-11,200
outer_fold_2,fixed_log_expression,MBP,58.42227041889238,1.0477538163796186e-11,200
outer_fold_2,fixed_log_expression,MCUB,57.499020707597296,1.417605424210572e-11,200
outer_fold_2,fixed_log_expression,MEP1A,45.65610131134158,8.105928054302373e-10,200
outer_fold_2,fixed_log_expression,MICB,52.148027257881715,8.47695408261534e-11,200
outer_fold_2,fixed_log_expression,MLH1,86.25726195514538,2.4316942190991385e-15,200
outer_fold_2,fixed_log_expression,MOCS3,49.4093119593709,2.1706127989741938e-10,200
outer_fold_2,fixed_log_expression,MSH4,65.79292009820207,9.97632441491656e-13,200
outer_fold_2,fixed_log_expression,MT2A,48.38770725312048,3.0964587104241706e-10,200
outer_fold_2,fixed_log_expression,MYRF,46.55707320885081,5.889390124452537e-10,200
outer_fold_2,fixed_log_expression,N4BP3,49.73172426357598,1.9414022802102824e-10,200
outer_fold_2,fixed_log_expression,NFATC1,56.90903761151102,1.72133754820238e-11,200
outer_fold_2,fixed_log_expression,NKG7,73.0381472341463,1.0930518483905489e-13,200
outer_fold_2,fixed_log_expression,NKX3-1,51.979293964011276,8.978017482889665e-11,200
outer_fold_2,fixed_log_expression,NOX1,56.85870570446795,1.750142895477314e-11,200
outer_fold_2,fixed_log_expression,NR1I2,53.82518799087735,4.806811292778204e-11,200
outer_fold_2,fixed_log_expression,NSG1,47.53667433392568,4.170818169584817e-10,200
outer_fold_2,fixed_log_expression,NUBPL,53.36166490130114,5.619225330946941e-11,200
outer_fold_2,fixed_log_expression,NXPH4,52.73630659418171,6.942334283562131e-11,200
outer_fold_2,fixed_log_expression,OAS2,49.73656375054761,1.9381565333499135e-10,200
outer_fold_2,fixed_log_expression,OSR2,43.8687108087664,1.536955510951225e-09,200
outer_fold_2,fixed_log_expression,OXCT1,51.838656064488134,9.418675267938648e-11,200
outer_fold_2,fixed_log_expression,PAK6,47.3491356631969,4.4548159123397956e-10,200
outer_fold_2,fixed_log_expression,PARP12,51.424596092454514,1.0848510875125648e-10,200
outer_fold_2,fixed_log_expression,PDCD1,43.63800065741114,1.670265841632999e-09,200
outer_fold_2,fixed_log_expression,PIAS2,46.96877397407493,5.092930987110272e-10,200
outer_fold_2,fixed_log_expression,PLAGL2,51.11974988709062,1.2041207483680602e-10,200
outer_fold_2,fixed_log_expression,PLCB4,43.29363012979898,1.891552506368024e-09,200
outer_fold_2,fixed_log_expression,PLCL2,43.69452045733663,1.6365536988367512e-09,200
outer_fold_2,fixed_log_expression,PMEPA1,42.8896008541597,2.18969339206557e-09,200
outer_fold_2,fixed_log_expression,PODXL,51.57469360689597,1.0306231820544221e-10,200
outer_fold_2,fixed_log_expression,POFUT1,73.13742475434935,1.061118451483136e-13,200
outer_fold_2,fixed_log_expression,POU5F1B,77.5539849518758,2.8857878094850773e-14,200
outer_fold_2,fixed_log_expression,PPP1R14D,48.45225463375702,3.02750733303614e-10,200
outer_fold_2,fixed_log_expression,PPP4R1,45.459115792510225,8.694654514253066e-10,200
outer_fold_2,fixed_log_expression,PRF1,64.13200103533129,1.6790290101128919e-12,200
outer_fold_2,fixed_log_expression,PTPRD,47.8849491208411,3.6914050477473505e-10,200
outer_fold_2,fixed_log_expression,PTPRO,59.329900221455475,7.797166497220454e-12,200
outer_fold_2,fixed_log_expression,PXMP4,52.91873936334071,6.526452823717776e-11,200
outer_fold_2,fixed_log_expression,QPRT,149.59376137989895,6.432871932067181e-22,200
outer_fold_2,fixed_log_expression,RAB27B,57.57226307108418,1.383920351666225e-11,200
outer_fold_2,fixed_log_expression,RAB32,76.12602563481431,4.380731360092216e-14,200
outer_fold_2,fixed_log_expression,RASGRP1,53.369950783252506,5.6035375701683303e-11,200
outer_fold_2,fixed_log_expression,RHOF,50.69796003627662,1.3915590430651452e-10,200
outer_fold_2,fixed_log_expression,RNF19B,70.77501074982159,2.158782912872997e-13,200
outer_fold_2,fixed_log_expression,RNF43,65.26735407658684,1.1756125830185351e-12,200
outer_fold_2,fixed_log_expression,RNLS,101.99745043142465,3.665986770739376e-17,200
outer_fold_2,fixed_log_expression,RPARP-AS1,55.02375656915562,3.216987322018802e-11,200
outer_fold_2,fixed_log_expression,RPS6KA6,56.104253968641146,2.245907251628614e-11,200
outer_fold_2,fixed_log_expression,SECTM1,61.8670887096505,3.444326475095825e-12,200
outer_fold_2,fixed_log_expression,SELENBP1,57.59665748549901,1.3728831471278927e-11,200
outer_fold_2,fixed_log_expression,SEMA5A,76.65011161683319,3.757012882099835e-14,200
outer_fold_2,fixed_log_expression,SEMG1,44.46222390260401,1.241663577381069e-09,200
outer_fold_2,fixed_log_expression,SERPINB8,43.75418736224408,1.6017168572102792e-09,200
outer_fold_2,fixed_log_expression,SGK2,92.85156841069855,4.024614517808687e-16,200
outer_fold_2,fixed_log_expression,SLC15A3,47.35545350996328,4.4449346918456445e-10,200
outer_fold_2,fixed_log_expression,SLC19A3,76.12165489757936,4.38635471564659e-14,200
outer_fold_2,fixed_log_expression,SLC25A22,51.84432058961321,9.400507434483414e-11,200
outer_fold_2,fixed_log_expression,SLC2A5,65.54452838359936,1.0780448277364153e-12,200
outer_fold_2,fixed_log_expression,SP140,59.43618957593592,7.532823296494435e-12,200
outer_fold_2,fixed_log_expression,ST6GALNAC2,57.802102155753936,1.283418244123686e-11,200
outer_fold_2,fixed_log_expression,STAT1,48.12685097705427,3.391830585843596e-10,200
outer_fold_2,fixed_log_expression,STAT2,47.40351714609235,4.3704904350361274e-10,200
outer_fold_2,fixed_log_expression,TAP2,45.466463414542936,8.671930502983139e-10,200
outer_fold_2,fixed_log_expression,TBX21,56.40192659558634,2.03512483947741e-11,200
outer_fold_2,fixed_log_expression,TCF7,67.54431276417752,5.794579263140635e-13,200
outer_fold_2,fixed_log_expression,TFAP2A,73.11864719540999,1.0670846248495308e-13,200
outer_fold_2,fixed_log_expression,TG,45.191143188569626,9.56628180561281e-10,200
outer_fold_2,fixed_log_expression,TIMM22,62.134098959105124,3.162926971763148e-12,200
outer_fold_2,fixed_log_expression,TNFRSF9,43.87836493178305,1.5316197957153898e-09,200
outer_fold_2,fixed_log_expression,TNFSF9,47.59072938086815,4.0924391779654074e-10,200
outer_fold_2,fixed_log_expression,TNNC2,89.52588682551982,9.892619396041619e-16,200
outer_fold_2,fixed_log_expression,TNNT1,58.361534224486874,1.0687417488524539e-11,200
outer_fold_2,fixed_log_expression,TPGS2,53.03267029398291,6.279704240673152e-11,200
outer_fold_2,fixed_log_expression,TPO,47.71823675688311,3.9134512001569567e-10,200
outer_fold_2,fixed_log_expression,TRIB2,71.09800882916298,1.9578781464779144e-13,200
outer_fold_2,fixed_log_expression,TSPAN6,55.21950547935056,3.0136679897486255e-11,200
outer_fold_2,fixed_log_expression,TXNL4A,59.60666315103406,7.1277840000896635e-12,200
outer_fold_2,fixed_log_expression,TYMP,55.683655088667926,2.582312374083246e-11,200
outer_fold_2,fixed_log_expression,TYMS,68.4898268491333,4.3318143121211983e-13,200
outer_fold_2,fixed_log_expression,UBE2L6,65.18940932617254,1.2046390670265988e-12,200
outer_fold_2,fixed_log_expression,UQCC1,51.920228044070655,9.16046877533771e-11,200
outer_fold_2,fixed_log_expression,USP18,64.20391265204867,1.6414280303548705e-12,200
outer_fold_2,fixed_log_expression,VAV3,78.39982329307307,2.2571991931697965e-14,200
outer_fold_2,fixed_log_expression,VPS53,44.287833104064184,1.3218691005327089e-09,200
outer_fold_2,fixed_log_expression,WDR7,43.72554165482681,1.6183464095682149e-09,200
outer_fold_2,fixed_log_expression,XAF1,43.67183682988819,1.6499995470265652e-09,200
outer_fold_2,fixed_log_expression,ZBED2,52.099017185076036,8.619481618652358e-11,200
outer_fold_2,fixed_log_expression,ZC4H2,57.660725542245224,1.3443210787990032e-11,200
outer_fold_2,fixed_log_expression,ZCCHC2,83.80419988992537,4.825736103191053e-15,200
outer_fold_2,fixed_log_expression,ZMYND8,60.244740523546746,5.798831113197321e-12,200
outer_fold_2,fixed_log_expression,ZNF165,50.49527425072784,1.4919643255864216e-10,200
outer_fold_2,fixed_log_expression,ZNF232,58.5225755901191,1.014008093728963e-11,200
full_discovery,fixed_log_expression,A1CF,67.4572682918915,7.238255593038432e-14,200
full_discovery,fixed_log_expression,ABAT,65.63425561688325,1.3874017630782053e-13,200
full_discovery,fixed_log_expression,ABCB1,53.986119039014476,1.0161229527687376e-11,200
full_discovery,fixed_log_expression,ACE2,59.57545659984981,1.2560219635335968e-12,200
full_discovery,fixed_log_expression,ACOT8,55.2508028300125,6.299415967476486e-12,200
full_discovery,fixed_log_expression,ADGRG1,69.01949735858676,4.1627659021080244e-14,200
full_discovery,fixed_log_expression,ADGRG6,69.87445512248652,3.080560533427725e-14,200
full_discovery,fixed_log_expression,ADNP2,59.87841126586381,1.1232910531998643e-12,200
full_discovery,fixed_log_expression,AGR2,53.74723631412789,1.1125412482510858e-11,200
full_discovery,fixed_log_expression,AMACR,64.78786367685315,1.880246648826137e-13,200
full_discovery,fixed_log_expression,APOBEC3F,54.53736303221471,8.246636247541596e-12,200
full_discovery,fixed_log_expression,APOBEC3G,80.9901845583994,6.817703137599833e-16,200
full_discovery,fixed_log_expression,APOL2,64.826732982154,1.85413276260066e-13,200
full_discovery,fixed_log_expression,APOL3,119.85044131182194,4.109938437464432e-21,200
full_discovery,fixed_log_expression,ARHGAP10,85.25507612436384,1.6585163211387078e-16,200
full_discovery,fixed_log_expression,ARID3A,57.58533083730412,2.6267237528981154e-12,200
full_discovery,fixed_log_expression,ARNTL2,68.00738163968322,5.954362274802185e-14,200
full_discovery,fixed_log_expression,ASCL2,115.69093340877582,1.3665018708387626e-20,200
full_discovery,fixed_log_expression,ATP9A,99.80831273736487,1.6041540113789064e-18,200
full_discovery,fixed_log_expression,B3GNT4,72.23048422989005,1.351893530387385e-14,200
full_discovery,fixed_log_expression,BAG3,54.567125068718006,8.154337178888448e-12,200
full_discovery,fixed_log_expression,BLVRA,55.32355621291605,6.129075159035113e-12,200
full_discovery,fixed_log_expression,BTN3A1,73.35824429000573,9.142710963105755e-15,200
full_discovery,fixed_log_expression,CAB39L,79.77387581439186,1.0251750118922508e-15,200
full_discovery,fixed_log_expression,CADPS,56.74859788632353,3.5897777686410664e-12,200
full_discovery,fixed_log_expression,CCDC170,61.48316161748416,6.233654374409329e-13,200
full_discovery,fixed_log_expression,CCL4,79.813278362281,1.0116824191696072e-15,200
full_discovery,fixed_log_expression,CCL5,82.55491776883731,4.0466432531176524e-16,200
full_discovery,fixed_log_expression,CD244,71.05116913792877,2.039409048178395e-14,200
full_discovery,fixed_log_expression,CD55,55.89112718702915,4.9506901695492625e-12,200
full_discovery,fixed_log_expression,CD7,60.04526235385519,1.0563523312410391e-12,200
full_discovery,fixed_log_expression,CD8A,69.7963940569177,3.1662608925663243e-14,200
full_discovery,fixed_log_expression,CDHR1,67.57853024634426,6.933030351406122e-14,200
full_discovery,fixed_log_expression,CEBPA,55.82434814591718,5.076477438714163e-12,200
full_discovery,fixed_log_expression,CEL,64.57938159217859,2.0268084451441678e-13,200
full_discovery,fixed_log_expression,CELP,92.57453190190944,1.554257144292594e-17,200
full_discovery,fixed_log_expression,CIITA,74.50593135434944,6.153011518044588e-15,200
full_discovery,fixed_log_expression,CLEC2B,53.90165910339136,1.0492054865601996e-11,200
full_discovery,fixed_log_expression,CLEC5A,59.989596492779256,1.0782232928229154e-12,200
full_discovery,fixed_log_expression,COL9A1,56.13476997714789,4.517933172867946e-12,200
full_discovery,fixed_log_expression,CREB3L1,54.80230625826179,7.460839103334232e-12,200
full_discovery,fixed_log_expression,CRIP1,58.233036430590474,2.0643782520663694e-12,200
full_discovery,fixed_log_expression,CRTAM,83.04458319955927,3.4396439452159444e-16,200
full_discovery,fixed_log_expression,CTSW,81.93557920205272,4.972566359162269e-16,200
full_discovery,fixed_log_expression,CXCL10,55.9941966909401,4.762712951123197e-12,200
full_discovery,fixed_log_expression,CXCL13,56.29519198303647,4.254114764751509e-12,200
full_discovery,fixed_log_expression,CXCL14,109.9434239490793,7.413922149808315e-20,200
full_discovery,fixed_log_expression,CXCL9,57.89207832800042,2.3432761056010547e-12,200
full_discovery,fixed_log_expression,CYP2B6,97.4659657402684,3.322522718584852e-18,200
full_discovery,fixed_log_expression,DDAH2,57.52642388387381,2.6850122050703285e-12,200
full_discovery,fixed_log_expression,DDX27,93.66621876167409,1.0985524705905879e-17,200
full_discovery,fixed_log_expression,DHRS12,60.315983575778674,9.56224282703419e-13,200
full_discovery,fixed_log_expression,DPEP1,79.9657871012099,9.611323785535384e-16,200
full_discovery,fixed_log_expression,DPYD,54.67275909281472,7.835108507979399e-12,200
full_discovery,fixed_log_expression,DUSP4,83.1238789868028,3.3504069110137445e-16,200
full_discovery,fixed_log_expression,ENGASE,71.91151068208701,1.510583066136168e-14,200
full_discovery,fixed_log_expression,ENO2,62.0867989110632,5.000926513430988e-13,200
full_discovery,fixed_log_expression,EPB41L1,64.22658175004865,2.3017009259166974e-13,200
full_discovery,fixed_log_expression,EPM2AIP1,127.39225089952136,4.872449395067535e-22,200
full_discovery,fixed_log_expression,ETV5,89.13349115623127,4.688091866124814e-17,200
full_discovery,fixed_log_expression,FABP1,83.27422629809477,3.187595654783803e-16,200
full_discovery,fixed_log_expression,FARP1,74.57641477047382,6.005569108715518e-15,200
full_discovery,fixed_log_expression,FASLG,91.32219496016802,2.3186487697498296e-17,200
full_discovery,fixed_log_expression,FECH,142.83722277831032,7.352452676472752e-24,200
full_discovery,fixed_log_expression,FGFR4,54.10247079668078,9.722717126878036e-12,200
full_discovery,fixed_log_expression,FMO1,56.678710036466796,3.684879593771729e-12,200
full_discovery,fixed_log_expression,FOXD1,68.02146713243809,5.924706530518701e-14,200
full_discovery,fixed_log_expression,FUT8,57.5265534822568,2.684882539402089e-12,200
full_discovery,fixed_log_expression,GAD1,77.25760771322595,2.400483673488881e-15,200
full_discovery,fixed_log_expression,GBP1,63.786292507870385,2.6984360355377905e-13,200
full_discovery,fixed_log_expression,GBP2,68.96756995162059,4.239747683409471e-14,200
full_discovery,fixed_log_expression,GFI1,168.13875990801296,1.1978319915733668e-26,200
full_discovery,fixed_log_expression,GLYR1,53.84651454173776,1.0713922371462075e-11,200
full_discovery,fixed_log_expression,GM2A,61.63715580809278,5.892564174831195e-13,200
full_discovery,fixed_log_expression,GMEB1,55.2562289995712,6.2865474985253824e-12,200
full_discovery,fixed_log_expression,GNG4,75.03771023501942,5.125031605278406e-15,200
full_discovery,fixed_log_expression,GNLY,130.25280490366248,2.202847425445034e-22,200
full_discovery,fixed_log_expression,GPR143,67.30305478269005,7.64617768158518e-14,200
full_discovery,fixed_log_expression,GRM8,89.73980601871456,3.854926033073839e-17,200
full_discovery,fixed_log_expression,GSPT2,77.55873278564275,2.1670304411201824e-15,200
full_discovery,fixed_log_expression,GTF2IRD1,62.89678688147426,3.724597166939095e-13,200
full_discovery,fixed_log_expression,GZMA,81.11091857893614,6.547923911634723e-16,200
full_discovery,fixed_log_expression,GZMH,97.99884469864463,2.813635117851511e-18,200
full_discovery,fixed_log_expression,HLA-F-AS1,59.20898418730085,1.4380274494922594e-12,200
full_discovery,fixed_log_expression,HMGCS2,54.66162344985091,7.868154909993817e-12,200
full_discovery,fixed_log_expression,HOXC4,72.16539541077474,1.3828428457952718e-14,200
full_discovery,fixed_log_expression,HOXC6,95.63010630840118,5.907421321809775e-18,200
full_discovery,fixed_log_expression,HPSE,121.93607984217918,2.265670373511537e-21,200
full_discovery,fixed_log_expression,HUNK,125.46651614379381,8.352709317190484e-22,200
full_discovery,fixed_log_expression,ICAM1,71.88601071649936,1.524056540070075e-14,200
full_discovery,fixed_log_expression,ID1,65.34453668932531,1.5393271990234714e-13,200
full_discovery,fixed_log_expression,IDO1,61.45656469264818,6.294560280475726e-13,200
full_discovery,fixed_log_expression,IFNG,86.76304348235453,1.012293836276076e-16,200
full_discovery,fixed_log_expression,IHH,111.81065197244841,4.262833875050624e-20,200
full_discovery,fixed_log_expression,IL18BP,70.35194915569969,2.6051165752173646e-14,200
full_discovery,fixed_log_expression,IL2RB,56.89609465768753,3.3971473943601045e-12,200
full_discovery,fixed_log_expression,IRF1,74.72808290873498,5.700317026516331e-15,200
full_discovery,fixed_log_expression,ITGAE,54.60393509301016,8.041627006403489e-12,200
full_discovery,fixed_log_expression,JAK2,62.06799568606966,5.0353203165146e-13,200
full_discovery,fixed_log_expression,KCNK1,57.213577447084084,3.0172752778406444e-12,200
full_discovery,fixed_log_expression,KDSR,75.21680097912403,4.819497867713238e-15,200
full_discovery,fixed_log_expression,KHDRBS3,90.76688950722254,2.770440411634574e-17,200
full_discovery,fixed_log_expression,KIR2DL4,98.86246800494301,2.150707299623244e-18,200
full_discovery,fixed_log_expression,KLF7,54.86497220368737,7.286345962308138e-12,200
full_discovery,fixed_log_expression,KLRD1,115.41622862446873,1.4803130617574506e-20,200
full_discovery,fixed_log_expression,KRT23,86.13711900364127,1.242049991285182e-16,200
full_discovery,fixed_log_expression,LAG3,79.85023999240293,9.99189194683965e-16,200
full_discovery,fixed_log_expression,LAP3,76.15851138674142,3.491261281403432e-15,200
full_discovery,fixed_log_expression,LAPTM4B,54.6551537472262,7.887419381075198e-12,200
full_discovery,fixed_log_expression,LFNG,63.00312982932858,3.5835600722440853e-13,200
full_discovery,fixed_log_expression,LMO4,89.98077502636585,3.5669880136724015e-17,200
full_discovery,fixed_log_expression,LRRC2,74.58724685692508,5.983229154792428e-15,200
full_discovery,fixed_log_expression,LRRC36,79.912101840701,9.786281702844666e-16,200
full_discovery,fixed_log_expression,LZTS3,55.05385364561847,6.7850129001024065e-12,200
full_discovery,fixed_log_expression,MAP3K6,56.24962298190306,4.327426205095232e-12,200
full_discovery,fixed_log_expression,MAPK12,73.56039862116374,8.525439659634483e-15,200
full_discovery,fixed_log_expression,MAPRE3,75.31318910373905,4.662762153513694e-15,200
full_discovery,fixed_log_expression,MBP,93.72659157503129,1.0777207265797434e-17,200
full_discovery,fixed_log_expression,MCUB,91.55344594771586,2.1532311113539443e-17,200
full_discovery,fixed_log_expression,MLH1,175.37283618277345,2.0961345788766816e-27,200
full_discovery,fixed_log_expression,MMP24,60.365001893275156,9.391498749053759e-13,200
full_discovery,fixed_log_expression,MOCS3,76.7401544471478,2.862803830279897e-15,200
full_discovery,fixed_log_expression,MSH4,88.36277188558736,6.016294549064683e-17,200
full_discovery,fixed_log_expression,MTERF1,54.91042854178593,7.1623654550592245e-12,200
full_discovery,fixed_log_expression,NFATC1,80.40447403203643,8.295304019299962e-16,200
full_discovery,fixed_log_expression,NKG7,93.27125856659417,1.2452756073249718e-17,200
full_discovery,fixed_log_expression,NKX3-1,85.04923623443378,1.7745724535934274e-16,200
full_discovery,fixed_log_expression,NOX1,74.48491648316983,6.1976776850139366e-15,200
full_discovery,fixed_log_expression,NR1I2,69.91498584664245,3.036993970844859e-14,200
full_discovery,fixed_log_expression,NUBPL,72.50280474979643,1.2298308365733014e-14,200
full_discovery,fixed_log_expression,NXPH4,61.488377696605646,6.221779966022716e-13,200
full_discovery,fixed_log_expression,OSR2,60.95211522794499,7.571063468357432e-13,200
full_discovery,fixed_log_expression,OXCT1,69.83472527538017,3.123880760724122e-14,200
full_discovery,fixed_log_expression,PLAGL2,80.80991704433063,7.241620843913351e-16,200
full_discovery,fixed_log_expression,PLCB4,65.38820902531195,1.5153895939409405e-13,200
full_discovery,fixed_log_expression,PLCL2,65.05344451635497,1.7089737448822068e-13,200
full_discovery,fixed_log_expression,PLLP,54.36831575547665,8.791344953018591e-12,200
full_discovery,fixed_log_expression,PODXL,61.714846126433784,5.727722338984138e-13,200
full_discovery,fixed_log_expression,POFUT1,109.63599024037116,8.124277827532368e-20,200
full_discovery,fixed_log_expression,POU5F1B,111.35753956106471,4.8737885986244323e-20,200
full_discovery,fixed_log_expression,PPP1R14D,65.21384774545122,1.6132737851160062e-13,200
full_discovery,fixed_log_expression,PPP1R3D,58.20538919579107,2.0856834914827616e-12,200
full_discovery,fixed_log_expression,PPP4R1,69.8837041495344,3.0705633040425404e-14,200
full_discovery,fixed_log_expression,PRF1,72.27313597195011,1.3319943524478984e-14,200
full_discovery,fixed_log_expression,PRSS23,56.176154978219124,4.448327461842204e-12,200
full_discovery,fixed_log_expression,PSME1,60.56445217645565,8.728014734087149e-13,200
full_discovery,fixed_log_expression,PTPRD,70.50312368845188,2.4706484733988424e-14,200
full_discovery,fixed_log_expression,PTPRO,89.18532015065307,4.6102392919366827e-17,200
full_discovery,fixed_log_expression,PXMP4,55.59826001480297,5.526897375773553e-12,200
full_discovery,fixed_log_expression,QPRT,217.85138418674643,1.534754318017825e-31,200
full_discovery,fixed_log_expression,RAB27B,94.93249888920646,7.359625043860858e-18,200
full_discovery,fixed_log_expression,RAB32,103.1129039226464,5.808822617270797e-19,200
full_discovery,fixed_log_expression,RASGRP1,85.99303563900936,1.3020297854176651e-16,200
full_discovery,fixed_log_expression,RHOF,60.0289765047756,1.062704072870237e-12,200
full_discovery,fixed_log_expression,RNF113A,54.19959497627053,9.371382197900592e-12,200
full_discovery,fixed_log_expression,RNF125,62.69750552167597,4.004222737195879e-13,200
full_discovery,fixed_log_expression,RNF19B,66.1147037629879,1.1681511419065287e-13,200
full_discovery,fixed_log_expression,RNF43,124.37244889310251,1.1364144225500421e-21,200
full_discovery,fixed_log_expression,RNLS,110.76769355463335,5.804140663199396e-20,200
full_discovery,fixed_log_expression,ROBO3,57.56651378790006,2.6452025290805796e-12,200
full_discovery,fixed_log_expression,RPARP-AS1,57.69836000679533,2.518445911099674e-12,200
full_discovery,fixed_log_expression,RPS6KA6,75.31857777030135,4.654153660539883e-15,200
full_discovery,fixed_log_expression,SECTM1,76.68777777559984,2.914365014151533e-15,200
full_discovery,fixed_log_expression,SEMA5A,116.3303818982955,1.1346798559506254e-20,200
full_discovery,fixed_log_expression,SEMG1,68.51141797060059,4.9811362086517486e-14,200
full_discovery,fixed_log_expression,SGK2,117.8032564707083,7.406879066439054e-21,200
full_discovery,fixed_log_expression,SLC19A3,128.68541306916242,3.399839240645221e-22,200
full_discovery,fixed_log_expression,SLC2A5,74.04053114541239,7.223105207193071e-15,200
full_discovery,fixed_log_expression,SLC5A6,54.116140206617196,9.672473879154849e-12,200
full_discovery,fixed_log_expression,SLC7A6,64.23074979787769,2.2982421428260404e-13,200
full_discovery,fixed_log_expression,SP140,64.91755825422328,1.794535908709656e-13,200
full_discovery,fixed_log_expression,SRPX2,57.930225317177765,2.310263799846326e-12,200
full_discovery,fixed_log_expression,STAT1,56.634248052680924,3.746707202264031e-12,200
full_discovery,fixed_log_expression,STAT2,61.52262462184313,6.144383904784389e-13,200
full_discovery,fixed_log_expression,TBX21,84.80743976347912,1.921461238877399e-16,200
full_discovery,fixed_log_expression,TCF7,97.07743549147924,3.751523120439482e-18,200
full_discovery,fixed_log_expression,TFAP2A,118.54515996176788,5.9801229751888934e-21,200
full_discovery,fixed_log_expression,TFCP2L1,64.79072476666782,1.8783118182623221e-13,200
full_discovery,fixed_log_expression,TIMM22,98.12825354004082,2.702447854082747e-18,200
full_discovery,fixed_log_expression,TNNC2,122.90972976276588,1.7184066657404536e-21,200
full_discovery,fixed_log_expression,TNNT1,76.92981774853415,2.683701576833727e-15,200
full_discovery,fixed_log_expression,TPGS2,65.5616414451406,1.423991479975389e-13,200
full_discovery,fixed_log_expression,TPO,62.75079207974674,3.927432587527911e-13,200
full_discovery,fixed_log_expression,TRIB2,98.19650299784581,2.645611473910219e-18,200
full_discovery,fixed_log_expression,TSPAN6,67.56609849394042,6.963712720776675e-14,200
full_discovery,fixed_log_expression,TXNL4A,58.58951880835503,1.8086203834513526e-12,200
full_discovery,fixed_log_expression,TYMP,58.57422705014605,1.8189024487933277e-12,200
full_discovery,fixed_log_expression,TYMS,98.26990802879442,2.5858319124524243e-18,200
full_discovery,fixed_log_expression,UBE2L6,86.70120275225945,1.0329343665316003e-16,200
full_discovery,fixed_log_expression,ULBP2,73.57698310625408,8.47671261299764e-15,200
full_discovery,fixed_log_expression,UQCC1,59.793197916952245,1.159119701754872e-12,200
full_discovery,fixed_log_expression,USP18,77.6246557208865,2.119070173047666e-15,200
full_discovery,fixed_log_expression,VAV3,89.60103064704735,4.0313236853377216e-17,200
full_discovery,fixed_log_expression,VIL1,64.7444677313581,1.9098422518638418e-13,200
full_discovery,fixed_log_expression,WRAP53,55.356530057934194,6.053416269623918e-12,200
full_discovery,fixed_log_expression,XPNPEP1,60.20341381770103,9.966357361976175e-13,200
full_discovery,fixed_log_expression,ZC4H2,82.67892642163328,3.8833454246839144e-16,200
full_discovery,fixed_log_expression,ZCCHC2,80.49611802527896,8.044295245898571e-16,200
full_discovery,fixed_log_expression,ZMYND8,109.13651454967084,9.428508651762219e-20,200
full_discovery,fixed_log_expression,ZNF232,81.60930243528023,5.54394620048974e-16,200
outer_fold_0,target_cohort_adaptive_zscore,ACE2,36.067164268879495,2.8321825633416794e-08,200
outer_fold_0,target_cohort_adaptive_zscore,ADGRG6,42.75917863637201,2.3603034941056347e-09,200
outer_fold_0,target_cohort_adaptive_zscore,AGR2,37.07147033874359,1.9348387656951726e-08,200
outer_fold_0,target_cohort_adaptive_zscore,ALOXE3,64.32804099979627,1.6613519030502617e-12,200
outer_fold_0,target_cohort_adaptive_zscore,AMACR,44.55103298032534,1.2387694224907297e-09,200
outer_fold_0,target_cohort_adaptive_zscore,APOBEC3F,42.81894693801308,2.3097779715301287e-09,200
outer_fold_0,target_cohort_adaptive_zscore,APOBEC3G,62.003308146580146,3.4615367818329876e-12,200
outer_fold_0,target_cohort_adaptive_zscore,APOL3,91.24062778194781,6.746844909214135e-16,200
outer_fold_0,target_cohort_adaptive_zscore,AREG,42.44411953450678,2.645901968354163e-09,200
outer_fold_0,target_cohort_adaptive_zscore,ARHGAP10,51.963239861951664,9.37060207866143e-11,200
outer_fold_0,target_cohort_adaptive_zscore,ARNTL2,49.028216572544075,2.563630908181626e-10,200
outer_fold_0,target_cohort_adaptive_zscore,ASCL2,80.28646823337196,1.4051483420277755e-14,200
outer_fold_0,target_cohort_adaptive_zscore,ATP10B,37.44096079450314,1.6830150079028056e-08,200
outer_fold_0,target_cohort_adaptive_zscore,ATP10D,47.71557879439558,4.047707441816238e-10,200
outer_fold_0,target_cohort_adaptive_zscore,ATP9A,58.13920899247391,1.201145334169532e-11,200
outer_fold_0,target_cohort_adaptive_zscore,B3GNT4,37.68266038233267,1.5366263201495957e-08,200
outer_fold_0,target_cohort_adaptive_zscore,BAG3,36.3711435212356,2.52289473519462e-08,200
outer_fold_0,target_cohort_adaptive_zscore,BLVRA,40.92477935621191,4.606933995285861e-09,200
outer_fold_0,target_cohort_adaptive_zscore,BTN3A1,50.54971764373472,1.517674266766756e-10,200
outer_fold_0,target_cohort_adaptive_zscore,CAB39L,45.551773081559816,8.673393078204697e-10,200
outer_fold_0,target_cohort_adaptive_zscore,CADPS,38.54823473836694,1.110807452464735e-08,200
outer_fold_0,target_cohort_adaptive_zscore,CCDC88A,36.099601428785846,2.7974120619602134e-08,200
outer_fold_0,target_cohort_adaptive_zscore,CCL4,54.67023048791824,3.7691526135235245e-11,200
outer_fold_0,target_cohort_adaptive_zscore,CCL5,62.05194610100227,3.4084073988413233e-12,200
outer_fold_0,target_cohort_adaptive_zscore,CD226,36.41887043247779,2.477562945184462e-08,200
outer_fold_0,target_cohort_adaptive_zscore,CD244,73.63793371854473,9.724430429768336e-14,200
outer_fold_0,target_cohort_adaptive_zscore,CD247,36.1824658928401,2.7105511321631262e-08,200
outer_fold_0,target_cohort_adaptive_zscore,CD86,37.06746816654468,1.9377674317132347e-08,200
outer_fold_0,target_cohort_adaptive_zscore,CD8A,51.782197859545995,9.964987322912105e-11,200
outer_fold_0,target_cohort_adaptive_zscore,CD96,41.090169585799316,4.335746251883956e-09,200
outer_fold_0,target_cohort_adaptive_zscore,CDHR1,53.851755837978466,4.9554251909822784e-11,200
outer_fold_0,target_cohort_adaptive_zscore,CDX2,36.394135626511535,2.500951745004887e-08,200
outer_fold_0,target_cohort_adaptive_zscore,CEACAM5,51.47626557865746,1.1058226566020674e-10,200
outer_fold_0,target_cohort_adaptive_zscore,CEBPA,42.64635718540244,2.458772828574986e-09,200
outer_fold_0,target_cohort_adaptive_zscore,CEL,36.9332606557339,2.0386410040920317e-08,200
outer_fold_0,target_cohort_adaptive_zscore,CELP,61.11065662840363,4.601706760747653e-12,200
outer_fold_0,target_cohort_adaptive_zscore,CFTR,40.572712395948685,5.243331806112563e-09,200
outer_fold_0,target_cohort_adaptive_zscore,CHST15,45.2361827813451,9.702581852961733e-10,200
outer_fold_0,target_cohort_adaptive_zscore,CIITA,47.6289025104022,4.172253836803437e-10,200
outer_fold_0,target_cohort_adaptive_zscore,CITED2,48.85230132636302,2.7247928530387006e-10,200
outer_fold_0,target_cohort_adaptive_zscore,CRTAM,70.84996745652678,2.2379189399647913e-13,200
outer_fold_0,target_cohort_adaptive_zscore,CTSW,43.855316466795784,1.5895179908498158e-09,200
outer_fold_0,target_cohort_adaptive_zscore,CXCL13,42.22116234947218,2.869111448544729e-09,200
outer_fold_0,target_cohort_adaptive_zscore,CXCL14,57.7705577715312,1.3547050121838786e-11,200
outer_fold_0,target_cohort_adaptive_zscore,CXCL9,46.53503983751421,6.125767184159096e-10,200
outer_fold_0,target_cohort_adaptive_zscore,CXCR4,48.780516412437734,2.793492440555245e-10,200
outer_fold_0,target_cohort_adaptive_zscore,CYP2B6,53.30534709891218,5.953553958155374e-11,200
outer_fold_0,target_cohort_adaptive_zscore,DDAH2,38.786435015995735,1.0162926716432523e-08,200
outer_fold_0,target_cohort_adaptive_zscore,DDX27,76.43502401675183,4.2710432133495277e-14,200
outer_fold_0,target_cohort_adaptive_zscore,DPEP1,41.86351400637269,3.2680618759655263e-09,200
outer_fold_0,target_cohort_adaptive_zscore,DPYD,39.440490011093395,7.967700275815786e-09,200
outer_fold_0,target_cohort_adaptive_zscore,DUSP4,58.44216995267761,1.0883020015617688e-11,200
outer_fold_0,target_cohort_adaptive_zscore,ENGASE,42.47675489551513,2.6147490903920333e-09,200
outer_fold_0,target_cohort_adaptive_zscore,ENO2,38.17841109411324,1.2756691850582228e-08,200
outer_fold_0,target_cohort_adaptive_zscore,EPB41L1,39.85140809070475,6.8422790110314285e-09,200
outer_fold_0,target_cohort_adaptive_zscore,EPM2AIP1,82.86021684297211,6.773623433440338e-15,200
outer_fold_0,target_cohort_adaptive_zscore,ETV5,78.43610126665014,2.3898703368435732e-14,200
outer_fold_0,target_cohort_adaptive_zscore,FABP1,53.35820537507704,5.848628939950823e-11,200
outer_fold_0,target_cohort_adaptive_zscore,FARP1,40.49176546621738,5.40192524578864e-09,200
outer_fold_0,target_cohort_adaptive_zscore,FASLG,60.42870272410728,5.7260165425306054e-12,200
outer_fold_0,target_cohort_adaptive_zscore,FCGR2A,39.9943699312866,6.489939626432987e-09,200
outer_fold_0,target_cohort_adaptive_zscore,FCGR2C,54.00745757939267,4.703534624919516e-11,200
outer_fold_0,target_cohort_adaptive_zscore,FECH,92.7868078334407,4.457566549204202e-16,200
outer_fold_0,target_cohort_adaptive_zscore,FGFR4,44.296520318437736,1.3568680077130647e-09,200
outer_fold_0,target_cohort_adaptive_zscore,FMO1,45.91422041687648,7.627725302597555e-10,200
outer_fold_0,target_cohort_adaptive_zscore,FOXD1,57.137573297037726,1.666666505290504e-11,200
outer_fold_0,target_cohort_adaptive_zscore,FUT8,41.03231886049847,4.428700536591133e-09,200
outer_fold_0,target_cohort_adaptive_zscore,GAD1,59.371218660515424,8.05150196596037e-12,200
outer_fold_0,target_cohort_adaptive_zscore,GALNT6,39.09883201133441,9.046378541539861e-09,200
outer_fold_0,target_cohort_adaptive_zscore,GBP1,42.60990169335989,2.491478769701246e-09,200
outer_fold_0,target_cohort_adaptive_zscore,GBP2,39.168115165790965,8.816197759009402e-09,200
outer_fold_0,target_cohort_adaptive_zscore,GFI1,146.65632169901247,1.3789617292566328e-21,200
outer_fold_0,target_cohort_adaptive_zscore,GJB1,37.368826191679,1.729405290094586e-08,200
outer_fold_0,target_cohort_adaptive_zscore,GM2A,38.89494648155043,9.759974926441182e-09,200
outer_fold_0,target_cohort_adaptive_zscore,GNG4,45.775660208126574,8.011384944253756e-10,200
outer_fold_0,target_cohort_adaptive_zscore,GNLY,83.94753126857773,4.99211596034947e-15,200
outer_fold_0,target_cohort_adaptive_zscore,GRM8,58.50010698764973,1.067985123320593e-11,200
outer_fold_0,target_cohort_adaptive_zscore,GSPT2,59.669681578652614,7.311354659230354e-12,200
outer_fold_0,target_cohort_adaptive_zscore,GTF2IRD1,49.574508247060656,2.122436308258624e-10,200
outer_fold_0,target_cohort_adaptive_zscore,GUCY2C,36.271364244820965,2.6204212099766603e-08,200
outer_fold_0,target_cohort_adaptive_zscore,GZMA,54.515157375999685,3.96926328227336e-11,200
outer_fold_0,target_cohort_adaptive_zscore,GZMH,65.46831135419974,1.163467304664844e-12,200
outer_fold_0,target_cohort_adaptive_zscore,HLA-F-AS1,37.46120868041904,1.6702231035586402e-08,200
outer_fold_0,target_cohort_adaptive_zscore,HMGCS2,38.79807804022587,1.011888993388895e-08,200
outer_fold_0,target_cohort_adaptive_zscore,HNF4A,41.74431600728162,3.413249956020471e-09,200
outer_fold_0,target_cohort_adaptive_zscore,HOXC4,41.71444261957069,3.4506574544662494e-09,200
outer_fold_0,target_cohort_adaptive_zscore,HOXC6,70.36712124515935,2.5890469639981697e-13,200
outer_fold_0,target_cohort_adaptive_zscore,HOXD1,39.34154235718843,8.265858833589284e-09,200
outer_fold_0,target_cohort_adaptive_zscore,HPSE,69.36851636732275,3.504464709487044e-13,200
outer_fold_0,target_cohort_adaptive_zscore,HS3ST3B1,50.926398603130814,1.334065990299007e-10,200
outer_fold_0,target_cohort_adaptive_zscore,HUNK,75.68764040502123,5.314367450153554e-14,200
outer_fold_0,target_cohort_adaptive_zscore,ICAM1,52.585853880676076,7.58859011886157e-11,200
outer_fold_0,target_cohort_adaptive_zscore,IDO1,37.71910351946601,1.5157092438934863e-08,200
outer_fold_0,target_cohort_adaptive_zscore,IFNG,65.60777034980194,1.114055988030784e-12,200
outer_fold_0,target_cohort_adaptive_zscore,IHH,87.10254893269496,2.0802235538011873e-15,200
outer_fold_0,target_cohort_adaptive_zscore,IL18BP,42.68395727171342,2.425498663833089e-09,200
outer_fold_0,target_cohort_adaptive_zscore,IL2RB,41.40980740144985,3.856862417878824e-09,200
outer_fold_0,target_cohort_adaptive_zscore,IRF1,49.939771681955854,1.8713944326802584e-10,200
outer_fold_0,target_cohort_adaptive_zscore,ITGAE,37.65737913074366,1.5513097053940804e-08,200
outer_fold_0,target_cohort_adaptive_zscore,KDSR,42.92104809303161,2.2260039312087945e-09,200
outer_fold_0,target_cohort_adaptive_zscore,KHDRBS3,77.5326854074705,3.103570765609931e-14,200
outer_fold_0,target_cohort_adaptive_zscore,KIR2DL4,69.94732705834346,2.939796950930554e-13,200
outer_fold_0,target_cohort_adaptive_zscore,KLF7,39.26783937122533,8.495326959983615e-09,200
outer_fold_0,target_cohort_adaptive_zscore,KLRD1,76.7723711687954,3.8710012766615335e-14,200
outer_fold_0,target_cohort_adaptive_zscore,KRT23,44.95651205891638,1.0718515653556904e-09,200
outer_fold_0,target_cohort_adaptive_zscore,LAG3,54.26329911456784,4.317645292526246e-11,200
outer_fold_0,target_cohort_adaptive_zscore,LAP3,41.494520258395745,3.739237107396713e-09,200
outer_fold_0,target_cohort_adaptive_zscore,LAPTM4B,46.600530479104634,5.98602425573722e-10,200
outer_fold_0,target_cohort_adaptive_zscore,LFNG,43.164909118237304,2.038231644332725e-09,200
outer_fold_0,target_cohort_adaptive_zscore,LMO4,60.80652102895814,5.072319946519988e-12,200
outer_fold_0,target_cohort_adaptive_zscore,LRRC2,56.06875016292508,2.3695529389996314e-11,200
outer_fold_0,target_cohort_adaptive_zscore,LRRC36,46.18856261300253,6.922436588161255e-10,200
outer_fold_0,target_cohort_adaptive_zscore,MAPK12,58.78011716553779,9.751100446542046e-12,200
outer_fold_0,target_cohort_adaptive_zscore,MAPRE3,47.91373840347465,3.777016728588528e-10,200
outer_fold_0,target_cohort_adaptive_zscore,MBP,62.96958493945747,2.547985456128665e-12,200
outer_fold_0,target_cohort_adaptive_zscore,MCUB,48.43035342059729,3.154821734800691e-10,200
outer_fold_0,target_cohort_adaptive_zscore,MLH1,139.01209444027148,6.978089188274626e-21,200
outer_fold_0,target_cohort_adaptive_zscore,MMP24,38.1709472263782,1.27924211351043e-08,200
outer_fold_0,target_cohort_adaptive_zscore,MOCS3,43.0407922332155,2.1316916329617757e-09,200
outer_fold_0,target_cohort_adaptive_zscore,MORC4,37.31911851984997,1.7621302011828484e-08,200
outer_fold_0,target_cohort_adaptive_zscore,MPP3,41.716885914853144,3.4475823123956267e-09,200
outer_fold_0,target_cohort_adaptive_zscore,MSH4,65.85157782634764,1.0327524384278388e-12,200
outer_fold_0,target_cohort_adaptive_zscore,NCR1,39.34662504601843,8.250269332488393e-09,200
outer_fold_0,target_cohort_adaptive_zscore,NFATC1,42.7495330048386,2.3685625349590837e-09,200
outer_fold_0,target_cohort_adaptive_zscore,NKG7,59.796938262871464,7.017233412180925e-12,200
outer_fold_0,target_cohort_adaptive_zscore,NKX3-1,80.58504661181392,1.290406901548962e-14,200
outer_fold_0,target_cohort_adaptive_zscore,NOX1,63.63245127996341,2.067146230778839e-12,200
outer_fold_0,target_cohort_adaptive_zscore,NR1I2,66.2724903009992,9.063451246297966e-13,200
outer_fold_0,target_cohort_adaptive_zscore,NUBPL,42.6691426571798,2.4385536570401883e-09,200
outer_fold_0,target_cohort_adaptive_zscore,NUCB2,38.35137548466049,1.1956632857748797e-08,200
outer_fold_0,target_cohort_adaptive_zscore,OXCT1,42.23385404678636,2.8559042065478163e-09,200
outer_fold_0,target_cohort_adaptive_zscore,PAX9,40.57301682991859,5.242744404127707e-09,200
outer_fold_0,target_cohort_adaptive_zscore,PDCD1,36.966003423689315,2.013546852928594e-08,200
outer_fold_0,target_cohort_adaptive_zscore,PF4,40.53047710127912,5.3254786789002985e-09,200
outer_fold_0,target_cohort_adaptive_zscore,PIWIL1,52.85065126326159,6.93932044198728e-11,200
outer_fold_0,target_cohort_adaptive_zscore,PLAGL2,50.40263080204678,1.5961918343554206e-10,200
outer_fold_0,target_cohort_adaptive_zscore,PLCB4,43.771641046647595,1.638040227634476e-09,200
outer_fold_0,target_cohort_adaptive_zscore,PLCL2,56.226464492613786,2.249312622412551e-11,200
outer_fold_0,target_cohort_adaptive_zscore,PLEKHG6,38.111015793747036,1.3083038170605903e-08,200
outer_fold_0,target_cohort_adaptive_zscore,PODXL,36.97839578905127,2.004131731896534e-08,200
outer_fold_0,target_cohort_adaptive_zscore,POFUT1,63.23585843708474,2.3424337872677366e-12,200
outer_fold_0,target_cohort_adaptive_zscore,POU5F1B,63.92826328834913,1.8834728354629856e-12,200
outer_fold_0,target_cohort_adaptive_zscore,PPP1R14D,44.63039195199547,1.204132183116276e-09,200
outer_fold_0,target_cohort_adaptive_zscore,PPP4R1,45.320151773106794,9.417149896293645e-10,200
outer_fold_0,target_cohort_adaptive_zscore,PRF1,48.33890036102812,3.256814578383993e-10,200
outer_fold_0,target_cohort_adaptive_zscore,PRSS23,38.30402487283867,1.2170427343428846e-08,200
outer_fold_0,target_cohort_adaptive_zscore,PSME1,36.1296837496733,2.7655551522341712e-08,200
outer_fold_0,target_cohort_adaptive_zscore,PTPRD,52.58317740098781,7.595459834349312e-11,200
outer_fold_0,target_cohort_adaptive_zscore,PTPRO,62.67796638574127,2.7943003528385508e-12,200
outer_fold_0,target_cohort_adaptive_zscore,QPRT,133.05318805275724,2.5609142452503316e-20,200
outer_fold_0,target_cohort_adaptive_zscore,RAB27B,69.57589722298799,3.290429237251658e-13,200
outer_fold_0,target_cohort_adaptive_zscore,RAB32,68.02782267506029,5.276920548922049e-13,200
outer_fold_0,target_cohort_adaptive_zscore,RASGRP1,71.54973078701872,1.8131463595560044e-13,200
outer_fold_0,target_cohort_adaptive_zscore,RNF113A,36.24825878074681,2.6435484683792305e-08,200
outer_fold_0,target_cohort_adaptive_zscore,RNF43,98.51643869600035,9.872557837447784e-17,200
outer_fold_0,target_cohort_adaptive_zscore,RNLS,64.96975237580233,1.3591379855402153e-12,200
outer_fold_0,target_cohort_adaptive_zscore,ROBO3,66.2865921210343,9.023944391341152e-13,200
outer_fold_0,target_cohort_adaptive_zscore,SECTM1,47.22095598573881,4.813088122491889e-10,200
outer_fold_0,target_cohort_adaptive_zscore,SEMA5A,64.1032995976209,1.7827147265588403e-12,200
outer_fold_0,target_cohort_adaptive_zscore,SGK2,73.9029784820307,8.989943028054105e-14,200
outer_fold_0,target_cohort_adaptive_zscore,SLC19A3,75.56248900201594,5.512968181449136e-14,200
outer_fold_0,target_cohort_adaptive_zscore,SLC1A7,37.31407975744088,1.7654825370864607e-08,200
outer_fold_0,target_cohort_adaptive_zscore,SLC22A3,40.710540736328674,4.984140346925523e-09,200
outer_fold_0,target_cohort_adaptive_zscore,SLC25A37,39.11080579671477,9.006163866595314e-09,200
outer_fold_0,target_cohort_adaptive_zscore,SLC2A5,43.81786732787815,1.6110503382673244e-09,200
outer_fold_0,target_cohort_adaptive_zscore,SLC5A6,37.09744808203436,1.9159385447683693e-08,200
outer_fold_0,target_cohort_adaptive_zscore,SLC7A6,37.602275742042465,1.583811980435551e-08,200
outer_fold_0,target_cohort_adaptive_zscore,SP140,48.251857421828035,3.357013189624643e-10,200
outer_fold_0,target_cohort_adaptive_zscore,SPIN2B,36.127195939348496,2.7681756213476762e-08,200
outer_fold_0,target_cohort_adaptive_zscore,SRPX2,40.73648144975626,4.93683881191855e-09,200
outer_fold_0,target_cohort_adaptive_zscore,STAT2,47.83114235318439,3.887527058407967e-10,200
outer_fold_0,target_cohort_adaptive_zscore,STAT4,46.727964562166285,5.723352923025934e-10,200
outer_fold_0,target_cohort_adaptive_zscore,TBX21,76.85155030247944,3.782775142057079e-14,200
outer_fold_0,target_cohort_adaptive_zscore,TCF7,54.02080786843988,4.6825540518853407e-11,200
outer_fold_0,target_cohort_adaptive_zscore,TFAP2A,70.39771669800224,2.5652154728746216e-13,200
outer_fold_0,target_cohort_adaptive_zscore,TFCP2L1,43.56365396396183,1.7653023581930122e-09,200
outer_fold_0,target_cohort_adaptive_zscore,THNSL2,36.56278041017928,2.3458420291437123e-08,200
outer_fold_0,target_cohort_adaptive_zscore,TIMM22,60.95055462520298,4.843616739940912e-12,200
outer_fold_0,target_cohort_adaptive_zscore,TLE6,55.705043968696984,2.6724630927364133e-11,200
outer_fold_0,target_cohort_adaptive_zscore,TMEM176A,43.08695488865388,2.0964309308184052e-09,200
outer_fold_0,target_cohort_adaptive_zscore,TMEM176B,41.99642661210134,3.113579331756546e-09,200
outer_fold_0,target_cohort_adaptive_zscore,TNNC2,82.86955416921977,6.755842702382292e-15,200
outer_fold_0,target_cohort_adaptive_zscore,TNNT1,58.935803797352236,9.270767897136278e-12,200
outer_fold_0,target_cohort_adaptive_zscore,TPBG,39.60481846766789,7.496556439276144e-09,200
outer_fold_0,target_cohort_adaptive_zscore,TPGS2,36.24561287902972,2.6462101246705445e-08,200
outer_fold_0,target_cohort_adaptive_zscore,TPO,39.85541275059701,6.832148279073518e-09,200
outer_fold_0,target_cohort_adaptive_zscore,TRIB2,67.39372393399914,6.411409580688623e-13,200
outer_fold_0,target_cohort_adaptive_zscore,TSPAN6,46.66070717344093,5.860487293607191e-10,200
outer_fold_0,target_cohort_adaptive_zscore,TYMS,56.08539061197259,2.3565629081079626e-11,200
outer_fold_0,target_cohort_adaptive_zscore,UBE2L6,50.70412503050163,1.4394792266854395e-10,200
outer_fold_0,target_cohort_adaptive_zscore,ULBP2,58.76164917532742,9.809738269720251e-12,200
outer_fold_0,target_cohort_adaptive_zscore,USP18,38.313495920392434,1.2127354379824197e-08,200
outer_fold_0,target_cohort_adaptive_zscore,VAV3,51.18898481188444,1.219616696513639e-10,200
outer_fold_0,target_cohort_adaptive_zscore,VIL1,53.68007065590572,5.2491682537439755e-11,200
outer_fold_0,target_cohort_adaptive_zscore,WDR7,36.98128180069365,2.001945536340923e-08,200
outer_fold_0,target_cohort_adaptive_zscore,WRAP53,42.98318369390367,2.1765452486670675e-09,200
outer_fold_0,target_cohort_adaptive_zscore,ZC4H2,49.04870620629119,2.545502814045178e-10,200
outer_fold_0,target_cohort_adaptive_zscore,ZCCHC2,43.36480775913186,1.896406091131529e-09,200
outer_fold_0,target_cohort_adaptive_zscore,ZMYND8,69.59899153134226,3.2674335900645034e-13,200
outer_fold_0,target_cohort_adaptive_zscore,ZNF232,52.52049992301497,7.758160199703796e-11,200
outer_fold_1,target_cohort_adaptive_zscore,A1CF,41.0626777991396,4.267296745183673e-09,200
outer_fold_1,target_cohort_adaptive_zscore,ABAT,62.97225953955009,2.4226713684083227e-12,200
outer_fold_1,target_cohort_adaptive_zscore,ABCB1,42.585146341503766,2.445712429169559e-09,200
outer_fold_1,target_cohort_adaptive_zscore,ABCC5,36.30143841743881,2.5358105710720648e-08,200
outer_fold_1,target_cohort_adaptive_zscore,ACE2,45.49879648284282,8.572651404316164e-10,200
outer_fold_1,target_cohort_adaptive_zscore,ADGRG1,55.343673267544574,2.8915365536012654e-11,200
outer_fold_1,target_cohort_adaptive_zscore,ADGRG6,56.01132455231294,2.3161708592208794e-11,200
outer_fold_1,target_cohort_adaptive_zscore,ADNP2,43.11486307081356,2.01799679032443e-09,200
outer_fold_1,target_cohort_adaptive_zscore,AGR2,44.43478381770732,1.2539468569771568e-09,200
outer_fold_1,target_cohort_adaptive_zscore,AMACR,48.29331643119173,3.2001847311427246e-10,200
outer_fold_1,target_cohort_adaptive_zscore,APOBEC3F,40.996329504953394,4.372698945846483e-09,200
outer_fold_1,target_cohort_adaptive_zscore,APOBEC3G,46.72061455041188,5.558813629071405e-10,200
outer_fold_1,target_cohort_adaptive_zscore,APOL1,39.1833905809885,8.557127158377321e-09,200
outer_fold_1,target_cohort_adaptive_zscore,APOL2,49.68702954974316,1.9716413703860348e-10,200
outer_fold_1,target_cohort_adaptive_zscore,APOL3,65.21274490337106,1.195873117601403e-12,200
outer_fold_1,target_cohort_adaptive_zscore,ARFGAP3,39.60802978464067,7.3059843958778325e-09,200
outer_fold_1,target_cohort_adaptive_zscore,ARHGAP10,58.40828123977717,1.0525503533051889e-11,200
outer_fold_1,target_cohort_adaptive_zscore,ARID3A,43.27682622300286,1.9030860259230234e-09,200
outer_fold_1,target_cohort_adaptive_zscore,ARNTL2,38.725676782949556,1.0152424560258834e-08,200
outer_fold_1,target_cohort_adaptive_zscore,ASCL2,81.89706319458084,8.274223366077224e-15,200
outer_fold_1,target_cohort_adaptive_zscore,ATP6V1B2,36.61053024902996,2.2543304257870307e-08,200
outer_fold_1,target_cohort_adaptive_zscore,ATP9A,99.37906840994091,7.198120824518289e-17,200
outer_fold_1,target_cohort_adaptive_zscore,B3GNT4,46.9084620342815,5.202362551793092e-10,200
outer_fold_1,target_cohort_adaptive_zscore,BARX2,36.54174247607843,2.3140836584265912e-08,200
outer_fold_1,target_cohort_adaptive_zscore,BTN3A1,46.14702519612165,6.809274133311309e-10,200
outer_fold_1,target_cohort_adaptive_zscore,C1QBP,43.7827586460201,1.5853040824863129e-09,200
outer_fold_1,target_cohort_adaptive_zscore,CAB39L,59.80590104507137,6.682423254295843e-12,200
outer_fold_1,target_cohort_adaptive_zscore,CCDC170,43.73420534722656,1.6132984258519432e-09,200
outer_fold_1,target_cohort_adaptive_zscore,CCL4,46.70218547938899,5.595099391953243e-10,200
outer_fold_1,target_cohort_adaptive_zscore,CCL5,44.235281294590855,1.34706023664209e-09,200
outer_fold_1,target_cohort_adaptive_zscore,CD244,36.20975292767299,2.6260186505622677e-08,200
outer_fold_1,target_cohort_adaptive_zscore,CD55,53.07495925620809,6.190555036554499e-11,200
outer_fold_1,target_cohort_adaptive_zscore,CEL,48.30656991777284,3.185409289658792e-10,200
outer_fold_1,target_cohort_adaptive_zscore,CELP,63.214053970527644,2.2438888939372514e-12,200
outer_fold_1,target_cohort_adaptive_zscore,CEP76,46.23257847511818,6.605945866474887e-10,200
outer_fold_1,target_cohort_adaptive_zscore,CITED1,42.564008874588815,2.4645825946968568e-09,200
outer_fold_1,target_cohort_adaptive_zscore,CLEC2B,38.64542477858938,1.0461962276474324e-08,200
outer_fold_1,target_cohort_adaptive_zscore,CLEC5A,40.67432702699166,4.9232462945654014e-09,200
outer_fold_1,target_cohort_adaptive_zscore,COL9A1,37.39291151949689,1.6757763303221557e-08,200
outer_fold_1,target_cohort_adaptive_zscore,CREB3L1,46.55489770930437,5.893920208145578e-10,200
outer_fold_1,target_cohort_adaptive_zscore,CRIP1,47.56782322125324,4.1254677135917786e-10,200
outer_fold_1,target_cohort_adaptive_zscore,CTSW,46.90058615415779,5.216828710635826e-10,200
outer_fold_1,target_cohort_adaptive_zscore,CXCL10,39.81262805741555,6.77142636208322e-09,200
outer_fold_1,target_cohort_adaptive_zscore,CXCL14,72.66651741576673,1.2215442543742766e-13,200
outer_fold_1,target_cohort_adaptive_zscore,CYP2B6,60.37857304980896,5.5537999526949795e-12,200
outer_fold_1,target_cohort_adaptive_zscore,DDX27,64.73980391573924,1.3869372824760929e-12,200
outer_fold_1,target_cohort_adaptive_zscore,DHRS12,36.466940776604375,2.3808974506601148e-08,200
outer_fold_1,target_cohort_adaptive_zscore,DLST,37.90600259075701,1.3809088860134644e-08,200
outer_fold_1,target_cohort_adaptive_zscore,DPEP1,70.36610063483022,2.4436091795036945e-13,200
outer_fold_1,target_cohort_adaptive_zscore,DUSP4,50.58906953298579,1.4446131817799798e-10,200
outer_fold_1,target_cohort_adaptive_zscore,EMX1,39.34983006918493,8.042564157736172e-09,200
outer_fold_1,target_cohort_adaptive_zscore,ENGASE,54.531326354360715,3.792609994679036e-11,200
outer_fold_1,target_cohort_adaptive_zscore,ENPP3,40.3920796258257,5.463815215268593e-09,200
outer_fold_1,target_cohort_adaptive_zscore,EPB41L1,46.499837850737066,6.009763216322339e-10,200
outer_fold_1,target_cohort_adaptive_zscore,EPM2AIP1,101.99191706658686,3.6711840053196266e-17,200
outer_fold_1,target_cohort_adaptive_zscore,ETV5,52.00596381800755,8.896854248157004e-11,200
outer_fold_1,target_cohort_adaptive_zscore,FABP1,58.540022649678285,1.0082524927643403e-11,200
outer_fold_1,target_cohort_adaptive_zscore,FAM114A1,38.39912410359889,1.1473445764275822e-08,200
outer_fold_1,target_cohort_adaptive_zscore,FARP1,54.53602618067656,3.786646750530988e-11,200
outer_fold_1,target_cohort_adaptive_zscore,FASLG,48.06558615414828,3.4652746722296546e-10,200
outer_fold_1,target_cohort_adaptive_zscore,FECH,107.61502906515977,8.872616311991946e-18,200
outer_fold_1,target_cohort_adaptive_zscore,FGFR4,37.1396499271375,1.844273155141028e-08,200
outer_fold_1,target_cohort_adaptive_zscore,FOXD1,42.32446290622193,2.6891056617459828e-09,200
outer_fold_1,target_cohort_adaptive_zscore,FSCN1,39.02738047092908,9.069937996227953e-09,200
outer_fold_1,target_cohort_adaptive_zscore,FUT8,36.08855152351682,2.75031548449182e-08,200
outer_fold_1,target_cohort_adaptive_zscore,GAD1,40.15660350202726,5.960950548165434e-09,200
outer_fold_1,target_cohort_adaptive_zscore,GBP1,38.18346071929704,1.244085845772745e-08,200
outer_fold_1,target_cohort_adaptive_zscore,GBP2,54.45006760378057,3.8972404691284926e-11,200
outer_fold_1,target_cohort_adaptive_zscore,GFI1,103.57175998842885,2.453686700585313e-17,200
outer_fold_1,target_cohort_adaptive_zscore,GMEB1,43.58811914799312,1.7006066175663015e-09,200
outer_fold_1,target_cohort_adaptive_zscore,GNG4,56.84640985263302,1.7572543064685968e-11,200
outer_fold_1,target_cohort_adaptive_zscore,GNLY,86.42860645307147,2.3188055942230165e-15,200
outer_fold_1,target_cohort_adaptive_zscore,GPR143,54.513841800375914,3.814878986998928e-11,200
outer_fold_1,target_cohort_adaptive_zscore,GRM8,54.14565669877471,4.316082573967294e-11,200
outer_fold_1,target_cohort_adaptive_zscore,GSPT2,53.84202994620706,4.7796576644729385e-11,200
outer_fold_1,target_cohort_adaptive_zscore,GUCA2A,37.543846904193494,1.5829117030392293e-08,200
outer_fold_1,target_cohort_adaptive_zscore,GZMA,54.51349786420909,3.815318371749609e-11,200
outer_fold_1,target_cohort_adaptive_zscore,GZMH,57.0502948287889,1.6430496468259627e-11,200
outer_fold_1,target_cohort_adaptive_zscore,HOXC4,45.59286153518147,8.290363773977721e-10,200
outer_fold_1,target_cohort_adaptive_zscore,HOXC6,55.402536358013535,2.8354138718667675e-11,200
outer_fold_1,target_cohort_adaptive_zscore,HPSE,83.58810788702957,5.1283048941261504e-15,200
outer_fold_1,target_cohort_adaptive_zscore,HSPH1,44.02334901452539,1.4537231937436608e-09,200
outer_fold_1,target_cohort_adaptive_zscore,HUNK,86.97252634764297,1.9945948934047716e-15,200
outer_fold_1,target_cohort_adaptive_zscore,ICAM1,39.75106964799405,6.927926803002688e-09,200
outer_fold_1,target_cohort_adaptive_zscore,ID1,49.23918272234088,2.3025032904201184e-10,200
outer_fold_1,target_cohort_adaptive_zscore,IDO1,37.48905526991717,1.6160000862687936e-08,200
outer_fold_1,target_cohort_adaptive_zscore,IFIT3,35.96554975084575,2.8826033115297986e-08,200
outer_fold_1,target_cohort_adaptive_zscore,IFNG,43.15932075943056,1.9857673221315703e-09,200
outer_fold_1,target_cohort_adaptive_zscore,IHH,63.24382704998876,2.2228249937546786e-12,200
outer_fold_1,target_cohort_adaptive_zscore,IL18BP,37.158148583647545,1.8314004002855857e-08,200
outer_fold_1,target_cohort_adaptive_zscore,IRF1,44.3527225125472,1.2914254964698936e-09,200
outer_fold_1,target_cohort_adaptive_zscore,JAK2,42.81736600894608,2.2478505315916633e-09,200
outer_fold_1,target_cohort_adaptive_zscore,KCNK1,42.54985721115927,2.477299220227735e-09,200
outer_fold_1,target_cohort_adaptive_zscore,KCNK5,36.62844542649417,2.2390281952620684e-08,200
outer_fold_1,target_cohort_adaptive_zscore,KDSR,53.182559115110735,5.969497474795705e-11,200
outer_fold_1,target_cohort_adaptive_zscore,KHDRBS3,51.649956706184064,1.004480372251753e-10,200
outer_fold_1,target_cohort_adaptive_zscore,KIR2DL4,69.54692316529857,3.1350677261610395e-13,200
outer_fold_1,target_cohort_adaptive_zscore,KLF7,43.82226897556731,1.562889548378956e-09,200
outer_fold_1,target_cohort_adaptive_zscore,KLRD1,67.01354261231288,6.827547593389084e-13,200
outer_fold_1,target_cohort_adaptive_zscore,KRT23,70.11816041008338,2.6346929827296435e-13,200
outer_fold_1,target_cohort_adaptive_zscore,LAG3,44.977562039891005,1.0324498743854011e-09,200
outer_fold_1,target_cohort_adaptive_zscore,LAP3,57.154949095979624,1.587396658758199e-11,200
outer_fold_1,target_cohort_adaptive_zscore,LAPTM4B,37.027967083525006,1.9239760936259208e-08,200
outer_fold_1,target_cohort_adaptive_zscore,LFNG,41.49747048465206,3.637796693276728e-09,200
outer_fold_1,target_cohort_adaptive_zscore,LMO4,57.79107925054377,1.2880639628508622e-11,200
outer_fold_1,target_cohort_adaptive_zscore,LRRC2,39.60519537437292,7.313684838338892e-09,200
outer_fold_1,target_cohort_adaptive_zscore,LRRC36,42.53405090844622,2.491581843039484e-09,200
outer_fold_1,target_cohort_adaptive_zscore,LZTS3,42.42022692379047,2.5969449802124404e-09,200
outer_fold_1,target_cohort_adaptive_zscore,MAP3K5,38.60940740285383,1.0603997877817653e-08,200
outer_fold_1,target_cohort_adaptive_zscore,MAPK12,52.76084999517069,6.884847166137061e-11,200
outer_fold_1,target_cohort_adaptive_zscore,MAPRE3,48.27823506740628,3.217082994189592e-10,200
outer_fold_1,target_cohort_adaptive_zscore,MAX,40.86006639474992,4.597576205422769e-09,200
outer_fold_1,target_cohort_adaptive_zscore,MBP,67.02943420736001,6.794044364792659e-13,200
outer_fold_1,target_cohort_adaptive_zscore,MCUB,79.47179092562979,1.6560577851156993e-14,200
outer_fold_1,target_cohort_adaptive_zscore,MEP1A,37.525036136955144,1.5941927919204546e-08,200
outer_fold_1,target_cohort_adaptive_zscore,MLH1,134.88577297156652,1.4942654726183242e-20,200
outer_fold_1,target_cohort_adaptive_zscore,MMP24,44.086055655571265,1.4212955835473057e-09,200
outer_fold_1,target_cohort_adaptive_zscore,MOCS3,63.44887893370889,2.0831251718248033e-12,200
outer_fold_1,target_cohort_adaptive_zscore,MSH4,54.872121995654695,3.384062595067526e-11,200
outer_fold_1,target_cohort_adaptive_zscore,MTERF1,50.1886013945616,1.6581260744690806e-10,200
outer_fold_1,target_cohort_adaptive_zscore,NFATC1,62.08260795520574,3.215307266386945e-12,200
outer_fold_1,target_cohort_adaptive_zscore,NKG7,54.91034015470645,3.34113623702099e-11,200
outer_fold_1,target_cohort_adaptive_zscore,NKX3-1,48.482198003262276,2.9960545959420794e-10,200
outer_fold_1,target_cohort_adaptive_zscore,NPFFR1,36.41876988504125,2.424963087857865e-08,200
outer_fold_1,target_cohort_adaptive_zscore,NUBPL,49.83514139663254,1.8732333716159784e-10,200
outer_fold_1,target_cohort_adaptive_zscore,NXPH4,39.99821586266374,6.3210789897909935e-09,200
outer_fold_1,target_cohort_adaptive_zscore,OSR2,41.94682859906995,3.086270765263533e-09,200
outer_fold_1,target_cohort_adaptive_zscore,OXCT1,46.91380930484368,5.19256418267268e-10,200
outer_fold_1,target_cohort_adaptive_zscore,PDE10A,43.08405838012508,2.0406410399776824e-09,200
outer_fold_1,target_cohort_adaptive_zscore,PIWIL1,36.851844818388386,2.056875116615113e-08,200
outer_fold_1,target_cohort_adaptive_zscore,PLAGL2,59.358194636908514,7.725887464138205e-12,200
outer_fold_1,target_cohort_adaptive_zscore,PLCB4,43.06191957077683,2.0570749992166014e-09,200
outer_fold_1,target_cohort_adaptive_zscore,PLEK2,40.89839392625355,4.53315650676479e-09,200
outer_fold_1,target_cohort_adaptive_zscore,PLLP,58.50999394057631,1.0181794266088405e-11,200
outer_fold_1,target_cohort_adaptive_zscore,PODXL,36.60295511241221,2.2608327786564074e-08,200
outer_fold_1,target_cohort_adaptive_zscore,POFUT1,82.92030985213846,6.1913747064517204e-15,200
outer_fold_1,target_cohort_adaptive_zscore,POU5F1B,81.52810457425798,9.189922729966729e-15,200
outer_fold_1,target_cohort_adaptive_zscore,PPP1R14D,39.15210302201848,8.657544569364361e-09,200
outer_fold_1,target_cohort_adaptive_zscore,PPP1R3D,62.64598431168514,2.6871938074190768e-12,200
outer_fold_1,target_cohort_adaptive_zscore,PPP4R1,48.85636646377724,2.6299880545025346e-10,200
outer_fold_1,target_cohort_adaptive_zscore,PSME1,46.266584470829535,6.526855852892737e-10,200
outer_fold_1,target_cohort_adaptive_zscore,PTPRD,40.586880331025256,5.08462833496229e-09,200
outer_fold_1,target_cohort_adaptive_zscore,PTPRO,56.58798417277975,1.91373033526913e-11,200
outer_fold_1,target_cohort_adaptive_zscore,PXMP4,43.30331301123211,1.884938970885374e-09,200
outer_fold_1,target_cohort_adaptive_zscore,QPCT,39.26106471515726,8.312936681827816e-09,200
outer_fold_1,target_cohort_adaptive_zscore,QPRT,152.5390620329694,3.503209668926681e-22,200
outer_fold_1,target_cohort_adaptive_zscore,RAB27B,62.458545949177065,2.8522941312833024e-12,200
outer_fold_1,target_cohort_adaptive_zscore,RAB32,62.147478574944934,3.1494592293792837e-12,200
outer_fold_1,target_cohort_adaptive_zscore,RAMP1,48.32164145072033,3.1686915390976124e-10,200
outer_fold_1,target_cohort_adaptive_zscore,RASGRP1,48.751971029482334,2.7272801582220176e-10,200
outer_fold_1,target_cohort_adaptive_zscore,RHOF,39.13101544296066,8.725902564638502e-09,200
outer_fold_1,target_cohort_adaptive_zscore,RNF125,57.38005405592564,1.4741115497489853e-11,200
outer_fold_1,target_cohort_adaptive_zscore,RNF19B,40.33602704548697,5.578180198731937e-09,200
outer_fold_1,target_cohort_adaptive_zscore,RNF43,91.83087621756904,5.295196983337355e-16,200
outer_fold_1,target_cohort_adaptive_zscore,RNLS,60.386839418581715,5.539015933095812e-12,200
outer_fold_1,target_cohort_adaptive_zscore,RPS6KA6,63.585142987329306,1.9952710470289482e-12,200
outer_fold_1,target_cohort_adaptive_zscore,S100A14,35.97020225754256,2.8774833076292318e-08,200
outer_fold_1,target_cohort_adaptive_zscore,SCNN1B,37.74420828087847,1.467687377148919e-08,200
outer_fold_1,target_cohort_adaptive_zscore,SECTM1,45.505711165480335,8.551570675759756e-10,200
outer_fold_1,target_cohort_adaptive_zscore,SELENBP1,39.79679199453965,6.8113386907698234e-09,200
outer_fold_1,target_cohort_adaptive_zscore,SEMA5A,92.92517687413161,3.945984432685638e-16,200
outer_fold_1,target_cohort_adaptive_zscore,SEMG1,79.94752314345602,1.4442578552031668e-14,200
outer_fold_1,target_cohort_adaptive_zscore,SERPINB8,36.031339934986995,2.8110580012376555e-08,200
outer_fold_1,target_cohort_adaptive_zscore,SGK2,69.43885681893912,3.240125940210525e-13,200
outer_fold_1,target_cohort_adaptive_zscore,SLC19A3,109.01822220417753,6.262305936340759e-18,200
outer_fold_1,target_cohort_adaptive_zscore,SLC1A7,40.06658717586318,6.162975196915109e-09,200
outer_fold_1,target_cohort_adaptive_zscore,SLC26A3,44.32261823337571,1.3054593265028118e-09,200
outer_fold_1,target_cohort_adaptive_zscore,SLC2A5,40.51736228590522,5.216766939186284e-09,200
outer_fold_1,target_cohort_adaptive_zscore,SLC6A6,37.99558935040007,1.33512891781904e-08,200
outer_fold_1,target_cohort_adaptive_zscore,SLC7A6,61.41267537856786,3.983278117812396e-12,200
outer_fold_1,target_cohort_adaptive_zscore,SMAP1,64.50678114335206,1.4922508848432275e-12,200
outer_fold_1,target_cohort_adaptive_zscore,SRD5A3,41.800956424488675,3.2552760157245073e-09,200
outer_fold_1,target_cohort_adaptive_zscore,TBX21,42.91086603797308,2.1728666591876054e-09,200
outer_fold_1,target_cohort_adaptive_zscore,TCF7,72.47624149586153,1.2931924008439318e-13,200
outer_fold_1,target_cohort_adaptive_zscore,TFAP2A,94.24871360066427,2.770974225859832e-16,200
outer_fold_1,target_cohort_adaptive_zscore,TFCP2L1,53.79414787297525,4.857268882333283e-11,200
outer_fold_1,target_cohort_adaptive_zscore,TGFBR2,41.88694151456433,3.1545448728734217e-09,200
outer_fold_1,target_cohort_adaptive_zscore,TIMM22,73.05104689739055,1.088847805361319e-13,200
outer_fold_1,target_cohort_adaptive_zscore,TLL2,55.8041201362835,2.4810203502705873e-11,200
outer_fold_1,target_cohort_adaptive_zscore,TM9SF4,38.31705703248737,1.1832194628195737e-08,200
outer_fold_1,target_cohort_adaptive_zscore,TNNC2,72.8511910353289,1.1558732733162122e-13,200
outer_fold_1,target_cohort_adaptive_zscore,TNNT1,41.91103510792553,3.1268937012438614e-09,200
outer_fold_1,target_cohort_adaptive_zscore,TPGS2,42.64029566715849,2.3971694376206033e-09,200
outer_fold_1,target_cohort_adaptive_zscore,TPO,38.27323419222531,1.2028428699210985e-08,200
outer_fold_1,target_cohort_adaptive_zscore,TRIB2,57.53394820887473,1.4014387920714829e-11,200
outer_fold_1,target_cohort_adaptive_zscore,TVP23B,37.82708667940816,1.4225616596173758e-08,200
outer_fold_1,target_cohort_adaptive_zscore,TXNL4A,38.80605189507296,9.85177069926015e-09,200
outer_fold_1,target_cohort_adaptive_zscore,TYMS,71.73524763557361,1.6155642483737354e-13,200
outer_fold_1,target_cohort_adaptive_zscore,UBE2L6,57.75543744006204,1.303203263459721e-11,200
outer_fold_1,target_cohort_adaptive_zscore,ULBP2,48.384998175195705,3.0993873961469853e-10,200
outer_fold_1,target_cohort_adaptive_zscore,UQCC1,40.60667867936768,5.047624277626698e-09,200
outer_fold_1,target_cohort_adaptive_zscore,USP18,55.76252027911863,2.5155331033541376e-11,200
outer_fold_1,target_cohort_adaptive_zscore,VAV3,52.8826056820138,6.606757799107204e-11,200
outer_fold_1,target_cohort_adaptive_zscore,VIL1,45.191170766875906,9.566187660337997e-10,200
outer_fold_1,target_cohort_adaptive_zscore,XPNPEP1,49.56288844754084,2.05817623942019e-10,200
outer_fold_1,target_cohort_adaptive_zscore,ZC4H2,58.40971928489028,1.0520562531868333e-11,200
outer_fold_1,target_cohort_adaptive_zscore,ZCCHC2,41.236408514207334,4.003411118329164e-09,200
outer_fold_1,target_cohort_adaptive_zscore,ZMYND8,92.41309195860562,4.527264440196511e-16,200
outer_fold_1,target_cohort_adaptive_zscore,ZNF141,38.08476360398704,1.2910964782151041e-08,200
outer_fold_1,target_cohort_adaptive_zscore,ZNF232,54.141111133622985,4.322673234581603e-11,200
outer_fold_2,target_cohort_adaptive_zscore,A1CF,77.01870670063813,3.3732426450518113e-14,200
outer_fold_2,target_cohort_adaptive_zscore,ACOT8,48.92488217102744,2.5680649700899435e-10,200
outer_fold_2,target_cohort_adaptive_zscore,ADGRG1,48.526176303146606,2.950462428720293e-10,200
outer_fold_2,target_cohort_adaptive_zscore,ADNP2,46.95256846682823,5.122101981635663e-10,200
outer_fold_2,target_cohort_adaptive_zscore,ALOX15B,45.06080760761297,1.0021941389344086e-09,200
outer_fold_2,target_cohort_adaptive_zscore,ANKH,46.811580531034004,5.383191408886545e-10,200
outer_fold_2,target_cohort_adaptive_zscore,APOBEC3G,54.80897018874605,3.456230439883418e-11,200
outer_fold_2,target_cohort_adaptive_zscore,APOL2,52.45121453044296,7.647089316008694e-11,200
outer_fold_2,target_cohort_adaptive_zscore,APOL3,85.40299500436726,3.084037376712098e-15,200
outer_fold_2,target_cohort_adaptive_zscore,APOL6,42.49718383654178,2.525222362109292e-09,200
outer_fold_2,target_cohort_adaptive_zscore,ARHGAP10,59.31258659878192,7.84111312586189e-12,200
outer_fold_2,target_cohort_adaptive_zscore,ARNTL2,49.36445609551029,2.204620372110479e-10,200
outer_fold_2,target_cohort_adaptive_zscore,ASCL2,71.93421570287282,1.5216973197542202e-13,200
outer_fold_2,target_cohort_adaptive_zscore,ATP9A,52.38477950256355,7.821548289931542e-11,200
outer_fold_2,target_cohort_adaptive_zscore,B3GNT4,62.132198962565646,3.1648442381322868e-12,200
outer_fold_2,target_cohort_adaptive_zscore,BAG3,48.14939981138605,3.365200455294164e-10,200
outer_fold_2,target_cohort_adaptive_zscore,BTN3A1,49.7661738612909,1.9184177687094472e-10,200
outer_fold_2,target_cohort_adaptive_zscore,C18orf25,47.7599369654189,3.856663522768054e-10,200
outer_fold_2,target_cohort_adaptive_zscore,CAB39L,54.78507448049577,3.4839452164474305e-11,200
outer_fold_2,target_cohort_adaptive_zscore,CADPS,42.86343794238972,2.210578094205551e-09,200
outer_fold_2,target_cohort_adaptive_zscore,CCDC170,46.25166189594718,6.561442689222802e-10,200
outer_fold_2,target_cohort_adaptive_zscore,CCDC68,42.66521910650003,2.375555090735339e-09,200
outer_fold_2,target_cohort_adaptive_zscore,CCL4,58.337481951075226,1.0771712635419527e-11,200
outer_fold_2,target_cohort_adaptive_zscore,CCL5,60.406100705046185,5.5047234750734284e-12,200
outer_fold_2,target_cohort_adaptive_zscore,CD7,64.09926965848177,1.6964332024373318e-12,200
outer_fold_2,target_cohort_adaptive_zscore,CD74,49.71056394934144,1.9556593102972255e-10,200
outer_fold_2,target_cohort_adaptive_zscore,CD8A,53.48804572534388,5.384739108329077e-11,200
outer_fold_2,target_cohort_adaptive_zscore,CDC42EP1,52.78588136170558,6.826716960215945e-11,200
outer_fold_2,target_cohort_adaptive_zscore,CDHR1,52.209713826320026,8.300971398465985e-11,200
outer_fold_2,target_cohort_adaptive_zscore,CEL,43.756991966296376,1.6000981096338941e-09,200
outer_fold_2,target_cohort_adaptive_zscore,CELP,59.802432562858186,6.689928565614798e-12,200
outer_fold_2,target_cohort_adaptive_zscore,CIITA,72.2233255446782,1.39511057749412e-13,200
outer_fold_2,target_cohort_adaptive_zscore,CLCN2,43.180148833553076,1.970849146181232e-09,200
outer_fold_2,target_cohort_adaptive_zscore,CLEC5A,44.14408679907341,1.3919432079629413e-09,200
outer_fold_2,target_cohort_adaptive_zscore,CNDP2,43.39481417485319,1.8235950159023447e-09,200
outer_fold_2,target_cohort_adaptive_zscore,COL9A1,44.983099372468594,1.030408700542158e-09,200
outer_fold_2,target_cohort_adaptive_zscore,CRCP,46.18305351718724,6.722881385460746e-10,200
outer_fold_2,target_cohort_adaptive_zscore,CRTAM,65.0269774642687,1.2674990960965071e-12,200
outer_fold_2,target_cohort_adaptive_zscore,CTDNEP1,55.04883289716945,3.1901789934281884e-11,200
outer_fold_2,target_cohort_adaptive_zscore,CTSW,77.66956253512795,2.7903291539414432e-14,200
outer_fold_2,target_cohort_adaptive_zscore,CXCL13,49.87792083493377,1.845753023611843e-10,200
outer_fold_2,target_cohort_adaptive_zscore,CXCL14,93.53604465708436,3.3509523365047473e-16,200
outer_fold_2,target_cohort_adaptive_zscore,CYP2B6,83.20148089252167,5.7187880233021035e-15,200
outer_fold_2,target_cohort_adaptive_zscore,DDAH2,48.81111583799924,2.671717569632635e-10,200
outer_fold_2,target_cohort_adaptive_zscore,DDX27,48.37880769722791,3.1060903040810925e-10,200
outer_fold_2,target_cohort_adaptive_zscore,DHRS12,51.95424318826788,9.054941079088364e-11,200
outer_fold_2,target_cohort_adaptive_zscore,DHX58,47.133145932169384,4.806453251940258e-10,200
outer_fold_2,target_cohort_adaptive_zscore,DPEP1,49.502626708829936,2.101569598004903e-10,200
outer_fold_2,target_cohort_adaptive_zscore,DUSP4,57.36648000479981,1.4807031966192622e-11,200
outer_fold_2,target_cohort_adaptive_zscore,EFNA4,45.63779671874406,8.158878040712162e-10,200
outer_fold_2,target_cohort_adaptive_zscore,EMID1,45.562541830973764,8.380302076233624e-10,200
outer_fold_2,target_cohort_adaptive_zscore,ENGASE,46.86364554205759,5.28522944950262e-10,200
outer_fold_2,target_cohort_adaptive_zscore,ENO2,55.936686234899135,2.374225176892918e-11,200
outer_fold_2,target_cohort_adaptive_zscore,EPM2AIP1,72.05480844338886,1.4675301554600605e-13,200
outer_fold_2,target_cohort_adaptive_zscore,ETV5,51.49891454013901,1.0576465657607808e-10,200
outer_fold_2,target_cohort_adaptive_zscore,FABP1,54.62576203044372,3.674603817092818e-11,200
outer_fold_2,target_cohort_adaptive_zscore,FARP1,54.86416267835702,3.393072962732402e-11,200
outer_fold_2,target_cohort_adaptive_zscore,FASLG,76.39815249464384,4.044701401173179e-14,200
outer_fold_2,target_cohort_adaptive_zscore,FECH,85.396023075728,3.0900386794355454e-15,200
outer_fold_2,target_cohort_adaptive_zscore,FLVCR2,42.24305208829022,2.7700737322821078e-09,200
outer_fold_2,target_cohort_adaptive_zscore,FMO1,43.5546349933923,1.7212883785417629e-09,200
outer_fold_2,target_cohort_adaptive_zscore,GAD1,55.8811473860693,2.418384849501408e-11,200
outer_fold_2,target_cohort_adaptive_zscore,GAS2L1,43.67168688441447,1.650088801918993e-09,200
outer_fold_2,target_cohort_adaptive_zscore,GBP1,46.314379243072345,6.417325669209588e-10,200
outer_fold_2,target_cohort_adaptive_zscore,GBP2,44.764731890459515,1.1141107480480118e-09,200
outer_fold_2,target_cohort_adaptive_zscore,GFI1,92.44796420500158,4.485043829850032e-16,200
outer_fold_2,target_cohort_adaptive_zscore,GM2A,51.3658331864581,1.1068659084910676e-10,200
outer_fold_2,target_cohort_adaptive_zscore,GNG4,47.233190092072526,4.640188580785741e-10,200
outer_fold_2,target_cohort_adaptive_zscore,GNLY,88.84625291730413,1.1911628042392652e-15,200
outer_fold_2,target_cohort_adaptive_zscore,GPR143,46.682689998294585,5.633747849562652e-10,200
outer_fold_2,target_cohort_adaptive_zscore,GPR153,43.69281025098965,1.6375635268708542e-09,200
outer_fold_2,target_cohort_adaptive_zscore,GRM8,67.11238733040041,6.621860709925056e-13,200
outer_fold_2,target_cohort_adaptive_zscore,GSPT2,42.948931466519056,2.1430748095476805e-09,200
outer_fold_2,target_cohort_adaptive_zscore,GTF2IRD1,46.2587919715402,6.544893680081078e-10,200
outer_fold_2,target_cohort_adaptive_zscore,GZMA,52.34387161138659,7.930986465192802e-11,200
outer_fold_2,target_cohort_adaptive_zscore,GZMH,73.57215964842922,9.321012415034999e-14,200
outer_fold_2,target_cohort_adaptive_zscore,HLA-DMA,55.13586620293199,3.098888777341923e-11,200
outer_fold_2,target_cohort_adaptive_zscore,HLA-DPA1,44.36076305280991,1.2877033087454645e-09,200
outer_fold_2,target_cohort_adaptive_zscore,HLA-DRA,46.535831316296935,5.933774884723972e-10,200
outer_fold_2,target_cohort_adaptive_zscore,HLA-E,44.03138946020296,1.4495234000308768e-09,200
outer_fold_2,target_cohort_adaptive_zscore,HLA-F-AS1,66.8372381101352,7.210736543707343e-13,200
outer_fold_2,target_cohort_adaptive_zscore,HOXC4,66.5031758113954,7.998045010442391e-13,200
outer_fold_2,target_cohort_adaptive_zscore,HOXC6,73.09794480237997,1.0737020184757487e-13,200
outer_fold_2,target_cohort_adaptive_zscore,HPSE,91.20530890970147,6.269381011875084e-16,200
outer_fold_2,target_cohort_adaptive_zscore,HUNK,87.40912875742092,1.76802233758412e-15,200
outer_fold_2,target_cohort_adaptive_zscore,ICAM1,51.95456437803312,9.053950558240754e-11,200
outer_fold_2,target_cohort_adaptive_zscore,ID1,54.74221115096248,3.53422819413486e-11,200
outer_fold_2,target_cohort_adaptive_zscore,IDO1,47.45764933030618,4.2881676125108877e-10,200
outer_fold_2,target_cohort_adaptive_zscore,IFNG,67.29229541622135,6.263552364657515e-13,200
outer_fold_2,target_cohort_adaptive_zscore,IHH,78.38492389526519,2.2669655744302257e-14,200
outer_fold_2,target_cohort_adaptive_zscore,IL18BP,63.61735006956347,1.9750637582029664e-12,200
outer_fold_2,target_cohort_adaptive_zscore,IL2RB,49.15805816128184,2.368243959644419e-10,200
outer_fold_2,target_cohort_adaptive_zscore,IRF1,55.5882218052403,2.6655436335083903e-11,200
outer_fold_2,target_cohort_adaptive_zscore,JADE1,44.005135004045435,1.4632829420074673e-09,200
outer_fold_2,target_cohort_adaptive_zscore,JAK2,53.02870827564387,6.288123342369778e-11,200
outer_fold_2,target_cohort_adaptive_zscore,KCNK1,49.5054875538769,2.0994886137826105e-10,200
outer_fold_2,target_cohort_adaptive_zscore,KDSR,54.80155554448751,3.464805971982683e-11,200
outer_fold_2,target_cohort_adaptive_zscore,KHDRBS3,54.259325032434006,4.1545633680040976e-11,200
outer_fold_2,target_cohort_adaptive_zscore,KIR2DL4,60.00602027117161,6.263614023180087e-12,200
outer_fold_2,target_cohort_adaptive_zscore,KLRD1,87.3089842325938,1.8175590227182455e-15,200
outer_fold_2,target_cohort_adaptive_zscore,KRT23,61.88242471662656,3.4274935074441768e-12,200
outer_fold_2,target_cohort_adaptive_zscore,LAG3,61.29163832821529,4.140833790157322e-12,200
outer_fold_2,target_cohort_adaptive_zscore,LAP3,54.712984312176474,3.568937945274376e-11,200
outer_fold_2,target_cohort_adaptive_zscore,LMO4,60.89526390222212,4.70271505054027e-12,200
outer_fold_2,target_cohort_adaptive_zscore,LRRC2,54.81677280393137,3.4472295607718453e-11,200
outer_fold_2,target_cohort_adaptive_zscore,LRRC36,75.50209255639622,5.2628161138103924e-14,200
outer_fold_2,target_cohort_adaptive_zscore,MAP3K6,55.58283886358014,2.6703190143056213e-11,200
outer_fold_2,target_cohort_adaptive_zscore,MAPRE3,53.93808021205646,4.627761351998492e-11,200
outer_fold_2,target_cohort_adaptive_zscore,MBP,58.42227041889238,1.0477538163796186e-11,200
outer_fold_2,target_cohort_adaptive_zscore,MCUB,57.499020707597296,1.417605424210572e-11,200
outer_fold_2,target_cohort_adaptive_zscore,MEP1A,45.65610131134158,8.105928054302373e-10,200
outer_fold_2,target_cohort_adaptive_zscore,MICB,52.148027257881715,8.47695408261534e-11,200
outer_fold_2,target_cohort_adaptive_zscore,MLH1,86.25726195514538,2.4316942190991385e-15,200
outer_fold_2,target_cohort_adaptive_zscore,MOCS3,49.4093119593709,2.1706127989741938e-10,200
outer_fold_2,target_cohort_adaptive_zscore,MSH4,65.79292009820207,9.97632441491656e-13,200
outer_fold_2,target_cohort_adaptive_zscore,MT2A,48.38770725312048,3.0964587104241706e-10,200
outer_fold_2,target_cohort_adaptive_zscore,MYRF,46.55707320885081,5.889390124452537e-10,200
outer_fold_2,target_cohort_adaptive_zscore,N4BP3,49.73172426357598,1.9414022802102824e-10,200
outer_fold_2,target_cohort_adaptive_zscore,NFATC1,56.90903761151102,1.72133754820238e-11,200
outer_fold_2,target_cohort_adaptive_zscore,NKG7,73.0381472341463,1.0930518483905489e-13,200
outer_fold_2,target_cohort_adaptive_zscore,NKX3-1,51.979293964011276,8.978017482889665e-11,200
outer_fold_2,target_cohort_adaptive_zscore,NOX1,56.85870570446795,1.750142895477314e-11,200
outer_fold_2,target_cohort_adaptive_zscore,NR1I2,53.82518799087735,4.806811292778204e-11,200
outer_fold_2,target_cohort_adaptive_zscore,NSG1,47.53667433392568,4.170818169584817e-10,200
outer_fold_2,target_cohort_adaptive_zscore,NUBPL,53.36166490130114,5.619225330946941e-11,200
outer_fold_2,target_cohort_adaptive_zscore,NXPH4,52.73630659418171,6.942334283562131e-11,200
outer_fold_2,target_cohort_adaptive_zscore,OAS2,49.73656375054761,1.9381565333499135e-10,200
outer_fold_2,target_cohort_adaptive_zscore,OSR2,43.8687108087664,1.536955510951225e-09,200
outer_fold_2,target_cohort_adaptive_zscore,OXCT1,51.838656064488134,9.418675267938648e-11,200
outer_fold_2,target_cohort_adaptive_zscore,PAK6,47.3491356631969,4.4548159123397956e-10,200
outer_fold_2,target_cohort_adaptive_zscore,PARP12,51.424596092454514,1.0848510875125648e-10,200
outer_fold_2,target_cohort_adaptive_zscore,PDCD1,43.63800065741114,1.670265841632999e-09,200
outer_fold_2,target_cohort_adaptive_zscore,PIAS2,46.96877397407493,5.092930987110272e-10,200
outer_fold_2,target_cohort_adaptive_zscore,PLAGL2,51.11974988709062,1.2041207483680602e-10,200
outer_fold_2,target_cohort_adaptive_zscore,PLCB4,43.29363012979898,1.891552506368024e-09,200
outer_fold_2,target_cohort_adaptive_zscore,PLCL2,43.69452045733663,1.6365536988367512e-09,200
outer_fold_2,target_cohort_adaptive_zscore,PMEPA1,42.8896008541597,2.18969339206557e-09,200
outer_fold_2,target_cohort_adaptive_zscore,PODXL,51.57469360689597,1.0306231820544221e-10,200
outer_fold_2,target_cohort_adaptive_zscore,POFUT1,73.13742475434935,1.061118451483136e-13,200
outer_fold_2,target_cohort_adaptive_zscore,POU5F1B,77.5539849518758,2.8857878094850773e-14,200
outer_fold_2,target_cohort_adaptive_zscore,PPP1R14D,48.45225463375702,3.02750733303614e-10,200
outer_fold_2,target_cohort_adaptive_zscore,PPP4R1,45.459115792510225,8.694654514253066e-10,200
outer_fold_2,target_cohort_adaptive_zscore,PRF1,64.13200103533129,1.6790290101128919e-12,200
outer_fold_2,target_cohort_adaptive_zscore,PTPRD,47.8849491208411,3.6914050477473505e-10,200
outer_fold_2,target_cohort_adaptive_zscore,PTPRO,59.329900221455475,7.797166497220454e-12,200
outer_fold_2,target_cohort_adaptive_zscore,PXMP4,52.91873936334071,6.526452823717776e-11,200
outer_fold_2,target_cohort_adaptive_zscore,QPRT,149.59376137989895,6.432871932067181e-22,200
outer_fold_2,target_cohort_adaptive_zscore,RAB27B,57.57226307108418,1.383920351666225e-11,200
outer_fold_2,target_cohort_adaptive_zscore,RAB32,76.12602563481431,4.380731360092216e-14,200
outer_fold_2,target_cohort_adaptive_zscore,RASGRP1,53.369950783252506,5.6035375701683303e-11,200
outer_fold_2,target_cohort_adaptive_zscore,RHOF,50.69796003627662,1.3915590430651452e-10,200
outer_fold_2,target_cohort_adaptive_zscore,RNF19B,70.77501074982159,2.158782912872997e-13,200
outer_fold_2,target_cohort_adaptive_zscore,RNF43,65.26735407658684,1.1756125830185351e-12,200
outer_fold_2,target_cohort_adaptive_zscore,RNLS,101.99745043142465,3.665986770739376e-17,200
outer_fold_2,target_cohort_adaptive_zscore,RPARP-AS1,55.02375656915562,3.216987322018802e-11,200
outer_fold_2,target_cohort_adaptive_zscore,RPS6KA6,56.104253968641146,2.245907251628614e-11,200
outer_fold_2,target_cohort_adaptive_zscore,SECTM1,61.8670887096505,3.444326475095825e-12,200
outer_fold_2,target_cohort_adaptive_zscore,SELENBP1,57.59665748549901,1.3728831471278927e-11,200
outer_fold_2,target_cohort_adaptive_zscore,SEMA5A,76.65011161683319,3.757012882099835e-14,200
outer_fold_2,target_cohort_adaptive_zscore,SEMG1,44.46222390260401,1.241663577381069e-09,200
outer_fold_2,target_cohort_adaptive_zscore,SERPINB8,43.75418736224408,1.6017168572102792e-09,200
outer_fold_2,target_cohort_adaptive_zscore,SGK2,92.85156841069855,4.024614517808687e-16,200
outer_fold_2,target_cohort_adaptive_zscore,SLC15A3,47.35545350996328,4.4449346918456445e-10,200
outer_fold_2,target_cohort_adaptive_zscore,SLC19A3,76.12165489757936,4.38635471564659e-14,200
outer_fold_2,target_cohort_adaptive_zscore,SLC25A22,51.84432058961321,9.400507434483414e-11,200
outer_fold_2,target_cohort_adaptive_zscore,SLC2A5,65.54452838359936,1.0780448277364153e-12,200
outer_fold_2,target_cohort_adaptive_zscore,SP140,59.43618957593592,7.532823296494435e-12,200
outer_fold_2,target_cohort_adaptive_zscore,ST6GALNAC2,57.802102155753936,1.283418244123686e-11,200
outer_fold_2,target_cohort_adaptive_zscore,STAT1,48.12685097705427,3.391830585843596e-10,200
outer_fold_2,target_cohort_adaptive_zscore,STAT2,47.40351714609235,4.3704904350361274e-10,200
outer_fold_2,target_cohort_adaptive_zscore,TAP2,45.466463414542936,8.671930502983139e-10,200
outer_fold_2,target_cohort_adaptive_zscore,TBX21,56.40192659558634,2.03512483947741e-11,200
outer_fold_2,target_cohort_adaptive_zscore,TCF7,67.54431276417752,5.794579263140635e-13,200
outer_fold_2,target_cohort_adaptive_zscore,TFAP2A,73.11864719540999,1.0670846248495308e-13,200
outer_fold_2,target_cohort_adaptive_zscore,TG,45.191143188569626,9.56628180561281e-10,200
outer_fold_2,target_cohort_adaptive_zscore,TIMM22,62.134098959105124,3.162926971763148e-12,200
outer_fold_2,target_cohort_adaptive_zscore,TNFRSF9,43.87836493178305,1.5316197957153898e-09,200
outer_fold_2,target_cohort_adaptive_zscore,TNFSF9,47.59072938086815,4.0924391779654074e-10,200
outer_fold_2,target_cohort_adaptive_zscore,TNNC2,89.52588682551982,9.892619396041619e-16,200
outer_fold_2,target_cohort_adaptive_zscore,TNNT1,58.361534224486874,1.0687417488524539e-11,200
outer_fold_2,target_cohort_adaptive_zscore,TPGS2,53.03267029398291,6.279704240673152e-11,200
outer_fold_2,target_cohort_adaptive_zscore,TPO,47.71823675688311,3.9134512001569567e-10,200
outer_fold_2,target_cohort_adaptive_zscore,TRIB2,71.09800882916298,1.9578781464779144e-13,200
outer_fold_2,target_cohort_adaptive_zscore,TSPAN6,55.21950547935056,3.0136679897486255e-11,200
outer_fold_2,target_cohort_adaptive_zscore,TXNL4A,59.60666315103406,7.1277840000896635e-12,200
outer_fold_2,target_cohort_adaptive_zscore,TYMP,55.683655088667926,2.582312374083246e-11,200
outer_fold_2,target_cohort_adaptive_zscore,TYMS,68.4898268491333,4.3318143121211983e-13,200
outer_fold_2,target_cohort_adaptive_zscore,UBE2L6,65.18940932617254,1.2046390670265988e-12,200
outer_fold_2,target_cohort_adaptive_zscore,UQCC1,51.920228044070655,9.16046877533771e-11,200
outer_fold_2,target_cohort_adaptive_zscore,USP18,64.20391265204867,1.6414280303548705e-12,200
outer_fold_2,target_cohort_adaptive_zscore,VAV3,78.39982329307307,2.2571991931697965e-14,200
outer_fold_2,target_cohort_adaptive_zscore,VPS53,44.287833104064184,1.3218691005327089e-09,200
outer_fold_2,target_cohort_adaptive_zscore,WDR7,43.72554165482681,1.6183464095682149e-09,200
outer_fold_2,target_cohort_adaptive_zscore,XAF1,43.67183682988819,1.6499995470265652e-09,200
outer_fold_2,target_cohort_adaptive_zscore,ZBED2,52.099017185076036,8.619481618652358e-11,200
outer_fold_2,target_cohort_adaptive_zscore,ZC4H2,57.660725542245224,1.3443210787990032e-11,200
outer_fold_2,target_cohort_adaptive_zscore,ZCCHC2,83.80419988992537,4.825736103191053e-15,200
outer_fold_2,target_cohort_adaptive_zscore,ZMYND8,60.244740523546746,5.798831113197321e-12,200
outer_fold_2,target_cohort_adaptive_zscore,ZNF165,50.49527425072784,1.4919643255864216e-10,200
outer_fold_2,target_cohort_adaptive_zscore,ZNF232,58.5225755901191,1.014008093728963e-11,200
full_discovery,target_cohort_adaptive_zscore,A1CF,67.4572682918915,7.238255593038432e-14,200
full_discovery,target_cohort_adaptive_zscore,ABAT,65.63425561688325,1.3874017630782053e-13,200
full_discovery,target_cohort_adaptive_zscore,ABCB1,53.986119039014476,1.0161229527687376e-11,200
full_discovery,target_cohort_adaptive_zscore,ACE2,59.57545659984981,1.2560219635335968e-12,200
full_discovery,target_cohort_adaptive_zscore,ACOT8,55.2508028300125,6.299415967476486e-12,200
full_discovery,target_cohort_adaptive_zscore,ADGRG1,69.01949735858676,4.1627659021080244e-14,200
full_discovery,target_cohort_adaptive_zscore,ADGRG6,69.87445512248652,3.080560533427725e-14,200
full_discovery,target_cohort_adaptive_zscore,ADNP2,59.87841126586381,1.1232910531998643e-12,200
full_discovery,target_cohort_adaptive_zscore,AGR2,53.74723631412789,1.1125412482510858e-11,200
full_discovery,target_cohort_adaptive_zscore,AMACR,64.78786367685315,1.880246648826137e-13,200
full_discovery,target_cohort_adaptive_zscore,APOBEC3F,54.53736303221471,8.246636247541596e-12,200
full_discovery,target_cohort_adaptive_zscore,APOBEC3G,80.9901845583994,6.817703137599833e-16,200
full_discovery,target_cohort_adaptive_zscore,APOL2,64.826732982154,1.85413276260066e-13,200
full_discovery,target_cohort_adaptive_zscore,APOL3,119.85044131182194,4.109938437464432e-21,200
full_discovery,target_cohort_adaptive_zscore,ARHGAP10,85.25507612436384,1.6585163211387078e-16,200
full_discovery,target_cohort_adaptive_zscore,ARID3A,57.58533083730412,2.6267237528981154e-12,200
full_discovery,target_cohort_adaptive_zscore,ARNTL2,68.00738163968322,5.954362274802185e-14,200
full_discovery,target_cohort_adaptive_zscore,ASCL2,115.69093340877582,1.3665018708387626e-20,200
full_discovery,target_cohort_adaptive_zscore,ATP9A,99.80831273736487,1.6041540113789064e-18,200
full_discovery,target_cohort_adaptive_zscore,B3GNT4,72.23048422989005,1.351893530387385e-14,200
full_discovery,target_cohort_adaptive_zscore,BAG3,54.567125068718006,8.154337178888448e-12,200
full_discovery,target_cohort_adaptive_zscore,BLVRA,55.32355621291605,6.129075159035113e-12,200
full_discovery,target_cohort_adaptive_zscore,BTN3A1,73.35824429000573,9.142710963105755e-15,200
full_discovery,target_cohort_adaptive_zscore,CAB39L,79.77387581439186,1.0251750118922508e-15,200
full_discovery,target_cohort_adaptive_zscore,CADPS,56.74859788632353,3.5897777686410664e-12,200
full_discovery,target_cohort_adaptive_zscore,CCDC170,61.48316161748416,6.233654374409329e-13,200
full_discovery,target_cohort_adaptive_zscore,CCL4,79.813278362281,1.0116824191696072e-15,200
full_discovery,target_cohort_adaptive_zscore,CCL5,82.55491776883731,4.0466432531176524e-16,200
full_discovery,target_cohort_adaptive_zscore,CD244,71.05116913792877,2.039409048178395e-14,200
full_discovery,target_cohort_adaptive_zscore,CD55,55.89112718702915,4.9506901695492625e-12,200
full_discovery,target_cohort_adaptive_zscore,CD7,60.04526235385519,1.0563523312410391e-12,200
full_discovery,target_cohort_adaptive_zscore,CD8A,69.7963940569177,3.1662608925663243e-14,200
full_discovery,target_cohort_adaptive_zscore,CDHR1,67.57853024634426,6.933030351406122e-14,200
full_discovery,target_cohort_adaptive_zscore,CEBPA,55.82434814591718,5.076477438714163e-12,200
full_discovery,target_cohort_adaptive_zscore,CEL,64.57938159217859,2.0268084451441678e-13,200
full_discovery,target_cohort_adaptive_zscore,CELP,92.57453190190944,1.554257144292594e-17,200
full_discovery,target_cohort_adaptive_zscore,CIITA,74.50593135434944,6.153011518044588e-15,200
full_discovery,target_cohort_adaptive_zscore,CLEC2B,53.90165910339136,1.0492054865601996e-11,200
full_discovery,target_cohort_adaptive_zscore,CLEC5A,59.989596492779256,1.0782232928229154e-12,200
full_discovery,target_cohort_adaptive_zscore,COL9A1,56.13476997714789,4.517933172867946e-12,200
full_discovery,target_cohort_adaptive_zscore,CREB3L1,54.80230625826179,7.460839103334232e-12,200
full_discovery,target_cohort_adaptive_zscore,CRIP1,58.233036430590474,2.0643782520663694e-12,200
full_discovery,target_cohort_adaptive_zscore,CRTAM,83.04458319955927,3.4396439452159444e-16,200
full_discovery,target_cohort_adaptive_zscore,CTSW,81.93557920205272,4.972566359162269e-16,200
full_discovery,target_cohort_adaptive_zscore,CXCL10,55.9941966909401,4.762712951123197e-12,200
full_discovery,target_cohort_adaptive_zscore,CXCL13,56.29519198303647,4.254114764751509e-12,200
full_discovery,target_cohort_adaptive_zscore,CXCL14,109.9434239490793,7.413922149808315e-20,200
full_discovery,target_cohort_adaptive_zscore,CXCL9,57.89207832800042,2.3432761056010547e-12,200
full_discovery,target_cohort_adaptive_zscore,CYP2B6,97.4659657402684,3.322522718584852e-18,200
full_discovery,target_cohort_adaptive_zscore,DDAH2,57.52642388387381,2.6850122050703285e-12,200
full_discovery,target_cohort_adaptive_zscore,DDX27,93.66621876167409,1.0985524705905879e-17,200
full_discovery,target_cohort_adaptive_zscore,DHRS12,60.315983575778674,9.56224282703419e-13,200
full_discovery,target_cohort_adaptive_zscore,DPEP1,79.9657871012099,9.611323785535384e-16,200
full_discovery,target_cohort_adaptive_zscore,DPYD,54.67275909281472,7.835108507979399e-12,200
full_discovery,target_cohort_adaptive_zscore,DUSP4,83.1238789868028,3.3504069110137445e-16,200
full_discovery,target_cohort_adaptive_zscore,ENGASE,71.91151068208701,1.510583066136168e-14,200
full_discovery,target_cohort_adaptive_zscore,ENO2,62.0867989110632,5.000926513430988e-13,200
full_discovery,target_cohort_adaptive_zscore,EPB41L1,64.22658175004865,2.3017009259166974e-13,200
full_discovery,target_cohort_adaptive_zscore,EPM2AIP1,127.39225089952136,4.872449395067535e-22,200
full_discovery,target_cohort_adaptive_zscore,ETV5,89.13349115623127,4.688091866124814e-17,200
full_discovery,target_cohort_adaptive_zscore,FABP1,83.27422629809477,3.187595654783803e-16,200
full_discovery,target_cohort_adaptive_zscore,FARP1,74.57641477047382,6.005569108715518e-15,200
full_discovery,target_cohort_adaptive_zscore,FASLG,91.32219496016802,2.3186487697498296e-17,200
full_discovery,target_cohort_adaptive_zscore,FECH,142.83722277831032,7.352452676472752e-24,200
full_discovery,target_cohort_adaptive_zscore,FGFR4,54.10247079668078,9.722717126878036e-12,200
full_discovery,target_cohort_adaptive_zscore,FMO1,56.678710036466796,3.684879593771729e-12,200
full_discovery,target_cohort_adaptive_zscore,FOXD1,68.02146713243809,5.924706530518701e-14,200
full_discovery,target_cohort_adaptive_zscore,FUT8,57.5265534822568,2.684882539402089e-12,200
full_discovery,target_cohort_adaptive_zscore,GAD1,77.25760771322595,2.400483673488881e-15,200
full_discovery,target_cohort_adaptive_zscore,GBP1,63.786292507870385,2.6984360355377905e-13,200
full_discovery,target_cohort_adaptive_zscore,GBP2,68.96756995162059,4.239747683409471e-14,200
full_discovery,target_cohort_adaptive_zscore,GFI1,168.13875990801296,1.1978319915733668e-26,200
full_discovery,target_cohort_adaptive_zscore,GLYR1,53.84651454173776,1.0713922371462075e-11,200
full_discovery,target_cohort_adaptive_zscore,GM2A,61.63715580809278,5.892564174831195e-13,200
full_discovery,target_cohort_adaptive_zscore,GMEB1,55.2562289995712,6.2865474985253824e-12,200
full_discovery,target_cohort_adaptive_zscore,GNG4,75.03771023501942,5.125031605278406e-15,200
full_discovery,target_cohort_adaptive_zscore,GNLY,130.25280490366248,2.202847425445034e-22,200
full_discovery,target_cohort_adaptive_zscore,GPR143,67.30305478269005,7.64617768158518e-14,200
full_discovery,target_cohort_adaptive_zscore,GRM8,89.73980601871456,3.854926033073839e-17,200
full_discovery,target_cohort_adaptive_zscore,GSPT2,77.55873278564275,2.1670304411201824e-15,200
full_discovery,target_cohort_adaptive_zscore,GTF2IRD1,62.89678688147426,3.724597166939095e-13,200
full_discovery,target_cohort_adaptive_zscore,GZMA,81.11091857893614,6.547923911634723e-16,200
full_discovery,target_cohort_adaptive_zscore,GZMH,97.99884469864463,2.813635117851511e-18,200
full_discovery,target_cohort_adaptive_zscore,HLA-F-AS1,59.20898418730085,1.4380274494922594e-12,200
full_discovery,target_cohort_adaptive_zscore,HMGCS2,54.66162344985091,7.868154909993817e-12,200
full_discovery,target_cohort_adaptive_zscore,HOXC4,72.16539541077474,1.3828428457952718e-14,200
full_discovery,target_cohort_adaptive_zscore,HOXC6,95.63010630840118,5.907421321809775e-18,200
full_discovery,target_cohort_adaptive_zscore,HPSE,121.93607984217918,2.265670373511537e-21,200
full_discovery,target_cohort_adaptive_zscore,HUNK,125.46651614379381,8.352709317190484e-22,200
full_discovery,target_cohort_adaptive_zscore,ICAM1,71.88601071649936,1.524056540070075e-14,200
full_discovery,target_cohort_adaptive_zscore,ID1,65.34453668932531,1.5393271990234714e-13,200
full_discovery,target_cohort_adaptive_zscore,IDO1,61.45656469264818,6.294560280475726e-13,200
full_discovery,target_cohort_adaptive_zscore,IFNG,86.76304348235453,1.012293836276076e-16,200
full_discovery,target_cohort_adaptive_zscore,IHH,111.81065197244841,4.262833875050624e-20,200
full_discovery,target_cohort_adaptive_zscore,IL18BP,70.35194915569969,2.6051165752173646e-14,200
full_discovery,target_cohort_adaptive_zscore,IL2RB,56.89609465768753,3.3971473943601045e-12,200
full_discovery,target_cohort_adaptive_zscore,IRF1,74.72808290873498,5.700317026516331e-15,200
full_discovery,target_cohort_adaptive_zscore,ITGAE,54.60393509301016,8.041627006403489e-12,200
full_discovery,target_cohort_adaptive_zscore,JAK2,62.06799568606966,5.0353203165146e-13,200
full_discovery,target_cohort_adaptive_zscore,KCNK1,57.213577447084084,3.0172752778406444e-12,200
full_discovery,target_cohort_adaptive_zscore,KDSR,75.21680097912403,4.819497867713238e-15,200
full_discovery,target_cohort_adaptive_zscore,KHDRBS3,90.76688950722254,2.770440411634574e-17,200
full_discovery,target_cohort_adaptive_zscore,KIR2DL4,98.86246800494301,2.150707299623244e-18,200
full_discovery,target_cohort_adaptive_zscore,KLF7,54.86497220368737,7.286345962308138e-12,200
full_discovery,target_cohort_adaptive_zscore,KLRD1,115.41622862446873,1.4803130617574506e-20,200
full_discovery,target_cohort_adaptive_zscore,KRT23,86.13711900364127,1.242049991285182e-16,200
full_discovery,target_cohort_adaptive_zscore,LAG3,79.85023999240293,9.99189194683965e-16,200
full_discovery,target_cohort_adaptive_zscore,LAP3,76.15851138674142,3.491261281403432e-15,200
full_discovery,target_cohort_adaptive_zscore,LAPTM4B,54.6551537472262,7.887419381075198e-12,200
full_discovery,target_cohort_adaptive_zscore,LFNG,63.00312982932858,3.5835600722440853e-13,200
full_discovery,target_cohort_adaptive_zscore,LMO4,89.98077502636585,3.5669880136724015e-17,200
full_discovery,target_cohort_adaptive_zscore,LRRC2,74.58724685692508,5.983229154792428e-15,200
full_discovery,target_cohort_adaptive_zscore,LRRC36,79.912101840701,9.786281702844666e-16,200
full_discovery,target_cohort_adaptive_zscore,LZTS3,55.05385364561847,6.7850129001024065e-12,200
full_discovery,target_cohort_adaptive_zscore,MAP3K6,56.24962298190306,4.327426205095232e-12,200
full_discovery,target_cohort_adaptive_zscore,MAPK12,73.56039862116374,8.525439659634483e-15,200
full_discovery,target_cohort_adaptive_zscore,MAPRE3,75.31318910373905,4.662762153513694e-15,200
full_discovery,target_cohort_adaptive_zscore,MBP,93.72659157503129,1.0777207265797434e-17,200
full_discovery,target_cohort_adaptive_zscore,MCUB,91.55344594771586,2.1532311113539443e-17,200
full_discovery,target_cohort_adaptive_zscore,MLH1,175.37283618277345,2.0961345788766816e-27,200
full_discovery,target_cohort_adaptive_zscore,MMP24,60.365001893275156,9.391498749053759e-13,200
full_discovery,target_cohort_adaptive_zscore,MOCS3,76.7401544471478,2.862803830279897e-15,200
full_discovery,target_cohort_adaptive_zscore,MSH4,88.36277188558736,6.016294549064683e-17,200
full_discovery,target_cohort_adaptive_zscore,MTERF1,54.91042854178593,7.1623654550592245e-12,200
full_discovery,target_cohort_adaptive_zscore,NFATC1,80.40447403203643,8.295304019299962e-16,200
full_discovery,target_cohort_adaptive_zscore,NKG7,93.27125856659417,1.2452756073249718e-17,200
full_discovery,target_cohort_adaptive_zscore,NKX3-1,85.04923623443378,1.7745724535934274e-16,200
full_discovery,target_cohort_adaptive_zscore,NOX1,74.48491648316983,6.1976776850139366e-15,200
full_discovery,target_cohort_adaptive_zscore,NR1I2,69.91498584664245,3.036993970844859e-14,200
full_discovery,target_cohort_adaptive_zscore,NUBPL,72.50280474979643,1.2298308365733014e-14,200
full_discovery,target_cohort_adaptive_zscore,NXPH4,61.488377696605646,6.221779966022716e-13,200
full_discovery,target_cohort_adaptive_zscore,OSR2,60.95211522794499,7.571063468357432e-13,200
full_discovery,target_cohort_adaptive_zscore,OXCT1,69.83472527538017,3.123880760724122e-14,200
full_discovery,target_cohort_adaptive_zscore,PLAGL2,80.80991704433063,7.241620843913351e-16,200
full_discovery,target_cohort_adaptive_zscore,PLCB4,65.38820902531195,1.5153895939409405e-13,200
full_discovery,target_cohort_adaptive_zscore,PLCL2,65.05344451635497,1.7089737448822068e-13,200
full_discovery,target_cohort_adaptive_zscore,PLLP,54.36831575547665,8.791344953018591e-12,200
full_discovery,target_cohort_adaptive_zscore,PODXL,61.714846126433784,5.727722338984138e-13,200
full_discovery,target_cohort_adaptive_zscore,POFUT1,109.63599024037116,8.124277827532368e-20,200
full_discovery,target_cohort_adaptive_zscore,POU5F1B,111.35753956106471,4.8737885986244323e-20,200
full_discovery,target_cohort_adaptive_zscore,PPP1R14D,65.21384774545122,1.6132737851160062e-13,200
full_discovery,target_cohort_adaptive_zscore,PPP1R3D,58.20538919579107,2.0856834914827616e-12,200
full_discovery,target_cohort_adaptive_zscore,PPP4R1,69.8837041495344,3.0705633040425404e-14,200
full_discovery,target_cohort_adaptive_zscore,PRF1,72.27313597195011,1.3319943524478984e-14,200
full_discovery,target_cohort_adaptive_zscore,PRSS23,56.176154978219124,4.448327461842204e-12,200
full_discovery,target_cohort_adaptive_zscore,PSME1,60.56445217645565,8.728014734087149e-13,200
full_discovery,target_cohort_adaptive_zscore,PTPRD,70.50312368845188,2.4706484733988424e-14,200
full_discovery,target_cohort_adaptive_zscore,PTPRO,89.18532015065307,4.6102392919366827e-17,200
full_discovery,target_cohort_adaptive_zscore,PXMP4,55.59826001480297,5.526897375773553e-12,200
full_discovery,target_cohort_adaptive_zscore,QPRT,217.85138418674643,1.534754318017825e-31,200
full_discovery,target_cohort_adaptive_zscore,RAB27B,94.93249888920646,7.359625043860858e-18,200
full_discovery,target_cohort_adaptive_zscore,RAB32,103.1129039226464,5.808822617270797e-19,200
full_discovery,target_cohort_adaptive_zscore,RASGRP1,85.99303563900936,1.3020297854176651e-16,200
full_discovery,target_cohort_adaptive_zscore,RHOF,60.0289765047756,1.062704072870237e-12,200
full_discovery,target_cohort_adaptive_zscore,RNF113A,54.19959497627053,9.371382197900592e-12,200
full_discovery,target_cohort_adaptive_zscore,RNF125,62.69750552167597,4.004222737195879e-13,200
full_discovery,target_cohort_adaptive_zscore,RNF19B,66.1147037629879,1.1681511419065287e-13,200
full_discovery,target_cohort_adaptive_zscore,RNF43,124.37244889310251,1.1364144225500421e-21,200
full_discovery,target_cohort_adaptive_zscore,RNLS,110.76769355463335,5.804140663199396e-20,200
full_discovery,target_cohort_adaptive_zscore,ROBO3,57.56651378790006,2.6452025290805796e-12,200
full_discovery,target_cohort_adaptive_zscore,RPARP-AS1,57.69836000679533,2.518445911099674e-12,200
full_discovery,target_cohort_adaptive_zscore,RPS6KA6,75.31857777030135,4.654153660539883e-15,200
full_discovery,target_cohort_adaptive_zscore,SECTM1,76.68777777559984,2.914365014151533e-15,200
full_discovery,target_cohort_adaptive_zscore,SEMA5A,116.3303818982955,1.1346798559506254e-20,200
full_discovery,target_cohort_adaptive_zscore,SEMG1,68.51141797060059,4.9811362086517486e-14,200
full_discovery,target_cohort_adaptive_zscore,SGK2,117.8032564707083,7.406879066439054e-21,200
full_discovery,target_cohort_adaptive_zscore,SLC19A3,128.68541306916242,3.399839240645221e-22,200
full_discovery,target_cohort_adaptive_zscore,SLC2A5,74.04053114541239,7.223105207193071e-15,200
full_discovery,target_cohort_adaptive_zscore,SLC5A6,54.116140206617196,9.672473879154849e-12,200
full_discovery,target_cohort_adaptive_zscore,SLC7A6,64.23074979787769,2.2982421428260404e-13,200
full_discovery,target_cohort_adaptive_zscore,SP140,64.91755825422328,1.794535908709656e-13,200
full_discovery,target_cohort_adaptive_zscore,SRPX2,57.930225317177765,2.310263799846326e-12,200
full_discovery,target_cohort_adaptive_zscore,STAT1,56.634248052680924,3.746707202264031e-12,200
full_discovery,target_cohort_adaptive_zscore,STAT2,61.52262462184313,6.144383904784389e-13,200
full_discovery,target_cohort_adaptive_zscore,TBX21,84.80743976347912,1.921461238877399e-16,200
full_discovery,target_cohort_adaptive_zscore,TCF7,97.07743549147924,3.751523120439482e-18,200
full_discovery,target_cohort_adaptive_zscore,TFAP2A,118.54515996176788,5.9801229751888934e-21,200
full_discovery,target_cohort_adaptive_zscore,TFCP2L1,64.79072476666782,1.8783118182623221e-13,200
full_discovery,target_cohort_adaptive_zscore,TIMM22,98.12825354004082,2.702447854082747e-18,200
full_discovery,target_cohort_adaptive_zscore,TNNC2,122.90972976276588,1.7184066657404536e-21,200
full_discovery,target_cohort_adaptive_zscore,TNNT1,76.92981774853415,2.683701576833727e-15,200
full_discovery,target_cohort_adaptive_zscore,TPGS2,65.5616414451406,1.423991479975389e-13,200
full_discovery,target_cohort_adaptive_zscore,TPO,62.75079207974674,3.927432587527911e-13,200
full_discovery,target_cohort_adaptive_zscore,TRIB2,98.19650299784581,2.645611473910219e-18,200
full_discovery,target_cohort_adaptive_zscore,TSPAN6,67.56609849394042,6.963712720776675e-14,200
full_discovery,target_cohort_adaptive_zscore,TXNL4A,58.58951880835503,1.8086203834513526e-12,200
full_discovery,target_cohort_adaptive_zscore,TYMP,58.57422705014605,1.8189024487933277e-12,200
full_discovery,target_cohort_adaptive_zscore,TYMS,98.26990802879442,2.5858319124524243e-18,200
full_discovery,target_cohort_adaptive_zscore,UBE2L6,86.70120275225945,1.0329343665316003e-16,200
full_discovery,target_cohort_adaptive_zscore,ULBP2,73.57698310625408,8.47671261299764e-15,200
full_discovery,target_cohort_adaptive_zscore,UQCC1,59.793197916952245,1.159119701754872e-12,200
full_discovery,target_cohort_adaptive_zscore,USP18,77.6246557208865,2.119070173047666e-15,200
full_discovery,target_cohort_adaptive_zscore,VAV3,89.60103064704735,4.0313236853377216e-17,200
full_discovery,target_cohort_adaptive_zscore,VIL1,64.7444677313581,1.9098422518638418e-13,200
full_discovery,target_cohort_adaptive_zscore,WRAP53,55.356530057934194,6.053416269623918e-12,200
full_discovery,target_cohort_adaptive_zscore,XPNPEP1,60.20341381770103,9.966357361976175e-13,200
full_discovery,target_cohort_adaptive_zscore,ZC4H2,82.67892642163328,3.8833454246839144e-16,200
full_discovery,target_cohort_adaptive_zscore,ZCCHC2,80.49611802527896,8.044295245898571e-16,200
full_discovery,target_cohort_adaptive_zscore,ZMYND8,109.13651454967084,9.428508651762219e-20,200
full_discovery,target_cohort_adaptive_zscore,ZNF232,81.60930243528023,5.54394620048974e-16,200
outer_fold_0,single_sample_rank,ACE2,36.067164268879495,2.8321825633416794e-08,200
outer_fold_0,single_sample_rank,ADGRG6,42.75917863637201,2.3603034941056347e-09,200
outer_fold_0,single_sample_rank,AGR2,37.07147033874359,1.9348387656951726e-08,200
outer_fold_0,single_sample_rank,ALOXE3,64.32804099979627,1.6613519030502617e-12,200
outer_fold_0,single_sample_rank,AMACR,44.55103298032534,1.2387694224907297e-09,200
outer_fold_0,single_sample_rank,APOBEC3F,42.81894693801308,2.3097779715301287e-09,200
outer_fold_0,single_sample_rank,APOBEC3G,62.003308146580146,3.4615367818329876e-12,200
outer_fold_0,single_sample_rank,APOL3,91.24062778194781,6.746844909214135e-16,200
outer_fold_0,single_sample_rank,AREG,42.44411953450678,2.645901968354163e-09,200
outer_fold_0,single_sample_rank,ARHGAP10,51.963239861951664,9.37060207866143e-11,200
outer_fold_0,single_sample_rank,ARNTL2,49.028216572544075,2.563630908181626e-10,200
outer_fold_0,single_sample_rank,ASCL2,80.28646823337196,1.4051483420277755e-14,200
outer_fold_0,single_sample_rank,ATP10B,37.44096079450314,1.6830150079028056e-08,200
outer_fold_0,single_sample_rank,ATP10D,47.71557879439558,4.047707441816238e-10,200
outer_fold_0,single_sample_rank,ATP9A,58.13920899247391,1.201145334169532e-11,200
outer_fold_0,single_sample_rank,B3GNT4,37.68266038233267,1.5366263201495957e-08,200
outer_fold_0,single_sample_rank,BAG3,36.3711435212356,2.52289473519462e-08,200
outer_fold_0,single_sample_rank,BLVRA,40.92477935621191,4.606933995285861e-09,200
outer_fold_0,single_sample_rank,BTN3A1,50.54971764373472,1.517674266766756e-10,200
outer_fold_0,single_sample_rank,CAB39L,45.551773081559816,8.673393078204697e-10,200
outer_fold_0,single_sample_rank,CADPS,38.54823473836694,1.110807452464735e-08,200
outer_fold_0,single_sample_rank,CCDC88A,36.099601428785846,2.7974120619602134e-08,200
outer_fold_0,single_sample_rank,CCL4,54.67023048791824,3.7691526135235245e-11,200
outer_fold_0,single_sample_rank,CCL5,62.05194610100227,3.4084073988413233e-12,200
outer_fold_0,single_sample_rank,CD226,36.41887043247779,2.477562945184462e-08,200
outer_fold_0,single_sample_rank,CD244,73.63793371854473,9.724430429768336e-14,200
outer_fold_0,single_sample_rank,CD247,36.1824658928401,2.7105511321631262e-08,200
outer_fold_0,single_sample_rank,CD86,37.06746816654468,1.9377674317132347e-08,200
outer_fold_0,single_sample_rank,CD8A,51.782197859545995,9.964987322912105e-11,200
outer_fold_0,single_sample_rank,CD96,41.090169585799316,4.335746251883956e-09,200
outer_fold_0,single_sample_rank,CDHR1,53.851755837978466,4.9554251909822784e-11,200
outer_fold_0,single_sample_rank,CDX2,36.394135626511535,2.500951745004887e-08,200
outer_fold_0,single_sample_rank,CEACAM5,51.47626557865746,1.1058226566020674e-10,200
outer_fold_0,single_sample_rank,CEBPA,42.64635718540244,2.458772828574986e-09,200
outer_fold_0,single_sample_rank,CEL,36.9332606557339,2.0386410040920317e-08,200
outer_fold_0,single_sample_rank,CELP,61.11065662840363,4.601706760747653e-12,200
outer_fold_0,single_sample_rank,CFTR,40.572712395948685,5.243331806112563e-09,200
outer_fold_0,single_sample_rank,CHST15,45.2361827813451,9.702581852961733e-10,200
outer_fold_0,single_sample_rank,CIITA,47.6289025104022,4.172253836803437e-10,200
outer_fold_0,single_sample_rank,CITED2,48.85230132636302,2.7247928530387006e-10,200
outer_fold_0,single_sample_rank,CRTAM,70.84996745652678,2.2379189399647913e-13,200
outer_fold_0,single_sample_rank,CTSW,43.855316466795784,1.5895179908498158e-09,200
outer_fold_0,single_sample_rank,CXCL13,42.22116234947218,2.869111448544729e-09,200
outer_fold_0,single_sample_rank,CXCL14,57.7705577715312,1.3547050121838786e-11,200
outer_fold_0,single_sample_rank,CXCL9,46.53503983751421,6.125767184159096e-10,200
outer_fold_0,single_sample_rank,CXCR4,48.780516412437734,2.793492440555245e-10,200
outer_fold_0,single_sample_rank,CYP2B6,53.30534709891218,5.953553958155374e-11,200
outer_fold_0,single_sample_rank,DDAH2,38.786435015995735,1.0162926716432523e-08,200
outer_fold_0,single_sample_rank,DDX27,76.43502401675183,4.2710432133495277e-14,200
outer_fold_0,single_sample_rank,DPEP1,41.86351400637269,3.2680618759655263e-09,200
outer_fold_0,single_sample_rank,DPYD,39.440490011093395,7.967700275815786e-09,200
outer_fold_0,single_sample_rank,DUSP4,58.44216995267761,1.0883020015617688e-11,200
outer_fold_0,single_sample_rank,ENGASE,42.47675489551513,2.6147490903920333e-09,200
outer_fold_0,single_sample_rank,ENO2,38.17841109411324,1.2756691850582228e-08,200
outer_fold_0,single_sample_rank,EPB41L1,39.85140809070475,6.8422790110314285e-09,200
outer_fold_0,single_sample_rank,EPM2AIP1,82.86021684297211,6.773623433440338e-15,200
outer_fold_0,single_sample_rank,ETV5,78.43610126665014,2.3898703368435732e-14,200
outer_fold_0,single_sample_rank,FABP1,53.35820537507704,5.848628939950823e-11,200
outer_fold_0,single_sample_rank,FARP1,40.49176546621738,5.40192524578864e-09,200
outer_fold_0,single_sample_rank,FASLG,60.42870272410728,5.7260165425306054e-12,200
outer_fold_0,single_sample_rank,FCGR2A,39.9943699312866,6.489939626432987e-09,200
outer_fold_0,single_sample_rank,FCGR2C,54.00745757939267,4.703534624919516e-11,200
outer_fold_0,single_sample_rank,FECH,92.7868078334407,4.457566549204202e-16,200
outer_fold_0,single_sample_rank,FGFR4,44.296520318437736,1.3568680077130647e-09,200
outer_fold_0,single_sample_rank,FMO1,45.91422041687648,7.627725302597555e-10,200
outer_fold_0,single_sample_rank,FOXD1,57.137573297037726,1.666666505290504e-11,200
outer_fold_0,single_sample_rank,FUT8,41.03231886049847,4.428700536591133e-09,200
outer_fold_0,single_sample_rank,GAD1,59.371218660515424,8.05150196596037e-12,200
outer_fold_0,single_sample_rank,GALNT6,39.09883201133441,9.046378541539861e-09,200
outer_fold_0,single_sample_rank,GBP1,42.60990169335989,2.491478769701246e-09,200
outer_fold_0,single_sample_rank,GBP2,39.168115165790965,8.816197759009402e-09,200
outer_fold_0,single_sample_rank,GFI1,146.65632169901247,1.3789617292566328e-21,200
outer_fold_0,single_sample_rank,GJB1,37.368826191679,1.729405290094586e-08,200
outer_fold_0,single_sample_rank,GM2A,38.89494648155043,9.759974926441182e-09,200
outer_fold_0,single_sample_rank,GNG4,45.775660208126574,8.011384944253756e-10,200
outer_fold_0,single_sample_rank,GNLY,83.94753126857773,4.99211596034947e-15,200
outer_fold_0,single_sample_rank,GRM8,58.50010698764973,1.067985123320593e-11,200
outer_fold_0,single_sample_rank,GSPT2,59.669681578652614,7.311354659230354e-12,200
outer_fold_0,single_sample_rank,GTF2IRD1,49.574508247060656,2.122436308258624e-10,200
outer_fold_0,single_sample_rank,GUCY2C,36.271364244820965,2.6204212099766603e-08,200
outer_fold_0,single_sample_rank,GZMA,54.515157375999685,3.96926328227336e-11,200
outer_fold_0,single_sample_rank,GZMH,65.46831135419974,1.163467304664844e-12,200
outer_fold_0,single_sample_rank,HLA-F-AS1,37.46120868041904,1.6702231035586402e-08,200
outer_fold_0,single_sample_rank,HMGCS2,38.79807804022587,1.011888993388895e-08,200
outer_fold_0,single_sample_rank,HNF4A,41.74431600728162,3.413249956020471e-09,200
outer_fold_0,single_sample_rank,HOXC4,41.71444261957069,3.4506574544662494e-09,200
outer_fold_0,single_sample_rank,HOXC6,70.36712124515935,2.5890469639981697e-13,200
outer_fold_0,single_sample_rank,HOXD1,39.34154235718843,8.265858833589284e-09,200
outer_fold_0,single_sample_rank,HPSE,69.36851636732275,3.504464709487044e-13,200
outer_fold_0,single_sample_rank,HS3ST3B1,50.926398603130814,1.334065990299007e-10,200
outer_fold_0,single_sample_rank,HUNK,75.68764040502123,5.314367450153554e-14,200
outer_fold_0,single_sample_rank,ICAM1,52.585853880676076,7.58859011886157e-11,200
outer_fold_0,single_sample_rank,IDO1,37.71910351946601,1.5157092438934863e-08,200
outer_fold_0,single_sample_rank,IFNG,65.60777034980194,1.114055988030784e-12,200
outer_fold_0,single_sample_rank,IHH,87.10254893269496,2.0802235538011873e-15,200
outer_fold_0,single_sample_rank,IL18BP,42.68395727171342,2.425498663833089e-09,200
outer_fold_0,single_sample_rank,IL2RB,41.40980740144985,3.856862417878824e-09,200
outer_fold_0,single_sample_rank,IRF1,49.939771681955854,1.8713944326802584e-10,200
outer_fold_0,single_sample_rank,ITGAE,37.65737913074366,1.5513097053940804e-08,200
outer_fold_0,single_sample_rank,KDSR,42.92104809303161,2.2260039312087945e-09,200
outer_fold_0,single_sample_rank,KHDRBS3,77.5326854074705,3.103570765609931e-14,200
outer_fold_0,single_sample_rank,KIR2DL4,69.94732705834346,2.939796950930554e-13,200
outer_fold_0,single_sample_rank,KLF7,39.26783937122533,8.495326959983615e-09,200
outer_fold_0,single_sample_rank,KLRD1,76.7723711687954,3.8710012766615335e-14,200
outer_fold_0,single_sample_rank,KRT23,44.95651205891638,1.0718515653556904e-09,200
outer_fold_0,single_sample_rank,LAG3,54.26329911456784,4.317645292526246e-11,200
outer_fold_0,single_sample_rank,LAP3,41.494520258395745,3.739237107396713e-09,200
outer_fold_0,single_sample_rank,LAPTM4B,46.600530479104634,5.98602425573722e-10,200
outer_fold_0,single_sample_rank,LFNG,43.164909118237304,2.038231644332725e-09,200
outer_fold_0,single_sample_rank,LMO4,60.80652102895814,5.072319946519988e-12,200
outer_fold_0,single_sample_rank,LRRC2,56.06875016292508,2.3695529389996314e-11,200
outer_fold_0,single_sample_rank,LRRC36,46.18856261300253,6.922436588161255e-10,200
outer_fold_0,single_sample_rank,MAPK12,58.78011716553779,9.751100446542046e-12,200
outer_fold_0,single_sample_rank,MAPRE3,47.91373840347465,3.777016728588528e-10,200
outer_fold_0,single_sample_rank,MBP,62.96958493945747,2.547985456128665e-12,200
outer_fold_0,single_sample_rank,MCUB,48.43035342059729,3.154821734800691e-10,200
outer_fold_0,single_sample_rank,MLH1,139.01209444027148,6.978089188274626e-21,200
outer_fold_0,single_sample_rank,MMP24,38.1709472263782,1.27924211351043e-08,200
outer_fold_0,single_sample_rank,MOCS3,43.0407922332155,2.1316916329617757e-09,200
outer_fold_0,single_sample_rank,MORC4,37.31911851984997,1.7621302011828484e-08,200
outer_fold_0,single_sample_rank,MPP3,41.716885914853144,3.4475823123956267e-09,200
outer_fold_0,single_sample_rank,MSH4,65.85157782634764,1.0327524384278388e-12,200
outer_fold_0,single_sample_rank,NCR1,39.34662504601843,8.250269332488393e-09,200
outer_fold_0,single_sample_rank,NFATC1,42.7495330048386,2.3685625349590837e-09,200
outer_fold_0,single_sample_rank,NKG7,59.796938262871464,7.017233412180925e-12,200
outer_fold_0,single_sample_rank,NKX3-1,80.58504661181392,1.290406901548962e-14,200
outer_fold_0,single_sample_rank,NOX1,63.63245127996341,2.067146230778839e-12,200
outer_fold_0,single_sample_rank,NR1I2,66.2724903009992,9.063451246297966e-13,200
outer_fold_0,single_sample_rank,NUBPL,42.6691426571798,2.4385536570401883e-09,200
outer_fold_0,single_sample_rank,NUCB2,38.35137548466049,1.1956632857748797e-08,200
outer_fold_0,single_sample_rank,OXCT1,42.23385404678636,2.8559042065478163e-09,200
outer_fold_0,single_sample_rank,PAX9,40.57301682991859,5.242744404127707e-09,200
outer_fold_0,single_sample_rank,PDCD1,36.966003423689315,2.013546852928594e-08,200
outer_fold_0,single_sample_rank,PF4,40.53047710127912,5.3254786789002985e-09,200
outer_fold_0,single_sample_rank,PIWIL1,52.85065126326159,6.93932044198728e-11,200
outer_fold_0,single_sample_rank,PLAGL2,50.40263080204678,1.5961918343554206e-10,200
outer_fold_0,single_sample_rank,PLCB4,43.771641046647595,1.638040227634476e-09,200
outer_fold_0,single_sample_rank,PLCL2,56.226464492613786,2.249312622412551e-11,200
outer_fold_0,single_sample_rank,PLEKHG6,38.111015793747036,1.3083038170605903e-08,200
outer_fold_0,single_sample_rank,PODXL,36.97839578905127,2.004131731896534e-08,200
outer_fold_0,single_sample_rank,POFUT1,63.23585843708474,2.3424337872677366e-12,200
outer_fold_0,single_sample_rank,POU5F1B,63.92826328834913,1.8834728354629856e-12,200
outer_fold_0,single_sample_rank,PPP1R14D,44.63039195199547,1.204132183116276e-09,200
outer_fold_0,single_sample_rank,PPP4R1,45.320151773106794,9.417149896293645e-10,200
outer_fold_0,single_sample_rank,PRF1,48.33890036102812,3.256814578383993e-10,200
outer_fold_0,single_sample_rank,PRSS23,38.30402487283867,1.2170427343428846e-08,200
outer_fold_0,single_sample_rank,PSME1,36.1296837496733,2.7655551522341712e-08,200
outer_fold_0,single_sample_rank,PTPRD,52.58317740098781,7.595459834349312e-11,200
outer_fold_0,single_sample_rank,PTPRO,62.67796638574127,2.7943003528385508e-12,200
outer_fold_0,single_sample_rank,QPRT,133.05318805275724,2.5609142452503316e-20,200
outer_fold_0,single_sample_rank,RAB27B,69.57589722298799,3.290429237251658e-13,200
outer_fold_0,single_sample_rank,RAB32,68.02782267506029,5.276920548922049e-13,200
outer_fold_0,single_sample_rank,RASGRP1,71.54973078701872,1.8131463595560044e-13,200
outer_fold_0,single_sample_rank,RNF113A,36.24825878074681,2.6435484683792305e-08,200
outer_fold_0,single_sample_rank,RNF43,98.51643869600035,9.872557837447784e-17,200
outer_fold_0,single_sample_rank,RNLS,64.96975237580233,1.3591379855402153e-12,200
outer_fold_0,single_sample_rank,ROBO3,66.2865921210343,9.023944391341152e-13,200
outer_fold_0,single_sample_rank,SECTM1,47.22095598573881,4.813088122491889e-10,200
outer_fold_0,single_sample_rank,SEMA5A,64.1032995976209,1.7827147265588403e-12,200
outer_fold_0,single_sample_rank,SGK2,73.9029784820307,8.989943028054105e-14,200
outer_fold_0,single_sample_rank,SLC19A3,75.56248900201594,5.512968181449136e-14,200
outer_fold_0,single_sample_rank,SLC1A7,37.31407975744088,1.7654825370864607e-08,200
outer_fold_0,single_sample_rank,SLC22A3,40.710540736328674,4.984140346925523e-09,200
outer_fold_0,single_sample_rank,SLC25A37,39.11080579671477,9.006163866595314e-09,200
outer_fold_0,single_sample_rank,SLC2A5,43.81786732787815,1.6110503382673244e-09,200
outer_fold_0,single_sample_rank,SLC5A6,37.09744808203436,1.9159385447683693e-08,200
outer_fold_0,single_sample_rank,SLC7A6,37.602275742042465,1.583811980435551e-08,200
outer_fold_0,single_sample_rank,SP140,48.251857421828035,3.357013189624643e-10,200
outer_fold_0,single_sample_rank,SPIN2B,36.127195939348496,2.7681756213476762e-08,200
outer_fold_0,single_sample_rank,SRPX2,40.73648144975626,4.93683881191855e-09,200
outer_fold_0,single_sample_rank,STAT2,47.83114235318439,3.887527058407967e-10,200
outer_fold_0,single_sample_rank,STAT4,46.727964562166285,5.723352923025934e-10,200
outer_fold_0,single_sample_rank,TBX21,76.85155030247944,3.782775142057079e-14,200
outer_fold_0,single_sample_rank,TCF7,54.02080786843988,4.6825540518853407e-11,200
outer_fold_0,single_sample_rank,TFAP2A,70.39771669800224,2.5652154728746216e-13,200
outer_fold_0,single_sample_rank,TFCP2L1,43.56365396396183,1.7653023581930122e-09,200
outer_fold_0,single_sample_rank,THNSL2,36.56278041017928,2.3458420291437123e-08,200
outer_fold_0,single_sample_rank,TIMM22,60.95055462520298,4.843616739940912e-12,200
outer_fold_0,single_sample_rank,TLE6,55.705043968696984,2.6724630927364133e-11,200
outer_fold_0,single_sample_rank,TMEM176A,43.08695488865388,2.0964309308184052e-09,200
outer_fold_0,single_sample_rank,TMEM176B,41.99642661210134,3.113579331756546e-09,200
outer_fold_0,single_sample_rank,TNNC2,82.86955416921977,6.755842702382292e-15,200
outer_fold_0,single_sample_rank,TNNT1,58.935803797352236,9.270767897136278e-12,200
outer_fold_0,single_sample_rank,TPBG,39.60481846766789,7.496556439276144e-09,200
outer_fold_0,single_sample_rank,TPGS2,36.24561287902972,2.6462101246705445e-08,200
outer_fold_0,single_sample_rank,TPO,39.85541275059701,6.832148279073518e-09,200
outer_fold_0,single_sample_rank,TRIB2,67.39372393399914,6.411409580688623e-13,200
outer_fold_0,single_sample_rank,TSPAN6,46.66070717344093,5.860487293607191e-10,200
outer_fold_0,single_sample_rank,TYMS,56.08539061197259,2.3565629081079626e-11,200
outer_fold_0,single_sample_rank,UBE2L6,50.70412503050163,1.4394792266854395e-10,200
outer_fold_0,single_sample_rank,ULBP2,58.76164917532742,9.809738269720251e-12,200
outer_fold_0,single_sample_rank,USP18,38.313495920392434,1.2127354379824197e-08,200
outer_fold_0,single_sample_rank,VAV3,51.18898481188444,1.219616696513639e-10,200
outer_fold_0,single_sample_rank,VIL1,53.68007065590572,5.2491682537439755e-11,200
outer_fold_0,single_sample_rank,WDR7,36.98128180069365,2.001945536340923e-08,200
outer_fold_0,single_sample_rank,WRAP53,42.98318369390367,2.1765452486670675e-09,200
outer_fold_0,single_sample_rank,ZC4H2,49.04870620629119,2.545502814045178e-10,200
outer_fold_0,single_sample_rank,ZCCHC2,43.36480775913186,1.896406091131529e-09,200
outer_fold_0,single_sample_rank,ZMYND8,69.59899153134226,3.2674335900645034e-13,200
outer_fold_0,single_sample_rank,ZNF232,52.52049992301497,7.758160199703796e-11,200
outer_fold_1,single_sample_rank,A1CF,41.0626777991396,4.267296745183673e-09,200
outer_fold_1,single_sample_rank,ABAT,62.97225953955009,2.4226713684083227e-12,200
outer_fold_1,single_sample_rank,ABCB1,42.585146341503766,2.445712429169559e-09,200
outer_fold_1,single_sample_rank,ABCC5,36.30143841743881,2.5358105710720648e-08,200
outer_fold_1,single_sample_rank,ACE2,45.49879648284282,8.572651404316164e-10,200
outer_fold_1,single_sample_rank,ADGRG1,55.343673267544574,2.8915365536012654e-11,200
outer_fold_1,single_sample_rank,ADGRG6,56.01132455231294,2.3161708592208794e-11,200
outer_fold_1,single_sample_rank,ADNP2,43.11486307081356,2.01799679032443e-09,200
outer_fold_1,single_sample_rank,AGR2,44.43478381770732,1.2539468569771568e-09,200
outer_fold_1,single_sample_rank,AMACR,48.29331643119173,3.2001847311427246e-10,200
outer_fold_1,single_sample_rank,APOBEC3F,40.996329504953394,4.372698945846483e-09,200
outer_fold_1,single_sample_rank,APOBEC3G,46.72061455041188,5.558813629071405e-10,200
outer_fold_1,single_sample_rank,APOL1,39.1833905809885,8.557127158377321e-09,200
outer_fold_1,single_sample_rank,APOL2,49.68702954974316,1.9716413703860348e-10,200
outer_fold_1,single_sample_rank,APOL3,65.21274490337106,1.195873117601403e-12,200
outer_fold_1,single_sample_rank,ARFGAP3,39.60802978464067,7.3059843958778325e-09,200
outer_fold_1,single_sample_rank,ARHGAP10,58.40828123977717,1.0525503533051889e-11,200
outer_fold_1,single_sample_rank,ARID3A,43.27682622300286,1.9030860259230234e-09,200
outer_fold_1,single_sample_rank,ARNTL2,38.725676782949556,1.0152424560258834e-08,200
outer_fold_1,single_sample_rank,ASCL2,81.89706319458084,8.274223366077224e-15,200
outer_fold_1,single_sample_rank,ATP6V1B2,36.61053024902996,2.2543304257870307e-08,200
outer_fold_1,single_sample_rank,ATP9A,99.37906840994091,7.198120824518289e-17,200
outer_fold_1,single_sample_rank,B3GNT4,46.9084620342815,5.202362551793092e-10,200
outer_fold_1,single_sample_rank,BARX2,36.54174247607843,2.3140836584265912e-08,200
outer_fold_1,single_sample_rank,BTN3A1,46.14702519612165,6.809274133311309e-10,200
outer_fold_1,single_sample_rank,C1QBP,43.7827586460201,1.5853040824863129e-09,200
outer_fold_1,single_sample_rank,CAB39L,59.80590104507137,6.682423254295843e-12,200
outer_fold_1,single_sample_rank,CCDC170,43.73420534722656,1.6132984258519432e-09,200
outer_fold_1,single_sample_rank,CCL4,46.70218547938899,5.595099391953243e-10,200
outer_fold_1,single_sample_rank,CCL5,44.235281294590855,1.34706023664209e-09,200
outer_fold_1,single_sample_rank,CD244,36.20975292767299,2.6260186505622677e-08,200
outer_fold_1,single_sample_rank,CD55,53.07495925620809,6.190555036554499e-11,200
outer_fold_1,single_sample_rank,CEL,48.30656991777284,3.185409289658792e-10,200
outer_fold_1,single_sample_rank,CELP,63.214053970527644,2.2438888939372514e-12,200
outer_fold_1,single_sample_rank,CEP76,46.23257847511818,6.605945866474887e-10,200
outer_fold_1,single_sample_rank,CITED1,42.564008874588815,2.4645825946968568e-09,200
outer_fold_1,single_sample_rank,CLEC2B,38.64542477858938,1.0461962276474324e-08,200
outer_fold_1,single_sample_rank,CLEC5A,40.67432702699166,4.9232462945654014e-09,200
outer_fold_1,single_sample_rank,COL9A1,37.39291151949689,1.6757763303221557e-08,200
outer_fold_1,single_sample_rank,CREB3L1,46.55489770930437,5.893920208145578e-10,200
outer_fold_1,single_sample_rank,CRIP1,47.56782322125324,4.1254677135917786e-10,200
outer_fold_1,single_sample_rank,CTSW,46.90058615415779,5.216828710635826e-10,200
outer_fold_1,single_sample_rank,CXCL10,39.81262805741555,6.77142636208322e-09,200
outer_fold_1,single_sample_rank,CXCL14,72.66651741576673,1.2215442543742766e-13,200
outer_fold_1,single_sample_rank,CYP2B6,60.37857304980896,5.5537999526949795e-12,200
outer_fold_1,single_sample_rank,DDX27,64.73980391573924,1.3869372824760929e-12,200
outer_fold_1,single_sample_rank,DHRS12,36.466940776604375,2.3808974506601148e-08,200
outer_fold_1,single_sample_rank,DLST,37.90600259075701,1.3809088860134644e-08,200
outer_fold_1,single_sample_rank,DPEP1,70.36610063483022,2.4436091795036945e-13,200
outer_fold_1,single_sample_rank,DUSP4,50.58906953298579,1.4446131817799798e-10,200
outer_fold_1,single_sample_rank,EMX1,39.34983006918493,8.042564157736172e-09,200
outer_fold_1,single_sample_rank,ENGASE,54.531326354360715,3.792609994679036e-11,200
outer_fold_1,single_sample_rank,ENPP3,40.3920796258257,5.463815215268593e-09,200
outer_fold_1,single_sample_rank,EPB41L1,46.499837850737066,6.009763216322339e-10,200
outer_fold_1,single_sample_rank,EPM2AIP1,101.99191706658686,3.6711840053196266e-17,200
outer_fold_1,single_sample_rank,ETV5,52.00596381800755,8.896854248157004e-11,200
outer_fold_1,single_sample_rank,FABP1,58.540022649678285,1.0082524927643403e-11,200
outer_fold_1,single_sample_rank,FAM114A1,38.39912410359889,1.1473445764275822e-08,200
outer_fold_1,single_sample_rank,FARP1,54.53602618067656,3.786646750530988e-11,200
outer_fold_1,single_sample_rank,FASLG,48.06558615414828,3.4652746722296546e-10,200
outer_fold_1,single_sample_rank,FECH,107.61502906515977,8.872616311991946e-18,200
outer_fold_1,single_sample_rank,FGFR4,37.1396499271375,1.844273155141028e-08,200
outer_fold_1,single_sample_rank,FOXD1,42.32446290622193,2.6891056617459828e-09,200
outer_fold_1,single_sample_rank,FSCN1,39.02738047092908,9.069937996227953e-09,200
outer_fold_1,single_sample_rank,FUT8,36.08855152351682,2.75031548449182e-08,200
outer_fold_1,single_sample_rank,GAD1,40.15660350202726,5.960950548165434e-09,200
outer_fold_1,single_sample_rank,GBP1,38.18346071929704,1.244085845772745e-08,200
outer_fold_1,single_sample_rank,GBP2,54.45006760378057,3.8972404691284926e-11,200
outer_fold_1,single_sample_rank,GFI1,103.57175998842885,2.453686700585313e-17,200
outer_fold_1,single_sample_rank,GMEB1,43.58811914799312,1.7006066175663015e-09,200
outer_fold_1,single_sample_rank,GNG4,56.84640985263302,1.7572543064685968e-11,200
outer_fold_1,single_sample_rank,GNLY,86.42860645307147,2.3188055942230165e-15,200
outer_fold_1,single_sample_rank,GPR143,54.513841800375914,3.814878986998928e-11,200
outer_fold_1,single_sample_rank,GRM8,54.14565669877471,4.316082573967294e-11,200
outer_fold_1,single_sample_rank,GSPT2,53.84202994620706,4.7796576644729385e-11,200
outer_fold_1,single_sample_rank,GUCA2A,37.543846904193494,1.5829117030392293e-08,200
outer_fold_1,single_sample_rank,GZMA,54.51349786420909,3.815318371749609e-11,200
outer_fold_1,single_sample_rank,GZMH,57.0502948287889,1.6430496468259627e-11,200
outer_fold_1,single_sample_rank,HOXC4,45.59286153518147,8.290363773977721e-10,200
outer_fold_1,single_sample_rank,HOXC6,55.402536358013535,2.8354138718667675e-11,200
outer_fold_1,single_sample_rank,HPSE,83.58810788702957,5.1283048941261504e-15,200
outer_fold_1,single_sample_rank,HSPH1,44.02334901452539,1.4537231937436608e-09,200
outer_fold_1,single_sample_rank,HUNK,86.97252634764297,1.9945948934047716e-15,200
outer_fold_1,single_sample_rank,ICAM1,39.75106964799405,6.927926803002688e-09,200
outer_fold_1,single_sample_rank,ID1,49.23918272234088,2.3025032904201184e-10,200
outer_fold_1,single_sample_rank,IDO1,37.48905526991717,1.6160000862687936e-08,200
outer_fold_1,single_sample_rank,IFIT3,35.96554975084575,2.8826033115297986e-08,200
outer_fold_1,single_sample_rank,IFNG,43.15932075943056,1.9857673221315703e-09,200
outer_fold_1,single_sample_rank,IHH,63.24382704998876,2.2228249937546786e-12,200
outer_fold_1,single_sample_rank,IL18BP,37.158148583647545,1.8314004002855857e-08,200
outer_fold_1,single_sample_rank,IRF1,44.3527225125472,1.2914254964698936e-09,200
outer_fold_1,single_sample_rank,JAK2,42.81736600894608,2.2478505315916633e-09,200
outer_fold_1,single_sample_rank,KCNK1,42.54985721115927,2.477299220227735e-09,200
outer_fold_1,single_sample_rank,KCNK5,36.62844542649417,2.2390281952620684e-08,200
outer_fold_1,single_sample_rank,KDSR,53.182559115110735,5.969497474795705e-11,200
outer_fold_1,single_sample_rank,KHDRBS3,51.649956706184064,1.004480372251753e-10,200
outer_fold_1,single_sample_rank,KIR2DL4,69.54692316529857,3.1350677261610395e-13,200
outer_fold_1,single_sample_rank,KLF7,43.82226897556731,1.562889548378956e-09,200
outer_fold_1,single_sample_rank,KLRD1,67.01354261231288,6.827547593389084e-13,200
outer_fold_1,single_sample_rank,KRT23,70.11816041008338,2.6346929827296435e-13,200
outer_fold_1,single_sample_rank,LAG3,44.977562039891005,1.0324498743854011e-09,200
outer_fold_1,single_sample_rank,LAP3,57.154949095979624,1.587396658758199e-11,200
outer_fold_1,single_sample_rank,LAPTM4B,37.027967083525006,1.9239760936259208e-08,200
outer_fold_1,single_sample_rank,LFNG,41.49747048465206,3.637796693276728e-09,200
outer_fold_1,single_sample_rank,LMO4,57.79107925054377,1.2880639628508622e-11,200
outer_fold_1,single_sample_rank,LRRC2,39.60519537437292,7.313684838338892e-09,200
outer_fold_1,single_sample_rank,LRRC36,42.53405090844622,2.491581843039484e-09,200
outer_fold_1,single_sample_rank,LZTS3,42.42022692379047,2.5969449802124404e-09,200
outer_fold_1,single_sample_rank,MAP3K5,38.60940740285383,1.0603997877817653e-08,200
outer_fold_1,single_sample_rank,MAPK12,52.76084999517069,6.884847166137061e-11,200
outer_fold_1,single_sample_rank,MAPRE3,48.27823506740628,3.217082994189592e-10,200
outer_fold_1,single_sample_rank,MAX,40.86006639474992,4.597576205422769e-09,200
outer_fold_1,single_sample_rank,MBP,67.02943420736001,6.794044364792659e-13,200
outer_fold_1,single_sample_rank,MCUB,79.47179092562979,1.6560577851156993e-14,200
outer_fold_1,single_sample_rank,MEP1A,37.525036136955144,1.5941927919204546e-08,200
outer_fold_1,single_sample_rank,MLH1,134.88577297156652,1.4942654726183242e-20,200
outer_fold_1,single_sample_rank,MMP24,44.086055655571265,1.4212955835473057e-09,200
outer_fold_1,single_sample_rank,MOCS3,63.44887893370889,2.0831251718248033e-12,200
outer_fold_1,single_sample_rank,MSH4,54.872121995654695,3.384062595067526e-11,200
outer_fold_1,single_sample_rank,MTERF1,50.1886013945616,1.6581260744690806e-10,200
outer_fold_1,single_sample_rank,NFATC1,62.08260795520574,3.215307266386945e-12,200
outer_fold_1,single_sample_rank,NKG7,54.91034015470645,3.34113623702099e-11,200
outer_fold_1,single_sample_rank,NKX3-1,48.482198003262276,2.9960545959420794e-10,200
outer_fold_1,single_sample_rank,NPFFR1,36.41876988504125,2.424963087857865e-08,200
outer_fold_1,single_sample_rank,NUBPL,49.83514139663254,1.8732333716159784e-10,200
outer_fold_1,single_sample_rank,NXPH4,39.99821586266374,6.3210789897909935e-09,200
outer_fold_1,single_sample_rank,OSR2,41.94682859906995,3.086270765263533e-09,200
outer_fold_1,single_sample_rank,OXCT1,46.91380930484368,5.19256418267268e-10,200
outer_fold_1,single_sample_rank,PDE10A,43.08405838012508,2.0406410399776824e-09,200
outer_fold_1,single_sample_rank,PIWIL1,36.851844818388386,2.056875116615113e-08,200
outer_fold_1,single_sample_rank,PLAGL2,59.358194636908514,7.725887464138205e-12,200
outer_fold_1,single_sample_rank,PLCB4,43.06191957077683,2.0570749992166014e-09,200
outer_fold_1,single_sample_rank,PLEK2,40.89839392625355,4.53315650676479e-09,200
outer_fold_1,single_sample_rank,PLLP,58.50999394057631,1.0181794266088405e-11,200
outer_fold_1,single_sample_rank,PODXL,36.60295511241221,2.2608327786564074e-08,200
outer_fold_1,single_sample_rank,POFUT1,82.92030985213846,6.1913747064517204e-15,200
outer_fold_1,single_sample_rank,POU5F1B,81.52810457425798,9.189922729966729e-15,200
outer_fold_1,single_sample_rank,PPP1R14D,39.15210302201848,8.657544569364361e-09,200
outer_fold_1,single_sample_rank,PPP1R3D,62.64598431168514,2.6871938074190768e-12,200
outer_fold_1,single_sample_rank,PPP4R1,48.85636646377724,2.6299880545025346e-10,200
outer_fold_1,single_sample_rank,PSME1,46.266584470829535,6.526855852892737e-10,200
outer_fold_1,single_sample_rank,PTPRD,40.586880331025256,5.08462833496229e-09,200
outer_fold_1,single_sample_rank,PTPRO,56.58798417277975,1.91373033526913e-11,200
outer_fold_1,single_sample_rank,PXMP4,43.30331301123211,1.884938970885374e-09,200
outer_fold_1,single_sample_rank,QPCT,39.26106471515726,8.312936681827816e-09,200
outer_fold_1,single_sample_rank,QPRT,152.5390620329694,3.503209668926681e-22,200
outer_fold_1,single_sample_rank,RAB27B,62.458545949177065,2.8522941312833024e-12,200
outer_fold_1,single_sample_rank,RAB32,62.147478574944934,3.1494592293792837e-12,200
outer_fold_1,single_sample_rank,RAMP1,48.32164145072033,3.1686915390976124e-10,200
outer_fold_1,single_sample_rank,RASGRP1,48.751971029482334,2.7272801582220176e-10,200
outer_fold_1,single_sample_rank,RHOF,39.13101544296066,8.725902564638502e-09,200
outer_fold_1,single_sample_rank,RNF125,57.38005405592564,1.4741115497489853e-11,200
outer_fold_1,single_sample_rank,RNF19B,40.33602704548697,5.578180198731937e-09,200
outer_fold_1,single_sample_rank,RNF43,91.83087621756904,5.295196983337355e-16,200
outer_fold_1,single_sample_rank,RNLS,60.386839418581715,5.539015933095812e-12,200
outer_fold_1,single_sample_rank,RPS6KA6,63.585142987329306,1.9952710470289482e-12,200
outer_fold_1,single_sample_rank,S100A14,35.97020225754256,2.8774833076292318e-08,200
outer_fold_1,single_sample_rank,SCNN1B,37.74420828087847,1.467687377148919e-08,200
outer_fold_1,single_sample_rank,SECTM1,45.505711165480335,8.551570675759756e-10,200
outer_fold_1,single_sample_rank,SELENBP1,39.79679199453965,6.8113386907698234e-09,200
outer_fold_1,single_sample_rank,SEMA5A,92.92517687413161,3.945984432685638e-16,200
outer_fold_1,single_sample_rank,SEMG1,79.94752314345602,1.4442578552031668e-14,200
outer_fold_1,single_sample_rank,SERPINB8,36.031339934986995,2.8110580012376555e-08,200
outer_fold_1,single_sample_rank,SGK2,69.43885681893912,3.240125940210525e-13,200
outer_fold_1,single_sample_rank,SLC19A3,109.01822220417753,6.262305936340759e-18,200
outer_fold_1,single_sample_rank,SLC1A7,40.06658717586318,6.162975196915109e-09,200
outer_fold_1,single_sample_rank,SLC26A3,44.32261823337571,1.3054593265028118e-09,200
outer_fold_1,single_sample_rank,SLC2A5,40.51736228590522,5.216766939186284e-09,200
outer_fold_1,single_sample_rank,SLC6A6,37.99558935040007,1.33512891781904e-08,200
outer_fold_1,single_sample_rank,SLC7A6,61.41267537856786,3.983278117812396e-12,200
outer_fold_1,single_sample_rank,SMAP1,64.50678114335206,1.4922508848432275e-12,200
outer_fold_1,single_sample_rank,SRD5A3,41.800956424488675,3.2552760157245073e-09,200
outer_fold_1,single_sample_rank,TBX21,42.91086603797308,2.1728666591876054e-09,200
outer_fold_1,single_sample_rank,TCF7,72.47624149586153,1.2931924008439318e-13,200
outer_fold_1,single_sample_rank,TFAP2A,94.24871360066427,2.770974225859832e-16,200
outer_fold_1,single_sample_rank,TFCP2L1,53.79414787297525,4.857268882333283e-11,200
outer_fold_1,single_sample_rank,TGFBR2,41.88694151456433,3.1545448728734217e-09,200
outer_fold_1,single_sample_rank,TIMM22,73.05104689739055,1.088847805361319e-13,200
outer_fold_1,single_sample_rank,TLL2,55.8041201362835,2.4810203502705873e-11,200
outer_fold_1,single_sample_rank,TM9SF4,38.31705703248737,1.1832194628195737e-08,200
outer_fold_1,single_sample_rank,TNNC2,72.8511910353289,1.1558732733162122e-13,200
outer_fold_1,single_sample_rank,TNNT1,41.91103510792553,3.1268937012438614e-09,200
outer_fold_1,single_sample_rank,TPGS2,42.64029566715849,2.3971694376206033e-09,200
outer_fold_1,single_sample_rank,TPO,38.27323419222531,1.2028428699210985e-08,200
outer_fold_1,single_sample_rank,TRIB2,57.53394820887473,1.4014387920714829e-11,200
outer_fold_1,single_sample_rank,TVP23B,37.82708667940816,1.4225616596173758e-08,200
outer_fold_1,single_sample_rank,TXNL4A,38.80605189507296,9.85177069926015e-09,200
outer_fold_1,single_sample_rank,TYMS,71.73524763557361,1.6155642483737354e-13,200
outer_fold_1,single_sample_rank,UBE2L6,57.75543744006204,1.303203263459721e-11,200
outer_fold_1,single_sample_rank,ULBP2,48.384998175195705,3.0993873961469853e-10,200
outer_fold_1,single_sample_rank,UQCC1,40.60667867936768,5.047624277626698e-09,200
outer_fold_1,single_sample_rank,USP18,55.76252027911863,2.5155331033541376e-11,200
outer_fold_1,single_sample_rank,VAV3,52.8826056820138,6.606757799107204e-11,200
outer_fold_1,single_sample_rank,VIL1,45.191170766875906,9.566187660337997e-10,200
outer_fold_1,single_sample_rank,XPNPEP1,49.56288844754084,2.05817623942019e-10,200
outer_fold_1,single_sample_rank,ZC4H2,58.40971928489028,1.0520562531868333e-11,200
outer_fold_1,single_sample_rank,ZCCHC2,41.236408514207334,4.003411118329164e-09,200
outer_fold_1,single_sample_rank,ZMYND8,92.41309195860562,4.527264440196511e-16,200
outer_fold_1,single_sample_rank,ZNF141,38.08476360398704,1.2910964782151041e-08,200
outer_fold_1,single_sample_rank,ZNF232,54.141111133622985,4.322673234581603e-11,200
outer_fold_2,single_sample_rank,A1CF,77.01870670063813,3.3732426450518113e-14,200
outer_fold_2,single_sample_rank,ACOT8,48.92488217102744,2.5680649700899435e-10,200
outer_fold_2,single_sample_rank,ADGRG1,48.526176303146606,2.950462428720293e-10,200
outer_fold_2,single_sample_rank,ADNP2,46.95256846682823,5.122101981635663e-10,200
outer_fold_2,single_sample_rank,ALOX15B,45.06080760761297,1.0021941389344086e-09,200
outer_fold_2,single_sample_rank,ANKH,46.811580531034004,5.383191408886545e-10,200
outer_fold_2,single_sample_rank,APOBEC3G,54.80897018874605,3.456230439883418e-11,200
outer_fold_2,single_sample_rank,APOL2,52.45121453044296,7.647089316008694e-11,200
outer_fold_2,single_sample_rank,APOL3,85.40299500436726,3.084037376712098e-15,200
outer_fold_2,single_sample_rank,APOL6,42.49718383654178,2.525222362109292e-09,200
outer_fold_2,single_sample_rank,ARHGAP10,59.31258659878192,7.84111312586189e-12,200
outer_fold_2,single_sample_rank,ARNTL2,49.36445609551029,2.204620372110479e-10,200
outer_fold_2,single_sample_rank,ASCL2,71.93421570287282,1.5216973197542202e-13,200
outer_fold_2,single_sample_rank,ATP9A,52.38477950256355,7.821548289931542e-11,200
outer_fold_2,single_sample_rank,B3GNT4,62.132198962565646,3.1648442381322868e-12,200
outer_fold_2,single_sample_rank,BAG3,48.14939981138605,3.365200455294164e-10,200
outer_fold_2,single_sample_rank,BTN3A1,49.7661738612909,1.9184177687094472e-10,200
outer_fold_2,single_sample_rank,C18orf25,47.7599369654189,3.856663522768054e-10,200
outer_fold_2,single_sample_rank,CAB39L,54.78507448049577,3.4839452164474305e-11,200
outer_fold_2,single_sample_rank,CADPS,42.86343794238972,2.210578094205551e-09,200
outer_fold_2,single_sample_rank,CCDC170,46.25166189594718,6.561442689222802e-10,200
outer_fold_2,single_sample_rank,CCDC68,42.66521910650003,2.375555090735339e-09,200
outer_fold_2,single_sample_rank,CCL4,58.337481951075226,1.0771712635419527e-11,200
outer_fold_2,single_sample_rank,CCL5,60.406100705046185,5.5047234750734284e-12,200
outer_fold_2,single_sample_rank,CD7,64.09926965848177,1.6964332024373318e-12,200
outer_fold_2,single_sample_rank,CD74,49.71056394934144,1.9556593102972255e-10,200
outer_fold_2,single_sample_rank,CD8A,53.48804572534388,5.384739108329077e-11,200
outer_fold_2,single_sample_rank,CDC42EP1,52.78588136170558,6.826716960215945e-11,200
outer_fold_2,single_sample_rank,CDHR1,52.209713826320026,8.300971398465985e-11,200
outer_fold_2,single_sample_rank,CEL,43.756991966296376,1.6000981096338941e-09,200
outer_fold_2,single_sample_rank,CELP,59.802432562858186,6.689928565614798e-12,200
outer_fold_2,single_sample_rank,CIITA,72.2233255446782,1.39511057749412e-13,200
outer_fold_2,single_sample_rank,CLCN2,43.180148833553076,1.970849146181232e-09,200
outer_fold_2,single_sample_rank,CLEC5A,44.14408679907341,1.3919432079629413e-09,200
outer_fold_2,single_sample_rank,CNDP2,43.39481417485319,1.8235950159023447e-09,200
outer_fold_2,single_sample_rank,COL9A1,44.983099372468594,1.030408700542158e-09,200
outer_fold_2,single_sample_rank,CRCP,46.18305351718724,6.722881385460746e-10,200
outer_fold_2,single_sample_rank,CRTAM,65.0269774642687,1.2674990960965071e-12,200
outer_fold_2,single_sample_rank,CTDNEP1,55.04883289716945,3.1901789934281884e-11,200
outer_fold_2,single_sample_rank,CTSW,77.66956253512795,2.7903291539414432e-14,200
outer_fold_2,single_sample_rank,CXCL13,49.87792083493377,1.845753023611843e-10,200
outer_fold_2,single_sample_rank,CXCL14,93.53604465708436,3.3509523365047473e-16,200
outer_fold_2,single_sample_rank,CYP2B6,83.20148089252167,5.7187880233021035e-15,200
outer_fold_2,single_sample_rank,DDAH2,48.81111583799924,2.671717569632635e-10,200
outer_fold_2,single_sample_rank,DDX27,48.37880769722791,3.1060903040810925e-10,200
outer_fold_2,single_sample_rank,DHRS12,51.95424318826788,9.054941079088364e-11,200
outer_fold_2,single_sample_rank,DHX58,47.133145932169384,4.806453251940258e-10,200
outer_fold_2,single_sample_rank,DPEP1,49.502626708829936,2.101569598004903e-10,200
outer_fold_2,single_sample_rank,DUSP4,57.36648000479981,1.4807031966192622e-11,200
outer_fold_2,single_sample_rank,EFNA4,45.63779671874406,8.158878040712162e-10,200
outer_fold_2,single_sample_rank,EMID1,45.562541830973764,8.380302076233624e-10,200
outer_fold_2,single_sample_rank,ENGASE,46.86364554205759,5.28522944950262e-10,200
outer_fold_2,single_sample_rank,ENO2,55.936686234899135,2.374225176892918e-11,200
outer_fold_2,single_sample_rank,EPM2AIP1,72.05480844338886,1.4675301554600605e-13,200
outer_fold_2,single_sample_rank,ETV5,51.49891454013901,1.0576465657607808e-10,200
outer_fold_2,single_sample_rank,FABP1,54.62576203044372,3.674603817092818e-11,200
outer_fold_2,single_sample_rank,FARP1,54.86416267835702,3.393072962732402e-11,200
outer_fold_2,single_sample_rank,FASLG,76.39815249464384,4.044701401173179e-14,200
outer_fold_2,single_sample_rank,FECH,85.396023075728,3.0900386794355454e-15,200
outer_fold_2,single_sample_rank,FLVCR2,42.24305208829022,2.7700737322821078e-09,200
outer_fold_2,single_sample_rank,FMO1,43.5546349933923,1.7212883785417629e-09,200
outer_fold_2,single_sample_rank,GAD1,55.8811473860693,2.418384849501408e-11,200
outer_fold_2,single_sample_rank,GAS2L1,43.67168688441447,1.650088801918993e-09,200
outer_fold_2,single_sample_rank,GBP1,46.314379243072345,6.417325669209588e-10,200
outer_fold_2,single_sample_rank,GBP2,44.764731890459515,1.1141107480480118e-09,200
outer_fold_2,single_sample_rank,GFI1,92.44796420500158,4.485043829850032e-16,200
outer_fold_2,single_sample_rank,GM2A,51.3658331864581,1.1068659084910676e-10,200
outer_fold_2,single_sample_rank,GNG4,47.233190092072526,4.640188580785741e-10,200
outer_fold_2,single_sample_rank,GNLY,88.84625291730413,1.1911628042392652e-15,200
outer_fold_2,single_sample_rank,GPR143,46.682689998294585,5.633747849562652e-10,200
outer_fold_2,single_sample_rank,GPR153,43.69281025098965,1.6375635268708542e-09,200
outer_fold_2,single_sample_rank,GRM8,67.11238733040041,6.621860709925056e-13,200
outer_fold_2,single_sample_rank,GSPT2,42.948931466519056,2.1430748095476805e-09,200
outer_fold_2,single_sample_rank,GTF2IRD1,46.2587919715402,6.544893680081078e-10,200
outer_fold_2,single_sample_rank,GZMA,52.34387161138659,7.930986465192802e-11,200
outer_fold_2,single_sample_rank,GZMH,73.57215964842922,9.321012415034999e-14,200
outer_fold_2,single_sample_rank,HLA-DMA,55.13586620293199,3.098888777341923e-11,200
outer_fold_2,single_sample_rank,HLA-DPA1,44.36076305280991,1.2877033087454645e-09,200
outer_fold_2,single_sample_rank,HLA-DRA,46.535831316296935,5.933774884723972e-10,200
outer_fold_2,single_sample_rank,HLA-E,44.03138946020296,1.4495234000308768e-09,200
outer_fold_2,single_sample_rank,HLA-F-AS1,66.8372381101352,7.210736543707343e-13,200
outer_fold_2,single_sample_rank,HOXC4,66.5031758113954,7.998045010442391e-13,200
outer_fold_2,single_sample_rank,HOXC6,73.09794480237997,1.0737020184757487e-13,200
outer_fold_2,single_sample_rank,HPSE,91.20530890970147,6.269381011875084e-16,200
outer_fold_2,single_sample_rank,HUNK,87.40912875742092,1.76802233758412e-15,200
outer_fold_2,single_sample_rank,ICAM1,51.95456437803312,9.053950558240754e-11,200
outer_fold_2,single_sample_rank,ID1,54.74221115096248,3.53422819413486e-11,200
outer_fold_2,single_sample_rank,IDO1,47.45764933030618,4.2881676125108877e-10,200
outer_fold_2,single_sample_rank,IFNG,67.29229541622135,6.263552364657515e-13,200
outer_fold_2,single_sample_rank,IHH,78.38492389526519,2.2669655744302257e-14,200
outer_fold_2,single_sample_rank,IL18BP,63.61735006956347,1.9750637582029664e-12,200
outer_fold_2,single_sample_rank,IL2RB,49.15805816128184,2.368243959644419e-10,200
outer_fold_2,single_sample_rank,IRF1,55.5882218052403,2.6655436335083903e-11,200
outer_fold_2,single_sample_rank,JADE1,44.005135004045435,1.4632829420074673e-09,200
outer_fold_2,single_sample_rank,JAK2,53.02870827564387,6.288123342369778e-11,200
outer_fold_2,single_sample_rank,KCNK1,49.5054875538769,2.0994886137826105e-10,200
outer_fold_2,single_sample_rank,KDSR,54.80155554448751,3.464805971982683e-11,200
outer_fold_2,single_sample_rank,KHDRBS3,54.259325032434006,4.1545633680040976e-11,200
outer_fold_2,single_sample_rank,KIR2DL4,60.00602027117161,6.263614023180087e-12,200
outer_fold_2,single_sample_rank,KLRD1,87.3089842325938,1.8175590227182455e-15,200
outer_fold_2,single_sample_rank,KRT23,61.88242471662656,3.4274935074441768e-12,200
outer_fold_2,single_sample_rank,LAG3,61.29163832821529,4.140833790157322e-12,200
outer_fold_2,single_sample_rank,LAP3,54.712984312176474,3.568937945274376e-11,200
outer_fold_2,single_sample_rank,LMO4,60.89526390222212,4.70271505054027e-12,200
outer_fold_2,single_sample_rank,LRRC2,54.81677280393137,3.4472295607718453e-11,200
outer_fold_2,single_sample_rank,LRRC36,75.50209255639622,5.2628161138103924e-14,200
outer_fold_2,single_sample_rank,MAP3K6,55.58283886358014,2.6703190143056213e-11,200
outer_fold_2,single_sample_rank,MAPRE3,53.93808021205646,4.627761351998492e-11,200
outer_fold_2,single_sample_rank,MBP,58.42227041889238,1.0477538163796186e-11,200
outer_fold_2,single_sample_rank,MCUB,57.499020707597296,1.417605424210572e-11,200
outer_fold_2,single_sample_rank,MEP1A,45.65610131134158,8.105928054302373e-10,200
outer_fold_2,single_sample_rank,MICB,52.148027257881715,8.47695408261534e-11,200
outer_fold_2,single_sample_rank,MLH1,86.25726195514538,2.4316942190991385e-15,200
outer_fold_2,single_sample_rank,MOCS3,49.4093119593709,2.1706127989741938e-10,200
outer_fold_2,single_sample_rank,MSH4,65.79292009820207,9.97632441491656e-13,200
outer_fold_2,single_sample_rank,MT2A,48.38770725312048,3.0964587104241706e-10,200
outer_fold_2,single_sample_rank,MYRF,46.55707320885081,5.889390124452537e-10,200
outer_fold_2,single_sample_rank,N4BP3,49.73172426357598,1.9414022802102824e-10,200
outer_fold_2,single_sample_rank,NFATC1,56.90903761151102,1.72133754820238e-11,200
outer_fold_2,single_sample_rank,NKG7,73.0381472341463,1.0930518483905489e-13,200
outer_fold_2,single_sample_rank,NKX3-1,51.979293964011276,8.978017482889665e-11,200
outer_fold_2,single_sample_rank,NOX1,56.85870570446795,1.750142895477314e-11,200
outer_fold_2,single_sample_rank,NR1I2,53.82518799087735,4.806811292778204e-11,200
outer_fold_2,single_sample_rank,NSG1,47.53667433392568,4.170818169584817e-10,200
outer_fold_2,single_sample_rank,NUBPL,53.36166490130114,5.619225330946941e-11,200
outer_fold_2,single_sample_rank,NXPH4,52.73630659418171,6.942334283562131e-11,200
outer_fold_2,single_sample_rank,OAS2,49.73656375054761,1.9381565333499135e-10,200
outer_fold_2,single_sample_rank,OSR2,43.8687108087664,1.536955510951225e-09,200
outer_fold_2,single_sample_rank,OXCT1,51.838656064488134,9.418675267938648e-11,200
outer_fold_2,single_sample_rank,PAK6,47.3491356631969,4.4548159123397956e-10,200
outer_fold_2,single_sample_rank,PARP12,51.424596092454514,1.0848510875125648e-10,200
outer_fold_2,single_sample_rank,PDCD1,43.63800065741114,1.670265841632999e-09,200
outer_fold_2,single_sample_rank,PIAS2,46.96877397407493,5.092930987110272e-10,200
outer_fold_2,single_sample_rank,PLAGL2,51.11974988709062,1.2041207483680602e-10,200
outer_fold_2,single_sample_rank,PLCB4,43.29363012979898,1.891552506368024e-09,200
outer_fold_2,single_sample_rank,PLCL2,43.69452045733663,1.6365536988367512e-09,200
outer_fold_2,single_sample_rank,PMEPA1,42.8896008541597,2.18969339206557e-09,200
outer_fold_2,single_sample_rank,PODXL,51.57469360689597,1.0306231820544221e-10,200
outer_fold_2,single_sample_rank,POFUT1,73.13742475434935,1.061118451483136e-13,200
outer_fold_2,single_sample_rank,POU5F1B,77.5539849518758,2.8857878094850773e-14,200
outer_fold_2,single_sample_rank,PPP1R14D,48.45225463375702,3.02750733303614e-10,200
outer_fold_2,single_sample_rank,PPP4R1,45.459115792510225,8.694654514253066e-10,200
outer_fold_2,single_sample_rank,PRF1,64.13200103533129,1.6790290101128919e-12,200
outer_fold_2,single_sample_rank,PTPRD,47.8849491208411,3.6914050477473505e-10,200
outer_fold_2,single_sample_rank,PTPRO,59.329900221455475,7.797166497220454e-12,200
outer_fold_2,single_sample_rank,PXMP4,52.91873936334071,6.526452823717776e-11,200
outer_fold_2,single_sample_rank,QPRT,149.59376137989895,6.432871932067181e-22,200
outer_fold_2,single_sample_rank,RAB27B,57.57226307108418,1.383920351666225e-11,200
outer_fold_2,single_sample_rank,RAB32,76.12602563481431,4.380731360092216e-14,200
outer_fold_2,single_sample_rank,RASGRP1,53.369950783252506,5.6035375701683303e-11,200
outer_fold_2,single_sample_rank,RHOF,50.69796003627662,1.3915590430651452e-10,200
outer_fold_2,single_sample_rank,RNF19B,70.77501074982159,2.158782912872997e-13,200
outer_fold_2,single_sample_rank,RNF43,65.26735407658684,1.1756125830185351e-12,200
outer_fold_2,single_sample_rank,RNLS,101.99745043142465,3.665986770739376e-17,200
outer_fold_2,single_sample_rank,RPARP-AS1,55.02375656915562,3.216987322018802e-11,200
outer_fold_2,single_sample_rank,RPS6KA6,56.104253968641146,2.245907251628614e-11,200
outer_fold_2,single_sample_rank,SECTM1,61.8670887096505,3.444326475095825e-12,200
outer_fold_2,single_sample_rank,SELENBP1,57.59665748549901,1.3728831471278927e-11,200
outer_fold_2,single_sample_rank,SEMA5A,76.65011161683319,3.757012882099835e-14,200
outer_fold_2,single_sample_rank,SEMG1,44.46222390260401,1.241663577381069e-09,200
outer_fold_2,single_sample_rank,SERPINB8,43.75418736224408,1.6017168572102792e-09,200
outer_fold_2,single_sample_rank,SGK2,92.85156841069855,4.024614517808687e-16,200
outer_fold_2,single_sample_rank,SLC15A3,47.35545350996328,4.4449346918456445e-10,200
outer_fold_2,single_sample_rank,SLC19A3,76.12165489757936,4.38635471564659e-14,200
outer_fold_2,single_sample_rank,SLC25A22,51.84432058961321,9.400507434483414e-11,200
outer_fold_2,single_sample_rank,SLC2A5,65.54452838359936,1.0780448277364153e-12,200
outer_fold_2,single_sample_rank,SP140,59.43618957593592,7.532823296494435e-12,200
outer_fold_2,single_sample_rank,ST6GALNAC2,57.802102155753936,1.283418244123686e-11,200
outer_fold_2,single_sample_rank,STAT1,48.12685097705427,3.391830585843596e-10,200
outer_fold_2,single_sample_rank,STAT2,47.40351714609235,4.3704904350361274e-10,200
outer_fold_2,single_sample_rank,TAP2,45.466463414542936,8.671930502983139e-10,200
outer_fold_2,single_sample_rank,TBX21,56.40192659558634,2.03512483947741e-11,200
outer_fold_2,single_sample_rank,TCF7,67.54431276417752,5.794579263140635e-13,200
outer_fold_2,single_sample_rank,TFAP2A,73.11864719540999,1.0670846248495308e-13,200
outer_fold_2,single_sample_rank,TG,45.191143188569626,9.56628180561281e-10,200
outer_fold_2,single_sample_rank,TIMM22,62.134098959105124,3.162926971763148e-12,200
outer_fold_2,single_sample_rank,TNFRSF9,43.87836493178305,1.5316197957153898e-09,200
outer_fold_2,single_sample_rank,TNFSF9,47.59072938086815,4.0924391779654074e-10,200
outer_fold_2,single_sample_rank,TNNC2,89.52588682551982,9.892619396041619e-16,200
outer_fold_2,single_sample_rank,TNNT1,58.361534224486874,1.0687417488524539e-11,200
outer_fold_2,single_sample_rank,TPGS2,53.03267029398291,6.279704240673152e-11,200
outer_fold_2,single_sample_rank,TPO,47.71823675688311,3.9134512001569567e-10,200
outer_fold_2,single_sample_rank,TRIB2,71.09800882916298,1.9578781464779144e-13,200
outer_fold_2,single_sample_rank,TSPAN6,55.21950547935056,3.0136679897486255e-11,200
outer_fold_2,single_sample_rank,TXNL4A,59.60666315103406,7.1277840000896635e-12,200
outer_fold_2,single_sample_rank,TYMP,55.683655088667926,2.582312374083246e-11,200
outer_fold_2,single_sample_rank,TYMS,68.4898268491333,4.3318143121211983e-13,200
outer_fold_2,single_sample_rank,UBE2L6,65.18940932617254,1.2046390670265988e-12,200
outer_fold_2,single_sample_rank,UQCC1,51.920228044070655,9.16046877533771e-11,200
outer_fold_2,single_sample_rank,USP18,64.20391265204867,1.6414280303548705e-12,200
outer_fold_2,single_sample_rank,VAV3,78.39982329307307,2.2571991931697965e-14,200
outer_fold_2,single_sample_rank,VPS53,44.287833104064184,1.3218691005327089e-09,200
outer_fold_2,single_sample_rank,WDR7,43.72554165482681,1.6183464095682149e-09,200
outer_fold_2,single_sample_rank,XAF1,43.67183682988819,1.6499995470265652e-09,200
outer_fold_2,single_sample_rank,ZBED2,52.099017185076036,8.619481618652358e-11,200
outer_fold_2,single_sample_rank,ZC4H2,57.660725542245224,1.3443210787990032e-11,200
outer_fold_2,single_sample_rank,ZCCHC2,83.80419988992537,4.825736103191053e-15,200
outer_fold_2,single_sample_rank,ZMYND8,60.244740523546746,5.798831113197321e-12,200
outer_fold_2,single_sample_rank,ZNF165,50.49527425072784,1.4919643255864216e-10,200
outer_fold_2,single_sample_rank,ZNF232,58.5225755901191,1.014008093728963e-11,200
full_discovery,single_sample_rank,A1CF,67.4572682918915,7.238255593038432e-14,200
full_discovery,single_sample_rank,ABAT,65.63425561688325,1.3874017630782053e-13,200
full_discovery,single_sample_rank,ABCB1,53.986119039014476,1.0161229527687376e-11,200
full_discovery,single_sample_rank,ACE2,59.57545659984981,1.2560219635335968e-12,200
full_discovery,single_sample_rank,ACOT8,55.2508028300125,6.299415967476486e-12,200
full_discovery,single_sample_rank,ADGRG1,69.01949735858676,4.1627659021080244e-14,200
full_discovery,single_sample_rank,ADGRG6,69.87445512248652,3.080560533427725e-14,200
full_discovery,single_sample_rank,ADNP2,59.87841126586381,1.1232910531998643e-12,200
full_discovery,single_sample_rank,AGR2,53.74723631412789,1.1125412482510858e-11,200
full_discovery,single_sample_rank,AMACR,64.78786367685315,1.880246648826137e-13,200
full_discovery,single_sample_rank,APOBEC3F,54.53736303221471,8.246636247541596e-12,200
full_discovery,single_sample_rank,APOBEC3G,80.9901845583994,6.817703137599833e-16,200
full_discovery,single_sample_rank,APOL2,64.826732982154,1.85413276260066e-13,200
full_discovery,single_sample_rank,APOL3,119.85044131182194,4.109938437464432e-21,200
full_discovery,single_sample_rank,ARHGAP10,85.25507612436384,1.6585163211387078e-16,200
full_discovery,single_sample_rank,ARID3A,57.58533083730412,2.6267237528981154e-12,200
full_discovery,single_sample_rank,ARNTL2,68.00738163968322,5.954362274802185e-14,200
full_discovery,single_sample_rank,ASCL2,115.69093340877582,1.3665018708387626e-20,200
full_discovery,single_sample_rank,ATP9A,99.80831273736487,1.6041540113789064e-18,200
full_discovery,single_sample_rank,B3GNT4,72.23048422989005,1.351893530387385e-14,200
full_discovery,single_sample_rank,BAG3,54.567125068718006,8.154337178888448e-12,200
full_discovery,single_sample_rank,BLVRA,55.32355621291605,6.129075159035113e-12,200
full_discovery,single_sample_rank,BTN3A1,73.35824429000573,9.142710963105755e-15,200
full_discovery,single_sample_rank,CAB39L,79.77387581439186,1.0251750118922508e-15,200
full_discovery,single_sample_rank,CADPS,56.74859788632353,3.5897777686410664e-12,200
full_discovery,single_sample_rank,CCDC170,61.48316161748416,6.233654374409329e-13,200
full_discovery,single_sample_rank,CCL4,79.813278362281,1.0116824191696072e-15,200
full_discovery,single_sample_rank,CCL5,82.55491776883731,4.0466432531176524e-16,200
full_discovery,single_sample_rank,CD244,71.05116913792877,2.039409048178395e-14,200
full_discovery,single_sample_rank,CD55,55.89112718702915,4.9506901695492625e-12,200
full_discovery,single_sample_rank,CD7,60.04526235385519,1.0563523312410391e-12,200
full_discovery,single_sample_rank,CD8A,69.7963940569177,3.1662608925663243e-14,200
full_discovery,single_sample_rank,CDHR1,67.57853024634426,6.933030351406122e-14,200
full_discovery,single_sample_rank,CEBPA,55.82434814591718,5.076477438714163e-12,200
full_discovery,single_sample_rank,CEL,64.57938159217859,2.0268084451441678e-13,200
full_discovery,single_sample_rank,CELP,92.57453190190944,1.554257144292594e-17,200
full_discovery,single_sample_rank,CIITA,74.50593135434944,6.153011518044588e-15,200
full_discovery,single_sample_rank,CLEC2B,53.90165910339136,1.0492054865601996e-11,200
full_discovery,single_sample_rank,CLEC5A,59.989596492779256,1.0782232928229154e-12,200
full_discovery,single_sample_rank,COL9A1,56.13476997714789,4.517933172867946e-12,200
full_discovery,single_sample_rank,CREB3L1,54.80230625826179,7.460839103334232e-12,200
full_discovery,single_sample_rank,CRIP1,58.233036430590474,2.0643782520663694e-12,200
full_discovery,single_sample_rank,CRTAM,83.04458319955927,3.4396439452159444e-16,200
full_discovery,single_sample_rank,CTSW,81.93557920205272,4.972566359162269e-16,200
full_discovery,single_sample_rank,CXCL10,55.9941966909401,4.762712951123197e-12,200
full_discovery,single_sample_rank,CXCL13,56.29519198303647,4.254114764751509e-12,200
full_discovery,single_sample_rank,CXCL14,109.9434239490793,7.413922149808315e-20,200
full_discovery,single_sample_rank,CXCL9,57.89207832800042,2.3432761056010547e-12,200
full_discovery,single_sample_rank,CYP2B6,97.4659657402684,3.322522718584852e-18,200
full_discovery,single_sample_rank,DDAH2,57.52642388387381,2.6850122050703285e-12,200
full_discovery,single_sample_rank,DDX27,93.66621876167409,1.0985524705905879e-17,200
full_discovery,single_sample_rank,DHRS12,60.315983575778674,9.56224282703419e-13,200
full_discovery,single_sample_rank,DPEP1,79.9657871012099,9.611323785535384e-16,200
full_discovery,single_sample_rank,DPYD,54.67275909281472,7.835108507979399e-12,200
full_discovery,single_sample_rank,DUSP4,83.1238789868028,3.3504069110137445e-16,200
full_discovery,single_sample_rank,ENGASE,71.91151068208701,1.510583066136168e-14,200
full_discovery,single_sample_rank,ENO2,62.0867989110632,5.000926513430988e-13,200
full_discovery,single_sample_rank,EPB41L1,64.22658175004865,2.3017009259166974e-13,200
full_discovery,single_sample_rank,EPM2AIP1,127.39225089952136,4.872449395067535e-22,200
full_discovery,single_sample_rank,ETV5,89.13349115623127,4.688091866124814e-17,200
full_discovery,single_sample_rank,FABP1,83.27422629809477,3.187595654783803e-16,200
full_discovery,single_sample_rank,FARP1,74.57641477047382,6.005569108715518e-15,200
full_discovery,single_sample_rank,FASLG,91.32219496016802,2.3186487697498296e-17,200
full_discovery,single_sample_rank,FECH,142.83722277831032,7.352452676472752e-24,200
full_discovery,single_sample_rank,FGFR4,54.10247079668078,9.722717126878036e-12,200
full_discovery,single_sample_rank,FMO1,56.678710036466796,3.684879593771729e-12,200
full_discovery,single_sample_rank,FOXD1,68.02146713243809,5.924706530518701e-14,200
full_discovery,single_sample_rank,FUT8,57.5265534822568,2.684882539402089e-12,200
full_discovery,single_sample_rank,GAD1,77.25760771322595,2.400483673488881e-15,200
full_discovery,single_sample_rank,GBP1,63.786292507870385,2.6984360355377905e-13,200
full_discovery,single_sample_rank,GBP2,68.96756995162059,4.239747683409471e-14,200
full_discovery,single_sample_rank,GFI1,168.13875990801296,1.1978319915733668e-26,200
full_discovery,single_sample_rank,GLYR1,53.84651454173776,1.0713922371462075e-11,200
full_discovery,single_sample_rank,GM2A,61.63715580809278,5.892564174831195e-13,200
full_discovery,single_sample_rank,GMEB1,55.2562289995712,6.2865474985253824e-12,200
full_discovery,single_sample_rank,GNG4,75.03771023501942,5.125031605278406e-15,200
full_discovery,single_sample_rank,GNLY,130.25280490366248,2.202847425445034e-22,200
full_discovery,single_sample_rank,GPR143,67.30305478269005,7.64617768158518e-14,200
full_discovery,single_sample_rank,GRM8,89.73980601871456,3.854926033073839e-17,200
full_discovery,single_sample_rank,GSPT2,77.55873278564275,2.1670304411201824e-15,200
full_discovery,single_sample_rank,GTF2IRD1,62.89678688147426,3.724597166939095e-13,200
full_discovery,single_sample_rank,GZMA,81.11091857893614,6.547923911634723e-16,200
full_discovery,single_sample_rank,GZMH,97.99884469864463,2.813635117851511e-18,200
full_discovery,single_sample_rank,HLA-F-AS1,59.20898418730085,1.4380274494922594e-12,200
full_discovery,single_sample_rank,HMGCS2,54.66162344985091,7.868154909993817e-12,200
full_discovery,single_sample_rank,HOXC4,72.16539541077474,1.3828428457952718e-14,200
full_discovery,single_sample_rank,HOXC6,95.63010630840118,5.907421321809775e-18,200
full_discovery,single_sample_rank,HPSE,121.93607984217918,2.265670373511537e-21,200
full_discovery,single_sample_rank,HUNK,125.46651614379381,8.352709317190484e-22,200
full_discovery,single_sample_rank,ICAM1,71.88601071649936,1.524056540070075e-14,200
full_discovery,single_sample_rank,ID1,65.34453668932531,1.5393271990234714e-13,200
full_discovery,single_sample_rank,IDO1,61.45656469264818,6.294560280475726e-13,200
full_discovery,single_sample_rank,IFNG,86.76304348235453,1.012293836276076e-16,200
full_discovery,single_sample_rank,IHH,111.81065197244841,4.262833875050624e-20,200
full_discovery,single_sample_rank,IL18BP,70.35194915569969,2.6051165752173646e-14,200
full_discovery,single_sample_rank,IL2RB,56.89609465768753,3.3971473943601045e-12,200
full_discovery,single_sample_rank,IRF1,74.72808290873498,5.700317026516331e-15,200
full_discovery,single_sample_rank,ITGAE,54.60393509301016,8.041627006403489e-12,200
full_discovery,single_sample_rank,JAK2,62.06799568606966,5.0353203165146e-13,200
full_discovery,single_sample_rank,KCNK1,57.213577447084084,3.0172752778406444e-12,200
full_discovery,single_sample_rank,KDSR,75.21680097912403,4.819497867713238e-15,200
full_discovery,single_sample_rank,KHDRBS3,90.76688950722254,2.770440411634574e-17,200
full_discovery,single_sample_rank,KIR2DL4,98.86246800494301,2.150707299623244e-18,200
full_discovery,single_sample_rank,KLF7,54.86497220368737,7.286345962308138e-12,200
full_discovery,single_sample_rank,KLRD1,115.41622862446873,1.4803130617574506e-20,200
full_discovery,single_sample_rank,KRT23,86.13711900364127,1.242049991285182e-16,200
full_discovery,single_sample_rank,LAG3,79.85023999240293,9.99189194683965e-16,200
full_discovery,single_sample_rank,LAP3,76.15851138674142,3.491261281403432e-15,200
full_discovery,single_sample_rank,LAPTM4B,54.6551537472262,7.887419381075198e-12,200
full_discovery,single_sample_rank,LFNG,63.00312982932858,3.5835600722440853e-13,200
full_discovery,single_sample_rank,LMO4,89.98077502636585,3.5669880136724015e-17,200
full_discovery,single_sample_rank,LRRC2,74.58724685692508,5.983229154792428e-15,200
full_discovery,single_sample_rank,LRRC36,79.912101840701,9.786281702844666e-16,200
full_discovery,single_sample_rank,LZTS3,55.05385364561847,6.7850129001024065e-12,200
full_discovery,single_sample_rank,MAP3K6,56.24962298190306,4.327426205095232e-12,200
full_discovery,single_sample_rank,MAPK12,73.56039862116374,8.525439659634483e-15,200
full_discovery,single_sample_rank,MAPRE3,75.31318910373905,4.662762153513694e-15,200
full_discovery,single_sample_rank,MBP,93.72659157503129,1.0777207265797434e-17,200
full_discovery,single_sample_rank,MCUB,91.55344594771586,2.1532311113539443e-17,200
full_discovery,single_sample_rank,MLH1,175.37283618277345,2.0961345788766816e-27,200
full_discovery,single_sample_rank,MMP24,60.365001893275156,9.391498749053759e-13,200
full_discovery,single_sample_rank,MOCS3,76.7401544471478,2.862803830279897e-15,200
full_discovery,single_sample_rank,MSH4,88.36277188558736,6.016294549064683e-17,200
full_discovery,single_sample_rank,MTERF1,54.91042854178593,7.1623654550592245e-12,200
full_discovery,single_sample_rank,NFATC1,80.40447403203643,8.295304019299962e-16,200
full_discovery,single_sample_rank,NKG7,93.27125856659417,1.2452756073249718e-17,200
full_discovery,single_sample_rank,NKX3-1,85.04923623443378,1.7745724535934274e-16,200
full_discovery,single_sample_rank,NOX1,74.48491648316983,6.1976776850139366e-15,200
full_discovery,single_sample_rank,NR1I2,69.91498584664245,3.036993970844859e-14,200
full_discovery,single_sample_rank,NUBPL,72.50280474979643,1.2298308365733014e-14,200
full_discovery,single_sample_rank,NXPH4,61.488377696605646,6.221779966022716e-13,200
full_discovery,single_sample_rank,OSR2,60.95211522794499,7.571063468357432e-13,200
full_discovery,single_sample_rank,OXCT1,69.83472527538017,3.123880760724122e-14,200
full_discovery,single_sample_rank,PLAGL2,80.80991704433063,7.241620843913351e-16,200
full_discovery,single_sample_rank,PLCB4,65.38820902531195,1.5153895939409405e-13,200
full_discovery,single_sample_rank,PLCL2,65.05344451635497,1.7089737448822068e-13,200
full_discovery,single_sample_rank,PLLP,54.36831575547665,8.791344953018591e-12,200
full_discovery,single_sample_rank,PODXL,61.714846126433784,5.727722338984138e-13,200
full_discovery,single_sample_rank,POFUT1,109.63599024037116,8.124277827532368e-20,200
full_discovery,single_sample_rank,POU5F1B,111.35753956106471,4.8737885986244323e-20,200
full_discovery,single_sample_rank,PPP1R14D,65.21384774545122,1.6132737851160062e-13,200
full_discovery,single_sample_rank,PPP1R3D,58.20538919579107,2.0856834914827616e-12,200
full_discovery,single_sample_rank,PPP4R1,69.8837041495344,3.0705633040425404e-14,200
full_discovery,single_sample_rank,PRF1,72.27313597195011,1.3319943524478984e-14,200
full_discovery,single_sample_rank,PRSS23,56.176154978219124,4.448327461842204e-12,200
full_discovery,single_sample_rank,PSME1,60.56445217645565,8.728014734087149e-13,200
full_discovery,single_sample_rank,PTPRD,70.50312368845188,2.4706484733988424e-14,200
full_discovery,single_sample_rank,PTPRO,89.18532015065307,4.6102392919366827e-17,200
full_discovery,single_sample_rank,PXMP4,55.59826001480297,5.526897375773553e-12,200
full_discovery,single_sample_rank,QPRT,217.85138418674643,1.534754318017825e-31,200
full_discovery,single_sample_rank,RAB27B,94.93249888920646,7.359625043860858e-18,200
full_discovery,single_sample_rank,RAB32,103.1129039226464,5.808822617270797e-19,200
full_discovery,single_sample_rank,RASGRP1,85.99303563900936,1.3020297854176651e-16,200
full_discovery,single_sample_rank,RHOF,60.0289765047756,1.062704072870237e-12,200
full_discovery,single_sample_rank,RNF113A,54.19959497627053,9.371382197900592e-12,200
full_discovery,single_sample_rank,RNF125,62.69750552167597,4.004222737195879e-13,200
full_discovery,single_sample_rank,RNF19B,66.1147037629879,1.1681511419065287e-13,200
full_discovery,single_sample_rank,RNF43,124.37244889310251,1.1364144225500421e-21,200
full_discovery,single_sample_rank,RNLS,110.76769355463335,5.804140663199396e-20,200
full_discovery,single_sample_rank,ROBO3,57.56651378790006,2.6452025290805796e-12,200
full_discovery,single_sample_rank,RPARP-AS1,57.69836000679533,2.518445911099674e-12,200
full_discovery,single_sample_rank,RPS6KA6,75.31857777030135,4.654153660539883e-15,200
full_discovery,single_sample_rank,SECTM1,76.68777777559984,2.914365014151533e-15,200
full_discovery,single_sample_rank,SEMA5A,116.3303818982955,1.1346798559506254e-20,200
full_discovery,single_sample_rank,SEMG1,68.51141797060059,4.9811362086517486e-14,200
full_discovery,single_sample_rank,SGK2,117.8032564707083,7.406879066439054e-21,200
full_discovery,single_sample_rank,SLC19A3,128.68541306916242,3.399839240645221e-22,200
full_discovery,single_sample_rank,SLC2A5,74.04053114541239,7.223105207193071e-15,200
full_discovery,single_sample_rank,SLC5A6,54.116140206617196,9.672473879154849e-12,200
full_discovery,single_sample_rank,SLC7A6,64.23074979787769,2.2982421428260404e-13,200
full_discovery,single_sample_rank,SP140,64.91755825422328,1.794535908709656e-13,200
full_discovery,single_sample_rank,SRPX2,57.930225317177765,2.310263799846326e-12,200
full_discovery,single_sample_rank,STAT1,56.634248052680924,3.746707202264031e-12,200
full_discovery,single_sample_rank,STAT2,61.52262462184313,6.144383904784389e-13,200
full_discovery,single_sample_rank,TBX21,84.80743976347912,1.921461238877399e-16,200
full_discovery,single_sample_rank,TCF7,97.07743549147924,3.751523120439482e-18,200
full_discovery,single_sample_rank,TFAP2A,118.54515996176788,5.9801229751888934e-21,200
full_discovery,single_sample_rank,TFCP2L1,64.79072476666782,1.8783118182623221e-13,200
full_discovery,single_sample_rank,TIMM22,98.12825354004082,2.702447854082747e-18,200
full_discovery,single_sample_rank,TNNC2,122.90972976276588,1.7184066657404536e-21,200
full_discovery,single_sample_rank,TNNT1,76.92981774853415,2.683701576833727e-15,200
full_discovery,single_sample_rank,TPGS2,65.5616414451406,1.423991479975389e-13,200
full_discovery,single_sample_rank,TPO,62.75079207974674,3.927432587527911e-13,200
full_discovery,single_sample_rank,TRIB2,98.19650299784581,2.645611473910219e-18,200
full_discovery,single_sample_rank,TSPAN6,67.56609849394042,6.963712720776675e-14,200
full_discovery,single_sample_rank,TXNL4A,58.58951880835503,1.8086203834513526e-12,200
full_discovery,single_sample_rank,TYMP,58.57422705014605,1.8189024487933277e-12,200
full_discovery,single_sample_rank,TYMS,98.26990802879442,2.5858319124524243e-18,200
full_discovery,single_sample_rank,UBE2L6,86.70120275225945,1.0329343665316003e-16,200
full_discovery,single_sample_rank,ULBP2,73.57698310625408,8.47671261299764e-15,200
full_discovery,single_sample_rank,UQCC1,59.793197916952245,1.159119701754872e-12,200
full_discovery,single_sample_rank,USP18,77.6246557208865,2.119070173047666e-15,200
full_discovery,single_sample_rank,VAV3,89.60103064704735,4.0313236853377216e-17,200
full_discovery,single_sample_rank,VIL1,64.7444677313581,1.9098422518638418e-13,200
full_discovery,single_sample_rank,WRAP53,55.356530057934194,6.053416269623918e-12,200
full_discovery,single_sample_rank,XPNPEP1,60.20341381770103,9.966357361976175e-13,200
full_discovery,single_sample_rank,ZC4H2,82.67892642163328,3.8833454246839144e-16,200
full_discovery,single_sample_rank,ZCCHC2,80.49611802527896,8.044295245898571e-16,200
full_discovery,single_sample_rank,ZMYND8,109.13651454967084,9.428508651762219e-20,200
full_discovery,single_sample_rank,ZNF232,81.60930243528023,5.54394620048974e-16,200
