design,cohort,sample_id,representation,model,label,probability,threshold,locked_prediction
TCGA_to_GEO,GSE13294,GSM335510,fixed_log_expression,elastic_net,0,0.0247128382325172,0.6053650975227356,0
TCGA_to_GEO,GSE13294,GSM335511,fixed_log_expression,elastic_net,1,0.9956272840499878,0.6053650975227356,1
TCGA_to_GEO,GSE13294,GSM335512,fixed_log_expression,elastic_net,0,0.8321033120155334,0.6053650975227356,1
TCGA_to_GEO,GSE13294,GSM335513,fixed_log_expression,elastic_net,0,0.005076490342617,0.6053650975227356,0
TCGA_to_GEO,GSE13294,GSM335514,fixed_log_expression,elastic_net,0,0.1124169901013374,0.6053650975227356,0
TCGA_to_GEO,GSE13294,GSM335515,fixed_log_expression,elastic_net,0,0.3098993003368377,0.6053650975227356,0
TCGA_to_GEO,GSE13294,GSM335516,fixed_log_expression,elastic_net,0,0.0036944814492017,0.6053650975227356,0
TCGA_to_GEO,GSE13294,GSM335517,fixed_log_expression,elastic_net,0,0.2467953115701675,0.6053650975227356,0
TCGA_to_GEO,GSE13294,GSM335518,fixed_log_expression,elastic_net,1,0.9941932559013368,0.6053650975227356,1
TCGA_to_GEO,GSE13294,GSM335519,fixed_log_expression,elastic_net,1,0.9939689636230468,0.6053650975227356,1
TCGA_to_GEO,GSE13294,GSM335520,fixed_log_expression,elastic_net,0,0.9821303486824036,0.6053650975227356,1
TCGA_to_GEO,GSE13294,GSM335521,fixed_log_expression,elastic_net,0,0.5124419927597046,0.6053650975227356,0
TCGA_to_GEO,GSE13294,GSM335522,fixed_log_expression,elastic_net,0,0.5894420742988586,0.6053650975227356,0
TCGA_to_GEO,GSE13294,GSM335523,fixed_log_expression,elastic_net,0,0.5487683415412903,0.6053650975227356,0
TCGA_to_GEO,GSE13294,GSM335524,fixed_log_expression,elastic_net,0,0.7016097903251648,0.6053650975227356,1
TCGA_to_GEO,GSE13294,GSM335525,fixed_log_expression,elastic_net,1,0.9998692274093628,0.6053650975227356,1
TCGA_to_GEO,GSE13294,GSM335526,fixed_log_expression,elastic_net,0,0.023541061207652,0.6053650975227356,0
TCGA_to_GEO,GSE13294,GSM335527,fixed_log_expression,elastic_net,1,0.9998677968978882,0.6053650975227356,1
TCGA_to_GEO,GSE13294,GSM335528,fixed_log_expression,elastic_net,0,0.1369886100292205,0.6053650975227356,0
TCGA_to_GEO,GSE13294,GSM335529,fixed_log_expression,elastic_net,1,0.9198671579360962,0.6053650975227356,1
TCGA_to_GEO,GSE13294,GSM335530,fixed_log_expression,elastic_net,1,0.9999990463256836,0.6053650975227356,1
TCGA_to_GEO,GSE13294,GSM335531,fixed_log_expression,elastic_net,0,0.0216947402805089,0.6053650975227356,0
TCGA_to_GEO,GSE13294,GSM335532,fixed_log_expression,elastic_net,1,0.999979853630066,0.6053650975227356,1
TCGA_to_GEO,GSE13294,GSM335533,fixed_log_expression,elastic_net,0,0.1651852130889892,0.6053650975227356,0
TCGA_to_GEO,GSE13294,GSM335534,fixed_log_expression,elastic_net,0,0.3319232165813446,0.6053650975227356,0
TCGA_to_GEO,GSE13294,GSM335535,fixed_log_expression,elastic_net,0,0.363894522190094,0.6053650975227356,0
TCGA_to_GEO,GSE13294,GSM335536,fixed_log_expression,elastic_net,0,0.2958503365516662,0.6053650975227356,0
TCGA_to_GEO,GSE13294,GSM335537,fixed_log_expression,elastic_net,0,0.0437222532927989,0.6053650975227356,0
TCGA_to_GEO,GSE13294,GSM335538,fixed_log_expression,elastic_net,0,0.0094975791871547,0.6053650975227356,0
TCGA_to_GEO,GSE13294,GSM335539,fixed_log_expression,elastic_net,0,0.0248040985316038,0.6053650975227356,0
TCGA_to_GEO,GSE13294,GSM335540,fixed_log_expression,elastic_net,0,0.119407869875431,0.6053650975227356,0
TCGA_to_GEO,GSE13294,GSM335541,fixed_log_expression,elastic_net,1,0.998805284500122,0.6053650975227356,1
TCGA_to_GEO,GSE13294,GSM335542,fixed_log_expression,elastic_net,1,0.9998199343681335,0.6053650975227356,1
TCGA_to_GEO,GSE13294,GSM335543,fixed_log_expression,elastic_net,1,0.998474419116974,0.6053650975227356,1
TCGA_to_GEO,GSE13294,GSM335544,fixed_log_expression,elastic_net,1,0.9999939203262328,0.6053650975227356,1
TCGA_to_GEO,GSE13294,GSM335545,fixed_log_expression,elastic_net,1,0.995800793170929,0.6053650975227356,1
TCGA_to_GEO,GSE13294,GSM335546,fixed_log_expression,elastic_net,1,0.997952938079834,0.6053650975227356,1
TCGA_to_GEO,GSE13294,GSM335547,fixed_log_expression,elastic_net,0,0.9856693744659424,0.6053650975227356,1
TCGA_to_GEO,GSE13294,GSM335548,fixed_log_expression,elastic_net,0,0.0804332271218299,0.6053650975227356,0
TCGA_to_GEO,GSE13294,GSM335549,fixed_log_expression,elastic_net,0,0.1867232173681259,0.6053650975227356,0
TCGA_to_GEO,GSE13294,GSM335550,fixed_log_expression,elastic_net,0,0.0507340133190155,0.6053650975227356,0
TCGA_to_GEO,GSE13294,GSM335551,fixed_log_expression,elastic_net,1,0.9993539452552797,0.6053650975227356,1
TCGA_to_GEO,GSE13294,GSM335552,fixed_log_expression,elastic_net,0,0.1881800442934036,0.6053650975227356,0
TCGA_to_GEO,GSE13294,GSM335553,fixed_log_expression,elastic_net,0,0.7846620678901672,0.6053650975227356,1
TCGA_to_GEO,GSE13294,GSM335554,fixed_log_expression,elastic_net,0,0.4390574097633362,0.6053650975227356,0
TCGA_to_GEO,GSE13294,GSM335555,fixed_log_expression,elastic_net,1,0.9999997615814208,0.6053650975227356,1
TCGA_to_GEO,GSE13294,GSM335556,fixed_log_expression,elastic_net,0,0.0180649366229772,0.6053650975227356,0
TCGA_to_GEO,GSE13294,GSM335557,fixed_log_expression,elastic_net,0,0.023594070225954,0.6053650975227356,0
TCGA_to_GEO,GSE13294,GSM335558,fixed_log_expression,elastic_net,0,0.0475590042769908,0.6053650975227356,0
TCGA_to_GEO,GSE13294,GSM335559,fixed_log_expression,elastic_net,1,0.9999544620513916,0.6053650975227356,1
TCGA_to_GEO,GSE13294,GSM335560,fixed_log_expression,elastic_net,1,0.9999977350234984,0.6053650975227356,1
TCGA_to_GEO,GSE13294,GSM335561,fixed_log_expression,elastic_net,0,0.0028371233493089,0.6053650975227356,0
TCGA_to_GEO,GSE13294,GSM335562,fixed_log_expression,elastic_net,1,0.996417760848999,0.6053650975227356,1
TCGA_to_GEO,GSE13294,GSM335563,fixed_log_expression,elastic_net,1,0.999914288520813,0.6053650975227356,1
TCGA_to_GEO,GSE13294,GSM335564,fixed_log_expression,elastic_net,0,0.8365951180458069,0.6053650975227356,1
TCGA_to_GEO,GSE13294,GSM335565,fixed_log_expression,elastic_net,1,1.0,0.6053650975227356,1
TCGA_to_GEO,GSE13294,GSM335566,fixed_log_expression,elastic_net,1,0.9999972581863404,0.6053650975227356,1
TCGA_to_GEO,GSE13294,GSM335567,fixed_log_expression,elastic_net,0,0.0359181985259056,0.6053650975227356,0
TCGA_to_GEO,GSE13294,GSM335568,fixed_log_expression,elastic_net,0,0.006341234780848,0.6053650975227356,0
TCGA_to_GEO,GSE13294,GSM335569,fixed_log_expression,elastic_net,0,0.0114444149658083,0.6053650975227356,0
TCGA_to_GEO,GSE13294,GSM335570,fixed_log_expression,elastic_net,0,0.9715335965156556,0.6053650975227356,1
TCGA_to_GEO,GSE13294,GSM335571,fixed_log_expression,elastic_net,0,0.0088093429803848,0.6053650975227356,0
TCGA_to_GEO,GSE13294,GSM335572,fixed_log_expression,elastic_net,0,0.1326705515384674,0.6053650975227356,0
TCGA_to_GEO,GSE13294,GSM335573,fixed_log_expression,elastic_net,1,0.0026323499623686,0.6053650975227356,0
TCGA_to_GEO,GSE13294,GSM335574,fixed_log_expression,elastic_net,1,0.9999984502792358,0.6053650975227356,1
TCGA_to_GEO,GSE13294,GSM335575,fixed_log_expression,elastic_net,0,0.7126880288124084,0.6053650975227356,1
TCGA_to_GEO,GSE13294,GSM335576,fixed_log_expression,elastic_net,1,0.9999125003814696,0.6053650975227356,1
TCGA_to_GEO,GSE13294,GSM335577,fixed_log_expression,elastic_net,1,0.9999966621398926,0.6053650975227356,1
TCGA_to_GEO,GSE13294,GSM335578,fixed_log_expression,elastic_net,1,0.9954503178596495,0.6053650975227356,1
TCGA_to_GEO,GSE13294,GSM335579,fixed_log_expression,elastic_net,0,0.9305453896522522,0.6053650975227356,1
TCGA_to_GEO,GSE13294,GSM335580,fixed_log_expression,elastic_net,0,0.2273966819047927,0.6053650975227356,0
TCGA_to_GEO,GSE13294,GSM335581,fixed_log_expression,elastic_net,0,0.6370182633399963,0.6053650975227356,1
TCGA_to_GEO,GSE13294,GSM335582,fixed_log_expression,elastic_net,0,0.0250157546252012,0.6053650975227356,0
TCGA_to_GEO,GSE13294,GSM335583,fixed_log_expression,elastic_net,0,0.0136466268450021,0.6053650975227356,0
TCGA_to_GEO,GSE13294,GSM335584,fixed_log_expression,elastic_net,0,0.1636684387922287,0.6053650975227356,0
TCGA_to_GEO,GSE13294,GSM335585,fixed_log_expression,elastic_net,1,0.9999997615814208,0.6053650975227356,1
TCGA_to_GEO,GSE13294,GSM335586,fixed_log_expression,elastic_net,0,0.3099130988121032,0.6053650975227356,0
TCGA_to_GEO,GSE13294,GSM335587,fixed_log_expression,elastic_net,0,0.4331609904766083,0.6053650975227356,0
TCGA_to_GEO,GSE13294,GSM335588,fixed_log_expression,elastic_net,0,0.0126032903790473,0.6053650975227356,0
TCGA_to_GEO,GSE13294,GSM335589,fixed_log_expression,elastic_net,0,0.1294221431016922,0.6053650975227356,0
TCGA_to_GEO,GSE13294,GSM335590,fixed_log_expression,elastic_net,0,0.6020441651344299,0.6053650975227356,0
TCGA_to_GEO,GSE13294,GSM335591,fixed_log_expression,elastic_net,0,0.0414698719978332,0.6053650975227356,0
TCGA_to_GEO,GSE13294,GSM335592,fixed_log_expression,elastic_net,0,0.0070888460613787,0.6053650975227356,0
TCGA_to_GEO,GSE13294,GSM335593,fixed_log_expression,elastic_net,0,0.0179389715194702,0.6053650975227356,0
TCGA_to_GEO,GSE13294,GSM335594,fixed_log_expression,elastic_net,0,0.352819561958313,0.6053650975227356,0
TCGA_to_GEO,GSE13294,GSM335595,fixed_log_expression,elastic_net,1,0.9999722242355348,0.6053650975227356,1
TCGA_to_GEO,GSE13294,GSM335596,fixed_log_expression,elastic_net,0,0.1557434499263763,0.6053650975227356,0
TCGA_to_GEO,GSE13294,GSM335597,fixed_log_expression,elastic_net,1,1.0,0.6053650975227356,1
TCGA_to_GEO,GSE13294,GSM335598,fixed_log_expression,elastic_net,0,0.0005279703182168,0.6053650975227356,0
TCGA_to_GEO,GSE13294,GSM335599,fixed_log_expression,elastic_net,0,0.5716162323951721,0.6053650975227356,0
TCGA_to_GEO,GSE13294,GSM335600,fixed_log_expression,elastic_net,0,0.1957293003797531,0.6053650975227356,0
TCGA_to_GEO,GSE13294,GSM335601,fixed_log_expression,elastic_net,0,0.1300199776887893,0.6053650975227356,0
TCGA_to_GEO,GSE13294,GSM335602,fixed_log_expression,elastic_net,0,0.054950438439846,0.6053650975227356,0
TCGA_to_GEO,GSE13294,GSM335603,fixed_log_expression,elastic_net,0,0.0167796518653631,0.6053650975227356,0
TCGA_to_GEO,GSE13294,GSM335604,fixed_log_expression,elastic_net,0,0.1510514169931411,0.6053650975227356,0
TCGA_to_GEO,GSE13294,GSM335605,fixed_log_expression,elastic_net,0,0.016963493078947,0.6053650975227356,0
TCGA_to_GEO,GSE13294,GSM335606,fixed_log_expression,elastic_net,0,0.0007005344959907,0.6053650975227356,0
TCGA_to_GEO,GSE13294,GSM335607,fixed_log_expression,elastic_net,0,0.8261462450027466,0.6053650975227356,1
TCGA_to_GEO,GSE13294,GSM335608,fixed_log_expression,elastic_net,0,0.9933845400810242,0.6053650975227356,1
TCGA_to_GEO,GSE13294,GSM335609,fixed_log_expression,elastic_net,0,0.0518922768533229,0.6053650975227356,0
TCGA_to_GEO,GSE13294,GSM335610,fixed_log_expression,elastic_net,0,7.080591603880748e-05,0.6053650975227356,0
TCGA_to_GEO,GSE13294,GSM335611,fixed_log_expression,elastic_net,0,0.0547384098172187,0.6053650975227356,0
TCGA_to_GEO,GSE13294,GSM335612,fixed_log_expression,elastic_net,0,0.0017371905269101,0.6053650975227356,0
TCGA_to_GEO,GSE13294,GSM335613,fixed_log_expression,elastic_net,0,0.0242710895836353,0.6053650975227356,0
TCGA_to_GEO,GSE13294,GSM335614,fixed_log_expression,elastic_net,1,0.9999998807907104,0.6053650975227356,1
TCGA_to_GEO,GSE13294,GSM335615,fixed_log_expression,elastic_net,0,0.0099307168275117,0.6053650975227356,0
TCGA_to_GEO,GSE13294,GSM335616,fixed_log_expression,elastic_net,0,0.0119304032996296,0.6053650975227356,0
TCGA_to_GEO,GSE13294,GSM335617,fixed_log_expression,elastic_net,0,0.0105178896337747,0.6053650975227356,0
TCGA_to_GEO,GSE13294,GSM335618,fixed_log_expression,elastic_net,1,0.8308547139167786,0.6053650975227356,1
TCGA_to_GEO,GSE13294,GSM335619,fixed_log_expression,elastic_net,1,0.9998490810394288,0.6053650975227356,1
TCGA_to_GEO,GSE13294,GSM335620,fixed_log_expression,elastic_net,1,0.9898250699043274,0.6053650975227356,1
TCGA_to_GEO,GSE13294,GSM335621,fixed_log_expression,elastic_net,1,0.9999998807907104,0.6053650975227356,1
TCGA_to_GEO,GSE13294,GSM335622,fixed_log_expression,elastic_net,1,0.9999436140060424,0.6053650975227356,1
TCGA_to_GEO,GSE13294,GSM335623,fixed_log_expression,elastic_net,1,1.0,0.6053650975227356,1
TCGA_to_GEO,GSE13294,GSM335624,fixed_log_expression,elastic_net,1,0.9986347556114196,0.6053650975227356,1
TCGA_to_GEO,GSE13294,GSM335625,fixed_log_expression,elastic_net,1,0.9910836219787598,0.6053650975227356,1
TCGA_to_GEO,GSE13294,GSM335626,fixed_log_expression,elastic_net,1,0.993251621723175,0.6053650975227356,1
TCGA_to_GEO,GSE13294,GSM335627,fixed_log_expression,elastic_net,1,0.9992756247520448,0.6053650975227356,1
TCGA_to_GEO,GSE13294,GSM335628,fixed_log_expression,elastic_net,1,0.9992893934249878,0.6053650975227356,1
TCGA_to_GEO,GSE13294,GSM335629,fixed_log_expression,elastic_net,1,1.0,0.6053650975227356,1
TCGA_to_GEO,GSE13294,GSM335630,fixed_log_expression,elastic_net,1,0.999864101409912,0.6053650975227356,1
TCGA_to_GEO,GSE13294,GSM335631,fixed_log_expression,elastic_net,1,0.2035731375217437,0.6053650975227356,0
TCGA_to_GEO,GSE13294,GSM335632,fixed_log_expression,elastic_net,1,0.9974752068519592,0.6053650975227356,1
TCGA_to_GEO,GSE13294,GSM335633,fixed_log_expression,elastic_net,1,0.98369562625885,0.6053650975227356,1
TCGA_to_GEO,GSE13294,GSM335634,fixed_log_expression,elastic_net,1,0.9999996423721312,0.6053650975227356,1
TCGA_to_GEO,GSE13294,GSM335635,fixed_log_expression,elastic_net,1,0.9999994039535522,0.6053650975227356,1
TCGA_to_GEO,GSE13294,GSM335636,fixed_log_expression,elastic_net,1,9.969322854885831e-05,0.6053650975227356,0
TCGA_to_GEO,GSE13294,GSM335637,fixed_log_expression,elastic_net,1,0.9988223910331726,0.6053650975227356,1
TCGA_to_GEO,GSE13294,GSM335638,fixed_log_expression,elastic_net,1,0.9999109506607056,0.6053650975227356,1
TCGA_to_GEO,GSE13294,GSM335639,fixed_log_expression,elastic_net,1,0.9996994733810424,0.6053650975227356,1
TCGA_to_GEO,GSE13294,GSM335640,fixed_log_expression,elastic_net,1,0.9999830722808838,0.6053650975227356,1
TCGA_to_GEO,GSE13294,GSM335641,fixed_log_expression,elastic_net,1,0.9999998807907104,0.6053650975227356,1
TCGA_to_GEO,GSE13294,GSM335642,fixed_log_expression,elastic_net,1,0.9999716281890868,0.6053650975227356,1
TCGA_to_GEO,GSE13294,GSM335643,fixed_log_expression,elastic_net,1,1.0,0.6053650975227356,1
TCGA_to_GEO,GSE13294,GSM335644,fixed_log_expression,elastic_net,1,0.9999940395355223,0.6053650975227356,1
TCGA_to_GEO,GSE13294,GSM335645,fixed_log_expression,elastic_net,1,0.9999996423721312,0.6053650975227356,1
TCGA_to_GEO,GSE13294,GSM335646,fixed_log_expression,elastic_net,1,0.9999222755432128,0.6053650975227356,1
TCGA_to_GEO,GSE13294,GSM335647,fixed_log_expression,elastic_net,1,0.946992039680481,0.6053650975227356,1
TCGA_to_GEO,GSE13294,GSM335648,fixed_log_expression,elastic_net,1,0.6995372176170349,0.6053650975227356,1
TCGA_to_GEO,GSE13294,GSM335649,fixed_log_expression,elastic_net,1,0.9999951124191284,0.6053650975227356,1
TCGA_to_GEO,GSE13294,GSM335650,fixed_log_expression,elastic_net,1,0.9999338388442992,0.6053650975227356,1
TCGA_to_GEO,GSE13294,GSM335651,fixed_log_expression,elastic_net,1,0.0260502863675355,0.6053650975227356,0
TCGA_to_GEO,GSE13294,GSM335652,fixed_log_expression,elastic_net,1,1.0,0.6053650975227356,1
TCGA_to_GEO,GSE13294,GSM335653,fixed_log_expression,elastic_net,1,0.9999727010726928,0.6053650975227356,1
TCGA_to_GEO,GSE13294,GSM335654,fixed_log_expression,elastic_net,1,0.9999940395355223,0.6053650975227356,1
TCGA_to_GEO,GSE13294,GSM335655,fixed_log_expression,elastic_net,1,0.9999934434890748,0.6053650975227356,1
TCGA_to_GEO,GSE13294,GSM335656,fixed_log_expression,elastic_net,1,0.9999212026596068,0.6053650975227356,1
TCGA_to_GEO,GSE13294,GSM335657,fixed_log_expression,elastic_net,1,0.9999860525131226,0.6053650975227356,1
TCGA_to_GEO,GSE13294,GSM335658,fixed_log_expression,elastic_net,1,0.9999994039535522,0.6053650975227356,1
TCGA_to_GEO,GSE13294,GSM335659,fixed_log_expression,elastic_net,1,0.9999994039535522,0.6053650975227356,1
TCGA_to_GEO,GSE13294,GSM335660,fixed_log_expression,elastic_net,1,0.9999982118606568,0.6053650975227356,1
TCGA_to_GEO,GSE13294,GSM335661,fixed_log_expression,elastic_net,1,0.999984622001648,0.6053650975227356,1
TCGA_to_GEO,GSE13294,GSM335662,fixed_log_expression,elastic_net,1,0.999991536140442,0.6053650975227356,1
TCGA_to_GEO,GSE13294,GSM335663,fixed_log_expression,elastic_net,1,0.9993230104446412,0.6053650975227356,1
TCGA_to_GEO,GSE13294,GSM335664,fixed_log_expression,elastic_net,1,0.9999822378158568,0.6053650975227356,1
TCGA_to_GEO,GSE13067,GSM327282,fixed_log_expression,elastic_net,1,0.9999148845672609,0.6053650975227356,1
TCGA_to_GEO,GSE13067,GSM327283,fixed_log_expression,elastic_net,0,0.896017849445343,0.6053650975227356,1
TCGA_to_GEO,GSE13067,GSM327284,fixed_log_expression,elastic_net,0,0.1040272414684295,0.6053650975227356,0
TCGA_to_GEO,GSE13067,GSM327285,fixed_log_expression,elastic_net,0,0.1470130532979965,0.6053650975227356,0
TCGA_to_GEO,GSE13067,GSM327286,fixed_log_expression,elastic_net,0,0.9730305075645448,0.6053650975227356,1
TCGA_to_GEO,GSE13067,GSM327287,fixed_log_expression,elastic_net,0,0.1424490660429,0.6053650975227356,0
TCGA_to_GEO,GSE13067,GSM327288,fixed_log_expression,elastic_net,1,0.9997904896736144,0.6053650975227356,1
TCGA_to_GEO,GSE13067,GSM327289,fixed_log_expression,elastic_net,0,0.8382953405380249,0.6053650975227356,1
TCGA_to_GEO,GSE13067,GSM327290,fixed_log_expression,elastic_net,0,0.5385525822639465,0.6053650975227356,0
TCGA_to_GEO,GSE13067,GSM327291,fixed_log_expression,elastic_net,0,0.8962113261222839,0.6053650975227356,1
TCGA_to_GEO,GSE13067,GSM327292,fixed_log_expression,elastic_net,0,0.3348928689956665,0.6053650975227356,0
TCGA_to_GEO,GSE13067,GSM327293,fixed_log_expression,elastic_net,0,0.972702980041504,0.6053650975227356,1
TCGA_to_GEO,GSE13067,GSM327294,fixed_log_expression,elastic_net,0,0.05777183547616,0.6053650975227356,0
TCGA_to_GEO,GSE13067,GSM327295,fixed_log_expression,elastic_net,0,0.0279521793127059,0.6053650975227356,0
TCGA_to_GEO,GSE13067,GSM327296,fixed_log_expression,elastic_net,0,0.901314377784729,0.6053650975227356,1
TCGA_to_GEO,GSE13067,GSM327297,fixed_log_expression,elastic_net,0,0.8154597282409668,0.6053650975227356,1
TCGA_to_GEO,GSE13067,GSM327298,fixed_log_expression,elastic_net,0,0.7655866742134094,0.6053650975227356,1
TCGA_to_GEO,GSE13067,GSM327299,fixed_log_expression,elastic_net,0,0.9894017577171326,0.6053650975227356,1
TCGA_to_GEO,GSE13067,GSM327300,fixed_log_expression,elastic_net,0,0.9849515557289124,0.6053650975227356,1
TCGA_to_GEO,GSE13067,GSM327301,fixed_log_expression,elastic_net,0,0.7795159220695496,0.6053650975227356,1
TCGA_to_GEO,GSE13067,GSM327302,fixed_log_expression,elastic_net,0,0.998653531074524,0.6053650975227356,1
TCGA_to_GEO,GSE13067,GSM327303,fixed_log_expression,elastic_net,0,0.9026870727539062,0.6053650975227356,1
TCGA_to_GEO,GSE13067,GSM327304,fixed_log_expression,elastic_net,0,0.9867636561393738,0.6053650975227356,1
TCGA_to_GEO,GSE13067,GSM327305,fixed_log_expression,elastic_net,0,0.7917596697807312,0.6053650975227356,1
TCGA_to_GEO,GSE13067,GSM327306,fixed_log_expression,elastic_net,0,0.3448991775512695,0.6053650975227356,0
TCGA_to_GEO,GSE13067,GSM327307,fixed_log_expression,elastic_net,0,0.974779486656189,0.6053650975227356,1
TCGA_to_GEO,GSE13067,GSM327308,fixed_log_expression,elastic_net,0,0.1480091214179992,0.6053650975227356,0
TCGA_to_GEO,GSE13067,GSM327309,fixed_log_expression,elastic_net,1,0.999997615814209,0.6053650975227356,1
TCGA_to_GEO,GSE13067,GSM327310,fixed_log_expression,elastic_net,1,0.9999991655349731,0.6053650975227356,1
TCGA_to_GEO,GSE13067,GSM327311,fixed_log_expression,elastic_net,1,1.0,0.6053650975227356,1
TCGA_to_GEO,GSE13067,GSM327312,fixed_log_expression,elastic_net,0,0.8729427456855774,0.6053650975227356,1
TCGA_to_GEO,GSE13067,GSM327313,fixed_log_expression,elastic_net,1,0.9999905824661256,0.6053650975227356,1
TCGA_to_GEO,GSE13067,GSM327314,fixed_log_expression,elastic_net,0,0.6598483920097351,0.6053650975227356,1
TCGA_to_GEO,GSE13067,GSM327315,fixed_log_expression,elastic_net,0,0.3588628768920898,0.6053650975227356,0
TCGA_to_GEO,GSE13067,GSM327316,fixed_log_expression,elastic_net,0,0.9465357661247252,0.6053650975227356,1
TCGA_to_GEO,GSE13067,GSM327317,fixed_log_expression,elastic_net,0,0.2889407575130462,0.6053650975227356,0
TCGA_to_GEO,GSE13067,GSM327318,fixed_log_expression,elastic_net,0,0.92987859249115,0.6053650975227356,1
TCGA_to_GEO,GSE13067,GSM327319,fixed_log_expression,elastic_net,0,0.1123576909303665,0.6053650975227356,0
TCGA_to_GEO,GSE13067,GSM327320,fixed_log_expression,elastic_net,0,0.3833214342594147,0.6053650975227356,0
TCGA_to_GEO,GSE13067,GSM327321,fixed_log_expression,elastic_net,0,0.0025535272434353,0.6053650975227356,0
TCGA_to_GEO,GSE13067,GSM327322,fixed_log_expression,elastic_net,0,0.954807698726654,0.6053650975227356,1
TCGA_to_GEO,GSE13067,GSM327323,fixed_log_expression,elastic_net,0,0.2647919058799743,0.6053650975227356,0
TCGA_to_GEO,GSE13067,GSM327324,fixed_log_expression,elastic_net,1,0.9999624490737916,0.6053650975227356,1
TCGA_to_GEO,GSE13067,GSM327325,fixed_log_expression,elastic_net,1,0.9999998807907104,0.6053650975227356,1
TCGA_to_GEO,GSE13067,GSM327326,fixed_log_expression,elastic_net,0,0.119928240776062,0.6053650975227356,0
TCGA_to_GEO,GSE13067,GSM327327,fixed_log_expression,elastic_net,0,0.9503365159034728,0.6053650975227356,1
TCGA_to_GEO,GSE13067,GSM327328,fixed_log_expression,elastic_net,0,0.8592041730880737,0.6053650975227356,1
TCGA_to_GEO,GSE13067,GSM327329,fixed_log_expression,elastic_net,0,0.6878646612167358,0.6053650975227356,1
TCGA_to_GEO,GSE13067,GSM327330,fixed_log_expression,elastic_net,0,0.5791267156600952,0.6053650975227356,0
TCGA_to_GEO,GSE13067,GSM327331,fixed_log_expression,elastic_net,1,0.997432291507721,0.6053650975227356,1
TCGA_to_GEO,GSE13067,GSM327332,fixed_log_expression,elastic_net,0,0.6854832172393799,0.6053650975227356,1
TCGA_to_GEO,GSE13067,GSM327333,fixed_log_expression,elastic_net,0,0.918232560157776,0.6053650975227356,1
TCGA_to_GEO,GSE13067,GSM327334,fixed_log_expression,elastic_net,0,0.8326577544212341,0.6053650975227356,1
TCGA_to_GEO,GSE13067,GSM327335,fixed_log_expression,elastic_net,0,0.925101637840271,0.6053650975227356,1
TCGA_to_GEO,GSE13067,GSM327336,fixed_log_expression,elastic_net,0,0.1245928928256034,0.6053650975227356,0
TCGA_to_GEO,GSE13067,GSM327337,fixed_log_expression,elastic_net,0,0.1187143549323082,0.6053650975227356,0
TCGA_to_GEO,GSE13067,GSM327338,fixed_log_expression,elastic_net,0,0.016055567190051,0.6053650975227356,0
TCGA_to_GEO,GSE13067,GSM327339,fixed_log_expression,elastic_net,0,0.7777546644210815,0.6053650975227356,1
TCGA_to_GEO,GSE13067,GSM327340,fixed_log_expression,elastic_net,0,0.5922750234603882,0.6053650975227356,0
TCGA_to_GEO,GSE13067,GSM327341,fixed_log_expression,elastic_net,0,0.0288101993501186,0.6053650975227356,0
TCGA_to_GEO,GSE13067,GSM327342,fixed_log_expression,elastic_net,0,0.1247788444161415,0.6053650975227356,0
TCGA_to_GEO,GSE13067,GSM327343,fixed_log_expression,elastic_net,0,0.9712745547294616,0.6053650975227356,1
TCGA_to_GEO,GSE13067,GSM327344,fixed_log_expression,elastic_net,0,0.0226029697805643,0.6053650975227356,0
TCGA_to_GEO,GSE13067,GSM327345,fixed_log_expression,elastic_net,0,0.9882445335388184,0.6053650975227356,1
TCGA_to_GEO,GSE13067,GSM327346,fixed_log_expression,elastic_net,0,0.8951271772384644,0.6053650975227356,1
TCGA_to_GEO,GSE13067,GSM327347,fixed_log_expression,elastic_net,0,0.5936787128448486,0.6053650975227356,0
TCGA_to_GEO,GSE13067,GSM327348,fixed_log_expression,elastic_net,0,0.7690343856811523,0.6053650975227356,1
TCGA_to_GEO,GSE13067,GSM327349,fixed_log_expression,elastic_net,0,0.1750307232141494,0.6053650975227356,0
TCGA_to_GEO,GSE13067,GSM327350,fixed_log_expression,elastic_net,0,0.1786798387765884,0.6053650975227356,0
TCGA_to_GEO,GSE13067,GSM327351,fixed_log_expression,elastic_net,0,0.7212094664573669,0.6053650975227356,1
TCGA_to_GEO,GSE13067,GSM327352,fixed_log_expression,elastic_net,1,0.9999998807907104,0.6053650975227356,1
TCGA_to_GEO,GSE13067,GSM327353,fixed_log_expression,elastic_net,1,0.9998983144760132,0.6053650975227356,1
TCGA_to_GEO,GSE13067,GSM327354,fixed_log_expression,elastic_net,0,0.9057212471961976,0.6053650975227356,1
TCGA_to_GEO,GSE13067,GSM327355,fixed_log_expression,elastic_net,0,0.7009860873222351,0.6053650975227356,1
TCGA_to_GEO,GSE18088,GSM452148,fixed_log_expression,elastic_net,1,0.99977844953537,0.6053650975227356,1
TCGA_to_GEO,GSE18088,GSM452149,fixed_log_expression,elastic_net,0,0.9896336793899536,0.6053650975227356,1
TCGA_to_GEO,GSE18088,GSM452150,fixed_log_expression,elastic_net,0,0.9971531629562378,0.6053650975227356,1
TCGA_to_GEO,GSE18088,GSM452151,fixed_log_expression,elastic_net,0,0.997512698173523,0.6053650975227356,1
TCGA_to_GEO,GSE18088,GSM452152,fixed_log_expression,elastic_net,0,0.9803906679153442,0.6053650975227356,1
TCGA_to_GEO,GSE18088,GSM452153,fixed_log_expression,elastic_net,1,0.9996672868728638,0.6053650975227356,1
TCGA_to_GEO,GSE18088,GSM452154,fixed_log_expression,elastic_net,0,0.9965347051620485,0.6053650975227356,1
TCGA_to_GEO,GSE18088,GSM452155,fixed_log_expression,elastic_net,0,0.9959228038787842,0.6053650975227356,1
TCGA_to_GEO,GSE18088,GSM452156,fixed_log_expression,elastic_net,0,0.9751328825950624,0.6053650975227356,1
TCGA_to_GEO,GSE18088,GSM452157,fixed_log_expression,elastic_net,1,0.9999995231628418,0.6053650975227356,1
TCGA_to_GEO,GSE18088,GSM452158,fixed_log_expression,elastic_net,0,0.9966362714767456,0.6053650975227356,1
TCGA_to_GEO,GSE18088,GSM452159,fixed_log_expression,elastic_net,1,0.9999881982803344,0.6053650975227356,1
TCGA_to_GEO,GSE18088,GSM452160,fixed_log_expression,elastic_net,0,0.9912240505218506,0.6053650975227356,1
TCGA_to_GEO,GSE18088,GSM452161,fixed_log_expression,elastic_net,0,0.9905937910079956,0.6053650975227356,1
TCGA_to_GEO,GSE18088,GSM452162,fixed_log_expression,elastic_net,0,0.9995105266571044,0.6053650975227356,1
TCGA_to_GEO,GSE18088,GSM452163,fixed_log_expression,elastic_net,1,0.9999984502792358,0.6053650975227356,1
TCGA_to_GEO,GSE18088,GSM452164,fixed_log_expression,elastic_net,0,0.9891231656074524,0.6053650975227356,1
TCGA_to_GEO,GSE18088,GSM452165,fixed_log_expression,elastic_net,0,0.9968301653862,0.6053650975227356,1
TCGA_to_GEO,GSE18088,GSM452166,fixed_log_expression,elastic_net,0,0.9880038499832152,0.6053650975227356,1
TCGA_to_GEO,GSE18088,GSM452167,fixed_log_expression,elastic_net,0,0.9970580339431764,0.6053650975227356,1
TCGA_to_GEO,GSE18088,GSM452168,fixed_log_expression,elastic_net,1,0.9999645948410034,0.6053650975227356,1
TCGA_to_GEO,GSE18088,GSM452169,fixed_log_expression,elastic_net,1,0.9999974966049194,0.6053650975227356,1
TCGA_to_GEO,GSE18088,GSM452170,fixed_log_expression,elastic_net,0,0.995769500732422,0.6053650975227356,1
TCGA_to_GEO,GSE18088,GSM452171,fixed_log_expression,elastic_net,0,0.9951246380805968,0.6053650975227356,1
TCGA_to_GEO,GSE18088,GSM452172,fixed_log_expression,elastic_net,0,0.9993749260902404,0.6053650975227356,1
TCGA_to_GEO,GSE18088,GSM452173,fixed_log_expression,elastic_net,1,0.9999860525131226,0.6053650975227356,1
TCGA_to_GEO,GSE18088,GSM452174,fixed_log_expression,elastic_net,1,0.9999957084655762,0.6053650975227356,1
TCGA_to_GEO,GSE18088,GSM452175,fixed_log_expression,elastic_net,1,0.99994158744812,0.6053650975227356,1
TCGA_to_GEO,GSE18088,GSM452176,fixed_log_expression,elastic_net,0,0.9963514804840088,0.6053650975227356,1
TCGA_to_GEO,GSE18088,GSM452177,fixed_log_expression,elastic_net,0,0.9980081915855408,0.6053650975227356,1
TCGA_to_GEO,GSE18088,GSM452178,fixed_log_expression,elastic_net,0,0.973805844783783,0.6053650975227356,1
TCGA_to_GEO,GSE18088,GSM452179,fixed_log_expression,elastic_net,1,0.9999988079071044,0.6053650975227356,1
TCGA_to_GEO,GSE18088,GSM452180,fixed_log_expression,elastic_net,1,0.9999885559082032,0.6053650975227356,1
TCGA_to_GEO,GSE18088,GSM452181,fixed_log_expression,elastic_net,0,0.9976232647895812,0.6053650975227356,1
TCGA_to_GEO,GSE18088,GSM452182,fixed_log_expression,elastic_net,1,0.9999037981033324,0.6053650975227356,1
TCGA_to_GEO,GSE18088,GSM452183,fixed_log_expression,elastic_net,1,0.9999939203262328,0.6053650975227356,1
TCGA_to_GEO,GSE18088,GSM452184,fixed_log_expression,elastic_net,1,0.9999449253082277,0.6053650975227356,1
TCGA_to_GEO,GSE18088,GSM452185,fixed_log_expression,elastic_net,0,0.9963974356651306,0.6053650975227356,1
TCGA_to_GEO,GSE18088,GSM452186,fixed_log_expression,elastic_net,0,0.9978943467140198,0.6053650975227356,1
TCGA_to_GEO,GSE18088,GSM452187,fixed_log_expression,elastic_net,0,0.980998694896698,0.6053650975227356,1
TCGA_to_GEO,GSE18088,GSM452188,fixed_log_expression,elastic_net,1,0.9999490976333618,0.6053650975227356,1
TCGA_to_GEO,GSE18088,GSM452189,fixed_log_expression,elastic_net,1,0.9999957084655762,0.6053650975227356,1
TCGA_to_GEO,GSE18088,GSM452190,fixed_log_expression,elastic_net,0,0.9995934367179872,0.6053650975227356,1
TCGA_to_GEO,GSE18088,GSM452191,fixed_log_expression,elastic_net,0,0.9887529611587524,0.6053650975227356,1
TCGA_to_GEO,GSE18088,GSM452192,fixed_log_expression,elastic_net,0,0.9927011728286744,0.6053650975227356,1
TCGA_to_GEO,GSE18088,GSM452193,fixed_log_expression,elastic_net,0,0.9944218993186952,0.6053650975227356,1
TCGA_to_GEO,GSE18088,GSM452194,fixed_log_expression,elastic_net,0,0.991584539413452,0.6053650975227356,1
TCGA_to_GEO,GSE18088,GSM452195,fixed_log_expression,elastic_net,0,0.995194971561432,0.6053650975227356,1
TCGA_to_GEO,GSE18088,GSM452196,fixed_log_expression,elastic_net,0,0.9964516162872314,0.6053650975227356,1
TCGA_to_GEO,GSE18088,GSM452197,fixed_log_expression,elastic_net,1,0.999880075454712,0.6053650975227356,1
TCGA_to_GEO,GSE18088,GSM452198,fixed_log_expression,elastic_net,0,0.9985045194625854,0.6053650975227356,1
TCGA_to_GEO,GSE18088,GSM452199,fixed_log_expression,elastic_net,0,0.9955525994300842,0.6053650975227356,1
TCGA_to_GEO,GSE18088,GSM452200,fixed_log_expression,elastic_net,1,0.9756072759628296,0.6053650975227356,1
TCGA_to_GEO,GSE26682,GSM656542,fixed_log_expression,elastic_net,0,0.9992135763168336,0.6053650975227356,1
TCGA_to_GEO,GSE26682,GSM656543,fixed_log_expression,elastic_net,0,0.999695897102356,0.6053650975227356,1
TCGA_to_GEO,GSE26682,GSM656545,fixed_log_expression,elastic_net,1,1.0,0.6053650975227356,1
TCGA_to_GEO,GSE26682,GSM656546,fixed_log_expression,elastic_net,0,0.999467432498932,0.6053650975227356,1
TCGA_to_GEO,GSE26682,GSM656548,fixed_log_expression,elastic_net,0,0.9991650581359864,0.6053650975227356,1
TCGA_to_GEO,GSE26682,GSM656550,fixed_log_expression,elastic_net,0,0.999924659729004,0.6053650975227356,1
TCGA_to_GEO,GSE26682,GSM656552,fixed_log_expression,elastic_net,0,0.9993946552276612,0.6053650975227356,1
TCGA_to_GEO,GSE26682,GSM656553,fixed_log_expression,elastic_net,0,0.9999169111251832,0.6053650975227356,1
TCGA_to_GEO,GSE26682,GSM656555,fixed_log_expression,elastic_net,0,0.9999009370803832,0.6053650975227356,1
TCGA_to_GEO,GSE26682,GSM656556,fixed_log_expression,elastic_net,0,0.9999468326568604,0.6053650975227356,1
TCGA_to_GEO,GSE26682,GSM656557,fixed_log_expression,elastic_net,0,0.999992609024048,0.6053650975227356,1
TCGA_to_GEO,GSE26682,GSM656558,fixed_log_expression,elastic_net,0,0.9999074935913086,0.6053650975227356,1
TCGA_to_GEO,GSE26682,GSM656559,fixed_log_expression,elastic_net,1,1.0,0.6053650975227356,1
TCGA_to_GEO,GSE26682,GSM656560,fixed_log_expression,elastic_net,0,0.9995991587638856,0.6053650975227356,1
TCGA_to_GEO,GSE26682,GSM656561,fixed_log_expression,elastic_net,0,0.9995813965797424,0.6053650975227356,1
TCGA_to_GEO,GSE26682,GSM656567,fixed_log_expression,elastic_net,0,0.9994454979896544,0.6053650975227356,1
TCGA_to_GEO,GSE26682,GSM656568,fixed_log_expression,elastic_net,0,0.9957191348075868,0.6053650975227356,1
TCGA_to_GEO,GSE26682,GSM656569,fixed_log_expression,elastic_net,0,0.9938207268714904,0.6053650975227356,1
TCGA_to_GEO,GSE26682,GSM656570,fixed_log_expression,elastic_net,0,0.9999836683273317,0.6053650975227356,1
TCGA_to_GEO,GSE26682,GSM656574,fixed_log_expression,elastic_net,0,0.9949725866317748,0.6053650975227356,1
TCGA_to_GEO,GSE26682,GSM656580,fixed_log_expression,elastic_net,0,0.9975232481956482,0.6053650975227356,1
TCGA_to_GEO,GSE26682,GSM656582,fixed_log_expression,elastic_net,0,0.9987230896949768,0.6053650975227356,1
TCGA_to_GEO,GSE26682,GSM656583,fixed_log_expression,elastic_net,1,0.9999984502792358,0.6053650975227356,1
TCGA_to_GEO,GSE26682,GSM656584,fixed_log_expression,elastic_net,0,0.9999316930770874,0.6053650975227356,1
TCGA_to_GEO,GSE26682,GSM656585,fixed_log_expression,elastic_net,0,0.9999704360961914,0.6053650975227356,1
TCGA_to_GEO,GSE26682,GSM656586,fixed_log_expression,elastic_net,0,0.9999873638153076,0.6053650975227356,1
TCGA_to_GEO,GSE26682,GSM656587,fixed_log_expression,elastic_net,0,0.9999994039535522,0.6053650975227356,1
TCGA_to_GEO,GSE26682,GSM656590,fixed_log_expression,elastic_net,1,0.9999992847442628,0.6053650975227356,1
TCGA_to_GEO,GSE26682,GSM656592,fixed_log_expression,elastic_net,0,0.9971517324447632,0.6053650975227356,1
TCGA_to_GEO,GSE26682,GSM656596,fixed_log_expression,elastic_net,0,0.9990864992141724,0.6053650975227356,1
TCGA_to_GEO,GSE26682,GSM656598,fixed_log_expression,elastic_net,0,0.9997451901435852,0.6053650975227356,1
TCGA_to_GEO,GSE26682,GSM656601,fixed_log_expression,elastic_net,0,0.9992210865020752,0.6053650975227356,1
TCGA_to_GEO,GSE26682,GSM656603,fixed_log_expression,elastic_net,1,1.0,0.6053650975227356,1
TCGA_to_GEO,GSE26682,GSM656612,fixed_log_expression,elastic_net,1,0.9999998807907104,0.6053650975227356,1
TCGA_to_GEO,GSE26682,GSM656613,fixed_log_expression,elastic_net,0,0.9996678829193116,0.6053650975227356,1
TCGA_to_GEO,GSE26682,GSM656617,fixed_log_expression,elastic_net,0,0.9999827146530152,0.6053650975227356,1
TCGA_to_GEO,GSE26682,GSM656618,fixed_log_expression,elastic_net,0,0.9908182621002196,0.6053650975227356,1
TCGA_to_GEO,GSE26682,GSM656625,fixed_log_expression,elastic_net,0,0.9999537467956544,0.6053650975227356,1
TCGA_to_GEO,GSE26682,GSM656634,fixed_log_expression,elastic_net,0,0.9999765157699584,0.6053650975227356,1
TCGA_to_GEO,GSE26682,GSM656635,fixed_log_expression,elastic_net,0,0.9992689490318298,0.6053650975227356,1
TCGA_to_GEO,GSE26682,GSM656636,fixed_log_expression,elastic_net,0,0.9963036775588988,0.6053650975227356,1
TCGA_to_GEO,GSE26682,GSM656639,fixed_log_expression,elastic_net,0,0.9996907711029052,0.6053650975227356,1
TCGA_to_GEO,GSE26682,GSM656640,fixed_log_expression,elastic_net,0,0.999942183494568,0.6053650975227356,1
TCGA_to_GEO,GSE26682,GSM656642,fixed_log_expression,elastic_net,0,0.9998475313186646,0.6053650975227356,1
TCGA_to_GEO,GSE26682,GSM656644,fixed_log_expression,elastic_net,0,0.9996246099472046,0.6053650975227356,1
TCGA_to_GEO,GSE26682,GSM656657,fixed_log_expression,elastic_net,0,0.9999735355377196,0.6053650975227356,1
TCGA_to_GEO,GSE26682,GSM656662,fixed_log_expression,elastic_net,0,0.9998360872268676,0.6053650975227356,1
TCGA_to_GEO,GSE26682,GSM656663,fixed_log_expression,elastic_net,0,0.9997900128364564,0.6053650975227356,1
TCGA_to_GEO,GSE26682,GSM656669,fixed_log_expression,elastic_net,1,1.0,0.6053650975227356,1
TCGA_to_GEO,GSE26682,GSM656672,fixed_log_expression,elastic_net,0,0.999492049217224,0.6053650975227356,1
TCGA_to_GEO,GSE26682,GSM656675,fixed_log_expression,elastic_net,0,0.9997360110282898,0.6053650975227356,1
TCGA_to_GEO,GSE26682,GSM656676,fixed_log_expression,elastic_net,0,0.9994524121284484,0.6053650975227356,1
TCGA_to_GEO,GSE26682,GSM656678,fixed_log_expression,elastic_net,0,0.9998043179512024,0.6053650975227356,1
TCGA_to_GEO,GSE26682,GSM656679,fixed_log_expression,elastic_net,1,1.0,0.6053650975227356,1
TCGA_to_GEO,GSE26682,GSM656683,fixed_log_expression,elastic_net,0,0.999542236328125,0.6053650975227356,1
TCGA_to_GEO,GSE26682,GSM656687,fixed_log_expression,elastic_net,0,0.999996542930603,0.6053650975227356,1
TCGA_to_GEO,GSE26682,GSM656691,fixed_log_expression,elastic_net,0,0.999969244003296,0.6053650975227356,1
TCGA_to_GEO,GSE26682,GSM656692,fixed_log_expression,elastic_net,0,0.9999713897705078,0.6053650975227356,1
TCGA_to_GEO,GSE26682,GSM656693,fixed_log_expression,elastic_net,0,0.9994076490402222,0.6053650975227356,1
TCGA_to_GEO,GSE26682,GSM656695,fixed_log_expression,elastic_net,0,0.9988114833831788,0.6053650975227356,1
TCGA_to_GEO,GSE26682,GSM656698,fixed_log_expression,elastic_net,0,0.9998905658721924,0.6053650975227356,1
TCGA_to_GEO,GSE26682,GSM656699,fixed_log_expression,elastic_net,0,0.999827206134796,0.6053650975227356,1
TCGA_to_GEO,GSE26682,GSM656700,fixed_log_expression,elastic_net,0,0.9998718500137328,0.6053650975227356,1
TCGA_to_GEO,GSE26682,GSM656701,fixed_log_expression,elastic_net,0,0.9998856782913208,0.6053650975227356,1
TCGA_to_GEO,GSE26682,GSM656702,fixed_log_expression,elastic_net,0,0.999883770942688,0.6053650975227356,1
TCGA_to_GEO,GSE26682,GSM656703,fixed_log_expression,elastic_net,0,0.9989861845970154,0.6053650975227356,1
TCGA_to_GEO,GSE26682,GSM656704,fixed_log_expression,elastic_net,0,0.999345600605011,0.6053650975227356,1
TCGA_to_GEO,GSE26682,GSM656705,fixed_log_expression,elastic_net,0,0.9999991655349731,0.6053650975227356,1
TCGA_to_GEO,GSE26682,GSM656707,fixed_log_expression,elastic_net,0,0.9999778270721436,0.6053650975227356,1
TCGA_to_GEO,GSE26682,GSM656710,fixed_log_expression,elastic_net,0,0.9998852014541626,0.6053650975227356,1
TCGA_to_GEO,GSE26682,GSM656711,fixed_log_expression,elastic_net,0,0.9999901056289672,0.6053650975227356,1
TCGA_to_GEO,GSE26682,GSM656714,fixed_log_expression,elastic_net,0,0.997768759727478,0.6053650975227356,1
TCGA_to_GEO,GSE26682,GSM656715,fixed_log_expression,elastic_net,0,0.999980330467224,0.6053650975227356,1
TCGA_to_GEO,GSE26682,GSM656720,fixed_log_expression,elastic_net,0,0.9975855350494384,0.6053650975227356,1
TCGA_to_GEO,GSE26682,GSM656721,fixed_log_expression,elastic_net,0,0.9995388984680176,0.6053650975227356,1
TCGA_to_GEO,GSE26682,GSM656726,fixed_log_expression,elastic_net,0,0.9999916553497314,0.6053650975227356,1
TCGA_to_GEO,GSE26682,GSM656732,fixed_log_expression,elastic_net,0,0.998691976070404,0.6053650975227356,1
TCGA_to_GEO,GSE26682,GSM656735,fixed_log_expression,elastic_net,0,0.9979649782180786,0.6053650975227356,1
TCGA_to_GEO,GSE26682,GSM656736,fixed_log_expression,elastic_net,1,0.9999997615814208,0.6053650975227356,1
TCGA_to_GEO,GSE26682,GSM656737,fixed_log_expression,elastic_net,0,0.9999376535415648,0.6053650975227356,1
TCGA_to_GEO,GSE26682,GSM656739,fixed_log_expression,elastic_net,0,0.9997459053993224,0.6053650975227356,1
TCGA_to_GEO,GSE26682,GSM656742,fixed_log_expression,elastic_net,0,0.9979665279388428,0.6053650975227356,1
TCGA_to_GEO,GSE26682,GSM656749,fixed_log_expression,elastic_net,0,0.999117076396942,0.6053650975227356,1
TCGA_to_GEO,GSE26682,GSM656768,fixed_log_expression,elastic_net,0,0.9970867037773132,0.6053650975227356,1
TCGA_to_GEO,GSE26682,GSM656769,fixed_log_expression,elastic_net,0,0.9912222623825072,0.6053650975227356,1
TCGA_to_GEO,GSE26682,GSM656770,fixed_log_expression,elastic_net,0,0.9998601675033568,0.6053650975227356,1
TCGA_to_GEO,GSE26682,GSM656772,fixed_log_expression,elastic_net,0,0.9996153116226196,0.6053650975227356,1
TCGA_to_GEO,GSE26682,GSM656775,fixed_log_expression,elastic_net,0,0.9991084933280944,0.6053650975227356,1
TCGA_to_GEO,GSE26682,GSM656776,fixed_log_expression,elastic_net,0,0.9994012117385864,0.6053650975227356,1
TCGA_to_GEO,GSE26682,GSM656777,fixed_log_expression,elastic_net,0,0.9999269247055054,0.6053650975227356,1
TCGA_to_GEO,GSE26682,GSM656783,fixed_log_expression,elastic_net,0,0.9998401403427124,0.6053650975227356,1
TCGA_to_GEO,GSE26682,GSM656785,fixed_log_expression,elastic_net,0,0.9999306201934814,0.6053650975227356,1
TCGA_to_GEO,GSE26682,GSM656787,fixed_log_expression,elastic_net,0,0.999974489212036,0.6053650975227356,1
TCGA_to_GEO,GSE26682,GSM656794,fixed_log_expression,elastic_net,0,0.9994074106216432,0.6053650975227356,1
TCGA_to_GEO,GSE26682,GSM656800,fixed_log_expression,elastic_net,0,0.9997676014900208,0.6053650975227356,1
TCGA_to_GEO,GSE26682,GSM656803,fixed_log_expression,elastic_net,0,0.99969482421875,0.6053650975227356,1
TCGA_to_GEO,GSE26682,GSM656804,fixed_log_expression,elastic_net,0,0.9994369149208068,0.6053650975227356,1
TCGA_to_GEO,GSE26682,GSM656806,fixed_log_expression,elastic_net,0,0.999816358089447,0.6053650975227356,1
TCGA_to_GEO,GSE26682,GSM656809,fixed_log_expression,elastic_net,0,0.9982520937919616,0.6053650975227356,1
TCGA_to_GEO,GSE26682,GSM656811,fixed_log_expression,elastic_net,0,0.9998745918273926,0.6053650975227356,1
TCGA_to_GEO,GSE26682,GSM656816,fixed_log_expression,elastic_net,0,0.9999974966049194,0.6053650975227356,1
TCGA_to_GEO,GSE26682,GSM656819,fixed_log_expression,elastic_net,0,0.9991970658302308,0.6053650975227356,1
TCGA_to_GEO,GSE26682,GSM656820,fixed_log_expression,elastic_net,1,1.0,0.6053650975227356,1
TCGA_to_GEO,GSE26682,GSM656822,fixed_log_expression,elastic_net,0,0.9999997615814208,0.6053650975227356,1
TCGA_to_GEO,GSE26682,GSM656824,fixed_log_expression,elastic_net,0,0.9999566078186036,0.6053650975227356,1
TCGA_to_GEO,GSE26682,GSM656825,fixed_log_expression,elastic_net,0,0.9998904466629028,0.6053650975227356,1
TCGA_to_GEO,GSE26682,GSM656830,fixed_log_expression,elastic_net,0,0.9985669255256652,0.6053650975227356,1
TCGA_to_GEO,GSE26682,GSM656831,fixed_log_expression,elastic_net,0,0.9997188448905944,0.6053650975227356,1
TCGA_to_GEO,GSE26682,GSM656832,fixed_log_expression,elastic_net,0,0.9926459789276124,0.6053650975227356,1
TCGA_to_GEO,GSE26682,GSM656833,fixed_log_expression,elastic_net,0,0.9997829794883728,0.6053650975227356,1
TCGA_to_GEO,GSE26682,GSM656834,fixed_log_expression,elastic_net,0,0.9997567534446716,0.6053650975227356,1
TCGA_to_GEO,GSE26682,GSM656836,fixed_log_expression,elastic_net,0,0.9998082518577576,0.6053650975227356,1
TCGA_to_GEO,GSE26682,GSM656837,fixed_log_expression,elastic_net,1,1.0,0.6053650975227356,1
TCGA_to_GEO,GSE26682,GSM656840,fixed_log_expression,elastic_net,0,0.9991803765296936,0.6053650975227356,1
TCGA_to_GEO,GSE26682,GSM656841,fixed_log_expression,elastic_net,0,0.9999984502792358,0.6053650975227356,1
TCGA_to_GEO,GSE26682,GSM656842,fixed_log_expression,elastic_net,1,1.0,0.6053650975227356,1
TCGA_to_GEO,GSE26682,GSM656843,fixed_log_expression,elastic_net,0,0.9991088509559632,0.6053650975227356,1
TCGA_to_GEO,GSE26682,GSM656845,fixed_log_expression,elastic_net,0,0.9999779462814332,0.6053650975227356,1
TCGA_to_GEO,GSE26682,GSM656846,fixed_log_expression,elastic_net,0,0.9999887943267822,0.6053650975227356,1
TCGA_to_GEO,GSE26682,GSM656847,fixed_log_expression,elastic_net,0,0.9999388456344604,0.6053650975227356,1
TCGA_to_GEO,GSE26682,GSM656849,fixed_log_expression,elastic_net,1,1.0,0.6053650975227356,1
TCGA_to_GEO,GSE26682,GSM656850,fixed_log_expression,elastic_net,1,0.9998751878738404,0.6053650975227356,1
TCGA_to_GEO,GSE26682,GSM656851,fixed_log_expression,elastic_net,1,0.9999991655349731,0.6053650975227356,1
TCGA_to_GEO,GSE26682,GSM656853,fixed_log_expression,elastic_net,0,0.9998546838760376,0.6053650975227356,1
TCGA_to_GEO,GSE26682,GSM656854,fixed_log_expression,elastic_net,1,1.0,0.6053650975227356,1
TCGA_to_GEO,GSE26682,GSM656857,fixed_log_expression,elastic_net,0,0.9999058246612548,0.6053650975227356,1
TCGA_to_GEO,GSE26682,GSM656858,fixed_log_expression,elastic_net,0,0.999772608280182,0.6053650975227356,1
TCGA_to_GEO,GSE26682,GSM656859,fixed_log_expression,elastic_net,0,0.999996304512024,0.6053650975227356,1
TCGA_to_GEO,GSE26682,GSM656860,fixed_log_expression,elastic_net,0,0.9999997615814208,0.6053650975227356,1
TCGA_to_GEO,GSE26682,GSM656861,fixed_log_expression,elastic_net,0,0.9989396929740906,0.6053650975227356,1
TCGA_to_GEO,GSE26682,GSM656863,fixed_log_expression,elastic_net,0,0.9968259334564208,0.6053650975227356,1
TCGA_to_GEO,GSE26682,GSM656864,fixed_log_expression,elastic_net,1,1.0,0.6053650975227356,1
TCGA_to_GEO,GSE26682,GSM656865,fixed_log_expression,elastic_net,1,0.9999223947525024,0.6053650975227356,1
TCGA_to_GEO,GSE26682,GSM656867,fixed_log_expression,elastic_net,0,0.9998838901519777,0.6053650975227356,1
TCGA_to_GEO,GSE26682,GSM656868,fixed_log_expression,elastic_net,0,0.9999620914459229,0.6053650975227356,1
TCGA_to_GEO,GSE26682,GSM656869,fixed_log_expression,elastic_net,0,0.999125063419342,0.6053650975227356,1
TCGA_to_GEO,GSE26682,GSM656870,fixed_log_expression,elastic_net,0,0.999086856842041,0.6053650975227356,1
TCGA_to_GEO,GSE39084,GSM955440,fixed_log_expression,elastic_net,0,0.970557689666748,0.6053650975227356,1
TCGA_to_GEO,GSE39084,GSM955441,fixed_log_expression,elastic_net,0,0.6965758204460144,0.6053650975227356,1
TCGA_to_GEO,GSE39084,GSM955442,fixed_log_expression,elastic_net,0,0.9922480583190918,0.6053650975227356,1
TCGA_to_GEO,GSE39084,GSM955443,fixed_log_expression,elastic_net,0,0.5915092825889587,0.6053650975227356,0
TCGA_to_GEO,GSE39084,GSM955444,fixed_log_expression,elastic_net,0,0.986315906047821,0.6053650975227356,1
TCGA_to_GEO,GSE39084,GSM955445,fixed_log_expression,elastic_net,0,0.530769944190979,0.6053650975227356,0
TCGA_to_GEO,GSE39084,GSM955446,fixed_log_expression,elastic_net,0,0.9417498111724854,0.6053650975227356,1
TCGA_to_GEO,GSE39084,GSM955447,fixed_log_expression,elastic_net,1,0.9993165731430054,0.6053650975227356,1
TCGA_to_GEO,GSE39084,GSM955448,fixed_log_expression,elastic_net,1,0.999941110610962,0.6053650975227356,1
TCGA_to_GEO,GSE39084,GSM955449,fixed_log_expression,elastic_net,0,0.7184727191925049,0.6053650975227356,1
TCGA_to_GEO,GSE39084,GSM955450,fixed_log_expression,elastic_net,0,0.662148654460907,0.6053650975227356,1
TCGA_to_GEO,GSE39084,GSM955451,fixed_log_expression,elastic_net,0,0.5854800343513489,0.6053650975227356,0
TCGA_to_GEO,GSE39084,GSM955452,fixed_log_expression,elastic_net,0,0.8694883584976196,0.6053650975227356,1
TCGA_to_GEO,GSE39084,GSM955453,fixed_log_expression,elastic_net,0,0.4988260567188263,0.6053650975227356,0
TCGA_to_GEO,GSE39084,GSM955455,fixed_log_expression,elastic_net,0,0.9987454414367676,0.6053650975227356,1
TCGA_to_GEO,GSE39084,GSM955456,fixed_log_expression,elastic_net,0,0.614517092704773,0.6053650975227356,1
TCGA_to_GEO,GSE39084,GSM955457,fixed_log_expression,elastic_net,0,0.9913256764411926,0.6053650975227356,1
TCGA_to_GEO,GSE39084,GSM955458,fixed_log_expression,elastic_net,1,0.999756395816803,0.6053650975227356,1
TCGA_to_GEO,GSE39084,GSM955459,fixed_log_expression,elastic_net,1,0.9999390840530396,0.6053650975227356,1
TCGA_to_GEO,GSE39084,GSM955460,fixed_log_expression,elastic_net,1,0.9994934797286988,0.6053650975227356,1
TCGA_to_GEO,GSE39084,GSM955461,fixed_log_expression,elastic_net,1,0.9843234419822692,0.6053650975227356,1
TCGA_to_GEO,GSE39084,GSM955462,fixed_log_expression,elastic_net,0,0.9877086877822876,0.6053650975227356,1
TCGA_to_GEO,GSE39084,GSM955463,fixed_log_expression,elastic_net,0,0.9907894730567932,0.6053650975227356,1
TCGA_to_GEO,GSE39084,GSM955464,fixed_log_expression,elastic_net,0,0.8967936635017395,0.6053650975227356,1
TCGA_to_GEO,GSE39084,GSM955466,fixed_log_expression,elastic_net,1,0.9995465874671936,0.6053650975227356,1
TCGA_to_GEO,GSE39084,GSM955467,fixed_log_expression,elastic_net,1,0.9990032315254213,0.6053650975227356,1
TCGA_to_GEO,GSE39084,GSM955468,fixed_log_expression,elastic_net,1,0.999996304512024,0.6053650975227356,1
TCGA_to_GEO,GSE39084,GSM955469,fixed_log_expression,elastic_net,1,0.9999185800552368,0.6053650975227356,1
TCGA_to_GEO,GSE39084,GSM955470,fixed_log_expression,elastic_net,1,0.9999959468841552,0.6053650975227356,1
TCGA_to_GEO,GSE39084,GSM955471,fixed_log_expression,elastic_net,1,0.999991774559021,0.6053650975227356,1
TCGA_to_GEO,GSE39084,GSM955472,fixed_log_expression,elastic_net,1,0.9999200105667114,0.6053650975227356,1
TCGA_to_GEO,GSE39084,GSM955473,fixed_log_expression,elastic_net,1,0.9999775886535645,0.6053650975227356,1
TCGA_to_GEO,GSE39084,GSM955474,fixed_log_expression,elastic_net,0,0.952533721923828,0.6053650975227356,1
TCGA_to_GEO,GSE39084,GSM955475,fixed_log_expression,elastic_net,0,0.9914172291755676,0.6053650975227356,1
TCGA_to_GEO,GSE39084,GSM955476,fixed_log_expression,elastic_net,0,0.9739786982536316,0.6053650975227356,1
TCGA_to_GEO,GSE39084,GSM955477,fixed_log_expression,elastic_net,0,0.999860405921936,0.6053650975227356,1
TCGA_to_GEO,GSE39084,GSM955478,fixed_log_expression,elastic_net,0,0.9780187606811525,0.6053650975227356,1
TCGA_to_GEO,GSE39084,GSM955479,fixed_log_expression,elastic_net,0,0.9610763788223268,0.6053650975227356,1
TCGA_to_GEO,GSE39084,GSM955480,fixed_log_expression,elastic_net,0,0.9318233132362366,0.6053650975227356,1
TCGA_to_GEO,GSE39084,GSM955482,fixed_log_expression,elastic_net,0,0.8770233392715454,0.6053650975227356,1
TCGA_to_GEO,GSE39084,GSM955483,fixed_log_expression,elastic_net,0,0.96358060836792,0.6053650975227356,1
TCGA_to_GEO,GSE39084,GSM955484,fixed_log_expression,elastic_net,0,0.8375411629676819,0.6053650975227356,1
TCGA_to_GEO,GSE39084,GSM955485,fixed_log_expression,elastic_net,0,0.9782333374023438,0.6053650975227356,1
TCGA_to_GEO,GSE39084,GSM955486,fixed_log_expression,elastic_net,0,0.9609235525131226,0.6053650975227356,1
TCGA_to_GEO,GSE39084,GSM955487,fixed_log_expression,elastic_net,0,0.9942148327827454,0.6053650975227356,1
TCGA_to_GEO,GSE39084,GSM955488,fixed_log_expression,elastic_net,0,0.997736930847168,0.6053650975227356,1
TCGA_to_GEO,GSE39084,GSM955489,fixed_log_expression,elastic_net,0,0.955964207649231,0.6053650975227356,1
TCGA_to_GEO,GSE39084,GSM955490,fixed_log_expression,elastic_net,0,0.653485119342804,0.6053650975227356,1
TCGA_to_GEO,GSE39084,GSM955491,fixed_log_expression,elastic_net,0,0.9427571892738342,0.6053650975227356,1
TCGA_to_GEO,GSE39084,GSM955492,fixed_log_expression,elastic_net,0,0.6645181775093079,0.6053650975227356,1
TCGA_to_GEO,GSE39084,GSM955493,fixed_log_expression,elastic_net,0,0.6911632418632507,0.6053650975227356,1
TCGA_to_GEO,GSE39084,GSM955494,fixed_log_expression,elastic_net,0,0.9863152503967284,0.6053650975227356,1
TCGA_to_GEO,GSE39084,GSM955495,fixed_log_expression,elastic_net,0,0.9738544821739196,0.6053650975227356,1
TCGA_to_GEO,GSE39084,GSM955496,fixed_log_expression,elastic_net,0,0.7675126791000366,0.6053650975227356,1
TCGA_to_GEO,GSE39084,GSM955497,fixed_log_expression,elastic_net,0,0.700392484664917,0.6053650975227356,1
TCGA_to_GEO,GSE39084,GSM955498,fixed_log_expression,elastic_net,0,0.780866265296936,0.6053650975227356,1
TCGA_to_GEO,GSE39084,GSM955499,fixed_log_expression,elastic_net,0,0.9950752854347228,0.6053650975227356,1
TCGA_to_GEO,GSE39084,GSM955500,fixed_log_expression,elastic_net,0,0.9990146160125732,0.6053650975227356,1
TCGA_to_GEO,GSE39084,GSM955501,fixed_log_expression,elastic_net,0,0.9781736731529236,0.6053650975227356,1
TCGA_to_GEO,GSE39084,GSM955502,fixed_log_expression,elastic_net,0,0.9938390851020812,0.6053650975227356,1
TCGA_to_GEO,GSE39084,GSM955503,fixed_log_expression,elastic_net,0,0.9406495094299316,0.6053650975227356,1
TCGA_to_GEO,GSE39084,GSM955504,fixed_log_expression,elastic_net,0,0.9987568855285645,0.6053650975227356,1
TCGA_to_GEO,GSE39084,GSM955505,fixed_log_expression,elastic_net,0,0.9044869542121888,0.6053650975227356,1
TCGA_to_GEO,GSE39084,GSM955506,fixed_log_expression,elastic_net,0,0.6256799101829529,0.6053650975227356,1
TCGA_to_GEO,GSE39084,GSM955507,fixed_log_expression,elastic_net,0,0.6476770043373108,0.6053650975227356,1
TCGA_to_GEO,GSE39084,GSM955508,fixed_log_expression,elastic_net,1,0.9999979734420776,0.6053650975227356,1
TCGA_to_GEO,GSE39084,GSM955509,fixed_log_expression,elastic_net,1,0.9985153079032898,0.6053650975227356,1
TCGA_to_GEO,GSE13294,GSM335510,fixed_log_expression,svm_rbf,0,0.2700465405596561,0.5918716699706539,0
TCGA_to_GEO,GSE13294,GSM335511,fixed_log_expression,svm_rbf,1,0.6955634188754755,0.5918716699706539,1
TCGA_to_GEO,GSE13294,GSM335512,fixed_log_expression,svm_rbf,0,0.511428867466322,0.5918716699706539,0
TCGA_to_GEO,GSE13294,GSM335513,fixed_log_expression,svm_rbf,0,0.1042913285379919,0.5918716699706539,0
TCGA_to_GEO,GSE13294,GSM335514,fixed_log_expression,svm_rbf,0,0.200290906971777,0.5918716699706539,0
TCGA_to_GEO,GSE13294,GSM335515,fixed_log_expression,svm_rbf,0,0.3136440807604882,0.5918716699706539,0
TCGA_to_GEO,GSE13294,GSM335516,fixed_log_expression,svm_rbf,0,0.1627896103597558,0.5918716699706539,0
TCGA_to_GEO,GSE13294,GSM335517,fixed_log_expression,svm_rbf,0,0.1811752545233315,0.5918716699706539,0
TCGA_to_GEO,GSE13294,GSM335518,fixed_log_expression,svm_rbf,1,0.7220960800916472,0.5918716699706539,1
TCGA_to_GEO,GSE13294,GSM335519,fixed_log_expression,svm_rbf,1,0.5691877224923183,0.5918716699706539,0
TCGA_to_GEO,GSE13294,GSM335520,fixed_log_expression,svm_rbf,0,0.5798765102615757,0.5918716699706539,0
TCGA_to_GEO,GSE13294,GSM335521,fixed_log_expression,svm_rbf,0,0.3311085348677395,0.5918716699706539,0
TCGA_to_GEO,GSE13294,GSM335522,fixed_log_expression,svm_rbf,0,0.3752413227097936,0.5918716699706539,0
TCGA_to_GEO,GSE13294,GSM335523,fixed_log_expression,svm_rbf,0,0.4114285526166275,0.5918716699706539,0
TCGA_to_GEO,GSE13294,GSM335524,fixed_log_expression,svm_rbf,0,0.3513344144475455,0.5918716699706539,0
TCGA_to_GEO,GSE13294,GSM335525,fixed_log_expression,svm_rbf,1,0.7457227753567254,0.5918716699706539,1
TCGA_to_GEO,GSE13294,GSM335526,fixed_log_expression,svm_rbf,0,0.1406042347203714,0.5918716699706539,0
TCGA_to_GEO,GSE13294,GSM335527,fixed_log_expression,svm_rbf,1,0.7523858490658791,0.5918716699706539,1
TCGA_to_GEO,GSE13294,GSM335528,fixed_log_expression,svm_rbf,0,0.2903155703420984,0.5918716699706539,0
TCGA_to_GEO,GSE13294,GSM335529,fixed_log_expression,svm_rbf,1,0.5310071054852391,0.5918716699706539,0
TCGA_to_GEO,GSE13294,GSM335530,fixed_log_expression,svm_rbf,1,0.8463724003294499,0.5918716699706539,1
TCGA_to_GEO,GSE13294,GSM335531,fixed_log_expression,svm_rbf,0,0.1816639355582751,0.5918716699706539,0
TCGA_to_GEO,GSE13294,GSM335532,fixed_log_expression,svm_rbf,1,0.8039600581299221,0.5918716699706539,1
TCGA_to_GEO,GSE13294,GSM335533,fixed_log_expression,svm_rbf,0,0.2639662005838253,0.5918716699706539,0
TCGA_to_GEO,GSE13294,GSM335534,fixed_log_expression,svm_rbf,0,0.2428776371166553,0.5918716699706539,0
TCGA_to_GEO,GSE13294,GSM335535,fixed_log_expression,svm_rbf,0,0.3370844062191961,0.5918716699706539,0
TCGA_to_GEO,GSE13294,GSM335536,fixed_log_expression,svm_rbf,0,0.2548734410287003,0.5918716699706539,0
TCGA_to_GEO,GSE13294,GSM335537,fixed_log_expression,svm_rbf,0,0.1773255439552347,0.5918716699706539,0
TCGA_to_GEO,GSE13294,GSM335538,fixed_log_expression,svm_rbf,0,0.1724138599912502,0.5918716699706539,0
TCGA_to_GEO,GSE13294,GSM335539,fixed_log_expression,svm_rbf,0,0.1450077904289813,0.5918716699706539,0
TCGA_to_GEO,GSE13294,GSM335540,fixed_log_expression,svm_rbf,0,0.2393484843160072,0.5918716699706539,0
TCGA_to_GEO,GSE13294,GSM335541,fixed_log_expression,svm_rbf,1,0.7238926741081513,0.5918716699706539,1
TCGA_to_GEO,GSE13294,GSM335542,fixed_log_expression,svm_rbf,1,0.744296496021643,0.5918716699706539,1
TCGA_to_GEO,GSE13294,GSM335543,fixed_log_expression,svm_rbf,1,0.7048854231902968,0.5918716699706539,1
TCGA_to_GEO,GSE13294,GSM335544,fixed_log_expression,svm_rbf,1,0.8685019829147215,0.5918716699706539,1
TCGA_to_GEO,GSE13294,GSM335545,fixed_log_expression,svm_rbf,1,0.6842369632502104,0.5918716699706539,1
TCGA_to_GEO,GSE13294,GSM335546,fixed_log_expression,svm_rbf,1,0.730585352296103,0.5918716699706539,1
TCGA_to_GEO,GSE13294,GSM335547,fixed_log_expression,svm_rbf,0,0.4114673328045265,0.5918716699706539,0
TCGA_to_GEO,GSE13294,GSM335548,fixed_log_expression,svm_rbf,0,0.198342399994003,0.5918716699706539,0
TCGA_to_GEO,GSE13294,GSM335549,fixed_log_expression,svm_rbf,0,0.1765189368664141,0.5918716699706539,0
TCGA_to_GEO,GSE13294,GSM335550,fixed_log_expression,svm_rbf,0,0.1981252400955825,0.5918716699706539,0
TCGA_to_GEO,GSE13294,GSM335551,fixed_log_expression,svm_rbf,1,0.7866678037552355,0.5918716699706539,1
TCGA_to_GEO,GSE13294,GSM335552,fixed_log_expression,svm_rbf,0,0.2061913191693528,0.5918716699706539,0
TCGA_to_GEO,GSE13294,GSM335553,fixed_log_expression,svm_rbf,0,0.2155972033211785,0.5918716699706539,0
TCGA_to_GEO,GSE13294,GSM335554,fixed_log_expression,svm_rbf,0,0.2211096590409645,0.5918716699706539,0
TCGA_to_GEO,GSE13294,GSM335555,fixed_log_expression,svm_rbf,1,0.8609382440668435,0.5918716699706539,1
TCGA_to_GEO,GSE13294,GSM335556,fixed_log_expression,svm_rbf,0,0.1123281486271585,0.5918716699706539,0
TCGA_to_GEO,GSE13294,GSM335557,fixed_log_expression,svm_rbf,0,0.1128124437377094,0.5918716699706539,0
TCGA_to_GEO,GSE13294,GSM335558,fixed_log_expression,svm_rbf,0,0.1783534272040287,0.5918716699706539,0
TCGA_to_GEO,GSE13294,GSM335559,fixed_log_expression,svm_rbf,1,0.7733942940492649,0.5918716699706539,1
TCGA_to_GEO,GSE13294,GSM335560,fixed_log_expression,svm_rbf,1,0.8475209344955609,0.5918716699706539,1
TCGA_to_GEO,GSE13294,GSM335561,fixed_log_expression,svm_rbf,0,0.0755833330643234,0.5918716699706539,0
TCGA_to_GEO,GSE13294,GSM335562,fixed_log_expression,svm_rbf,1,0.5751832808871118,0.5918716699706539,0
TCGA_to_GEO,GSE13294,GSM335563,fixed_log_expression,svm_rbf,1,0.7736029017172856,0.5918716699706539,1
TCGA_to_GEO,GSE13294,GSM335564,fixed_log_expression,svm_rbf,0,0.3083713381184205,0.5918716699706539,0
TCGA_to_GEO,GSE13294,GSM335565,fixed_log_expression,svm_rbf,1,0.8686273010071124,0.5918716699706539,1
TCGA_to_GEO,GSE13294,GSM335566,fixed_log_expression,svm_rbf,1,0.8552044084583328,0.5918716699706539,1
TCGA_to_GEO,GSE13294,GSM335567,fixed_log_expression,svm_rbf,0,0.1927809765474191,0.5918716699706539,0
TCGA_to_GEO,GSE13294,GSM335568,fixed_log_expression,svm_rbf,0,0.1015135344830403,0.5918716699706539,0
TCGA_to_GEO,GSE13294,GSM335569,fixed_log_expression,svm_rbf,0,0.1382389835081536,0.5918716699706539,0
TCGA_to_GEO,GSE13294,GSM335570,fixed_log_expression,svm_rbf,0,0.5314014717152898,0.5918716699706539,0
TCGA_to_GEO,GSE13294,GSM335571,fixed_log_expression,svm_rbf,0,0.1011772449309572,0.5918716699706539,0
TCGA_to_GEO,GSE13294,GSM335572,fixed_log_expression,svm_rbf,0,0.3044357102568868,0.5918716699706539,0
TCGA_to_GEO,GSE13294,GSM335573,fixed_log_expression,svm_rbf,1,0.1663813691786816,0.5918716699706539,0
TCGA_to_GEO,GSE13294,GSM335574,fixed_log_expression,svm_rbf,1,0.7051072138426157,0.5918716699706539,1
TCGA_to_GEO,GSE13294,GSM335575,fixed_log_expression,svm_rbf,0,0.3215989955749795,0.5918716699706539,0
TCGA_to_GEO,GSE13294,GSM335576,fixed_log_expression,svm_rbf,1,0.7029994331650912,0.5918716699706539,1
TCGA_to_GEO,GSE13294,GSM335577,fixed_log_expression,svm_rbf,1,0.8010681790069728,0.5918716699706539,1
TCGA_to_GEO,GSE13294,GSM335578,fixed_log_expression,svm_rbf,1,0.4801179574008488,0.5918716699706539,0
TCGA_to_GEO,GSE13294,GSM335579,fixed_log_expression,svm_rbf,0,0.5085983396741246,0.5918716699706539,0
TCGA_to_GEO,GSE13294,GSM335580,fixed_log_expression,svm_rbf,0,0.2693615181100746,0.5918716699706539,0
TCGA_to_GEO,GSE13294,GSM335581,fixed_log_expression,svm_rbf,0,0.3985215077893764,0.5918716699706539,0
TCGA_to_GEO,GSE13294,GSM335582,fixed_log_expression,svm_rbf,0,0.1282892160429301,0.5918716699706539,0
TCGA_to_GEO,GSE13294,GSM335583,fixed_log_expression,svm_rbf,0,0.0899868813331268,0.5918716699706539,0
TCGA_to_GEO,GSE13294,GSM335584,fixed_log_expression,svm_rbf,0,0.2530343793202891,0.5918716699706539,0
TCGA_to_GEO,GSE13294,GSM335585,fixed_log_expression,svm_rbf,1,0.8048138773445832,0.5918716699706539,1
TCGA_to_GEO,GSE13294,GSM335586,fixed_log_expression,svm_rbf,0,0.2508854561058685,0.5918716699706539,0
TCGA_to_GEO,GSE13294,GSM335587,fixed_log_expression,svm_rbf,0,0.3368871317127325,0.5918716699706539,0
TCGA_to_GEO,GSE13294,GSM335588,fixed_log_expression,svm_rbf,0,0.1940290755532618,0.5918716699706539,0
TCGA_to_GEO,GSE13294,GSM335589,fixed_log_expression,svm_rbf,0,0.2003549758652893,0.5918716699706539,0
TCGA_to_GEO,GSE13294,GSM335590,fixed_log_expression,svm_rbf,0,0.4514538626189863,0.5918716699706539,0
TCGA_to_GEO,GSE13294,GSM335591,fixed_log_expression,svm_rbf,0,0.1735707008766053,0.5918716699706539,0
TCGA_to_GEO,GSE13294,GSM335592,fixed_log_expression,svm_rbf,0,0.1070362796018868,0.5918716699706539,0
TCGA_to_GEO,GSE13294,GSM335593,fixed_log_expression,svm_rbf,0,0.1434536709594555,0.5918716699706539,0
TCGA_to_GEO,GSE13294,GSM335594,fixed_log_expression,svm_rbf,0,0.1897567084028207,0.5918716699706539,0
TCGA_to_GEO,GSE13294,GSM335595,fixed_log_expression,svm_rbf,1,0.7158825251176963,0.5918716699706539,1
TCGA_to_GEO,GSE13294,GSM335596,fixed_log_expression,svm_rbf,0,0.227293204210252,0.5918716699706539,0
TCGA_to_GEO,GSE13294,GSM335597,fixed_log_expression,svm_rbf,1,0.7951279990318578,0.5918716699706539,1
TCGA_to_GEO,GSE13294,GSM335598,fixed_log_expression,svm_rbf,0,0.0932899221804482,0.5918716699706539,0
TCGA_to_GEO,GSE13294,GSM335599,fixed_log_expression,svm_rbf,0,0.2800452124099035,0.5918716699706539,0
TCGA_to_GEO,GSE13294,GSM335600,fixed_log_expression,svm_rbf,0,0.1421113117114849,0.5918716699706539,0
TCGA_to_GEO,GSE13294,GSM335601,fixed_log_expression,svm_rbf,0,0.1910468533260488,0.5918716699706539,0
TCGA_to_GEO,GSE13294,GSM335602,fixed_log_expression,svm_rbf,0,0.1500807259162113,0.5918716699706539,0
TCGA_to_GEO,GSE13294,GSM335603,fixed_log_expression,svm_rbf,0,0.15983144711893,0.5918716699706539,0
TCGA_to_GEO,GSE13294,GSM335604,fixed_log_expression,svm_rbf,0,0.2329428873731575,0.5918716699706539,0
TCGA_to_GEO,GSE13294,GSM335605,fixed_log_expression,svm_rbf,0,0.1070066015249573,0.5918716699706539,0
TCGA_to_GEO,GSE13294,GSM335606,fixed_log_expression,svm_rbf,0,0.0577951158096858,0.5918716699706539,0
TCGA_to_GEO,GSE13294,GSM335607,fixed_log_expression,svm_rbf,0,0.433207085520831,0.5918716699706539,0
TCGA_to_GEO,GSE13294,GSM335608,fixed_log_expression,svm_rbf,0,0.6362353703399948,0.5918716699706539,1
TCGA_to_GEO,GSE13294,GSM335609,fixed_log_expression,svm_rbf,0,0.1900731727759223,0.5918716699706539,0
TCGA_to_GEO,GSE13294,GSM335610,fixed_log_expression,svm_rbf,0,0.0687108529244334,0.5918716699706539,0
TCGA_to_GEO,GSE13294,GSM335611,fixed_log_expression,svm_rbf,0,0.2033179545216511,0.5918716699706539,0
TCGA_to_GEO,GSE13294,GSM335612,fixed_log_expression,svm_rbf,0,0.1251917706432841,0.5918716699706539,0
TCGA_to_GEO,GSE13294,GSM335613,fixed_log_expression,svm_rbf,0,0.1482617332896912,0.5918716699706539,0
TCGA_to_GEO,GSE13294,GSM335614,fixed_log_expression,svm_rbf,1,0.8772983686165589,0.5918716699706539,1
TCGA_to_GEO,GSE13294,GSM335615,fixed_log_expression,svm_rbf,0,0.1603434969380085,0.5918716699706539,0
TCGA_to_GEO,GSE13294,GSM335616,fixed_log_expression,svm_rbf,0,0.1376410147615375,0.5918716699706539,0
TCGA_to_GEO,GSE13294,GSM335617,fixed_log_expression,svm_rbf,0,0.1364866524779597,0.5918716699706539,0
TCGA_to_GEO,GSE13294,GSM335618,fixed_log_expression,svm_rbf,1,0.3135878173612188,0.5918716699706539,0
TCGA_to_GEO,GSE13294,GSM335619,fixed_log_expression,svm_rbf,1,0.7576585487802849,0.5918716699706539,1
TCGA_to_GEO,GSE13294,GSM335620,fixed_log_expression,svm_rbf,1,0.5340727493951681,0.5918716699706539,0
TCGA_to_GEO,GSE13294,GSM335621,fixed_log_expression,svm_rbf,1,0.8663967154689723,0.5918716699706539,1
TCGA_to_GEO,GSE13294,GSM335622,fixed_log_expression,svm_rbf,1,0.7218427236683432,0.5918716699706539,1
TCGA_to_GEO,GSE13294,GSM335623,fixed_log_expression,svm_rbf,1,0.868795862088362,0.5918716699706539,1
TCGA_to_GEO,GSE13294,GSM335624,fixed_log_expression,svm_rbf,1,0.7111979008341967,0.5918716699706539,1
TCGA_to_GEO,GSE13294,GSM335625,fixed_log_expression,svm_rbf,1,0.4580260750306932,0.5918716699706539,0
TCGA_to_GEO,GSE13294,GSM335626,fixed_log_expression,svm_rbf,1,0.5,0.5918716699706539,0
TCGA_to_GEO,GSE13294,GSM335627,fixed_log_expression,svm_rbf,1,0.5863370477126074,0.5918716699706539,0
TCGA_to_GEO,GSE13294,GSM335628,fixed_log_expression,svm_rbf,1,0.6335288889364635,0.5918716699706539,1
TCGA_to_GEO,GSE13294,GSM335629,fixed_log_expression,svm_rbf,1,0.8329446131327559,0.5918716699706539,1
TCGA_to_GEO,GSE13294,GSM335630,fixed_log_expression,svm_rbf,1,0.818772474996091,0.5918716699706539,1
TCGA_to_GEO,GSE13294,GSM335631,fixed_log_expression,svm_rbf,1,0.1789279505872665,0.5918716699706539,0
TCGA_to_GEO,GSE13294,GSM335632,fixed_log_expression,svm_rbf,1,0.7283285500216192,0.5918716699706539,1
TCGA_to_GEO,GSE13294,GSM335633,fixed_log_expression,svm_rbf,1,0.7215719885805255,0.5918716699706539,1
TCGA_to_GEO,GSE13294,GSM335634,fixed_log_expression,svm_rbf,1,0.9045547425727408,0.5918716699706539,1
TCGA_to_GEO,GSE13294,GSM335635,fixed_log_expression,svm_rbf,1,0.8078009993016184,0.5918716699706539,1
TCGA_to_GEO,GSE13294,GSM335636,fixed_log_expression,svm_rbf,1,0.0691642936491195,0.5918716699706539,0
TCGA_to_GEO,GSE13294,GSM335637,fixed_log_expression,svm_rbf,1,0.707884321818128,0.5918716699706539,1
TCGA_to_GEO,GSE13294,GSM335638,fixed_log_expression,svm_rbf,1,0.7742904781194077,0.5918716699706539,1
TCGA_to_GEO,GSE13294,GSM335639,fixed_log_expression,svm_rbf,1,0.6621045371281572,0.5918716699706539,1
TCGA_to_GEO,GSE13294,GSM335640,fixed_log_expression,svm_rbf,1,0.8770478728985031,0.5918716699706539,1
TCGA_to_GEO,GSE13294,GSM335641,fixed_log_expression,svm_rbf,1,0.8703417654720491,0.5918716699706539,1
TCGA_to_GEO,GSE13294,GSM335642,fixed_log_expression,svm_rbf,1,0.6665810678703168,0.5918716699706539,1
TCGA_to_GEO,GSE13294,GSM335643,fixed_log_expression,svm_rbf,1,0.8285491432203892,0.5918716699706539,1
TCGA_to_GEO,GSE13294,GSM335644,fixed_log_expression,svm_rbf,1,0.7606424238740204,0.5918716699706539,1
TCGA_to_GEO,GSE13294,GSM335645,fixed_log_expression,svm_rbf,1,0.8206880319342398,0.5918716699706539,1
TCGA_to_GEO,GSE13294,GSM335646,fixed_log_expression,svm_rbf,1,0.7040614463482655,0.5918716699706539,1
TCGA_to_GEO,GSE13294,GSM335647,fixed_log_expression,svm_rbf,1,0.551474525919915,0.5918716699706539,0
TCGA_to_GEO,GSE13294,GSM335648,fixed_log_expression,svm_rbf,1,0.2427352245759441,0.5918716699706539,0
TCGA_to_GEO,GSE13294,GSM335649,fixed_log_expression,svm_rbf,1,0.7647614150185269,0.5918716699706539,1
TCGA_to_GEO,GSE13294,GSM335650,fixed_log_expression,svm_rbf,1,0.7487427437026165,0.5918716699706539,1
TCGA_to_GEO,GSE13294,GSM335651,fixed_log_expression,svm_rbf,1,0.1979608938478387,0.5918716699706539,0
TCGA_to_GEO,GSE13294,GSM335652,fixed_log_expression,svm_rbf,1,0.8193011278697039,0.5918716699706539,1
TCGA_to_GEO,GSE13294,GSM335653,fixed_log_expression,svm_rbf,1,0.7805524237667777,0.5918716699706539,1
TCGA_to_GEO,GSE13294,GSM335654,fixed_log_expression,svm_rbf,1,0.8578934851701796,0.5918716699706539,1
TCGA_to_GEO,GSE13294,GSM335655,fixed_log_expression,svm_rbf,1,0.8227019767365688,0.5918716699706539,1
TCGA_to_GEO,GSE13294,GSM335656,fixed_log_expression,svm_rbf,1,0.6594992765141492,0.5918716699706539,1
TCGA_to_GEO,GSE13294,GSM335657,fixed_log_expression,svm_rbf,1,0.7872470873797551,0.5918716699706539,1
TCGA_to_GEO,GSE13294,GSM335658,fixed_log_expression,svm_rbf,1,0.7890423508865324,0.5918716699706539,1
TCGA_to_GEO,GSE13294,GSM335659,fixed_log_expression,svm_rbf,1,0.841622013106192,0.5918716699706539,1
TCGA_to_GEO,GSE13294,GSM335660,fixed_log_expression,svm_rbf,1,0.7991172817940057,0.5918716699706539,1
TCGA_to_GEO,GSE13294,GSM335661,fixed_log_expression,svm_rbf,1,0.6113736214750927,0.5918716699706539,1
TCGA_to_GEO,GSE13294,GSM335662,fixed_log_expression,svm_rbf,1,0.7458689444160115,0.5918716699706539,1
TCGA_to_GEO,GSE13294,GSM335663,fixed_log_expression,svm_rbf,1,0.6280290174990607,0.5918716699706539,1
TCGA_to_GEO,GSE13294,GSM335664,fixed_log_expression,svm_rbf,1,0.7737521204491693,0.5918716699706539,1
TCGA_to_GEO,GSE13067,GSM327282,fixed_log_expression,svm_rbf,1,0.6213174051291227,0.5918716699706539,1
TCGA_to_GEO,GSE13067,GSM327283,fixed_log_expression,svm_rbf,0,0.3470848077537717,0.5918716699706539,0
TCGA_to_GEO,GSE13067,GSM327284,fixed_log_expression,svm_rbf,0,0.1264193501018073,0.5918716699706539,0
TCGA_to_GEO,GSE13067,GSM327285,fixed_log_expression,svm_rbf,0,0.1916041756245275,0.5918716699706539,0
TCGA_to_GEO,GSE13067,GSM327286,fixed_log_expression,svm_rbf,0,0.4660971278514689,0.5918716699706539,0
TCGA_to_GEO,GSE13067,GSM327287,fixed_log_expression,svm_rbf,0,0.2732158820449559,0.5918716699706539,0
TCGA_to_GEO,GSE13067,GSM327288,fixed_log_expression,svm_rbf,1,0.6966025901517676,0.5918716699706539,1
TCGA_to_GEO,GSE13067,GSM327289,fixed_log_expression,svm_rbf,0,0.349747657614869,0.5918716699706539,0
TCGA_to_GEO,GSE13067,GSM327290,fixed_log_expression,svm_rbf,0,0.2723874168189396,0.5918716699706539,0
TCGA_to_GEO,GSE13067,GSM327291,fixed_log_expression,svm_rbf,0,0.3364078782889247,0.5918716699706539,0
TCGA_to_GEO,GSE13067,GSM327292,fixed_log_expression,svm_rbf,0,0.2685679562594908,0.5918716699706539,0
TCGA_to_GEO,GSE13067,GSM327293,fixed_log_expression,svm_rbf,0,0.5089835940625229,0.5918716699706539,0
TCGA_to_GEO,GSE13067,GSM327294,fixed_log_expression,svm_rbf,0,0.2089344900213431,0.5918716699706539,0
TCGA_to_GEO,GSE13067,GSM327295,fixed_log_expression,svm_rbf,0,0.2153584774333362,0.5918716699706539,0
TCGA_to_GEO,GSE13067,GSM327296,fixed_log_expression,svm_rbf,0,0.5,0.5918716699706539,0
TCGA_to_GEO,GSE13067,GSM327297,fixed_log_expression,svm_rbf,0,0.3807435181101435,0.5918716699706539,0
TCGA_to_GEO,GSE13067,GSM327298,fixed_log_expression,svm_rbf,0,0.3816616962280619,0.5918716699706539,0
TCGA_to_GEO,GSE13067,GSM327299,fixed_log_expression,svm_rbf,0,0.3828981339014566,0.5918716699706539,0
TCGA_to_GEO,GSE13067,GSM327300,fixed_log_expression,svm_rbf,0,0.4622464256497414,0.5918716699706539,0
TCGA_to_GEO,GSE13067,GSM327301,fixed_log_expression,svm_rbf,0,0.2835864894131554,0.5918716699706539,0
TCGA_to_GEO,GSE13067,GSM327302,fixed_log_expression,svm_rbf,0,0.6294179553053655,0.5918716699706539,1
TCGA_to_GEO,GSE13067,GSM327303,fixed_log_expression,svm_rbf,0,0.3973525745023922,0.5918716699706539,0
TCGA_to_GEO,GSE13067,GSM327304,fixed_log_expression,svm_rbf,0,0.4344910919933189,0.5918716699706539,0
TCGA_to_GEO,GSE13067,GSM327305,fixed_log_expression,svm_rbf,0,0.3593806420605654,0.5918716699706539,0
TCGA_to_GEO,GSE13067,GSM327306,fixed_log_expression,svm_rbf,0,0.2061899079422311,0.5918716699706539,0
TCGA_to_GEO,GSE13067,GSM327307,fixed_log_expression,svm_rbf,0,0.4118284392983606,0.5918716699706539,0
TCGA_to_GEO,GSE13067,GSM327308,fixed_log_expression,svm_rbf,0,0.2212721490858811,0.5918716699706539,0
TCGA_to_GEO,GSE13067,GSM327309,fixed_log_expression,svm_rbf,1,0.7406948660904552,0.5918716699706539,1
TCGA_to_GEO,GSE13067,GSM327310,fixed_log_expression,svm_rbf,1,0.8223081048112015,0.5918716699706539,1
TCGA_to_GEO,GSE13067,GSM327311,fixed_log_expression,svm_rbf,1,0.8739372447092173,0.5918716699706539,1
TCGA_to_GEO,GSE13067,GSM327312,fixed_log_expression,svm_rbf,0,0.3538740670138885,0.5918716699706539,0
TCGA_to_GEO,GSE13067,GSM327313,fixed_log_expression,svm_rbf,1,0.7909522996164348,0.5918716699706539,1
TCGA_to_GEO,GSE13067,GSM327314,fixed_log_expression,svm_rbf,0,0.2932129982809532,0.5918716699706539,0
TCGA_to_GEO,GSE13067,GSM327315,fixed_log_expression,svm_rbf,0,0.3019786228911695,0.5918716699706539,0
TCGA_to_GEO,GSE13067,GSM327316,fixed_log_expression,svm_rbf,0,0.3546970214173475,0.5918716699706539,0
TCGA_to_GEO,GSE13067,GSM327317,fixed_log_expression,svm_rbf,0,0.3157330661272196,0.5918716699706539,0
TCGA_to_GEO,GSE13067,GSM327318,fixed_log_expression,svm_rbf,0,0.2987344784228111,0.5918716699706539,0
TCGA_to_GEO,GSE13067,GSM327319,fixed_log_expression,svm_rbf,0,0.1848401472092113,0.5918716699706539,0
TCGA_to_GEO,GSE13067,GSM327320,fixed_log_expression,svm_rbf,0,0.2453122072639179,0.5918716699706539,0
TCGA_to_GEO,GSE13067,GSM327321,fixed_log_expression,svm_rbf,0,0.1519351282215984,0.5918716699706539,0
TCGA_to_GEO,GSE13067,GSM327322,fixed_log_expression,svm_rbf,0,0.5,0.5918716699706539,0
TCGA_to_GEO,GSE13067,GSM327323,fixed_log_expression,svm_rbf,0,0.2108567615432126,0.5918716699706539,0
TCGA_to_GEO,GSE13067,GSM327324,fixed_log_expression,svm_rbf,1,0.6717967605909831,0.5918716699706539,1
TCGA_to_GEO,GSE13067,GSM327325,fixed_log_expression,svm_rbf,1,0.8166482034493558,0.5918716699706539,1
TCGA_to_GEO,GSE13067,GSM327326,fixed_log_expression,svm_rbf,0,0.1683440520131958,0.5918716699706539,0
TCGA_to_GEO,GSE13067,GSM327327,fixed_log_expression,svm_rbf,0,0.4497514230735933,0.5918716699706539,0
TCGA_to_GEO,GSE13067,GSM327328,fixed_log_expression,svm_rbf,0,0.3801570977687765,0.5918716699706539,0
TCGA_to_GEO,GSE13067,GSM327329,fixed_log_expression,svm_rbf,0,0.2739436272446894,0.5918716699706539,0
TCGA_to_GEO,GSE13067,GSM327330,fixed_log_expression,svm_rbf,0,0.3756606133184306,0.5918716699706539,0
TCGA_to_GEO,GSE13067,GSM327331,fixed_log_expression,svm_rbf,1,0.5910166449266482,0.5918716699706539,0
TCGA_to_GEO,GSE13067,GSM327332,fixed_log_expression,svm_rbf,0,0.3390892176388704,0.5918716699706539,0
TCGA_to_GEO,GSE13067,GSM327333,fixed_log_expression,svm_rbf,0,0.5537603195062233,0.5918716699706539,0
TCGA_to_GEO,GSE13067,GSM327334,fixed_log_expression,svm_rbf,0,0.3887660603913799,0.5918716699706539,0
TCGA_to_GEO,GSE13067,GSM327335,fixed_log_expression,svm_rbf,0,0.3935591961800354,0.5918716699706539,0
TCGA_to_GEO,GSE13067,GSM327336,fixed_log_expression,svm_rbf,0,0.2482019796163482,0.5918716699706539,0
TCGA_to_GEO,GSE13067,GSM327337,fixed_log_expression,svm_rbf,0,0.179184168193677,0.5918716699706539,0
TCGA_to_GEO,GSE13067,GSM327338,fixed_log_expression,svm_rbf,0,0.1615956512638173,0.5918716699706539,0
TCGA_to_GEO,GSE13067,GSM327339,fixed_log_expression,svm_rbf,0,0.4944926860293819,0.5918716699706539,0
TCGA_to_GEO,GSE13067,GSM327340,fixed_log_expression,svm_rbf,0,0.3075242160646897,0.5918716699706539,0
TCGA_to_GEO,GSE13067,GSM327341,fixed_log_expression,svm_rbf,0,0.1886236687175912,0.5918716699706539,0
TCGA_to_GEO,GSE13067,GSM327342,fixed_log_expression,svm_rbf,0,0.2238593583104333,0.5918716699706539,0
TCGA_to_GEO,GSE13067,GSM327343,fixed_log_expression,svm_rbf,0,0.5690327897115618,0.5918716699706539,0
TCGA_to_GEO,GSE13067,GSM327344,fixed_log_expression,svm_rbf,0,0.1948532775582301,0.5918716699706539,0
TCGA_to_GEO,GSE13067,GSM327345,fixed_log_expression,svm_rbf,0,0.6458976171072212,0.5918716699706539,1
TCGA_to_GEO,GSE13067,GSM327346,fixed_log_expression,svm_rbf,0,0.4276531712655426,0.5918716699706539,0
TCGA_to_GEO,GSE13067,GSM327347,fixed_log_expression,svm_rbf,0,0.3944989562092075,0.5918716699706539,0
TCGA_to_GEO,GSE13067,GSM327348,fixed_log_expression,svm_rbf,0,0.3011982390978228,0.5918716699706539,0
TCGA_to_GEO,GSE13067,GSM327349,fixed_log_expression,svm_rbf,0,0.2960724303695021,0.5918716699706539,0
TCGA_to_GEO,GSE13067,GSM327350,fixed_log_expression,svm_rbf,0,0.21233273159267,0.5918716699706539,0
TCGA_to_GEO,GSE13067,GSM327351,fixed_log_expression,svm_rbf,0,0.4124209351121651,0.5918716699706539,0
TCGA_to_GEO,GSE13067,GSM327352,fixed_log_expression,svm_rbf,1,0.8500321043802153,0.5918716699706539,1
TCGA_to_GEO,GSE13067,GSM327353,fixed_log_expression,svm_rbf,1,0.7279517837162873,0.5918716699706539,1
TCGA_to_GEO,GSE13067,GSM327354,fixed_log_expression,svm_rbf,0,0.3901738021193144,0.5918716699706539,0
TCGA_to_GEO,GSE13067,GSM327355,fixed_log_expression,svm_rbf,0,0.3286827326206787,0.5918716699706539,0
TCGA_to_GEO,GSE18088,GSM452148,fixed_log_expression,svm_rbf,1,0.5950774204442922,0.5918716699706539,1
TCGA_to_GEO,GSE18088,GSM452149,fixed_log_expression,svm_rbf,0,0.4899013167422837,0.5918716699706539,0
TCGA_to_GEO,GSE18088,GSM452150,fixed_log_expression,svm_rbf,0,0.5,0.5918716699706539,0
TCGA_to_GEO,GSE18088,GSM452151,fixed_log_expression,svm_rbf,0,0.5371006811748978,0.5918716699706539,0
TCGA_to_GEO,GSE18088,GSM452152,fixed_log_expression,svm_rbf,0,0.4420357722594801,0.5918716699706539,0
TCGA_to_GEO,GSE18088,GSM452153,fixed_log_expression,svm_rbf,1,0.6001883821491645,0.5918716699706539,1
TCGA_to_GEO,GSE18088,GSM452154,fixed_log_expression,svm_rbf,0,0.4899197321758294,0.5918716699706539,0
TCGA_to_GEO,GSE18088,GSM452155,fixed_log_expression,svm_rbf,0,0.4793558601206976,0.5918716699706539,0
TCGA_to_GEO,GSE18088,GSM452156,fixed_log_expression,svm_rbf,0,0.4433795886255767,0.5918716699706539,0
TCGA_to_GEO,GSE18088,GSM452157,fixed_log_expression,svm_rbf,1,0.6875755641489566,0.5918716699706539,1
TCGA_to_GEO,GSE18088,GSM452158,fixed_log_expression,svm_rbf,0,0.5,0.5918716699706539,0
TCGA_to_GEO,GSE18088,GSM452159,fixed_log_expression,svm_rbf,1,0.6694589728883729,0.5918716699706539,1
TCGA_to_GEO,GSE18088,GSM452160,fixed_log_expression,svm_rbf,0,0.4585702636766908,0.5918716699706539,0
TCGA_to_GEO,GSE18088,GSM452161,fixed_log_expression,svm_rbf,0,0.4690815514748729,0.5918716699706539,0
TCGA_to_GEO,GSE18088,GSM452162,fixed_log_expression,svm_rbf,0,0.5764329478902251,0.5918716699706539,0
TCGA_to_GEO,GSE18088,GSM452163,fixed_log_expression,svm_rbf,1,0.6817240883508477,0.5918716699706539,1
TCGA_to_GEO,GSE18088,GSM452164,fixed_log_expression,svm_rbf,0,0.4899257130577673,0.5918716699706539,0
TCGA_to_GEO,GSE18088,GSM452165,fixed_log_expression,svm_rbf,0,0.5116991159203097,0.5918716699706539,0
TCGA_to_GEO,GSE18088,GSM452166,fixed_log_expression,svm_rbf,0,0.4525760600196261,0.5918716699706539,0
TCGA_to_GEO,GSE18088,GSM452167,fixed_log_expression,svm_rbf,0,0.4870246843140198,0.5918716699706539,0
TCGA_to_GEO,GSE18088,GSM452168,fixed_log_expression,svm_rbf,1,0.6478504975764268,0.5918716699706539,1
TCGA_to_GEO,GSE18088,GSM452169,fixed_log_expression,svm_rbf,1,0.6754255613777327,0.5918716699706539,1
TCGA_to_GEO,GSE18088,GSM452170,fixed_log_expression,svm_rbf,0,0.5,0.5918716699706539,0
TCGA_to_GEO,GSE18088,GSM452171,fixed_log_expression,svm_rbf,0,0.4844628892423431,0.5918716699706539,0
TCGA_to_GEO,GSE18088,GSM452172,fixed_log_expression,svm_rbf,0,0.5744749649395429,0.5918716699706539,0
TCGA_to_GEO,GSE18088,GSM452173,fixed_log_expression,svm_rbf,1,0.6691153200193994,0.5918716699706539,1
TCGA_to_GEO,GSE18088,GSM452174,fixed_log_expression,svm_rbf,1,0.6529448352250383,0.5918716699706539,1
TCGA_to_GEO,GSE18088,GSM452175,fixed_log_expression,svm_rbf,1,0.6478757481209676,0.5918716699706539,1
TCGA_to_GEO,GSE18088,GSM452176,fixed_log_expression,svm_rbf,0,0.4667877664932756,0.5918716699706539,0
TCGA_to_GEO,GSE18088,GSM452177,fixed_log_expression,svm_rbf,0,0.5130814806742516,0.5918716699706539,0
TCGA_to_GEO,GSE18088,GSM452178,fixed_log_expression,svm_rbf,0,0.4507305132767961,0.5918716699706539,0
TCGA_to_GEO,GSE18088,GSM452179,fixed_log_expression,svm_rbf,1,0.6834082466469154,0.5918716699706539,1
TCGA_to_GEO,GSE18088,GSM452180,fixed_log_expression,svm_rbf,1,0.6773220397892551,0.5918716699706539,1
TCGA_to_GEO,GSE18088,GSM452181,fixed_log_expression,svm_rbf,0,0.5098552004163963,0.5918716699706539,0
TCGA_to_GEO,GSE18088,GSM452182,fixed_log_expression,svm_rbf,1,0.6149042937066711,0.5918716699706539,1
TCGA_to_GEO,GSE18088,GSM452183,fixed_log_expression,svm_rbf,1,0.6883829303628124,0.5918716699706539,1
TCGA_to_GEO,GSE18088,GSM452184,fixed_log_expression,svm_rbf,1,0.6258549852987446,0.5918716699706539,1
TCGA_to_GEO,GSE18088,GSM452185,fixed_log_expression,svm_rbf,0,0.5138684996612012,0.5918716699706539,0
TCGA_to_GEO,GSE18088,GSM452186,fixed_log_expression,svm_rbf,0,0.5221406515200634,0.5918716699706539,0
TCGA_to_GEO,GSE18088,GSM452187,fixed_log_expression,svm_rbf,0,0.4339692228668387,0.5918716699706539,0
TCGA_to_GEO,GSE18088,GSM452188,fixed_log_expression,svm_rbf,1,0.6268389446920093,0.5918716699706539,1
TCGA_to_GEO,GSE18088,GSM452189,fixed_log_expression,svm_rbf,1,0.6880645408278763,0.5918716699706539,1
TCGA_to_GEO,GSE18088,GSM452190,fixed_log_expression,svm_rbf,0,0.6124838829013097,0.5918716699706539,1
TCGA_to_GEO,GSE18088,GSM452191,fixed_log_expression,svm_rbf,0,0.5090771585334506,0.5918716699706539,0
TCGA_to_GEO,GSE18088,GSM452192,fixed_log_expression,svm_rbf,0,0.47025414270551,0.5918716699706539,0
TCGA_to_GEO,GSE18088,GSM452193,fixed_log_expression,svm_rbf,0,0.5375866669920676,0.5918716699706539,0
TCGA_to_GEO,GSE18088,GSM452194,fixed_log_expression,svm_rbf,0,0.4819203022773016,0.5918716699706539,0
TCGA_to_GEO,GSE18088,GSM452195,fixed_log_expression,svm_rbf,0,0.5,0.5918716699706539,0
TCGA_to_GEO,GSE18088,GSM452196,fixed_log_expression,svm_rbf,0,0.5110257070165933,0.5918716699706539,0
TCGA_to_GEO,GSE18088,GSM452197,fixed_log_expression,svm_rbf,1,0.6095589631206273,0.5918716699706539,1
TCGA_to_GEO,GSE18088,GSM452198,fixed_log_expression,svm_rbf,0,0.5051464042893196,0.5918716699706539,0
TCGA_to_GEO,GSE18088,GSM452199,fixed_log_expression,svm_rbf,0,0.507461461883483,0.5918716699706539,0
TCGA_to_GEO,GSE18088,GSM452200,fixed_log_expression,svm_rbf,1,0.3776087510133344,0.5918716699706539,0
TCGA_to_GEO,GSE26682,GSM656542,fixed_log_expression,svm_rbf,0,0.4857883177145796,0.5918716699706539,0
TCGA_to_GEO,GSE26682,GSM656543,fixed_log_expression,svm_rbf,0,0.4858244934600684,0.5918716699706539,0
TCGA_to_GEO,GSE26682,GSM656545,fixed_log_expression,svm_rbf,1,0.4858848733866855,0.5918716699706539,0
TCGA_to_GEO,GSE26682,GSM656546,fixed_log_expression,svm_rbf,0,0.4858394148234685,0.5918716699706539,0
TCGA_to_GEO,GSE26682,GSM656548,fixed_log_expression,svm_rbf,0,0.4857926700786638,0.5918716699706539,0
TCGA_to_GEO,GSE26682,GSM656550,fixed_log_expression,svm_rbf,0,0.4858436178582355,0.5918716699706539,0
TCGA_to_GEO,GSE26682,GSM656552,fixed_log_expression,svm_rbf,0,0.4857984284122817,0.5918716699706539,0
TCGA_to_GEO,GSE26682,GSM656553,fixed_log_expression,svm_rbf,0,0.4858049445029399,0.5918716699706539,0
TCGA_to_GEO,GSE26682,GSM656555,fixed_log_expression,svm_rbf,0,0.4858383091157834,0.5918716699706539,0
TCGA_to_GEO,GSE26682,GSM656556,fixed_log_expression,svm_rbf,0,0.4858580524141755,0.5918716699706539,0
TCGA_to_GEO,GSE26682,GSM656557,fixed_log_expression,svm_rbf,0,0.4858495742577777,0.5918716699706539,0
TCGA_to_GEO,GSE26682,GSM656558,fixed_log_expression,svm_rbf,0,0.4858060177033653,0.5918716699706539,0
TCGA_to_GEO,GSE26682,GSM656559,fixed_log_expression,svm_rbf,1,0.4858724691002719,0.5918716699706539,0
TCGA_to_GEO,GSE26682,GSM656560,fixed_log_expression,svm_rbf,0,0.485804806359445,0.5918716699706539,0
TCGA_to_GEO,GSE26682,GSM656561,fixed_log_expression,svm_rbf,0,0.4857976193443172,0.5918716699706539,0
TCGA_to_GEO,GSE26682,GSM656567,fixed_log_expression,svm_rbf,0,0.4858130445851221,0.5918716699706539,0
TCGA_to_GEO,GSE26682,GSM656568,fixed_log_expression,svm_rbf,0,0.4858068326546918,0.5918716699706539,0
TCGA_to_GEO,GSE26682,GSM656569,fixed_log_expression,svm_rbf,0,0.4857838377045446,0.5918716699706539,0
TCGA_to_GEO,GSE26682,GSM656570,fixed_log_expression,svm_rbf,0,0.4858255582378055,0.5918716699706539,0
TCGA_to_GEO,GSE26682,GSM656574,fixed_log_expression,svm_rbf,0,0.4857820913722172,0.5918716699706539,0
TCGA_to_GEO,GSE26682,GSM656580,fixed_log_expression,svm_rbf,0,0.4857890435102925,0.5918716699706539,0
TCGA_to_GEO,GSE26682,GSM656582,fixed_log_expression,svm_rbf,0,0.4858032224737786,0.5918716699706539,0
TCGA_to_GEO,GSE26682,GSM656583,fixed_log_expression,svm_rbf,1,0.4858343713838132,0.5918716699706539,0
TCGA_to_GEO,GSE26682,GSM656584,fixed_log_expression,svm_rbf,0,0.4858166966360466,0.5918716699706539,0
TCGA_to_GEO,GSE26682,GSM656585,fixed_log_expression,svm_rbf,0,0.4858730583247442,0.5918716699706539,0
TCGA_to_GEO,GSE26682,GSM656586,fixed_log_expression,svm_rbf,0,0.4858312878926004,0.5918716699706539,0
TCGA_to_GEO,GSE26682,GSM656587,fixed_log_expression,svm_rbf,0,0.4858779868524631,0.5918716699706539,0
TCGA_to_GEO,GSE26682,GSM656590,fixed_log_expression,svm_rbf,1,0.4858676504792469,0.5918716699706539,0
TCGA_to_GEO,GSE26682,GSM656592,fixed_log_expression,svm_rbf,0,0.4857995062100134,0.5918716699706539,0
TCGA_to_GEO,GSE26682,GSM656596,fixed_log_expression,svm_rbf,0,0.4857918312028372,0.5918716699706539,0
TCGA_to_GEO,GSE26682,GSM656598,fixed_log_expression,svm_rbf,0,0.4857972007622154,0.5918716699706539,0
TCGA_to_GEO,GSE26682,GSM656601,fixed_log_expression,svm_rbf,0,0.4857930318654898,0.5918716699706539,0
TCGA_to_GEO,GSE26682,GSM656603,fixed_log_expression,svm_rbf,1,0.4858944279019092,0.5918716699706539,0
TCGA_to_GEO,GSE26682,GSM656612,fixed_log_expression,svm_rbf,1,0.4858636377879804,0.5918716699706539,0
TCGA_to_GEO,GSE26682,GSM656613,fixed_log_expression,svm_rbf,0,0.4858168414915446,0.5918716699706539,0
TCGA_to_GEO,GSE26682,GSM656617,fixed_log_expression,svm_rbf,0,0.4858453650808569,0.5918716699706539,0
TCGA_to_GEO,GSE26682,GSM656618,fixed_log_expression,svm_rbf,0,0.4857845639568856,0.5918716699706539,0
TCGA_to_GEO,GSE26682,GSM656625,fixed_log_expression,svm_rbf,0,0.4858503145466486,0.5918716699706539,0
TCGA_to_GEO,GSE26682,GSM656634,fixed_log_expression,svm_rbf,0,0.485846789631811,0.5918716699706539,0
TCGA_to_GEO,GSE26682,GSM656635,fixed_log_expression,svm_rbf,0,0.4857961366601531,0.5918716699706539,0
TCGA_to_GEO,GSE26682,GSM656636,fixed_log_expression,svm_rbf,0,0.4857892357881624,0.5918716699706539,0
TCGA_to_GEO,GSE26682,GSM656639,fixed_log_expression,svm_rbf,0,0.4858298772121282,0.5918716699706539,0
TCGA_to_GEO,GSE26682,GSM656640,fixed_log_expression,svm_rbf,0,0.4858231030078916,0.5918716699706539,0
TCGA_to_GEO,GSE26682,GSM656642,fixed_log_expression,svm_rbf,0,0.4858226082643704,0.5918716699706539,0
TCGA_to_GEO,GSE26682,GSM656644,fixed_log_expression,svm_rbf,0,0.4857962313531977,0.5918716699706539,0
TCGA_to_GEO,GSE26682,GSM656657,fixed_log_expression,svm_rbf,0,0.4858418849296099,0.5918716699706539,0
TCGA_to_GEO,GSE26682,GSM656662,fixed_log_expression,svm_rbf,0,0.4858085491604622,0.5918716699706539,0
TCGA_to_GEO,GSE26682,GSM656663,fixed_log_expression,svm_rbf,0,0.485804060178279,0.5918716699706539,0
TCGA_to_GEO,GSE26682,GSM656669,fixed_log_expression,svm_rbf,1,0.4858656854416694,0.5918716699706539,0
TCGA_to_GEO,GSE26682,GSM656672,fixed_log_expression,svm_rbf,0,0.4858009946889489,0.5918716699706539,0
TCGA_to_GEO,GSE26682,GSM656675,fixed_log_expression,svm_rbf,0,0.4858078933866321,0.5918716699706539,0
TCGA_to_GEO,GSE26682,GSM656676,fixed_log_expression,svm_rbf,0,0.4858082288308328,0.5918716699706539,0
TCGA_to_GEO,GSE26682,GSM656678,fixed_log_expression,svm_rbf,0,0.4858404228080972,0.5918716699706539,0
TCGA_to_GEO,GSE26682,GSM656679,fixed_log_expression,svm_rbf,1,0.4858250240539102,0.5918716699706539,0
TCGA_to_GEO,GSE26682,GSM656683,fixed_log_expression,svm_rbf,0,0.4857939166465009,0.5918716699706539,0
TCGA_to_GEO,GSE26682,GSM656687,fixed_log_expression,svm_rbf,0,0.4858350837435407,0.5918716699706539,0
TCGA_to_GEO,GSE26682,GSM656691,fixed_log_expression,svm_rbf,0,0.4858181077177823,0.5918716699706539,0
TCGA_to_GEO,GSE26682,GSM656692,fixed_log_expression,svm_rbf,0,0.4858803087373168,0.5918716699706539,0
TCGA_to_GEO,GSE26682,GSM656693,fixed_log_expression,svm_rbf,0,0.4858660793557656,0.5918716699706539,0
TCGA_to_GEO,GSE26682,GSM656695,fixed_log_expression,svm_rbf,0,0.4857809265668411,0.5918716699706539,0
TCGA_to_GEO,GSE26682,GSM656698,fixed_log_expression,svm_rbf,0,0.4858334008587681,0.5918716699706539,0
TCGA_to_GEO,GSE26682,GSM656699,fixed_log_expression,svm_rbf,0,0.4858220033026346,0.5918716699706539,0
TCGA_to_GEO,GSE26682,GSM656700,fixed_log_expression,svm_rbf,0,0.485829042924981,0.5918716699706539,0
TCGA_to_GEO,GSE26682,GSM656701,fixed_log_expression,svm_rbf,0,0.4858496864225146,0.5918716699706539,0
TCGA_to_GEO,GSE26682,GSM656702,fixed_log_expression,svm_rbf,0,0.4858334748267771,0.5918716699706539,0
TCGA_to_GEO,GSE26682,GSM656703,fixed_log_expression,svm_rbf,0,0.485824212238325,0.5918716699706539,0
TCGA_to_GEO,GSE26682,GSM656704,fixed_log_expression,svm_rbf,0,0.485801984041708,0.5918716699706539,0
TCGA_to_GEO,GSE26682,GSM656705,fixed_log_expression,svm_rbf,0,0.4858438200509101,0.5918716699706539,0
TCGA_to_GEO,GSE26682,GSM656707,fixed_log_expression,svm_rbf,0,0.4858096354689429,0.5918716699706539,0
TCGA_to_GEO,GSE26682,GSM656710,fixed_log_expression,svm_rbf,0,0.4858122604483543,0.5918716699706539,0
TCGA_to_GEO,GSE26682,GSM656711,fixed_log_expression,svm_rbf,0,0.4858675589536133,0.5918716699706539,0
TCGA_to_GEO,GSE26682,GSM656714,fixed_log_expression,svm_rbf,0,0.4857961885421007,0.5918716699706539,0
TCGA_to_GEO,GSE26682,GSM656715,fixed_log_expression,svm_rbf,0,0.4858792331751893,0.5918716699706539,0
TCGA_to_GEO,GSE26682,GSM656720,fixed_log_expression,svm_rbf,0,0.485799745527851,0.5918716699706539,0
TCGA_to_GEO,GSE26682,GSM656721,fixed_log_expression,svm_rbf,0,0.4858132162393228,0.5918716699706539,0
TCGA_to_GEO,GSE26682,GSM656726,fixed_log_expression,svm_rbf,0,0.4859316167527578,0.5918716699706539,0
TCGA_to_GEO,GSE26682,GSM656732,fixed_log_expression,svm_rbf,0,0.4857931878426277,0.5918716699706539,0
TCGA_to_GEO,GSE26682,GSM656735,fixed_log_expression,svm_rbf,0,0.4858093505822068,0.5918716699706539,0
TCGA_to_GEO,GSE26682,GSM656736,fixed_log_expression,svm_rbf,1,0.4858266399899211,0.5918716699706539,0
TCGA_to_GEO,GSE26682,GSM656737,fixed_log_expression,svm_rbf,0,0.4858628286512373,0.5918716699706539,0
TCGA_to_GEO,GSE26682,GSM656739,fixed_log_expression,svm_rbf,0,0.4858507830380244,0.5918716699706539,0
TCGA_to_GEO,GSE26682,GSM656742,fixed_log_expression,svm_rbf,0,0.4858037355517031,0.5918716699706539,0
TCGA_to_GEO,GSE26682,GSM656749,fixed_log_expression,svm_rbf,0,0.4857986698300244,0.5918716699706539,0
TCGA_to_GEO,GSE26682,GSM656768,fixed_log_expression,svm_rbf,0,0.4857873070785478,0.5918716699706539,0
TCGA_to_GEO,GSE26682,GSM656769,fixed_log_expression,svm_rbf,0,0.4857784784736105,0.5918716699706539,0
TCGA_to_GEO,GSE26682,GSM656770,fixed_log_expression,svm_rbf,0,0.4858213690037513,0.5918716699706539,0
TCGA_to_GEO,GSE26682,GSM656772,fixed_log_expression,svm_rbf,0,0.4858025243953633,0.5918716699706539,0
TCGA_to_GEO,GSE26682,GSM656775,fixed_log_expression,svm_rbf,0,0.4858091614196969,0.5918716699706539,0
TCGA_to_GEO,GSE26682,GSM656776,fixed_log_expression,svm_rbf,0,0.4858065616997793,0.5918716699706539,0
TCGA_to_GEO,GSE26682,GSM656777,fixed_log_expression,svm_rbf,0,0.4858157709930976,0.5918716699706539,0
TCGA_to_GEO,GSE26682,GSM656783,fixed_log_expression,svm_rbf,0,0.4858061537564432,0.5918716699706539,0
TCGA_to_GEO,GSE26682,GSM656785,fixed_log_expression,svm_rbf,0,0.4858332269695453,0.5918716699706539,0
TCGA_to_GEO,GSE26682,GSM656787,fixed_log_expression,svm_rbf,0,0.4858503198013751,0.5918716699706539,0
TCGA_to_GEO,GSE26682,GSM656794,fixed_log_expression,svm_rbf,0,0.4858112699752073,0.5918716699706539,0
TCGA_to_GEO,GSE26682,GSM656800,fixed_log_expression,svm_rbf,0,0.4858098273380407,0.5918716699706539,0
TCGA_to_GEO,GSE26682,GSM656803,fixed_log_expression,svm_rbf,0,0.4858242649632971,0.5918716699706539,0
TCGA_to_GEO,GSE26682,GSM656804,fixed_log_expression,svm_rbf,0,0.4858235826654333,0.5918716699706539,0
TCGA_to_GEO,GSE26682,GSM656806,fixed_log_expression,svm_rbf,0,0.4857917961533164,0.5918716699706539,0
TCGA_to_GEO,GSE26682,GSM656809,fixed_log_expression,svm_rbf,0,0.4857985666006546,0.5918716699706539,0
TCGA_to_GEO,GSE26682,GSM656811,fixed_log_expression,svm_rbf,0,0.4858318305187084,0.5918716699706539,0
TCGA_to_GEO,GSE26682,GSM656816,fixed_log_expression,svm_rbf,0,0.4858052635552846,0.5918716699706539,0
TCGA_to_GEO,GSE26682,GSM656819,fixed_log_expression,svm_rbf,0,0.485806958375804,0.5918716699706539,0
TCGA_to_GEO,GSE26682,GSM656820,fixed_log_expression,svm_rbf,1,0.4858465264935881,0.5918716699706539,0
TCGA_to_GEO,GSE26682,GSM656822,fixed_log_expression,svm_rbf,0,0.4858481292097991,0.5918716699706539,0
TCGA_to_GEO,GSE26682,GSM656824,fixed_log_expression,svm_rbf,0,0.4858274297109038,0.5918716699706539,0
TCGA_to_GEO,GSE26682,GSM656825,fixed_log_expression,svm_rbf,0,0.4858439718741135,0.5918716699706539,0
TCGA_to_GEO,GSE26682,GSM656830,fixed_log_expression,svm_rbf,0,0.4857877552899158,0.5918716699706539,0
TCGA_to_GEO,GSE26682,GSM656831,fixed_log_expression,svm_rbf,0,0.4858243131896006,0.5918716699706539,0
TCGA_to_GEO,GSE26682,GSM656832,fixed_log_expression,svm_rbf,0,0.4857853092981342,0.5918716699706539,0
TCGA_to_GEO,GSE26682,GSM656833,fixed_log_expression,svm_rbf,0,0.4858250211295635,0.5918716699706539,0
TCGA_to_GEO,GSE26682,GSM656834,fixed_log_expression,svm_rbf,0,0.4858046004111607,0.5918716699706539,0
TCGA_to_GEO,GSE26682,GSM656836,fixed_log_expression,svm_rbf,0,0.4858000107334569,0.5918716699706539,0
TCGA_to_GEO,GSE26682,GSM656837,fixed_log_expression,svm_rbf,1,0.4858601075802983,0.5918716699706539,0
TCGA_to_GEO,GSE26682,GSM656840,fixed_log_expression,svm_rbf,0,0.4857885681260879,0.5918716699706539,0
TCGA_to_GEO,GSE26682,GSM656841,fixed_log_expression,svm_rbf,0,0.485832441102603,0.5918716699706539,0
TCGA_to_GEO,GSE26682,GSM656842,fixed_log_expression,svm_rbf,1,0.4858754585277493,0.5918716699706539,0
TCGA_to_GEO,GSE26682,GSM656843,fixed_log_expression,svm_rbf,0,0.4857934163181786,0.5918716699706539,0
TCGA_to_GEO,GSE26682,GSM656845,fixed_log_expression,svm_rbf,0,0.485803364047644,0.5918716699706539,0
TCGA_to_GEO,GSE26682,GSM656846,fixed_log_expression,svm_rbf,0,0.4858535877941403,0.5918716699706539,0
TCGA_to_GEO,GSE26682,GSM656847,fixed_log_expression,svm_rbf,0,0.4858028663797228,0.5918716699706539,0
TCGA_to_GEO,GSE26682,GSM656849,fixed_log_expression,svm_rbf,1,0.4858880999763861,0.5918716699706539,0
TCGA_to_GEO,GSE26682,GSM656850,fixed_log_expression,svm_rbf,1,0.4857850366281801,0.5918716699706539,0
TCGA_to_GEO,GSE26682,GSM656851,fixed_log_expression,svm_rbf,1,0.4858442864824758,0.5918716699706539,0
TCGA_to_GEO,GSE26682,GSM656853,fixed_log_expression,svm_rbf,0,0.4858008290202574,0.5918716699706539,0
TCGA_to_GEO,GSE26682,GSM656854,fixed_log_expression,svm_rbf,1,0.4859007524162068,0.5918716699706539,0
TCGA_to_GEO,GSE26682,GSM656857,fixed_log_expression,svm_rbf,0,0.4858047024853598,0.5918716699706539,0
TCGA_to_GEO,GSE26682,GSM656858,fixed_log_expression,svm_rbf,0,0.4858175629414952,0.5918716699706539,0
TCGA_to_GEO,GSE26682,GSM656859,fixed_log_expression,svm_rbf,0,0.4858887559846354,0.5918716699706539,0
TCGA_to_GEO,GSE26682,GSM656860,fixed_log_expression,svm_rbf,0,0.4858119823877325,0.5918716699706539,0
TCGA_to_GEO,GSE26682,GSM656861,fixed_log_expression,svm_rbf,0,0.4858014435311432,0.5918716699706539,0
TCGA_to_GEO,GSE26682,GSM656863,fixed_log_expression,svm_rbf,0,0.4858006281698185,0.5918716699706539,0
TCGA_to_GEO,GSE26682,GSM656864,fixed_log_expression,svm_rbf,1,0.4858292702450589,0.5918716699706539,0
TCGA_to_GEO,GSE26682,GSM656865,fixed_log_expression,svm_rbf,1,0.4858284835680367,0.5918716699706539,0
TCGA_to_GEO,GSE26682,GSM656867,fixed_log_expression,svm_rbf,0,0.4858521262735257,0.5918716699706539,0
TCGA_to_GEO,GSE26682,GSM656868,fixed_log_expression,svm_rbf,0,0.4858233367451608,0.5918716699706539,0
TCGA_to_GEO,GSE26682,GSM656869,fixed_log_expression,svm_rbf,0,0.4857960242358462,0.5918716699706539,0
TCGA_to_GEO,GSE26682,GSM656870,fixed_log_expression,svm_rbf,0,0.4858186350582186,0.5918716699706539,0
TCGA_to_GEO,GSE39084,GSM955440,fixed_log_expression,svm_rbf,0,0.5,0.5918716699706539,0
TCGA_to_GEO,GSE39084,GSM955441,fixed_log_expression,svm_rbf,0,0.4703151548812366,0.5918716699706539,0
TCGA_to_GEO,GSE39084,GSM955442,fixed_log_expression,svm_rbf,0,0.5175435034694608,0.5918716699706539,0
TCGA_to_GEO,GSE39084,GSM955443,fixed_log_expression,svm_rbf,0,0.4592104940080199,0.5918716699706539,0
TCGA_to_GEO,GSE39084,GSM955444,fixed_log_expression,svm_rbf,0,0.5197384848802785,0.5918716699706539,0
TCGA_to_GEO,GSE39084,GSM955445,fixed_log_expression,svm_rbf,0,0.4479139795196555,0.5918716699706539,0
TCGA_to_GEO,GSE39084,GSM955446,fixed_log_expression,svm_rbf,0,0.494554089993581,0.5918716699706539,0
TCGA_to_GEO,GSE39084,GSM955447,fixed_log_expression,svm_rbf,1,0.5504134530545457,0.5918716699706539,0
TCGA_to_GEO,GSE39084,GSM955448,fixed_log_expression,svm_rbf,1,0.5304193944674201,0.5918716699706539,0
TCGA_to_GEO,GSE39084,GSM955449,fixed_log_expression,svm_rbf,0,0.4588748590277439,0.5918716699706539,0
TCGA_to_GEO,GSE39084,GSM955450,fixed_log_expression,svm_rbf,0,0.4536263340217072,0.5918716699706539,0
TCGA_to_GEO,GSE39084,GSM955451,fixed_log_expression,svm_rbf,0,0.4634491906082501,0.5918716699706539,0
TCGA_to_GEO,GSE39084,GSM955452,fixed_log_expression,svm_rbf,0,0.4680610188838093,0.5918716699706539,0
TCGA_to_GEO,GSE39084,GSM955453,fixed_log_expression,svm_rbf,0,0.4556904444432422,0.5918716699706539,0
TCGA_to_GEO,GSE39084,GSM955455,fixed_log_expression,svm_rbf,0,0.5348971123473585,0.5918716699706539,0
TCGA_to_GEO,GSE39084,GSM955456,fixed_log_expression,svm_rbf,0,0.4577099968160228,0.5918716699706539,0
TCGA_to_GEO,GSE39084,GSM955457,fixed_log_expression,svm_rbf,0,0.5216579597193794,0.5918716699706539,0
TCGA_to_GEO,GSE39084,GSM955458,fixed_log_expression,svm_rbf,1,0.5322230290918537,0.5918716699706539,0
TCGA_to_GEO,GSE39084,GSM955459,fixed_log_expression,svm_rbf,1,0.5677135849261624,0.5918716699706539,0
TCGA_to_GEO,GSE39084,GSM955460,fixed_log_expression,svm_rbf,1,0.5288369636443666,0.5918716699706539,0
TCGA_to_GEO,GSE39084,GSM955461,fixed_log_expression,svm_rbf,1,0.5,0.5918716699706539,0
TCGA_to_GEO,GSE39084,GSM955462,fixed_log_expression,svm_rbf,0,0.5281281421880303,0.5918716699706539,0
TCGA_to_GEO,GSE39084,GSM955463,fixed_log_expression,svm_rbf,0,0.5211901454067474,0.5918716699706539,0
TCGA_to_GEO,GSE39084,GSM955464,fixed_log_expression,svm_rbf,0,0.4715995566652186,0.5918716699706539,0
TCGA_to_GEO,GSE39084,GSM955466,fixed_log_expression,svm_rbf,1,0.5476640931598908,0.5918716699706539,0
TCGA_to_GEO,GSE39084,GSM955467,fixed_log_expression,svm_rbf,1,0.5300007354812956,0.5918716699706539,0
TCGA_to_GEO,GSE39084,GSM955468,fixed_log_expression,svm_rbf,1,0.5954778992928619,0.5918716699706539,1
TCGA_to_GEO,GSE39084,GSM955469,fixed_log_expression,svm_rbf,1,0.5628948510732737,0.5918716699706539,0
TCGA_to_GEO,GSE39084,GSM955470,fixed_log_expression,svm_rbf,1,0.5688002086403526,0.5918716699706539,0
TCGA_to_GEO,GSE39084,GSM955471,fixed_log_expression,svm_rbf,1,0.5733736124285556,0.5918716699706539,0
TCGA_to_GEO,GSE39084,GSM955472,fixed_log_expression,svm_rbf,1,0.5558190806272831,0.5918716699706539,0
TCGA_to_GEO,GSE39084,GSM955473,fixed_log_expression,svm_rbf,1,0.5472208266898089,0.5918716699706539,0
TCGA_to_GEO,GSE39084,GSM955474,fixed_log_expression,svm_rbf,0,0.5055406452179054,0.5918716699706539,0
TCGA_to_GEO,GSE39084,GSM955475,fixed_log_expression,svm_rbf,0,0.4875878382262765,0.5918716699706539,0
TCGA_to_GEO,GSE39084,GSM955476,fixed_log_expression,svm_rbf,0,0.5,0.5918716699706539,0
TCGA_to_GEO,GSE39084,GSM955477,fixed_log_expression,svm_rbf,0,0.5544143758473526,0.5918716699706539,0
TCGA_to_GEO,GSE39084,GSM955478,fixed_log_expression,svm_rbf,0,0.5197813114497105,0.5918716699706539,0
TCGA_to_GEO,GSE39084,GSM955479,fixed_log_expression,svm_rbf,0,0.5,0.5918716699706539,0
TCGA_to_GEO,GSE39084,GSM955480,fixed_log_expression,svm_rbf,0,0.4606306770850292,0.5918716699706539,0
TCGA_to_GEO,GSE39084,GSM955482,fixed_log_expression,svm_rbf,0,0.4695019244689871,0.5918716699706539,0
TCGA_to_GEO,GSE39084,GSM955483,fixed_log_expression,svm_rbf,0,0.5052105454974961,0.5918716699706539,0
TCGA_to_GEO,GSE39084,GSM955484,fixed_log_expression,svm_rbf,0,0.477181743567454,0.5918716699706539,0
TCGA_to_GEO,GSE39084,GSM955485,fixed_log_expression,svm_rbf,0,0.5154618367231275,0.5918716699706539,0
TCGA_to_GEO,GSE39084,GSM955486,fixed_log_expression,svm_rbf,0,0.5,0.5918716699706539,0
TCGA_to_GEO,GSE39084,GSM955487,fixed_log_expression,svm_rbf,0,0.5317885244440848,0.5918716699706539,0
TCGA_to_GEO,GSE39084,GSM955488,fixed_log_expression,svm_rbf,0,0.5283268503653172,0.5918716699706539,0
TCGA_to_GEO,GSE39084,GSM955489,fixed_log_expression,svm_rbf,0,0.5,0.5918716699706539,0
TCGA_to_GEO,GSE39084,GSM955490,fixed_log_expression,svm_rbf,0,0.4524049094100124,0.5918716699706539,0
TCGA_to_GEO,GSE39084,GSM955491,fixed_log_expression,svm_rbf,0,0.4859197704330877,0.5918716699706539,0
TCGA_to_GEO,GSE39084,GSM955492,fixed_log_expression,svm_rbf,0,0.4438486214228289,0.5918716699706539,0
TCGA_to_GEO,GSE39084,GSM955493,fixed_log_expression,svm_rbf,0,0.4624118281505811,0.5918716699706539,0
TCGA_to_GEO,GSE39084,GSM955494,fixed_log_expression,svm_rbf,0,0.5251386960241547,0.5918716699706539,0
TCGA_to_GEO,GSE39084,GSM955495,fixed_log_expression,svm_rbf,0,0.4872311650900123,0.5918716699706539,0
TCGA_to_GEO,GSE39084,GSM955496,fixed_log_expression,svm_rbf,0,0.4664435603036603,0.5918716699706539,0
TCGA_to_GEO,GSE39084,GSM955497,fixed_log_expression,svm_rbf,0,0.4575727915374981,0.5918716699706539,0
TCGA_to_GEO,GSE39084,GSM955498,fixed_log_expression,svm_rbf,0,0.4732292331609481,0.5918716699706539,0
TCGA_to_GEO,GSE39084,GSM955499,fixed_log_expression,svm_rbf,0,0.5439072594478475,0.5918716699706539,0
TCGA_to_GEO,GSE39084,GSM955500,fixed_log_expression,svm_rbf,0,0.5609357854629146,0.5918716699706539,0
TCGA_to_GEO,GSE39084,GSM955501,fixed_log_expression,svm_rbf,0,0.5144201894523437,0.5918716699706539,0
TCGA_to_GEO,GSE39084,GSM955502,fixed_log_expression,svm_rbf,0,0.5253569593387213,0.5918716699706539,0
TCGA_to_GEO,GSE39084,GSM955503,fixed_log_expression,svm_rbf,0,0.4940847165168549,0.5918716699706539,0
TCGA_to_GEO,GSE39084,GSM955504,fixed_log_expression,svm_rbf,0,0.5363752417872925,0.5918716699706539,0
TCGA_to_GEO,GSE39084,GSM955505,fixed_log_expression,svm_rbf,0,0.4797921661559273,0.5918716699706539,0
TCGA_to_GEO,GSE39084,GSM955506,fixed_log_expression,svm_rbf,0,0.4407185924679684,0.5918716699706539,0
TCGA_to_GEO,GSE39084,GSM955507,fixed_log_expression,svm_rbf,0,0.453679517475113,0.5918716699706539,0
TCGA_to_GEO,GSE39084,GSM955508,fixed_log_expression,svm_rbf,1,0.5974219822073878,0.5918716699706539,1
TCGA_to_GEO,GSE39084,GSM955509,fixed_log_expression,svm_rbf,1,0.5480515709883536,0.5918716699706539,0
TCGA_to_GEO,GSE13294,GSM335510,fixed_log_expression,xgboost,0,0.2555682063102722,0.2580522000789642,0
TCGA_to_GEO,GSE13294,GSM335511,fixed_log_expression,xgboost,1,0.4762377440929413,0.2580522000789642,1
TCGA_to_GEO,GSE13294,GSM335512,fixed_log_expression,xgboost,0,0.1938051879405975,0.2580522000789642,0
TCGA_to_GEO,GSE13294,GSM335513,fixed_log_expression,xgboost,0,0.1430453509092331,0.2580522000789642,0
TCGA_to_GEO,GSE13294,GSM335514,fixed_log_expression,xgboost,0,0.1156888678669929,0.2580522000789642,0
TCGA_to_GEO,GSE13294,GSM335515,fixed_log_expression,xgboost,0,0.2542198598384857,0.2580522000789642,0
TCGA_to_GEO,GSE13294,GSM335516,fixed_log_expression,xgboost,0,0.0980338156223297,0.2580522000789642,0
TCGA_to_GEO,GSE13294,GSM335517,fixed_log_expression,xgboost,0,0.1241139248013496,0.2580522000789642,0
TCGA_to_GEO,GSE13294,GSM335518,fixed_log_expression,xgboost,1,0.2597178220748901,0.2580522000789642,1
TCGA_to_GEO,GSE13294,GSM335519,fixed_log_expression,xgboost,1,0.2267699986696243,0.2580522000789642,0
TCGA_to_GEO,GSE13294,GSM335520,fixed_log_expression,xgboost,0,0.1539159119129181,0.2580522000789642,0
TCGA_to_GEO,GSE13294,GSM335521,fixed_log_expression,xgboost,0,0.15422223508358,0.2580522000789642,0
TCGA_to_GEO,GSE13294,GSM335522,fixed_log_expression,xgboost,0,0.1616797596216201,0.2580522000789642,0
TCGA_to_GEO,GSE13294,GSM335523,fixed_log_expression,xgboost,0,0.1961563229560852,0.2580522000789642,0
TCGA_to_GEO,GSE13294,GSM335524,fixed_log_expression,xgboost,0,0.2551110386848449,0.2580522000789642,0
TCGA_to_GEO,GSE13294,GSM335525,fixed_log_expression,xgboost,1,0.2596042156219482,0.2580522000789642,1
TCGA_to_GEO,GSE13294,GSM335526,fixed_log_expression,xgboost,0,0.0861920490860939,0.2580522000789642,0
TCGA_to_GEO,GSE13294,GSM335527,fixed_log_expression,xgboost,1,0.4597612023353576,0.2580522000789642,1
TCGA_to_GEO,GSE13294,GSM335528,fixed_log_expression,xgboost,0,0.1507569253444671,0.2580522000789642,0
TCGA_to_GEO,GSE13294,GSM335529,fixed_log_expression,xgboost,1,0.3912698626518249,0.2580522000789642,1
TCGA_to_GEO,GSE13294,GSM335530,fixed_log_expression,xgboost,1,0.4347253441810608,0.2580522000789642,1
TCGA_to_GEO,GSE13294,GSM335531,fixed_log_expression,xgboost,0,0.2243080586194992,0.2580522000789642,0
TCGA_to_GEO,GSE13294,GSM335532,fixed_log_expression,xgboost,1,0.3065780103206634,0.2580522000789642,1
TCGA_to_GEO,GSE13294,GSM335533,fixed_log_expression,xgboost,0,0.1225513145327568,0.2580522000789642,0
TCGA_to_GEO,GSE13294,GSM335534,fixed_log_expression,xgboost,0,0.2270188927650451,0.2580522000789642,0
TCGA_to_GEO,GSE13294,GSM335535,fixed_log_expression,xgboost,0,0.1033775955438613,0.2580522000789642,0
TCGA_to_GEO,GSE13294,GSM335536,fixed_log_expression,xgboost,0,0.104527436196804,0.2580522000789642,0
TCGA_to_GEO,GSE13294,GSM335537,fixed_log_expression,xgboost,0,0.2344702333211898,0.2580522000789642,0
TCGA_to_GEO,GSE13294,GSM335538,fixed_log_expression,xgboost,0,0.157705470919609,0.2580522000789642,0
TCGA_to_GEO,GSE13294,GSM335539,fixed_log_expression,xgboost,0,0.1247861161828041,0.2580522000789642,0
TCGA_to_GEO,GSE13294,GSM335540,fixed_log_expression,xgboost,0,0.1504238098859787,0.2580522000789642,0
TCGA_to_GEO,GSE13294,GSM335541,fixed_log_expression,xgboost,1,0.3534043431282043,0.2580522000789642,1
TCGA_to_GEO,GSE13294,GSM335542,fixed_log_expression,xgboost,1,0.4510022699832916,0.2580522000789642,1
TCGA_to_GEO,GSE13294,GSM335543,fixed_log_expression,xgboost,1,0.2980763912200928,0.2580522000789642,1
TCGA_to_GEO,GSE13294,GSM335544,fixed_log_expression,xgboost,1,0.6000174880027771,0.2580522000789642,1
TCGA_to_GEO,GSE13294,GSM335545,fixed_log_expression,xgboost,1,0.436559796333313,0.2580522000789642,1
TCGA_to_GEO,GSE13294,GSM335546,fixed_log_expression,xgboost,1,0.4893970489501953,0.2580522000789642,1
TCGA_to_GEO,GSE13294,GSM335547,fixed_log_expression,xgboost,0,0.3589241206645965,0.2580522000789642,1
TCGA_to_GEO,GSE13294,GSM335548,fixed_log_expression,xgboost,0,0.1985163241624832,0.2580522000789642,0
TCGA_to_GEO,GSE13294,GSM335549,fixed_log_expression,xgboost,0,0.1829920411109924,0.2580522000789642,0
TCGA_to_GEO,GSE13294,GSM335550,fixed_log_expression,xgboost,0,0.2240281850099563,0.2580522000789642,0
TCGA_to_GEO,GSE13294,GSM335551,fixed_log_expression,xgboost,1,0.1361840218305587,0.2580522000789642,0
TCGA_to_GEO,GSE13294,GSM335552,fixed_log_expression,xgboost,0,0.2532221674919128,0.2580522000789642,0
TCGA_to_GEO,GSE13294,GSM335553,fixed_log_expression,xgboost,0,0.1453024446964264,0.2580522000789642,0
TCGA_to_GEO,GSE13294,GSM335554,fixed_log_expression,xgboost,0,0.0477109625935554,0.2580522000789642,0
TCGA_to_GEO,GSE13294,GSM335555,fixed_log_expression,xgboost,1,0.6136757135391235,0.2580522000789642,1
TCGA_to_GEO,GSE13294,GSM335556,fixed_log_expression,xgboost,0,0.0916426181793212,0.2580522000789642,0
TCGA_to_GEO,GSE13294,GSM335557,fixed_log_expression,xgboost,0,0.0634476169943809,0.2580522000789642,0
TCGA_to_GEO,GSE13294,GSM335558,fixed_log_expression,xgboost,0,0.1305658370256424,0.2580522000789642,0
TCGA_to_GEO,GSE13294,GSM335559,fixed_log_expression,xgboost,1,0.440798282623291,0.2580522000789642,1
TCGA_to_GEO,GSE13294,GSM335560,fixed_log_expression,xgboost,1,0.5386398434638977,0.2580522000789642,1
TCGA_to_GEO,GSE13294,GSM335561,fixed_log_expression,xgboost,0,0.0686830431222915,0.2580522000789642,0
TCGA_to_GEO,GSE13294,GSM335562,fixed_log_expression,xgboost,1,0.5240994691848755,0.2580522000789642,1
TCGA_to_GEO,GSE13294,GSM335563,fixed_log_expression,xgboost,1,0.4583701491355896,0.2580522000789642,1
TCGA_to_GEO,GSE13294,GSM335564,fixed_log_expression,xgboost,0,0.1241476312279701,0.2580522000789642,0
TCGA_to_GEO,GSE13294,GSM335565,fixed_log_expression,xgboost,1,0.5495343804359436,0.2580522000789642,1
TCGA_to_GEO,GSE13294,GSM335566,fixed_log_expression,xgboost,1,0.4501550197601318,0.2580522000789642,1
TCGA_to_GEO,GSE13294,GSM335567,fixed_log_expression,xgboost,0,0.1620078086853027,0.2580522000789642,0
TCGA_to_GEO,GSE13294,GSM335568,fixed_log_expression,xgboost,0,0.1108575165271759,0.2580522000789642,0
TCGA_to_GEO,GSE13294,GSM335569,fixed_log_expression,xgboost,0,0.1090072095394134,0.2580522000789642,0
TCGA_to_GEO,GSE13294,GSM335570,fixed_log_expression,xgboost,0,0.5924915671348572,0.2580522000789642,1
TCGA_to_GEO,GSE13294,GSM335571,fixed_log_expression,xgboost,0,0.1226725652813911,0.2580522000789642,0
TCGA_to_GEO,GSE13294,GSM335572,fixed_log_expression,xgboost,0,0.2738284468650818,0.2580522000789642,1
TCGA_to_GEO,GSE13294,GSM335573,fixed_log_expression,xgboost,1,0.0580729953944683,0.2580522000789642,0
TCGA_to_GEO,GSE13294,GSM335574,fixed_log_expression,xgboost,1,0.4979918599128723,0.2580522000789642,1
TCGA_to_GEO,GSE13294,GSM335575,fixed_log_expression,xgboost,0,0.1669503599405288,0.2580522000789642,0
TCGA_to_GEO,GSE13294,GSM335576,fixed_log_expression,xgboost,1,0.5270417332649231,0.2580522000789642,1
TCGA_to_GEO,GSE13294,GSM335577,fixed_log_expression,xgboost,1,0.4344459772109985,0.2580522000789642,1
TCGA_to_GEO,GSE13294,GSM335578,fixed_log_expression,xgboost,1,0.3655879199504852,0.2580522000789642,1
TCGA_to_GEO,GSE13294,GSM335579,fixed_log_expression,xgboost,0,0.2315317988395691,0.2580522000789642,0
TCGA_to_GEO,GSE13294,GSM335580,fixed_log_expression,xgboost,0,0.4098143577575683,0.2580522000789642,1
TCGA_to_GEO,GSE13294,GSM335581,fixed_log_expression,xgboost,0,0.1687933802604675,0.2580522000789642,0
TCGA_to_GEO,GSE13294,GSM335582,fixed_log_expression,xgboost,0,0.1047671511769294,0.2580522000789642,0
TCGA_to_GEO,GSE13294,GSM335583,fixed_log_expression,xgboost,0,0.1037984117865562,0.2580522000789642,0
TCGA_to_GEO,GSE13294,GSM335584,fixed_log_expression,xgboost,0,0.0527626387774944,0.2580522000789642,0
TCGA_to_GEO,GSE13294,GSM335585,fixed_log_expression,xgboost,1,0.5000116229057312,0.2580522000789642,1
TCGA_to_GEO,GSE13294,GSM335586,fixed_log_expression,xgboost,0,0.1394430845975875,0.2580522000789642,0
TCGA_to_GEO,GSE13294,GSM335587,fixed_log_expression,xgboost,0,0.3358775079250335,0.2580522000789642,1
TCGA_to_GEO,GSE13294,GSM335588,fixed_log_expression,xgboost,0,0.1143027544021606,0.2580522000789642,0
TCGA_to_GEO,GSE13294,GSM335589,fixed_log_expression,xgboost,0,0.1907880902290344,0.2580522000789642,0
TCGA_to_GEO,GSE13294,GSM335590,fixed_log_expression,xgboost,0,0.1455325633287429,0.2580522000789642,0
TCGA_to_GEO,GSE13294,GSM335591,fixed_log_expression,xgboost,0,0.1204011589288711,0.2580522000789642,0
TCGA_to_GEO,GSE13294,GSM335592,fixed_log_expression,xgboost,0,0.1167461648583412,0.2580522000789642,0
TCGA_to_GEO,GSE13294,GSM335593,fixed_log_expression,xgboost,0,0.3048085570335388,0.2580522000789642,1
TCGA_to_GEO,GSE13294,GSM335594,fixed_log_expression,xgboost,0,0.0964789986610412,0.2580522000789642,0
TCGA_to_GEO,GSE13294,GSM335595,fixed_log_expression,xgboost,1,0.4714600741863251,0.2580522000789642,1
TCGA_to_GEO,GSE13294,GSM335596,fixed_log_expression,xgboost,0,0.3102499544620514,0.2580522000789642,1
TCGA_to_GEO,GSE13294,GSM335597,fixed_log_expression,xgboost,1,0.3225826919078827,0.2580522000789642,1
TCGA_to_GEO,GSE13294,GSM335598,fixed_log_expression,xgboost,0,0.1227999180555343,0.2580522000789642,0
TCGA_to_GEO,GSE13294,GSM335599,fixed_log_expression,xgboost,0,0.2861575484275818,0.2580522000789642,1
TCGA_to_GEO,GSE13294,GSM335600,fixed_log_expression,xgboost,0,0.0504683032631874,0.2580522000789642,0
TCGA_to_GEO,GSE13294,GSM335601,fixed_log_expression,xgboost,0,0.1560590714216232,0.2580522000789642,0
TCGA_to_GEO,GSE13294,GSM335602,fixed_log_expression,xgboost,0,0.1862152069807052,0.2580522000789642,0
TCGA_to_GEO,GSE13294,GSM335603,fixed_log_expression,xgboost,0,0.0813683569431305,0.2580522000789642,0
TCGA_to_GEO,GSE13294,GSM335604,fixed_log_expression,xgboost,0,0.1739083379507064,0.2580522000789642,0
TCGA_to_GEO,GSE13294,GSM335605,fixed_log_expression,xgboost,0,0.1331335753202438,0.2580522000789642,0
TCGA_to_GEO,GSE13294,GSM335606,fixed_log_expression,xgboost,0,0.065986156463623,0.2580522000789642,0
TCGA_to_GEO,GSE13294,GSM335607,fixed_log_expression,xgboost,0,0.3209407329559326,0.2580522000789642,1
TCGA_to_GEO,GSE13294,GSM335608,fixed_log_expression,xgboost,0,0.4030375480651855,0.2580522000789642,1
TCGA_to_GEO,GSE13294,GSM335609,fixed_log_expression,xgboost,0,0.1205474808812141,0.2580522000789642,0
TCGA_to_GEO,GSE13294,GSM335610,fixed_log_expression,xgboost,0,0.0564455613493919,0.2580522000789642,0
TCGA_to_GEO,GSE13294,GSM335611,fixed_log_expression,xgboost,0,0.2249961197376251,0.2580522000789642,0
TCGA_to_GEO,GSE13294,GSM335612,fixed_log_expression,xgboost,0,0.0849895700812339,0.2580522000789642,0
TCGA_to_GEO,GSE13294,GSM335613,fixed_log_expression,xgboost,0,0.106472447514534,0.2580522000789642,0
TCGA_to_GEO,GSE13294,GSM335614,fixed_log_expression,xgboost,1,0.7875452041625977,0.2580522000789642,1
TCGA_to_GEO,GSE13294,GSM335615,fixed_log_expression,xgboost,0,0.2845511138439178,0.2580522000789642,1
TCGA_to_GEO,GSE13294,GSM335616,fixed_log_expression,xgboost,0,0.0546273030340671,0.2580522000789642,0
TCGA_to_GEO,GSE13294,GSM335617,fixed_log_expression,xgboost,0,0.1085600927472114,0.2580522000789642,0
TCGA_to_GEO,GSE13294,GSM335618,fixed_log_expression,xgboost,1,0.2363830953836441,0.2580522000789642,0
TCGA_to_GEO,GSE13294,GSM335619,fixed_log_expression,xgboost,1,0.7430338263511658,0.2580522000789642,1
TCGA_to_GEO,GSE13294,GSM335620,fixed_log_expression,xgboost,1,0.1925867795944214,0.2580522000789642,0
TCGA_to_GEO,GSE13294,GSM335621,fixed_log_expression,xgboost,1,0.5097710490226746,0.2580522000789642,1
TCGA_to_GEO,GSE13294,GSM335622,fixed_log_expression,xgboost,1,0.3081832528114319,0.2580522000789642,1
TCGA_to_GEO,GSE13294,GSM335623,fixed_log_expression,xgboost,1,0.7497152090072632,0.2580522000789642,1
TCGA_to_GEO,GSE13294,GSM335624,fixed_log_expression,xgboost,1,0.3372160494327545,0.2580522000789642,1
TCGA_to_GEO,GSE13294,GSM335625,fixed_log_expression,xgboost,1,0.3026360869407654,0.2580522000789642,1
TCGA_to_GEO,GSE13294,GSM335626,fixed_log_expression,xgboost,1,0.3184922337532043,0.2580522000789642,1
TCGA_to_GEO,GSE13294,GSM335627,fixed_log_expression,xgboost,1,0.1596129089593887,0.2580522000789642,0
TCGA_to_GEO,GSE13294,GSM335628,fixed_log_expression,xgboost,1,0.3189318478107452,0.2580522000789642,1
TCGA_to_GEO,GSE13294,GSM335629,fixed_log_expression,xgboost,1,0.4490761756896972,0.2580522000789642,1
TCGA_to_GEO,GSE13294,GSM335630,fixed_log_expression,xgboost,1,0.453118085861206,0.2580522000789642,1
TCGA_to_GEO,GSE13294,GSM335631,fixed_log_expression,xgboost,1,0.2993839085102081,0.2580522000789642,1
TCGA_to_GEO,GSE13294,GSM335632,fixed_log_expression,xgboost,1,0.3089330792427063,0.2580522000789642,1
TCGA_to_GEO,GSE13294,GSM335633,fixed_log_expression,xgboost,1,0.2434840202331543,0.2580522000789642,0
TCGA_to_GEO,GSE13294,GSM335634,fixed_log_expression,xgboost,1,0.5080369114875793,0.2580522000789642,1
TCGA_to_GEO,GSE13294,GSM335635,fixed_log_expression,xgboost,1,0.7602550387382507,0.2580522000789642,1
TCGA_to_GEO,GSE13294,GSM335636,fixed_log_expression,xgboost,1,0.0440430156886577,0.2580522000789642,0
TCGA_to_GEO,GSE13294,GSM335637,fixed_log_expression,xgboost,1,0.376678317785263,0.2580522000789642,1
TCGA_to_GEO,GSE13294,GSM335638,fixed_log_expression,xgboost,1,0.4272592961788177,0.2580522000789642,1
TCGA_to_GEO,GSE13294,GSM335639,fixed_log_expression,xgboost,1,0.3863164484500885,0.2580522000789642,1
TCGA_to_GEO,GSE13294,GSM335640,fixed_log_expression,xgboost,1,0.5862512588500977,0.2580522000789642,1
TCGA_to_GEO,GSE13294,GSM335641,fixed_log_expression,xgboost,1,0.469146579504013,0.2580522000789642,1
TCGA_to_GEO,GSE13294,GSM335642,fixed_log_expression,xgboost,1,0.3753638863563537,0.2580522000789642,1
TCGA_to_GEO,GSE13294,GSM335643,fixed_log_expression,xgboost,1,0.550910472869873,0.2580522000789642,1
TCGA_to_GEO,GSE13294,GSM335644,fixed_log_expression,xgboost,1,0.5394459366798401,0.2580522000789642,1
TCGA_to_GEO,GSE13294,GSM335645,fixed_log_expression,xgboost,1,0.5284071564674377,0.2580522000789642,1
TCGA_to_GEO,GSE13294,GSM335646,fixed_log_expression,xgboost,1,0.4115225076675415,0.2580522000789642,1
TCGA_to_GEO,GSE13294,GSM335647,fixed_log_expression,xgboost,1,0.3276219964027405,0.2580522000789642,1
TCGA_to_GEO,GSE13294,GSM335648,fixed_log_expression,xgboost,1,0.1997559070587158,0.2580522000789642,0
TCGA_to_GEO,GSE13294,GSM335649,fixed_log_expression,xgboost,1,0.5364739894866943,0.2580522000789642,1
TCGA_to_GEO,GSE13294,GSM335650,fixed_log_expression,xgboost,1,0.3368717432022095,0.2580522000789642,1
TCGA_to_GEO,GSE13294,GSM335651,fixed_log_expression,xgboost,1,0.1095587536692619,0.2580522000789642,0
TCGA_to_GEO,GSE13294,GSM335652,fixed_log_expression,xgboost,1,0.7780946493148804,0.2580522000789642,1
TCGA_to_GEO,GSE13294,GSM335653,fixed_log_expression,xgboost,1,0.3779196739196777,0.2580522000789642,1
TCGA_to_GEO,GSE13294,GSM335654,fixed_log_expression,xgboost,1,0.4553820788860321,0.2580522000789642,1
TCGA_to_GEO,GSE13294,GSM335655,fixed_log_expression,xgboost,1,0.3495014011859894,0.2580522000789642,1
TCGA_to_GEO,GSE13294,GSM335656,fixed_log_expression,xgboost,1,0.4318616986274719,0.2580522000789642,1
TCGA_to_GEO,GSE13294,GSM335657,fixed_log_expression,xgboost,1,0.4431647062301636,0.2580522000789642,1
TCGA_to_GEO,GSE13294,GSM335658,fixed_log_expression,xgboost,1,0.5662925839424133,0.2580522000789642,1
TCGA_to_GEO,GSE13294,GSM335659,fixed_log_expression,xgboost,1,0.6875481009483337,0.2580522000789642,1
TCGA_to_GEO,GSE13294,GSM335660,fixed_log_expression,xgboost,1,0.4710248112678528,0.2580522000789642,1
TCGA_to_GEO,GSE13294,GSM335661,fixed_log_expression,xgboost,1,0.3105234801769256,0.2580522000789642,1
TCGA_to_GEO,GSE13294,GSM335662,fixed_log_expression,xgboost,1,0.3902276456356048,0.2580522000789642,1
TCGA_to_GEO,GSE13294,GSM335663,fixed_log_expression,xgboost,1,0.3376804292201996,0.2580522000789642,1
TCGA_to_GEO,GSE13294,GSM335664,fixed_log_expression,xgboost,1,0.4635701477527618,0.2580522000789642,1
TCGA_to_GEO,GSE13067,GSM327282,fixed_log_expression,xgboost,1,0.422980785369873,0.2580522000789642,1
TCGA_to_GEO,GSE13067,GSM327283,fixed_log_expression,xgboost,0,0.1169624403119087,0.2580522000789642,0
TCGA_to_GEO,GSE13067,GSM327284,fixed_log_expression,xgboost,0,0.223722755908966,0.2580522000789642,0
TCGA_to_GEO,GSE13067,GSM327285,fixed_log_expression,xgboost,0,0.1458384692668914,0.2580522000789642,0
TCGA_to_GEO,GSE13067,GSM327286,fixed_log_expression,xgboost,0,0.2280358225107193,0.2580522000789642,0
TCGA_to_GEO,GSE13067,GSM327287,fixed_log_expression,xgboost,0,0.2034862041473388,0.2580522000789642,0
TCGA_to_GEO,GSE13067,GSM327288,fixed_log_expression,xgboost,1,0.256720632314682,0.2580522000789642,0
TCGA_to_GEO,GSE13067,GSM327289,fixed_log_expression,xgboost,0,0.1441416293382644,0.2580522000789642,0
TCGA_to_GEO,GSE13067,GSM327290,fixed_log_expression,xgboost,0,0.1169624403119087,0.2580522000789642,0
TCGA_to_GEO,GSE13067,GSM327291,fixed_log_expression,xgboost,0,0.1242236122488975,0.2580522000789642,0
TCGA_to_GEO,GSE13067,GSM327292,fixed_log_expression,xgboost,0,0.0779052972793579,0.2580522000789642,0
TCGA_to_GEO,GSE13067,GSM327293,fixed_log_expression,xgboost,0,0.1979701071977615,0.2580522000789642,0
TCGA_to_GEO,GSE13067,GSM327294,fixed_log_expression,xgboost,0,0.1401801258325576,0.2580522000789642,0
TCGA_to_GEO,GSE13067,GSM327295,fixed_log_expression,xgboost,0,0.1179985031485557,0.2580522000789642,0
TCGA_to_GEO,GSE13067,GSM327296,fixed_log_expression,xgboost,0,0.2661142349243164,0.2580522000789642,1
TCGA_to_GEO,GSE13067,GSM327297,fixed_log_expression,xgboost,0,0.1554225534200668,0.2580522000789642,0
TCGA_to_GEO,GSE13067,GSM327298,fixed_log_expression,xgboost,0,0.2843495309352875,0.2580522000789642,1
TCGA_to_GEO,GSE13067,GSM327299,fixed_log_expression,xgboost,0,0.234731525182724,0.2580522000789642,0
TCGA_to_GEO,GSE13067,GSM327300,fixed_log_expression,xgboost,0,0.1293256282806396,0.2580522000789642,0
TCGA_to_GEO,GSE13067,GSM327301,fixed_log_expression,xgboost,0,0.1945288181304931,0.2580522000789642,0
TCGA_to_GEO,GSE13067,GSM327302,fixed_log_expression,xgboost,0,0.2234973907470703,0.2580522000789642,0
TCGA_to_GEO,GSE13067,GSM327303,fixed_log_expression,xgboost,0,0.2895512878894806,0.2580522000789642,1
TCGA_to_GEO,GSE13067,GSM327304,fixed_log_expression,xgboost,0,0.3554502129554748,0.2580522000789642,1
TCGA_to_GEO,GSE13067,GSM327305,fixed_log_expression,xgboost,0,0.2166922986507415,0.2580522000789642,0
TCGA_to_GEO,GSE13067,GSM327306,fixed_log_expression,xgboost,0,0.1200985535979271,0.2580522000789642,0
TCGA_to_GEO,GSE13067,GSM327307,fixed_log_expression,xgboost,0,0.2150866836309433,0.2580522000789642,0
TCGA_to_GEO,GSE13067,GSM327308,fixed_log_expression,xgboost,0,0.0808582305908203,0.2580522000789642,0
TCGA_to_GEO,GSE13067,GSM327309,fixed_log_expression,xgboost,1,0.4495217502117157,0.2580522000789642,1
TCGA_to_GEO,GSE13067,GSM327310,fixed_log_expression,xgboost,1,0.4682177603244781,0.2580522000789642,1
TCGA_to_GEO,GSE13067,GSM327311,fixed_log_expression,xgboost,1,0.4152407944202423,0.2580522000789642,1
TCGA_to_GEO,GSE13067,GSM327312,fixed_log_expression,xgboost,0,0.2195044904947281,0.2580522000789642,0
TCGA_to_GEO,GSE13067,GSM327313,fixed_log_expression,xgboost,1,0.4255118072032928,0.2580522000789642,1
TCGA_to_GEO,GSE13067,GSM327314,fixed_log_expression,xgboost,0,0.159979909658432,0.2580522000789642,0
TCGA_to_GEO,GSE13067,GSM327315,fixed_log_expression,xgboost,0,0.1028512269258499,0.2580522000789642,0
TCGA_to_GEO,GSE13067,GSM327316,fixed_log_expression,xgboost,0,0.3285516202449798,0.2580522000789642,1
TCGA_to_GEO,GSE13067,GSM327317,fixed_log_expression,xgboost,0,0.138004794716835,0.2580522000789642,0
TCGA_to_GEO,GSE13067,GSM327318,fixed_log_expression,xgboost,0,0.1522443741559982,0.2580522000789642,0
TCGA_to_GEO,GSE13067,GSM327319,fixed_log_expression,xgboost,0,0.1330125331878662,0.2580522000789642,0
TCGA_to_GEO,GSE13067,GSM327320,fixed_log_expression,xgboost,0,0.0867692232131958,0.2580522000789642,0
TCGA_to_GEO,GSE13067,GSM327321,fixed_log_expression,xgboost,0,0.072366751730442,0.2580522000789642,0
TCGA_to_GEO,GSE13067,GSM327322,fixed_log_expression,xgboost,0,0.1693313419818878,0.2580522000789642,0
TCGA_to_GEO,GSE13067,GSM327323,fixed_log_expression,xgboost,0,0.1067530140280723,0.2580522000789642,0
TCGA_to_GEO,GSE13067,GSM327324,fixed_log_expression,xgboost,1,0.3962911963462829,0.2580522000789642,1
TCGA_to_GEO,GSE13067,GSM327325,fixed_log_expression,xgboost,1,0.664801836013794,0.2580522000789642,1
TCGA_to_GEO,GSE13067,GSM327326,fixed_log_expression,xgboost,0,0.1116355508565902,0.2580522000789642,0
TCGA_to_GEO,GSE13067,GSM327327,fixed_log_expression,xgboost,0,0.3019465506076813,0.2580522000789642,1
TCGA_to_GEO,GSE13067,GSM327328,fixed_log_expression,xgboost,0,0.1716335564851761,0.2580522000789642,0
TCGA_to_GEO,GSE13067,GSM327329,fixed_log_expression,xgboost,0,0.0845219120383262,0.2580522000789642,0
TCGA_to_GEO,GSE13067,GSM327330,fixed_log_expression,xgboost,0,0.2993069589138031,0.2580522000789642,1
TCGA_to_GEO,GSE13067,GSM327331,fixed_log_expression,xgboost,1,0.2158805280923843,0.2580522000789642,0
TCGA_to_GEO,GSE13067,GSM327332,fixed_log_expression,xgboost,0,0.2011993825435638,0.2580522000789642,0
TCGA_to_GEO,GSE13067,GSM327333,fixed_log_expression,xgboost,0,0.1103143319487571,0.2580522000789642,0
TCGA_to_GEO,GSE13067,GSM327334,fixed_log_expression,xgboost,0,0.3520813286304474,0.2580522000789642,1
TCGA_to_GEO,GSE13067,GSM327335,fixed_log_expression,xgboost,0,0.2992551624774933,0.2580522000789642,1
TCGA_to_GEO,GSE13067,GSM327336,fixed_log_expression,xgboost,0,0.2661246657371521,0.2580522000789642,1
TCGA_to_GEO,GSE13067,GSM327337,fixed_log_expression,xgboost,0,0.1522033512592315,0.2580522000789642,0
TCGA_to_GEO,GSE13067,GSM327338,fixed_log_expression,xgboost,0,0.1482266187667846,0.2580522000789642,0
TCGA_to_GEO,GSE13067,GSM327339,fixed_log_expression,xgboost,0,0.2382857650518417,0.2580522000789642,0
TCGA_to_GEO,GSE13067,GSM327340,fixed_log_expression,xgboost,0,0.0904634445905685,0.2580522000789642,0
TCGA_to_GEO,GSE13067,GSM327341,fixed_log_expression,xgboost,0,0.0761296600103378,0.2580522000789642,0
TCGA_to_GEO,GSE13067,GSM327342,fixed_log_expression,xgboost,0,0.0894234403967857,0.2580522000789642,0
TCGA_to_GEO,GSE13067,GSM327343,fixed_log_expression,xgboost,0,0.2094514220952987,0.2580522000789642,0
TCGA_to_GEO,GSE13067,GSM327344,fixed_log_expression,xgboost,0,0.1169624403119087,0.2580522000789642,0
TCGA_to_GEO,GSE13067,GSM327345,fixed_log_expression,xgboost,0,0.4175037145614624,0.2580522000789642,1
TCGA_to_GEO,GSE13067,GSM327346,fixed_log_expression,xgboost,0,0.1668629646301269,0.2580522000789642,0
TCGA_to_GEO,GSE13067,GSM327347,fixed_log_expression,xgboost,0,0.2642562091350555,0.2580522000789642,1
TCGA_to_GEO,GSE13067,GSM327348,fixed_log_expression,xgboost,0,0.177935779094696,0.2580522000789642,0
TCGA_to_GEO,GSE13067,GSM327349,fixed_log_expression,xgboost,0,0.2145860195159912,0.2580522000789642,0
TCGA_to_GEO,GSE13067,GSM327350,fixed_log_expression,xgboost,0,0.2556649446487427,0.2580522000789642,0
TCGA_to_GEO,GSE13067,GSM327351,fixed_log_expression,xgboost,0,0.0835304334759712,0.2580522000789642,0
TCGA_to_GEO,GSE13067,GSM327352,fixed_log_expression,xgboost,1,0.4626666903495788,0.2580522000789642,1
TCGA_to_GEO,GSE13067,GSM327353,fixed_log_expression,xgboost,1,0.1931631863117218,0.2580522000789642,0
TCGA_to_GEO,GSE13067,GSM327354,fixed_log_expression,xgboost,0,0.1544474363327026,0.2580522000789642,0
TCGA_to_GEO,GSE13067,GSM327355,fixed_log_expression,xgboost,0,0.2212322801351547,0.2580522000789642,0
TCGA_to_GEO,GSE18088,GSM452148,fixed_log_expression,xgboost,1,0.3522965610027313,0.2580522000789642,1
TCGA_to_GEO,GSE18088,GSM452149,fixed_log_expression,xgboost,0,0.1450020521879196,0.2580522000789642,0
TCGA_to_GEO,GSE18088,GSM452150,fixed_log_expression,xgboost,0,0.2874568700790405,0.2580522000789642,1
TCGA_to_GEO,GSE18088,GSM452151,fixed_log_expression,xgboost,0,0.1629089713096618,0.2580522000789642,0
TCGA_to_GEO,GSE18088,GSM452152,fixed_log_expression,xgboost,0,0.1450020521879196,0.2580522000789642,0
TCGA_to_GEO,GSE18088,GSM452153,fixed_log_expression,xgboost,1,0.3522965610027313,0.2580522000789642,1
TCGA_to_GEO,GSE18088,GSM452154,fixed_log_expression,xgboost,0,0.2818783819675445,0.2580522000789642,1
TCGA_to_GEO,GSE18088,GSM452155,fixed_log_expression,xgboost,0,0.1568353176116943,0.2580522000789642,0
TCGA_to_GEO,GSE18088,GSM452156,fixed_log_expression,xgboost,0,0.1759029626846313,0.2580522000789642,0
TCGA_to_GEO,GSE18088,GSM452157,fixed_log_expression,xgboost,1,0.455394834280014,0.2580522000789642,1
TCGA_to_GEO,GSE18088,GSM452158,fixed_log_expression,xgboost,0,0.1571488976478576,0.2580522000789642,0
TCGA_to_GEO,GSE18088,GSM452159,fixed_log_expression,xgboost,1,0.3776841163635254,0.2580522000789642,1
TCGA_to_GEO,GSE18088,GSM452160,fixed_log_expression,xgboost,0,0.1395047754049301,0.2580522000789642,0
TCGA_to_GEO,GSE18088,GSM452161,fixed_log_expression,xgboost,0,0.1571488976478576,0.2580522000789642,0
TCGA_to_GEO,GSE18088,GSM452162,fixed_log_expression,xgboost,0,0.1770422756671905,0.2580522000789642,0
TCGA_to_GEO,GSE18088,GSM452163,fixed_log_expression,xgboost,1,0.4305560886859894,0.2580522000789642,1
TCGA_to_GEO,GSE18088,GSM452164,fixed_log_expression,xgboost,0,0.1450020521879196,0.2580522000789642,0
TCGA_to_GEO,GSE18088,GSM452165,fixed_log_expression,xgboost,0,0.1450020521879196,0.2580522000789642,0
TCGA_to_GEO,GSE18088,GSM452166,fixed_log_expression,xgboost,0,0.1571488976478576,0.2580522000789642,0
TCGA_to_GEO,GSE18088,GSM452167,fixed_log_expression,xgboost,0,0.1395047754049301,0.2580522000789642,0
TCGA_to_GEO,GSE18088,GSM452168,fixed_log_expression,xgboost,1,0.3556844890117645,0.2580522000789642,1
TCGA_to_GEO,GSE18088,GSM452169,fixed_log_expression,xgboost,1,0.455394834280014,0.2580522000789642,1
TCGA_to_GEO,GSE18088,GSM452170,fixed_log_expression,xgboost,0,0.1697766035795211,0.2580522000789642,0
TCGA_to_GEO,GSE18088,GSM452171,fixed_log_expression,xgboost,0,0.2803894281387329,0.2580522000789642,1
TCGA_to_GEO,GSE18088,GSM452172,fixed_log_expression,xgboost,0,0.3901082575321197,0.2580522000789642,1
TCGA_to_GEO,GSE18088,GSM452173,fixed_log_expression,xgboost,1,0.4069484770298004,0.2580522000789642,1
TCGA_to_GEO,GSE18088,GSM452174,fixed_log_expression,xgboost,1,0.3901082575321197,0.2580522000789642,1
TCGA_to_GEO,GSE18088,GSM452175,fixed_log_expression,xgboost,1,0.4215274155139923,0.2580522000789642,1
TCGA_to_GEO,GSE18088,GSM452176,fixed_log_expression,xgboost,0,0.2674457430839538,0.2580522000789642,1
TCGA_to_GEO,GSE18088,GSM452177,fixed_log_expression,xgboost,0,0.1491295248270034,0.2580522000789642,0
TCGA_to_GEO,GSE18088,GSM452178,fixed_log_expression,xgboost,0,0.1450020521879196,0.2580522000789642,0
TCGA_to_GEO,GSE18088,GSM452179,fixed_log_expression,xgboost,1,0.4350979328155517,0.2580522000789642,1
TCGA_to_GEO,GSE18088,GSM452180,fixed_log_expression,xgboost,1,0.455394834280014,0.2580522000789642,1
TCGA_to_GEO,GSE18088,GSM452181,fixed_log_expression,xgboost,0,0.1568353176116943,0.2580522000789642,0
TCGA_to_GEO,GSE18088,GSM452182,fixed_log_expression,xgboost,1,0.4282377958297729,0.2580522000789642,1
TCGA_to_GEO,GSE18088,GSM452183,fixed_log_expression,xgboost,1,0.3285855650901794,0.2580522000789642,1
TCGA_to_GEO,GSE18088,GSM452184,fixed_log_expression,xgboost,1,0.3971886932849884,0.2580522000789642,1
TCGA_to_GEO,GSE18088,GSM452185,fixed_log_expression,xgboost,0,0.2967735528945923,0.2580522000789642,1
TCGA_to_GEO,GSE18088,GSM452186,fixed_log_expression,xgboost,0,0.1478114873170852,0.2580522000789642,0
TCGA_to_GEO,GSE18088,GSM452187,fixed_log_expression,xgboost,0,0.1437303721904754,0.2580522000789642,0
TCGA_to_GEO,GSE18088,GSM452188,fixed_log_expression,xgboost,1,0.3742083311080932,0.2580522000789642,1
TCGA_to_GEO,GSE18088,GSM452189,fixed_log_expression,xgboost,1,0.3596279323101043,0.2580522000789642,1
TCGA_to_GEO,GSE18088,GSM452190,fixed_log_expression,xgboost,0,0.3573993146419525,0.2580522000789642,1
TCGA_to_GEO,GSE18088,GSM452191,fixed_log_expression,xgboost,0,0.3671536147594452,0.2580522000789642,1
TCGA_to_GEO,GSE18088,GSM452192,fixed_log_expression,xgboost,0,0.1635197252035141,0.2580522000789642,0
TCGA_to_GEO,GSE18088,GSM452193,fixed_log_expression,xgboost,0,0.2818783819675445,0.2580522000789642,1
TCGA_to_GEO,GSE18088,GSM452194,fixed_log_expression,xgboost,0,0.1346812695264816,0.2580522000789642,0
TCGA_to_GEO,GSE18088,GSM452195,fixed_log_expression,xgboost,0,0.1770422756671905,0.2580522000789642,0
TCGA_to_GEO,GSE18088,GSM452196,fixed_log_expression,xgboost,0,0.2476623803377151,0.2580522000789642,0
TCGA_to_GEO,GSE18088,GSM452197,fixed_log_expression,xgboost,1,0.3860862255096435,0.2580522000789642,1
TCGA_to_GEO,GSE18088,GSM452198,fixed_log_expression,xgboost,0,0.2891172170639038,0.2580522000789642,1
TCGA_to_GEO,GSE18088,GSM452199,fixed_log_expression,xgboost,0,0.1568353176116943,0.2580522000789642,0
TCGA_to_GEO,GSE18088,GSM452200,fixed_log_expression,xgboost,1,0.1258510798215866,0.2580522000789642,0
TCGA_to_GEO,GSE26682,GSM656542,fixed_log_expression,xgboost,0,0.1388839036226272,0.2580522000789642,0
TCGA_to_GEO,GSE26682,GSM656543,fixed_log_expression,xgboost,0,0.1388839036226272,0.2580522000789642,0
TCGA_to_GEO,GSE26682,GSM656545,fixed_log_expression,xgboost,1,0.1388839036226272,0.2580522000789642,0
TCGA_to_GEO,GSE26682,GSM656546,fixed_log_expression,xgboost,0,0.1388839036226272,0.2580522000789642,0
TCGA_to_GEO,GSE26682,GSM656548,fixed_log_expression,xgboost,0,0.1388839036226272,0.2580522000789642,0
TCGA_to_GEO,GSE26682,GSM656550,fixed_log_expression,xgboost,0,0.1388839036226272,0.2580522000789642,0
TCGA_to_GEO,GSE26682,GSM656552,fixed_log_expression,xgboost,0,0.1388839036226272,0.2580522000789642,0
TCGA_to_GEO,GSE26682,GSM656553,fixed_log_expression,xgboost,0,0.1388839036226272,0.2580522000789642,0
TCGA_to_GEO,GSE26682,GSM656555,fixed_log_expression,xgboost,0,0.1388839036226272,0.2580522000789642,0
TCGA_to_GEO,GSE26682,GSM656556,fixed_log_expression,xgboost,0,0.1388839036226272,0.2580522000789642,0
TCGA_to_GEO,GSE26682,GSM656557,fixed_log_expression,xgboost,0,0.1388839036226272,0.2580522000789642,0
TCGA_to_GEO,GSE26682,GSM656558,fixed_log_expression,xgboost,0,0.1388839036226272,0.2580522000789642,0
TCGA_to_GEO,GSE26682,GSM656559,fixed_log_expression,xgboost,1,0.1388839036226272,0.2580522000789642,0
TCGA_to_GEO,GSE26682,GSM656560,fixed_log_expression,xgboost,0,0.1388839036226272,0.2580522000789642,0
TCGA_to_GEO,GSE26682,GSM656561,fixed_log_expression,xgboost,0,0.1388839036226272,0.2580522000789642,0
TCGA_to_GEO,GSE26682,GSM656567,fixed_log_expression,xgboost,0,0.1388839036226272,0.2580522000789642,0
TCGA_to_GEO,GSE26682,GSM656568,fixed_log_expression,xgboost,0,0.1388839036226272,0.2580522000789642,0
TCGA_to_GEO,GSE26682,GSM656569,fixed_log_expression,xgboost,0,0.1388839036226272,0.2580522000789642,0
TCGA_to_GEO,GSE26682,GSM656570,fixed_log_expression,xgboost,0,0.1388839036226272,0.2580522000789642,0
TCGA_to_GEO,GSE26682,GSM656574,fixed_log_expression,xgboost,0,0.1388839036226272,0.2580522000789642,0
TCGA_to_GEO,GSE26682,GSM656580,fixed_log_expression,xgboost,0,0.1388839036226272,0.2580522000789642,0
TCGA_to_GEO,GSE26682,GSM656582,fixed_log_expression,xgboost,0,0.1388839036226272,0.2580522000789642,0
TCGA_to_GEO,GSE26682,GSM656583,fixed_log_expression,xgboost,1,0.1388839036226272,0.2580522000789642,0
TCGA_to_GEO,GSE26682,GSM656584,fixed_log_expression,xgboost,0,0.1388839036226272,0.2580522000789642,0
TCGA_to_GEO,GSE26682,GSM656585,fixed_log_expression,xgboost,0,0.1388839036226272,0.2580522000789642,0
TCGA_to_GEO,GSE26682,GSM656586,fixed_log_expression,xgboost,0,0.1388839036226272,0.2580522000789642,0
TCGA_to_GEO,GSE26682,GSM656587,fixed_log_expression,xgboost,0,0.1388839036226272,0.2580522000789642,0
TCGA_to_GEO,GSE26682,GSM656590,fixed_log_expression,xgboost,1,0.1388839036226272,0.2580522000789642,0
TCGA_to_GEO,GSE26682,GSM656592,fixed_log_expression,xgboost,0,0.1388839036226272,0.2580522000789642,0
TCGA_to_GEO,GSE26682,GSM656596,fixed_log_expression,xgboost,0,0.1388839036226272,0.2580522000789642,0
TCGA_to_GEO,GSE26682,GSM656598,fixed_log_expression,xgboost,0,0.1388839036226272,0.2580522000789642,0
TCGA_to_GEO,GSE26682,GSM656601,fixed_log_expression,xgboost,0,0.1388839036226272,0.2580522000789642,0
TCGA_to_GEO,GSE26682,GSM656603,fixed_log_expression,xgboost,1,0.1388839036226272,0.2580522000789642,0
TCGA_to_GEO,GSE26682,GSM656612,fixed_log_expression,xgboost,1,0.1388839036226272,0.2580522000789642,0
TCGA_to_GEO,GSE26682,GSM656613,fixed_log_expression,xgboost,0,0.1388839036226272,0.2580522000789642,0
TCGA_to_GEO,GSE26682,GSM656617,fixed_log_expression,xgboost,0,0.1388839036226272,0.2580522000789642,0
TCGA_to_GEO,GSE26682,GSM656618,fixed_log_expression,xgboost,0,0.1388839036226272,0.2580522000789642,0
TCGA_to_GEO,GSE26682,GSM656625,fixed_log_expression,xgboost,0,0.1388839036226272,0.2580522000789642,0
TCGA_to_GEO,GSE26682,GSM656634,fixed_log_expression,xgboost,0,0.1388839036226272,0.2580522000789642,0
TCGA_to_GEO,GSE26682,GSM656635,fixed_log_expression,xgboost,0,0.1388839036226272,0.2580522000789642,0
TCGA_to_GEO,GSE26682,GSM656636,fixed_log_expression,xgboost,0,0.1388839036226272,0.2580522000789642,0
TCGA_to_GEO,GSE26682,GSM656639,fixed_log_expression,xgboost,0,0.1388839036226272,0.2580522000789642,0
TCGA_to_GEO,GSE26682,GSM656640,fixed_log_expression,xgboost,0,0.1388839036226272,0.2580522000789642,0
TCGA_to_GEO,GSE26682,GSM656642,fixed_log_expression,xgboost,0,0.1388839036226272,0.2580522000789642,0
TCGA_to_GEO,GSE26682,GSM656644,fixed_log_expression,xgboost,0,0.1388839036226272,0.2580522000789642,0
TCGA_to_GEO,GSE26682,GSM656657,fixed_log_expression,xgboost,0,0.1388839036226272,0.2580522000789642,0
TCGA_to_GEO,GSE26682,GSM656662,fixed_log_expression,xgboost,0,0.1388839036226272,0.2580522000789642,0
TCGA_to_GEO,GSE26682,GSM656663,fixed_log_expression,xgboost,0,0.1388839036226272,0.2580522000789642,0
TCGA_to_GEO,GSE26682,GSM656669,fixed_log_expression,xgboost,1,0.1388839036226272,0.2580522000789642,0
TCGA_to_GEO,GSE26682,GSM656672,fixed_log_expression,xgboost,0,0.1388839036226272,0.2580522000789642,0
TCGA_to_GEO,GSE26682,GSM656675,fixed_log_expression,xgboost,0,0.1388839036226272,0.2580522000789642,0
TCGA_to_GEO,GSE26682,GSM656676,fixed_log_expression,xgboost,0,0.1388839036226272,0.2580522000789642,0
TCGA_to_GEO,GSE26682,GSM656678,fixed_log_expression,xgboost,0,0.1388839036226272,0.2580522000789642,0
TCGA_to_GEO,GSE26682,GSM656679,fixed_log_expression,xgboost,1,0.1388839036226272,0.2580522000789642,0
TCGA_to_GEO,GSE26682,GSM656683,fixed_log_expression,xgboost,0,0.1388839036226272,0.2580522000789642,0
TCGA_to_GEO,GSE26682,GSM656687,fixed_log_expression,xgboost,0,0.1388839036226272,0.2580522000789642,0
TCGA_to_GEO,GSE26682,GSM656691,fixed_log_expression,xgboost,0,0.1388839036226272,0.2580522000789642,0
TCGA_to_GEO,GSE26682,GSM656692,fixed_log_expression,xgboost,0,0.1388839036226272,0.2580522000789642,0
TCGA_to_GEO,GSE26682,GSM656693,fixed_log_expression,xgboost,0,0.1388839036226272,0.2580522000789642,0
TCGA_to_GEO,GSE26682,GSM656695,fixed_log_expression,xgboost,0,0.1388839036226272,0.2580522000789642,0
TCGA_to_GEO,GSE26682,GSM656698,fixed_log_expression,xgboost,0,0.1388839036226272,0.2580522000789642,0
TCGA_to_GEO,GSE26682,GSM656699,fixed_log_expression,xgboost,0,0.1388839036226272,0.2580522000789642,0
TCGA_to_GEO,GSE26682,GSM656700,fixed_log_expression,xgboost,0,0.1388839036226272,0.2580522000789642,0
TCGA_to_GEO,GSE26682,GSM656701,fixed_log_expression,xgboost,0,0.1388839036226272,0.2580522000789642,0
TCGA_to_GEO,GSE26682,GSM656702,fixed_log_expression,xgboost,0,0.1388839036226272,0.2580522000789642,0
TCGA_to_GEO,GSE26682,GSM656703,fixed_log_expression,xgboost,0,0.1388839036226272,0.2580522000789642,0
TCGA_to_GEO,GSE26682,GSM656704,fixed_log_expression,xgboost,0,0.1388839036226272,0.2580522000789642,0
TCGA_to_GEO,GSE26682,GSM656705,fixed_log_expression,xgboost,0,0.1388839036226272,0.2580522000789642,0
TCGA_to_GEO,GSE26682,GSM656707,fixed_log_expression,xgboost,0,0.1388839036226272,0.2580522000789642,0
TCGA_to_GEO,GSE26682,GSM656710,fixed_log_expression,xgboost,0,0.1388839036226272,0.2580522000789642,0
TCGA_to_GEO,GSE26682,GSM656711,fixed_log_expression,xgboost,0,0.1388839036226272,0.2580522000789642,0
TCGA_to_GEO,GSE26682,GSM656714,fixed_log_expression,xgboost,0,0.1388839036226272,0.2580522000789642,0
TCGA_to_GEO,GSE26682,GSM656715,fixed_log_expression,xgboost,0,0.1388839036226272,0.2580522000789642,0
TCGA_to_GEO,GSE26682,GSM656720,fixed_log_expression,xgboost,0,0.1388839036226272,0.2580522000789642,0
TCGA_to_GEO,GSE26682,GSM656721,fixed_log_expression,xgboost,0,0.1388839036226272,0.2580522000789642,0
TCGA_to_GEO,GSE26682,GSM656726,fixed_log_expression,xgboost,0,0.1388839036226272,0.2580522000789642,0
TCGA_to_GEO,GSE26682,GSM656732,fixed_log_expression,xgboost,0,0.1388839036226272,0.2580522000789642,0
TCGA_to_GEO,GSE26682,GSM656735,fixed_log_expression,xgboost,0,0.1388839036226272,0.2580522000789642,0
TCGA_to_GEO,GSE26682,GSM656736,fixed_log_expression,xgboost,1,0.1388839036226272,0.2580522000789642,0
TCGA_to_GEO,GSE26682,GSM656737,fixed_log_expression,xgboost,0,0.1388839036226272,0.2580522000789642,0
TCGA_to_GEO,GSE26682,GSM656739,fixed_log_expression,xgboost,0,0.1388839036226272,0.2580522000789642,0
TCGA_to_GEO,GSE26682,GSM656742,fixed_log_expression,xgboost,0,0.1388839036226272,0.2580522000789642,0
TCGA_to_GEO,GSE26682,GSM656749,fixed_log_expression,xgboost,0,0.1388839036226272,0.2580522000789642,0
TCGA_to_GEO,GSE26682,GSM656768,fixed_log_expression,xgboost,0,0.1388839036226272,0.2580522000789642,0
TCGA_to_GEO,GSE26682,GSM656769,fixed_log_expression,xgboost,0,0.1388839036226272,0.2580522000789642,0
TCGA_to_GEO,GSE26682,GSM656770,fixed_log_expression,xgboost,0,0.1388839036226272,0.2580522000789642,0
TCGA_to_GEO,GSE26682,GSM656772,fixed_log_expression,xgboost,0,0.1388839036226272,0.2580522000789642,0
TCGA_to_GEO,GSE26682,GSM656775,fixed_log_expression,xgboost,0,0.1388839036226272,0.2580522000789642,0
TCGA_to_GEO,GSE26682,GSM656776,fixed_log_expression,xgboost,0,0.1388839036226272,0.2580522000789642,0
TCGA_to_GEO,GSE26682,GSM656777,fixed_log_expression,xgboost,0,0.1388839036226272,0.2580522000789642,0
TCGA_to_GEO,GSE26682,GSM656783,fixed_log_expression,xgboost,0,0.1388839036226272,0.2580522000789642,0
TCGA_to_GEO,GSE26682,GSM656785,fixed_log_expression,xgboost,0,0.1388839036226272,0.2580522000789642,0
TCGA_to_GEO,GSE26682,GSM656787,fixed_log_expression,xgboost,0,0.1388839036226272,0.2580522000789642,0
TCGA_to_GEO,GSE26682,GSM656794,fixed_log_expression,xgboost,0,0.1388839036226272,0.2580522000789642,0
TCGA_to_GEO,GSE26682,GSM656800,fixed_log_expression,xgboost,0,0.1388839036226272,0.2580522000789642,0
TCGA_to_GEO,GSE26682,GSM656803,fixed_log_expression,xgboost,0,0.1388839036226272,0.2580522000789642,0
TCGA_to_GEO,GSE26682,GSM656804,fixed_log_expression,xgboost,0,0.1388839036226272,0.2580522000789642,0
TCGA_to_GEO,GSE26682,GSM656806,fixed_log_expression,xgboost,0,0.1388839036226272,0.2580522000789642,0
TCGA_to_GEO,GSE26682,GSM656809,fixed_log_expression,xgboost,0,0.1388839036226272,0.2580522000789642,0
TCGA_to_GEO,GSE26682,GSM656811,fixed_log_expression,xgboost,0,0.1388839036226272,0.2580522000789642,0
TCGA_to_GEO,GSE26682,GSM656816,fixed_log_expression,xgboost,0,0.1388839036226272,0.2580522000789642,0
TCGA_to_GEO,GSE26682,GSM656819,fixed_log_expression,xgboost,0,0.1388839036226272,0.2580522000789642,0
TCGA_to_GEO,GSE26682,GSM656820,fixed_log_expression,xgboost,1,0.1388839036226272,0.2580522000789642,0
TCGA_to_GEO,GSE26682,GSM656822,fixed_log_expression,xgboost,0,0.1388839036226272,0.2580522000789642,0
TCGA_to_GEO,GSE26682,GSM656824,fixed_log_expression,xgboost,0,0.1388839036226272,0.2580522000789642,0
TCGA_to_GEO,GSE26682,GSM656825,fixed_log_expression,xgboost,0,0.1388839036226272,0.2580522000789642,0
TCGA_to_GEO,GSE26682,GSM656830,fixed_log_expression,xgboost,0,0.1388839036226272,0.2580522000789642,0
TCGA_to_GEO,GSE26682,GSM656831,fixed_log_expression,xgboost,0,0.1388839036226272,0.2580522000789642,0
TCGA_to_GEO,GSE26682,GSM656832,fixed_log_expression,xgboost,0,0.1388839036226272,0.2580522000789642,0
TCGA_to_GEO,GSE26682,GSM656833,fixed_log_expression,xgboost,0,0.1388839036226272,0.2580522000789642,0
TCGA_to_GEO,GSE26682,GSM656834,fixed_log_expression,xgboost,0,0.1388839036226272,0.2580522000789642,0
TCGA_to_GEO,GSE26682,GSM656836,fixed_log_expression,xgboost,0,0.1388839036226272,0.2580522000789642,0
TCGA_to_GEO,GSE26682,GSM656837,fixed_log_expression,xgboost,1,0.1388839036226272,0.2580522000789642,0
TCGA_to_GEO,GSE26682,GSM656840,fixed_log_expression,xgboost,0,0.1388839036226272,0.2580522000789642,0
TCGA_to_GEO,GSE26682,GSM656841,fixed_log_expression,xgboost,0,0.1388839036226272,0.2580522000789642,0
TCGA_to_GEO,GSE26682,GSM656842,fixed_log_expression,xgboost,1,0.1388839036226272,0.2580522000789642,0
TCGA_to_GEO,GSE26682,GSM656843,fixed_log_expression,xgboost,0,0.1388839036226272,0.2580522000789642,0
TCGA_to_GEO,GSE26682,GSM656845,fixed_log_expression,xgboost,0,0.1388839036226272,0.2580522000789642,0
TCGA_to_GEO,GSE26682,GSM656846,fixed_log_expression,xgboost,0,0.1388839036226272,0.2580522000789642,0
TCGA_to_GEO,GSE26682,GSM656847,fixed_log_expression,xgboost,0,0.1388839036226272,0.2580522000789642,0
TCGA_to_GEO,GSE26682,GSM656849,fixed_log_expression,xgboost,1,0.2606742680072784,0.2580522000789642,1
TCGA_to_GEO,GSE26682,GSM656850,fixed_log_expression,xgboost,1,0.1388839036226272,0.2580522000789642,0
TCGA_to_GEO,GSE26682,GSM656851,fixed_log_expression,xgboost,1,0.1388839036226272,0.2580522000789642,0
TCGA_to_GEO,GSE26682,GSM656853,fixed_log_expression,xgboost,0,0.1388839036226272,0.2580522000789642,0
TCGA_to_GEO,GSE26682,GSM656854,fixed_log_expression,xgboost,1,0.1388839036226272,0.2580522000789642,0
TCGA_to_GEO,GSE26682,GSM656857,fixed_log_expression,xgboost,0,0.1388839036226272,0.2580522000789642,0
TCGA_to_GEO,GSE26682,GSM656858,fixed_log_expression,xgboost,0,0.1388839036226272,0.2580522000789642,0
TCGA_to_GEO,GSE26682,GSM656859,fixed_log_expression,xgboost,0,0.211461529135704,0.2580522000789642,0
TCGA_to_GEO,GSE26682,GSM656860,fixed_log_expression,xgboost,0,0.1388839036226272,0.2580522000789642,0
TCGA_to_GEO,GSE26682,GSM656861,fixed_log_expression,xgboost,0,0.1388839036226272,0.2580522000789642,0
TCGA_to_GEO,GSE26682,GSM656863,fixed_log_expression,xgboost,0,0.1388839036226272,0.2580522000789642,0
TCGA_to_GEO,GSE26682,GSM656864,fixed_log_expression,xgboost,1,0.1388839036226272,0.2580522000789642,0
TCGA_to_GEO,GSE26682,GSM656865,fixed_log_expression,xgboost,1,0.1388839036226272,0.2580522000789642,0
TCGA_to_GEO,GSE26682,GSM656867,fixed_log_expression,xgboost,0,0.1388839036226272,0.2580522000789642,0
TCGA_to_GEO,GSE26682,GSM656868,fixed_log_expression,xgboost,0,0.1388839036226272,0.2580522000789642,0
TCGA_to_GEO,GSE26682,GSM656869,fixed_log_expression,xgboost,0,0.1388839036226272,0.2580522000789642,0
TCGA_to_GEO,GSE26682,GSM656870,fixed_log_expression,xgboost,0,0.1388839036226272,0.2580522000789642,0
TCGA_to_GEO,GSE39084,GSM955440,fixed_log_expression,xgboost,0,0.1713157594203949,0.2580522000789642,0
TCGA_to_GEO,GSE39084,GSM955441,fixed_log_expression,xgboost,0,0.1663212925195694,0.2580522000789642,0
TCGA_to_GEO,GSE39084,GSM955442,fixed_log_expression,xgboost,0,0.1851894855499267,0.2580522000789642,0
TCGA_to_GEO,GSE39084,GSM955443,fixed_log_expression,xgboost,0,0.1388839036226272,0.2580522000789642,0
TCGA_to_GEO,GSE39084,GSM955444,fixed_log_expression,xgboost,0,0.1713157594203949,0.2580522000789642,0
TCGA_to_GEO,GSE39084,GSM955445,fixed_log_expression,xgboost,0,0.1346812695264816,0.2580522000789642,0
TCGA_to_GEO,GSE39084,GSM955446,fixed_log_expression,xgboost,0,0.1713157594203949,0.2580522000789642,0
TCGA_to_GEO,GSE39084,GSM955447,fixed_log_expression,xgboost,1,0.1800012290477752,0.2580522000789642,0
TCGA_to_GEO,GSE39084,GSM955448,fixed_log_expression,xgboost,1,0.2020937949419021,0.2580522000789642,0
TCGA_to_GEO,GSE39084,GSM955449,fixed_log_expression,xgboost,0,0.1713157594203949,0.2580522000789642,0
TCGA_to_GEO,GSE39084,GSM955450,fixed_log_expression,xgboost,0,0.1506085395812988,0.2580522000789642,0
TCGA_to_GEO,GSE39084,GSM955451,fixed_log_expression,xgboost,0,0.1388839036226272,0.2580522000789642,0
TCGA_to_GEO,GSE39084,GSM955452,fixed_log_expression,xgboost,0,0.1388839036226272,0.2580522000789642,0
TCGA_to_GEO,GSE39084,GSM955453,fixed_log_expression,xgboost,0,0.1713157594203949,0.2580522000789642,0
TCGA_to_GEO,GSE39084,GSM955455,fixed_log_expression,xgboost,0,0.2012131810188293,0.2580522000789642,0
TCGA_to_GEO,GSE39084,GSM955456,fixed_log_expression,xgboost,0,0.1713157594203949,0.2580522000789642,0
TCGA_to_GEO,GSE39084,GSM955457,fixed_log_expression,xgboost,0,0.1535946279764175,0.2580522000789642,0
TCGA_to_GEO,GSE39084,GSM955458,fixed_log_expression,xgboost,1,0.1493652611970901,0.2580522000789642,0
TCGA_to_GEO,GSE39084,GSM955459,fixed_log_expression,xgboost,1,0.1851894855499267,0.2580522000789642,0
TCGA_to_GEO,GSE39084,GSM955460,fixed_log_expression,xgboost,1,0.1851894855499267,0.2580522000789642,0
TCGA_to_GEO,GSE39084,GSM955461,fixed_log_expression,xgboost,1,0.1713157594203949,0.2580522000789642,0
TCGA_to_GEO,GSE39084,GSM955462,fixed_log_expression,xgboost,0,0.1821641772985458,0.2580522000789642,0
TCGA_to_GEO,GSE39084,GSM955463,fixed_log_expression,xgboost,0,0.1851894855499267,0.2580522000789642,0
TCGA_to_GEO,GSE39084,GSM955464,fixed_log_expression,xgboost,0,0.1388839036226272,0.2580522000789642,0
TCGA_to_GEO,GSE39084,GSM955466,fixed_log_expression,xgboost,1,0.1800012290477752,0.2580522000789642,0
TCGA_to_GEO,GSE39084,GSM955467,fixed_log_expression,xgboost,1,0.1851894855499267,0.2580522000789642,0
TCGA_to_GEO,GSE39084,GSM955468,fixed_log_expression,xgboost,1,0.4004764854907989,0.2580522000789642,1
TCGA_to_GEO,GSE39084,GSM955469,fixed_log_expression,xgboost,1,0.1713157594203949,0.2580522000789642,0
TCGA_to_GEO,GSE39084,GSM955470,fixed_log_expression,xgboost,1,0.4051976799964905,0.2580522000789642,1
TCGA_to_GEO,GSE39084,GSM955471,fixed_log_expression,xgboost,1,0.3436840176582336,0.2580522000789642,1
TCGA_to_GEO,GSE39084,GSM955472,fixed_log_expression,xgboost,1,0.1851894855499267,0.2580522000789642,0
TCGA_to_GEO,GSE39084,GSM955473,fixed_log_expression,xgboost,1,0.3452524840831756,0.2580522000789642,1
TCGA_to_GEO,GSE39084,GSM955474,fixed_log_expression,xgboost,0,0.1664368063211441,0.2580522000789642,0
TCGA_to_GEO,GSE39084,GSM955475,fixed_log_expression,xgboost,0,0.1346812695264816,0.2580522000789642,0
TCGA_to_GEO,GSE39084,GSM955476,fixed_log_expression,xgboost,0,0.1664368063211441,0.2580522000789642,0
TCGA_to_GEO,GSE39084,GSM955477,fixed_log_expression,xgboost,0,0.1851894855499267,0.2580522000789642,0
TCGA_to_GEO,GSE39084,GSM955478,fixed_log_expression,xgboost,0,0.1713157594203949,0.2580522000789642,0
TCGA_to_GEO,GSE39084,GSM955479,fixed_log_expression,xgboost,0,0.1800012290477752,0.2580522000789642,0
TCGA_to_GEO,GSE39084,GSM955480,fixed_log_expression,xgboost,0,0.1240155175328254,0.2580522000789642,0
TCGA_to_GEO,GSE39084,GSM955482,fixed_log_expression,xgboost,0,0.1388839036226272,0.2580522000789642,0
TCGA_to_GEO,GSE39084,GSM955483,fixed_log_expression,xgboost,0,0.1713157594203949,0.2580522000789642,0
TCGA_to_GEO,GSE39084,GSM955484,fixed_log_expression,xgboost,0,0.1240155175328254,0.2580522000789642,0
TCGA_to_GEO,GSE39084,GSM955485,fixed_log_expression,xgboost,0,0.1713157594203949,0.2580522000789642,0
TCGA_to_GEO,GSE39084,GSM955486,fixed_log_expression,xgboost,0,0.1713157594203949,0.2580522000789642,0
TCGA_to_GEO,GSE39084,GSM955487,fixed_log_expression,xgboost,0,0.1663212925195694,0.2580522000789642,0
TCGA_to_GEO,GSE39084,GSM955488,fixed_log_expression,xgboost,0,0.1851894855499267,0.2580522000789642,0
TCGA_to_GEO,GSE39084,GSM955489,fixed_log_expression,xgboost,0,0.1664368063211441,0.2580522000789642,0
TCGA_to_GEO,GSE39084,GSM955490,fixed_log_expression,xgboost,0,0.1506085395812988,0.2580522000789642,0
TCGA_to_GEO,GSE39084,GSM955491,fixed_log_expression,xgboost,0,0.1388839036226272,0.2580522000789642,0
TCGA_to_GEO,GSE39084,GSM955492,fixed_log_expression,xgboost,0,0.1388839036226272,0.2580522000789642,0
TCGA_to_GEO,GSE39084,GSM955493,fixed_log_expression,xgboost,0,0.1535946279764175,0.2580522000789642,0
TCGA_to_GEO,GSE39084,GSM955494,fixed_log_expression,xgboost,0,0.1940424889326095,0.2580522000789642,0
TCGA_to_GEO,GSE39084,GSM955495,fixed_log_expression,xgboost,0,0.1713157594203949,0.2580522000789642,0
TCGA_to_GEO,GSE39084,GSM955496,fixed_log_expression,xgboost,0,0.1664368063211441,0.2580522000789642,0
TCGA_to_GEO,GSE39084,GSM955497,fixed_log_expression,xgboost,0,0.1851894855499267,0.2580522000789642,0
TCGA_to_GEO,GSE39084,GSM955498,fixed_log_expression,xgboost,0,0.1663212925195694,0.2580522000789642,0
TCGA_to_GEO,GSE39084,GSM955499,fixed_log_expression,xgboost,0,0.1851894855499267,0.2580522000789642,0
TCGA_to_GEO,GSE39084,GSM955500,fixed_log_expression,xgboost,0,0.3901848793029785,0.2580522000789642,1
TCGA_to_GEO,GSE39084,GSM955501,fixed_log_expression,xgboost,0,0.1664368063211441,0.2580522000789642,0
TCGA_to_GEO,GSE39084,GSM955502,fixed_log_expression,xgboost,0,0.1713157594203949,0.2580522000789642,0
TCGA_to_GEO,GSE39084,GSM955503,fixed_log_expression,xgboost,0,0.1664368063211441,0.2580522000789642,0
TCGA_to_GEO,GSE39084,GSM955504,fixed_log_expression,xgboost,0,0.1995369791984558,0.2580522000789642,0
TCGA_to_GEO,GSE39084,GSM955505,fixed_log_expression,xgboost,0,0.1713157594203949,0.2580522000789642,0
TCGA_to_GEO,GSE39084,GSM955506,fixed_log_expression,xgboost,0,0.1346812695264816,0.2580522000789642,0
TCGA_to_GEO,GSE39084,GSM955507,fixed_log_expression,xgboost,0,0.1388839036226272,0.2580522000789642,0
TCGA_to_GEO,GSE39084,GSM955508,fixed_log_expression,xgboost,1,0.3972529172897339,0.2580522000789642,1
TCGA_to_GEO,GSE39084,GSM955509,fixed_log_expression,xgboost,1,0.1666945219039917,0.2580522000789642,0
TCGA_to_GEO,GSE13294,GSM335510,target_cohort_adaptive_zscore,elastic_net,0,0.0015735661145299,0.6053668856620789,0
TCGA_to_GEO,GSE13294,GSM335511,target_cohort_adaptive_zscore,elastic_net,1,0.5978980660438538,0.6053668856620789,0
TCGA_to_GEO,GSE13294,GSM335512,target_cohort_adaptive_zscore,elastic_net,0,0.0442868396639823,0.6053668856620789,0
TCGA_to_GEO,GSE13294,GSM335513,target_cohort_adaptive_zscore,elastic_net,0,0.0003644943062681,0.6053668856620789,0
TCGA_to_GEO,GSE13294,GSM335514,target_cohort_adaptive_zscore,elastic_net,0,0.0009553650161251,0.6053668856620789,0
TCGA_to_GEO,GSE13294,GSM335515,target_cohort_adaptive_zscore,elastic_net,0,0.0064012371003627,0.6053668856620789,0
TCGA_to_GEO,GSE13294,GSM335516,target_cohort_adaptive_zscore,elastic_net,0,0.001051957020536,0.6053668856620789,0
TCGA_to_GEO,GSE13294,GSM335517,target_cohort_adaptive_zscore,elastic_net,0,0.0015352338086813,0.6053668856620789,0
TCGA_to_GEO,GSE13294,GSM335518,target_cohort_adaptive_zscore,elastic_net,1,0.6028797626495361,0.6053668856620789,0
TCGA_to_GEO,GSE13294,GSM335519,target_cohort_adaptive_zscore,elastic_net,1,0.2955144941806793,0.6053668856620789,0
TCGA_to_GEO,GSE13294,GSM335520,target_cohort_adaptive_zscore,elastic_net,0,0.1315882802009582,0.6053668856620789,0
TCGA_to_GEO,GSE13294,GSM335521,target_cohort_adaptive_zscore,elastic_net,0,0.0211681667715311,0.6053668856620789,0
TCGA_to_GEO,GSE13294,GSM335522,target_cohort_adaptive_zscore,elastic_net,0,0.0082161370664834,0.6053668856620789,0
TCGA_to_GEO,GSE13294,GSM335523,target_cohort_adaptive_zscore,elastic_net,0,0.0149002112448215,0.6053668856620789,0
TCGA_to_GEO,GSE13294,GSM335524,target_cohort_adaptive_zscore,elastic_net,0,0.0294823534786701,0.6053668856620789,0
TCGA_to_GEO,GSE13294,GSM335525,target_cohort_adaptive_zscore,elastic_net,1,0.907592236995697,0.6053668856620789,1
TCGA_to_GEO,GSE13294,GSM335526,target_cohort_adaptive_zscore,elastic_net,0,0.0009700744994916,0.6053668856620789,0
TCGA_to_GEO,GSE13294,GSM335527,target_cohort_adaptive_zscore,elastic_net,1,0.6368420124053955,0.6053668856620789,1
TCGA_to_GEO,GSE13294,GSM335528,target_cohort_adaptive_zscore,elastic_net,0,0.0039987014606595,0.6053668856620789,0
TCGA_to_GEO,GSE13294,GSM335529,target_cohort_adaptive_zscore,elastic_net,1,0.1480412930250167,0.6053668856620789,0
TCGA_to_GEO,GSE13294,GSM335530,target_cohort_adaptive_zscore,elastic_net,1,0.9962674975395204,0.6053668856620789,1
TCGA_to_GEO,GSE13294,GSM335531,target_cohort_adaptive_zscore,elastic_net,0,0.0007302350131794,0.6053668856620789,0
TCGA_to_GEO,GSE13294,GSM335532,target_cohort_adaptive_zscore,elastic_net,1,0.9624276757240297,0.6053668856620789,1
TCGA_to_GEO,GSE13294,GSM335533,target_cohort_adaptive_zscore,elastic_net,0,0.0060113435611128,0.6053668856620789,0
TCGA_to_GEO,GSE13294,GSM335534,target_cohort_adaptive_zscore,elastic_net,0,0.0052892607636749,0.6053668856620789,0
TCGA_to_GEO,GSE13294,GSM335535,target_cohort_adaptive_zscore,elastic_net,0,0.0172096155583858,0.6053668856620789,0
TCGA_to_GEO,GSE13294,GSM335536,target_cohort_adaptive_zscore,elastic_net,0,0.0040696524083614,0.6053668856620789,0
TCGA_to_GEO,GSE13294,GSM335537,target_cohort_adaptive_zscore,elastic_net,0,0.0020125282462686,0.6053668856620789,0
TCGA_to_GEO,GSE13294,GSM335538,target_cohort_adaptive_zscore,elastic_net,0,0.001058331457898,0.6053668856620789,0
TCGA_to_GEO,GSE13294,GSM335539,target_cohort_adaptive_zscore,elastic_net,0,0.0008546480676159,0.6053668856620789,0
TCGA_to_GEO,GSE13294,GSM335540,target_cohort_adaptive_zscore,elastic_net,0,0.0022933215368539,0.6053668856620789,0
TCGA_to_GEO,GSE13294,GSM335541,target_cohort_adaptive_zscore,elastic_net,1,0.739078938961029,0.6053668856620789,1
TCGA_to_GEO,GSE13294,GSM335542,target_cohort_adaptive_zscore,elastic_net,1,0.8170068264007568,0.6053668856620789,1
TCGA_to_GEO,GSE13294,GSM335543,target_cohort_adaptive_zscore,elastic_net,1,0.2893023788928985,0.6053668856620789,0
TCGA_to_GEO,GSE13294,GSM335544,target_cohort_adaptive_zscore,elastic_net,1,0.9875730872154236,0.6053668856620789,1
TCGA_to_GEO,GSE13294,GSM335545,target_cohort_adaptive_zscore,elastic_net,1,0.587257444858551,0.6053668856620789,0
TCGA_to_GEO,GSE13294,GSM335546,target_cohort_adaptive_zscore,elastic_net,1,0.9014536142349244,0.6053668856620789,1
TCGA_to_GEO,GSE13294,GSM335547,target_cohort_adaptive_zscore,elastic_net,0,0.3672690689563751,0.6053668856620789,0
TCGA_to_GEO,GSE13294,GSM335548,target_cohort_adaptive_zscore,elastic_net,0,0.0069872699677944,0.6053668856620789,0
TCGA_to_GEO,GSE13294,GSM335549,target_cohort_adaptive_zscore,elastic_net,0,0.005210371222347,0.6053668856620789,0
TCGA_to_GEO,GSE13294,GSM335550,target_cohort_adaptive_zscore,elastic_net,0,0.0012490625958889,0.6053668856620789,0
TCGA_to_GEO,GSE13294,GSM335551,target_cohort_adaptive_zscore,elastic_net,1,0.9392554759979248,0.6053668856620789,1
TCGA_to_GEO,GSE13294,GSM335552,target_cohort_adaptive_zscore,elastic_net,0,0.0046063004992902,0.6053668856620789,0
TCGA_to_GEO,GSE13294,GSM335553,target_cohort_adaptive_zscore,elastic_net,0,0.0078778099268674,0.6053668856620789,0
TCGA_to_GEO,GSE13294,GSM335554,target_cohort_adaptive_zscore,elastic_net,0,0.0119228223338723,0.6053668856620789,0
TCGA_to_GEO,GSE13294,GSM335555,target_cohort_adaptive_zscore,elastic_net,1,0.9992296695709229,0.6053668856620789,1
TCGA_to_GEO,GSE13294,GSM335556,target_cohort_adaptive_zscore,elastic_net,0,0.0009770981268957,0.6053668856620789,0
TCGA_to_GEO,GSE13294,GSM335557,target_cohort_adaptive_zscore,elastic_net,0,0.0019708392210304,0.6053668856620789,0
TCGA_to_GEO,GSE13294,GSM335558,target_cohort_adaptive_zscore,elastic_net,0,0.0115859759971499,0.6053668856620789,0
TCGA_to_GEO,GSE13294,GSM335559,target_cohort_adaptive_zscore,elastic_net,1,0.948861002922058,0.6053668856620789,1
TCGA_to_GEO,GSE13294,GSM335560,target_cohort_adaptive_zscore,elastic_net,1,0.9971492886543274,0.6053668856620789,1
TCGA_to_GEO,GSE13294,GSM335561,target_cohort_adaptive_zscore,elastic_net,0,0.0007468427647836,0.6053668856620789,0
TCGA_to_GEO,GSE13294,GSM335562,target_cohort_adaptive_zscore,elastic_net,1,0.4584960043430328,0.6053668856620789,0
TCGA_to_GEO,GSE13294,GSM335563,target_cohort_adaptive_zscore,elastic_net,1,0.9006690382957458,0.6053668856620789,1
TCGA_to_GEO,GSE13294,GSM335564,target_cohort_adaptive_zscore,elastic_net,0,0.03520268201828,0.6053668856620789,0
TCGA_to_GEO,GSE13294,GSM335565,target_cohort_adaptive_zscore,elastic_net,1,0.9994710087776184,0.6053668856620789,1
TCGA_to_GEO,GSE13294,GSM335566,target_cohort_adaptive_zscore,elastic_net,1,0.9940944314002992,0.6053668856620789,1
TCGA_to_GEO,GSE13294,GSM335567,target_cohort_adaptive_zscore,elastic_net,0,0.0003047835489269,0.6053668856620789,0
TCGA_to_GEO,GSE13294,GSM335568,target_cohort_adaptive_zscore,elastic_net,0,0.0005923476419411,0.6053668856620789,0
TCGA_to_GEO,GSE13294,GSM335569,target_cohort_adaptive_zscore,elastic_net,0,0.0006349316099658,0.6053668856620789,0
TCGA_to_GEO,GSE13294,GSM335570,target_cohort_adaptive_zscore,elastic_net,0,0.1971273422241211,0.6053668856620789,0
TCGA_to_GEO,GSE13294,GSM335571,target_cohort_adaptive_zscore,elastic_net,0,0.0010511521250009,0.6053668856620789,0
TCGA_to_GEO,GSE13294,GSM335572,target_cohort_adaptive_zscore,elastic_net,0,0.0077546969987452,0.6053668856620789,0
TCGA_to_GEO,GSE13294,GSM335573,target_cohort_adaptive_zscore,elastic_net,1,0.0006564644863829,0.6053668856620789,0
TCGA_to_GEO,GSE13294,GSM335574,target_cohort_adaptive_zscore,elastic_net,1,0.998068630695343,0.6053668856620789,1
TCGA_to_GEO,GSE13294,GSM335575,target_cohort_adaptive_zscore,elastic_net,0,0.0920019447803497,0.6053668856620789,0
TCGA_to_GEO,GSE13294,GSM335576,target_cohort_adaptive_zscore,elastic_net,1,0.9838200807571412,0.6053668856620789,1
TCGA_to_GEO,GSE13294,GSM335577,target_cohort_adaptive_zscore,elastic_net,1,0.9908317923545836,0.6053668856620789,1
TCGA_to_GEO,GSE13294,GSM335578,target_cohort_adaptive_zscore,elastic_net,1,0.2912143766880035,0.6053668856620789,0
TCGA_to_GEO,GSE13294,GSM335579,target_cohort_adaptive_zscore,elastic_net,0,0.0276609510183334,0.6053668856620789,0
TCGA_to_GEO,GSE13294,GSM335580,target_cohort_adaptive_zscore,elastic_net,0,0.0030755933839827,0.6053668856620789,0
TCGA_to_GEO,GSE13294,GSM335581,target_cohort_adaptive_zscore,elastic_net,0,0.011677629314363,0.6053668856620789,0
TCGA_to_GEO,GSE13294,GSM335582,target_cohort_adaptive_zscore,elastic_net,0,0.0004213195934426,0.6053668856620789,0
TCGA_to_GEO,GSE13294,GSM335583,target_cohort_adaptive_zscore,elastic_net,0,0.0011261887848377,0.6053668856620789,0
TCGA_to_GEO,GSE13294,GSM335584,target_cohort_adaptive_zscore,elastic_net,0,0.0016785460757091,0.6053668856620789,0
TCGA_to_GEO,GSE13294,GSM335585,target_cohort_adaptive_zscore,elastic_net,1,0.999627947807312,0.6053668856620789,1
TCGA_to_GEO,GSE13294,GSM335586,target_cohort_adaptive_zscore,elastic_net,0,0.0016974242171272,0.6053668856620789,0
TCGA_to_GEO,GSE13294,GSM335587,target_cohort_adaptive_zscore,elastic_net,0,0.0158748421818017,0.6053668856620789,0
TCGA_to_GEO,GSE13294,GSM335588,target_cohort_adaptive_zscore,elastic_net,0,0.000448686274467,0.6053668856620789,0
TCGA_to_GEO,GSE13294,GSM335589,target_cohort_adaptive_zscore,elastic_net,0,0.0106977941468358,0.6053668856620789,0
TCGA_to_GEO,GSE13294,GSM335590,target_cohort_adaptive_zscore,elastic_net,0,0.0383196994662284,0.6053668856620789,0
TCGA_to_GEO,GSE13294,GSM335591,target_cohort_adaptive_zscore,elastic_net,0,0.0007737926207482,0.6053668856620789,0
TCGA_to_GEO,GSE13294,GSM335592,target_cohort_adaptive_zscore,elastic_net,0,0.0002244491042802,0.6053668856620789,0
TCGA_to_GEO,GSE13294,GSM335593,target_cohort_adaptive_zscore,elastic_net,0,0.0005303644575178,0.6053668856620789,0
TCGA_to_GEO,GSE13294,GSM335594,target_cohort_adaptive_zscore,elastic_net,0,0.0079116690903902,0.6053668856620789,0
TCGA_to_GEO,GSE13294,GSM335595,target_cohort_adaptive_zscore,elastic_net,1,0.9471097588539124,0.6053668856620789,1
TCGA_to_GEO,GSE13294,GSM335596,target_cohort_adaptive_zscore,elastic_net,0,0.0062221237458288,0.6053668856620789,0
TCGA_to_GEO,GSE13294,GSM335597,target_cohort_adaptive_zscore,elastic_net,1,0.9972097277641296,0.6053668856620789,1
TCGA_to_GEO,GSE13294,GSM335598,target_cohort_adaptive_zscore,elastic_net,0,0.000286741706077,0.6053668856620789,0
TCGA_to_GEO,GSE13294,GSM335599,target_cohort_adaptive_zscore,elastic_net,0,0.0070359436795115,0.6053668856620789,0
TCGA_to_GEO,GSE13294,GSM335600,target_cohort_adaptive_zscore,elastic_net,0,0.0010568328434601,0.6053668856620789,0
TCGA_to_GEO,GSE13294,GSM335601,target_cohort_adaptive_zscore,elastic_net,0,0.004463936202228,0.6053668856620789,0
TCGA_to_GEO,GSE13294,GSM335602,target_cohort_adaptive_zscore,elastic_net,0,0.0034750886261463,0.6053668856620789,0
TCGA_to_GEO,GSE13294,GSM335603,target_cohort_adaptive_zscore,elastic_net,0,0.0015502527821809,0.6053668856620789,0
TCGA_to_GEO,GSE13294,GSM335604,target_cohort_adaptive_zscore,elastic_net,0,0.0021676372271031,0.6053668856620789,0
TCGA_to_GEO,GSE13294,GSM335605,target_cohort_adaptive_zscore,elastic_net,0,0.0004603319976013,0.6053668856620789,0
TCGA_to_GEO,GSE13294,GSM335606,target_cohort_adaptive_zscore,elastic_net,0,0.0001408163370797,0.6053668856620789,0
TCGA_to_GEO,GSE13294,GSM335607,target_cohort_adaptive_zscore,elastic_net,0,0.1011710688471794,0.6053668856620789,0
TCGA_to_GEO,GSE13294,GSM335608,target_cohort_adaptive_zscore,elastic_net,0,0.6678799986839294,0.6053668856620789,1
TCGA_to_GEO,GSE13294,GSM335609,target_cohort_adaptive_zscore,elastic_net,0,0.0061079398728907,0.6053668856620789,0
TCGA_to_GEO,GSE13294,GSM335610,target_cohort_adaptive_zscore,elastic_net,0,3.07333939417731e-05,0.6053668856620789,0
TCGA_to_GEO,GSE13294,GSM335611,target_cohort_adaptive_zscore,elastic_net,0,0.0008915454382076,0.6053668856620789,0
TCGA_to_GEO,GSE13294,GSM335612,target_cohort_adaptive_zscore,elastic_net,0,0.0006778244278393,0.6053668856620789,0
TCGA_to_GEO,GSE13294,GSM335613,target_cohort_adaptive_zscore,elastic_net,0,0.0010121347149834,0.6053668856620789,0
TCGA_to_GEO,GSE13294,GSM335614,target_cohort_adaptive_zscore,elastic_net,1,0.99970942735672,0.6053668856620789,1
TCGA_to_GEO,GSE13294,GSM335615,target_cohort_adaptive_zscore,elastic_net,0,0.0007411731639876,0.6053668856620789,0
TCGA_to_GEO,GSE13294,GSM335616,target_cohort_adaptive_zscore,elastic_net,0,0.0005753976292908,0.6053668856620789,0
TCGA_to_GEO,GSE13294,GSM335617,target_cohort_adaptive_zscore,elastic_net,0,0.0002166601334465,0.6053668856620789,0
TCGA_to_GEO,GSE13294,GSM335618,target_cohort_adaptive_zscore,elastic_net,1,0.0216635167598724,0.6053668856620789,0
TCGA_to_GEO,GSE13294,GSM335619,target_cohort_adaptive_zscore,elastic_net,1,0.9296078085899352,0.6053668856620789,1
TCGA_to_GEO,GSE13294,GSM335620,target_cohort_adaptive_zscore,elastic_net,1,0.1018702536821365,0.6053668856620789,0
TCGA_to_GEO,GSE13294,GSM335621,target_cohort_adaptive_zscore,elastic_net,1,0.9997608065605164,0.6053668856620789,1
TCGA_to_GEO,GSE13294,GSM335622,target_cohort_adaptive_zscore,elastic_net,1,0.8322603702545166,0.6053668856620789,1
TCGA_to_GEO,GSE13294,GSM335623,target_cohort_adaptive_zscore,elastic_net,1,0.9999017715454102,0.6053668856620789,1
TCGA_to_GEO,GSE13294,GSM335624,target_cohort_adaptive_zscore,elastic_net,1,0.669502854347229,0.6053668856620789,1
TCGA_to_GEO,GSE13294,GSM335625,target_cohort_adaptive_zscore,elastic_net,1,0.1309167146682739,0.6053668856620789,0
TCGA_to_GEO,GSE13294,GSM335626,target_cohort_adaptive_zscore,elastic_net,1,0.2679727673530578,0.6053668856620789,0
TCGA_to_GEO,GSE13294,GSM335627,target_cohort_adaptive_zscore,elastic_net,1,0.6531699895858765,0.6053668856620789,1
TCGA_to_GEO,GSE13294,GSM335628,target_cohort_adaptive_zscore,elastic_net,1,0.537009060382843,0.6053668856620789,0
TCGA_to_GEO,GSE13294,GSM335629,target_cohort_adaptive_zscore,elastic_net,1,0.9993815422058104,0.6053668856620789,1
TCGA_to_GEO,GSE13294,GSM335630,target_cohort_adaptive_zscore,elastic_net,1,0.9260092973709106,0.6053668856620789,1
TCGA_to_GEO,GSE13294,GSM335631,target_cohort_adaptive_zscore,elastic_net,1,0.0073093110695481,0.6053668856620789,0
TCGA_to_GEO,GSE13294,GSM335632,target_cohort_adaptive_zscore,elastic_net,1,0.6088365912437439,0.6053668856620789,1
TCGA_to_GEO,GSE13294,GSM335633,target_cohort_adaptive_zscore,elastic_net,1,0.6681501269340515,0.6053668856620789,1
TCGA_to_GEO,GSE13294,GSM335634,target_cohort_adaptive_zscore,elastic_net,1,0.9984191656112672,0.6053668856620789,1
TCGA_to_GEO,GSE13294,GSM335635,target_cohort_adaptive_zscore,elastic_net,1,0.9992644190788268,0.6053668856620789,1
TCGA_to_GEO,GSE13294,GSM335636,target_cohort_adaptive_zscore,elastic_net,1,4.51631385658402e-05,0.6053668856620789,0
TCGA_to_GEO,GSE13294,GSM335637,target_cohort_adaptive_zscore,elastic_net,1,0.7079694271087646,0.6053668856620789,1
TCGA_to_GEO,GSE13294,GSM335638,target_cohort_adaptive_zscore,elastic_net,1,0.9760294556617736,0.6053668856620789,1
TCGA_to_GEO,GSE13294,GSM335639,target_cohort_adaptive_zscore,elastic_net,1,0.7380202412605286,0.6053668856620789,1
TCGA_to_GEO,GSE13294,GSM335640,target_cohort_adaptive_zscore,elastic_net,1,0.983758807182312,0.6053668856620789,1
TCGA_to_GEO,GSE13294,GSM335641,target_cohort_adaptive_zscore,elastic_net,1,0.9996564388275146,0.6053668856620789,1
TCGA_to_GEO,GSE13294,GSM335642,target_cohort_adaptive_zscore,elastic_net,1,0.959648847579956,0.6053668856620789,1
TCGA_to_GEO,GSE13294,GSM335643,target_cohort_adaptive_zscore,elastic_net,1,0.9998834133148192,0.6053668856620789,1
TCGA_to_GEO,GSE13294,GSM335644,target_cohort_adaptive_zscore,elastic_net,1,0.9968597888946532,0.6053668856620789,1
TCGA_to_GEO,GSE13294,GSM335645,target_cohort_adaptive_zscore,elastic_net,1,0.9994196891784668,0.6053668856620789,1
TCGA_to_GEO,GSE13294,GSM335646,target_cohort_adaptive_zscore,elastic_net,1,0.9295954704284668,0.6053668856620789,1
TCGA_to_GEO,GSE13294,GSM335647,target_cohort_adaptive_zscore,elastic_net,1,0.150752916932106,0.6053668856620789,0
TCGA_to_GEO,GSE13294,GSM335648,target_cohort_adaptive_zscore,elastic_net,1,0.0319202430546283,0.6053668856620789,0
TCGA_to_GEO,GSE13294,GSM335649,target_cohort_adaptive_zscore,elastic_net,1,0.9966542720794678,0.6053668856620789,1
TCGA_to_GEO,GSE13294,GSM335650,target_cohort_adaptive_zscore,elastic_net,1,0.8475572466850281,0.6053668856620789,1
TCGA_to_GEO,GSE13294,GSM335651,target_cohort_adaptive_zscore,elastic_net,1,0.0019198585068807,0.6053668856620789,0
TCGA_to_GEO,GSE13294,GSM335652,target_cohort_adaptive_zscore,elastic_net,1,0.9999375343322754,0.6053668856620789,1
TCGA_to_GEO,GSE13294,GSM335653,target_cohort_adaptive_zscore,elastic_net,1,0.96338552236557,0.6053668856620789,1
TCGA_to_GEO,GSE13294,GSM335654,target_cohort_adaptive_zscore,elastic_net,1,0.9907317757606506,0.6053668856620789,1
TCGA_to_GEO,GSE13294,GSM335655,target_cohort_adaptive_zscore,elastic_net,1,0.9664120078086852,0.6053668856620789,1
TCGA_to_GEO,GSE13294,GSM335656,target_cohort_adaptive_zscore,elastic_net,1,0.9624046683311462,0.6053668856620789,1
TCGA_to_GEO,GSE13294,GSM335657,target_cohort_adaptive_zscore,elastic_net,1,0.9830560684204102,0.6053668856620789,1
TCGA_to_GEO,GSE13294,GSM335658,target_cohort_adaptive_zscore,elastic_net,1,0.9990190267562866,0.6053668856620789,1
TCGA_to_GEO,GSE13294,GSM335659,target_cohort_adaptive_zscore,elastic_net,1,0.9993829727172852,0.6053668856620789,1
TCGA_to_GEO,GSE13294,GSM335660,target_cohort_adaptive_zscore,elastic_net,1,0.9952865242958068,0.6053668856620789,1
TCGA_to_GEO,GSE13294,GSM335661,target_cohort_adaptive_zscore,elastic_net,1,0.9891843795776368,0.6053668856620789,1
TCGA_to_GEO,GSE13294,GSM335662,target_cohort_adaptive_zscore,elastic_net,1,0.9780996441841124,0.6053668856620789,1
TCGA_to_GEO,GSE13294,GSM335663,target_cohort_adaptive_zscore,elastic_net,1,0.8879270553588867,0.6053668856620789,1
TCGA_to_GEO,GSE13294,GSM335664,target_cohort_adaptive_zscore,elastic_net,1,0.9918203353881836,0.6053668856620789,1
TCGA_to_GEO,GSE13067,GSM327282,target_cohort_adaptive_zscore,elastic_net,1,0.998239278793335,0.6053668856620789,1
TCGA_to_GEO,GSE13067,GSM327283,target_cohort_adaptive_zscore,elastic_net,0,0.0890582799911499,0.6053668856620789,0
TCGA_to_GEO,GSE13067,GSM327284,target_cohort_adaptive_zscore,elastic_net,0,0.0030973432585597,0.6053668856620789,0
TCGA_to_GEO,GSE13067,GSM327285,target_cohort_adaptive_zscore,elastic_net,0,0.0084554320201277,0.6053668856620789,0
TCGA_to_GEO,GSE13067,GSM327286,target_cohort_adaptive_zscore,elastic_net,0,0.3576309084892273,0.6053668856620789,0
TCGA_to_GEO,GSE13067,GSM327287,target_cohort_adaptive_zscore,elastic_net,0,0.0051199872978031,0.6053668856620789,0
TCGA_to_GEO,GSE13067,GSM327288,target_cohort_adaptive_zscore,elastic_net,1,0.9836111664772034,0.6053668856620789,1
TCGA_to_GEO,GSE13067,GSM327289,target_cohort_adaptive_zscore,elastic_net,0,0.0951137170195579,0.6053668856620789,0
TCGA_to_GEO,GSE13067,GSM327290,target_cohort_adaptive_zscore,elastic_net,0,0.0321729369461536,0.6053668856620789,0
TCGA_to_GEO,GSE13067,GSM327291,target_cohort_adaptive_zscore,elastic_net,0,0.1499391794204712,0.6053668856620789,0
TCGA_to_GEO,GSE13067,GSM327292,target_cohort_adaptive_zscore,elastic_net,0,0.0079049915075302,0.6053668856620789,0
TCGA_to_GEO,GSE13067,GSM327293,target_cohort_adaptive_zscore,elastic_net,0,0.5133016109466553,0.6053668856620789,0
TCGA_to_GEO,GSE13067,GSM327294,target_cohort_adaptive_zscore,elastic_net,0,0.0034469261299818,0.6053668856620789,0
TCGA_to_GEO,GSE13067,GSM327295,target_cohort_adaptive_zscore,elastic_net,0,0.0034194784238934,0.6053668856620789,0
TCGA_to_GEO,GSE13067,GSM327296,target_cohort_adaptive_zscore,elastic_net,0,0.0939076840877533,0.6053668856620789,0
TCGA_to_GEO,GSE13067,GSM327297,target_cohort_adaptive_zscore,elastic_net,0,0.1944064795970916,0.6053668856620789,0
TCGA_to_GEO,GSE13067,GSM327298,target_cohort_adaptive_zscore,elastic_net,0,0.0461378768086433,0.6053668856620789,0
TCGA_to_GEO,GSE13067,GSM327299,target_cohort_adaptive_zscore,elastic_net,0,0.4746490716934204,0.6053668856620789,0
TCGA_to_GEO,GSE13067,GSM327300,target_cohort_adaptive_zscore,elastic_net,0,0.3048720359802246,0.6053668856620789,0
TCGA_to_GEO,GSE13067,GSM327301,target_cohort_adaptive_zscore,elastic_net,0,0.0386745892465114,0.6053668856620789,0
TCGA_to_GEO,GSE13067,GSM327302,target_cohort_adaptive_zscore,elastic_net,0,0.94477117061615,0.6053668856620789,1
TCGA_to_GEO,GSE13067,GSM327303,target_cohort_adaptive_zscore,elastic_net,0,0.1649438291788101,0.6053668856620789,0
TCGA_to_GEO,GSE13067,GSM327304,target_cohort_adaptive_zscore,elastic_net,0,0.5724884867668152,0.6053668856620789,0
TCGA_to_GEO,GSE13067,GSM327305,target_cohort_adaptive_zscore,elastic_net,0,0.099109336733818,0.6053668856620789,0
TCGA_to_GEO,GSE13067,GSM327306,target_cohort_adaptive_zscore,elastic_net,0,0.0075261476449668,0.6053668856620789,0
TCGA_to_GEO,GSE13067,GSM327307,target_cohort_adaptive_zscore,elastic_net,0,0.4624413251876831,0.6053668856620789,0
TCGA_to_GEO,GSE13067,GSM327308,target_cohort_adaptive_zscore,elastic_net,0,0.0036870697513222,0.6053668856620789,0
TCGA_to_GEO,GSE13067,GSM327309,target_cohort_adaptive_zscore,elastic_net,1,0.9992750287055968,0.6053668856620789,1
TCGA_to_GEO,GSE13067,GSM327310,target_cohort_adaptive_zscore,elastic_net,1,0.999964952468872,0.6053668856620789,1
TCGA_to_GEO,GSE13067,GSM327311,target_cohort_adaptive_zscore,elastic_net,1,0.9999959468841552,0.6053668856620789,1
TCGA_to_GEO,GSE13067,GSM327312,target_cohort_adaptive_zscore,elastic_net,0,0.1044643819332122,0.6053668856620789,0
TCGA_to_GEO,GSE13067,GSM327313,target_cohort_adaptive_zscore,elastic_net,1,0.9996360540390016,0.6053668856620789,1
TCGA_to_GEO,GSE13067,GSM327314,target_cohort_adaptive_zscore,elastic_net,0,0.0556500665843486,0.6053668856620789,0
TCGA_to_GEO,GSE13067,GSM327315,target_cohort_adaptive_zscore,elastic_net,0,0.0177946854382753,0.6053668856620789,0
TCGA_to_GEO,GSE13067,GSM327316,target_cohort_adaptive_zscore,elastic_net,0,0.3130080699920654,0.6053668856620789,0
TCGA_to_GEO,GSE13067,GSM327317,target_cohort_adaptive_zscore,elastic_net,0,0.0065965582616627,0.6053668856620789,0
TCGA_to_GEO,GSE13067,GSM327318,target_cohort_adaptive_zscore,elastic_net,0,0.0660569742321968,0.6053668856620789,0
TCGA_to_GEO,GSE13067,GSM327319,target_cohort_adaptive_zscore,elastic_net,0,0.0018195265438407,0.6053668856620789,0
TCGA_to_GEO,GSE13067,GSM327320,target_cohort_adaptive_zscore,elastic_net,0,0.0166699793189764,0.6053668856620789,0
TCGA_to_GEO,GSE13067,GSM327321,target_cohort_adaptive_zscore,elastic_net,0,0.0001312533859163,0.6053668856620789,0
TCGA_to_GEO,GSE13067,GSM327322,target_cohort_adaptive_zscore,elastic_net,0,0.3121494948863983,0.6053668856620789,0
TCGA_to_GEO,GSE13067,GSM327323,target_cohort_adaptive_zscore,elastic_net,0,0.0043443636968731,0.6053668856620789,0
TCGA_to_GEO,GSE13067,GSM327324,target_cohort_adaptive_zscore,elastic_net,1,0.9980162382125854,0.6053668856620789,1
TCGA_to_GEO,GSE13067,GSM327325,target_cohort_adaptive_zscore,elastic_net,1,0.9999943971633912,0.6053668856620789,1
TCGA_to_GEO,GSE13067,GSM327326,target_cohort_adaptive_zscore,elastic_net,0,0.0081607904285192,0.6053668856620789,0
TCGA_to_GEO,GSE13067,GSM327327,target_cohort_adaptive_zscore,elastic_net,0,0.3644533455371856,0.6053668856620789,0
TCGA_to_GEO,GSE13067,GSM327328,target_cohort_adaptive_zscore,elastic_net,0,0.1038851588964462,0.6053668856620789,0
TCGA_to_GEO,GSE13067,GSM327329,target_cohort_adaptive_zscore,elastic_net,0,0.0266763158142566,0.6053668856620789,0
TCGA_to_GEO,GSE13067,GSM327330,target_cohort_adaptive_zscore,elastic_net,0,0.0679760724306106,0.6053668856620789,0
TCGA_to_GEO,GSE13067,GSM327331,target_cohort_adaptive_zscore,elastic_net,1,0.6545534133911133,0.6053668856620789,1
TCGA_to_GEO,GSE13067,GSM327332,target_cohort_adaptive_zscore,elastic_net,0,0.0689886063337326,0.6053668856620789,0
TCGA_to_GEO,GSE13067,GSM327333,target_cohort_adaptive_zscore,elastic_net,0,0.6047109365463257,0.6053668856620789,0
TCGA_to_GEO,GSE13067,GSM327334,target_cohort_adaptive_zscore,elastic_net,0,0.0997888818383216,0.6053668856620789,0
TCGA_to_GEO,GSE13067,GSM327335,target_cohort_adaptive_zscore,elastic_net,0,0.1314959079027176,0.6053668856620789,0
TCGA_to_GEO,GSE13067,GSM327336,target_cohort_adaptive_zscore,elastic_net,0,0.006891282275319,0.6053668856620789,0
TCGA_to_GEO,GSE13067,GSM327337,target_cohort_adaptive_zscore,elastic_net,0,0.0009371337946504,0.6053668856620789,0
TCGA_to_GEO,GSE13067,GSM327338,target_cohort_adaptive_zscore,elastic_net,0,0.0004840042965952,0.6053668856620789,0
TCGA_to_GEO,GSE13067,GSM327339,target_cohort_adaptive_zscore,elastic_net,0,0.2373407632112503,0.6053668856620789,0
TCGA_to_GEO,GSE13067,GSM327340,target_cohort_adaptive_zscore,elastic_net,0,0.0422119759023189,0.6053668856620789,0
TCGA_to_GEO,GSE13067,GSM327341,target_cohort_adaptive_zscore,elastic_net,0,0.0021327822469174,0.6053668856620789,0
TCGA_to_GEO,GSE13067,GSM327342,target_cohort_adaptive_zscore,elastic_net,0,0.0019240753026679,0.6053668856620789,0
TCGA_to_GEO,GSE13067,GSM327343,target_cohort_adaptive_zscore,elastic_net,0,0.3962470591068268,0.6053668856620789,0
TCGA_to_GEO,GSE13067,GSM327344,target_cohort_adaptive_zscore,elastic_net,0,0.0019434994319453,0.6053668856620789,0
TCGA_to_GEO,GSE13067,GSM327345,target_cohort_adaptive_zscore,elastic_net,0,0.7093952894210815,0.6053668856620789,1
TCGA_to_GEO,GSE13067,GSM327346,target_cohort_adaptive_zscore,elastic_net,0,0.1306661069393158,0.6053668856620789,0
TCGA_to_GEO,GSE13067,GSM327347,target_cohort_adaptive_zscore,elastic_net,0,0.0302763190120458,0.6053668856620789,0
TCGA_to_GEO,GSE13067,GSM327348,target_cohort_adaptive_zscore,elastic_net,0,0.0509507805109024,0.6053668856620789,0
TCGA_to_GEO,GSE13067,GSM327349,target_cohort_adaptive_zscore,elastic_net,0,0.011184056289494,0.6053668856620789,0
TCGA_to_GEO,GSE13067,GSM327350,target_cohort_adaptive_zscore,elastic_net,0,0.0085698375478386,0.6053668856620789,0
TCGA_to_GEO,GSE13067,GSM327351,target_cohort_adaptive_zscore,elastic_net,0,0.0526088550686836,0.6053668856620789,0
TCGA_to_GEO,GSE13067,GSM327352,target_cohort_adaptive_zscore,elastic_net,1,0.9999988079071044,0.6053668856620789,1
TCGA_to_GEO,GSE13067,GSM327353,target_cohort_adaptive_zscore,elastic_net,1,0.9888482093811036,0.6053668856620789,1
TCGA_to_GEO,GSE13067,GSM327354,target_cohort_adaptive_zscore,elastic_net,0,0.1324608474969864,0.6053668856620789,0
TCGA_to_GEO,GSE13067,GSM327355,target_cohort_adaptive_zscore,elastic_net,0,0.0840202197432518,0.6053668856620789,0
TCGA_to_GEO,GSE18088,GSM452148,target_cohort_adaptive_zscore,elastic_net,1,0.6509172916412354,0.6053668856620789,1
TCGA_to_GEO,GSE18088,GSM452149,target_cohort_adaptive_zscore,elastic_net,0,0.0015635883901268,0.6053668856620789,0
TCGA_to_GEO,GSE18088,GSM452150,target_cohort_adaptive_zscore,elastic_net,0,0.0108533613383769,0.6053668856620789,0
TCGA_to_GEO,GSE18088,GSM452151,target_cohort_adaptive_zscore,elastic_net,0,0.016247084364295,0.6053668856620789,0
TCGA_to_GEO,GSE18088,GSM452152,target_cohort_adaptive_zscore,elastic_net,0,0.0006785421282984,0.6053668856620789,0
TCGA_to_GEO,GSE18088,GSM452153,target_cohort_adaptive_zscore,elastic_net,1,0.2732938826084137,0.6053668856620789,0
TCGA_to_GEO,GSE18088,GSM452154,target_cohort_adaptive_zscore,elastic_net,0,0.0138433435931801,0.6053668856620789,0
TCGA_to_GEO,GSE18088,GSM452155,target_cohort_adaptive_zscore,elastic_net,0,0.0049740239046514,0.6053668856620789,0
TCGA_to_GEO,GSE18088,GSM452156,target_cohort_adaptive_zscore,elastic_net,0,0.0002786206023301,0.6053668856620789,0
TCGA_to_GEO,GSE18088,GSM452157,target_cohort_adaptive_zscore,elastic_net,1,0.9999650716781616,0.6053668856620789,1
TCGA_to_GEO,GSE18088,GSM452158,target_cohort_adaptive_zscore,elastic_net,0,0.0100826071575284,0.6053668856620789,0
TCGA_to_GEO,GSE18088,GSM452159,target_cohort_adaptive_zscore,elastic_net,1,0.9948940277099608,0.6053668856620789,1
TCGA_to_GEO,GSE18088,GSM452160,target_cohort_adaptive_zscore,elastic_net,0,0.0022052535787224,0.6053668856620789,0
TCGA_to_GEO,GSE18088,GSM452161,target_cohort_adaptive_zscore,elastic_net,0,0.0028344576712697,0.6053668856620789,0
TCGA_to_GEO,GSE18088,GSM452162,target_cohort_adaptive_zscore,elastic_net,0,0.363464742898941,0.6053668856620789,0
TCGA_to_GEO,GSE18088,GSM452163,target_cohort_adaptive_zscore,elastic_net,1,0.9998674392700196,0.6053668856620789,1
TCGA_to_GEO,GSE18088,GSM452164,target_cohort_adaptive_zscore,elastic_net,0,0.0008745460072532,0.6053668856620789,0
TCGA_to_GEO,GSE18088,GSM452165,target_cohort_adaptive_zscore,elastic_net,0,0.0122923487797379,0.6053668856620789,0
TCGA_to_GEO,GSE18088,GSM452166,target_cohort_adaptive_zscore,elastic_net,0,0.0020277306903153,0.6053668856620789,0
TCGA_to_GEO,GSE18088,GSM452167,target_cohort_adaptive_zscore,elastic_net,0,0.0151710920035839,0.6053668856620789,0
TCGA_to_GEO,GSE18088,GSM452168,target_cohort_adaptive_zscore,elastic_net,1,0.9904322028160096,0.6053668856620789,1
TCGA_to_GEO,GSE18088,GSM452169,target_cohort_adaptive_zscore,elastic_net,1,0.99982351064682,0.6053668856620789,1
TCGA_to_GEO,GSE18088,GSM452170,target_cohort_adaptive_zscore,elastic_net,0,0.0097318338230252,0.6053668856620789,0
TCGA_to_GEO,GSE18088,GSM452171,target_cohort_adaptive_zscore,elastic_net,0,0.0031418160069733,0.6053668856620789,0
TCGA_to_GEO,GSE18088,GSM452172,target_cohort_adaptive_zscore,elastic_net,0,0.2262070477008819,0.6053668856620789,0
TCGA_to_GEO,GSE18088,GSM452173,target_cohort_adaptive_zscore,elastic_net,1,0.9948807954788208,0.6053668856620789,1
TCGA_to_GEO,GSE18088,GSM452174,target_cohort_adaptive_zscore,elastic_net,1,0.9996217489242554,0.6053668856620789,1
TCGA_to_GEO,GSE18088,GSM452175,target_cohort_adaptive_zscore,elastic_net,1,0.9076734185218812,0.6053668856620789,1
TCGA_to_GEO,GSE18088,GSM452176,target_cohort_adaptive_zscore,elastic_net,0,0.003570940112695,0.6053668856620789,0
TCGA_to_GEO,GSE18088,GSM452177,target_cohort_adaptive_zscore,elastic_net,0,0.0271331835538148,0.6053668856620789,0
TCGA_to_GEO,GSE18088,GSM452178,target_cohort_adaptive_zscore,elastic_net,0,0.0002616339479573,0.6053668856620789,0
TCGA_to_GEO,GSE18088,GSM452179,target_cohort_adaptive_zscore,elastic_net,1,0.999933123588562,0.6053668856620789,1
TCGA_to_GEO,GSE18088,GSM452180,target_cohort_adaptive_zscore,elastic_net,1,0.9995070695877076,0.6053668856620789,1
TCGA_to_GEO,GSE18088,GSM452181,target_cohort_adaptive_zscore,elastic_net,0,0.0235362648963928,0.6053668856620789,0
TCGA_to_GEO,GSE18088,GSM452182,target_cohort_adaptive_zscore,elastic_net,1,0.921409010887146,0.6053668856620789,1
TCGA_to_GEO,GSE18088,GSM452183,target_cohort_adaptive_zscore,elastic_net,1,0.9986176490783693,0.6053668856620789,1
TCGA_to_GEO,GSE18088,GSM452184,target_cohort_adaptive_zscore,elastic_net,1,0.9941461086273192,0.6053668856620789,1
TCGA_to_GEO,GSE18088,GSM452185,target_cohort_adaptive_zscore,elastic_net,0,0.014564273878932,0.6053668856620789,0
TCGA_to_GEO,GSE18088,GSM452186,target_cohort_adaptive_zscore,elastic_net,0,0.0384220480918884,0.6053668856620789,0
TCGA_to_GEO,GSE18088,GSM452187,target_cohort_adaptive_zscore,elastic_net,0,0.0003609499835874,0.6053668856620789,0
TCGA_to_GEO,GSE18088,GSM452188,target_cohort_adaptive_zscore,elastic_net,1,0.9881514310836792,0.6053668856620789,1
TCGA_to_GEO,GSE18088,GSM452189,target_cohort_adaptive_zscore,elastic_net,1,0.9996304512023926,0.6053668856620789,1
TCGA_to_GEO,GSE18088,GSM452190,target_cohort_adaptive_zscore,elastic_net,0,0.2386301904916763,0.6053668856620789,0
TCGA_to_GEO,GSE18088,GSM452191,target_cohort_adaptive_zscore,elastic_net,0,0.0005861698300577,0.6053668856620789,0
TCGA_to_GEO,GSE18088,GSM452192,target_cohort_adaptive_zscore,elastic_net,0,0.0012372189667075,0.6053668856620789,0
TCGA_to_GEO,GSE18088,GSM452193,target_cohort_adaptive_zscore,elastic_net,0,0.004664403386414,0.6053668856620789,0
TCGA_to_GEO,GSE18088,GSM452194,target_cohort_adaptive_zscore,elastic_net,0,0.0039680646732449,0.6053668856620789,0
TCGA_to_GEO,GSE18088,GSM452195,target_cohort_adaptive_zscore,elastic_net,0,0.0116279236972332,0.6053668856620789,0
TCGA_to_GEO,GSE18088,GSM452196,target_cohort_adaptive_zscore,elastic_net,0,0.0263078454881906,0.6053668856620789,0
TCGA_to_GEO,GSE18088,GSM452197,target_cohort_adaptive_zscore,elastic_net,1,0.9416145086288452,0.6053668856620789,1
TCGA_to_GEO,GSE18088,GSM452198,target_cohort_adaptive_zscore,elastic_net,0,0.0257995892316102,0.6053668856620789,0
TCGA_to_GEO,GSE18088,GSM452199,target_cohort_adaptive_zscore,elastic_net,0,0.0293703433126211,0.6053668856620789,0
TCGA_to_GEO,GSE18088,GSM452200,target_cohort_adaptive_zscore,elastic_net,1,0.0001696232939139,0.6053668856620789,0
TCGA_to_GEO,GSE26682,GSM656542,target_cohort_adaptive_zscore,elastic_net,0,0.0239020641893148,0.6053668856620789,0
TCGA_to_GEO,GSE26682,GSM656543,target_cohort_adaptive_zscore,elastic_net,0,0.0364924743771553,0.6053668856620789,0
TCGA_to_GEO,GSE26682,GSM656545,target_cohort_adaptive_zscore,elastic_net,1,0.9999021291732788,0.6053668856620789,1
TCGA_to_GEO,GSE26682,GSM656546,target_cohort_adaptive_zscore,elastic_net,0,0.0116249257698655,0.6053668856620789,0
TCGA_to_GEO,GSE26682,GSM656548,target_cohort_adaptive_zscore,elastic_net,0,0.0102695040404796,0.6053668856620789,0
TCGA_to_GEO,GSE26682,GSM656550,target_cohort_adaptive_zscore,elastic_net,0,0.1256244778633117,0.6053668856620789,0
TCGA_to_GEO,GSE26682,GSM656552,target_cohort_adaptive_zscore,elastic_net,0,0.0255901459604501,0.6053668856620789,0
TCGA_to_GEO,GSE26682,GSM656553,target_cohort_adaptive_zscore,elastic_net,0,0.3251397013664245,0.6053668856620789,0
TCGA_to_GEO,GSE26682,GSM656555,target_cohort_adaptive_zscore,elastic_net,0,0.2877539098262787,0.6053668856620789,0
TCGA_to_GEO,GSE26682,GSM656556,target_cohort_adaptive_zscore,elastic_net,0,0.0955121368169784,0.6053668856620789,0
TCGA_to_GEO,GSE26682,GSM656557,target_cohort_adaptive_zscore,elastic_net,0,0.7600049376487732,0.6053668856620789,1
TCGA_to_GEO,GSE26682,GSM656558,target_cohort_adaptive_zscore,elastic_net,0,0.1246483102440834,0.6053668856620789,0
TCGA_to_GEO,GSE26682,GSM656559,target_cohort_adaptive_zscore,elastic_net,1,0.999605119228363,0.6053668856620789,1
TCGA_to_GEO,GSE26682,GSM656560,target_cohort_adaptive_zscore,elastic_net,0,0.026032730937004,0.6053668856620789,0
TCGA_to_GEO,GSE26682,GSM656561,target_cohort_adaptive_zscore,elastic_net,0,0.041712574660778,0.6053668856620789,0
TCGA_to_GEO,GSE26682,GSM656567,target_cohort_adaptive_zscore,elastic_net,0,0.0214288998395204,0.6053668856620789,0
TCGA_to_GEO,GSE26682,GSM656568,target_cohort_adaptive_zscore,elastic_net,0,0.0013239179970696,0.6053668856620789,0
TCGA_to_GEO,GSE26682,GSM656569,target_cohort_adaptive_zscore,elastic_net,0,0.0011481783585622,0.6053668856620789,0
TCGA_to_GEO,GSE26682,GSM656570,target_cohort_adaptive_zscore,elastic_net,0,0.4459069371223449,0.6053668856620789,0
TCGA_to_GEO,GSE26682,GSM656574,target_cohort_adaptive_zscore,elastic_net,0,0.0019977057818323,0.6053668856620789,0
TCGA_to_GEO,GSE26682,GSM656580,target_cohort_adaptive_zscore,elastic_net,0,0.0051572863012552,0.6053668856620789,0
TCGA_to_GEO,GSE26682,GSM656582,target_cohort_adaptive_zscore,elastic_net,0,0.0066918018274009,0.6053668856620789,0
TCGA_to_GEO,GSE26682,GSM656583,target_cohort_adaptive_zscore,elastic_net,1,0.9414207935333252,0.6053668856620789,1
TCGA_to_GEO,GSE26682,GSM656584,target_cohort_adaptive_zscore,elastic_net,0,0.1306179463863372,0.6053668856620789,0
TCGA_to_GEO,GSE26682,GSM656585,target_cohort_adaptive_zscore,elastic_net,0,0.3614509701728821,0.6053668856620789,0
TCGA_to_GEO,GSE26682,GSM656586,target_cohort_adaptive_zscore,elastic_net,0,0.5819848775863647,0.6053668856620789,0
TCGA_to_GEO,GSE26682,GSM656587,target_cohort_adaptive_zscore,elastic_net,0,0.990131378173828,0.6053668856620789,1
TCGA_to_GEO,GSE26682,GSM656590,target_cohort_adaptive_zscore,elastic_net,1,0.9843688011169434,0.6053668856620789,1
TCGA_to_GEO,GSE26682,GSM656592,target_cohort_adaptive_zscore,elastic_net,0,0.0041836244054138,0.6053668856620789,0
TCGA_to_GEO,GSE26682,GSM656596,target_cohort_adaptive_zscore,elastic_net,0,0.007551142014563,0.6053668856620789,0
TCGA_to_GEO,GSE26682,GSM656598,target_cohort_adaptive_zscore,elastic_net,0,0.0571529231965541,0.6053668856620789,0
TCGA_to_GEO,GSE26682,GSM656601,target_cohort_adaptive_zscore,elastic_net,0,0.0156075274571776,0.6053668856620789,0
TCGA_to_GEO,GSE26682,GSM656603,target_cohort_adaptive_zscore,elastic_net,1,0.9999735355377196,0.6053668856620789,1
TCGA_to_GEO,GSE26682,GSM656612,target_cohort_adaptive_zscore,elastic_net,1,0.9947741627693176,0.6053668856620789,1
TCGA_to_GEO,GSE26682,GSM656613,target_cohort_adaptive_zscore,elastic_net,0,0.0530082397162914,0.6053668856620789,0
TCGA_to_GEO,GSE26682,GSM656617,target_cohort_adaptive_zscore,elastic_net,0,0.4009002447128296,0.6053668856620789,0
TCGA_to_GEO,GSE26682,GSM656618,target_cohort_adaptive_zscore,elastic_net,0,0.0008109473856166,0.6053668856620789,0
TCGA_to_GEO,GSE26682,GSM656625,target_cohort_adaptive_zscore,elastic_net,0,0.2315406948328018,0.6053668856620789,0
TCGA_to_GEO,GSE26682,GSM656634,target_cohort_adaptive_zscore,elastic_net,0,0.3453806340694427,0.6053668856620789,0
TCGA_to_GEO,GSE26682,GSM656635,target_cohort_adaptive_zscore,elastic_net,0,0.0126722315326333,0.6053668856620789,0
TCGA_to_GEO,GSE26682,GSM656636,target_cohort_adaptive_zscore,elastic_net,0,0.0006823601434007,0.6053668856620789,0
TCGA_to_GEO,GSE26682,GSM656639,target_cohort_adaptive_zscore,elastic_net,0,0.0167801156640052,0.6053668856620789,0
TCGA_to_GEO,GSE26682,GSM656640,target_cohort_adaptive_zscore,elastic_net,0,0.1365435868501663,0.6053668856620789,0
TCGA_to_GEO,GSE26682,GSM656642,target_cohort_adaptive_zscore,elastic_net,0,0.045782271772623,0.6053668856620789,0
TCGA_to_GEO,GSE26682,GSM656644,target_cohort_adaptive_zscore,elastic_net,0,0.0377831794321537,0.6053668856620789,0
TCGA_to_GEO,GSE26682,GSM656657,target_cohort_adaptive_zscore,elastic_net,0,0.5100452899932861,0.6053668856620789,0
TCGA_to_GEO,GSE26682,GSM656662,target_cohort_adaptive_zscore,elastic_net,0,0.0911039561033248,0.6053668856620789,0
TCGA_to_GEO,GSE26682,GSM656663,target_cohort_adaptive_zscore,elastic_net,0,0.0700145661830902,0.6053668856620789,0
TCGA_to_GEO,GSE26682,GSM656669,target_cohort_adaptive_zscore,elastic_net,1,0.999987244606018,0.6053668856620789,1
TCGA_to_GEO,GSE26682,GSM656672,target_cohort_adaptive_zscore,elastic_net,0,0.030037548393011,0.6053668856620789,0
TCGA_to_GEO,GSE26682,GSM656675,target_cohort_adaptive_zscore,elastic_net,0,0.0537537112832069,0.6053668856620789,0
TCGA_to_GEO,GSE26682,GSM656676,target_cohort_adaptive_zscore,elastic_net,0,0.019050819799304,0.6053668856620789,0
TCGA_to_GEO,GSE26682,GSM656678,target_cohort_adaptive_zscore,elastic_net,0,0.0398675389587879,0.6053668856620789,0
TCGA_to_GEO,GSE26682,GSM656679,target_cohort_adaptive_zscore,elastic_net,1,0.999618411064148,0.6053668856620789,1
TCGA_to_GEO,GSE26682,GSM656683,target_cohort_adaptive_zscore,elastic_net,0,0.0265164282172918,0.6053668856620789,0
TCGA_to_GEO,GSE26682,GSM656687,target_cohort_adaptive_zscore,elastic_net,0,0.8286293745040894,0.6053668856620789,1
TCGA_to_GEO,GSE26682,GSM656691,target_cohort_adaptive_zscore,elastic_net,0,0.3511712253093719,0.6053668856620789,0
TCGA_to_GEO,GSE26682,GSM656692,target_cohort_adaptive_zscore,elastic_net,0,0.3165284693241119,0.6053668856620789,0
TCGA_to_GEO,GSE26682,GSM656693,target_cohort_adaptive_zscore,elastic_net,0,0.0162925701588392,0.6053668856620789,0
TCGA_to_GEO,GSE26682,GSM656695,target_cohort_adaptive_zscore,elastic_net,0,0.0109881395474076,0.6053668856620789,0
TCGA_to_GEO,GSE26682,GSM656698,target_cohort_adaptive_zscore,elastic_net,0,0.0531056858599185,0.6053668856620789,0
TCGA_to_GEO,GSE26682,GSM656699,target_cohort_adaptive_zscore,elastic_net,0,0.0418746247887611,0.6053668856620789,0
TCGA_to_GEO,GSE26682,GSM656700,target_cohort_adaptive_zscore,elastic_net,0,0.0744445547461509,0.6053668856620789,0
TCGA_to_GEO,GSE26682,GSM656701,target_cohort_adaptive_zscore,elastic_net,0,0.0612555555999279,0.6053668856620789,0
TCGA_to_GEO,GSE26682,GSM656702,target_cohort_adaptive_zscore,elastic_net,0,0.0921582877635955,0.6053668856620789,0
TCGA_to_GEO,GSE26682,GSM656703,target_cohort_adaptive_zscore,elastic_net,0,0.0039956737309694,0.6053668856620789,0
TCGA_to_GEO,GSE26682,GSM656704,target_cohort_adaptive_zscore,elastic_net,0,0.0097556626424193,0.6053668856620789,0
TCGA_to_GEO,GSE26682,GSM656705,target_cohort_adaptive_zscore,elastic_net,0,0.953813135623932,0.6053668856620789,1
TCGA_to_GEO,GSE26682,GSM656707,target_cohort_adaptive_zscore,elastic_net,0,0.3153949677944183,0.6053668856620789,0
TCGA_to_GEO,GSE26682,GSM656710,target_cohort_adaptive_zscore,elastic_net,0,0.1168462634086608,0.6053668856620789,0
TCGA_to_GEO,GSE26682,GSM656711,target_cohort_adaptive_zscore,elastic_net,0,0.4797857105731964,0.6053668856620789,0
TCGA_to_GEO,GSE26682,GSM656714,target_cohort_adaptive_zscore,elastic_net,0,0.0035211623180657,0.6053668856620789,0
TCGA_to_GEO,GSE26682,GSM656715,target_cohort_adaptive_zscore,elastic_net,0,0.3108649849891662,0.6053668856620789,0
TCGA_to_GEO,GSE26682,GSM656720,target_cohort_adaptive_zscore,elastic_net,0,0.0027805429417639,0.6053668856620789,0
TCGA_to_GEO,GSE26682,GSM656721,target_cohort_adaptive_zscore,elastic_net,0,0.0119559541344642,0.6053668856620789,0
TCGA_to_GEO,GSE26682,GSM656726,target_cohort_adaptive_zscore,elastic_net,0,0.7203418016433716,0.6053668856620789,1
TCGA_to_GEO,GSE26682,GSM656732,target_cohort_adaptive_zscore,elastic_net,0,0.0082537215203046,0.6053668856620789,0
TCGA_to_GEO,GSE26682,GSM656735,target_cohort_adaptive_zscore,elastic_net,0,0.0035294857807457,0.6053668856620789,0
TCGA_to_GEO,GSE26682,GSM656736,target_cohort_adaptive_zscore,elastic_net,1,0.9958319067955016,0.6053668856620789,1
TCGA_to_GEO,GSE26682,GSM656737,target_cohort_adaptive_zscore,elastic_net,0,0.1049086302518844,0.6053668856620789,0
TCGA_to_GEO,GSE26682,GSM656739,target_cohort_adaptive_zscore,elastic_net,0,0.0222938228398561,0.6053668856620789,0
TCGA_to_GEO,GSE26682,GSM656742,target_cohort_adaptive_zscore,elastic_net,0,0.0064911441877484,0.6053668856620789,0
TCGA_to_GEO,GSE26682,GSM656749,target_cohort_adaptive_zscore,elastic_net,0,0.0291314963251352,0.6053668856620789,0
TCGA_to_GEO,GSE26682,GSM656768,target_cohort_adaptive_zscore,elastic_net,0,0.0013812489341944,0.6053668856620789,0
TCGA_to_GEO,GSE26682,GSM656769,target_cohort_adaptive_zscore,elastic_net,0,0.0010533534223213,0.6053668856620789,0
TCGA_to_GEO,GSE26682,GSM656770,target_cohort_adaptive_zscore,elastic_net,0,0.0961758643388748,0.6053668856620789,0
TCGA_to_GEO,GSE26682,GSM656772,target_cohort_adaptive_zscore,elastic_net,0,0.0378382243216037,0.6053668856620789,0
TCGA_to_GEO,GSE26682,GSM656775,target_cohort_adaptive_zscore,elastic_net,0,0.0138991763815283,0.6053668856620789,0
TCGA_to_GEO,GSE26682,GSM656776,target_cohort_adaptive_zscore,elastic_net,0,0.0502617098391056,0.6053668856620789,0
TCGA_to_GEO,GSE26682,GSM656777,target_cohort_adaptive_zscore,elastic_net,0,0.1272536069154739,0.6053668856620789,0
TCGA_to_GEO,GSE26682,GSM656783,target_cohort_adaptive_zscore,elastic_net,0,0.1833837777376175,0.6053668856620789,0
TCGA_to_GEO,GSE26682,GSM656785,target_cohort_adaptive_zscore,elastic_net,0,0.2228173017501831,0.6053668856620789,0
TCGA_to_GEO,GSE26682,GSM656787,target_cohort_adaptive_zscore,elastic_net,0,0.4518256187438965,0.6053668856620789,0
TCGA_to_GEO,GSE26682,GSM656794,target_cohort_adaptive_zscore,elastic_net,0,0.0176741685718297,0.6053668856620789,0
TCGA_to_GEO,GSE26682,GSM656800,target_cohort_adaptive_zscore,elastic_net,0,0.0237654317170381,0.6053668856620789,0
TCGA_to_GEO,GSE26682,GSM656803,target_cohort_adaptive_zscore,elastic_net,0,0.0391200445592403,0.6053668856620789,0
TCGA_to_GEO,GSE26682,GSM656804,target_cohort_adaptive_zscore,elastic_net,0,0.0181265026330947,0.6053668856620789,0
TCGA_to_GEO,GSE26682,GSM656806,target_cohort_adaptive_zscore,elastic_net,0,0.0903411656618118,0.6053668856620789,0
TCGA_to_GEO,GSE26682,GSM656809,target_cohort_adaptive_zscore,elastic_net,0,0.0027138313744217,0.6053668856620789,0
TCGA_to_GEO,GSE26682,GSM656811,target_cohort_adaptive_zscore,elastic_net,0,0.0764058008790016,0.6053668856620789,0
TCGA_to_GEO,GSE26682,GSM656816,target_cohort_adaptive_zscore,elastic_net,0,0.8781487345695496,0.6053668856620789,1
TCGA_to_GEO,GSE26682,GSM656819,target_cohort_adaptive_zscore,elastic_net,0,0.0087099140509963,0.6053668856620789,0
TCGA_to_GEO,GSE26682,GSM656820,target_cohort_adaptive_zscore,elastic_net,1,0.9999464750289916,0.6053668856620789,1
TCGA_to_GEO,GSE26682,GSM656822,target_cohort_adaptive_zscore,elastic_net,0,0.9898866415023804,0.6053668856620789,1
TCGA_to_GEO,GSE26682,GSM656824,target_cohort_adaptive_zscore,elastic_net,0,0.1094932109117508,0.6053668856620789,0
TCGA_to_GEO,GSE26682,GSM656825,target_cohort_adaptive_zscore,elastic_net,0,0.0453087277710437,0.6053668856620789,0
TCGA_to_GEO,GSE26682,GSM656830,target_cohort_adaptive_zscore,elastic_net,0,0.0061137173324823,0.6053668856620789,0
TCGA_to_GEO,GSE26682,GSM656831,target_cohort_adaptive_zscore,elastic_net,0,0.0346148684620857,0.6053668856620789,0
TCGA_to_GEO,GSE26682,GSM656832,target_cohort_adaptive_zscore,elastic_net,0,0.0009047932690009,0.6053668856620789,0
TCGA_to_GEO,GSE26682,GSM656833,target_cohort_adaptive_zscore,elastic_net,0,0.0652595981955528,0.6053668856620789,0
TCGA_to_GEO,GSE26682,GSM656834,target_cohort_adaptive_zscore,elastic_net,0,0.0315254293382167,0.6053668856620789,0
TCGA_to_GEO,GSE26682,GSM656836,target_cohort_adaptive_zscore,elastic_net,0,0.0685866549611091,0.6053668856620789,0
TCGA_to_GEO,GSE26682,GSM656837,target_cohort_adaptive_zscore,elastic_net,1,0.999996781349182,0.6053668856620789,1
TCGA_to_GEO,GSE26682,GSM656840,target_cohort_adaptive_zscore,elastic_net,0,0.0196757521480321,0.6053668856620789,0
TCGA_to_GEO,GSE26682,GSM656841,target_cohort_adaptive_zscore,elastic_net,0,0.9154152274131776,0.6053668856620789,1
TCGA_to_GEO,GSE26682,GSM656842,target_cohort_adaptive_zscore,elastic_net,1,0.9999529123306274,0.6053668856620789,1
TCGA_to_GEO,GSE26682,GSM656843,target_cohort_adaptive_zscore,elastic_net,0,0.0139585193246603,0.6053668856620789,0
TCGA_to_GEO,GSE26682,GSM656845,target_cohort_adaptive_zscore,elastic_net,0,0.5133774876594543,0.6053668856620789,0
TCGA_to_GEO,GSE26682,GSM656846,target_cohort_adaptive_zscore,elastic_net,0,0.6230827569961548,0.6053668856620789,1
TCGA_to_GEO,GSE26682,GSM656847,target_cohort_adaptive_zscore,elastic_net,0,0.2000602483749389,0.6053668856620789,0
TCGA_to_GEO,GSE26682,GSM656849,target_cohort_adaptive_zscore,elastic_net,1,0.9999829530715942,0.6053668856620789,1
TCGA_to_GEO,GSE26682,GSM656850,target_cohort_adaptive_zscore,elastic_net,1,0.1366302967071533,0.6053668856620789,0
TCGA_to_GEO,GSE26682,GSM656851,target_cohort_adaptive_zscore,elastic_net,1,0.9792552590370178,0.6053668856620789,1
TCGA_to_GEO,GSE26682,GSM656853,target_cohort_adaptive_zscore,elastic_net,0,0.189605712890625,0.6053668856620789,0
TCGA_to_GEO,GSE26682,GSM656854,target_cohort_adaptive_zscore,elastic_net,1,0.9999611377716064,0.6053668856620789,1
TCGA_to_GEO,GSE26682,GSM656857,target_cohort_adaptive_zscore,elastic_net,0,0.0867525786161422,0.6053668856620789,0
TCGA_to_GEO,GSE26682,GSM656858,target_cohort_adaptive_zscore,elastic_net,0,0.0663538724184036,0.6053668856620789,0
TCGA_to_GEO,GSE26682,GSM656859,target_cohort_adaptive_zscore,elastic_net,0,0.8073169589042664,0.6053668856620789,1
TCGA_to_GEO,GSE26682,GSM656860,target_cohort_adaptive_zscore,elastic_net,0,0.9805291295051576,0.6053668856620789,1
TCGA_to_GEO,GSE26682,GSM656861,target_cohort_adaptive_zscore,elastic_net,0,0.0058596218004822,0.6053668856620789,0
TCGA_to_GEO,GSE26682,GSM656863,target_cohort_adaptive_zscore,elastic_net,0,0.0057051093317568,0.6053668856620789,0
TCGA_to_GEO,GSE26682,GSM656864,target_cohort_adaptive_zscore,elastic_net,1,0.9993785619735718,0.6053668856620789,1
TCGA_to_GEO,GSE26682,GSM656865,target_cohort_adaptive_zscore,elastic_net,1,0.220644861459732,0.6053668856620789,0
TCGA_to_GEO,GSE26682,GSM656867,target_cohort_adaptive_zscore,elastic_net,0,0.1308660507202148,0.6053668856620789,0
TCGA_to_GEO,GSE26682,GSM656868,target_cohort_adaptive_zscore,elastic_net,0,0.1930859088897705,0.6053668856620789,0
TCGA_to_GEO,GSE26682,GSM656869,target_cohort_adaptive_zscore,elastic_net,0,0.0088889813050627,0.6053668856620789,0
TCGA_to_GEO,GSE26682,GSM656870,target_cohort_adaptive_zscore,elastic_net,0,0.0064926021732389,0.6053668856620789,0
TCGA_to_GEO,GSE39084,GSM955440,target_cohort_adaptive_zscore,elastic_net,0,0.0574505589902401,0.6053668856620789,0
TCGA_to_GEO,GSE39084,GSM955441,target_cohort_adaptive_zscore,elastic_net,0,0.000777544977609,0.6053668856620789,0
TCGA_to_GEO,GSE39084,GSM955442,target_cohort_adaptive_zscore,elastic_net,0,0.2124517410993576,0.6053668856620789,0
TCGA_to_GEO,GSE39084,GSM955443,target_cohort_adaptive_zscore,elastic_net,0,0.0012449630303308,0.6053668856620789,0
TCGA_to_GEO,GSE39084,GSM955444,target_cohort_adaptive_zscore,elastic_net,0,0.1339978873729705,0.6053668856620789,0
TCGA_to_GEO,GSE39084,GSM955445,target_cohort_adaptive_zscore,elastic_net,0,0.0004113064205739,0.6053668856620789,0
TCGA_to_GEO,GSE39084,GSM955446,target_cohort_adaptive_zscore,elastic_net,0,0.0078656952828168,0.6053668856620789,0
TCGA_to_GEO,GSE39084,GSM955447,target_cohort_adaptive_zscore,elastic_net,1,0.9338940382003784,0.6053668856620789,1
TCGA_to_GEO,GSE39084,GSM955448,target_cohort_adaptive_zscore,elastic_net,1,0.9994827508926392,0.6053668856620789,1
TCGA_to_GEO,GSE39084,GSM955449,target_cohort_adaptive_zscore,elastic_net,0,0.0016510330606251,0.6053668856620789,0
TCGA_to_GEO,GSE39084,GSM955450,target_cohort_adaptive_zscore,elastic_net,0,0.0006257178029045,0.6053668856620789,0
TCGA_to_GEO,GSE39084,GSM955451,target_cohort_adaptive_zscore,elastic_net,0,0.0003639913338702,0.6053668856620789,0
TCGA_to_GEO,GSE39084,GSM955452,target_cohort_adaptive_zscore,elastic_net,0,0.0049274764023721,0.6053668856620789,0
TCGA_to_GEO,GSE39084,GSM955453,target_cohort_adaptive_zscore,elastic_net,0,0.0002750810235738,0.6053668856620789,0
TCGA_to_GEO,GSE39084,GSM955455,target_cohort_adaptive_zscore,elastic_net,0,0.7778028845787048,0.6053668856620789,1
TCGA_to_GEO,GSE39084,GSM955456,target_cohort_adaptive_zscore,elastic_net,0,0.0011528641916811,0.6053668856620789,0
TCGA_to_GEO,GSE39084,GSM955457,target_cohort_adaptive_zscore,elastic_net,0,0.1833550930023193,0.6053668856620789,0
TCGA_to_GEO,GSE39084,GSM955458,target_cohort_adaptive_zscore,elastic_net,1,0.9856356382369996,0.6053668856620789,1
TCGA_to_GEO,GSE39084,GSM955459,target_cohort_adaptive_zscore,elastic_net,1,0.9984579086303712,0.6053668856620789,1
TCGA_to_GEO,GSE39084,GSM955460,target_cohort_adaptive_zscore,elastic_net,1,0.9762347936630248,0.6053668856620789,1
TCGA_to_GEO,GSE39084,GSM955461,target_cohort_adaptive_zscore,elastic_net,1,0.1109758540987968,0.6053668856620789,0
TCGA_to_GEO,GSE39084,GSM955462,target_cohort_adaptive_zscore,elastic_net,0,0.1689413487911224,0.6053668856620789,0
TCGA_to_GEO,GSE39084,GSM955463,target_cohort_adaptive_zscore,elastic_net,0,0.1438968777656555,0.6053668856620789,0
TCGA_to_GEO,GSE39084,GSM955464,target_cohort_adaptive_zscore,elastic_net,0,0.0086125219240784,0.6053668856620789,0
TCGA_to_GEO,GSE39084,GSM955466,target_cohort_adaptive_zscore,elastic_net,1,0.9225814938545228,0.6053668856620789,1
TCGA_to_GEO,GSE39084,GSM955467,target_cohort_adaptive_zscore,elastic_net,1,0.9264255166053772,0.6053668856620789,1
TCGA_to_GEO,GSE39084,GSM955468,target_cohort_adaptive_zscore,elastic_net,1,0.9999475479125975,0.6053668856620789,1
TCGA_to_GEO,GSE39084,GSM955469,target_cohort_adaptive_zscore,elastic_net,1,0.9966040849685668,0.6053668856620789,1
TCGA_to_GEO,GSE39084,GSM955470,target_cohort_adaptive_zscore,elastic_net,1,0.9999624490737916,0.6053668856620789,1
TCGA_to_GEO,GSE39084,GSM955471,target_cohort_adaptive_zscore,elastic_net,1,0.9998263716697692,0.6053668856620789,1
TCGA_to_GEO,GSE39084,GSM955472,target_cohort_adaptive_zscore,elastic_net,1,0.9950002431869508,0.6053668856620789,1
TCGA_to_GEO,GSE39084,GSM955473,target_cohort_adaptive_zscore,elastic_net,1,0.9993188381195068,0.6053668856620789,1
TCGA_to_GEO,GSE39084,GSM955474,target_cohort_adaptive_zscore,elastic_net,0,0.1060617640614509,0.6053668856620789,0
TCGA_to_GEO,GSE39084,GSM955475,target_cohort_adaptive_zscore,elastic_net,0,0.1623506844043731,0.6053668856620789,0
TCGA_to_GEO,GSE39084,GSM955476,target_cohort_adaptive_zscore,elastic_net,0,0.0610788464546203,0.6053668856620789,0
TCGA_to_GEO,GSE39084,GSM955477,target_cohort_adaptive_zscore,elastic_net,0,0.9845288395881652,0.6053668856620789,1
TCGA_to_GEO,GSE39084,GSM955478,target_cohort_adaptive_zscore,elastic_net,0,0.0706845298409462,0.6053668856620789,0
TCGA_to_GEO,GSE39084,GSM955479,target_cohort_adaptive_zscore,elastic_net,0,0.0587138794362545,0.6053668856620789,0
TCGA_to_GEO,GSE39084,GSM955480,target_cohort_adaptive_zscore,elastic_net,0,0.0114145185798406,0.6053668856620789,0
TCGA_to_GEO,GSE39084,GSM955482,target_cohort_adaptive_zscore,elastic_net,0,0.0069224555045366,0.6053668856620789,0
TCGA_to_GEO,GSE39084,GSM955483,target_cohort_adaptive_zscore,elastic_net,0,0.0739541351795196,0.6053668856620789,0
TCGA_to_GEO,GSE39084,GSM955484,target_cohort_adaptive_zscore,elastic_net,0,0.0015130522660911,0.6053668856620789,0
TCGA_to_GEO,GSE39084,GSM955485,target_cohort_adaptive_zscore,elastic_net,0,0.0692677646875381,0.6053668856620789,0
TCGA_to_GEO,GSE39084,GSM955486,target_cohort_adaptive_zscore,elastic_net,0,0.0575166419148445,0.6053668856620789,0
TCGA_to_GEO,GSE39084,GSM955487,target_cohort_adaptive_zscore,elastic_net,0,0.3167827129364013,0.6053668856620789,0
TCGA_to_GEO,GSE39084,GSM955488,target_cohort_adaptive_zscore,elastic_net,0,0.777105450630188,0.6053668856620789,1
TCGA_to_GEO,GSE39084,GSM955489,target_cohort_adaptive_zscore,elastic_net,0,0.0310977771878242,0.6053668856620789,0
TCGA_to_GEO,GSE39084,GSM955490,target_cohort_adaptive_zscore,elastic_net,0,0.0010435748845338,0.6053668856620789,0
TCGA_to_GEO,GSE39084,GSM955491,target_cohort_adaptive_zscore,elastic_net,0,0.0262302476912736,0.6053668856620789,0
TCGA_to_GEO,GSE39084,GSM955492,target_cohort_adaptive_zscore,elastic_net,0,0.001288928091526,0.6053668856620789,0
TCGA_to_GEO,GSE39084,GSM955493,target_cohort_adaptive_zscore,elastic_net,0,0.0020975151564925,0.6053668856620789,0
TCGA_to_GEO,GSE39084,GSM955494,target_cohort_adaptive_zscore,elastic_net,0,0.2619374096393585,0.6053668856620789,0
TCGA_to_GEO,GSE39084,GSM955495,target_cohort_adaptive_zscore,elastic_net,0,0.0702203065156936,0.6053668856620789,0
TCGA_to_GEO,GSE39084,GSM955496,target_cohort_adaptive_zscore,elastic_net,0,0.0040082880295813,0.6053668856620789,0
TCGA_to_GEO,GSE39084,GSM955497,target_cohort_adaptive_zscore,elastic_net,0,0.0014527258463203,0.6053668856620789,0
TCGA_to_GEO,GSE39084,GSM955498,target_cohort_adaptive_zscore,elastic_net,0,0.0026285781059414,0.6053668856620789,0
TCGA_to_GEO,GSE39084,GSM955499,target_cohort_adaptive_zscore,elastic_net,0,0.2728201746940613,0.6053668856620789,0
TCGA_to_GEO,GSE39084,GSM955500,target_cohort_adaptive_zscore,elastic_net,0,0.7737599015235901,0.6053668856620789,1
TCGA_to_GEO,GSE39084,GSM955501,target_cohort_adaptive_zscore,elastic_net,0,0.0706441327929496,0.6053668856620789,0
TCGA_to_GEO,GSE39084,GSM955502,target_cohort_adaptive_zscore,elastic_net,0,0.215954914689064,0.6053668856620789,0
TCGA_to_GEO,GSE39084,GSM955503,target_cohort_adaptive_zscore,elastic_net,0,0.0469563826918602,0.6053668856620789,0
TCGA_to_GEO,GSE39084,GSM955504,target_cohort_adaptive_zscore,elastic_net,0,0.8210901021957397,0.6053668856620789,1
TCGA_to_GEO,GSE39084,GSM955505,target_cohort_adaptive_zscore,elastic_net,0,0.0206246618181467,0.6053668856620789,0
TCGA_to_GEO,GSE39084,GSM955506,target_cohort_adaptive_zscore,elastic_net,0,0.0007677766261622,0.6053668856620789,0
TCGA_to_GEO,GSE39084,GSM955507,target_cohort_adaptive_zscore,elastic_net,0,0.0012685818364843,0.6053668856620789,0
TCGA_to_GEO,GSE39084,GSM955508,target_cohort_adaptive_zscore,elastic_net,1,0.999970555305481,0.6053668856620789,1
TCGA_to_GEO,GSE39084,GSM955509,target_cohort_adaptive_zscore,elastic_net,1,0.8232997059822083,0.6053668856620789,1
TCGA_to_GEO,GSE13294,GSM335510,target_cohort_adaptive_zscore,svm_rbf,0,0.0034811887392452,0.5918715036651913,0
TCGA_to_GEO,GSE13294,GSM335511,target_cohort_adaptive_zscore,svm_rbf,1,0.3489603154694556,0.5918715036651913,0
TCGA_to_GEO,GSE13294,GSM335512,target_cohort_adaptive_zscore,svm_rbf,0,0.0250160606581707,0.5918715036651913,0
TCGA_to_GEO,GSE13294,GSM335513,target_cohort_adaptive_zscore,svm_rbf,0,0.0010582189194882,0.5918715036651913,0
TCGA_to_GEO,GSE13294,GSM335514,target_cohort_adaptive_zscore,svm_rbf,0,0.0011539669568099,0.5918715036651913,0
TCGA_to_GEO,GSE13294,GSM335515,target_cohort_adaptive_zscore,svm_rbf,0,0.0064492236501418,0.5918715036651913,0
TCGA_to_GEO,GSE13294,GSM335516,target_cohort_adaptive_zscore,svm_rbf,0,0.0011198654071134,0.5918715036651913,0
TCGA_to_GEO,GSE13294,GSM335517,target_cohort_adaptive_zscore,svm_rbf,0,0.0020974082205153,0.5918715036651913,0
TCGA_to_GEO,GSE13294,GSM335518,target_cohort_adaptive_zscore,svm_rbf,1,0.3503209564005025,0.5918715036651913,0
TCGA_to_GEO,GSE13294,GSM335519,target_cohort_adaptive_zscore,svm_rbf,1,0.0588952379721481,0.5918715036651913,0
TCGA_to_GEO,GSE13294,GSM335520,target_cohort_adaptive_zscore,svm_rbf,0,0.0838477522614343,0.5918715036651913,0
TCGA_to_GEO,GSE13294,GSM335521,target_cohort_adaptive_zscore,svm_rbf,0,0.009530631903634,0.5918715036651913,0
TCGA_to_GEO,GSE13294,GSM335522,target_cohort_adaptive_zscore,svm_rbf,0,0.0085847041660419,0.5918715036651913,0
TCGA_to_GEO,GSE13294,GSM335523,target_cohort_adaptive_zscore,svm_rbf,0,0.0277153378588557,0.5918715036651913,0
TCGA_to_GEO,GSE13294,GSM335524,target_cohort_adaptive_zscore,svm_rbf,0,0.0093891510053188,0.5918715036651913,0
TCGA_to_GEO,GSE13294,GSM335525,target_cohort_adaptive_zscore,svm_rbf,1,0.3380758023843843,0.5918715036651913,0
TCGA_to_GEO,GSE13294,GSM335526,target_cohort_adaptive_zscore,svm_rbf,0,0.0012634420012263,0.5918715036651913,0
TCGA_to_GEO,GSE13294,GSM335527,target_cohort_adaptive_zscore,svm_rbf,1,0.2322190734317255,0.5918715036651913,0
TCGA_to_GEO,GSE13294,GSM335528,target_cohort_adaptive_zscore,svm_rbf,0,0.0076265752091862,0.5918715036651913,0
TCGA_to_GEO,GSE13294,GSM335529,target_cohort_adaptive_zscore,svm_rbf,1,0.0797695105898202,0.5918715036651913,0
TCGA_to_GEO,GSE13294,GSM335530,target_cohort_adaptive_zscore,svm_rbf,1,0.7911726387182414,0.5918715036651913,1
TCGA_to_GEO,GSE13294,GSM335531,target_cohort_adaptive_zscore,svm_rbf,0,0.001826200880999,0.5918715036651913,0
TCGA_to_GEO,GSE13294,GSM335532,target_cohort_adaptive_zscore,svm_rbf,1,0.5273872125993089,0.5918715036651913,0
TCGA_to_GEO,GSE13294,GSM335533,target_cohort_adaptive_zscore,svm_rbf,0,0.0060087988002591,0.5918715036651913,0
TCGA_to_GEO,GSE13294,GSM335534,target_cohort_adaptive_zscore,svm_rbf,0,0.0021177047491806,0.5918715036651913,0
TCGA_to_GEO,GSE13294,GSM335535,target_cohort_adaptive_zscore,svm_rbf,0,0.0038355109987375,0.5918715036651913,0
TCGA_to_GEO,GSE13294,GSM335536,target_cohort_adaptive_zscore,svm_rbf,0,0.002255356216301,0.5918715036651913,0
TCGA_to_GEO,GSE13294,GSM335537,target_cohort_adaptive_zscore,svm_rbf,0,0.0036568171363912,0.5918715036651913,0
TCGA_to_GEO,GSE13294,GSM335538,target_cohort_adaptive_zscore,svm_rbf,0,0.0012623440870106,0.5918715036651913,0
TCGA_to_GEO,GSE13294,GSM335539,target_cohort_adaptive_zscore,svm_rbf,0,0.0014531795148671,0.5918715036651913,0
TCGA_to_GEO,GSE13294,GSM335540,target_cohort_adaptive_zscore,svm_rbf,0,0.0036264156103978,0.5918715036651913,0
TCGA_to_GEO,GSE13294,GSM335541,target_cohort_adaptive_zscore,svm_rbf,1,0.2563473834566759,0.5918715036651913,0
TCGA_to_GEO,GSE13294,GSM335542,target_cohort_adaptive_zscore,svm_rbf,1,0.3283202145581879,0.5918715036651913,0
TCGA_to_GEO,GSE13294,GSM335543,target_cohort_adaptive_zscore,svm_rbf,1,0.1886985366100147,0.5918715036651913,0
TCGA_to_GEO,GSE13294,GSM335544,target_cohort_adaptive_zscore,svm_rbf,1,0.7497207261001277,0.5918715036651913,1
TCGA_to_GEO,GSE13294,GSM335545,target_cohort_adaptive_zscore,svm_rbf,1,0.3203529352213902,0.5918715036651913,0
TCGA_to_GEO,GSE13294,GSM335546,target_cohort_adaptive_zscore,svm_rbf,1,0.6475961608441089,0.5918715036651913,1
TCGA_to_GEO,GSE13294,GSM335547,target_cohort_adaptive_zscore,svm_rbf,0,0.0240707880877927,0.5918715036651913,0
TCGA_to_GEO,GSE13294,GSM335548,target_cohort_adaptive_zscore,svm_rbf,0,0.0075753924024693,0.5918715036651913,0
TCGA_to_GEO,GSE13294,GSM335549,target_cohort_adaptive_zscore,svm_rbf,0,0.0032223385000028,0.5918715036651913,0
TCGA_to_GEO,GSE13294,GSM335550,target_cohort_adaptive_zscore,svm_rbf,0,0.0063914090719761,0.5918715036651913,0
TCGA_to_GEO,GSE13294,GSM335551,target_cohort_adaptive_zscore,svm_rbf,1,0.568528652018152,0.5918715036651913,0
TCGA_to_GEO,GSE13294,GSM335552,target_cohort_adaptive_zscore,svm_rbf,0,0.0038512256333905,0.5918715036651913,0
TCGA_to_GEO,GSE13294,GSM335553,target_cohort_adaptive_zscore,svm_rbf,0,0.0040406947269105,0.5918715036651913,0
TCGA_to_GEO,GSE13294,GSM335554,target_cohort_adaptive_zscore,svm_rbf,0,0.004684470020963,0.5918715036651913,0
TCGA_to_GEO,GSE13294,GSM335555,target_cohort_adaptive_zscore,svm_rbf,1,0.926384252420974,0.5918715036651913,1
TCGA_to_GEO,GSE13294,GSM335556,target_cohort_adaptive_zscore,svm_rbf,0,0.0017957793532788,0.5918715036651913,0
TCGA_to_GEO,GSE13294,GSM335557,target_cohort_adaptive_zscore,svm_rbf,0,0.0031958480981249,0.5918715036651913,0
TCGA_to_GEO,GSE13294,GSM335558,target_cohort_adaptive_zscore,svm_rbf,0,0.0081845952303552,0.5918715036651913,0
TCGA_to_GEO,GSE13294,GSM335559,target_cohort_adaptive_zscore,svm_rbf,1,0.3461988130977511,0.5918715036651913,0
TCGA_to_GEO,GSE13294,GSM335560,target_cohort_adaptive_zscore,svm_rbf,1,0.7479623190724042,0.5918715036651913,1
TCGA_to_GEO,GSE13294,GSM335561,target_cohort_adaptive_zscore,svm_rbf,0,0.0011457524716257,0.5918715036651913,0
TCGA_to_GEO,GSE13294,GSM335562,target_cohort_adaptive_zscore,svm_rbf,1,0.104564215466966,0.5918715036651913,0
TCGA_to_GEO,GSE13294,GSM335563,target_cohort_adaptive_zscore,svm_rbf,1,0.466878013826861,0.5918715036651913,0
TCGA_to_GEO,GSE13294,GSM335564,target_cohort_adaptive_zscore,svm_rbf,0,0.0044328600830895,0.5918715036651913,0
TCGA_to_GEO,GSE13294,GSM335565,target_cohort_adaptive_zscore,svm_rbf,1,0.9634347948096832,0.5918715036651913,1
TCGA_to_GEO,GSE13294,GSM335566,target_cohort_adaptive_zscore,svm_rbf,1,0.8228977056002563,0.5918715036651913,1
TCGA_to_GEO,GSE13294,GSM335567,target_cohort_adaptive_zscore,svm_rbf,0,0.0026065358000752,0.5918715036651913,0
TCGA_to_GEO,GSE13294,GSM335568,target_cohort_adaptive_zscore,svm_rbf,0,0.0009829985465476,0.5918715036651913,0
TCGA_to_GEO,GSE13294,GSM335569,target_cohort_adaptive_zscore,svm_rbf,0,0.0014182950949073,0.5918715036651913,0
TCGA_to_GEO,GSE13294,GSM335570,target_cohort_adaptive_zscore,svm_rbf,0,0.1087068006061278,0.5918715036651913,0
TCGA_to_GEO,GSE13294,GSM335571,target_cohort_adaptive_zscore,svm_rbf,0,0.0010431733266372,0.5918715036651913,0
TCGA_to_GEO,GSE13294,GSM335572,target_cohort_adaptive_zscore,svm_rbf,0,0.0137357227787035,0.5918715036651913,0
TCGA_to_GEO,GSE13294,GSM335573,target_cohort_adaptive_zscore,svm_rbf,1,0.0041923634041831,0.5918715036651913,0
TCGA_to_GEO,GSE13294,GSM335574,target_cohort_adaptive_zscore,svm_rbf,1,0.89663578075587,0.5918715036651913,1
TCGA_to_GEO,GSE13294,GSM335575,target_cohort_adaptive_zscore,svm_rbf,0,0.0075771034876685,0.5918715036651913,0
TCGA_to_GEO,GSE13294,GSM335576,target_cohort_adaptive_zscore,svm_rbf,1,0.6301567008733662,0.5918715036651913,1
TCGA_to_GEO,GSE13294,GSM335577,target_cohort_adaptive_zscore,svm_rbf,1,0.4776419267840853,0.5918715036651913,0
TCGA_to_GEO,GSE13294,GSM335578,target_cohort_adaptive_zscore,svm_rbf,1,0.0355140874952915,0.5918715036651913,0
TCGA_to_GEO,GSE13294,GSM335579,target_cohort_adaptive_zscore,svm_rbf,0,0.0246450488037902,0.5918715036651913,0
TCGA_to_GEO,GSE13294,GSM335580,target_cohort_adaptive_zscore,svm_rbf,0,0.0048199440317887,0.5918715036651913,0
TCGA_to_GEO,GSE13294,GSM335581,target_cohort_adaptive_zscore,svm_rbf,0,0.0406035434874249,0.5918715036651913,0
TCGA_to_GEO,GSE13294,GSM335582,target_cohort_adaptive_zscore,svm_rbf,0,0.0011090993579605,0.5918715036651913,0
TCGA_to_GEO,GSE13294,GSM335583,target_cohort_adaptive_zscore,svm_rbf,0,0.0013095934343774,0.5918715036651913,0
TCGA_to_GEO,GSE13294,GSM335584,target_cohort_adaptive_zscore,svm_rbf,0,0.0057012257362566,0.5918715036651913,0
TCGA_to_GEO,GSE13294,GSM335585,target_cohort_adaptive_zscore,svm_rbf,1,0.9263489860940142,0.5918715036651913,1
TCGA_to_GEO,GSE13294,GSM335586,target_cohort_adaptive_zscore,svm_rbf,0,0.0020067414047832,0.5918715036651913,0
TCGA_to_GEO,GSE13294,GSM335587,target_cohort_adaptive_zscore,svm_rbf,0,0.0075918581265969,0.5918715036651913,0
TCGA_to_GEO,GSE13294,GSM335588,target_cohort_adaptive_zscore,svm_rbf,0,0.0013336205232275,0.5918715036651913,0
TCGA_to_GEO,GSE13294,GSM335589,target_cohort_adaptive_zscore,svm_rbf,0,0.0032080261882525,0.5918715036651913,0
TCGA_to_GEO,GSE13294,GSM335590,target_cohort_adaptive_zscore,svm_rbf,0,0.0234901998885513,0.5918715036651913,0
TCGA_to_GEO,GSE13294,GSM335591,target_cohort_adaptive_zscore,svm_rbf,0,0.0014595497250657,0.5918715036651913,0
TCGA_to_GEO,GSE13294,GSM335592,target_cohort_adaptive_zscore,svm_rbf,0,0.0006689576168192,0.5918715036651913,0
TCGA_to_GEO,GSE13294,GSM335593,target_cohort_adaptive_zscore,svm_rbf,0,0.0017155603952167,0.5918715036651913,0
TCGA_to_GEO,GSE13294,GSM335594,target_cohort_adaptive_zscore,svm_rbf,0,0.0030038560614106,0.5918715036651913,0
TCGA_to_GEO,GSE13294,GSM335595,target_cohort_adaptive_zscore,svm_rbf,1,0.3932996092126642,0.5918715036651913,0
TCGA_to_GEO,GSE13294,GSM335596,target_cohort_adaptive_zscore,svm_rbf,0,0.0032956034459046,0.5918715036651913,0
TCGA_to_GEO,GSE13294,GSM335597,target_cohort_adaptive_zscore,svm_rbf,1,0.8004440739375871,0.5918715036651913,1
TCGA_to_GEO,GSE13294,GSM335598,target_cohort_adaptive_zscore,svm_rbf,0,0.001953448944484,0.5918715036651913,0
TCGA_to_GEO,GSE13294,GSM335599,target_cohort_adaptive_zscore,svm_rbf,0,0.0053562506908572,0.5918715036651913,0
TCGA_to_GEO,GSE13294,GSM335600,target_cohort_adaptive_zscore,svm_rbf,0,0.0014526755785302,0.5918715036651913,0
TCGA_to_GEO,GSE13294,GSM335601,target_cohort_adaptive_zscore,svm_rbf,0,0.0039333372153147,0.5918715036651913,0
TCGA_to_GEO,GSE13294,GSM335602,target_cohort_adaptive_zscore,svm_rbf,0,0.0030175608367437,0.5918715036651913,0
TCGA_to_GEO,GSE13294,GSM335603,target_cohort_adaptive_zscore,svm_rbf,0,0.0025691300667578,0.5918715036651913,0
TCGA_to_GEO,GSE13294,GSM335604,target_cohort_adaptive_zscore,svm_rbf,0,0.0033034983893677,0.5918715036651913,0
TCGA_to_GEO,GSE13294,GSM335605,target_cohort_adaptive_zscore,svm_rbf,0,0.0017582952368312,0.5918715036651913,0
TCGA_to_GEO,GSE13294,GSM335606,target_cohort_adaptive_zscore,svm_rbf,0,0.0007282876483866,0.5918715036651913,0
TCGA_to_GEO,GSE13294,GSM335607,target_cohort_adaptive_zscore,svm_rbf,0,0.0451293726266748,0.5918715036651913,0
TCGA_to_GEO,GSE13294,GSM335608,target_cohort_adaptive_zscore,svm_rbf,0,0.1661885346815552,0.5918715036651913,0
TCGA_to_GEO,GSE13294,GSM335609,target_cohort_adaptive_zscore,svm_rbf,0,0.0037029246272983,0.5918715036651913,0
TCGA_to_GEO,GSE13294,GSM335610,target_cohort_adaptive_zscore,svm_rbf,0,0.0008071502699683,0.5918715036651913,0
TCGA_to_GEO,GSE13294,GSM335611,target_cohort_adaptive_zscore,svm_rbf,0,0.0044556978491664,0.5918715036651913,0
TCGA_to_GEO,GSE13294,GSM335612,target_cohort_adaptive_zscore,svm_rbf,0,0.0015582076976219,0.5918715036651913,0
TCGA_to_GEO,GSE13294,GSM335613,target_cohort_adaptive_zscore,svm_rbf,0,0.0018786750819934,0.5918715036651913,0
TCGA_to_GEO,GSE13294,GSM335614,target_cohort_adaptive_zscore,svm_rbf,1,0.96632430883494,0.5918715036651913,1
TCGA_to_GEO,GSE13294,GSM335615,target_cohort_adaptive_zscore,svm_rbf,0,0.001740737578493,0.5918715036651913,0
TCGA_to_GEO,GSE13294,GSM335616,target_cohort_adaptive_zscore,svm_rbf,0,0.0023217365168769,0.5918715036651913,0
TCGA_to_GEO,GSE13294,GSM335617,target_cohort_adaptive_zscore,svm_rbf,0,0.001025883687342,0.5918715036651913,0
TCGA_to_GEO,GSE13294,GSM335618,target_cohort_adaptive_zscore,svm_rbf,1,0.0064048120200911,0.5918715036651913,0
TCGA_to_GEO,GSE13294,GSM335619,target_cohort_adaptive_zscore,svm_rbf,1,0.5869159115667361,0.5918715036651913,0
TCGA_to_GEO,GSE13294,GSM335620,target_cohort_adaptive_zscore,svm_rbf,1,0.0203544953078958,0.5918715036651913,0
TCGA_to_GEO,GSE13294,GSM335621,target_cohort_adaptive_zscore,svm_rbf,1,0.940865749782051,0.5918715036651913,1
TCGA_to_GEO,GSE13294,GSM335622,target_cohort_adaptive_zscore,svm_rbf,1,0.1846225078272908,0.5918715036651913,0
TCGA_to_GEO,GSE13294,GSM335623,target_cohort_adaptive_zscore,svm_rbf,1,0.9580939248800832,0.5918715036651913,1
TCGA_to_GEO,GSE13294,GSM335624,target_cohort_adaptive_zscore,svm_rbf,1,0.3559670516512788,0.5918715036651913,0
TCGA_to_GEO,GSE13294,GSM335625,target_cohort_adaptive_zscore,svm_rbf,1,0.0223988226466601,0.5918715036651913,0
TCGA_to_GEO,GSE13294,GSM335626,target_cohort_adaptive_zscore,svm_rbf,1,0.0363588432512935,0.5918715036651913,0
TCGA_to_GEO,GSE13294,GSM335627,target_cohort_adaptive_zscore,svm_rbf,1,0.1025570605534578,0.5918715036651913,0
TCGA_to_GEO,GSE13294,GSM335628,target_cohort_adaptive_zscore,svm_rbf,1,0.1028955740271527,0.5918715036651913,0
TCGA_to_GEO,GSE13294,GSM335629,target_cohort_adaptive_zscore,svm_rbf,1,0.9164033148492038,0.5918715036651913,1
TCGA_to_GEO,GSE13294,GSM335630,target_cohort_adaptive_zscore,svm_rbf,1,0.6382700592770625,0.5918715036651913,1
TCGA_to_GEO,GSE13294,GSM335631,target_cohort_adaptive_zscore,svm_rbf,1,0.0029834949863484,0.5918715036651913,0
TCGA_to_GEO,GSE13294,GSM335632,target_cohort_adaptive_zscore,svm_rbf,1,0.4454656686610783,0.5918715036651913,0
TCGA_to_GEO,GSE13294,GSM335633,target_cohort_adaptive_zscore,svm_rbf,1,0.4274613179610659,0.5918715036651913,0
TCGA_to_GEO,GSE13294,GSM335634,target_cohort_adaptive_zscore,svm_rbf,1,0.9154435014891168,0.5918715036651913,1
TCGA_to_GEO,GSE13294,GSM335635,target_cohort_adaptive_zscore,svm_rbf,1,0.971235268534314,0.5918715036651913,1
TCGA_to_GEO,GSE13294,GSM335636,target_cohort_adaptive_zscore,svm_rbf,1,0.0010973802747203,0.5918715036651913,0
TCGA_to_GEO,GSE13294,GSM335637,target_cohort_adaptive_zscore,svm_rbf,1,0.2944997107172156,0.5918715036651913,0
TCGA_to_GEO,GSE13294,GSM335638,target_cohort_adaptive_zscore,svm_rbf,1,0.6199349302773878,0.5918715036651913,1
TCGA_to_GEO,GSE13294,GSM335639,target_cohort_adaptive_zscore,svm_rbf,1,0.1676413863676976,0.5918715036651913,0
TCGA_to_GEO,GSE13294,GSM335640,target_cohort_adaptive_zscore,svm_rbf,1,0.8246235565189978,0.5918715036651913,1
TCGA_to_GEO,GSE13294,GSM335641,target_cohort_adaptive_zscore,svm_rbf,1,0.9746650738833618,0.5918715036651913,1
TCGA_to_GEO,GSE13294,GSM335642,target_cohort_adaptive_zscore,svm_rbf,1,0.2458233442941639,0.5918715036651913,0
TCGA_to_GEO,GSE13294,GSM335643,target_cohort_adaptive_zscore,svm_rbf,1,0.9164844427740724,0.5918715036651913,1
TCGA_to_GEO,GSE13294,GSM335644,target_cohort_adaptive_zscore,svm_rbf,1,0.8441241589851721,0.5918715036651913,1
TCGA_to_GEO,GSE13294,GSM335645,target_cohort_adaptive_zscore,svm_rbf,1,0.9599476050088706,0.5918715036651913,1
TCGA_to_GEO,GSE13294,GSM335646,target_cohort_adaptive_zscore,svm_rbf,1,0.3855673461525191,0.5918715036651913,0
TCGA_to_GEO,GSE13294,GSM335647,target_cohort_adaptive_zscore,svm_rbf,1,0.0845204605959378,0.5918715036651913,0
TCGA_to_GEO,GSE13294,GSM335648,target_cohort_adaptive_zscore,svm_rbf,1,0.0090787747136774,0.5918715036651913,0
TCGA_to_GEO,GSE13294,GSM335649,target_cohort_adaptive_zscore,svm_rbf,1,0.8328626689384215,0.5918715036651913,1
TCGA_to_GEO,GSE13294,GSM335650,target_cohort_adaptive_zscore,svm_rbf,1,0.4505188260645584,0.5918715036651913,0
TCGA_to_GEO,GSE13294,GSM335651,target_cohort_adaptive_zscore,svm_rbf,1,0.0034391242909618,0.5918715036651913,0
TCGA_to_GEO,GSE13294,GSM335652,target_cohort_adaptive_zscore,svm_rbf,1,0.9651933747970812,0.5918715036651913,1
TCGA_to_GEO,GSE13294,GSM335653,target_cohort_adaptive_zscore,svm_rbf,1,0.7406186249253824,0.5918715036651913,1
TCGA_to_GEO,GSE13294,GSM335654,target_cohort_adaptive_zscore,svm_rbf,1,0.6931848844878228,0.5918715036651913,1
TCGA_to_GEO,GSE13294,GSM335655,target_cohort_adaptive_zscore,svm_rbf,1,0.6297929009515632,0.5918715036651913,1
TCGA_to_GEO,GSE13294,GSM335656,target_cohort_adaptive_zscore,svm_rbf,1,0.2257280316834068,0.5918715036651913,0
TCGA_to_GEO,GSE13294,GSM335657,target_cohort_adaptive_zscore,svm_rbf,1,0.7490426744842072,0.5918715036651913,1
TCGA_to_GEO,GSE13294,GSM335658,target_cohort_adaptive_zscore,svm_rbf,1,0.8499097821954408,0.5918715036651913,1
TCGA_to_GEO,GSE13294,GSM335659,target_cohort_adaptive_zscore,svm_rbf,1,0.926738327406918,0.5918715036651913,1
TCGA_to_GEO,GSE13294,GSM335660,target_cohort_adaptive_zscore,svm_rbf,1,0.759583859440724,0.5918715036651913,1
TCGA_to_GEO,GSE13294,GSM335661,target_cohort_adaptive_zscore,svm_rbf,1,0.2465150799555501,0.5918715036651913,0
TCGA_to_GEO,GSE13294,GSM335662,target_cohort_adaptive_zscore,svm_rbf,1,0.4632659692143043,0.5918715036651913,0
TCGA_to_GEO,GSE13294,GSM335663,target_cohort_adaptive_zscore,svm_rbf,1,0.2454554011336637,0.5918715036651913,0
TCGA_to_GEO,GSE13294,GSM335664,target_cohort_adaptive_zscore,svm_rbf,1,0.6877444837114072,0.5918715036651913,1
TCGA_to_GEO,GSE13067,GSM327282,target_cohort_adaptive_zscore,svm_rbf,1,0.8204133772880938,0.5918715036651913,1
TCGA_to_GEO,GSE13067,GSM327283,target_cohort_adaptive_zscore,svm_rbf,0,0.012932790450441,0.5918715036651913,0
TCGA_to_GEO,GSE13067,GSM327284,target_cohort_adaptive_zscore,svm_rbf,0,0.0026702290357468,0.5918715036651913,0
TCGA_to_GEO,GSE13067,GSM327285,target_cohort_adaptive_zscore,svm_rbf,0,0.0041064855090905,0.5918715036651913,0
TCGA_to_GEO,GSE13067,GSM327286,target_cohort_adaptive_zscore,svm_rbf,0,0.1243860795479123,0.5918715036651913,0
TCGA_to_GEO,GSE13067,GSM327287,target_cohort_adaptive_zscore,svm_rbf,0,0.0068329089868389,0.5918715036651913,0
TCGA_to_GEO,GSE13067,GSM327288,target_cohort_adaptive_zscore,svm_rbf,1,0.7293913167945819,0.5918715036651913,1
TCGA_to_GEO,GSE13067,GSM327289,target_cohort_adaptive_zscore,svm_rbf,0,0.0164584368044769,0.5918715036651913,0
TCGA_to_GEO,GSE13067,GSM327290,target_cohort_adaptive_zscore,svm_rbf,0,0.0086980046435001,0.5918715036651913,0
TCGA_to_GEO,GSE13067,GSM327291,target_cohort_adaptive_zscore,svm_rbf,0,0.019010816127404,0.5918715036651913,0
TCGA_to_GEO,GSE13067,GSM327292,target_cohort_adaptive_zscore,svm_rbf,0,0.005018745257114,0.5918715036651913,0
TCGA_to_GEO,GSE13067,GSM327293,target_cohort_adaptive_zscore,svm_rbf,0,0.1357252639554122,0.5918715036651913,0
TCGA_to_GEO,GSE13067,GSM327294,target_cohort_adaptive_zscore,svm_rbf,0,0.0095654225284099,0.5918715036651913,0
TCGA_to_GEO,GSE13067,GSM327295,target_cohort_adaptive_zscore,svm_rbf,0,0.0057375683339976,0.5918715036651913,0
TCGA_to_GEO,GSE13067,GSM327296,target_cohort_adaptive_zscore,svm_rbf,0,0.1049361477518749,0.5918715036651913,0
TCGA_to_GEO,GSE13067,GSM327297,target_cohort_adaptive_zscore,svm_rbf,0,0.0311080067804164,0.5918715036651913,0
TCGA_to_GEO,GSE13067,GSM327298,target_cohort_adaptive_zscore,svm_rbf,0,0.0166572909175104,0.5918715036651913,0
TCGA_to_GEO,GSE13067,GSM327299,target_cohort_adaptive_zscore,svm_rbf,0,0.0528586377774475,0.5918715036651913,0
TCGA_to_GEO,GSE13067,GSM327300,target_cohort_adaptive_zscore,svm_rbf,0,0.0627871389489292,0.5918715036651913,0
TCGA_to_GEO,GSE13067,GSM327301,target_cohort_adaptive_zscore,svm_rbf,0,0.0053025391211488,0.5918715036651913,0
TCGA_to_GEO,GSE13067,GSM327302,target_cohort_adaptive_zscore,svm_rbf,0,0.4867151877550174,0.5918715036651913,0
TCGA_to_GEO,GSE13067,GSM327303,target_cohort_adaptive_zscore,svm_rbf,0,0.028272064188592,0.5918715036651913,0
TCGA_to_GEO,GSE13067,GSM327304,target_cohort_adaptive_zscore,svm_rbf,0,0.0593434833006511,0.5918715036651913,0
TCGA_to_GEO,GSE13067,GSM327305,target_cohort_adaptive_zscore,svm_rbf,0,0.0255042978927147,0.5918715036651913,0
TCGA_to_GEO,GSE13067,GSM327306,target_cohort_adaptive_zscore,svm_rbf,0,0.0032064099533935,0.5918715036651913,0
TCGA_to_GEO,GSE13067,GSM327307,target_cohort_adaptive_zscore,svm_rbf,0,0.0424927208462601,0.5918715036651913,0
TCGA_to_GEO,GSE13067,GSM327308,target_cohort_adaptive_zscore,svm_rbf,0,0.0048513924432507,0.5918715036651913,0
TCGA_to_GEO,GSE13067,GSM327309,target_cohort_adaptive_zscore,svm_rbf,1,0.9433915150810552,0.5918715036651913,1
TCGA_to_GEO,GSE13067,GSM327310,target_cohort_adaptive_zscore,svm_rbf,1,0.9826200621836304,0.5918715036651913,1
TCGA_to_GEO,GSE13067,GSM327311,target_cohort_adaptive_zscore,svm_rbf,1,0.9836019392272138,0.5918715036651913,1
TCGA_to_GEO,GSE13067,GSM327312,target_cohort_adaptive_zscore,svm_rbf,0,0.0185238656642573,0.5918715036651913,0
TCGA_to_GEO,GSE13067,GSM327313,target_cohort_adaptive_zscore,svm_rbf,1,0.9711479598033516,0.5918715036651913,1
TCGA_to_GEO,GSE13067,GSM327314,target_cohort_adaptive_zscore,svm_rbf,0,0.0121208209018374,0.5918715036651913,0
TCGA_to_GEO,GSE13067,GSM327315,target_cohort_adaptive_zscore,svm_rbf,0,0.0081786119515212,0.5918715036651913,0
TCGA_to_GEO,GSE13067,GSM327316,target_cohort_adaptive_zscore,svm_rbf,0,0.019977309679648,0.5918715036651913,0
TCGA_to_GEO,GSE13067,GSM327317,target_cohort_adaptive_zscore,svm_rbf,0,0.0038348557265693,0.5918715036651913,0
TCGA_to_GEO,GSE13067,GSM327318,target_cohort_adaptive_zscore,svm_rbf,0,0.0045631215581269,0.5918715036651913,0
TCGA_to_GEO,GSE13067,GSM327319,target_cohort_adaptive_zscore,svm_rbf,0,0.0015312562098722,0.5918715036651913,0
TCGA_to_GEO,GSE13067,GSM327320,target_cohort_adaptive_zscore,svm_rbf,0,0.0031779095166561,0.5918715036651913,0
TCGA_to_GEO,GSE13067,GSM327321,target_cohort_adaptive_zscore,svm_rbf,0,0.0007806621194217,0.5918715036651913,0
TCGA_to_GEO,GSE13067,GSM327322,target_cohort_adaptive_zscore,svm_rbf,0,0.0699014825922674,0.5918715036651913,0
TCGA_to_GEO,GSE13067,GSM327323,target_cohort_adaptive_zscore,svm_rbf,0,0.0028629487765701,0.5918715036651913,0
TCGA_to_GEO,GSE13067,GSM327324,target_cohort_adaptive_zscore,svm_rbf,1,0.7145764119280203,0.5918715036651913,1
TCGA_to_GEO,GSE13067,GSM327325,target_cohort_adaptive_zscore,svm_rbf,1,0.98552548892184,0.5918715036651913,1
TCGA_to_GEO,GSE13067,GSM327326,target_cohort_adaptive_zscore,svm_rbf,0,0.001298506957587,0.5918715036651913,0
TCGA_to_GEO,GSE13067,GSM327327,target_cohort_adaptive_zscore,svm_rbf,0,0.1068310701259431,0.5918715036651913,0
TCGA_to_GEO,GSE13067,GSM327328,target_cohort_adaptive_zscore,svm_rbf,0,0.0318682962564554,0.5918715036651913,0
TCGA_to_GEO,GSE13067,GSM327329,target_cohort_adaptive_zscore,svm_rbf,0,0.0100840109913788,0.5918715036651913,0
TCGA_to_GEO,GSE13067,GSM327330,target_cohort_adaptive_zscore,svm_rbf,0,0.0250897414388229,0.5918715036651913,0
TCGA_to_GEO,GSE13067,GSM327331,target_cohort_adaptive_zscore,svm_rbf,1,0.237563340635204,0.5918715036651913,0
TCGA_to_GEO,GSE13067,GSM327332,target_cohort_adaptive_zscore,svm_rbf,0,0.0149701304973926,0.5918715036651913,0
TCGA_to_GEO,GSE13067,GSM327333,target_cohort_adaptive_zscore,svm_rbf,0,0.3930883828451351,0.5918715036651913,0
TCGA_to_GEO,GSE13067,GSM327334,target_cohort_adaptive_zscore,svm_rbf,0,0.0401861183188165,0.5918715036651913,0
TCGA_to_GEO,GSE13067,GSM327335,target_cohort_adaptive_zscore,svm_rbf,0,0.036569610931122,0.5918715036651913,0
TCGA_to_GEO,GSE13067,GSM327336,target_cohort_adaptive_zscore,svm_rbf,0,0.0075778899274068,0.5918715036651913,0
TCGA_to_GEO,GSE13067,GSM327337,target_cohort_adaptive_zscore,svm_rbf,0,0.0014450643171713,0.5918715036651913,0
TCGA_to_GEO,GSE13067,GSM327338,target_cohort_adaptive_zscore,svm_rbf,0,0.0013089828864056,0.5918715036651913,0
TCGA_to_GEO,GSE13067,GSM327339,target_cohort_adaptive_zscore,svm_rbf,0,0.1998078404760153,0.5918715036651913,0
TCGA_to_GEO,GSE13067,GSM327340,target_cohort_adaptive_zscore,svm_rbf,0,0.0112927643283627,0.5918715036651913,0
TCGA_to_GEO,GSE13067,GSM327341,target_cohort_adaptive_zscore,svm_rbf,0,0.0042727995057845,0.5918715036651913,0
TCGA_to_GEO,GSE13067,GSM327342,target_cohort_adaptive_zscore,svm_rbf,0,0.002438867050398,0.5918715036651913,0
TCGA_to_GEO,GSE13067,GSM327343,target_cohort_adaptive_zscore,svm_rbf,0,0.3102444317605296,0.5918715036651913,0
TCGA_to_GEO,GSE13067,GSM327344,target_cohort_adaptive_zscore,svm_rbf,0,0.0024520425206153,0.5918715036651913,0
TCGA_to_GEO,GSE13067,GSM327345,target_cohort_adaptive_zscore,svm_rbf,0,0.6357559773519897,0.5918715036651913,1
TCGA_to_GEO,GSE13067,GSM327346,target_cohort_adaptive_zscore,svm_rbf,0,0.1106219298476387,0.5918715036651913,0
TCGA_to_GEO,GSE13067,GSM327347,target_cohort_adaptive_zscore,svm_rbf,0,0.0450768157453858,0.5918715036651913,0
TCGA_to_GEO,GSE13067,GSM327348,target_cohort_adaptive_zscore,svm_rbf,0,0.0101799637544168,0.5918715036651913,0
TCGA_to_GEO,GSE13067,GSM327349,target_cohort_adaptive_zscore,svm_rbf,0,0.0197906311682314,0.5918715036651913,0
TCGA_to_GEO,GSE13067,GSM327350,target_cohort_adaptive_zscore,svm_rbf,0,0.0023444319540715,0.5918715036651913,0
TCGA_to_GEO,GSE13067,GSM327351,target_cohort_adaptive_zscore,svm_rbf,0,0.0487080222754102,0.5918715036651913,0
TCGA_to_GEO,GSE13067,GSM327352,target_cohort_adaptive_zscore,svm_rbf,1,0.9913488275175418,0.5918715036651913,1
TCGA_to_GEO,GSE13067,GSM327353,target_cohort_adaptive_zscore,svm_rbf,1,0.7950463560090998,0.5918715036651913,1
TCGA_to_GEO,GSE13067,GSM327354,target_cohort_adaptive_zscore,svm_rbf,0,0.0174266693971773,0.5918715036651913,0
TCGA_to_GEO,GSE13067,GSM327355,target_cohort_adaptive_zscore,svm_rbf,0,0.0154444473964293,0.5918715036651913,0
TCGA_to_GEO,GSE18088,GSM452148,target_cohort_adaptive_zscore,svm_rbf,1,0.170250346796447,0.5918715036651913,0
TCGA_to_GEO,GSE18088,GSM452149,target_cohort_adaptive_zscore,svm_rbf,0,0.0026927607751464,0.5918715036651913,0
TCGA_to_GEO,GSE18088,GSM452150,target_cohort_adaptive_zscore,svm_rbf,0,0.0041990844342095,0.5918715036651913,0
TCGA_to_GEO,GSE18088,GSM452151,target_cohort_adaptive_zscore,svm_rbf,0,0.0194680292124105,0.5918715036651913,0
TCGA_to_GEO,GSE18088,GSM452152,target_cohort_adaptive_zscore,svm_rbf,0,0.0017663297107621,0.5918715036651913,0
TCGA_to_GEO,GSE18088,GSM452153,target_cohort_adaptive_zscore,svm_rbf,1,0.2391036471741858,0.5918715036651913,0
TCGA_to_GEO,GSE18088,GSM452154,target_cohort_adaptive_zscore,svm_rbf,0,0.0038930505141054,0.5918715036651913,0
TCGA_to_GEO,GSE18088,GSM452155,target_cohort_adaptive_zscore,svm_rbf,0,0.0028868237352082,0.5918715036651913,0
TCGA_to_GEO,GSE18088,GSM452156,target_cohort_adaptive_zscore,svm_rbf,0,0.000739341701191,0.5918715036651913,0
TCGA_to_GEO,GSE18088,GSM452157,target_cohort_adaptive_zscore,svm_rbf,1,0.9887252495929812,0.5918715036651913,1
TCGA_to_GEO,GSE18088,GSM452158,target_cohort_adaptive_zscore,svm_rbf,0,0.0029767886771933,0.5918715036651913,0
TCGA_to_GEO,GSE18088,GSM452159,target_cohort_adaptive_zscore,svm_rbf,1,0.8685003202617737,0.5918715036651913,1
TCGA_to_GEO,GSE18088,GSM452160,target_cohort_adaptive_zscore,svm_rbf,0,0.0011867581396856,0.5918715036651913,0
TCGA_to_GEO,GSE18088,GSM452161,target_cohort_adaptive_zscore,svm_rbf,0,0.0017709566356079,0.5918715036651913,0
TCGA_to_GEO,GSE18088,GSM452162,target_cohort_adaptive_zscore,svm_rbf,0,0.0846786304774131,0.5918715036651913,0
TCGA_to_GEO,GSE18088,GSM452163,target_cohort_adaptive_zscore,svm_rbf,1,0.9229251966888818,0.5918715036651913,1
TCGA_to_GEO,GSE18088,GSM452164,target_cohort_adaptive_zscore,svm_rbf,0,0.0012495766529217,0.5918715036651913,0
TCGA_to_GEO,GSE18088,GSM452165,target_cohort_adaptive_zscore,svm_rbf,0,0.0048112988388899,0.5918715036651913,0
TCGA_to_GEO,GSE18088,GSM452166,target_cohort_adaptive_zscore,svm_rbf,0,0.0017250727930451,0.5918715036651913,0
TCGA_to_GEO,GSE18088,GSM452167,target_cohort_adaptive_zscore,svm_rbf,0,0.0026873448658761,0.5918715036651913,0
TCGA_to_GEO,GSE18088,GSM452168,target_cohort_adaptive_zscore,svm_rbf,1,0.8653964194254798,0.5918715036651913,1
TCGA_to_GEO,GSE18088,GSM452169,target_cohort_adaptive_zscore,svm_rbf,1,0.9772178682267628,0.5918715036651913,1
TCGA_to_GEO,GSE18088,GSM452170,target_cohort_adaptive_zscore,svm_rbf,0,0.0067095288337929,0.5918715036651913,0
TCGA_to_GEO,GSE18088,GSM452171,target_cohort_adaptive_zscore,svm_rbf,0,0.0014069248679966,0.5918715036651913,0
TCGA_to_GEO,GSE18088,GSM452172,target_cohort_adaptive_zscore,svm_rbf,0,0.1099146605236894,0.5918715036651913,0
TCGA_to_GEO,GSE18088,GSM452173,target_cohort_adaptive_zscore,svm_rbf,1,0.8277423813063742,0.5918715036651913,1
TCGA_to_GEO,GSE18088,GSM452174,target_cohort_adaptive_zscore,svm_rbf,1,0.9522005965595696,0.5918715036651913,1
TCGA_to_GEO,GSE18088,GSM452175,target_cohort_adaptive_zscore,svm_rbf,1,0.6665694048015927,0.5918715036651913,1
TCGA_to_GEO,GSE18088,GSM452176,target_cohort_adaptive_zscore,svm_rbf,0,0.0021932054722796,0.5918715036651913,0
TCGA_to_GEO,GSE18088,GSM452177,target_cohort_adaptive_zscore,svm_rbf,0,0.0053009068235784,0.5918715036651913,0
TCGA_to_GEO,GSE18088,GSM452178,target_cohort_adaptive_zscore,svm_rbf,0,0.0012510338150146,0.5918715036651913,0
TCGA_to_GEO,GSE18088,GSM452179,target_cohort_adaptive_zscore,svm_rbf,1,0.9680773797828208,0.5918715036651913,1
TCGA_to_GEO,GSE18088,GSM452180,target_cohort_adaptive_zscore,svm_rbf,1,0.9740225763389972,0.5918715036651913,1
TCGA_to_GEO,GSE18088,GSM452181,target_cohort_adaptive_zscore,svm_rbf,0,0.0027887646959671,0.5918715036651913,0
TCGA_to_GEO,GSE18088,GSM452182,target_cohort_adaptive_zscore,svm_rbf,1,0.5110050520818207,0.5918715036651913,0
TCGA_to_GEO,GSE18088,GSM452183,target_cohort_adaptive_zscore,svm_rbf,1,0.9408202807365288,0.5918715036651913,1
TCGA_to_GEO,GSE18088,GSM452184,target_cohort_adaptive_zscore,svm_rbf,1,0.6966259410804392,0.5918715036651913,1
TCGA_to_GEO,GSE18088,GSM452185,target_cohort_adaptive_zscore,svm_rbf,0,0.0062008696355891,0.5918715036651913,0
TCGA_to_GEO,GSE18088,GSM452186,target_cohort_adaptive_zscore,svm_rbf,0,0.0110097578845648,0.5918715036651913,0
TCGA_to_GEO,GSE18088,GSM452187,target_cohort_adaptive_zscore,svm_rbf,0,0.0008843938978505,0.5918715036651913,0
TCGA_to_GEO,GSE18088,GSM452188,target_cohort_adaptive_zscore,svm_rbf,1,0.772252321467968,0.5918715036651913,1
TCGA_to_GEO,GSE18088,GSM452189,target_cohort_adaptive_zscore,svm_rbf,1,0.9598487038006892,0.5918715036651913,1
TCGA_to_GEO,GSE18088,GSM452190,target_cohort_adaptive_zscore,svm_rbf,0,0.1130247939318263,0.5918715036651913,0
TCGA_to_GEO,GSE18088,GSM452191,target_cohort_adaptive_zscore,svm_rbf,0,0.0037168855943402,0.5918715036651913,0
TCGA_to_GEO,GSE18088,GSM452192,target_cohort_adaptive_zscore,svm_rbf,0,0.001625737005708,0.5918715036651913,0
TCGA_to_GEO,GSE18088,GSM452193,target_cohort_adaptive_zscore,svm_rbf,0,0.0165922068188342,0.5918715036651913,0
TCGA_to_GEO,GSE18088,GSM452194,target_cohort_adaptive_zscore,svm_rbf,0,0.0052719756017937,0.5918715036651913,0
TCGA_to_GEO,GSE18088,GSM452195,target_cohort_adaptive_zscore,svm_rbf,0,0.0069589008617344,0.5918715036651913,0
TCGA_to_GEO,GSE18088,GSM452196,target_cohort_adaptive_zscore,svm_rbf,0,0.0107408652137033,0.5918715036651913,0
TCGA_to_GEO,GSE18088,GSM452197,target_cohort_adaptive_zscore,svm_rbf,1,0.7367603684667354,0.5918715036651913,1
TCGA_to_GEO,GSE18088,GSM452198,target_cohort_adaptive_zscore,svm_rbf,0,0.0045408007521534,0.5918715036651913,0
TCGA_to_GEO,GSE18088,GSM452199,target_cohort_adaptive_zscore,svm_rbf,0,0.0122915892888009,0.5918715036651913,0
TCGA_to_GEO,GSE18088,GSM452200,target_cohort_adaptive_zscore,svm_rbf,1,0.0028862653351848,0.5918715036651913,0
TCGA_to_GEO,GSE26682,GSM656542,target_cohort_adaptive_zscore,svm_rbf,0,0.0035195872282716,0.5918715036651913,0
TCGA_to_GEO,GSE26682,GSM656543,target_cohort_adaptive_zscore,svm_rbf,0,0.0129233163803566,0.5918715036651913,0
TCGA_to_GEO,GSE26682,GSM656545,target_cohort_adaptive_zscore,svm_rbf,1,0.9823821298329904,0.5918715036651913,1
TCGA_to_GEO,GSE26682,GSM656546,target_cohort_adaptive_zscore,svm_rbf,0,0.0091643525648879,0.5918715036651913,0
TCGA_to_GEO,GSE26682,GSM656548,target_cohort_adaptive_zscore,svm_rbf,0,0.0021076466931442,0.5918715036651913,0
TCGA_to_GEO,GSE26682,GSM656550,target_cohort_adaptive_zscore,svm_rbf,0,0.0563209168919029,0.5918715036651913,0
TCGA_to_GEO,GSE26682,GSM656552,target_cohort_adaptive_zscore,svm_rbf,0,0.0071589653921966,0.5918715036651913,0
TCGA_to_GEO,GSE26682,GSM656553,target_cohort_adaptive_zscore,svm_rbf,0,0.0105268432664998,0.5918715036651913,0
TCGA_to_GEO,GSE26682,GSM656555,target_cohort_adaptive_zscore,svm_rbf,0,0.085175044148003,0.5918715036651913,0
TCGA_to_GEO,GSE26682,GSM656556,target_cohort_adaptive_zscore,svm_rbf,0,0.101244773490421,0.5918715036651913,0
TCGA_to_GEO,GSE26682,GSM656557,target_cohort_adaptive_zscore,svm_rbf,0,0.5225454561361178,0.5918715036651913,0
TCGA_to_GEO,GSE26682,GSM656558,target_cohort_adaptive_zscore,svm_rbf,0,0.0087757566836557,0.5918715036651913,0
TCGA_to_GEO,GSE26682,GSM656559,target_cohort_adaptive_zscore,svm_rbf,1,0.9749255848628582,0.5918715036651913,1
TCGA_to_GEO,GSE26682,GSM656560,target_cohort_adaptive_zscore,svm_rbf,0,0.0084420626519964,0.5918715036651913,0
TCGA_to_GEO,GSE26682,GSM656561,target_cohort_adaptive_zscore,svm_rbf,0,0.0094734083227879,0.5918715036651913,0
TCGA_to_GEO,GSE26682,GSM656567,target_cohort_adaptive_zscore,svm_rbf,0,0.0064073687282237,0.5918715036651913,0
TCGA_to_GEO,GSE26682,GSM656568,target_cohort_adaptive_zscore,svm_rbf,0,0.002728268321139,0.5918715036651913,0
TCGA_to_GEO,GSE26682,GSM656569,target_cohort_adaptive_zscore,svm_rbf,0,0.0013865047715744,0.5918715036651913,0
TCGA_to_GEO,GSE26682,GSM656570,target_cohort_adaptive_zscore,svm_rbf,0,0.100077363667211,0.5918715036651913,0
TCGA_to_GEO,GSE26682,GSM656574,target_cohort_adaptive_zscore,svm_rbf,0,0.0010611147836845,0.5918715036651913,0
TCGA_to_GEO,GSE26682,GSM656580,target_cohort_adaptive_zscore,svm_rbf,0,0.0024020866887083,0.5918715036651913,0
TCGA_to_GEO,GSE26682,GSM656582,target_cohort_adaptive_zscore,svm_rbf,0,0.0022332731926965,0.5918715036651913,0
TCGA_to_GEO,GSE26682,GSM656583,target_cohort_adaptive_zscore,svm_rbf,1,0.7542670233752602,0.5918715036651913,1
TCGA_to_GEO,GSE26682,GSM656584,target_cohort_adaptive_zscore,svm_rbf,0,0.011218988093737,0.5918715036651913,0
TCGA_to_GEO,GSE26682,GSM656585,target_cohort_adaptive_zscore,svm_rbf,0,0.280327615044422,0.5918715036651913,0
TCGA_to_GEO,GSE26682,GSM656586,target_cohort_adaptive_zscore,svm_rbf,0,0.2101245762621347,0.5918715036651913,0
TCGA_to_GEO,GSE26682,GSM656587,target_cohort_adaptive_zscore,svm_rbf,0,0.8906400047051255,0.5918715036651913,1
TCGA_to_GEO,GSE26682,GSM656590,target_cohort_adaptive_zscore,svm_rbf,1,0.8960096905341391,0.5918715036651913,1
TCGA_to_GEO,GSE26682,GSM656592,target_cohort_adaptive_zscore,svm_rbf,0,0.0031913768365386,0.5918715036651913,0
TCGA_to_GEO,GSE26682,GSM656596,target_cohort_adaptive_zscore,svm_rbf,0,0.0032662372444819,0.5918715036651913,0
TCGA_to_GEO,GSE26682,GSM656598,target_cohort_adaptive_zscore,svm_rbf,0,0.0128999437360138,0.5918715036651913,0
TCGA_to_GEO,GSE26682,GSM656601,target_cohort_adaptive_zscore,svm_rbf,0,0.0048690629469142,0.5918715036651913,0
TCGA_to_GEO,GSE26682,GSM656603,target_cohort_adaptive_zscore,svm_rbf,1,0.9941495456859654,0.5918715036651913,1
TCGA_to_GEO,GSE26682,GSM656612,target_cohort_adaptive_zscore,svm_rbf,1,0.8616004969558265,0.5918715036651913,1
TCGA_to_GEO,GSE26682,GSM656613,target_cohort_adaptive_zscore,svm_rbf,0,0.0169820886776939,0.5918715036651913,0
TCGA_to_GEO,GSE26682,GSM656617,target_cohort_adaptive_zscore,svm_rbf,0,0.0223481327726444,0.5918715036651913,0
TCGA_to_GEO,GSE26682,GSM656618,target_cohort_adaptive_zscore,svm_rbf,0,0.0009181196951908,0.5918715036651913,0
TCGA_to_GEO,GSE26682,GSM656625,target_cohort_adaptive_zscore,svm_rbf,0,0.0877350760510127,0.5918715036651913,0
TCGA_to_GEO,GSE26682,GSM656634,target_cohort_adaptive_zscore,svm_rbf,0,0.3156507752815948,0.5918715036651913,0
TCGA_to_GEO,GSE26682,GSM656635,target_cohort_adaptive_zscore,svm_rbf,0,0.0052538272291898,0.5918715036651913,0
TCGA_to_GEO,GSE26682,GSM656636,target_cohort_adaptive_zscore,svm_rbf,0,0.0021397330712547,0.5918715036651913,0
TCGA_to_GEO,GSE26682,GSM656639,target_cohort_adaptive_zscore,svm_rbf,0,0.0064558808524099,0.5918715036651913,0
TCGA_to_GEO,GSE26682,GSM656640,target_cohort_adaptive_zscore,svm_rbf,0,0.0473122536526595,0.5918715036651913,0
TCGA_to_GEO,GSE26682,GSM656642,target_cohort_adaptive_zscore,svm_rbf,0,0.0108357568321093,0.5918715036651913,0
TCGA_to_GEO,GSE26682,GSM656644,target_cohort_adaptive_zscore,svm_rbf,0,0.0111431382148491,0.5918715036651913,0
TCGA_to_GEO,GSE26682,GSM656657,target_cohort_adaptive_zscore,svm_rbf,0,0.0639548092538489,0.5918715036651913,0
TCGA_to_GEO,GSE26682,GSM656662,target_cohort_adaptive_zscore,svm_rbf,0,0.0212449958928599,0.5918715036651913,0
TCGA_to_GEO,GSE26682,GSM656663,target_cohort_adaptive_zscore,svm_rbf,0,0.0121496956941198,0.5918715036651913,0
TCGA_to_GEO,GSE26682,GSM656669,target_cohort_adaptive_zscore,svm_rbf,1,0.9690266292758052,0.5918715036651913,1
TCGA_to_GEO,GSE26682,GSM656672,target_cohort_adaptive_zscore,svm_rbf,0,0.0062313776149073,0.5918715036651913,0
TCGA_to_GEO,GSE26682,GSM656675,target_cohort_adaptive_zscore,svm_rbf,0,0.0160395123299876,0.5918715036651913,0
TCGA_to_GEO,GSE26682,GSM656676,target_cohort_adaptive_zscore,svm_rbf,0,0.0039327488510726,0.5918715036651913,0
TCGA_to_GEO,GSE26682,GSM656678,target_cohort_adaptive_zscore,svm_rbf,0,0.0482120680560286,0.5918715036651913,0
TCGA_to_GEO,GSE26682,GSM656679,target_cohort_adaptive_zscore,svm_rbf,1,0.9806570269166206,0.5918715036651913,1
TCGA_to_GEO,GSE26682,GSM656683,target_cohort_adaptive_zscore,svm_rbf,0,0.0031157034623969,0.5918715036651913,0
TCGA_to_GEO,GSE26682,GSM656687,target_cohort_adaptive_zscore,svm_rbf,0,0.4702821021950945,0.5918715036651913,0
TCGA_to_GEO,GSE26682,GSM656691,target_cohort_adaptive_zscore,svm_rbf,0,0.0606135661391955,0.5918715036651913,0
TCGA_to_GEO,GSE26682,GSM656692,target_cohort_adaptive_zscore,svm_rbf,0,0.3595064696864545,0.5918715036651913,0
TCGA_to_GEO,GSE26682,GSM656693,target_cohort_adaptive_zscore,svm_rbf,0,0.0182023212239023,0.5918715036651913,0
TCGA_to_GEO,GSE26682,GSM656695,target_cohort_adaptive_zscore,svm_rbf,0,0.0039665542700247,0.5918715036651913,0
TCGA_to_GEO,GSE26682,GSM656698,target_cohort_adaptive_zscore,svm_rbf,0,0.0085829222197523,0.5918715036651913,0
TCGA_to_GEO,GSE26682,GSM656699,target_cohort_adaptive_zscore,svm_rbf,0,0.0186644934411559,0.5918715036651913,0
TCGA_to_GEO,GSE26682,GSM656700,target_cohort_adaptive_zscore,svm_rbf,0,0.0167060941170351,0.5918715036651913,0
TCGA_to_GEO,GSE26682,GSM656701,target_cohort_adaptive_zscore,svm_rbf,0,0.1024355713222786,0.5918715036651913,0
TCGA_to_GEO,GSE26682,GSM656702,target_cohort_adaptive_zscore,svm_rbf,0,0.0271489163381178,0.5918715036651913,0
TCGA_to_GEO,GSE26682,GSM656703,target_cohort_adaptive_zscore,svm_rbf,0,0.0064796096661077,0.5918715036651913,0
TCGA_to_GEO,GSE26682,GSM656704,target_cohort_adaptive_zscore,svm_rbf,0,0.0057428627030888,0.5918715036651913,0
TCGA_to_GEO,GSE26682,GSM656705,target_cohort_adaptive_zscore,svm_rbf,0,0.7720412557018739,0.5918715036651913,1
TCGA_to_GEO,GSE26682,GSM656707,target_cohort_adaptive_zscore,svm_rbf,0,0.0643830338741644,0.5918715036651913,0
TCGA_to_GEO,GSE26682,GSM656710,target_cohort_adaptive_zscore,svm_rbf,0,0.0325027536767438,0.5918715036651913,0
TCGA_to_GEO,GSE26682,GSM656711,target_cohort_adaptive_zscore,svm_rbf,0,0.1249991749660495,0.5918715036651913,0
TCGA_to_GEO,GSE26682,GSM656714,target_cohort_adaptive_zscore,svm_rbf,0,0.0024547958359878,0.5918715036651913,0
TCGA_to_GEO,GSE26682,GSM656715,target_cohort_adaptive_zscore,svm_rbf,0,0.1776820546834591,0.5918715036651913,0
TCGA_to_GEO,GSE26682,GSM656720,target_cohort_adaptive_zscore,svm_rbf,0,0.0018868059170025,0.5918715036651913,0
TCGA_to_GEO,GSE26682,GSM656721,target_cohort_adaptive_zscore,svm_rbf,0,0.0032126164124224,0.5918715036651913,0
TCGA_to_GEO,GSE26682,GSM656726,target_cohort_adaptive_zscore,svm_rbf,0,0.1298499985526007,0.5918715036651913,0
TCGA_to_GEO,GSE26682,GSM656732,target_cohort_adaptive_zscore,svm_rbf,0,0.0031026049273236,0.5918715036651913,0
TCGA_to_GEO,GSE26682,GSM656735,target_cohort_adaptive_zscore,svm_rbf,0,0.0037424522150135,0.5918715036651913,0
TCGA_to_GEO,GSE26682,GSM656736,target_cohort_adaptive_zscore,svm_rbf,1,0.908353743071598,0.5918715036651913,1
TCGA_to_GEO,GSE26682,GSM656737,target_cohort_adaptive_zscore,svm_rbf,0,0.017131311058533,0.5918715036651913,0
TCGA_to_GEO,GSE26682,GSM656739,target_cohort_adaptive_zscore,svm_rbf,0,0.0300908665013615,0.5918715036651913,0
TCGA_to_GEO,GSE26682,GSM656742,target_cohort_adaptive_zscore,svm_rbf,0,0.0063155126563669,0.5918715036651913,0
TCGA_to_GEO,GSE26682,GSM656749,target_cohort_adaptive_zscore,svm_rbf,0,0.0056073447282911,0.5918715036651913,0
TCGA_to_GEO,GSE26682,GSM656768,target_cohort_adaptive_zscore,svm_rbf,0,0.001058045667695,0.5918715036651913,0
TCGA_to_GEO,GSE26682,GSM656769,target_cohort_adaptive_zscore,svm_rbf,0,0.0014977011177151,0.5918715036651913,0
TCGA_to_GEO,GSE26682,GSM656770,target_cohort_adaptive_zscore,svm_rbf,0,0.0115134879541775,0.5918715036651913,0
TCGA_to_GEO,GSE26682,GSM656772,target_cohort_adaptive_zscore,svm_rbf,0,0.0060459783649186,0.5918715036651913,0
TCGA_to_GEO,GSE26682,GSM656775,target_cohort_adaptive_zscore,svm_rbf,0,0.0098500858001519,0.5918715036651913,0
TCGA_to_GEO,GSE26682,GSM656776,target_cohort_adaptive_zscore,svm_rbf,0,0.0054566831958812,0.5918715036651913,0
TCGA_to_GEO,GSE26682,GSM656777,target_cohort_adaptive_zscore,svm_rbf,0,0.0259347058819854,0.5918715036651913,0
TCGA_to_GEO,GSE26682,GSM656783,target_cohort_adaptive_zscore,svm_rbf,0,0.0230426202724231,0.5918715036651913,0
TCGA_to_GEO,GSE26682,GSM656785,target_cohort_adaptive_zscore,svm_rbf,0,0.0682465822851885,0.5918715036651913,0
TCGA_to_GEO,GSE26682,GSM656787,target_cohort_adaptive_zscore,svm_rbf,0,0.4307780191856946,0.5918715036651913,0
TCGA_to_GEO,GSE26682,GSM656794,target_cohort_adaptive_zscore,svm_rbf,0,0.0050975405249038,0.5918715036651913,0
TCGA_to_GEO,GSE26682,GSM656800,target_cohort_adaptive_zscore,svm_rbf,0,0.0060174388667636,0.5918715036651913,0
TCGA_to_GEO,GSE26682,GSM656803,target_cohort_adaptive_zscore,svm_rbf,0,0.0095713159332468,0.5918715036651913,0
TCGA_to_GEO,GSE26682,GSM656804,target_cohort_adaptive_zscore,svm_rbf,0,0.0073437267256179,0.5918715036651913,0
TCGA_to_GEO,GSE26682,GSM656806,target_cohort_adaptive_zscore,svm_rbf,0,0.0082389566042539,0.5918715036651913,0
TCGA_to_GEO,GSE26682,GSM656809,target_cohort_adaptive_zscore,svm_rbf,0,0.0018016706044854,0.5918715036651913,0
TCGA_to_GEO,GSE26682,GSM656811,target_cohort_adaptive_zscore,svm_rbf,0,0.0791820746277209,0.5918715036651913,0
TCGA_to_GEO,GSE26682,GSM656816,target_cohort_adaptive_zscore,svm_rbf,0,0.3796617558717612,0.5918715036651913,0
TCGA_to_GEO,GSE26682,GSM656819,target_cohort_adaptive_zscore,svm_rbf,0,0.005506146688965,0.5918715036651913,0
TCGA_to_GEO,GSE26682,GSM656820,target_cohort_adaptive_zscore,svm_rbf,1,0.9853563161352334,0.5918715036651913,1
TCGA_to_GEO,GSE26682,GSM656822,target_cohort_adaptive_zscore,svm_rbf,0,0.578074067298635,0.5918715036651913,0
TCGA_to_GEO,GSE26682,GSM656824,target_cohort_adaptive_zscore,svm_rbf,0,0.0294484979416009,0.5918715036651913,0
TCGA_to_GEO,GSE26682,GSM656825,target_cohort_adaptive_zscore,svm_rbf,0,0.0425791602375251,0.5918715036651913,0
TCGA_to_GEO,GSE26682,GSM656830,target_cohort_adaptive_zscore,svm_rbf,0,0.0036302579104793,0.5918715036651913,0
TCGA_to_GEO,GSE26682,GSM656831,target_cohort_adaptive_zscore,svm_rbf,0,0.0181300987254641,0.5918715036651913,0
TCGA_to_GEO,GSE26682,GSM656832,target_cohort_adaptive_zscore,svm_rbf,0,0.0019532717650058,0.5918715036651913,0
TCGA_to_GEO,GSE26682,GSM656833,target_cohort_adaptive_zscore,svm_rbf,0,0.0161169838499725,0.5918715036651913,0
TCGA_to_GEO,GSE26682,GSM656834,target_cohort_adaptive_zscore,svm_rbf,0,0.0080324792020209,0.5918715036651913,0
TCGA_to_GEO,GSE26682,GSM656836,target_cohort_adaptive_zscore,svm_rbf,0,0.0078835127948204,0.5918715036651913,0
TCGA_to_GEO,GSE26682,GSM656837,target_cohort_adaptive_zscore,svm_rbf,1,0.9875935582831422,0.5918715036651913,1
TCGA_to_GEO,GSE26682,GSM656840,target_cohort_adaptive_zscore,svm_rbf,0,0.0031005747448107,0.5918715036651913,0
TCGA_to_GEO,GSE26682,GSM656841,target_cohort_adaptive_zscore,svm_rbf,0,0.6333558322435086,0.5918715036651913,1
TCGA_to_GEO,GSE26682,GSM656842,target_cohort_adaptive_zscore,svm_rbf,1,0.9225854938064838,0.5918715036651913,1
TCGA_to_GEO,GSE26682,GSM656843,target_cohort_adaptive_zscore,svm_rbf,0,0.0027097203460636,0.5918715036651913,0
TCGA_to_GEO,GSE26682,GSM656845,target_cohort_adaptive_zscore,svm_rbf,0,0.1628955208675991,0.5918715036651913,0
TCGA_to_GEO,GSE26682,GSM656846,target_cohort_adaptive_zscore,svm_rbf,0,0.0916034814950122,0.5918715036651913,0
TCGA_to_GEO,GSE26682,GSM656847,target_cohort_adaptive_zscore,svm_rbf,0,0.0483912526160392,0.5918715036651913,0
TCGA_to_GEO,GSE26682,GSM656849,target_cohort_adaptive_zscore,svm_rbf,1,0.9704552796873752,0.5918715036651913,1
TCGA_to_GEO,GSE26682,GSM656850,target_cohort_adaptive_zscore,svm_rbf,1,0.0212118991322585,0.5918715036651913,0
TCGA_to_GEO,GSE26682,GSM656851,target_cohort_adaptive_zscore,svm_rbf,1,0.861958839396047,0.5918715036651913,1
TCGA_to_GEO,GSE26682,GSM656853,target_cohort_adaptive_zscore,svm_rbf,0,0.0098493918925775,0.5918715036651913,0
TCGA_to_GEO,GSE26682,GSM656854,target_cohort_adaptive_zscore,svm_rbf,1,0.994050843165876,0.5918715036651913,1
TCGA_to_GEO,GSE26682,GSM656857,target_cohort_adaptive_zscore,svm_rbf,0,0.0265232941440702,0.5918715036651913,0
TCGA_to_GEO,GSE26682,GSM656858,target_cohort_adaptive_zscore,svm_rbf,0,0.0111782577956713,0.5918715036651913,0
TCGA_to_GEO,GSE26682,GSM656859,target_cohort_adaptive_zscore,svm_rbf,0,0.431704801652199,0.5918715036651913,0
TCGA_to_GEO,GSE26682,GSM656860,target_cohort_adaptive_zscore,svm_rbf,0,0.2785498406116918,0.5918715036651913,0
TCGA_to_GEO,GSE26682,GSM656861,target_cohort_adaptive_zscore,svm_rbf,0,0.0038685263190837,0.5918715036651913,0
TCGA_to_GEO,GSE26682,GSM656863,target_cohort_adaptive_zscore,svm_rbf,0,0.0028748418099525,0.5918715036651913,0
TCGA_to_GEO,GSE26682,GSM656864,target_cohort_adaptive_zscore,svm_rbf,1,0.903312033037804,0.5918715036651913,1
TCGA_to_GEO,GSE26682,GSM656865,target_cohort_adaptive_zscore,svm_rbf,1,0.0396532761920116,0.5918715036651913,0
TCGA_to_GEO,GSE26682,GSM656867,target_cohort_adaptive_zscore,svm_rbf,0,0.1081004935163341,0.5918715036651913,0
TCGA_to_GEO,GSE26682,GSM656868,target_cohort_adaptive_zscore,svm_rbf,0,0.09501262779399,0.5918715036651913,0
TCGA_to_GEO,GSE26682,GSM656869,target_cohort_adaptive_zscore,svm_rbf,0,0.0029810236607144,0.5918715036651913,0
TCGA_to_GEO,GSE26682,GSM656870,target_cohort_adaptive_zscore,svm_rbf,0,0.0092357618287978,0.5918715036651913,0
TCGA_to_GEO,GSE39084,GSM955440,target_cohort_adaptive_zscore,svm_rbf,0,0.011516165643883,0.5918715036651913,0
TCGA_to_GEO,GSE39084,GSM955441,target_cohort_adaptive_zscore,svm_rbf,0,0.0014744302750439,0.5918715036651913,0
TCGA_to_GEO,GSE39084,GSM955442,target_cohort_adaptive_zscore,svm_rbf,0,0.0532888216803059,0.5918715036651913,0
TCGA_to_GEO,GSE39084,GSM955443,target_cohort_adaptive_zscore,svm_rbf,0,0.0025740937720506,0.5918715036651913,0
TCGA_to_GEO,GSE39084,GSM955444,target_cohort_adaptive_zscore,svm_rbf,0,0.0679595491517516,0.5918715036651913,0
TCGA_to_GEO,GSE39084,GSM955445,target_cohort_adaptive_zscore,svm_rbf,0,0.0005813580593891,0.5918715036651913,0
TCGA_to_GEO,GSE39084,GSM955446,target_cohort_adaptive_zscore,svm_rbf,0,0.0037363091631737,0.5918715036651913,0
TCGA_to_GEO,GSE39084,GSM955447,target_cohort_adaptive_zscore,svm_rbf,1,0.5686074127763594,0.5918715036651913,0
TCGA_to_GEO,GSE39084,GSM955448,target_cohort_adaptive_zscore,svm_rbf,1,0.9586162151757152,0.5918715036651913,1
TCGA_to_GEO,GSE39084,GSM955449,target_cohort_adaptive_zscore,svm_rbf,0,0.0023874770048119,0.5918715036651913,0
TCGA_to_GEO,GSE39084,GSM955450,target_cohort_adaptive_zscore,svm_rbf,0,0.0005907780941379,0.5918715036651913,0
TCGA_to_GEO,GSE39084,GSM955451,target_cohort_adaptive_zscore,svm_rbf,0,0.0012071121961131,0.5918715036651913,0
TCGA_to_GEO,GSE39084,GSM955452,target_cohort_adaptive_zscore,svm_rbf,0,0.0030405665130944,0.5918715036651913,0
TCGA_to_GEO,GSE39084,GSM955453,target_cohort_adaptive_zscore,svm_rbf,0,0.0008777337743917,0.5918715036651913,0
TCGA_to_GEO,GSE39084,GSM955455,target_cohort_adaptive_zscore,svm_rbf,0,0.2815777247124236,0.5918715036651913,0
TCGA_to_GEO,GSE39084,GSM955456,target_cohort_adaptive_zscore,svm_rbf,0,0.0021106348719266,0.5918715036651913,0
TCGA_to_GEO,GSE39084,GSM955457,target_cohort_adaptive_zscore,svm_rbf,0,0.0605249214598184,0.5918715036651913,0
TCGA_to_GEO,GSE39084,GSM955458,target_cohort_adaptive_zscore,svm_rbf,1,0.7248406971788154,0.5918715036651913,1
TCGA_to_GEO,GSE39084,GSM955459,target_cohort_adaptive_zscore,svm_rbf,1,0.9572573959793008,0.5918715036651913,1
TCGA_to_GEO,GSE39084,GSM955460,target_cohort_adaptive_zscore,svm_rbf,1,0.4306059676337339,0.5918715036651913,0
TCGA_to_GEO,GSE39084,GSM955461,target_cohort_adaptive_zscore,svm_rbf,1,0.0187952003631121,0.5918715036651913,0
TCGA_to_GEO,GSE39084,GSM955462,target_cohort_adaptive_zscore,svm_rbf,0,0.1717886053834642,0.5918715036651913,0
TCGA_to_GEO,GSE39084,GSM955463,target_cohort_adaptive_zscore,svm_rbf,0,0.0420105382624017,0.5918715036651913,0
TCGA_to_GEO,GSE39084,GSM955464,target_cohort_adaptive_zscore,svm_rbf,0,0.0038962302013668,0.5918715036651913,0
TCGA_to_GEO,GSE39084,GSM955466,target_cohort_adaptive_zscore,svm_rbf,1,0.4636436718865316,0.5918715036651913,0
TCGA_to_GEO,GSE39084,GSM955467,target_cohort_adaptive_zscore,svm_rbf,1,0.5590350486396344,0.5918715036651913,0
TCGA_to_GEO,GSE39084,GSM955468,target_cohort_adaptive_zscore,svm_rbf,1,0.9675650006041824,0.5918715036651913,1
TCGA_to_GEO,GSE39084,GSM955469,target_cohort_adaptive_zscore,svm_rbf,1,0.9085377751646232,0.5918715036651913,1
TCGA_to_GEO,GSE39084,GSM955470,target_cohort_adaptive_zscore,svm_rbf,1,0.9766387648149402,0.5918715036651913,1
TCGA_to_GEO,GSE39084,GSM955471,target_cohort_adaptive_zscore,svm_rbf,1,0.9801574894922376,0.5918715036651913,1
TCGA_to_GEO,GSE39084,GSM955472,target_cohort_adaptive_zscore,svm_rbf,1,0.8872463667045487,0.5918715036651913,1
TCGA_to_GEO,GSE39084,GSM955473,target_cohort_adaptive_zscore,svm_rbf,1,0.9368591844705714,0.5918715036651913,1
TCGA_to_GEO,GSE39084,GSM955474,target_cohort_adaptive_zscore,svm_rbf,0,0.0681786310495942,0.5918715036651913,0
TCGA_to_GEO,GSE39084,GSM955475,target_cohort_adaptive_zscore,svm_rbf,0,0.0054309059005422,0.5918715036651913,0
TCGA_to_GEO,GSE39084,GSM955476,target_cohort_adaptive_zscore,svm_rbf,0,0.0308172704178376,0.5918715036651913,0
TCGA_to_GEO,GSE39084,GSM955477,target_cohort_adaptive_zscore,svm_rbf,0,0.3108479141283145,0.5918715036651913,0
TCGA_to_GEO,GSE39084,GSM955478,target_cohort_adaptive_zscore,svm_rbf,0,0.0657607992222951,0.5918715036651913,0
TCGA_to_GEO,GSE39084,GSM955479,target_cohort_adaptive_zscore,svm_rbf,0,0.0286283336606426,0.5918715036651913,0
TCGA_to_GEO,GSE39084,GSM955480,target_cohort_adaptive_zscore,svm_rbf,0,0.0013548162647406,0.5918715036651913,0
TCGA_to_GEO,GSE39084,GSM955482,target_cohort_adaptive_zscore,svm_rbf,0,0.0030643540904121,0.5918715036651913,0
TCGA_to_GEO,GSE39084,GSM955483,target_cohort_adaptive_zscore,svm_rbf,0,0.0425837906523302,0.5918715036651913,0
TCGA_to_GEO,GSE39084,GSM955484,target_cohort_adaptive_zscore,svm_rbf,0,0.0025722959707846,0.5918715036651913,0
TCGA_to_GEO,GSE39084,GSM955485,target_cohort_adaptive_zscore,svm_rbf,0,0.0535478082778548,0.5918715036651913,0
TCGA_to_GEO,GSE39084,GSM955486,target_cohort_adaptive_zscore,svm_rbf,0,0.0164746040188443,0.5918715036651913,0
TCGA_to_GEO,GSE39084,GSM955487,target_cohort_adaptive_zscore,svm_rbf,0,0.2054122712775521,0.5918715036651913,0
TCGA_to_GEO,GSE39084,GSM955488,target_cohort_adaptive_zscore,svm_rbf,0,0.5964417309457459,0.5918715036651913,1
TCGA_to_GEO,GSE39084,GSM955489,target_cohort_adaptive_zscore,svm_rbf,0,0.01591698374308,0.5918715036651913,0
TCGA_to_GEO,GSE39084,GSM955490,target_cohort_adaptive_zscore,svm_rbf,0,0.0009825008508082,0.5918715036651913,0
TCGA_to_GEO,GSE39084,GSM955491,target_cohort_adaptive_zscore,svm_rbf,0,0.0055697505120499,0.5918715036651913,0
TCGA_to_GEO,GSE39084,GSM955492,target_cohort_adaptive_zscore,svm_rbf,0,0.0013474675188553,0.5918715036651913,0
TCGA_to_GEO,GSE39084,GSM955493,target_cohort_adaptive_zscore,svm_rbf,0,0.0020636121807055,0.5918715036651913,0
TCGA_to_GEO,GSE39084,GSM955494,target_cohort_adaptive_zscore,svm_rbf,0,0.2546062309415722,0.5918715036651913,0
TCGA_to_GEO,GSE39084,GSM955495,target_cohort_adaptive_zscore,svm_rbf,0,0.0066893715339498,0.5918715036651913,0
TCGA_to_GEO,GSE39084,GSM955496,target_cohort_adaptive_zscore,svm_rbf,0,0.0017423787554939,0.5918715036651913,0
TCGA_to_GEO,GSE39084,GSM955497,target_cohort_adaptive_zscore,svm_rbf,0,0.0067076714489017,0.5918715036651913,0
TCGA_to_GEO,GSE39084,GSM955498,target_cohort_adaptive_zscore,svm_rbf,0,0.0017151208441507,0.5918715036651913,0
TCGA_to_GEO,GSE39084,GSM955499,target_cohort_adaptive_zscore,svm_rbf,0,0.1038838704003643,0.5918715036651913,0
TCGA_to_GEO,GSE39084,GSM955500,target_cohort_adaptive_zscore,svm_rbf,0,0.3212143746051595,0.5918715036651913,0
TCGA_to_GEO,GSE39084,GSM955501,target_cohort_adaptive_zscore,svm_rbf,0,0.0345100421881309,0.5918715036651913,0
TCGA_to_GEO,GSE39084,GSM955502,target_cohort_adaptive_zscore,svm_rbf,0,0.0436500760104366,0.5918715036651913,0
TCGA_to_GEO,GSE39084,GSM955503,target_cohort_adaptive_zscore,svm_rbf,0,0.0081370726069311,0.5918715036651913,0
TCGA_to_GEO,GSE39084,GSM955504,target_cohort_adaptive_zscore,svm_rbf,0,0.1020336044261254,0.5918715036651913,0
TCGA_to_GEO,GSE39084,GSM955505,target_cohort_adaptive_zscore,svm_rbf,0,0.0056378894776682,0.5918715036651913,0
TCGA_to_GEO,GSE39084,GSM955506,target_cohort_adaptive_zscore,svm_rbf,0,0.0010142333435439,0.5918715036651913,0
TCGA_to_GEO,GSE39084,GSM955507,target_cohort_adaptive_zscore,svm_rbf,0,0.0025376823363707,0.5918715036651913,0
TCGA_to_GEO,GSE39084,GSM955508,target_cohort_adaptive_zscore,svm_rbf,1,0.9688670014602716,0.5918715036651913,1
TCGA_to_GEO,GSE39084,GSM955509,target_cohort_adaptive_zscore,svm_rbf,1,0.3969560413575829,0.5918715036651913,0
TCGA_to_GEO,GSE13294,GSM335510,target_cohort_adaptive_zscore,xgboost,0,0.029987683519721,0.2580522000789642,0
TCGA_to_GEO,GSE13294,GSM335511,target_cohort_adaptive_zscore,xgboost,1,0.2559539079666137,0.2580522000789642,0
TCGA_to_GEO,GSE13294,GSM335512,target_cohort_adaptive_zscore,xgboost,0,0.1264307200908661,0.2580522000789642,0
TCGA_to_GEO,GSE13294,GSM335513,target_cohort_adaptive_zscore,xgboost,0,0.0162578802555799,0.2580522000789642,0
TCGA_to_GEO,GSE13294,GSM335514,target_cohort_adaptive_zscore,xgboost,0,0.0128602180629968,0.2580522000789642,0
TCGA_to_GEO,GSE13294,GSM335515,target_cohort_adaptive_zscore,xgboost,0,0.0421871915459632,0.2580522000789642,0
TCGA_to_GEO,GSE13294,GSM335516,target_cohort_adaptive_zscore,xgboost,0,0.0141909653320908,0.2580522000789642,0
TCGA_to_GEO,GSE13294,GSM335517,target_cohort_adaptive_zscore,xgboost,0,0.0136374440044164,0.2580522000789642,0
TCGA_to_GEO,GSE13294,GSM335518,target_cohort_adaptive_zscore,xgboost,1,0.4635855257511139,0.2580522000789642,1
TCGA_to_GEO,GSE13294,GSM335519,target_cohort_adaptive_zscore,xgboost,1,0.1013263165950775,0.2580522000789642,0
TCGA_to_GEO,GSE13294,GSM335520,target_cohort_adaptive_zscore,xgboost,0,0.1933586150407791,0.2580522000789642,0
TCGA_to_GEO,GSE13294,GSM335521,target_cohort_adaptive_zscore,xgboost,0,0.0169655997306108,0.2580522000789642,0
TCGA_to_GEO,GSE13294,GSM335522,target_cohort_adaptive_zscore,xgboost,0,0.0511785335838794,0.2580522000789642,0
TCGA_to_GEO,GSE13294,GSM335523,target_cohort_adaptive_zscore,xgboost,0,0.0408703200519084,0.2580522000789642,0
TCGA_to_GEO,GSE13294,GSM335524,target_cohort_adaptive_zscore,xgboost,0,0.01826798543334,0.2580522000789642,0
TCGA_to_GEO,GSE13294,GSM335525,target_cohort_adaptive_zscore,xgboost,1,0.4721039235591888,0.2580522000789642,1
TCGA_to_GEO,GSE13294,GSM335526,target_cohort_adaptive_zscore,xgboost,0,0.030975567176938,0.2580522000789642,0
TCGA_to_GEO,GSE13294,GSM335527,target_cohort_adaptive_zscore,xgboost,1,0.2405712008476257,0.2580522000789642,0
TCGA_to_GEO,GSE13294,GSM335528,target_cohort_adaptive_zscore,xgboost,0,0.0238502454012632,0.2580522000789642,0
TCGA_to_GEO,GSE13294,GSM335529,target_cohort_adaptive_zscore,xgboost,1,0.0572032444179058,0.2580522000789642,0
TCGA_to_GEO,GSE13294,GSM335530,target_cohort_adaptive_zscore,xgboost,1,0.489573210477829,0.2580522000789642,1
TCGA_to_GEO,GSE13294,GSM335531,target_cohort_adaptive_zscore,xgboost,0,0.0170539710670709,0.2580522000789642,0
TCGA_to_GEO,GSE13294,GSM335532,target_cohort_adaptive_zscore,xgboost,1,0.4988372027873993,0.2580522000789642,1
TCGA_to_GEO,GSE13294,GSM335533,target_cohort_adaptive_zscore,xgboost,0,0.0299039110541343,0.2580522000789642,0
TCGA_to_GEO,GSE13294,GSM335534,target_cohort_adaptive_zscore,xgboost,0,0.0186290610581636,0.2580522000789642,0
TCGA_to_GEO,GSE13294,GSM335535,target_cohort_adaptive_zscore,xgboost,0,0.0341080278158187,0.2580522000789642,0
TCGA_to_GEO,GSE13294,GSM335536,target_cohort_adaptive_zscore,xgboost,0,0.0190888438373804,0.2580522000789642,0
TCGA_to_GEO,GSE13294,GSM335537,target_cohort_adaptive_zscore,xgboost,0,0.0196361914277076,0.2580522000789642,0
TCGA_to_GEO,GSE13294,GSM335538,target_cohort_adaptive_zscore,xgboost,0,0.0105325346812605,0.2580522000789642,0
TCGA_to_GEO,GSE13294,GSM335539,target_cohort_adaptive_zscore,xgboost,0,0.0158412717282772,0.2580522000789642,0
TCGA_to_GEO,GSE13294,GSM335540,target_cohort_adaptive_zscore,xgboost,0,0.0635443925857544,0.2580522000789642,0
TCGA_to_GEO,GSE13294,GSM335541,target_cohort_adaptive_zscore,xgboost,1,0.1876178681850433,0.2580522000789642,0
TCGA_to_GEO,GSE13294,GSM335542,target_cohort_adaptive_zscore,xgboost,1,0.296800285577774,0.2580522000789642,1
TCGA_to_GEO,GSE13294,GSM335543,target_cohort_adaptive_zscore,xgboost,1,0.2743920683860779,0.2580522000789642,1
TCGA_to_GEO,GSE13294,GSM335544,target_cohort_adaptive_zscore,xgboost,1,0.5991097688674927,0.2580522000789642,1
TCGA_to_GEO,GSE13294,GSM335545,target_cohort_adaptive_zscore,xgboost,1,0.2473179101943969,0.2580522000789642,0
TCGA_to_GEO,GSE13294,GSM335546,target_cohort_adaptive_zscore,xgboost,1,0.2877727448940277,0.2580522000789642,1
TCGA_to_GEO,GSE13294,GSM335547,target_cohort_adaptive_zscore,xgboost,0,0.224415972828865,0.2580522000789642,0
TCGA_to_GEO,GSE13294,GSM335548,target_cohort_adaptive_zscore,xgboost,0,0.0170751437544822,0.2580522000789642,0
TCGA_to_GEO,GSE13294,GSM335549,target_cohort_adaptive_zscore,xgboost,0,0.0139605794101953,0.2580522000789642,0
TCGA_to_GEO,GSE13294,GSM335550,target_cohort_adaptive_zscore,xgboost,0,0.0460887439548969,0.2580522000789642,0
TCGA_to_GEO,GSE13294,GSM335551,target_cohort_adaptive_zscore,xgboost,1,0.6032283306121826,0.2580522000789642,1
TCGA_to_GEO,GSE13294,GSM335552,target_cohort_adaptive_zscore,xgboost,0,0.0513577610254287,0.2580522000789642,0
TCGA_to_GEO,GSE13294,GSM335553,target_cohort_adaptive_zscore,xgboost,0,0.0189026482403278,0.2580522000789642,0
TCGA_to_GEO,GSE13294,GSM335554,target_cohort_adaptive_zscore,xgboost,0,0.0111873215064406,0.2580522000789642,0
TCGA_to_GEO,GSE13294,GSM335555,target_cohort_adaptive_zscore,xgboost,1,0.8407740592956543,0.2580522000789642,1
TCGA_to_GEO,GSE13294,GSM335556,target_cohort_adaptive_zscore,xgboost,0,0.0150460628792643,0.2580522000789642,0
TCGA_to_GEO,GSE13294,GSM335557,target_cohort_adaptive_zscore,xgboost,0,0.0170695092529058,0.2580522000789642,0
TCGA_to_GEO,GSE13294,GSM335558,target_cohort_adaptive_zscore,xgboost,0,0.0175132807344198,0.2580522000789642,0
TCGA_to_GEO,GSE13294,GSM335559,target_cohort_adaptive_zscore,xgboost,1,0.6722792983055115,0.2580522000789642,1
TCGA_to_GEO,GSE13294,GSM335560,target_cohort_adaptive_zscore,xgboost,1,0.730708658695221,0.2580522000789642,1
TCGA_to_GEO,GSE13294,GSM335561,target_cohort_adaptive_zscore,xgboost,0,0.0113018387928605,0.2580522000789642,0
TCGA_to_GEO,GSE13294,GSM335562,target_cohort_adaptive_zscore,xgboost,1,0.2797268331050873,0.2580522000789642,1
TCGA_to_GEO,GSE13294,GSM335563,target_cohort_adaptive_zscore,xgboost,1,0.1648082286119461,0.2580522000789642,0
TCGA_to_GEO,GSE13294,GSM335564,target_cohort_adaptive_zscore,xgboost,0,0.0259125400334596,0.2580522000789642,0
TCGA_to_GEO,GSE13294,GSM335565,target_cohort_adaptive_zscore,xgboost,1,0.9602442979812622,0.2580522000789642,1
TCGA_to_GEO,GSE13294,GSM335566,target_cohort_adaptive_zscore,xgboost,1,0.6817614436149597,0.2580522000789642,1
TCGA_to_GEO,GSE13294,GSM335567,target_cohort_adaptive_zscore,xgboost,0,0.0124039901420474,0.2580522000789642,0
TCGA_to_GEO,GSE13294,GSM335568,target_cohort_adaptive_zscore,xgboost,0,0.0137903243303298,0.2580522000789642,0
TCGA_to_GEO,GSE13294,GSM335569,target_cohort_adaptive_zscore,xgboost,0,0.0162779651582241,0.2580522000789642,0
TCGA_to_GEO,GSE13294,GSM335570,target_cohort_adaptive_zscore,xgboost,0,0.2661444246768951,0.2580522000789642,1
TCGA_to_GEO,GSE13294,GSM335571,target_cohort_adaptive_zscore,xgboost,0,0.0111420275643467,0.2580522000789642,0
TCGA_to_GEO,GSE13294,GSM335572,target_cohort_adaptive_zscore,xgboost,0,0.0169479772448539,0.2580522000789642,0
TCGA_to_GEO,GSE13294,GSM335573,target_cohort_adaptive_zscore,xgboost,1,0.0275329388678073,0.2580522000789642,0
TCGA_to_GEO,GSE13294,GSM335574,target_cohort_adaptive_zscore,xgboost,1,0.6820641160011292,0.2580522000789642,1
TCGA_to_GEO,GSE13294,GSM335575,target_cohort_adaptive_zscore,xgboost,0,0.0216481611132621,0.2580522000789642,0
TCGA_to_GEO,GSE13294,GSM335576,target_cohort_adaptive_zscore,xgboost,1,0.5863978862762451,0.2580522000789642,1
TCGA_to_GEO,GSE13294,GSM335577,target_cohort_adaptive_zscore,xgboost,1,0.4500097334384918,0.2580522000789642,1
TCGA_to_GEO,GSE13294,GSM335578,target_cohort_adaptive_zscore,xgboost,1,0.154921069741249,0.2580522000789642,0
TCGA_to_GEO,GSE13294,GSM335579,target_cohort_adaptive_zscore,xgboost,0,0.0385622344911098,0.2580522000789642,0
TCGA_to_GEO,GSE13294,GSM335580,target_cohort_adaptive_zscore,xgboost,0,0.0946295037865638,0.2580522000789642,0
TCGA_to_GEO,GSE13294,GSM335581,target_cohort_adaptive_zscore,xgboost,0,0.1796648353338241,0.2580522000789642,0
TCGA_to_GEO,GSE13294,GSM335582,target_cohort_adaptive_zscore,xgboost,0,0.024743789806962,0.2580522000789642,0
TCGA_to_GEO,GSE13294,GSM335583,target_cohort_adaptive_zscore,xgboost,0,0.0169722978025674,0.2580522000789642,0
TCGA_to_GEO,GSE13294,GSM335584,target_cohort_adaptive_zscore,xgboost,0,0.0096665639430284,0.2580522000789642,0
TCGA_to_GEO,GSE13294,GSM335585,target_cohort_adaptive_zscore,xgboost,1,0.895513117313385,0.2580522000789642,1
TCGA_to_GEO,GSE13294,GSM335586,target_cohort_adaptive_zscore,xgboost,0,0.0230722445994615,0.2580522000789642,0
TCGA_to_GEO,GSE13294,GSM335587,target_cohort_adaptive_zscore,xgboost,0,0.0643429905176162,0.2580522000789642,0
TCGA_to_GEO,GSE13294,GSM335588,target_cohort_adaptive_zscore,xgboost,0,0.0118685280904173,0.2580522000789642,0
TCGA_to_GEO,GSE13294,GSM335589,target_cohort_adaptive_zscore,xgboost,0,0.0149863334372639,0.2580522000789642,0
TCGA_to_GEO,GSE13294,GSM335590,target_cohort_adaptive_zscore,xgboost,0,0.1089184805750846,0.2580522000789642,0
TCGA_to_GEO,GSE13294,GSM335591,target_cohort_adaptive_zscore,xgboost,0,0.0149854822084307,0.2580522000789642,0
TCGA_to_GEO,GSE13294,GSM335592,target_cohort_adaptive_zscore,xgboost,0,0.0425818338990211,0.2580522000789642,0
TCGA_to_GEO,GSE13294,GSM335593,target_cohort_adaptive_zscore,xgboost,0,0.0134667558595538,0.2580522000789642,0
TCGA_to_GEO,GSE13294,GSM335594,target_cohort_adaptive_zscore,xgboost,0,0.026659732684493,0.2580522000789642,0
TCGA_to_GEO,GSE13294,GSM335595,target_cohort_adaptive_zscore,xgboost,1,0.2621516585350036,0.2580522000789642,1
TCGA_to_GEO,GSE13294,GSM335596,target_cohort_adaptive_zscore,xgboost,0,0.0407560281455516,0.2580522000789642,0
TCGA_to_GEO,GSE13294,GSM335597,target_cohort_adaptive_zscore,xgboost,1,0.5084230899810791,0.2580522000789642,1
TCGA_to_GEO,GSE13294,GSM335598,target_cohort_adaptive_zscore,xgboost,0,0.0112992329522967,0.2580522000789642,0
TCGA_to_GEO,GSE13294,GSM335599,target_cohort_adaptive_zscore,xgboost,0,0.0694080516695976,0.2580522000789642,0
TCGA_to_GEO,GSE13294,GSM335600,target_cohort_adaptive_zscore,xgboost,0,0.0186551008373498,0.2580522000789642,0
TCGA_to_GEO,GSE13294,GSM335601,target_cohort_adaptive_zscore,xgboost,0,0.144669622182846,0.2580522000789642,0
TCGA_to_GEO,GSE13294,GSM335602,target_cohort_adaptive_zscore,xgboost,0,0.0201653968542814,0.2580522000789642,0
TCGA_to_GEO,GSE13294,GSM335603,target_cohort_adaptive_zscore,xgboost,0,0.0144921271130442,0.2580522000789642,0
TCGA_to_GEO,GSE13294,GSM335604,target_cohort_adaptive_zscore,xgboost,0,0.0574164725840091,0.2580522000789642,0
TCGA_to_GEO,GSE13294,GSM335605,target_cohort_adaptive_zscore,xgboost,0,0.0354712791740894,0.2580522000789642,0
TCGA_to_GEO,GSE13294,GSM335606,target_cohort_adaptive_zscore,xgboost,0,0.0110711213201284,0.2580522000789642,0
TCGA_to_GEO,GSE13294,GSM335607,target_cohort_adaptive_zscore,xgboost,0,0.0776577219367027,0.2580522000789642,0
TCGA_to_GEO,GSE13294,GSM335608,target_cohort_adaptive_zscore,xgboost,0,0.1554531902074813,0.2580522000789642,0
TCGA_to_GEO,GSE13294,GSM335609,target_cohort_adaptive_zscore,xgboost,0,0.024981340393424,0.2580522000789642,0
TCGA_to_GEO,GSE13294,GSM335610,target_cohort_adaptive_zscore,xgboost,0,0.0102943424135446,0.2580522000789642,0
TCGA_to_GEO,GSE13294,GSM335611,target_cohort_adaptive_zscore,xgboost,0,0.0205509793013334,0.2580522000789642,0
TCGA_to_GEO,GSE13294,GSM335612,target_cohort_adaptive_zscore,xgboost,0,0.0203510578721761,0.2580522000789642,0
TCGA_to_GEO,GSE13294,GSM335613,target_cohort_adaptive_zscore,xgboost,0,0.0219350010156631,0.2580522000789642,0
TCGA_to_GEO,GSE13294,GSM335614,target_cohort_adaptive_zscore,xgboost,1,0.95122230052948,0.2580522000789642,1
TCGA_to_GEO,GSE13294,GSM335615,target_cohort_adaptive_zscore,xgboost,0,0.0232490859925746,0.2580522000789642,0
TCGA_to_GEO,GSE13294,GSM335616,target_cohort_adaptive_zscore,xgboost,0,0.018954923376441,0.2580522000789642,0
TCGA_to_GEO,GSE13294,GSM335617,target_cohort_adaptive_zscore,xgboost,0,0.0270831510424613,0.2580522000789642,0
TCGA_to_GEO,GSE13294,GSM335618,target_cohort_adaptive_zscore,xgboost,1,0.0251032169908285,0.2580522000789642,0
TCGA_to_GEO,GSE13294,GSM335619,target_cohort_adaptive_zscore,xgboost,1,0.8901334404945374,0.2580522000789642,1
TCGA_to_GEO,GSE13294,GSM335620,target_cohort_adaptive_zscore,xgboost,1,0.0681917890906333,0.2580522000789642,0
TCGA_to_GEO,GSE13294,GSM335621,target_cohort_adaptive_zscore,xgboost,1,0.6300524473190308,0.2580522000789642,1
TCGA_to_GEO,GSE13294,GSM335622,target_cohort_adaptive_zscore,xgboost,1,0.5178941488265991,0.2580522000789642,1
TCGA_to_GEO,GSE13294,GSM335623,target_cohort_adaptive_zscore,xgboost,1,0.9340097904205322,0.2580522000789642,1
TCGA_to_GEO,GSE13294,GSM335624,target_cohort_adaptive_zscore,xgboost,1,0.1335676461458206,0.2580522000789642,0
TCGA_to_GEO,GSE13294,GSM335625,target_cohort_adaptive_zscore,xgboost,1,0.1081732138991355,0.2580522000789642,0
TCGA_to_GEO,GSE13294,GSM335626,target_cohort_adaptive_zscore,xgboost,1,0.1965533047914505,0.2580522000789642,0
TCGA_to_GEO,GSE13294,GSM335627,target_cohort_adaptive_zscore,xgboost,1,0.1451653987169265,0.2580522000789642,0
TCGA_to_GEO,GSE13294,GSM335628,target_cohort_adaptive_zscore,xgboost,1,0.4810443818569183,0.2580522000789642,1
TCGA_to_GEO,GSE13294,GSM335629,target_cohort_adaptive_zscore,xgboost,1,0.7696170210838318,0.2580522000789642,1
TCGA_to_GEO,GSE13294,GSM335630,target_cohort_adaptive_zscore,xgboost,1,0.8546006679534912,0.2580522000789642,1
TCGA_to_GEO,GSE13294,GSM335631,target_cohort_adaptive_zscore,xgboost,1,0.0636538863182067,0.2580522000789642,0
TCGA_to_GEO,GSE13294,GSM335632,target_cohort_adaptive_zscore,xgboost,1,0.1526847928762436,0.2580522000789642,0
TCGA_to_GEO,GSE13294,GSM335633,target_cohort_adaptive_zscore,xgboost,1,0.1118868440389633,0.2580522000789642,0
TCGA_to_GEO,GSE13294,GSM335634,target_cohort_adaptive_zscore,xgboost,1,0.9188985228538512,0.2580522000789642,1
TCGA_to_GEO,GSE13294,GSM335635,target_cohort_adaptive_zscore,xgboost,1,0.9401423335075378,0.2580522000789642,1
TCGA_to_GEO,GSE13294,GSM335636,target_cohort_adaptive_zscore,xgboost,1,0.0107752932235598,0.2580522000789642,0
TCGA_to_GEO,GSE13294,GSM335637,target_cohort_adaptive_zscore,xgboost,1,0.0678161010146141,0.2580522000789642,0
TCGA_to_GEO,GSE13294,GSM335638,target_cohort_adaptive_zscore,xgboost,1,0.4462684392929077,0.2580522000789642,1
TCGA_to_GEO,GSE13294,GSM335639,target_cohort_adaptive_zscore,xgboost,1,0.3152716755867004,0.2580522000789642,1
TCGA_to_GEO,GSE13294,GSM335640,target_cohort_adaptive_zscore,xgboost,1,0.8015391826629639,0.2580522000789642,1
TCGA_to_GEO,GSE13294,GSM335641,target_cohort_adaptive_zscore,xgboost,1,0.9626568555831908,0.2580522000789642,1
TCGA_to_GEO,GSE13294,GSM335642,target_cohort_adaptive_zscore,xgboost,1,0.2880236506462097,0.2580522000789642,1
TCGA_to_GEO,GSE13294,GSM335643,target_cohort_adaptive_zscore,xgboost,1,0.9345150589942932,0.2580522000789642,1
TCGA_to_GEO,GSE13294,GSM335644,target_cohort_adaptive_zscore,xgboost,1,0.8544049263000488,0.2580522000789642,1
TCGA_to_GEO,GSE13294,GSM335645,target_cohort_adaptive_zscore,xgboost,1,0.8998867869377136,0.2580522000789642,1
TCGA_to_GEO,GSE13294,GSM335646,target_cohort_adaptive_zscore,xgboost,1,0.2663249969482422,0.2580522000789642,1
TCGA_to_GEO,GSE13294,GSM335647,target_cohort_adaptive_zscore,xgboost,1,0.2290669083595276,0.2580522000789642,0
TCGA_to_GEO,GSE13294,GSM335648,target_cohort_adaptive_zscore,xgboost,1,0.0222470480948686,0.2580522000789642,0
TCGA_to_GEO,GSE13294,GSM335649,target_cohort_adaptive_zscore,xgboost,1,0.9654331207275392,0.2580522000789642,1
TCGA_to_GEO,GSE13294,GSM335650,target_cohort_adaptive_zscore,xgboost,1,0.1467064470052719,0.2580522000789642,0
TCGA_to_GEO,GSE13294,GSM335651,target_cohort_adaptive_zscore,xgboost,1,0.0109118903055787,0.2580522000789642,0
TCGA_to_GEO,GSE13294,GSM335652,target_cohort_adaptive_zscore,xgboost,1,0.95314759016037,0.2580522000789642,1
TCGA_to_GEO,GSE13294,GSM335653,target_cohort_adaptive_zscore,xgboost,1,0.7455323338508606,0.2580522000789642,1
TCGA_to_GEO,GSE13294,GSM335654,target_cohort_adaptive_zscore,xgboost,1,0.384476900100708,0.2580522000789642,1
TCGA_to_GEO,GSE13294,GSM335655,target_cohort_adaptive_zscore,xgboost,1,0.6861853003501892,0.2580522000789642,1
TCGA_to_GEO,GSE13294,GSM335656,target_cohort_adaptive_zscore,xgboost,1,0.1460493057966232,0.2580522000789642,0
TCGA_to_GEO,GSE13294,GSM335657,target_cohort_adaptive_zscore,xgboost,1,0.6664816737174988,0.2580522000789642,1
TCGA_to_GEO,GSE13294,GSM335658,target_cohort_adaptive_zscore,xgboost,1,0.724814236164093,0.2580522000789642,1
TCGA_to_GEO,GSE13294,GSM335659,target_cohort_adaptive_zscore,xgboost,1,0.8851955533027649,0.2580522000789642,1
TCGA_to_GEO,GSE13294,GSM335660,target_cohort_adaptive_zscore,xgboost,1,0.7115360498428345,0.2580522000789642,1
TCGA_to_GEO,GSE13294,GSM335661,target_cohort_adaptive_zscore,xgboost,1,0.2430527508258819,0.2580522000789642,0
TCGA_to_GEO,GSE13294,GSM335662,target_cohort_adaptive_zscore,xgboost,1,0.3497327864170074,0.2580522000789642,1
TCGA_to_GEO,GSE13294,GSM335663,target_cohort_adaptive_zscore,xgboost,1,0.6389673948287964,0.2580522000789642,1
TCGA_to_GEO,GSE13294,GSM335664,target_cohort_adaptive_zscore,xgboost,1,0.4497722089290619,0.2580522000789642,1
TCGA_to_GEO,GSE13067,GSM327282,target_cohort_adaptive_zscore,xgboost,1,0.5884334444999695,0.2580522000789642,1
TCGA_to_GEO,GSE13067,GSM327283,target_cohort_adaptive_zscore,xgboost,0,0.0418769195675849,0.2580522000789642,0
TCGA_to_GEO,GSE13067,GSM327284,target_cohort_adaptive_zscore,xgboost,0,0.055586539208889,0.2580522000789642,0
TCGA_to_GEO,GSE13067,GSM327285,target_cohort_adaptive_zscore,xgboost,0,0.027070365846157,0.2580522000789642,0
TCGA_to_GEO,GSE13067,GSM327286,target_cohort_adaptive_zscore,xgboost,0,0.0730597972869873,0.2580522000789642,0
TCGA_to_GEO,GSE13067,GSM327287,target_cohort_adaptive_zscore,xgboost,0,0.0799639821052551,0.2580522000789642,0
TCGA_to_GEO,GSE13067,GSM327288,target_cohort_adaptive_zscore,xgboost,1,0.3066303431987762,0.2580522000789642,1
TCGA_to_GEO,GSE13067,GSM327289,target_cohort_adaptive_zscore,xgboost,0,0.0212997738271951,0.2580522000789642,0
TCGA_to_GEO,GSE13067,GSM327290,target_cohort_adaptive_zscore,xgboost,0,0.0331853553652763,0.2580522000789642,0
TCGA_to_GEO,GSE13067,GSM327291,target_cohort_adaptive_zscore,xgboost,0,0.025318257510662,0.2580522000789642,0
TCGA_to_GEO,GSE13067,GSM327292,target_cohort_adaptive_zscore,xgboost,0,0.019587218761444,0.2580522000789642,0
TCGA_to_GEO,GSE13067,GSM327293,target_cohort_adaptive_zscore,xgboost,0,0.1252331882715225,0.2580522000789642,0
TCGA_to_GEO,GSE13067,GSM327294,target_cohort_adaptive_zscore,xgboost,0,0.1907918006181717,0.2580522000789642,0
TCGA_to_GEO,GSE13067,GSM327295,target_cohort_adaptive_zscore,xgboost,0,0.0492830388247966,0.2580522000789642,0
TCGA_to_GEO,GSE13067,GSM327296,target_cohort_adaptive_zscore,xgboost,0,0.3004111349582672,0.2580522000789642,1
TCGA_to_GEO,GSE13067,GSM327297,target_cohort_adaptive_zscore,xgboost,0,0.0853406861424446,0.2580522000789642,0
TCGA_to_GEO,GSE13067,GSM327298,target_cohort_adaptive_zscore,xgboost,0,0.0886987075209617,0.2580522000789642,0
TCGA_to_GEO,GSE13067,GSM327299,target_cohort_adaptive_zscore,xgboost,0,0.0729298964142799,0.2580522000789642,0
TCGA_to_GEO,GSE13067,GSM327300,target_cohort_adaptive_zscore,xgboost,0,0.0963424742221832,0.2580522000789642,0
TCGA_to_GEO,GSE13067,GSM327301,target_cohort_adaptive_zscore,xgboost,0,0.0230574533343315,0.2580522000789642,0
TCGA_to_GEO,GSE13067,GSM327302,target_cohort_adaptive_zscore,xgboost,0,0.5893771052360535,0.2580522000789642,1
TCGA_to_GEO,GSE13067,GSM327303,target_cohort_adaptive_zscore,xgboost,0,0.0279633663594722,0.2580522000789642,0
TCGA_to_GEO,GSE13067,GSM327304,target_cohort_adaptive_zscore,xgboost,0,0.0398667678236961,0.2580522000789642,0
TCGA_to_GEO,GSE13067,GSM327305,target_cohort_adaptive_zscore,xgboost,0,0.0410803034901618,0.2580522000789642,0
TCGA_to_GEO,GSE13067,GSM327306,target_cohort_adaptive_zscore,xgboost,0,0.0325671546161174,0.2580522000789642,0
TCGA_to_GEO,GSE13067,GSM327307,target_cohort_adaptive_zscore,xgboost,0,0.0171230752021074,0.2580522000789642,0
TCGA_to_GEO,GSE13067,GSM327308,target_cohort_adaptive_zscore,xgboost,0,0.0158234108239412,0.2580522000789642,0
TCGA_to_GEO,GSE13067,GSM327309,target_cohort_adaptive_zscore,xgboost,1,0.8544833064079285,0.2580522000789642,1
TCGA_to_GEO,GSE13067,GSM327310,target_cohort_adaptive_zscore,xgboost,1,0.6767956614494324,0.2580522000789642,1
TCGA_to_GEO,GSE13067,GSM327311,target_cohort_adaptive_zscore,xgboost,1,0.8802368640899658,0.2580522000789642,1
TCGA_to_GEO,GSE13067,GSM327312,target_cohort_adaptive_zscore,xgboost,0,0.0388591438531875,0.2580522000789642,0
TCGA_to_GEO,GSE13067,GSM327313,target_cohort_adaptive_zscore,xgboost,1,0.9635407328605652,0.2580522000789642,1
TCGA_to_GEO,GSE13067,GSM327314,target_cohort_adaptive_zscore,xgboost,0,0.0161989200860261,0.2580522000789642,0
TCGA_to_GEO,GSE13067,GSM327315,target_cohort_adaptive_zscore,xgboost,0,0.0293078683316707,0.2580522000789642,0
TCGA_to_GEO,GSE13067,GSM327316,target_cohort_adaptive_zscore,xgboost,0,0.0967337638139724,0.2580522000789642,0
TCGA_to_GEO,GSE13067,GSM327317,target_cohort_adaptive_zscore,xgboost,0,0.0287998747080564,0.2580522000789642,0
TCGA_to_GEO,GSE13067,GSM327318,target_cohort_adaptive_zscore,xgboost,0,0.0266447588801383,0.2580522000789642,0
TCGA_to_GEO,GSE13067,GSM327319,target_cohort_adaptive_zscore,xgboost,0,0.0183330178260803,0.2580522000789642,0
TCGA_to_GEO,GSE13067,GSM327320,target_cohort_adaptive_zscore,xgboost,0,0.0132071767002344,0.2580522000789642,0
TCGA_to_GEO,GSE13067,GSM327321,target_cohort_adaptive_zscore,xgboost,0,0.0189858004450798,0.2580522000789642,0
TCGA_to_GEO,GSE13067,GSM327322,target_cohort_adaptive_zscore,xgboost,0,0.128835380077362,0.2580522000789642,0
TCGA_to_GEO,GSE13067,GSM327323,target_cohort_adaptive_zscore,xgboost,0,0.0133781256154179,0.2580522000789642,0
TCGA_to_GEO,GSE13067,GSM327324,target_cohort_adaptive_zscore,xgboost,1,0.5249898433685303,0.2580522000789642,1
TCGA_to_GEO,GSE13067,GSM327325,target_cohort_adaptive_zscore,xgboost,1,0.9510514736175536,0.2580522000789642,1
TCGA_to_GEO,GSE13067,GSM327326,target_cohort_adaptive_zscore,xgboost,0,0.0131078176200389,0.2580522000789642,0
TCGA_to_GEO,GSE13067,GSM327327,target_cohort_adaptive_zscore,xgboost,0,0.2233787924051284,0.2580522000789642,0
TCGA_to_GEO,GSE13067,GSM327328,target_cohort_adaptive_zscore,xgboost,0,0.0525787584483623,0.2580522000789642,0
TCGA_to_GEO,GSE13067,GSM327329,target_cohort_adaptive_zscore,xgboost,0,0.0435038171708583,0.2580522000789642,0
TCGA_to_GEO,GSE13067,GSM327330,target_cohort_adaptive_zscore,xgboost,0,0.0406018868088722,0.2580522000789642,0
TCGA_to_GEO,GSE13067,GSM327331,target_cohort_adaptive_zscore,xgboost,1,0.4372009634971618,0.2580522000789642,1
TCGA_to_GEO,GSE13067,GSM327332,target_cohort_adaptive_zscore,xgboost,0,0.0365770868957042,0.2580522000789642,0
TCGA_to_GEO,GSE13067,GSM327333,target_cohort_adaptive_zscore,xgboost,0,0.2046119719743728,0.2580522000789642,0
TCGA_to_GEO,GSE13067,GSM327334,target_cohort_adaptive_zscore,xgboost,0,0.2142040580511093,0.2580522000789642,0
TCGA_to_GEO,GSE13067,GSM327335,target_cohort_adaptive_zscore,xgboost,0,0.1165134906768798,0.2580522000789642,0
TCGA_to_GEO,GSE13067,GSM327336,target_cohort_adaptive_zscore,xgboost,0,0.0463554784655571,0.2580522000789642,0
TCGA_to_GEO,GSE13067,GSM327337,target_cohort_adaptive_zscore,xgboost,0,0.0135853439569473,0.2580522000789642,0
TCGA_to_GEO,GSE13067,GSM327338,target_cohort_adaptive_zscore,xgboost,0,0.0204450152814388,0.2580522000789642,0
TCGA_to_GEO,GSE13067,GSM327339,target_cohort_adaptive_zscore,xgboost,0,0.4655509889125824,0.2580522000789642,1
TCGA_to_GEO,GSE13067,GSM327340,target_cohort_adaptive_zscore,xgboost,0,0.0361655317246913,0.2580522000789642,0
TCGA_to_GEO,GSE13067,GSM327341,target_cohort_adaptive_zscore,xgboost,0,0.0320489071309566,0.2580522000789642,0
TCGA_to_GEO,GSE13067,GSM327342,target_cohort_adaptive_zscore,xgboost,0,0.0183395631611347,0.2580522000789642,0
TCGA_to_GEO,GSE13067,GSM327343,target_cohort_adaptive_zscore,xgboost,0,0.2747756242752075,0.2580522000789642,1
TCGA_to_GEO,GSE13067,GSM327344,target_cohort_adaptive_zscore,xgboost,0,0.0134746562689542,0.2580522000789642,0
TCGA_to_GEO,GSE13067,GSM327345,target_cohort_adaptive_zscore,xgboost,0,0.440298855304718,0.2580522000789642,1
TCGA_to_GEO,GSE13067,GSM327346,target_cohort_adaptive_zscore,xgboost,0,0.1009474769234657,0.2580522000789642,0
TCGA_to_GEO,GSE13067,GSM327347,target_cohort_adaptive_zscore,xgboost,0,0.0566108636558055,0.2580522000789642,0
TCGA_to_GEO,GSE13067,GSM327348,target_cohort_adaptive_zscore,xgboost,0,0.0561440736055374,0.2580522000789642,0
TCGA_to_GEO,GSE13067,GSM327349,target_cohort_adaptive_zscore,xgboost,0,0.0254745446145534,0.2580522000789642,0
TCGA_to_GEO,GSE13067,GSM327350,target_cohort_adaptive_zscore,xgboost,0,0.0461544506251812,0.2580522000789642,0
TCGA_to_GEO,GSE13067,GSM327351,target_cohort_adaptive_zscore,xgboost,0,0.1251977235078811,0.2580522000789642,0
TCGA_to_GEO,GSE13067,GSM327352,target_cohort_adaptive_zscore,xgboost,1,0.8851286768913269,0.2580522000789642,1
TCGA_to_GEO,GSE13067,GSM327353,target_cohort_adaptive_zscore,xgboost,1,0.8522791862487793,0.2580522000789642,1
TCGA_to_GEO,GSE13067,GSM327354,target_cohort_adaptive_zscore,xgboost,0,0.0441782660782337,0.2580522000789642,0
TCGA_to_GEO,GSE13067,GSM327355,target_cohort_adaptive_zscore,xgboost,0,0.0607109814882278,0.2580522000789642,0
TCGA_to_GEO,GSE18088,GSM452148,target_cohort_adaptive_zscore,xgboost,1,0.2729830741882324,0.2580522000789642,1
TCGA_to_GEO,GSE18088,GSM452149,target_cohort_adaptive_zscore,xgboost,0,0.015604194253683,0.2580522000789642,0
TCGA_to_GEO,GSE18088,GSM452150,target_cohort_adaptive_zscore,xgboost,0,0.0178562141954898,0.2580522000789642,0
TCGA_to_GEO,GSE18088,GSM452151,target_cohort_adaptive_zscore,xgboost,0,0.0779758244752883,0.2580522000789642,0
TCGA_to_GEO,GSE18088,GSM452152,target_cohort_adaptive_zscore,xgboost,0,0.0357611291110515,0.2580522000789642,0
TCGA_to_GEO,GSE18088,GSM452153,target_cohort_adaptive_zscore,xgboost,1,0.7316140532493591,0.2580522000789642,1
TCGA_to_GEO,GSE18088,GSM452154,target_cohort_adaptive_zscore,xgboost,0,0.020673219114542,0.2580522000789642,0
TCGA_to_GEO,GSE18088,GSM452155,target_cohort_adaptive_zscore,xgboost,0,0.0295178685337305,0.2580522000789642,0
TCGA_to_GEO,GSE18088,GSM452156,target_cohort_adaptive_zscore,xgboost,0,0.0222473703324794,0.2580522000789642,0
TCGA_to_GEO,GSE18088,GSM452157,target_cohort_adaptive_zscore,xgboost,1,0.9662684202194214,0.2580522000789642,1
TCGA_to_GEO,GSE18088,GSM452158,target_cohort_adaptive_zscore,xgboost,0,0.0183070823550224,0.2580522000789642,0
TCGA_to_GEO,GSE18088,GSM452159,target_cohort_adaptive_zscore,xgboost,1,0.9200406074523926,0.2580522000789642,1
TCGA_to_GEO,GSE18088,GSM452160,target_cohort_adaptive_zscore,xgboost,0,0.012859939597547,0.2580522000789642,0
TCGA_to_GEO,GSE18088,GSM452161,target_cohort_adaptive_zscore,xgboost,0,0.0108861168846488,0.2580522000789642,0
TCGA_to_GEO,GSE18088,GSM452162,target_cohort_adaptive_zscore,xgboost,0,0.2250270247459411,0.2580522000789642,0
TCGA_to_GEO,GSE18088,GSM452163,target_cohort_adaptive_zscore,xgboost,1,0.9217674136161804,0.2580522000789642,1
TCGA_to_GEO,GSE18088,GSM452164,target_cohort_adaptive_zscore,xgboost,0,0.0171741414815187,0.2580522000789642,0
TCGA_to_GEO,GSE18088,GSM452165,target_cohort_adaptive_zscore,xgboost,0,0.0191940553486347,0.2580522000789642,0
TCGA_to_GEO,GSE18088,GSM452166,target_cohort_adaptive_zscore,xgboost,0,0.012671367265284,0.2580522000789642,0
TCGA_to_GEO,GSE18088,GSM452167,target_cohort_adaptive_zscore,xgboost,0,0.0115785310044884,0.2580522000789642,0
TCGA_to_GEO,GSE18088,GSM452168,target_cohort_adaptive_zscore,xgboost,1,0.7182209491729736,0.2580522000789642,1
TCGA_to_GEO,GSE18088,GSM452169,target_cohort_adaptive_zscore,xgboost,1,0.8985375165939331,0.2580522000789642,1
TCGA_to_GEO,GSE18088,GSM452170,target_cohort_adaptive_zscore,xgboost,0,0.0359482057392597,0.2580522000789642,0
TCGA_to_GEO,GSE18088,GSM452171,target_cohort_adaptive_zscore,xgboost,0,0.0156489145010709,0.2580522000789642,0
TCGA_to_GEO,GSE18088,GSM452172,target_cohort_adaptive_zscore,xgboost,0,0.1183360815048217,0.2580522000789642,0
TCGA_to_GEO,GSE18088,GSM452173,target_cohort_adaptive_zscore,xgboost,1,0.6151137948036194,0.2580522000789642,1
TCGA_to_GEO,GSE18088,GSM452174,target_cohort_adaptive_zscore,xgboost,1,0.922035276889801,0.2580522000789642,1
TCGA_to_GEO,GSE18088,GSM452175,target_cohort_adaptive_zscore,xgboost,1,0.4497491717338562,0.2580522000789642,1
TCGA_to_GEO,GSE18088,GSM452176,target_cohort_adaptive_zscore,xgboost,0,0.0147042907774448,0.2580522000789642,0
TCGA_to_GEO,GSE18088,GSM452177,target_cohort_adaptive_zscore,xgboost,0,0.0147596867755055,0.2580522000789642,0
TCGA_to_GEO,GSE18088,GSM452178,target_cohort_adaptive_zscore,xgboost,0,0.0194231364876031,0.2580522000789642,0
TCGA_to_GEO,GSE18088,GSM452179,target_cohort_adaptive_zscore,xgboost,1,0.9250879883766174,0.2580522000789642,1
TCGA_to_GEO,GSE18088,GSM452180,target_cohort_adaptive_zscore,xgboost,1,0.8397980332374573,0.2580522000789642,1
TCGA_to_GEO,GSE18088,GSM452181,target_cohort_adaptive_zscore,xgboost,0,0.0130472891032695,0.2580522000789642,0
TCGA_to_GEO,GSE18088,GSM452182,target_cohort_adaptive_zscore,xgboost,1,0.7137723565101624,0.2580522000789642,1
TCGA_to_GEO,GSE18088,GSM452183,target_cohort_adaptive_zscore,xgboost,1,0.68264240026474,0.2580522000789642,1
TCGA_to_GEO,GSE18088,GSM452184,target_cohort_adaptive_zscore,xgboost,1,0.5631795525550842,0.2580522000789642,1
TCGA_to_GEO,GSE18088,GSM452185,target_cohort_adaptive_zscore,xgboost,0,0.0343501307070255,0.2580522000789642,0
TCGA_to_GEO,GSE18088,GSM452186,target_cohort_adaptive_zscore,xgboost,0,0.0276362486183643,0.2580522000789642,0
TCGA_to_GEO,GSE18088,GSM452187,target_cohort_adaptive_zscore,xgboost,0,0.0107319625094532,0.2580522000789642,0
TCGA_to_GEO,GSE18088,GSM452188,target_cohort_adaptive_zscore,xgboost,1,0.6017155647277832,0.2580522000789642,1
TCGA_to_GEO,GSE18088,GSM452189,target_cohort_adaptive_zscore,xgboost,1,0.8522355556488037,0.2580522000789642,1
TCGA_to_GEO,GSE18088,GSM452190,target_cohort_adaptive_zscore,xgboost,0,0.4230140149593353,0.2580522000789642,1
TCGA_to_GEO,GSE18088,GSM452191,target_cohort_adaptive_zscore,xgboost,0,0.086652010679245,0.2580522000789642,0
TCGA_to_GEO,GSE18088,GSM452192,target_cohort_adaptive_zscore,xgboost,0,0.0123050166293978,0.2580522000789642,0
TCGA_to_GEO,GSE18088,GSM452193,target_cohort_adaptive_zscore,xgboost,0,0.0321100130677223,0.2580522000789642,0
TCGA_to_GEO,GSE18088,GSM452194,target_cohort_adaptive_zscore,xgboost,0,0.0232093855738639,0.2580522000789642,0
TCGA_to_GEO,GSE18088,GSM452195,target_cohort_adaptive_zscore,xgboost,0,0.0172981731593608,0.2580522000789642,0
TCGA_to_GEO,GSE18088,GSM452196,target_cohort_adaptive_zscore,xgboost,0,0.0310298483818769,0.2580522000789642,0
TCGA_to_GEO,GSE18088,GSM452197,target_cohort_adaptive_zscore,xgboost,1,0.5067299604415894,0.2580522000789642,1
TCGA_to_GEO,GSE18088,GSM452198,target_cohort_adaptive_zscore,xgboost,0,0.0244972985237836,0.2580522000789642,0
TCGA_to_GEO,GSE18088,GSM452199,target_cohort_adaptive_zscore,xgboost,0,0.0268375482410192,0.2580522000789642,0
TCGA_to_GEO,GSE18088,GSM452200,target_cohort_adaptive_zscore,xgboost,1,0.0182847492396831,0.2580522000789642,0
TCGA_to_GEO,GSE26682,GSM656542,target_cohort_adaptive_zscore,xgboost,0,0.0322180353105068,0.2580522000789642,0
TCGA_to_GEO,GSE26682,GSM656543,target_cohort_adaptive_zscore,xgboost,0,0.0211968347430229,0.2580522000789642,0
TCGA_to_GEO,GSE26682,GSM656545,target_cohort_adaptive_zscore,xgboost,1,0.845941424369812,0.2580522000789642,1
TCGA_to_GEO,GSE26682,GSM656546,target_cohort_adaptive_zscore,xgboost,0,0.0888174399733543,0.2580522000789642,0
TCGA_to_GEO,GSE26682,GSM656548,target_cohort_adaptive_zscore,xgboost,0,0.0122623899951577,0.2580522000789642,0
TCGA_to_GEO,GSE26682,GSM656550,target_cohort_adaptive_zscore,xgboost,0,0.0980590358376503,0.2580522000789642,0
TCGA_to_GEO,GSE26682,GSM656552,target_cohort_adaptive_zscore,xgboost,0,0.0228238049894571,0.2580522000789642,0
TCGA_to_GEO,GSE26682,GSM656553,target_cohort_adaptive_zscore,xgboost,0,0.0331374406814575,0.2580522000789642,0
TCGA_to_GEO,GSE26682,GSM656555,target_cohort_adaptive_zscore,xgboost,0,0.0422091074287891,0.2580522000789642,0
TCGA_to_GEO,GSE26682,GSM656556,target_cohort_adaptive_zscore,xgboost,0,0.1399139463901519,0.2580522000789642,0
TCGA_to_GEO,GSE26682,GSM656557,target_cohort_adaptive_zscore,xgboost,0,0.3139394223690033,0.2580522000789642,1
TCGA_to_GEO,GSE26682,GSM656558,target_cohort_adaptive_zscore,xgboost,0,0.0305470041930675,0.2580522000789642,0
TCGA_to_GEO,GSE26682,GSM656559,target_cohort_adaptive_zscore,xgboost,1,0.8097614049911499,0.2580522000789642,1
TCGA_to_GEO,GSE26682,GSM656560,target_cohort_adaptive_zscore,xgboost,0,0.0223526954650878,0.2580522000789642,0
TCGA_to_GEO,GSE26682,GSM656561,target_cohort_adaptive_zscore,xgboost,0,0.0408173389732837,0.2580522000789642,0
TCGA_to_GEO,GSE26682,GSM656567,target_cohort_adaptive_zscore,xgboost,0,0.0416815094649791,0.2580522000789642,0
TCGA_to_GEO,GSE26682,GSM656568,target_cohort_adaptive_zscore,xgboost,0,0.0575352683663368,0.2580522000789642,0
TCGA_to_GEO,GSE26682,GSM656569,target_cohort_adaptive_zscore,xgboost,0,0.0276413168758153,0.2580522000789642,0
TCGA_to_GEO,GSE26682,GSM656570,target_cohort_adaptive_zscore,xgboost,0,0.047830119729042,0.2580522000789642,0
TCGA_to_GEO,GSE26682,GSM656574,target_cohort_adaptive_zscore,xgboost,0,0.0173479169607162,0.2580522000789642,0
TCGA_to_GEO,GSE26682,GSM656580,target_cohort_adaptive_zscore,xgboost,0,0.0198140610009431,0.2580522000789642,0
TCGA_to_GEO,GSE26682,GSM656582,target_cohort_adaptive_zscore,xgboost,0,0.0194291155785322,0.2580522000789642,0
TCGA_to_GEO,GSE26682,GSM656583,target_cohort_adaptive_zscore,xgboost,1,0.5941379070281982,0.2580522000789642,1
TCGA_to_GEO,GSE26682,GSM656584,target_cohort_adaptive_zscore,xgboost,0,0.0604891218245029,0.2580522000789642,0
TCGA_to_GEO,GSE26682,GSM656585,target_cohort_adaptive_zscore,xgboost,0,0.1886646896600723,0.2580522000789642,0
TCGA_to_GEO,GSE26682,GSM656586,target_cohort_adaptive_zscore,xgboost,0,0.4835197925567627,0.2580522000789642,1
TCGA_to_GEO,GSE26682,GSM656587,target_cohort_adaptive_zscore,xgboost,0,0.3183865845203399,0.2580522000789642,1
TCGA_to_GEO,GSE26682,GSM656590,target_cohort_adaptive_zscore,xgboost,1,0.6728562712669373,0.2580522000789642,1
TCGA_to_GEO,GSE26682,GSM656592,target_cohort_adaptive_zscore,xgboost,0,0.0190775003284215,0.2580522000789642,0
TCGA_to_GEO,GSE26682,GSM656596,target_cohort_adaptive_zscore,xgboost,0,0.0429514944553375,0.2580522000789642,0
TCGA_to_GEO,GSE26682,GSM656598,target_cohort_adaptive_zscore,xgboost,0,0.0337276235222816,0.2580522000789642,0
TCGA_to_GEO,GSE26682,GSM656601,target_cohort_adaptive_zscore,xgboost,0,0.0172748286277055,0.2580522000789642,0
TCGA_to_GEO,GSE26682,GSM656603,target_cohort_adaptive_zscore,xgboost,1,0.9564444422721864,0.2580522000789642,1
TCGA_to_GEO,GSE26682,GSM656612,target_cohort_adaptive_zscore,xgboost,1,0.8808003664016724,0.2580522000789642,1
TCGA_to_GEO,GSE26682,GSM656613,target_cohort_adaptive_zscore,xgboost,0,0.1906640976667404,0.2580522000789642,0
TCGA_to_GEO,GSE26682,GSM656617,target_cohort_adaptive_zscore,xgboost,0,0.0612459369003772,0.2580522000789642,0
TCGA_to_GEO,GSE26682,GSM656618,target_cohort_adaptive_zscore,xgboost,0,0.0102493809536099,0.2580522000789642,0
TCGA_to_GEO,GSE26682,GSM656625,target_cohort_adaptive_zscore,xgboost,0,0.099289059638977,0.2580522000789642,0
TCGA_to_GEO,GSE26682,GSM656634,target_cohort_adaptive_zscore,xgboost,0,0.4673046469688415,0.2580522000789642,1
TCGA_to_GEO,GSE26682,GSM656635,target_cohort_adaptive_zscore,xgboost,0,0.1588237136602401,0.2580522000789642,0
TCGA_to_GEO,GSE26682,GSM656636,target_cohort_adaptive_zscore,xgboost,0,0.0254868175834417,0.2580522000789642,0
TCGA_to_GEO,GSE26682,GSM656639,target_cohort_adaptive_zscore,xgboost,0,0.0422731526196002,0.2580522000789642,0
TCGA_to_GEO,GSE26682,GSM656640,target_cohort_adaptive_zscore,xgboost,0,0.0282047837972641,0.2580522000789642,0
TCGA_to_GEO,GSE26682,GSM656642,target_cohort_adaptive_zscore,xgboost,0,0.0698761120438575,0.2580522000789642,0
TCGA_to_GEO,GSE26682,GSM656644,target_cohort_adaptive_zscore,xgboost,0,0.0277662053704261,0.2580522000789642,0
TCGA_to_GEO,GSE26682,GSM656657,target_cohort_adaptive_zscore,xgboost,0,0.1323269009590149,0.2580522000789642,0
TCGA_to_GEO,GSE26682,GSM656662,target_cohort_adaptive_zscore,xgboost,0,0.0291033331304788,0.2580522000789642,0
TCGA_to_GEO,GSE26682,GSM656663,target_cohort_adaptive_zscore,xgboost,0,0.0555173307657241,0.2580522000789642,0
TCGA_to_GEO,GSE26682,GSM656669,target_cohort_adaptive_zscore,xgboost,1,0.7011542320251465,0.2580522000789642,1
TCGA_to_GEO,GSE26682,GSM656672,target_cohort_adaptive_zscore,xgboost,0,0.0646837428212165,0.2580522000789642,0
TCGA_to_GEO,GSE26682,GSM656675,target_cohort_adaptive_zscore,xgboost,0,0.0922521501779556,0.2580522000789642,0
TCGA_to_GEO,GSE26682,GSM656676,target_cohort_adaptive_zscore,xgboost,0,0.0324820205569267,0.2580522000789642,0
TCGA_to_GEO,GSE26682,GSM656678,target_cohort_adaptive_zscore,xgboost,0,0.0708190575242042,0.2580522000789642,0
TCGA_to_GEO,GSE26682,GSM656679,target_cohort_adaptive_zscore,xgboost,1,0.9747908115386964,0.2580522000789642,1
TCGA_to_GEO,GSE26682,GSM656683,target_cohort_adaptive_zscore,xgboost,0,0.0282949712127447,0.2580522000789642,0
TCGA_to_GEO,GSE26682,GSM656687,target_cohort_adaptive_zscore,xgboost,0,0.1565338671207428,0.2580522000789642,0
TCGA_to_GEO,GSE26682,GSM656691,target_cohort_adaptive_zscore,xgboost,0,0.139842227101326,0.2580522000789642,0
TCGA_to_GEO,GSE26682,GSM656692,target_cohort_adaptive_zscore,xgboost,0,0.5555955171585083,0.2580522000789642,1
TCGA_to_GEO,GSE26682,GSM656693,target_cohort_adaptive_zscore,xgboost,0,0.0926276072859764,0.2580522000789642,0
TCGA_to_GEO,GSE26682,GSM656695,target_cohort_adaptive_zscore,xgboost,0,0.0213458705693483,0.2580522000789642,0
TCGA_to_GEO,GSE26682,GSM656698,target_cohort_adaptive_zscore,xgboost,0,0.0316557697951793,0.2580522000789642,0
TCGA_to_GEO,GSE26682,GSM656699,target_cohort_adaptive_zscore,xgboost,0,0.0317693799734115,0.2580522000789642,0
TCGA_to_GEO,GSE26682,GSM656700,target_cohort_adaptive_zscore,xgboost,0,0.0558493249118328,0.2580522000789642,0
TCGA_to_GEO,GSE26682,GSM656701,target_cohort_adaptive_zscore,xgboost,0,0.1287733763456344,0.2580522000789642,0
TCGA_to_GEO,GSE26682,GSM656702,target_cohort_adaptive_zscore,xgboost,0,0.0399474985897541,0.2580522000789642,0
TCGA_to_GEO,GSE26682,GSM656703,target_cohort_adaptive_zscore,xgboost,0,0.055186927318573,0.2580522000789642,0
TCGA_to_GEO,GSE26682,GSM656704,target_cohort_adaptive_zscore,xgboost,0,0.0228546671569347,0.2580522000789642,0
TCGA_to_GEO,GSE26682,GSM656705,target_cohort_adaptive_zscore,xgboost,0,0.6868669986724854,0.2580522000789642,1
TCGA_to_GEO,GSE26682,GSM656707,target_cohort_adaptive_zscore,xgboost,0,0.1574853658676147,0.2580522000789642,0
TCGA_to_GEO,GSE26682,GSM656710,target_cohort_adaptive_zscore,xgboost,0,0.0904208421707153,0.2580522000789642,0
TCGA_to_GEO,GSE26682,GSM656711,target_cohort_adaptive_zscore,xgboost,0,0.2157644629478454,0.2580522000789642,0
TCGA_to_GEO,GSE26682,GSM656714,target_cohort_adaptive_zscore,xgboost,0,0.0199422650039196,0.2580522000789642,0
TCGA_to_GEO,GSE26682,GSM656715,target_cohort_adaptive_zscore,xgboost,0,0.4689680635929107,0.2580522000789642,1
TCGA_to_GEO,GSE26682,GSM656720,target_cohort_adaptive_zscore,xgboost,0,0.0133288847282528,0.2580522000789642,0
TCGA_to_GEO,GSE26682,GSM656721,target_cohort_adaptive_zscore,xgboost,0,0.0230682138353586,0.2580522000789642,0
TCGA_to_GEO,GSE26682,GSM656726,target_cohort_adaptive_zscore,xgboost,0,0.1734679043292999,0.2580522000789642,0
TCGA_to_GEO,GSE26682,GSM656732,target_cohort_adaptive_zscore,xgboost,0,0.0147417122498154,0.2580522000789642,0
TCGA_to_GEO,GSE26682,GSM656735,target_cohort_adaptive_zscore,xgboost,0,0.0195748191326856,0.2580522000789642,0
TCGA_to_GEO,GSE26682,GSM656736,target_cohort_adaptive_zscore,xgboost,1,0.6107547879219055,0.2580522000789642,1
TCGA_to_GEO,GSE26682,GSM656737,target_cohort_adaptive_zscore,xgboost,0,0.1097817197442054,0.2580522000789642,0
TCGA_to_GEO,GSE26682,GSM656739,target_cohort_adaptive_zscore,xgboost,0,0.1098176687955856,0.2580522000789642,0
TCGA_to_GEO,GSE26682,GSM656742,target_cohort_adaptive_zscore,xgboost,0,0.0454786904156208,0.2580522000789642,0
TCGA_to_GEO,GSE26682,GSM656749,target_cohort_adaptive_zscore,xgboost,0,0.020960995927453,0.2580522000789642,0
TCGA_to_GEO,GSE26682,GSM656768,target_cohort_adaptive_zscore,xgboost,0,0.0215837676078081,0.2580522000789642,0
TCGA_to_GEO,GSE26682,GSM656769,target_cohort_adaptive_zscore,xgboost,0,0.0199587065726518,0.2580522000789642,0
TCGA_to_GEO,GSE26682,GSM656770,target_cohort_adaptive_zscore,xgboost,0,0.0578877590596675,0.2580522000789642,0
TCGA_to_GEO,GSE26682,GSM656772,target_cohort_adaptive_zscore,xgboost,0,0.0217810850590467,0.2580522000789642,0
TCGA_to_GEO,GSE26682,GSM656775,target_cohort_adaptive_zscore,xgboost,0,0.0326037369668483,0.2580522000789642,0
TCGA_to_GEO,GSE26682,GSM656776,target_cohort_adaptive_zscore,xgboost,0,0.1003224700689315,0.2580522000789642,0
TCGA_to_GEO,GSE26682,GSM656777,target_cohort_adaptive_zscore,xgboost,0,0.1040968522429466,0.2580522000789642,0
TCGA_to_GEO,GSE26682,GSM656783,target_cohort_adaptive_zscore,xgboost,0,0.026701096445322,0.2580522000789642,0
TCGA_to_GEO,GSE26682,GSM656785,target_cohort_adaptive_zscore,xgboost,0,0.0764646232128143,0.2580522000789642,0
TCGA_to_GEO,GSE26682,GSM656787,target_cohort_adaptive_zscore,xgboost,0,0.8118600249290466,0.2580522000789642,1
TCGA_to_GEO,GSE26682,GSM656794,target_cohort_adaptive_zscore,xgboost,0,0.0259449239820241,0.2580522000789642,0
TCGA_to_GEO,GSE26682,GSM656800,target_cohort_adaptive_zscore,xgboost,0,0.0574753358960151,0.2580522000789642,0
TCGA_to_GEO,GSE26682,GSM656803,target_cohort_adaptive_zscore,xgboost,0,0.0270784217864274,0.2580522000789642,0
TCGA_to_GEO,GSE26682,GSM656804,target_cohort_adaptive_zscore,xgboost,0,0.0215973202139139,0.2580522000789642,0
TCGA_to_GEO,GSE26682,GSM656806,target_cohort_adaptive_zscore,xgboost,0,0.0325926914811134,0.2580522000789642,0
TCGA_to_GEO,GSE26682,GSM656809,target_cohort_adaptive_zscore,xgboost,0,0.0159875210374593,0.2580522000789642,0
TCGA_to_GEO,GSE26682,GSM656811,target_cohort_adaptive_zscore,xgboost,0,0.1423205882310867,0.2580522000789642,0
TCGA_to_GEO,GSE26682,GSM656816,target_cohort_adaptive_zscore,xgboost,0,0.2765564918518066,0.2580522000789642,1
TCGA_to_GEO,GSE26682,GSM656819,target_cohort_adaptive_zscore,xgboost,0,0.0149940997362136,0.2580522000789642,0
TCGA_to_GEO,GSE26682,GSM656820,target_cohort_adaptive_zscore,xgboost,1,0.9475144743919371,0.2580522000789642,1
TCGA_to_GEO,GSE26682,GSM656822,target_cohort_adaptive_zscore,xgboost,0,0.4935120940208435,0.2580522000789642,1
TCGA_to_GEO,GSE26682,GSM656824,target_cohort_adaptive_zscore,xgboost,0,0.0394309498369693,0.2580522000789642,0
TCGA_to_GEO,GSE26682,GSM656825,target_cohort_adaptive_zscore,xgboost,0,0.0488705076277256,0.2580522000789642,0
TCGA_to_GEO,GSE26682,GSM656830,target_cohort_adaptive_zscore,xgboost,0,0.0150346755981445,0.2580522000789642,0
TCGA_to_GEO,GSE26682,GSM656831,target_cohort_adaptive_zscore,xgboost,0,0.0623661316931247,0.2580522000789642,0
TCGA_to_GEO,GSE26682,GSM656832,target_cohort_adaptive_zscore,xgboost,0,0.012028875760734,0.2580522000789642,0
TCGA_to_GEO,GSE26682,GSM656833,target_cohort_adaptive_zscore,xgboost,0,0.1389835178852081,0.2580522000789642,0
TCGA_to_GEO,GSE26682,GSM656834,target_cohort_adaptive_zscore,xgboost,0,0.0380020253360271,0.2580522000789642,0
TCGA_to_GEO,GSE26682,GSM656836,target_cohort_adaptive_zscore,xgboost,0,0.0398796983063221,0.2580522000789642,0
TCGA_to_GEO,GSE26682,GSM656837,target_cohort_adaptive_zscore,xgboost,1,0.8810291290283203,0.2580522000789642,1
TCGA_to_GEO,GSE26682,GSM656840,target_cohort_adaptive_zscore,xgboost,0,0.0258195213973522,0.2580522000789642,0
TCGA_to_GEO,GSE26682,GSM656841,target_cohort_adaptive_zscore,xgboost,0,0.534837007522583,0.2580522000789642,1
TCGA_to_GEO,GSE26682,GSM656842,target_cohort_adaptive_zscore,xgboost,1,0.7799103260040283,0.2580522000789642,1
TCGA_to_GEO,GSE26682,GSM656843,target_cohort_adaptive_zscore,xgboost,0,0.014127979055047,0.2580522000789642,0
TCGA_to_GEO,GSE26682,GSM656845,target_cohort_adaptive_zscore,xgboost,0,0.2344942092895507,0.2580522000789642,0
TCGA_to_GEO,GSE26682,GSM656846,target_cohort_adaptive_zscore,xgboost,0,0.0392841100692749,0.2580522000789642,0
TCGA_to_GEO,GSE26682,GSM656847,target_cohort_adaptive_zscore,xgboost,0,0.1380884051322937,0.2580522000789642,0
TCGA_to_GEO,GSE26682,GSM656849,target_cohort_adaptive_zscore,xgboost,1,0.947236716747284,0.2580522000789642,1
TCGA_to_GEO,GSE26682,GSM656850,target_cohort_adaptive_zscore,xgboost,1,0.090060718357563,0.2580522000789642,0
TCGA_to_GEO,GSE26682,GSM656851,target_cohort_adaptive_zscore,xgboost,1,0.9079959988594056,0.2580522000789642,1
TCGA_to_GEO,GSE26682,GSM656853,target_cohort_adaptive_zscore,xgboost,0,0.0180495399981737,0.2580522000789642,0
TCGA_to_GEO,GSE26682,GSM656854,target_cohort_adaptive_zscore,xgboost,1,0.9362818598747252,0.2580522000789642,1
TCGA_to_GEO,GSE26682,GSM656857,target_cohort_adaptive_zscore,xgboost,0,0.0796931758522987,0.2580522000789642,0
TCGA_to_GEO,GSE26682,GSM656858,target_cohort_adaptive_zscore,xgboost,0,0.0398249141871929,0.2580522000789642,0
TCGA_to_GEO,GSE26682,GSM656859,target_cohort_adaptive_zscore,xgboost,0,0.3626660406589508,0.2580522000789642,1
TCGA_to_GEO,GSE26682,GSM656860,target_cohort_adaptive_zscore,xgboost,0,0.1175345480442047,0.2580522000789642,0
TCGA_to_GEO,GSE26682,GSM656861,target_cohort_adaptive_zscore,xgboost,0,0.028759840875864,0.2580522000789642,0
TCGA_to_GEO,GSE26682,GSM656863,target_cohort_adaptive_zscore,xgboost,0,0.0291664153337478,0.2580522000789642,0
TCGA_to_GEO,GSE26682,GSM656864,target_cohort_adaptive_zscore,xgboost,1,0.8701511025428772,0.2580522000789642,1
TCGA_to_GEO,GSE26682,GSM656865,target_cohort_adaptive_zscore,xgboost,1,0.2277194559574127,0.2580522000789642,0
TCGA_to_GEO,GSE26682,GSM656867,target_cohort_adaptive_zscore,xgboost,0,0.436601310968399,0.2580522000789642,1
TCGA_to_GEO,GSE26682,GSM656868,target_cohort_adaptive_zscore,xgboost,0,0.2031413465738296,0.2580522000789642,0
TCGA_to_GEO,GSE26682,GSM656869,target_cohort_adaptive_zscore,xgboost,0,0.021628001704812,0.2580522000789642,0
TCGA_to_GEO,GSE26682,GSM656870,target_cohort_adaptive_zscore,xgboost,0,0.0358863957226276,0.2580522000789642,0
TCGA_to_GEO,GSE39084,GSM955440,target_cohort_adaptive_zscore,xgboost,0,0.1168967485427856,0.2580522000789642,0
TCGA_to_GEO,GSE39084,GSM955441,target_cohort_adaptive_zscore,xgboost,0,0.0131337428465485,0.2580522000789642,0
TCGA_to_GEO,GSE39084,GSM955442,target_cohort_adaptive_zscore,xgboost,0,0.1852809488773346,0.2580522000789642,0
TCGA_to_GEO,GSE39084,GSM955443,target_cohort_adaptive_zscore,xgboost,0,0.0222764834761619,0.2580522000789642,0
TCGA_to_GEO,GSE39084,GSM955444,target_cohort_adaptive_zscore,xgboost,0,0.1218811422586441,0.2580522000789642,0
TCGA_to_GEO,GSE39084,GSM955445,target_cohort_adaptive_zscore,xgboost,0,0.0115501545369625,0.2580522000789642,0
TCGA_to_GEO,GSE39084,GSM955446,target_cohort_adaptive_zscore,xgboost,0,0.0426129288971424,0.2580522000789642,0
TCGA_to_GEO,GSE39084,GSM955447,target_cohort_adaptive_zscore,xgboost,1,0.5892505049705505,0.2580522000789642,1
TCGA_to_GEO,GSE39084,GSM955448,target_cohort_adaptive_zscore,xgboost,1,0.9481765627861024,0.2580522000789642,1
TCGA_to_GEO,GSE39084,GSM955449,target_cohort_adaptive_zscore,xgboost,0,0.0175731368362903,0.2580522000789642,0
TCGA_to_GEO,GSE39084,GSM955450,target_cohort_adaptive_zscore,xgboost,0,0.0099598821252584,0.2580522000789642,0
TCGA_to_GEO,GSE39084,GSM955451,target_cohort_adaptive_zscore,xgboost,0,0.0103957876563072,0.2580522000789642,0
TCGA_to_GEO,GSE39084,GSM955452,target_cohort_adaptive_zscore,xgboost,0,0.0122678717598319,0.2580522000789642,0
TCGA_to_GEO,GSE39084,GSM955453,target_cohort_adaptive_zscore,xgboost,0,0.0124015845358371,0.2580522000789642,0
TCGA_to_GEO,GSE39084,GSM955455,target_cohort_adaptive_zscore,xgboost,0,0.5416378378868103,0.2580522000789642,1
TCGA_to_GEO,GSE39084,GSM955456,target_cohort_adaptive_zscore,xgboost,0,0.0100050941109657,0.2580522000789642,0
TCGA_to_GEO,GSE39084,GSM955457,target_cohort_adaptive_zscore,xgboost,0,0.0997563675045967,0.2580522000789642,0
TCGA_to_GEO,GSE39084,GSM955458,target_cohort_adaptive_zscore,xgboost,1,0.1579766720533371,0.2580522000789642,0
TCGA_to_GEO,GSE39084,GSM955459,target_cohort_adaptive_zscore,xgboost,1,0.8270062208175659,0.2580522000789642,1
TCGA_to_GEO,GSE39084,GSM955460,target_cohort_adaptive_zscore,xgboost,1,0.6833473443984985,0.2580522000789642,1
TCGA_to_GEO,GSE39084,GSM955461,target_cohort_adaptive_zscore,xgboost,1,0.0512376837432384,0.2580522000789642,0
TCGA_to_GEO,GSE39084,GSM955462,target_cohort_adaptive_zscore,xgboost,0,0.4147034585475921,0.2580522000789642,1
TCGA_to_GEO,GSE39084,GSM955463,target_cohort_adaptive_zscore,xgboost,0,0.0439333878457546,0.2580522000789642,0
TCGA_to_GEO,GSE39084,GSM955464,target_cohort_adaptive_zscore,xgboost,0,0.0366225652396678,0.2580522000789642,0
TCGA_to_GEO,GSE39084,GSM955466,target_cohort_adaptive_zscore,xgboost,1,0.3525208532810211,0.2580522000789642,1
TCGA_to_GEO,GSE39084,GSM955467,target_cohort_adaptive_zscore,xgboost,1,0.4211545288562774,0.2580522000789642,1
TCGA_to_GEO,GSE39084,GSM955468,target_cohort_adaptive_zscore,xgboost,1,0.9611554145812988,0.2580522000789642,1
TCGA_to_GEO,GSE39084,GSM955469,target_cohort_adaptive_zscore,xgboost,1,0.4395486712455749,0.2580522000789642,1
TCGA_to_GEO,GSE39084,GSM955470,target_cohort_adaptive_zscore,xgboost,1,0.9671041369438172,0.2580522000789642,1
TCGA_to_GEO,GSE39084,GSM955471,target_cohort_adaptive_zscore,xgboost,1,0.9001588225364685,0.2580522000789642,1
TCGA_to_GEO,GSE39084,GSM955472,target_cohort_adaptive_zscore,xgboost,1,0.5540513396263123,0.2580522000789642,1
TCGA_to_GEO,GSE39084,GSM955473,target_cohort_adaptive_zscore,xgboost,1,0.8335410356521606,0.2580522000789642,1
TCGA_to_GEO,GSE39084,GSM955474,target_cohort_adaptive_zscore,xgboost,0,0.0632403790950775,0.2580522000789642,0
TCGA_to_GEO,GSE39084,GSM955475,target_cohort_adaptive_zscore,xgboost,0,0.0421207398176193,0.2580522000789642,0
TCGA_to_GEO,GSE39084,GSM955476,target_cohort_adaptive_zscore,xgboost,0,0.0769766569137573,0.2580522000789642,0
TCGA_to_GEO,GSE39084,GSM955477,target_cohort_adaptive_zscore,xgboost,0,0.1311438679695129,0.2580522000789642,0
TCGA_to_GEO,GSE39084,GSM955478,target_cohort_adaptive_zscore,xgboost,0,0.0468922667205333,0.2580522000789642,0
TCGA_to_GEO,GSE39084,GSM955479,target_cohort_adaptive_zscore,xgboost,0,0.1384058594703674,0.2580522000789642,0
TCGA_to_GEO,GSE39084,GSM955480,target_cohort_adaptive_zscore,xgboost,0,0.029436619952321,0.2580522000789642,0
TCGA_to_GEO,GSE39084,GSM955482,target_cohort_adaptive_zscore,xgboost,0,0.0177646074444055,0.2580522000789642,0
TCGA_to_GEO,GSE39084,GSM955483,target_cohort_adaptive_zscore,xgboost,0,0.1258473545312881,0.2580522000789642,0
TCGA_to_GEO,GSE39084,GSM955484,target_cohort_adaptive_zscore,xgboost,0,0.0140854362398386,0.2580522000789642,0
TCGA_to_GEO,GSE39084,GSM955485,target_cohort_adaptive_zscore,xgboost,0,0.0690256804227829,0.2580522000789642,0
TCGA_to_GEO,GSE39084,GSM955486,target_cohort_adaptive_zscore,xgboost,0,0.0145860323682427,0.2580522000789642,0
TCGA_to_GEO,GSE39084,GSM955487,target_cohort_adaptive_zscore,xgboost,0,0.1839152872562408,0.2580522000789642,0
TCGA_to_GEO,GSE39084,GSM955488,target_cohort_adaptive_zscore,xgboost,0,0.501717209815979,0.2580522000789642,1
TCGA_to_GEO,GSE39084,GSM955489,target_cohort_adaptive_zscore,xgboost,0,0.033917136490345,0.2580522000789642,0
TCGA_to_GEO,GSE39084,GSM955490,target_cohort_adaptive_zscore,xgboost,0,0.0111669367179274,0.2580522000789642,0
TCGA_to_GEO,GSE39084,GSM955491,target_cohort_adaptive_zscore,xgboost,0,0.0124078821390867,0.2580522000789642,0
TCGA_to_GEO,GSE39084,GSM955492,target_cohort_adaptive_zscore,xgboost,0,0.0127118239179253,0.2580522000789642,0
TCGA_to_GEO,GSE39084,GSM955493,target_cohort_adaptive_zscore,xgboost,0,0.016525387763977,0.2580522000789642,0
TCGA_to_GEO,GSE39084,GSM955494,target_cohort_adaptive_zscore,xgboost,0,0.2753285765647888,0.2580522000789642,1
TCGA_to_GEO,GSE39084,GSM955495,target_cohort_adaptive_zscore,xgboost,0,0.0244216304272413,0.2580522000789642,0
TCGA_to_GEO,GSE39084,GSM955496,target_cohort_adaptive_zscore,xgboost,0,0.0137424245476722,0.2580522000789642,0
TCGA_to_GEO,GSE39084,GSM955497,target_cohort_adaptive_zscore,xgboost,0,0.0386740937829017,0.2580522000789642,0
TCGA_to_GEO,GSE39084,GSM955498,target_cohort_adaptive_zscore,xgboost,0,0.0475362800061702,0.2580522000789642,0
TCGA_to_GEO,GSE39084,GSM955499,target_cohort_adaptive_zscore,xgboost,0,0.0967933386564254,0.2580522000789642,0
TCGA_to_GEO,GSE39084,GSM955500,target_cohort_adaptive_zscore,xgboost,0,0.2100969403982162,0.2580522000789642,0
TCGA_to_GEO,GSE39084,GSM955501,target_cohort_adaptive_zscore,xgboost,0,0.0375391691923141,0.2580522000789642,0
TCGA_to_GEO,GSE39084,GSM955502,target_cohort_adaptive_zscore,xgboost,0,0.0547951720654964,0.2580522000789642,0
TCGA_to_GEO,GSE39084,GSM955503,target_cohort_adaptive_zscore,xgboost,0,0.0289751198142766,0.2580522000789642,0
TCGA_to_GEO,GSE39084,GSM955504,target_cohort_adaptive_zscore,xgboost,0,0.1405750960111618,0.2580522000789642,0
TCGA_to_GEO,GSE39084,GSM955505,target_cohort_adaptive_zscore,xgboost,0,0.0205741096287965,0.2580522000789642,0
TCGA_to_GEO,GSE39084,GSM955506,target_cohort_adaptive_zscore,xgboost,0,0.0162222497165203,0.2580522000789642,0
TCGA_to_GEO,GSE39084,GSM955507,target_cohort_adaptive_zscore,xgboost,0,0.0235313437879085,0.2580522000789642,0
TCGA_to_GEO,GSE39084,GSM955508,target_cohort_adaptive_zscore,xgboost,1,0.8934077024459839,0.2580522000789642,1
TCGA_to_GEO,GSE39084,GSM955509,target_cohort_adaptive_zscore,xgboost,1,0.7364212870597839,0.2580522000789642,1
TCGA_to_GEO,GSE13294,GSM335510,single_sample_rank,elastic_net,0,0.0084686502814292,0.2828556001186371,0
TCGA_to_GEO,GSE13294,GSM335511,single_sample_rank,elastic_net,1,0.5723767280578613,0.2828556001186371,1
TCGA_to_GEO,GSE13294,GSM335512,single_sample_rank,elastic_net,0,0.0576910302042961,0.2828556001186371,0
TCGA_to_GEO,GSE13294,GSM335513,single_sample_rank,elastic_net,0,0.0010772921377792,0.2828556001186371,0
TCGA_to_GEO,GSE13294,GSM335514,single_sample_rank,elastic_net,0,0.0036990302614867,0.2828556001186371,0
TCGA_to_GEO,GSE13294,GSM335515,single_sample_rank,elastic_net,0,0.0212430246174335,0.2828556001186371,0
TCGA_to_GEO,GSE13294,GSM335516,single_sample_rank,elastic_net,0,0.0039353938773274,0.2828556001186371,0
TCGA_to_GEO,GSE13294,GSM335517,single_sample_rank,elastic_net,0,0.0234781168401241,0.2828556001186371,0
TCGA_to_GEO,GSE13294,GSM335518,single_sample_rank,elastic_net,1,0.7582168579101562,0.2828556001186371,1
TCGA_to_GEO,GSE13294,GSM335519,single_sample_rank,elastic_net,1,0.3524263501167297,0.2828556001186371,1
TCGA_to_GEO,GSE13294,GSM335520,single_sample_rank,elastic_net,0,0.2375364154577255,0.2828556001186371,0
TCGA_to_GEO,GSE13294,GSM335521,single_sample_rank,elastic_net,0,0.0123472493141889,0.2828556001186371,0
TCGA_to_GEO,GSE13294,GSM335522,single_sample_rank,elastic_net,0,0.0437797270715236,0.2828556001186371,0
TCGA_to_GEO,GSE13294,GSM335523,single_sample_rank,elastic_net,0,0.0287152770906686,0.2828556001186371,0
TCGA_to_GEO,GSE13294,GSM335524,single_sample_rank,elastic_net,0,0.0085853720083832,0.2828556001186371,0
TCGA_to_GEO,GSE13294,GSM335525,single_sample_rank,elastic_net,1,0.9536901712417604,0.2828556001186371,1
TCGA_to_GEO,GSE13294,GSM335526,single_sample_rank,elastic_net,0,0.0040569650009274,0.2828556001186371,0
TCGA_to_GEO,GSE13294,GSM335527,single_sample_rank,elastic_net,1,0.9172182083129884,0.2828556001186371,1
TCGA_to_GEO,GSE13294,GSM335528,single_sample_rank,elastic_net,0,0.0088137919083237,0.2828556001186371,0
TCGA_to_GEO,GSE13294,GSM335529,single_sample_rank,elastic_net,1,0.1266435235738754,0.2828556001186371,0
TCGA_to_GEO,GSE13294,GSM335530,single_sample_rank,elastic_net,1,0.99761164188385,0.2828556001186371,1
TCGA_to_GEO,GSE13294,GSM335531,single_sample_rank,elastic_net,0,0.0028427597135305,0.2828556001186371,0
TCGA_to_GEO,GSE13294,GSM335532,single_sample_rank,elastic_net,1,0.894065797328949,0.2828556001186371,1
TCGA_to_GEO,GSE13294,GSM335533,single_sample_rank,elastic_net,0,0.0013698184629902,0.2828556001186371,0
TCGA_to_GEO,GSE13294,GSM335534,single_sample_rank,elastic_net,0,0.0094533218070864,0.2828556001186371,0
TCGA_to_GEO,GSE13294,GSM335535,single_sample_rank,elastic_net,0,0.0356625840067863,0.2828556001186371,0
TCGA_to_GEO,GSE13294,GSM335536,single_sample_rank,elastic_net,0,0.0148690333589911,0.2828556001186371,0
TCGA_to_GEO,GSE13294,GSM335537,single_sample_rank,elastic_net,0,0.002579472027719,0.2828556001186371,0
TCGA_to_GEO,GSE13294,GSM335538,single_sample_rank,elastic_net,0,0.0036338919308036,0.2828556001186371,0
TCGA_to_GEO,GSE13294,GSM335539,single_sample_rank,elastic_net,0,0.0021832752972841,0.2828556001186371,0
TCGA_to_GEO,GSE13294,GSM335540,single_sample_rank,elastic_net,0,0.0012878003763034,0.2828556001186371,0
TCGA_to_GEO,GSE13294,GSM335541,single_sample_rank,elastic_net,1,0.6095113158226013,0.2828556001186371,1
TCGA_to_GEO,GSE13294,GSM335542,single_sample_rank,elastic_net,1,0.94414621591568,0.2828556001186371,1
TCGA_to_GEO,GSE13294,GSM335543,single_sample_rank,elastic_net,1,0.5829293131828308,0.2828556001186371,1
TCGA_to_GEO,GSE13294,GSM335544,single_sample_rank,elastic_net,1,0.9904402494430542,0.2828556001186371,1
TCGA_to_GEO,GSE13294,GSM335545,single_sample_rank,elastic_net,1,0.6930155754089355,0.2828556001186371,1
TCGA_to_GEO,GSE13294,GSM335546,single_sample_rank,elastic_net,1,0.977362096309662,0.2828556001186371,1
TCGA_to_GEO,GSE13294,GSM335547,single_sample_rank,elastic_net,0,0.8410208225250244,0.2828556001186371,1
TCGA_to_GEO,GSE13294,GSM335548,single_sample_rank,elastic_net,0,0.5568712949752808,0.2828556001186371,1
TCGA_to_GEO,GSE13294,GSM335549,single_sample_rank,elastic_net,0,0.0383371859788894,0.2828556001186371,0
TCGA_to_GEO,GSE13294,GSM335550,single_sample_rank,elastic_net,0,0.0846507549285888,0.2828556001186371,0
TCGA_to_GEO,GSE13294,GSM335551,single_sample_rank,elastic_net,1,0.86487877368927,0.2828556001186371,1
TCGA_to_GEO,GSE13294,GSM335552,single_sample_rank,elastic_net,0,0.6782636046409607,0.2828556001186371,1
TCGA_to_GEO,GSE13294,GSM335553,single_sample_rank,elastic_net,0,0.2871349155902862,0.2828556001186371,1
TCGA_to_GEO,GSE13294,GSM335554,single_sample_rank,elastic_net,0,0.0509093403816223,0.2828556001186371,0
TCGA_to_GEO,GSE13294,GSM335555,single_sample_rank,elastic_net,1,0.9990542531013488,0.2828556001186371,1
TCGA_to_GEO,GSE13294,GSM335556,single_sample_rank,elastic_net,0,0.0084180030971765,0.2828556001186371,0
TCGA_to_GEO,GSE13294,GSM335557,single_sample_rank,elastic_net,0,0.0500585511326789,0.2828556001186371,0
TCGA_to_GEO,GSE13294,GSM335558,single_sample_rank,elastic_net,0,0.0187224019318819,0.2828556001186371,0
TCGA_to_GEO,GSE13294,GSM335559,single_sample_rank,elastic_net,1,0.754721462726593,0.2828556001186371,1
TCGA_to_GEO,GSE13294,GSM335560,single_sample_rank,elastic_net,1,0.997738480567932,0.2828556001186371,1
TCGA_to_GEO,GSE13294,GSM335561,single_sample_rank,elastic_net,0,0.0126214791089296,0.2828556001186371,0
TCGA_to_GEO,GSE13294,GSM335562,single_sample_rank,elastic_net,1,0.7185496091842651,0.2828556001186371,1
TCGA_to_GEO,GSE13294,GSM335563,single_sample_rank,elastic_net,1,0.9791783094406128,0.2828556001186371,1
TCGA_to_GEO,GSE13294,GSM335564,single_sample_rank,elastic_net,0,0.0489068590104579,0.2828556001186371,0
TCGA_to_GEO,GSE13294,GSM335565,single_sample_rank,elastic_net,1,0.9995457530021667,0.2828556001186371,1
TCGA_to_GEO,GSE13294,GSM335566,single_sample_rank,elastic_net,1,0.9816045761108398,0.2828556001186371,1
TCGA_to_GEO,GSE13294,GSM335567,single_sample_rank,elastic_net,0,0.0719218626618385,0.2828556001186371,0
TCGA_to_GEO,GSE13294,GSM335568,single_sample_rank,elastic_net,0,0.0010172824840992,0.2828556001186371,0
TCGA_to_GEO,GSE13294,GSM335569,single_sample_rank,elastic_net,0,0.0156974010169506,0.2828556001186371,0
TCGA_to_GEO,GSE13294,GSM335570,single_sample_rank,elastic_net,0,0.192894160747528,0.2828556001186371,0
TCGA_to_GEO,GSE13294,GSM335571,single_sample_rank,elastic_net,0,0.0050260596908628,0.2828556001186371,0
TCGA_to_GEO,GSE13294,GSM335572,single_sample_rank,elastic_net,0,0.0784393101930618,0.2828556001186371,0
TCGA_to_GEO,GSE13294,GSM335573,single_sample_rank,elastic_net,1,0.0092584295198321,0.2828556001186371,0
TCGA_to_GEO,GSE13294,GSM335574,single_sample_rank,elastic_net,1,0.997733473777771,0.2828556001186371,1
TCGA_to_GEO,GSE13294,GSM335575,single_sample_rank,elastic_net,0,0.1250331103801727,0.2828556001186371,0
TCGA_to_GEO,GSE13294,GSM335576,single_sample_rank,elastic_net,1,0.9879184365272522,0.2828556001186371,1
TCGA_to_GEO,GSE13294,GSM335577,single_sample_rank,elastic_net,1,0.9930961728096008,0.2828556001186371,1
TCGA_to_GEO,GSE13294,GSM335578,single_sample_rank,elastic_net,1,0.996212601661682,0.2828556001186371,1
TCGA_to_GEO,GSE13294,GSM335579,single_sample_rank,elastic_net,0,0.5541490316390991,0.2828556001186371,1
TCGA_to_GEO,GSE13294,GSM335580,single_sample_rank,elastic_net,0,0.0131548233330249,0.2828556001186371,0
TCGA_to_GEO,GSE13294,GSM335581,single_sample_rank,elastic_net,0,0.3973309695720672,0.2828556001186371,1
TCGA_to_GEO,GSE13294,GSM335582,single_sample_rank,elastic_net,0,0.0074775228276848,0.2828556001186371,0
TCGA_to_GEO,GSE13294,GSM335583,single_sample_rank,elastic_net,0,0.0084354262799024,0.2828556001186371,0
TCGA_to_GEO,GSE13294,GSM335584,single_sample_rank,elastic_net,0,0.1223809048533439,0.2828556001186371,0
TCGA_to_GEO,GSE13294,GSM335585,single_sample_rank,elastic_net,1,0.9992626309394836,0.2828556001186371,1
TCGA_to_GEO,GSE13294,GSM335586,single_sample_rank,elastic_net,0,0.0264839641749858,0.2828556001186371,0
TCGA_to_GEO,GSE13294,GSM335587,single_sample_rank,elastic_net,0,0.0659740269184112,0.2828556001186371,0
TCGA_to_GEO,GSE13294,GSM335588,single_sample_rank,elastic_net,0,0.0173458438366651,0.2828556001186371,0
TCGA_to_GEO,GSE13294,GSM335589,single_sample_rank,elastic_net,0,0.0204401034861803,0.2828556001186371,0
TCGA_to_GEO,GSE13294,GSM335590,single_sample_rank,elastic_net,0,0.0368581898510456,0.2828556001186371,0
TCGA_to_GEO,GSE13294,GSM335591,single_sample_rank,elastic_net,0,0.0141901392489671,0.2828556001186371,0
TCGA_to_GEO,GSE13294,GSM335592,single_sample_rank,elastic_net,0,0.0128391394391655,0.2828556001186371,0
TCGA_to_GEO,GSE13294,GSM335593,single_sample_rank,elastic_net,0,0.0156401842832565,0.2828556001186371,0
TCGA_to_GEO,GSE13294,GSM335594,single_sample_rank,elastic_net,0,0.0108714271336793,0.2828556001186371,0
TCGA_to_GEO,GSE13294,GSM335595,single_sample_rank,elastic_net,1,0.9985962510108948,0.2828556001186371,1
TCGA_to_GEO,GSE13294,GSM335596,single_sample_rank,elastic_net,0,0.1106353998184204,0.2828556001186371,0
TCGA_to_GEO,GSE13294,GSM335597,single_sample_rank,elastic_net,1,0.9999855756759644,0.2828556001186371,1
TCGA_to_GEO,GSE13294,GSM335598,single_sample_rank,elastic_net,0,0.0097959917038679,0.2828556001186371,0
TCGA_to_GEO,GSE13294,GSM335599,single_sample_rank,elastic_net,0,0.2091506123542785,0.2828556001186371,0
TCGA_to_GEO,GSE13294,GSM335600,single_sample_rank,elastic_net,0,0.1598950177431106,0.2828556001186371,0
TCGA_to_GEO,GSE13294,GSM335601,single_sample_rank,elastic_net,0,0.0244846194982528,0.2828556001186371,0
TCGA_to_GEO,GSE13294,GSM335602,single_sample_rank,elastic_net,0,0.0132647845894098,0.2828556001186371,0
TCGA_to_GEO,GSE13294,GSM335603,single_sample_rank,elastic_net,0,0.0072657004930078,0.2828556001186371,0
TCGA_to_GEO,GSE13294,GSM335604,single_sample_rank,elastic_net,0,0.0908382609486579,0.2828556001186371,0
TCGA_to_GEO,GSE13294,GSM335605,single_sample_rank,elastic_net,0,0.0038747338112443,0.2828556001186371,0
TCGA_to_GEO,GSE13294,GSM335606,single_sample_rank,elastic_net,0,0.0019903033971786,0.2828556001186371,0
TCGA_to_GEO,GSE13294,GSM335607,single_sample_rank,elastic_net,0,0.1578409671783447,0.2828556001186371,0
TCGA_to_GEO,GSE13294,GSM335608,single_sample_rank,elastic_net,0,0.3321742713451385,0.2828556001186371,1
TCGA_to_GEO,GSE13294,GSM335609,single_sample_rank,elastic_net,0,0.006777093745768,0.2828556001186371,0
TCGA_to_GEO,GSE13294,GSM335610,single_sample_rank,elastic_net,0,0.000668987922836,0.2828556001186371,0
TCGA_to_GEO,GSE13294,GSM335611,single_sample_rank,elastic_net,0,0.0421594940125942,0.2828556001186371,0
TCGA_to_GEO,GSE13294,GSM335612,single_sample_rank,elastic_net,0,0.0014440502272918,0.2828556001186371,0
TCGA_to_GEO,GSE13294,GSM335613,single_sample_rank,elastic_net,0,0.0100464764982461,0.2828556001186371,0
TCGA_to_GEO,GSE13294,GSM335614,single_sample_rank,elastic_net,1,0.9954740405082704,0.2828556001186371,1
TCGA_to_GEO,GSE13294,GSM335615,single_sample_rank,elastic_net,0,0.0091903852298855,0.2828556001186371,0
TCGA_to_GEO,GSE13294,GSM335616,single_sample_rank,elastic_net,0,0.0042209397070109,0.2828556001186371,0
TCGA_to_GEO,GSE13294,GSM335617,single_sample_rank,elastic_net,0,0.0016621407121419,0.2828556001186371,0
TCGA_to_GEO,GSE13294,GSM335618,single_sample_rank,elastic_net,1,0.4029713571071625,0.2828556001186371,1
TCGA_to_GEO,GSE13294,GSM335619,single_sample_rank,elastic_net,1,0.760503351688385,0.2828556001186371,1
TCGA_to_GEO,GSE13294,GSM335620,single_sample_rank,elastic_net,1,0.8312716484069824,0.2828556001186371,1
TCGA_to_GEO,GSE13294,GSM335621,single_sample_rank,elastic_net,1,0.993984043598175,0.2828556001186371,1
TCGA_to_GEO,GSE13294,GSM335622,single_sample_rank,elastic_net,1,0.9901809692382812,0.2828556001186371,1
TCGA_to_GEO,GSE13294,GSM335623,single_sample_rank,elastic_net,1,0.9996438026428224,0.2828556001186371,1
TCGA_to_GEO,GSE13294,GSM335624,single_sample_rank,elastic_net,1,0.9837862849235536,0.2828556001186371,1
TCGA_to_GEO,GSE13294,GSM335625,single_sample_rank,elastic_net,1,0.8509368896484375,0.2828556001186371,1
TCGA_to_GEO,GSE13294,GSM335626,single_sample_rank,elastic_net,1,0.4481077194213867,0.2828556001186371,1
TCGA_to_GEO,GSE13294,GSM335627,single_sample_rank,elastic_net,1,0.8903898596763611,0.2828556001186371,1
TCGA_to_GEO,GSE13294,GSM335628,single_sample_rank,elastic_net,1,0.9783985018730164,0.2828556001186371,1
TCGA_to_GEO,GSE13294,GSM335629,single_sample_rank,elastic_net,1,0.9998921155929564,0.2828556001186371,1
TCGA_to_GEO,GSE13294,GSM335630,single_sample_rank,elastic_net,1,0.9839099645614624,0.2828556001186371,1
TCGA_to_GEO,GSE13294,GSM335631,single_sample_rank,elastic_net,1,0.0232076458632946,0.2828556001186371,0
TCGA_to_GEO,GSE13294,GSM335632,single_sample_rank,elastic_net,1,0.9312180876731871,0.2828556001186371,1
TCGA_to_GEO,GSE13294,GSM335633,single_sample_rank,elastic_net,1,0.8818858861923218,0.2828556001186371,1
TCGA_to_GEO,GSE13294,GSM335634,single_sample_rank,elastic_net,1,0.999642014503479,0.2828556001186371,1
TCGA_to_GEO,GSE13294,GSM335635,single_sample_rank,elastic_net,1,0.9982581734657288,0.2828556001186371,1
TCGA_to_GEO,GSE13294,GSM335636,single_sample_rank,elastic_net,1,0.0017703004414215,0.2828556001186371,0
TCGA_to_GEO,GSE13294,GSM335637,single_sample_rank,elastic_net,1,0.8494983911514282,0.2828556001186371,1
TCGA_to_GEO,GSE13294,GSM335638,single_sample_rank,elastic_net,1,0.993560791015625,0.2828556001186371,1
TCGA_to_GEO,GSE13294,GSM335639,single_sample_rank,elastic_net,1,0.8459011316299438,0.2828556001186371,1
TCGA_to_GEO,GSE13294,GSM335640,single_sample_rank,elastic_net,1,0.9906941056251526,0.2828556001186371,1
TCGA_to_GEO,GSE13294,GSM335641,single_sample_rank,elastic_net,1,0.9998503923416138,0.2828556001186371,1
TCGA_to_GEO,GSE13294,GSM335642,single_sample_rank,elastic_net,1,0.981306791305542,0.2828556001186371,1
TCGA_to_GEO,GSE13294,GSM335643,single_sample_rank,elastic_net,1,0.9999756813049316,0.2828556001186371,1
TCGA_to_GEO,GSE13294,GSM335644,single_sample_rank,elastic_net,1,0.975004017353058,0.2828556001186371,1
TCGA_to_GEO,GSE13294,GSM335645,single_sample_rank,elastic_net,1,0.9959016442298888,0.2828556001186371,1
TCGA_to_GEO,GSE13294,GSM335646,single_sample_rank,elastic_net,1,0.9800815582275392,0.2828556001186371,1
TCGA_to_GEO,GSE13294,GSM335647,single_sample_rank,elastic_net,1,0.9202966690063475,0.2828556001186371,1
TCGA_to_GEO,GSE13294,GSM335648,single_sample_rank,elastic_net,1,0.1370936185121536,0.2828556001186371,0
TCGA_to_GEO,GSE13294,GSM335649,single_sample_rank,elastic_net,1,0.9968361854553224,0.2828556001186371,1
TCGA_to_GEO,GSE13294,GSM335650,single_sample_rank,elastic_net,1,0.9580440521240234,0.2828556001186371,1
TCGA_to_GEO,GSE13294,GSM335651,single_sample_rank,elastic_net,1,0.014378685504198,0.2828556001186371,0
TCGA_to_GEO,GSE13294,GSM335652,single_sample_rank,elastic_net,1,0.9988064765930176,0.2828556001186371,1
TCGA_to_GEO,GSE13294,GSM335653,single_sample_rank,elastic_net,1,0.9358887076377868,0.2828556001186371,1
TCGA_to_GEO,GSE13294,GSM335654,single_sample_rank,elastic_net,1,0.9301188588142396,0.2828556001186371,1
TCGA_to_GEO,GSE13294,GSM335655,single_sample_rank,elastic_net,1,0.9789915084838868,0.2828556001186371,1
TCGA_to_GEO,GSE13294,GSM335656,single_sample_rank,elastic_net,1,0.9854862689971924,0.2828556001186371,1
TCGA_to_GEO,GSE13294,GSM335657,single_sample_rank,elastic_net,1,0.9927605390548706,0.2828556001186371,1
TCGA_to_GEO,GSE13294,GSM335658,single_sample_rank,elastic_net,1,0.9973438382148744,0.2828556001186371,1
TCGA_to_GEO,GSE13294,GSM335659,single_sample_rank,elastic_net,1,0.9995909333229064,0.2828556001186371,1
TCGA_to_GEO,GSE13294,GSM335660,single_sample_rank,elastic_net,1,0.9976033568382264,0.2828556001186371,1
TCGA_to_GEO,GSE13294,GSM335661,single_sample_rank,elastic_net,1,0.9978961944580078,0.2828556001186371,1
TCGA_to_GEO,GSE13294,GSM335662,single_sample_rank,elastic_net,1,0.9927023649215698,0.2828556001186371,1
TCGA_to_GEO,GSE13294,GSM335663,single_sample_rank,elastic_net,1,0.7502621412277222,0.2828556001186371,1
TCGA_to_GEO,GSE13294,GSM335664,single_sample_rank,elastic_net,1,0.9754436016082764,0.2828556001186371,1
TCGA_to_GEO,GSE13067,GSM327282,single_sample_rank,elastic_net,1,0.9983162879943848,0.2828556001186371,1
TCGA_to_GEO,GSE13067,GSM327283,single_sample_rank,elastic_net,0,0.0401115864515304,0.2828556001186371,0
TCGA_to_GEO,GSE13067,GSM327284,single_sample_rank,elastic_net,0,0.0328152775764465,0.2828556001186371,0
TCGA_to_GEO,GSE13067,GSM327285,single_sample_rank,elastic_net,0,0.011315151117742,0.2828556001186371,0
TCGA_to_GEO,GSE13067,GSM327286,single_sample_rank,elastic_net,0,0.1038259714841842,0.2828556001186371,0
TCGA_to_GEO,GSE13067,GSM327287,single_sample_rank,elastic_net,0,0.0053347325883805,0.2828556001186371,0
TCGA_to_GEO,GSE13067,GSM327288,single_sample_rank,elastic_net,1,0.6019410490989685,0.2828556001186371,1
TCGA_to_GEO,GSE13067,GSM327289,single_sample_rank,elastic_net,0,0.025504833087325,0.2828556001186371,0
TCGA_to_GEO,GSE13067,GSM327290,single_sample_rank,elastic_net,0,0.1949615329504013,0.2828556001186371,0
TCGA_to_GEO,GSE13067,GSM327291,single_sample_rank,elastic_net,0,0.0122230816632509,0.2828556001186371,0
TCGA_to_GEO,GSE13067,GSM327292,single_sample_rank,elastic_net,0,0.0027075100224465,0.2828556001186371,0
TCGA_to_GEO,GSE13067,GSM327293,single_sample_rank,elastic_net,0,0.034062635153532,0.2828556001186371,0
TCGA_to_GEO,GSE13067,GSM327294,single_sample_rank,elastic_net,0,0.0022837938740849,0.2828556001186371,0
TCGA_to_GEO,GSE13067,GSM327295,single_sample_rank,elastic_net,0,0.0038605330046266,0.2828556001186371,0
TCGA_to_GEO,GSE13067,GSM327296,single_sample_rank,elastic_net,0,0.0383260510861873,0.2828556001186371,0
TCGA_to_GEO,GSE13067,GSM327297,single_sample_rank,elastic_net,0,0.0176173076033592,0.2828556001186371,0
TCGA_to_GEO,GSE13067,GSM327298,single_sample_rank,elastic_net,0,0.0077126598916947,0.2828556001186371,0
TCGA_to_GEO,GSE13067,GSM327299,single_sample_rank,elastic_net,0,0.2370232939720153,0.2828556001186371,0
TCGA_to_GEO,GSE13067,GSM327300,single_sample_rank,elastic_net,0,0.0413993448019027,0.2828556001186371,0
TCGA_to_GEO,GSE13067,GSM327301,single_sample_rank,elastic_net,0,0.0039456710219383,0.2828556001186371,0
TCGA_to_GEO,GSE13067,GSM327302,single_sample_rank,elastic_net,0,0.47113236784935,0.2828556001186371,1
TCGA_to_GEO,GSE13067,GSM327303,single_sample_rank,elastic_net,0,0.0101327830925583,0.2828556001186371,0
TCGA_to_GEO,GSE13067,GSM327304,single_sample_rank,elastic_net,0,0.0514132529497146,0.2828556001186371,0
TCGA_to_GEO,GSE13067,GSM327305,single_sample_rank,elastic_net,0,0.0335544161498546,0.2828556001186371,0
TCGA_to_GEO,GSE13067,GSM327306,single_sample_rank,elastic_net,0,0.0058200946077704,0.2828556001186371,0
TCGA_to_GEO,GSE13067,GSM327307,single_sample_rank,elastic_net,0,0.0134398704394698,0.2828556001186371,0
TCGA_to_GEO,GSE13067,GSM327308,single_sample_rank,elastic_net,0,0.0012605439405888,0.2828556001186371,0
TCGA_to_GEO,GSE13067,GSM327309,single_sample_rank,elastic_net,1,0.93492591381073,0.2828556001186371,1
TCGA_to_GEO,GSE13067,GSM327310,single_sample_rank,elastic_net,1,0.9985210299491882,0.2828556001186371,1
TCGA_to_GEO,GSE13067,GSM327311,single_sample_rank,elastic_net,1,0.999001920223236,0.2828556001186371,1
TCGA_to_GEO,GSE13067,GSM327312,single_sample_rank,elastic_net,0,0.0303542762994766,0.2828556001186371,0
TCGA_to_GEO,GSE13067,GSM327313,single_sample_rank,elastic_net,1,0.9475101828575134,0.2828556001186371,1
TCGA_to_GEO,GSE13067,GSM327314,single_sample_rank,elastic_net,0,0.0131047638133168,0.2828556001186371,0
TCGA_to_GEO,GSE13067,GSM327315,single_sample_rank,elastic_net,0,0.0016582426615059,0.2828556001186371,0
TCGA_to_GEO,GSE13067,GSM327316,single_sample_rank,elastic_net,0,0.0224467851221561,0.2828556001186371,0
TCGA_to_GEO,GSE13067,GSM327317,single_sample_rank,elastic_net,0,0.0023416948970407,0.2828556001186371,0
TCGA_to_GEO,GSE13067,GSM327318,single_sample_rank,elastic_net,0,0.0072641596198081,0.2828556001186371,0
TCGA_to_GEO,GSE13067,GSM327319,single_sample_rank,elastic_net,0,0.0039211637340486,0.2828556001186371,0
TCGA_to_GEO,GSE13067,GSM327320,single_sample_rank,elastic_net,0,0.0008405853295698,0.2828556001186371,0
TCGA_to_GEO,GSE13067,GSM327321,single_sample_rank,elastic_net,0,0.000173221094883,0.2828556001186371,0
TCGA_to_GEO,GSE13067,GSM327322,single_sample_rank,elastic_net,0,0.0062300190329551,0.2828556001186371,0
TCGA_to_GEO,GSE13067,GSM327323,single_sample_rank,elastic_net,0,0.0011557906400412,0.2828556001186371,0
TCGA_to_GEO,GSE13067,GSM327324,single_sample_rank,elastic_net,1,0.9234470725059508,0.2828556001186371,1
TCGA_to_GEO,GSE13067,GSM327325,single_sample_rank,elastic_net,1,0.9873694777488708,0.2828556001186371,1
TCGA_to_GEO,GSE13067,GSM327326,single_sample_rank,elastic_net,0,0.0055808750912547,0.2828556001186371,0
TCGA_to_GEO,GSE13067,GSM327327,single_sample_rank,elastic_net,0,0.042702954262495,0.2828556001186371,0
TCGA_to_GEO,GSE13067,GSM327328,single_sample_rank,elastic_net,0,0.0065571446903049,0.2828556001186371,0
TCGA_to_GEO,GSE13067,GSM327329,single_sample_rank,elastic_net,0,0.0439227931201458,0.2828556001186371,0
TCGA_to_GEO,GSE13067,GSM327330,single_sample_rank,elastic_net,0,0.0045029688626527,0.2828556001186371,0
TCGA_to_GEO,GSE13067,GSM327331,single_sample_rank,elastic_net,1,0.872249186038971,0.2828556001186371,1
TCGA_to_GEO,GSE13067,GSM327332,single_sample_rank,elastic_net,0,0.0027741205412894,0.2828556001186371,0
TCGA_to_GEO,GSE13067,GSM327333,single_sample_rank,elastic_net,0,0.0264477506279945,0.2828556001186371,0
TCGA_to_GEO,GSE13067,GSM327334,single_sample_rank,elastic_net,0,0.0116868168115615,0.2828556001186371,0
TCGA_to_GEO,GSE13067,GSM327335,single_sample_rank,elastic_net,0,0.0770793408155441,0.2828556001186371,0
TCGA_to_GEO,GSE13067,GSM327336,single_sample_rank,elastic_net,0,0.0384185127913951,0.2828556001186371,0
TCGA_to_GEO,GSE13067,GSM327337,single_sample_rank,elastic_net,0,0.0032588217873126,0.2828556001186371,0
TCGA_to_GEO,GSE13067,GSM327338,single_sample_rank,elastic_net,0,0.0004631743067875,0.2828556001186371,0
TCGA_to_GEO,GSE13067,GSM327339,single_sample_rank,elastic_net,0,0.0564805269241333,0.2828556001186371,0
TCGA_to_GEO,GSE13067,GSM327340,single_sample_rank,elastic_net,0,0.0126872397959232,0.2828556001186371,0
TCGA_to_GEO,GSE13067,GSM327341,single_sample_rank,elastic_net,0,0.0007775116246193,0.2828556001186371,0
TCGA_to_GEO,GSE13067,GSM327342,single_sample_rank,elastic_net,0,0.000805203046184,0.2828556001186371,0
TCGA_to_GEO,GSE13067,GSM327343,single_sample_rank,elastic_net,0,0.1382143795490265,0.2828556001186371,0
TCGA_to_GEO,GSE13067,GSM327344,single_sample_rank,elastic_net,0,0.0038915940094739,0.2828556001186371,0
TCGA_to_GEO,GSE13067,GSM327345,single_sample_rank,elastic_net,0,0.3548261225223541,0.2828556001186371,1
TCGA_to_GEO,GSE13067,GSM327346,single_sample_rank,elastic_net,0,0.0123198898509144,0.2828556001186371,0
TCGA_to_GEO,GSE13067,GSM327347,single_sample_rank,elastic_net,0,0.0046585444360971,0.2828556001186371,0
TCGA_to_GEO,GSE13067,GSM327348,single_sample_rank,elastic_net,0,0.0488619469106197,0.2828556001186371,0
TCGA_to_GEO,GSE13067,GSM327349,single_sample_rank,elastic_net,0,0.0137619944289326,0.2828556001186371,0
TCGA_to_GEO,GSE13067,GSM327350,single_sample_rank,elastic_net,0,0.0172293446958065,0.2828556001186371,0
TCGA_to_GEO,GSE13067,GSM327351,single_sample_rank,elastic_net,0,0.0148821072652935,0.2828556001186371,0
TCGA_to_GEO,GSE13067,GSM327352,single_sample_rank,elastic_net,1,0.9994138479232788,0.2828556001186371,1
TCGA_to_GEO,GSE13067,GSM327353,single_sample_rank,elastic_net,1,0.980135142803192,0.2828556001186371,1
TCGA_to_GEO,GSE13067,GSM327354,single_sample_rank,elastic_net,0,0.0413161963224411,0.2828556001186371,0
TCGA_to_GEO,GSE13067,GSM327355,single_sample_rank,elastic_net,0,0.017308447510004,0.2828556001186371,0
TCGA_to_GEO,GSE18088,GSM452148,single_sample_rank,elastic_net,1,0.0986411273479461,0.2828556001186371,0
TCGA_to_GEO,GSE18088,GSM452149,single_sample_rank,elastic_net,0,0.0037141775246709,0.2828556001186371,0
TCGA_to_GEO,GSE18088,GSM452150,single_sample_rank,elastic_net,0,0.0033722615335136,0.2828556001186371,0
TCGA_to_GEO,GSE18088,GSM452151,single_sample_rank,elastic_net,0,0.0145283825695514,0.2828556001186371,0
TCGA_to_GEO,GSE18088,GSM452152,single_sample_rank,elastic_net,0,0.0016400901367887,0.2828556001186371,0
TCGA_to_GEO,GSE18088,GSM452153,single_sample_rank,elastic_net,1,0.0863725319504737,0.2828556001186371,0
TCGA_to_GEO,GSE18088,GSM452154,single_sample_rank,elastic_net,0,0.0135975610464811,0.2828556001186371,0
TCGA_to_GEO,GSE18088,GSM452155,single_sample_rank,elastic_net,0,0.0028540033381432,0.2828556001186371,0
TCGA_to_GEO,GSE18088,GSM452156,single_sample_rank,elastic_net,0,0.0026432035956531,0.2828556001186371,0
TCGA_to_GEO,GSE18088,GSM452157,single_sample_rank,elastic_net,1,0.9956842660903932,0.2828556001186371,1
TCGA_to_GEO,GSE18088,GSM452158,single_sample_rank,elastic_net,0,0.0092852097004652,0.2828556001186371,0
TCGA_to_GEO,GSE18088,GSM452159,single_sample_rank,elastic_net,1,0.7071816921234131,0.2828556001186371,1
TCGA_to_GEO,GSE18088,GSM452160,single_sample_rank,elastic_net,0,0.0031295192893594,0.2828556001186371,0
TCGA_to_GEO,GSE18088,GSM452161,single_sample_rank,elastic_net,0,0.0032956833019852,0.2828556001186371,0
TCGA_to_GEO,GSE18088,GSM452162,single_sample_rank,elastic_net,0,0.097099594771862,0.2828556001186371,0
TCGA_to_GEO,GSE18088,GSM452163,single_sample_rank,elastic_net,1,0.9989525079727172,0.2828556001186371,1
TCGA_to_GEO,GSE18088,GSM452164,single_sample_rank,elastic_net,0,0.0011767850955948,0.2828556001186371,0
TCGA_to_GEO,GSE18088,GSM452165,single_sample_rank,elastic_net,0,0.0281301829963922,0.2828556001186371,0
TCGA_to_GEO,GSE18088,GSM452166,single_sample_rank,elastic_net,0,0.0022596644703298,0.2828556001186371,0
TCGA_to_GEO,GSE18088,GSM452167,single_sample_rank,elastic_net,0,0.0102534107863903,0.2828556001186371,0
TCGA_to_GEO,GSE18088,GSM452168,single_sample_rank,elastic_net,1,0.8502123951911926,0.2828556001186371,1
TCGA_to_GEO,GSE18088,GSM452169,single_sample_rank,elastic_net,1,0.9799118638038636,0.2828556001186371,1
TCGA_to_GEO,GSE18088,GSM452170,single_sample_rank,elastic_net,0,0.0152893457561731,0.2828556001186371,0
TCGA_to_GEO,GSE18088,GSM452171,single_sample_rank,elastic_net,0,0.0023072536569088,0.2828556001186371,0
TCGA_to_GEO,GSE18088,GSM452172,single_sample_rank,elastic_net,0,0.0859100371599197,0.2828556001186371,0
TCGA_to_GEO,GSE18088,GSM452173,single_sample_rank,elastic_net,1,0.8759317398071289,0.2828556001186371,1
TCGA_to_GEO,GSE18088,GSM452174,single_sample_rank,elastic_net,1,0.814600944519043,0.2828556001186371,1
TCGA_to_GEO,GSE18088,GSM452175,single_sample_rank,elastic_net,1,0.8023466467857361,0.2828556001186371,1
TCGA_to_GEO,GSE18088,GSM452176,single_sample_rank,elastic_net,0,0.0121704060584306,0.2828556001186371,0
TCGA_to_GEO,GSE18088,GSM452177,single_sample_rank,elastic_net,0,0.0239374469965696,0.2828556001186371,0
TCGA_to_GEO,GSE18088,GSM452178,single_sample_rank,elastic_net,0,0.0002148731873603,0.2828556001186371,0
TCGA_to_GEO,GSE18088,GSM452179,single_sample_rank,elastic_net,1,0.9808582663536072,0.2828556001186371,1
TCGA_to_GEO,GSE18088,GSM452180,single_sample_rank,elastic_net,1,0.9499589800834656,0.2828556001186371,1
TCGA_to_GEO,GSE18088,GSM452181,single_sample_rank,elastic_net,0,0.0045572579838335,0.2828556001186371,0
TCGA_to_GEO,GSE18088,GSM452182,single_sample_rank,elastic_net,1,0.7426208257675171,0.2828556001186371,1
TCGA_to_GEO,GSE18088,GSM452183,single_sample_rank,elastic_net,1,0.9539474248886108,0.2828556001186371,1
TCGA_to_GEO,GSE18088,GSM452184,single_sample_rank,elastic_net,1,0.7645574808120728,0.2828556001186371,1
TCGA_to_GEO,GSE18088,GSM452185,single_sample_rank,elastic_net,0,0.0031148307025432,0.2828556001186371,0
TCGA_to_GEO,GSE18088,GSM452186,single_sample_rank,elastic_net,0,0.0252489484846591,0.2828556001186371,0
TCGA_to_GEO,GSE18088,GSM452187,single_sample_rank,elastic_net,0,0.0012244693934917,0.2828556001186371,0
TCGA_to_GEO,GSE18088,GSM452188,single_sample_rank,elastic_net,1,0.6368279457092285,0.2828556001186371,1
TCGA_to_GEO,GSE18088,GSM452189,single_sample_rank,elastic_net,1,0.9474063515663148,0.2828556001186371,1
TCGA_to_GEO,GSE18088,GSM452190,single_sample_rank,elastic_net,0,0.0281602423638105,0.2828556001186371,0
TCGA_to_GEO,GSE18088,GSM452191,single_sample_rank,elastic_net,0,0.0174863822758197,0.2828556001186371,0
TCGA_to_GEO,GSE18088,GSM452192,single_sample_rank,elastic_net,0,0.0021727569401264,0.2828556001186371,0
TCGA_to_GEO,GSE18088,GSM452193,single_sample_rank,elastic_net,0,0.0017767415847629,0.2828556001186371,0
TCGA_to_GEO,GSE18088,GSM452194,single_sample_rank,elastic_net,0,0.006783056538552,0.2828556001186371,0
TCGA_to_GEO,GSE18088,GSM452195,single_sample_rank,elastic_net,0,0.0061678956262767,0.2828556001186371,0
TCGA_to_GEO,GSE18088,GSM452196,single_sample_rank,elastic_net,0,0.009149576537311,0.2828556001186371,0
TCGA_to_GEO,GSE18088,GSM452197,single_sample_rank,elastic_net,1,0.6031908988952637,0.2828556001186371,1
TCGA_to_GEO,GSE18088,GSM452198,single_sample_rank,elastic_net,0,0.0238981489092111,0.2828556001186371,0
TCGA_to_GEO,GSE18088,GSM452199,single_sample_rank,elastic_net,0,0.0109793907031416,0.2828556001186371,0
TCGA_to_GEO,GSE18088,GSM452200,single_sample_rank,elastic_net,1,0.0088341599330306,0.2828556001186371,0
TCGA_to_GEO,GSE26682,GSM656542,single_sample_rank,elastic_net,0,0.1320583224296569,0.2828556001186371,0
TCGA_to_GEO,GSE26682,GSM656543,single_sample_rank,elastic_net,0,0.2333994507789611,0.2828556001186371,0
TCGA_to_GEO,GSE26682,GSM656545,single_sample_rank,elastic_net,1,0.9997569918632508,0.2828556001186371,1
TCGA_to_GEO,GSE26682,GSM656546,single_sample_rank,elastic_net,0,0.0709565058350563,0.2828556001186371,0
TCGA_to_GEO,GSE26682,GSM656548,single_sample_rank,elastic_net,0,0.0359253659844398,0.2828556001186371,0
TCGA_to_GEO,GSE26682,GSM656550,single_sample_rank,elastic_net,0,0.4377086758613586,0.2828556001186371,1
TCGA_to_GEO,GSE26682,GSM656552,single_sample_rank,elastic_net,0,0.0427517816424369,0.2828556001186371,0
TCGA_to_GEO,GSE26682,GSM656553,single_sample_rank,elastic_net,0,0.2349750101566314,0.2828556001186371,0
TCGA_to_GEO,GSE26682,GSM656555,single_sample_rank,elastic_net,0,0.824406087398529,0.2828556001186371,1
TCGA_to_GEO,GSE26682,GSM656556,single_sample_rank,elastic_net,0,0.1627898514270782,0.2828556001186371,0
TCGA_to_GEO,GSE26682,GSM656557,single_sample_rank,elastic_net,0,0.9512597322463988,0.2828556001186371,1
TCGA_to_GEO,GSE26682,GSM656558,single_sample_rank,elastic_net,0,0.0417008101940155,0.2828556001186371,0
TCGA_to_GEO,GSE26682,GSM656559,single_sample_rank,elastic_net,1,0.9993865489959716,0.2828556001186371,1
TCGA_to_GEO,GSE26682,GSM656560,single_sample_rank,elastic_net,0,0.059190284460783,0.2828556001186371,0
TCGA_to_GEO,GSE26682,GSM656561,single_sample_rank,elastic_net,0,0.0570393055677413,0.2828556001186371,0
TCGA_to_GEO,GSE26682,GSM656567,single_sample_rank,elastic_net,0,0.0663811564445495,0.2828556001186371,0
TCGA_to_GEO,GSE26682,GSM656568,single_sample_rank,elastic_net,0,0.0109605947509408,0.2828556001186371,0
TCGA_to_GEO,GSE26682,GSM656569,single_sample_rank,elastic_net,0,0.0235390923917293,0.2828556001186371,0
TCGA_to_GEO,GSE26682,GSM656570,single_sample_rank,elastic_net,0,0.1726964265108108,0.2828556001186371,0
TCGA_to_GEO,GSE26682,GSM656574,single_sample_rank,elastic_net,0,0.0112505098804831,0.2828556001186371,0
TCGA_to_GEO,GSE26682,GSM656580,single_sample_rank,elastic_net,0,0.0215791407972574,0.2828556001186371,0
TCGA_to_GEO,GSE26682,GSM656582,single_sample_rank,elastic_net,0,0.0074451728723943,0.2828556001186371,0
TCGA_to_GEO,GSE26682,GSM656583,single_sample_rank,elastic_net,1,0.9950981736183168,0.2828556001186371,1
TCGA_to_GEO,GSE26682,GSM656584,single_sample_rank,elastic_net,0,0.2149029523134231,0.2828556001186371,0
TCGA_to_GEO,GSE26682,GSM656585,single_sample_rank,elastic_net,0,0.7847289443016052,0.2828556001186371,1
TCGA_to_GEO,GSE26682,GSM656586,single_sample_rank,elastic_net,0,0.9398096799850464,0.2828556001186371,1
TCGA_to_GEO,GSE26682,GSM656587,single_sample_rank,elastic_net,0,0.7235024571418762,0.2828556001186371,1
TCGA_to_GEO,GSE26682,GSM656590,single_sample_rank,elastic_net,1,0.9830973148345948,0.2828556001186371,1
TCGA_to_GEO,GSE26682,GSM656592,single_sample_rank,elastic_net,0,0.0218846034258604,0.2828556001186371,0
TCGA_to_GEO,GSE26682,GSM656596,single_sample_rank,elastic_net,0,0.0124202873557806,0.2828556001186371,0
TCGA_to_GEO,GSE26682,GSM656598,single_sample_rank,elastic_net,0,0.5144758224487305,0.2828556001186371,1
TCGA_to_GEO,GSE26682,GSM656601,single_sample_rank,elastic_net,0,0.138128250837326,0.2828556001186371,0
TCGA_to_GEO,GSE26682,GSM656603,single_sample_rank,elastic_net,1,0.999849796295166,0.2828556001186371,1
TCGA_to_GEO,GSE26682,GSM656612,single_sample_rank,elastic_net,1,0.9974902868270874,0.2828556001186371,1
TCGA_to_GEO,GSE26682,GSM656613,single_sample_rank,elastic_net,0,0.1414653807878494,0.2828556001186371,0
TCGA_to_GEO,GSE26682,GSM656617,single_sample_rank,elastic_net,0,0.7298595309257507,0.2828556001186371,1
TCGA_to_GEO,GSE26682,GSM656618,single_sample_rank,elastic_net,0,0.0126380333676934,0.2828556001186371,0
TCGA_to_GEO,GSE26682,GSM656625,single_sample_rank,elastic_net,0,0.8422876596450806,0.2828556001186371,1
TCGA_to_GEO,GSE26682,GSM656634,single_sample_rank,elastic_net,0,0.4105294644832611,0.2828556001186371,1
TCGA_to_GEO,GSE26682,GSM656635,single_sample_rank,elastic_net,0,0.3345860242843628,0.2828556001186371,1
TCGA_to_GEO,GSE26682,GSM656636,single_sample_rank,elastic_net,0,0.0302960965782403,0.2828556001186371,0
TCGA_to_GEO,GSE26682,GSM656639,single_sample_rank,elastic_net,0,0.10481658577919,0.2828556001186371,0
TCGA_to_GEO,GSE26682,GSM656640,single_sample_rank,elastic_net,0,0.2077545821666717,0.2828556001186371,0
TCGA_to_GEO,GSE26682,GSM656642,single_sample_rank,elastic_net,0,0.7365326285362244,0.2828556001186371,1
TCGA_to_GEO,GSE26682,GSM656644,single_sample_rank,elastic_net,0,0.1541213095188141,0.2828556001186371,0
TCGA_to_GEO,GSE26682,GSM656657,single_sample_rank,elastic_net,0,0.9263885617256165,0.2828556001186371,1
TCGA_to_GEO,GSE26682,GSM656662,single_sample_rank,elastic_net,0,0.2805496156215668,0.2828556001186371,0
TCGA_to_GEO,GSE26682,GSM656663,single_sample_rank,elastic_net,0,0.4022355079650879,0.2828556001186371,1
TCGA_to_GEO,GSE26682,GSM656669,single_sample_rank,elastic_net,1,0.999987006187439,0.2828556001186371,1
TCGA_to_GEO,GSE26682,GSM656672,single_sample_rank,elastic_net,0,0.2505591511726379,0.2828556001186371,0
TCGA_to_GEO,GSE26682,GSM656675,single_sample_rank,elastic_net,0,0.0877005532383918,0.2828556001186371,0
TCGA_to_GEO,GSE26682,GSM656676,single_sample_rank,elastic_net,0,0.0275092255324125,0.2828556001186371,0
TCGA_to_GEO,GSE26682,GSM656678,single_sample_rank,elastic_net,0,0.1895032972097396,0.2828556001186371,0
TCGA_to_GEO,GSE26682,GSM656679,single_sample_rank,elastic_net,1,0.999502182006836,0.2828556001186371,1
TCGA_to_GEO,GSE26682,GSM656683,single_sample_rank,elastic_net,0,0.0624637380242347,0.2828556001186371,0
TCGA_to_GEO,GSE26682,GSM656687,single_sample_rank,elastic_net,0,0.9562367796897888,0.2828556001186371,1
TCGA_to_GEO,GSE26682,GSM656691,single_sample_rank,elastic_net,0,0.3107489049434662,0.2828556001186371,1
TCGA_to_GEO,GSE26682,GSM656692,single_sample_rank,elastic_net,0,0.3379286825656891,0.2828556001186371,1
TCGA_to_GEO,GSE26682,GSM656693,single_sample_rank,elastic_net,0,0.271188884973526,0.2828556001186371,0
TCGA_to_GEO,GSE26682,GSM656695,single_sample_rank,elastic_net,0,0.0392595343291759,0.2828556001186371,0
TCGA_to_GEO,GSE26682,GSM656698,single_sample_rank,elastic_net,0,0.0339974276721477,0.2828556001186371,0
TCGA_to_GEO,GSE26682,GSM656699,single_sample_rank,elastic_net,0,0.030600955709815,0.2828556001186371,0
TCGA_to_GEO,GSE26682,GSM656700,single_sample_rank,elastic_net,0,0.3646808266639709,0.2828556001186371,1
TCGA_to_GEO,GSE26682,GSM656701,single_sample_rank,elastic_net,0,0.1690194904804229,0.2828556001186371,0
TCGA_to_GEO,GSE26682,GSM656702,single_sample_rank,elastic_net,0,0.1048111021518707,0.2828556001186371,0
TCGA_to_GEO,GSE26682,GSM656703,single_sample_rank,elastic_net,0,0.0076350676827132,0.2828556001186371,0
TCGA_to_GEO,GSE26682,GSM656704,single_sample_rank,elastic_net,0,0.0832349956035614,0.2828556001186371,0
TCGA_to_GEO,GSE26682,GSM656705,single_sample_rank,elastic_net,0,0.5517076849937439,0.2828556001186371,1
TCGA_to_GEO,GSE26682,GSM656707,single_sample_rank,elastic_net,0,0.946822226047516,0.2828556001186371,1
TCGA_to_GEO,GSE26682,GSM656710,single_sample_rank,elastic_net,0,0.5177308917045593,0.2828556001186371,1
TCGA_to_GEO,GSE26682,GSM656711,single_sample_rank,elastic_net,0,0.5695554614067078,0.2828556001186371,1
TCGA_to_GEO,GSE26682,GSM656714,single_sample_rank,elastic_net,0,0.006035893689841,0.2828556001186371,0
TCGA_to_GEO,GSE26682,GSM656715,single_sample_rank,elastic_net,0,0.3601210117340088,0.2828556001186371,1
TCGA_to_GEO,GSE26682,GSM656720,single_sample_rank,elastic_net,0,0.0191109552979469,0.2828556001186371,0
TCGA_to_GEO,GSE26682,GSM656721,single_sample_rank,elastic_net,0,0.1606717258691787,0.2828556001186371,0
TCGA_to_GEO,GSE26682,GSM656726,single_sample_rank,elastic_net,0,0.7097610831260681,0.2828556001186371,1
TCGA_to_GEO,GSE26682,GSM656732,single_sample_rank,elastic_net,0,0.0218551214784383,0.2828556001186371,0
TCGA_to_GEO,GSE26682,GSM656735,single_sample_rank,elastic_net,0,0.0222571846097707,0.2828556001186371,0
TCGA_to_GEO,GSE26682,GSM656736,single_sample_rank,elastic_net,1,0.9760279655456544,0.2828556001186371,1
TCGA_to_GEO,GSE26682,GSM656737,single_sample_rank,elastic_net,0,0.4056549966335296,0.2828556001186371,1
TCGA_to_GEO,GSE26682,GSM656739,single_sample_rank,elastic_net,0,0.0860418602824211,0.2828556001186371,0
TCGA_to_GEO,GSE26682,GSM656742,single_sample_rank,elastic_net,0,0.0465360172092914,0.2828556001186371,0
TCGA_to_GEO,GSE26682,GSM656749,single_sample_rank,elastic_net,0,0.085834302008152,0.2828556001186371,0
TCGA_to_GEO,GSE26682,GSM656768,single_sample_rank,elastic_net,0,0.0104272402822971,0.2828556001186371,0
TCGA_to_GEO,GSE26682,GSM656769,single_sample_rank,elastic_net,0,0.0206883996725082,0.2828556001186371,0
TCGA_to_GEO,GSE26682,GSM656770,single_sample_rank,elastic_net,0,0.3157711923122406,0.2828556001186371,1
TCGA_to_GEO,GSE26682,GSM656772,single_sample_rank,elastic_net,0,0.3304984271526336,0.2828556001186371,1
TCGA_to_GEO,GSE26682,GSM656775,single_sample_rank,elastic_net,0,0.0507778972387313,0.2828556001186371,0
TCGA_to_GEO,GSE26682,GSM656776,single_sample_rank,elastic_net,0,0.0668330788612365,0.2828556001186371,0
TCGA_to_GEO,GSE26682,GSM656777,single_sample_rank,elastic_net,0,0.3114368021488189,0.2828556001186371,1
TCGA_to_GEO,GSE26682,GSM656783,single_sample_rank,elastic_net,0,0.1711667627096176,0.2828556001186371,0
TCGA_to_GEO,GSE26682,GSM656785,single_sample_rank,elastic_net,0,0.4370592832565307,0.2828556001186371,1
TCGA_to_GEO,GSE26682,GSM656787,single_sample_rank,elastic_net,0,0.8533906936645508,0.2828556001186371,1
TCGA_to_GEO,GSE26682,GSM656794,single_sample_rank,elastic_net,0,0.0304519366472959,0.2828556001186371,0
TCGA_to_GEO,GSE26682,GSM656800,single_sample_rank,elastic_net,0,0.1485653221607208,0.2828556001186371,0
TCGA_to_GEO,GSE26682,GSM656803,single_sample_rank,elastic_net,0,0.0762343630194664,0.2828556001186371,0
TCGA_to_GEO,GSE26682,GSM656804,single_sample_rank,elastic_net,0,0.1029972806572914,0.2828556001186371,0
TCGA_to_GEO,GSE26682,GSM656806,single_sample_rank,elastic_net,0,0.2578516900539398,0.2828556001186371,0
TCGA_to_GEO,GSE26682,GSM656809,single_sample_rank,elastic_net,0,0.0057124495506286,0.2828556001186371,0
TCGA_to_GEO,GSE26682,GSM656811,single_sample_rank,elastic_net,0,0.2627791464328766,0.2828556001186371,0
TCGA_to_GEO,GSE26682,GSM656816,single_sample_rank,elastic_net,0,0.8754355311393738,0.2828556001186371,1
TCGA_to_GEO,GSE26682,GSM656819,single_sample_rank,elastic_net,0,0.015599749982357,0.2828556001186371,0
TCGA_to_GEO,GSE26682,GSM656820,single_sample_rank,elastic_net,1,0.9997872710227966,0.2828556001186371,1
TCGA_to_GEO,GSE26682,GSM656822,single_sample_rank,elastic_net,0,0.9720102548599244,0.2828556001186371,1
TCGA_to_GEO,GSE26682,GSM656824,single_sample_rank,elastic_net,0,0.2378455251455307,0.2828556001186371,0
TCGA_to_GEO,GSE26682,GSM656825,single_sample_rank,elastic_net,0,0.2172397822141647,0.2828556001186371,0
TCGA_to_GEO,GSE26682,GSM656830,single_sample_rank,elastic_net,0,0.0506612695753574,0.2828556001186371,0
TCGA_to_GEO,GSE26682,GSM656831,single_sample_rank,elastic_net,0,0.1588371247053146,0.2828556001186371,0
TCGA_to_GEO,GSE26682,GSM656832,single_sample_rank,elastic_net,0,0.1514961719512939,0.2828556001186371,0
TCGA_to_GEO,GSE26682,GSM656833,single_sample_rank,elastic_net,0,0.2123088091611862,0.2828556001186371,0
TCGA_to_GEO,GSE26682,GSM656834,single_sample_rank,elastic_net,0,0.0389668755233287,0.2828556001186371,0
TCGA_to_GEO,GSE26682,GSM656836,single_sample_rank,elastic_net,0,0.5406221747398376,0.2828556001186371,1
TCGA_to_GEO,GSE26682,GSM656837,single_sample_rank,elastic_net,1,0.9999896287918092,0.2828556001186371,1
TCGA_to_GEO,GSE26682,GSM656840,single_sample_rank,elastic_net,0,0.0686912164092063,0.2828556001186371,0
TCGA_to_GEO,GSE26682,GSM656841,single_sample_rank,elastic_net,0,0.9122278094291688,0.2828556001186371,1
TCGA_to_GEO,GSE26682,GSM656842,single_sample_rank,elastic_net,1,0.9999537467956544,0.2828556001186371,1
TCGA_to_GEO,GSE26682,GSM656843,single_sample_rank,elastic_net,0,0.1515238583087921,0.2828556001186371,0
TCGA_to_GEO,GSE26682,GSM656845,single_sample_rank,elastic_net,0,0.3914094269275665,0.2828556001186371,1
TCGA_to_GEO,GSE26682,GSM656846,single_sample_rank,elastic_net,0,0.4477507174015045,0.2828556001186371,1
TCGA_to_GEO,GSE26682,GSM656847,single_sample_rank,elastic_net,0,0.3224743902683258,0.2828556001186371,1
TCGA_to_GEO,GSE26682,GSM656849,single_sample_rank,elastic_net,1,0.999764621257782,0.2828556001186371,1
TCGA_to_GEO,GSE26682,GSM656850,single_sample_rank,elastic_net,1,0.4307124018669128,0.2828556001186371,1
TCGA_to_GEO,GSE26682,GSM656851,single_sample_rank,elastic_net,1,0.9700319170951844,0.2828556001186371,1
TCGA_to_GEO,GSE26682,GSM656853,single_sample_rank,elastic_net,0,0.2551886439323425,0.2828556001186371,0
TCGA_to_GEO,GSE26682,GSM656854,single_sample_rank,elastic_net,1,0.9999244213104248,0.2828556001186371,1
TCGA_to_GEO,GSE26682,GSM656857,single_sample_rank,elastic_net,0,0.4301018416881561,0.2828556001186371,1
TCGA_to_GEO,GSE26682,GSM656858,single_sample_rank,elastic_net,0,0.0782584175467491,0.2828556001186371,0
TCGA_to_GEO,GSE26682,GSM656859,single_sample_rank,elastic_net,0,0.4030905067920685,0.2828556001186371,1
TCGA_to_GEO,GSE26682,GSM656860,single_sample_rank,elastic_net,0,0.9973165392875672,0.2828556001186371,1
TCGA_to_GEO,GSE26682,GSM656861,single_sample_rank,elastic_net,0,0.0179424323141574,0.2828556001186371,0
TCGA_to_GEO,GSE26682,GSM656863,single_sample_rank,elastic_net,0,0.0980105102062225,0.2828556001186371,0
TCGA_to_GEO,GSE26682,GSM656864,single_sample_rank,elastic_net,1,0.9997702240943908,0.2828556001186371,1
TCGA_to_GEO,GSE26682,GSM656865,single_sample_rank,elastic_net,1,0.7430164217948914,0.2828556001186371,1
TCGA_to_GEO,GSE26682,GSM656867,single_sample_rank,elastic_net,0,0.640625,0.2828556001186371,1
TCGA_to_GEO,GSE26682,GSM656868,single_sample_rank,elastic_net,0,0.2434116452932357,0.2828556001186371,0
TCGA_to_GEO,GSE26682,GSM656869,single_sample_rank,elastic_net,0,0.0644494742155075,0.2828556001186371,0
TCGA_to_GEO,GSE26682,GSM656870,single_sample_rank,elastic_net,0,0.0285803619772195,0.2828556001186371,0
TCGA_to_GEO,GSE39084,GSM955440,single_sample_rank,elastic_net,0,0.0022857394069433,0.2828556001186371,0
TCGA_to_GEO,GSE39084,GSM955441,single_sample_rank,elastic_net,0,0.0014442591927945,0.2828556001186371,0
TCGA_to_GEO,GSE39084,GSM955442,single_sample_rank,elastic_net,0,0.016704898327589,0.2828556001186371,0
TCGA_to_GEO,GSE39084,GSM955443,single_sample_rank,elastic_net,0,0.0032802035566419,0.2828556001186371,0
TCGA_to_GEO,GSE39084,GSM955444,single_sample_rank,elastic_net,0,0.0178214162588119,0.2828556001186371,0
TCGA_to_GEO,GSE39084,GSM955445,single_sample_rank,elastic_net,0,0.0010768468491733,0.2828556001186371,0
TCGA_to_GEO,GSE39084,GSM955446,single_sample_rank,elastic_net,0,0.0051709730178117,0.2828556001186371,0
TCGA_to_GEO,GSE39084,GSM955447,single_sample_rank,elastic_net,1,0.0848227962851524,0.2828556001186371,0
TCGA_to_GEO,GSE39084,GSM955448,single_sample_rank,elastic_net,1,0.4125146269798279,0.2828556001186371,1
TCGA_to_GEO,GSE39084,GSM955449,single_sample_rank,elastic_net,0,0.0039966036565601,0.2828556001186371,0
TCGA_to_GEO,GSE39084,GSM955450,single_sample_rank,elastic_net,0,0.0009090499370358,0.2828556001186371,0
TCGA_to_GEO,GSE39084,GSM955451,single_sample_rank,elastic_net,0,0.0022706091403961,0.2828556001186371,0
TCGA_to_GEO,GSE39084,GSM955452,single_sample_rank,elastic_net,0,0.0057338066399097,0.2828556001186371,0
TCGA_to_GEO,GSE39084,GSM955453,single_sample_rank,elastic_net,0,0.0010116931516677,0.2828556001186371,0
TCGA_to_GEO,GSE39084,GSM955455,single_sample_rank,elastic_net,0,0.1533741056919098,0.2828556001186371,0
TCGA_to_GEO,GSE39084,GSM955456,single_sample_rank,elastic_net,0,0.0027816258370876,0.2828556001186371,0
TCGA_to_GEO,GSE39084,GSM955457,single_sample_rank,elastic_net,0,0.1469038128852844,0.2828556001186371,0
TCGA_to_GEO,GSE39084,GSM955458,single_sample_rank,elastic_net,1,0.5236815214157104,0.2828556001186371,1
TCGA_to_GEO,GSE39084,GSM955459,single_sample_rank,elastic_net,1,0.5610352754592896,0.2828556001186371,1
TCGA_to_GEO,GSE39084,GSM955460,single_sample_rank,elastic_net,1,0.2239266186952591,0.2828556001186371,0
TCGA_to_GEO,GSE39084,GSM955461,single_sample_rank,elastic_net,1,0.0939409360289573,0.2828556001186371,0
TCGA_to_GEO,GSE39084,GSM955462,single_sample_rank,elastic_net,0,0.0131794894114136,0.2828556001186371,0
TCGA_to_GEO,GSE39084,GSM955463,single_sample_rank,elastic_net,0,0.0086364047601819,0.2828556001186371,0
TCGA_to_GEO,GSE39084,GSM955464,single_sample_rank,elastic_net,0,0.0141660394147038,0.2828556001186371,0
TCGA_to_GEO,GSE39084,GSM955466,single_sample_rank,elastic_net,1,0.1770004630088806,0.2828556001186371,0
TCGA_to_GEO,GSE39084,GSM955467,single_sample_rank,elastic_net,1,0.1871767193078994,0.2828556001186371,0
TCGA_to_GEO,GSE39084,GSM955468,single_sample_rank,elastic_net,1,0.9711743593215942,0.2828556001186371,1
TCGA_to_GEO,GSE39084,GSM955469,single_sample_rank,elastic_net,1,0.7027732133865356,0.2828556001186371,1
TCGA_to_GEO,GSE39084,GSM955470,single_sample_rank,elastic_net,1,0.8781656622886658,0.2828556001186371,1
TCGA_to_GEO,GSE39084,GSM955471,single_sample_rank,elastic_net,1,0.8746362924575806,0.2828556001186371,1
TCGA_to_GEO,GSE39084,GSM955472,single_sample_rank,elastic_net,1,0.5247663855552673,0.2828556001186371,1
TCGA_to_GEO,GSE39084,GSM955473,single_sample_rank,elastic_net,1,0.720698356628418,0.2828556001186371,1
TCGA_to_GEO,GSE39084,GSM955474,single_sample_rank,elastic_net,0,0.0102523760870099,0.2828556001186371,0
TCGA_to_GEO,GSE39084,GSM955475,single_sample_rank,elastic_net,0,0.0091260345652699,0.2828556001186371,0
TCGA_to_GEO,GSE39084,GSM955476,single_sample_rank,elastic_net,0,0.0207940824329853,0.2828556001186371,0
TCGA_to_GEO,GSE39084,GSM955477,single_sample_rank,elastic_net,0,0.0763830542564392,0.2828556001186371,0
TCGA_to_GEO,GSE39084,GSM955478,single_sample_rank,elastic_net,0,0.0080718351528048,0.2828556001186371,0
TCGA_to_GEO,GSE39084,GSM955479,single_sample_rank,elastic_net,0,0.0122785773128271,0.2828556001186371,0
TCGA_to_GEO,GSE39084,GSM955480,single_sample_rank,elastic_net,0,0.0011522015556693,0.2828556001186371,0
TCGA_to_GEO,GSE39084,GSM955482,single_sample_rank,elastic_net,0,0.0068322718143463,0.2828556001186371,0
TCGA_to_GEO,GSE39084,GSM955483,single_sample_rank,elastic_net,0,0.0116176912561059,0.2828556001186371,0
TCGA_to_GEO,GSE39084,GSM955484,single_sample_rank,elastic_net,0,0.0016969265416264,0.2828556001186371,0
TCGA_to_GEO,GSE39084,GSM955485,single_sample_rank,elastic_net,0,0.0112629290670156,0.2828556001186371,0
TCGA_to_GEO,GSE39084,GSM955486,single_sample_rank,elastic_net,0,0.0289101246744394,0.2828556001186371,0
TCGA_to_GEO,GSE39084,GSM955487,single_sample_rank,elastic_net,0,0.0922301635146141,0.2828556001186371,0
TCGA_to_GEO,GSE39084,GSM955488,single_sample_rank,elastic_net,0,0.0733515471220016,0.2828556001186371,0
TCGA_to_GEO,GSE39084,GSM955489,single_sample_rank,elastic_net,0,0.0112723959609866,0.2828556001186371,0
TCGA_to_GEO,GSE39084,GSM955490,single_sample_rank,elastic_net,0,0.0010304555762559,0.2828556001186371,0
TCGA_to_GEO,GSE39084,GSM955491,single_sample_rank,elastic_net,0,0.0050467499531805,0.2828556001186371,0
TCGA_to_GEO,GSE39084,GSM955492,single_sample_rank,elastic_net,0,0.0024603549391031,0.2828556001186371,0
TCGA_to_GEO,GSE39084,GSM955493,single_sample_rank,elastic_net,0,0.0013361081946641,0.2828556001186371,0
TCGA_to_GEO,GSE39084,GSM955494,single_sample_rank,elastic_net,0,0.0117021817713975,0.2828556001186371,0
TCGA_to_GEO,GSE39084,GSM955495,single_sample_rank,elastic_net,0,0.0320302173495292,0.2828556001186371,0
TCGA_to_GEO,GSE39084,GSM955496,single_sample_rank,elastic_net,0,0.0029577510431408,0.2828556001186371,0
TCGA_to_GEO,GSE39084,GSM955497,single_sample_rank,elastic_net,0,0.0039345980621874,0.2828556001186371,0
TCGA_to_GEO,GSE39084,GSM955498,single_sample_rank,elastic_net,0,0.0066014751791954,0.2828556001186371,0
TCGA_to_GEO,GSE39084,GSM955499,single_sample_rank,elastic_net,0,0.0067665041424334,0.2828556001186371,0
TCGA_to_GEO,GSE39084,GSM955500,single_sample_rank,elastic_net,0,0.0674086138606071,0.2828556001186371,0
TCGA_to_GEO,GSE39084,GSM955501,single_sample_rank,elastic_net,0,0.0124465646222233,0.2828556001186371,0
TCGA_to_GEO,GSE39084,GSM955502,single_sample_rank,elastic_net,0,0.0256301146000623,0.2828556001186371,0
TCGA_to_GEO,GSE39084,GSM955503,single_sample_rank,elastic_net,0,0.0057243569754064,0.2828556001186371,0
TCGA_to_GEO,GSE39084,GSM955504,single_sample_rank,elastic_net,0,0.0886141285300254,0.2828556001186371,0
TCGA_to_GEO,GSE39084,GSM955505,single_sample_rank,elastic_net,0,0.0196689292788505,0.2828556001186371,0
TCGA_to_GEO,GSE39084,GSM955506,single_sample_rank,elastic_net,0,0.0006145861698314,0.2828556001186371,0
TCGA_to_GEO,GSE39084,GSM955507,single_sample_rank,elastic_net,0,0.002755424240604,0.2828556001186371,0
TCGA_to_GEO,GSE39084,GSM955508,single_sample_rank,elastic_net,1,0.9680857062339784,0.2828556001186371,1
TCGA_to_GEO,GSE39084,GSM955509,single_sample_rank,elastic_net,1,0.2154473215341568,0.2828556001186371,0
TCGA_to_GEO,GSE13294,GSM335510,single_sample_rank,svm_rbf,0,0.2228640681861564,0.525435413993424,0
TCGA_to_GEO,GSE13294,GSM335511,single_sample_rank,svm_rbf,1,0.2228640681861564,0.525435413993424,0
TCGA_to_GEO,GSE13294,GSM335512,single_sample_rank,svm_rbf,0,0.2228640681861564,0.525435413993424,0
TCGA_to_GEO,GSE13294,GSM335513,single_sample_rank,svm_rbf,0,0.2228640681861564,0.525435413993424,0
TCGA_to_GEO,GSE13294,GSM335514,single_sample_rank,svm_rbf,0,0.2228640681861564,0.525435413993424,0
TCGA_to_GEO,GSE13294,GSM335515,single_sample_rank,svm_rbf,0,0.2228640681861564,0.525435413993424,0
TCGA_to_GEO,GSE13294,GSM335516,single_sample_rank,svm_rbf,0,0.2228640681861564,0.525435413993424,0
TCGA_to_GEO,GSE13294,GSM335517,single_sample_rank,svm_rbf,0,0.2228640681861564,0.525435413993424,0
TCGA_to_GEO,GSE13294,GSM335518,single_sample_rank,svm_rbf,1,0.2228640681861564,0.525435413993424,0
TCGA_to_GEO,GSE13294,GSM335519,single_sample_rank,svm_rbf,1,0.2228640681861564,0.525435413993424,0
TCGA_to_GEO,GSE13294,GSM335520,single_sample_rank,svm_rbf,0,0.2228640681861564,0.525435413993424,0
TCGA_to_GEO,GSE13294,GSM335521,single_sample_rank,svm_rbf,0,0.2228640681861564,0.525435413993424,0
TCGA_to_GEO,GSE13294,GSM335522,single_sample_rank,svm_rbf,0,0.2228640681861564,0.525435413993424,0
TCGA_to_GEO,GSE13294,GSM335523,single_sample_rank,svm_rbf,0,0.2228640681861564,0.525435413993424,0
TCGA_to_GEO,GSE13294,GSM335524,single_sample_rank,svm_rbf,0,0.2228640681861564,0.525435413993424,0
TCGA_to_GEO,GSE13294,GSM335525,single_sample_rank,svm_rbf,1,0.2228640681861564,0.525435413993424,0
TCGA_to_GEO,GSE13294,GSM335526,single_sample_rank,svm_rbf,0,0.2228640681861564,0.525435413993424,0
TCGA_to_GEO,GSE13294,GSM335527,single_sample_rank,svm_rbf,1,0.2228640681861564,0.525435413993424,0
TCGA_to_GEO,GSE13294,GSM335528,single_sample_rank,svm_rbf,0,0.2228640681861564,0.525435413993424,0
TCGA_to_GEO,GSE13294,GSM335529,single_sample_rank,svm_rbf,1,0.2228640681861564,0.525435413993424,0
TCGA_to_GEO,GSE13294,GSM335530,single_sample_rank,svm_rbf,1,0.2228640681861564,0.525435413993424,0
TCGA_to_GEO,GSE13294,GSM335531,single_sample_rank,svm_rbf,0,0.2228640681861564,0.525435413993424,0
TCGA_to_GEO,GSE13294,GSM335532,single_sample_rank,svm_rbf,1,0.2228640681861564,0.525435413993424,0
TCGA_to_GEO,GSE13294,GSM335533,single_sample_rank,svm_rbf,0,0.2228640681861564,0.525435413993424,0
TCGA_to_GEO,GSE13294,GSM335534,single_sample_rank,svm_rbf,0,0.2228640681861564,0.525435413993424,0
TCGA_to_GEO,GSE13294,GSM335535,single_sample_rank,svm_rbf,0,0.2228640681861564,0.525435413993424,0
TCGA_to_GEO,GSE13294,GSM335536,single_sample_rank,svm_rbf,0,0.2228640681861564,0.525435413993424,0
TCGA_to_GEO,GSE13294,GSM335537,single_sample_rank,svm_rbf,0,0.2228640681861564,0.525435413993424,0
TCGA_to_GEO,GSE13294,GSM335538,single_sample_rank,svm_rbf,0,0.2228640681861564,0.525435413993424,0
TCGA_to_GEO,GSE13294,GSM335539,single_sample_rank,svm_rbf,0,0.2228640681861564,0.525435413993424,0
TCGA_to_GEO,GSE13294,GSM335540,single_sample_rank,svm_rbf,0,0.2228640681861564,0.525435413993424,0
TCGA_to_GEO,GSE13294,GSM335541,single_sample_rank,svm_rbf,1,0.2228640681861564,0.525435413993424,0
TCGA_to_GEO,GSE13294,GSM335542,single_sample_rank,svm_rbf,1,0.2228640681861564,0.525435413993424,0
TCGA_to_GEO,GSE13294,GSM335543,single_sample_rank,svm_rbf,1,0.2228640681861564,0.525435413993424,0
TCGA_to_GEO,GSE13294,GSM335544,single_sample_rank,svm_rbf,1,0.2228640681861564,0.525435413993424,0
TCGA_to_GEO,GSE13294,GSM335545,single_sample_rank,svm_rbf,1,0.2228640681861564,0.525435413993424,0
TCGA_to_GEO,GSE13294,GSM335546,single_sample_rank,svm_rbf,1,0.2228640681861564,0.525435413993424,0
TCGA_to_GEO,GSE13294,GSM335547,single_sample_rank,svm_rbf,0,0.2228640681861564,0.525435413993424,0
TCGA_to_GEO,GSE13294,GSM335548,single_sample_rank,svm_rbf,0,0.2228640681861564,0.525435413993424,0
TCGA_to_GEO,GSE13294,GSM335549,single_sample_rank,svm_rbf,0,0.2228640681861564,0.525435413993424,0
TCGA_to_GEO,GSE13294,GSM335550,single_sample_rank,svm_rbf,0,0.2228640681861564,0.525435413993424,0
TCGA_to_GEO,GSE13294,GSM335551,single_sample_rank,svm_rbf,1,0.2228640681861564,0.525435413993424,0
TCGA_to_GEO,GSE13294,GSM335552,single_sample_rank,svm_rbf,0,0.2228640681861564,0.525435413993424,0
TCGA_to_GEO,GSE13294,GSM335553,single_sample_rank,svm_rbf,0,0.2228640681861564,0.525435413993424,0
TCGA_to_GEO,GSE13294,GSM335554,single_sample_rank,svm_rbf,0,0.2228640681861564,0.525435413993424,0
TCGA_to_GEO,GSE13294,GSM335555,single_sample_rank,svm_rbf,1,0.2228640681861564,0.525435413993424,0
TCGA_to_GEO,GSE13294,GSM335556,single_sample_rank,svm_rbf,0,0.2228640681861564,0.525435413993424,0
TCGA_to_GEO,GSE13294,GSM335557,single_sample_rank,svm_rbf,0,0.2228640681861564,0.525435413993424,0
TCGA_to_GEO,GSE13294,GSM335558,single_sample_rank,svm_rbf,0,0.2228640681861564,0.525435413993424,0
TCGA_to_GEO,GSE13294,GSM335559,single_sample_rank,svm_rbf,1,0.2228640681861564,0.525435413993424,0
TCGA_to_GEO,GSE13294,GSM335560,single_sample_rank,svm_rbf,1,0.2228640681861564,0.525435413993424,0
TCGA_to_GEO,GSE13294,GSM335561,single_sample_rank,svm_rbf,0,0.2228640681861564,0.525435413993424,0
TCGA_to_GEO,GSE13294,GSM335562,single_sample_rank,svm_rbf,1,0.2228640681861564,0.525435413993424,0
TCGA_to_GEO,GSE13294,GSM335563,single_sample_rank,svm_rbf,1,0.2228640681861564,0.525435413993424,0
TCGA_to_GEO,GSE13294,GSM335564,single_sample_rank,svm_rbf,0,0.2228640681861564,0.525435413993424,0
TCGA_to_GEO,GSE13294,GSM335565,single_sample_rank,svm_rbf,1,0.2228640681861564,0.525435413993424,0
TCGA_to_GEO,GSE13294,GSM335566,single_sample_rank,svm_rbf,1,0.2228640681861564,0.525435413993424,0
TCGA_to_GEO,GSE13294,GSM335567,single_sample_rank,svm_rbf,0,0.2228640681861564,0.525435413993424,0
TCGA_to_GEO,GSE13294,GSM335568,single_sample_rank,svm_rbf,0,0.2228640681861564,0.525435413993424,0
TCGA_to_GEO,GSE13294,GSM335569,single_sample_rank,svm_rbf,0,0.2228640681861564,0.525435413993424,0
TCGA_to_GEO,GSE13294,GSM335570,single_sample_rank,svm_rbf,0,0.2228640681861564,0.525435413993424,0
TCGA_to_GEO,GSE13294,GSM335571,single_sample_rank,svm_rbf,0,0.2228640681861564,0.525435413993424,0
TCGA_to_GEO,GSE13294,GSM335572,single_sample_rank,svm_rbf,0,0.2228640681861564,0.525435413993424,0
TCGA_to_GEO,GSE13294,GSM335573,single_sample_rank,svm_rbf,1,0.2228640681861564,0.525435413993424,0
TCGA_to_GEO,GSE13294,GSM335574,single_sample_rank,svm_rbf,1,0.2228640681861564,0.525435413993424,0
TCGA_to_GEO,GSE13294,GSM335575,single_sample_rank,svm_rbf,0,0.2228640681861564,0.525435413993424,0
TCGA_to_GEO,GSE13294,GSM335576,single_sample_rank,svm_rbf,1,0.2228640681861564,0.525435413993424,0
TCGA_to_GEO,GSE13294,GSM335577,single_sample_rank,svm_rbf,1,0.2228640681861564,0.525435413993424,0
TCGA_to_GEO,GSE13294,GSM335578,single_sample_rank,svm_rbf,1,0.2228640681861564,0.525435413993424,0
TCGA_to_GEO,GSE13294,GSM335579,single_sample_rank,svm_rbf,0,0.2228640681861564,0.525435413993424,0
TCGA_to_GEO,GSE13294,GSM335580,single_sample_rank,svm_rbf,0,0.2228640681861564,0.525435413993424,0
TCGA_to_GEO,GSE13294,GSM335581,single_sample_rank,svm_rbf,0,0.2228640681861564,0.525435413993424,0
TCGA_to_GEO,GSE13294,GSM335582,single_sample_rank,svm_rbf,0,0.2228640681861564,0.525435413993424,0
TCGA_to_GEO,GSE13294,GSM335583,single_sample_rank,svm_rbf,0,0.2228640681861564,0.525435413993424,0
TCGA_to_GEO,GSE13294,GSM335584,single_sample_rank,svm_rbf,0,0.2228640681861564,0.525435413993424,0
TCGA_to_GEO,GSE13294,GSM335585,single_sample_rank,svm_rbf,1,0.2228640681861564,0.525435413993424,0
TCGA_to_GEO,GSE13294,GSM335586,single_sample_rank,svm_rbf,0,0.2228640681861564,0.525435413993424,0
TCGA_to_GEO,GSE13294,GSM335587,single_sample_rank,svm_rbf,0,0.2228640681861564,0.525435413993424,0
TCGA_to_GEO,GSE13294,GSM335588,single_sample_rank,svm_rbf,0,0.2228640681861564,0.525435413993424,0
TCGA_to_GEO,GSE13294,GSM335589,single_sample_rank,svm_rbf,0,0.2228640681861564,0.525435413993424,0
TCGA_to_GEO,GSE13294,GSM335590,single_sample_rank,svm_rbf,0,0.2228640681861564,0.525435413993424,0
TCGA_to_GEO,GSE13294,GSM335591,single_sample_rank,svm_rbf,0,0.2228640681861564,0.525435413993424,0
TCGA_to_GEO,GSE13294,GSM335592,single_sample_rank,svm_rbf,0,0.2228640681861564,0.525435413993424,0
TCGA_to_GEO,GSE13294,GSM335593,single_sample_rank,svm_rbf,0,0.2228640681861564,0.525435413993424,0
TCGA_to_GEO,GSE13294,GSM335594,single_sample_rank,svm_rbf,0,0.2228640681861564,0.525435413993424,0
TCGA_to_GEO,GSE13294,GSM335595,single_sample_rank,svm_rbf,1,0.2228640681861564,0.525435413993424,0
TCGA_to_GEO,GSE13294,GSM335596,single_sample_rank,svm_rbf,0,0.2228640681861564,0.525435413993424,0
TCGA_to_GEO,GSE13294,GSM335597,single_sample_rank,svm_rbf,1,0.2228640681861564,0.525435413993424,0
TCGA_to_GEO,GSE13294,GSM335598,single_sample_rank,svm_rbf,0,0.2228640681861564,0.525435413993424,0
TCGA_to_GEO,GSE13294,GSM335599,single_sample_rank,svm_rbf,0,0.2228640681861564,0.525435413993424,0
TCGA_to_GEO,GSE13294,GSM335600,single_sample_rank,svm_rbf,0,0.2228640681861564,0.525435413993424,0
TCGA_to_GEO,GSE13294,GSM335601,single_sample_rank,svm_rbf,0,0.2228640681861564,0.525435413993424,0
TCGA_to_GEO,GSE13294,GSM335602,single_sample_rank,svm_rbf,0,0.2228640681861564,0.525435413993424,0
TCGA_to_GEO,GSE13294,GSM335603,single_sample_rank,svm_rbf,0,0.2228640681861564,0.525435413993424,0
TCGA_to_GEO,GSE13294,GSM335604,single_sample_rank,svm_rbf,0,0.2228640681861564,0.525435413993424,0
TCGA_to_GEO,GSE13294,GSM335605,single_sample_rank,svm_rbf,0,0.2228640681861564,0.525435413993424,0
TCGA_to_GEO,GSE13294,GSM335606,single_sample_rank,svm_rbf,0,0.2228640681861564,0.525435413993424,0
TCGA_to_GEO,GSE13294,GSM335607,single_sample_rank,svm_rbf,0,0.2228640681861564,0.525435413993424,0
TCGA_to_GEO,GSE13294,GSM335608,single_sample_rank,svm_rbf,0,0.2228640681861564,0.525435413993424,0
TCGA_to_GEO,GSE13294,GSM335609,single_sample_rank,svm_rbf,0,0.2228640681861564,0.525435413993424,0
TCGA_to_GEO,GSE13294,GSM335610,single_sample_rank,svm_rbf,0,0.2228640681861564,0.525435413993424,0
TCGA_to_GEO,GSE13294,GSM335611,single_sample_rank,svm_rbf,0,0.2228640681861564,0.525435413993424,0
TCGA_to_GEO,GSE13294,GSM335612,single_sample_rank,svm_rbf,0,0.2228640681861564,0.525435413993424,0
TCGA_to_GEO,GSE13294,GSM335613,single_sample_rank,svm_rbf,0,0.2228640681861564,0.525435413993424,0
TCGA_to_GEO,GSE13294,GSM335614,single_sample_rank,svm_rbf,1,0.2228640681861564,0.525435413993424,0
TCGA_to_GEO,GSE13294,GSM335615,single_sample_rank,svm_rbf,0,0.2228640681861564,0.525435413993424,0
TCGA_to_GEO,GSE13294,GSM335616,single_sample_rank,svm_rbf,0,0.2228640681861564,0.525435413993424,0
TCGA_to_GEO,GSE13294,GSM335617,single_sample_rank,svm_rbf,0,0.2228640681861564,0.525435413993424,0
TCGA_to_GEO,GSE13294,GSM335618,single_sample_rank,svm_rbf,1,0.2228640681861564,0.525435413993424,0
TCGA_to_GEO,GSE13294,GSM335619,single_sample_rank,svm_rbf,1,0.2228640681861564,0.525435413993424,0
TCGA_to_GEO,GSE13294,GSM335620,single_sample_rank,svm_rbf,1,0.2228640681861564,0.525435413993424,0
TCGA_to_GEO,GSE13294,GSM335621,single_sample_rank,svm_rbf,1,0.2228640681861564,0.525435413993424,0
TCGA_to_GEO,GSE13294,GSM335622,single_sample_rank,svm_rbf,1,0.2228640681861564,0.525435413993424,0
TCGA_to_GEO,GSE13294,GSM335623,single_sample_rank,svm_rbf,1,0.2228640681861564,0.525435413993424,0
TCGA_to_GEO,GSE13294,GSM335624,single_sample_rank,svm_rbf,1,0.2228640681861564,0.525435413993424,0
TCGA_to_GEO,GSE13294,GSM335625,single_sample_rank,svm_rbf,1,0.2228640681861564,0.525435413993424,0
TCGA_to_GEO,GSE13294,GSM335626,single_sample_rank,svm_rbf,1,0.2228640681861564,0.525435413993424,0
TCGA_to_GEO,GSE13294,GSM335627,single_sample_rank,svm_rbf,1,0.2228640681861564,0.525435413993424,0
TCGA_to_GEO,GSE13294,GSM335628,single_sample_rank,svm_rbf,1,0.2228640681861564,0.525435413993424,0
TCGA_to_GEO,GSE13294,GSM335629,single_sample_rank,svm_rbf,1,0.2228640681861564,0.525435413993424,0
TCGA_to_GEO,GSE13294,GSM335630,single_sample_rank,svm_rbf,1,0.2228640681861564,0.525435413993424,0
TCGA_to_GEO,GSE13294,GSM335631,single_sample_rank,svm_rbf,1,0.2228640681861564,0.525435413993424,0
TCGA_to_GEO,GSE13294,GSM335632,single_sample_rank,svm_rbf,1,0.2228640681861564,0.525435413993424,0
TCGA_to_GEO,GSE13294,GSM335633,single_sample_rank,svm_rbf,1,0.2228640681861564,0.525435413993424,0
TCGA_to_GEO,GSE13294,GSM335634,single_sample_rank,svm_rbf,1,0.2228640681861564,0.525435413993424,0
TCGA_to_GEO,GSE13294,GSM335635,single_sample_rank,svm_rbf,1,0.2228640681861564,0.525435413993424,0
TCGA_to_GEO,GSE13294,GSM335636,single_sample_rank,svm_rbf,1,0.2228640681861564,0.525435413993424,0
TCGA_to_GEO,GSE13294,GSM335637,single_sample_rank,svm_rbf,1,0.2228640681861564,0.525435413993424,0
TCGA_to_GEO,GSE13294,GSM335638,single_sample_rank,svm_rbf,1,0.2228640681861564,0.525435413993424,0
TCGA_to_GEO,GSE13294,GSM335639,single_sample_rank,svm_rbf,1,0.2228640681861564,0.525435413993424,0
TCGA_to_GEO,GSE13294,GSM335640,single_sample_rank,svm_rbf,1,0.2228640681861564,0.525435413993424,0
TCGA_to_GEO,GSE13294,GSM335641,single_sample_rank,svm_rbf,1,0.2228640681861564,0.525435413993424,0
TCGA_to_GEO,GSE13294,GSM335642,single_sample_rank,svm_rbf,1,0.2228640681861564,0.525435413993424,0
TCGA_to_GEO,GSE13294,GSM335643,single_sample_rank,svm_rbf,1,0.2228640681861564,0.525435413993424,0
TCGA_to_GEO,GSE13294,GSM335644,single_sample_rank,svm_rbf,1,0.2228640681861564,0.525435413993424,0
TCGA_to_GEO,GSE13294,GSM335645,single_sample_rank,svm_rbf,1,0.2228640681861564,0.525435413993424,0
TCGA_to_GEO,GSE13294,GSM335646,single_sample_rank,svm_rbf,1,0.2228640681861564,0.525435413993424,0
TCGA_to_GEO,GSE13294,GSM335647,single_sample_rank,svm_rbf,1,0.2228640681861564,0.525435413993424,0
TCGA_to_GEO,GSE13294,GSM335648,single_sample_rank,svm_rbf,1,0.2228640681861564,0.525435413993424,0
TCGA_to_GEO,GSE13294,GSM335649,single_sample_rank,svm_rbf,1,0.2228640681861564,0.525435413993424,0
TCGA_to_GEO,GSE13294,GSM335650,single_sample_rank,svm_rbf,1,0.2228640681861564,0.525435413993424,0
TCGA_to_GEO,GSE13294,GSM335651,single_sample_rank,svm_rbf,1,0.2228640681861564,0.525435413993424,0
TCGA_to_GEO,GSE13294,GSM335652,single_sample_rank,svm_rbf,1,0.2228640681861564,0.525435413993424,0
TCGA_to_GEO,GSE13294,GSM335653,single_sample_rank,svm_rbf,1,0.2228640681861564,0.525435413993424,0
TCGA_to_GEO,GSE13294,GSM335654,single_sample_rank,svm_rbf,1,0.2228640681861564,0.525435413993424,0
TCGA_to_GEO,GSE13294,GSM335655,single_sample_rank,svm_rbf,1,0.2228640681861564,0.525435413993424,0
TCGA_to_GEO,GSE13294,GSM335656,single_sample_rank,svm_rbf,1,0.2228640681861564,0.525435413993424,0
TCGA_to_GEO,GSE13294,GSM335657,single_sample_rank,svm_rbf,1,0.2228640681861564,0.525435413993424,0
TCGA_to_GEO,GSE13294,GSM335658,single_sample_rank,svm_rbf,1,0.2228640681861564,0.525435413993424,0
TCGA_to_GEO,GSE13294,GSM335659,single_sample_rank,svm_rbf,1,0.2228640681861564,0.525435413993424,0
TCGA_to_GEO,GSE13294,GSM335660,single_sample_rank,svm_rbf,1,0.2228640681861564,0.525435413993424,0
TCGA_to_GEO,GSE13294,GSM335661,single_sample_rank,svm_rbf,1,0.2228640681861564,0.525435413993424,0
TCGA_to_GEO,GSE13294,GSM335662,single_sample_rank,svm_rbf,1,0.2228640681861564,0.525435413993424,0
TCGA_to_GEO,GSE13294,GSM335663,single_sample_rank,svm_rbf,1,0.2228640681861564,0.525435413993424,0
TCGA_to_GEO,GSE13294,GSM335664,single_sample_rank,svm_rbf,1,0.2228640681861564,0.525435413993424,0
TCGA_to_GEO,GSE13067,GSM327282,single_sample_rank,svm_rbf,1,0.2228640681861564,0.525435413993424,0
TCGA_to_GEO,GSE13067,GSM327283,single_sample_rank,svm_rbf,0,0.2228640681861564,0.525435413993424,0
TCGA_to_GEO,GSE13067,GSM327284,single_sample_rank,svm_rbf,0,0.2228640681861564,0.525435413993424,0
TCGA_to_GEO,GSE13067,GSM327285,single_sample_rank,svm_rbf,0,0.2228640681861564,0.525435413993424,0
TCGA_to_GEO,GSE13067,GSM327286,single_sample_rank,svm_rbf,0,0.2228640681861564,0.525435413993424,0
TCGA_to_GEO,GSE13067,GSM327287,single_sample_rank,svm_rbf,0,0.2228640681861564,0.525435413993424,0
TCGA_to_GEO,GSE13067,GSM327288,single_sample_rank,svm_rbf,1,0.2228640681861564,0.525435413993424,0
TCGA_to_GEO,GSE13067,GSM327289,single_sample_rank,svm_rbf,0,0.2228640681861564,0.525435413993424,0
TCGA_to_GEO,GSE13067,GSM327290,single_sample_rank,svm_rbf,0,0.2228640681861564,0.525435413993424,0
TCGA_to_GEO,GSE13067,GSM327291,single_sample_rank,svm_rbf,0,0.2228640681861564,0.525435413993424,0
TCGA_to_GEO,GSE13067,GSM327292,single_sample_rank,svm_rbf,0,0.2228640681861564,0.525435413993424,0
TCGA_to_GEO,GSE13067,GSM327293,single_sample_rank,svm_rbf,0,0.2228640681861564,0.525435413993424,0
TCGA_to_GEO,GSE13067,GSM327294,single_sample_rank,svm_rbf,0,0.2228640681861564,0.525435413993424,0
TCGA_to_GEO,GSE13067,GSM327295,single_sample_rank,svm_rbf,0,0.2228640681861564,0.525435413993424,0
TCGA_to_GEO,GSE13067,GSM327296,single_sample_rank,svm_rbf,0,0.2228640681861564,0.525435413993424,0
TCGA_to_GEO,GSE13067,GSM327297,single_sample_rank,svm_rbf,0,0.2228640681861564,0.525435413993424,0
TCGA_to_GEO,GSE13067,GSM327298,single_sample_rank,svm_rbf,0,0.2228640681861564,0.525435413993424,0
TCGA_to_GEO,GSE13067,GSM327299,single_sample_rank,svm_rbf,0,0.2228640681861564,0.525435413993424,0
TCGA_to_GEO,GSE13067,GSM327300,single_sample_rank,svm_rbf,0,0.2228640681861564,0.525435413993424,0
TCGA_to_GEO,GSE13067,GSM327301,single_sample_rank,svm_rbf,0,0.2228640681861564,0.525435413993424,0
TCGA_to_GEO,GSE13067,GSM327302,single_sample_rank,svm_rbf,0,0.2228640681861564,0.525435413993424,0
TCGA_to_GEO,GSE13067,GSM327303,single_sample_rank,svm_rbf,0,0.2228640681861564,0.525435413993424,0
TCGA_to_GEO,GSE13067,GSM327304,single_sample_rank,svm_rbf,0,0.2228640681861564,0.525435413993424,0
TCGA_to_GEO,GSE13067,GSM327305,single_sample_rank,svm_rbf,0,0.2228640681861564,0.525435413993424,0
TCGA_to_GEO,GSE13067,GSM327306,single_sample_rank,svm_rbf,0,0.2228640681861564,0.525435413993424,0
TCGA_to_GEO,GSE13067,GSM327307,single_sample_rank,svm_rbf,0,0.2228640681861564,0.525435413993424,0
TCGA_to_GEO,GSE13067,GSM327308,single_sample_rank,svm_rbf,0,0.2228640681861564,0.525435413993424,0
TCGA_to_GEO,GSE13067,GSM327309,single_sample_rank,svm_rbf,1,0.2228640681861564,0.525435413993424,0
TCGA_to_GEO,GSE13067,GSM327310,single_sample_rank,svm_rbf,1,0.2228640681861564,0.525435413993424,0
TCGA_to_GEO,GSE13067,GSM327311,single_sample_rank,svm_rbf,1,0.2228640681861564,0.525435413993424,0
TCGA_to_GEO,GSE13067,GSM327312,single_sample_rank,svm_rbf,0,0.2228640681861564,0.525435413993424,0
TCGA_to_GEO,GSE13067,GSM327313,single_sample_rank,svm_rbf,1,0.2228640681861564,0.525435413993424,0
TCGA_to_GEO,GSE13067,GSM327314,single_sample_rank,svm_rbf,0,0.2228640681861564,0.525435413993424,0
TCGA_to_GEO,GSE13067,GSM327315,single_sample_rank,svm_rbf,0,0.2228640681861564,0.525435413993424,0
TCGA_to_GEO,GSE13067,GSM327316,single_sample_rank,svm_rbf,0,0.2228640681861564,0.525435413993424,0
TCGA_to_GEO,GSE13067,GSM327317,single_sample_rank,svm_rbf,0,0.2228640681861564,0.525435413993424,0
TCGA_to_GEO,GSE13067,GSM327318,single_sample_rank,svm_rbf,0,0.2228640681861564,0.525435413993424,0
TCGA_to_GEO,GSE13067,GSM327319,single_sample_rank,svm_rbf,0,0.2228640681861564,0.525435413993424,0
TCGA_to_GEO,GSE13067,GSM327320,single_sample_rank,svm_rbf,0,0.2228640681861564,0.525435413993424,0
TCGA_to_GEO,GSE13067,GSM327321,single_sample_rank,svm_rbf,0,0.2228640681861564,0.525435413993424,0
TCGA_to_GEO,GSE13067,GSM327322,single_sample_rank,svm_rbf,0,0.2228640681861564,0.525435413993424,0
TCGA_to_GEO,GSE13067,GSM327323,single_sample_rank,svm_rbf,0,0.2228640681861564,0.525435413993424,0
TCGA_to_GEO,GSE13067,GSM327324,single_sample_rank,svm_rbf,1,0.2228640681861564,0.525435413993424,0
TCGA_to_GEO,GSE13067,GSM327325,single_sample_rank,svm_rbf,1,0.2228640681861564,0.525435413993424,0
TCGA_to_GEO,GSE13067,GSM327326,single_sample_rank,svm_rbf,0,0.2228640681861564,0.525435413993424,0
TCGA_to_GEO,GSE13067,GSM327327,single_sample_rank,svm_rbf,0,0.2228640681861564,0.525435413993424,0
TCGA_to_GEO,GSE13067,GSM327328,single_sample_rank,svm_rbf,0,0.2228640681861564,0.525435413993424,0
TCGA_to_GEO,GSE13067,GSM327329,single_sample_rank,svm_rbf,0,0.2228640681861564,0.525435413993424,0
TCGA_to_GEO,GSE13067,GSM327330,single_sample_rank,svm_rbf,0,0.2228640681861564,0.525435413993424,0
TCGA_to_GEO,GSE13067,GSM327331,single_sample_rank,svm_rbf,1,0.2228640681861564,0.525435413993424,0
TCGA_to_GEO,GSE13067,GSM327332,single_sample_rank,svm_rbf,0,0.2228640681861564,0.525435413993424,0
TCGA_to_GEO,GSE13067,GSM327333,single_sample_rank,svm_rbf,0,0.2228640681861564,0.525435413993424,0
TCGA_to_GEO,GSE13067,GSM327334,single_sample_rank,svm_rbf,0,0.2228640681861564,0.525435413993424,0
TCGA_to_GEO,GSE13067,GSM327335,single_sample_rank,svm_rbf,0,0.2228640681861564,0.525435413993424,0
TCGA_to_GEO,GSE13067,GSM327336,single_sample_rank,svm_rbf,0,0.2228640681861564,0.525435413993424,0
TCGA_to_GEO,GSE13067,GSM327337,single_sample_rank,svm_rbf,0,0.2228640681861564,0.525435413993424,0
TCGA_to_GEO,GSE13067,GSM327338,single_sample_rank,svm_rbf,0,0.2228640681861564,0.525435413993424,0
TCGA_to_GEO,GSE13067,GSM327339,single_sample_rank,svm_rbf,0,0.2228640681861564,0.525435413993424,0
TCGA_to_GEO,GSE13067,GSM327340,single_sample_rank,svm_rbf,0,0.2228640681861564,0.525435413993424,0
TCGA_to_GEO,GSE13067,GSM327341,single_sample_rank,svm_rbf,0,0.2228640681861564,0.525435413993424,0
TCGA_to_GEO,GSE13067,GSM327342,single_sample_rank,svm_rbf,0,0.2228640681861564,0.525435413993424,0
TCGA_to_GEO,GSE13067,GSM327343,single_sample_rank,svm_rbf,0,0.2228640681861564,0.525435413993424,0
TCGA_to_GEO,GSE13067,GSM327344,single_sample_rank,svm_rbf,0,0.2228640681861564,0.525435413993424,0
TCGA_to_GEO,GSE13067,GSM327345,single_sample_rank,svm_rbf,0,0.2228640681861564,0.525435413993424,0
TCGA_to_GEO,GSE13067,GSM327346,single_sample_rank,svm_rbf,0,0.2228640681861564,0.525435413993424,0
TCGA_to_GEO,GSE13067,GSM327347,single_sample_rank,svm_rbf,0,0.2228640681861564,0.525435413993424,0
TCGA_to_GEO,GSE13067,GSM327348,single_sample_rank,svm_rbf,0,0.2228640681861564,0.525435413993424,0
TCGA_to_GEO,GSE13067,GSM327349,single_sample_rank,svm_rbf,0,0.2228640681861564,0.525435413993424,0
TCGA_to_GEO,GSE13067,GSM327350,single_sample_rank,svm_rbf,0,0.2228640681861564,0.525435413993424,0
TCGA_to_GEO,GSE13067,GSM327351,single_sample_rank,svm_rbf,0,0.2228640681861564,0.525435413993424,0
TCGA_to_GEO,GSE13067,GSM327352,single_sample_rank,svm_rbf,1,0.2228640681861564,0.525435413993424,0
TCGA_to_GEO,GSE13067,GSM327353,single_sample_rank,svm_rbf,1,0.2228640681861564,0.525435413993424,0
TCGA_to_GEO,GSE13067,GSM327354,single_sample_rank,svm_rbf,0,0.2228640681861564,0.525435413993424,0
TCGA_to_GEO,GSE13067,GSM327355,single_sample_rank,svm_rbf,0,0.2228640681861564,0.525435413993424,0
TCGA_to_GEO,GSE18088,GSM452148,single_sample_rank,svm_rbf,1,0.2228640681861564,0.525435413993424,0
TCGA_to_GEO,GSE18088,GSM452149,single_sample_rank,svm_rbf,0,0.2228640681861564,0.525435413993424,0
TCGA_to_GEO,GSE18088,GSM452150,single_sample_rank,svm_rbf,0,0.2228640681861564,0.525435413993424,0
TCGA_to_GEO,GSE18088,GSM452151,single_sample_rank,svm_rbf,0,0.2228640681861564,0.525435413993424,0
TCGA_to_GEO,GSE18088,GSM452152,single_sample_rank,svm_rbf,0,0.2228640681861564,0.525435413993424,0
TCGA_to_GEO,GSE18088,GSM452153,single_sample_rank,svm_rbf,1,0.2228640681861564,0.525435413993424,0
TCGA_to_GEO,GSE18088,GSM452154,single_sample_rank,svm_rbf,0,0.2228640681861564,0.525435413993424,0
TCGA_to_GEO,GSE18088,GSM452155,single_sample_rank,svm_rbf,0,0.2228640681861564,0.525435413993424,0
TCGA_to_GEO,GSE18088,GSM452156,single_sample_rank,svm_rbf,0,0.2228640681861564,0.525435413993424,0
TCGA_to_GEO,GSE18088,GSM452157,single_sample_rank,svm_rbf,1,0.2228640681861564,0.525435413993424,0
TCGA_to_GEO,GSE18088,GSM452158,single_sample_rank,svm_rbf,0,0.2228640681861564,0.525435413993424,0
TCGA_to_GEO,GSE18088,GSM452159,single_sample_rank,svm_rbf,1,0.2228640681861564,0.525435413993424,0
TCGA_to_GEO,GSE18088,GSM452160,single_sample_rank,svm_rbf,0,0.2228640681861564,0.525435413993424,0
TCGA_to_GEO,GSE18088,GSM452161,single_sample_rank,svm_rbf,0,0.2228640681861564,0.525435413993424,0
TCGA_to_GEO,GSE18088,GSM452162,single_sample_rank,svm_rbf,0,0.2228640681861564,0.525435413993424,0
TCGA_to_GEO,GSE18088,GSM452163,single_sample_rank,svm_rbf,1,0.2228640681861564,0.525435413993424,0
TCGA_to_GEO,GSE18088,GSM452164,single_sample_rank,svm_rbf,0,0.2228640681861564,0.525435413993424,0
TCGA_to_GEO,GSE18088,GSM452165,single_sample_rank,svm_rbf,0,0.2228640681861564,0.525435413993424,0
TCGA_to_GEO,GSE18088,GSM452166,single_sample_rank,svm_rbf,0,0.2228640681861564,0.525435413993424,0
TCGA_to_GEO,GSE18088,GSM452167,single_sample_rank,svm_rbf,0,0.2228640681861564,0.525435413993424,0
TCGA_to_GEO,GSE18088,GSM452168,single_sample_rank,svm_rbf,1,0.2228640681861564,0.525435413993424,0
TCGA_to_GEO,GSE18088,GSM452169,single_sample_rank,svm_rbf,1,0.2228640681861564,0.525435413993424,0
TCGA_to_GEO,GSE18088,GSM452170,single_sample_rank,svm_rbf,0,0.2228640681861564,0.525435413993424,0
TCGA_to_GEO,GSE18088,GSM452171,single_sample_rank,svm_rbf,0,0.2228640681861564,0.525435413993424,0
TCGA_to_GEO,GSE18088,GSM452172,single_sample_rank,svm_rbf,0,0.2228640681861564,0.525435413993424,0
TCGA_to_GEO,GSE18088,GSM452173,single_sample_rank,svm_rbf,1,0.2228640681861564,0.525435413993424,0
TCGA_to_GEO,GSE18088,GSM452174,single_sample_rank,svm_rbf,1,0.2228640681861564,0.525435413993424,0
TCGA_to_GEO,GSE18088,GSM452175,single_sample_rank,svm_rbf,1,0.2228640681861564,0.525435413993424,0
TCGA_to_GEO,GSE18088,GSM452176,single_sample_rank,svm_rbf,0,0.2228640681861564,0.525435413993424,0
TCGA_to_GEO,GSE18088,GSM452177,single_sample_rank,svm_rbf,0,0.2228640681861564,0.525435413993424,0
TCGA_to_GEO,GSE18088,GSM452178,single_sample_rank,svm_rbf,0,0.2228640681861564,0.525435413993424,0
TCGA_to_GEO,GSE18088,GSM452179,single_sample_rank,svm_rbf,1,0.2228640681861564,0.525435413993424,0
TCGA_to_GEO,GSE18088,GSM452180,single_sample_rank,svm_rbf,1,0.2228640681861564,0.525435413993424,0
TCGA_to_GEO,GSE18088,GSM452181,single_sample_rank,svm_rbf,0,0.2228640681861564,0.525435413993424,0
TCGA_to_GEO,GSE18088,GSM452182,single_sample_rank,svm_rbf,1,0.2228640681861564,0.525435413993424,0
TCGA_to_GEO,GSE18088,GSM452183,single_sample_rank,svm_rbf,1,0.2228640681861564,0.525435413993424,0
TCGA_to_GEO,GSE18088,GSM452184,single_sample_rank,svm_rbf,1,0.2228640681861564,0.525435413993424,0
TCGA_to_GEO,GSE18088,GSM452185,single_sample_rank,svm_rbf,0,0.2228640681861564,0.525435413993424,0
TCGA_to_GEO,GSE18088,GSM452186,single_sample_rank,svm_rbf,0,0.2228640681861564,0.525435413993424,0
TCGA_to_GEO,GSE18088,GSM452187,single_sample_rank,svm_rbf,0,0.2228640681861564,0.525435413993424,0
TCGA_to_GEO,GSE18088,GSM452188,single_sample_rank,svm_rbf,1,0.2228640681861564,0.525435413993424,0
TCGA_to_GEO,GSE18088,GSM452189,single_sample_rank,svm_rbf,1,0.2228640681861564,0.525435413993424,0
TCGA_to_GEO,GSE18088,GSM452190,single_sample_rank,svm_rbf,0,0.2228640681861564,0.525435413993424,0
TCGA_to_GEO,GSE18088,GSM452191,single_sample_rank,svm_rbf,0,0.2228640681861564,0.525435413993424,0
TCGA_to_GEO,GSE18088,GSM452192,single_sample_rank,svm_rbf,0,0.2228640681861564,0.525435413993424,0
TCGA_to_GEO,GSE18088,GSM452193,single_sample_rank,svm_rbf,0,0.2228640681861564,0.525435413993424,0
TCGA_to_GEO,GSE18088,GSM452194,single_sample_rank,svm_rbf,0,0.2228640681861564,0.525435413993424,0
TCGA_to_GEO,GSE18088,GSM452195,single_sample_rank,svm_rbf,0,0.2228640681861564,0.525435413993424,0
TCGA_to_GEO,GSE18088,GSM452196,single_sample_rank,svm_rbf,0,0.2228640681861564,0.525435413993424,0
TCGA_to_GEO,GSE18088,GSM452197,single_sample_rank,svm_rbf,1,0.2228640681861564,0.525435413993424,0
TCGA_to_GEO,GSE18088,GSM452198,single_sample_rank,svm_rbf,0,0.2228640681861564,0.525435413993424,0
TCGA_to_GEO,GSE18088,GSM452199,single_sample_rank,svm_rbf,0,0.2228640681861564,0.525435413993424,0
TCGA_to_GEO,GSE18088,GSM452200,single_sample_rank,svm_rbf,1,0.2228640681861564,0.525435413993424,0
TCGA_to_GEO,GSE26682,GSM656542,single_sample_rank,svm_rbf,0,0.2228640681861564,0.525435413993424,0
TCGA_to_GEO,GSE26682,GSM656543,single_sample_rank,svm_rbf,0,0.2228640681861564,0.525435413993424,0
TCGA_to_GEO,GSE26682,GSM656545,single_sample_rank,svm_rbf,1,0.2228640681861564,0.525435413993424,0
TCGA_to_GEO,GSE26682,GSM656546,single_sample_rank,svm_rbf,0,0.2228640681861564,0.525435413993424,0
TCGA_to_GEO,GSE26682,GSM656548,single_sample_rank,svm_rbf,0,0.2228640681861564,0.525435413993424,0
TCGA_to_GEO,GSE26682,GSM656550,single_sample_rank,svm_rbf,0,0.2228640681861564,0.525435413993424,0
TCGA_to_GEO,GSE26682,GSM656552,single_sample_rank,svm_rbf,0,0.2228640681861564,0.525435413993424,0
TCGA_to_GEO,GSE26682,GSM656553,single_sample_rank,svm_rbf,0,0.2228640681861564,0.525435413993424,0
TCGA_to_GEO,GSE26682,GSM656555,single_sample_rank,svm_rbf,0,0.2228640670969443,0.525435413993424,0
TCGA_to_GEO,GSE26682,GSM656556,single_sample_rank,svm_rbf,0,0.2228640681861564,0.525435413993424,0
TCGA_to_GEO,GSE26682,GSM656557,single_sample_rank,svm_rbf,0,0.2228640681861557,0.525435413993424,0
TCGA_to_GEO,GSE26682,GSM656558,single_sample_rank,svm_rbf,0,0.2228640681861564,0.525435413993424,0
TCGA_to_GEO,GSE26682,GSM656559,single_sample_rank,svm_rbf,1,0.2228640681861564,0.525435413993424,0
TCGA_to_GEO,GSE26682,GSM656560,single_sample_rank,svm_rbf,0,0.2228640681861564,0.525435413993424,0
TCGA_to_GEO,GSE26682,GSM656561,single_sample_rank,svm_rbf,0,0.2228640681861564,0.525435413993424,0
TCGA_to_GEO,GSE26682,GSM656567,single_sample_rank,svm_rbf,0,0.2228640681861564,0.525435413993424,0
TCGA_to_GEO,GSE26682,GSM656568,single_sample_rank,svm_rbf,0,0.2228640681861564,0.525435413993424,0
TCGA_to_GEO,GSE26682,GSM656569,single_sample_rank,svm_rbf,0,0.2228640681861564,0.525435413993424,0
TCGA_to_GEO,GSE26682,GSM656570,single_sample_rank,svm_rbf,0,0.2228640681861564,0.525435413993424,0
TCGA_to_GEO,GSE26682,GSM656574,single_sample_rank,svm_rbf,0,0.2228640681861564,0.525435413993424,0
TCGA_to_GEO,GSE26682,GSM656580,single_sample_rank,svm_rbf,0,0.2228640681861564,0.525435413993424,0
TCGA_to_GEO,GSE26682,GSM656582,single_sample_rank,svm_rbf,0,0.2228640681861564,0.525435413993424,0
TCGA_to_GEO,GSE26682,GSM656583,single_sample_rank,svm_rbf,1,0.2228640681861564,0.525435413993424,0
TCGA_to_GEO,GSE26682,GSM656584,single_sample_rank,svm_rbf,0,0.2228640681861564,0.525435413993424,0
TCGA_to_GEO,GSE26682,GSM656585,single_sample_rank,svm_rbf,0,0.2228640681861564,0.525435413993424,0
TCGA_to_GEO,GSE26682,GSM656586,single_sample_rank,svm_rbf,0,0.2228640681861562,0.525435413993424,0
TCGA_to_GEO,GSE26682,GSM656587,single_sample_rank,svm_rbf,0,0.2228640681861564,0.525435413993424,0
TCGA_to_GEO,GSE26682,GSM656590,single_sample_rank,svm_rbf,1,0.2228640681861564,0.525435413993424,0
TCGA_to_GEO,GSE26682,GSM656592,single_sample_rank,svm_rbf,0,0.2228640681861564,0.525435413993424,0
TCGA_to_GEO,GSE26682,GSM656596,single_sample_rank,svm_rbf,0,0.2228640681861564,0.525435413993424,0
TCGA_to_GEO,GSE26682,GSM656598,single_sample_rank,svm_rbf,0,0.2228640681861564,0.525435413993424,0
TCGA_to_GEO,GSE26682,GSM656601,single_sample_rank,svm_rbf,0,0.2228640681861564,0.525435413993424,0
TCGA_to_GEO,GSE26682,GSM656603,single_sample_rank,svm_rbf,1,0.2228640681861564,0.525435413993424,0
TCGA_to_GEO,GSE26682,GSM656612,single_sample_rank,svm_rbf,1,0.2228640681861564,0.525435413993424,0
TCGA_to_GEO,GSE26682,GSM656613,single_sample_rank,svm_rbf,0,0.2228640681861564,0.525435413993424,0
TCGA_to_GEO,GSE26682,GSM656617,single_sample_rank,svm_rbf,0,0.2228640681861564,0.525435413993424,0
TCGA_to_GEO,GSE26682,GSM656618,single_sample_rank,svm_rbf,0,0.2228640681861564,0.525435413993424,0
TCGA_to_GEO,GSE26682,GSM656625,single_sample_rank,svm_rbf,0,0.2228640681861564,0.525435413993424,0
TCGA_to_GEO,GSE26682,GSM656634,single_sample_rank,svm_rbf,0,0.2228640681861564,0.525435413993424,0
TCGA_to_GEO,GSE26682,GSM656635,single_sample_rank,svm_rbf,0,0.2228640681861564,0.525435413993424,0
TCGA_to_GEO,GSE26682,GSM656636,single_sample_rank,svm_rbf,0,0.2228640681861564,0.525435413993424,0
TCGA_to_GEO,GSE26682,GSM656639,single_sample_rank,svm_rbf,0,0.2228640681861564,0.525435413993424,0
TCGA_to_GEO,GSE26682,GSM656640,single_sample_rank,svm_rbf,0,0.2228640681861564,0.525435413993424,0
TCGA_to_GEO,GSE26682,GSM656642,single_sample_rank,svm_rbf,0,0.2228640681861564,0.525435413993424,0
TCGA_to_GEO,GSE26682,GSM656644,single_sample_rank,svm_rbf,0,0.2228640681861564,0.525435413993424,0
TCGA_to_GEO,GSE26682,GSM656657,single_sample_rank,svm_rbf,0,0.2228640681861564,0.525435413993424,0
TCGA_to_GEO,GSE26682,GSM656662,single_sample_rank,svm_rbf,0,0.2228640681861564,0.525435413993424,0
TCGA_to_GEO,GSE26682,GSM656663,single_sample_rank,svm_rbf,0,0.2228640681861564,0.525435413993424,0
TCGA_to_GEO,GSE26682,GSM656669,single_sample_rank,svm_rbf,1,0.2228640681861564,0.525435413993424,0
TCGA_to_GEO,GSE26682,GSM656672,single_sample_rank,svm_rbf,0,0.2228640681861564,0.525435413993424,0
TCGA_to_GEO,GSE26682,GSM656675,single_sample_rank,svm_rbf,0,0.2228640681861564,0.525435413993424,0
TCGA_to_GEO,GSE26682,GSM656676,single_sample_rank,svm_rbf,0,0.2228640681861564,0.525435413993424,0
TCGA_to_GEO,GSE26682,GSM656678,single_sample_rank,svm_rbf,0,0.2228640681861564,0.525435413993424,0
TCGA_to_GEO,GSE26682,GSM656679,single_sample_rank,svm_rbf,1,0.2228640681861564,0.525435413993424,0
TCGA_to_GEO,GSE26682,GSM656683,single_sample_rank,svm_rbf,0,0.2228640681861564,0.525435413993424,0
TCGA_to_GEO,GSE26682,GSM656687,single_sample_rank,svm_rbf,0,0.2228640681861564,0.525435413993424,0
TCGA_to_GEO,GSE26682,GSM656691,single_sample_rank,svm_rbf,0,0.2228640681861564,0.525435413993424,0
TCGA_to_GEO,GSE26682,GSM656692,single_sample_rank,svm_rbf,0,0.2228640681861564,0.525435413993424,0
TCGA_to_GEO,GSE26682,GSM656693,single_sample_rank,svm_rbf,0,0.2228640681861564,0.525435413993424,0
TCGA_to_GEO,GSE26682,GSM656695,single_sample_rank,svm_rbf,0,0.2228640681861564,0.525435413993424,0
TCGA_to_GEO,GSE26682,GSM656698,single_sample_rank,svm_rbf,0,0.2228640681861564,0.525435413993424,0
TCGA_to_GEO,GSE26682,GSM656699,single_sample_rank,svm_rbf,0,0.2228640681861564,0.525435413993424,0
TCGA_to_GEO,GSE26682,GSM656700,single_sample_rank,svm_rbf,0,0.2228640681861564,0.525435413993424,0
TCGA_to_GEO,GSE26682,GSM656701,single_sample_rank,svm_rbf,0,0.2228640681861564,0.525435413993424,0
TCGA_to_GEO,GSE26682,GSM656702,single_sample_rank,svm_rbf,0,0.2228640681861564,0.525435413993424,0
TCGA_to_GEO,GSE26682,GSM656703,single_sample_rank,svm_rbf,0,0.2228640681861564,0.525435413993424,0
TCGA_to_GEO,GSE26682,GSM656704,single_sample_rank,svm_rbf,0,0.2228640681861564,0.525435413993424,0
TCGA_to_GEO,GSE26682,GSM656705,single_sample_rank,svm_rbf,0,0.2228640681861564,0.525435413993424,0
TCGA_to_GEO,GSE26682,GSM656707,single_sample_rank,svm_rbf,0,0.2228640681861564,0.525435413993424,0
TCGA_to_GEO,GSE26682,GSM656710,single_sample_rank,svm_rbf,0,0.2228640681861564,0.525435413993424,0
TCGA_to_GEO,GSE26682,GSM656711,single_sample_rank,svm_rbf,0,0.2228640681861564,0.525435413993424,0
TCGA_to_GEO,GSE26682,GSM656714,single_sample_rank,svm_rbf,0,0.2228640681861564,0.525435413993424,0
TCGA_to_GEO,GSE26682,GSM656715,single_sample_rank,svm_rbf,0,0.2228640681861564,0.525435413993424,0
TCGA_to_GEO,GSE26682,GSM656720,single_sample_rank,svm_rbf,0,0.2228640681861564,0.525435413993424,0
TCGA_to_GEO,GSE26682,GSM656721,single_sample_rank,svm_rbf,0,0.2228640681861564,0.525435413993424,0
TCGA_to_GEO,GSE26682,GSM656726,single_sample_rank,svm_rbf,0,0.2228640681861564,0.525435413993424,0
TCGA_to_GEO,GSE26682,GSM656732,single_sample_rank,svm_rbf,0,0.2228640681861564,0.525435413993424,0
TCGA_to_GEO,GSE26682,GSM656735,single_sample_rank,svm_rbf,0,0.2228640681861564,0.525435413993424,0
TCGA_to_GEO,GSE26682,GSM656736,single_sample_rank,svm_rbf,1,0.2228640681861564,0.525435413993424,0
TCGA_to_GEO,GSE26682,GSM656737,single_sample_rank,svm_rbf,0,0.2228640681861564,0.525435413993424,0
TCGA_to_GEO,GSE26682,GSM656739,single_sample_rank,svm_rbf,0,0.2228640681861564,0.525435413993424,0
TCGA_to_GEO,GSE26682,GSM656742,single_sample_rank,svm_rbf,0,0.2228640681861564,0.525435413993424,0
TCGA_to_GEO,GSE26682,GSM656749,single_sample_rank,svm_rbf,0,0.2228640681861564,0.525435413993424,0
TCGA_to_GEO,GSE26682,GSM656768,single_sample_rank,svm_rbf,0,0.2228640681861564,0.525435413993424,0
TCGA_to_GEO,GSE26682,GSM656769,single_sample_rank,svm_rbf,0,0.2228640681861564,0.525435413993424,0
TCGA_to_GEO,GSE26682,GSM656770,single_sample_rank,svm_rbf,0,0.2228640681861564,0.525435413993424,0
TCGA_to_GEO,GSE26682,GSM656772,single_sample_rank,svm_rbf,0,0.2228640681861564,0.525435413993424,0
TCGA_to_GEO,GSE26682,GSM656775,single_sample_rank,svm_rbf,0,0.2228640681861564,0.525435413993424,0
TCGA_to_GEO,GSE26682,GSM656776,single_sample_rank,svm_rbf,0,0.2228640681861564,0.525435413993424,0
TCGA_to_GEO,GSE26682,GSM656777,single_sample_rank,svm_rbf,0,0.2228640681861564,0.525435413993424,0
TCGA_to_GEO,GSE26682,GSM656783,single_sample_rank,svm_rbf,0,0.2228640681861564,0.525435413993424,0
TCGA_to_GEO,GSE26682,GSM656785,single_sample_rank,svm_rbf,0,0.2228640681861564,0.525435413993424,0
TCGA_to_GEO,GSE26682,GSM656787,single_sample_rank,svm_rbf,0,0.2228640681861564,0.525435413993424,0
TCGA_to_GEO,GSE26682,GSM656794,single_sample_rank,svm_rbf,0,0.2228640681861564,0.525435413993424,0
TCGA_to_GEO,GSE26682,GSM656800,single_sample_rank,svm_rbf,0,0.2228640681861564,0.525435413993424,0
TCGA_to_GEO,GSE26682,GSM656803,single_sample_rank,svm_rbf,0,0.2228640681861564,0.525435413993424,0
TCGA_to_GEO,GSE26682,GSM656804,single_sample_rank,svm_rbf,0,0.2228640681861564,0.525435413993424,0
TCGA_to_GEO,GSE26682,GSM656806,single_sample_rank,svm_rbf,0,0.2228640681861564,0.525435413993424,0
TCGA_to_GEO,GSE26682,GSM656809,single_sample_rank,svm_rbf,0,0.2228640681861564,0.525435413993424,0
TCGA_to_GEO,GSE26682,GSM656811,single_sample_rank,svm_rbf,0,0.2228640681861564,0.525435413993424,0
TCGA_to_GEO,GSE26682,GSM656816,single_sample_rank,svm_rbf,0,0.2228640681861564,0.525435413993424,0
TCGA_to_GEO,GSE26682,GSM656819,single_sample_rank,svm_rbf,0,0.2228640681861564,0.525435413993424,0
TCGA_to_GEO,GSE26682,GSM656820,single_sample_rank,svm_rbf,1,0.2228640681861564,0.525435413993424,0
TCGA_to_GEO,GSE26682,GSM656822,single_sample_rank,svm_rbf,0,0.2228640681861564,0.525435413993424,0
TCGA_to_GEO,GSE26682,GSM656824,single_sample_rank,svm_rbf,0,0.2228640681861564,0.525435413993424,0
TCGA_to_GEO,GSE26682,GSM656825,single_sample_rank,svm_rbf,0,0.2228640681861564,0.525435413993424,0
TCGA_to_GEO,GSE26682,GSM656830,single_sample_rank,svm_rbf,0,0.2228640681861564,0.525435413993424,0
TCGA_to_GEO,GSE26682,GSM656831,single_sample_rank,svm_rbf,0,0.2228640681861564,0.525435413993424,0
TCGA_to_GEO,GSE26682,GSM656832,single_sample_rank,svm_rbf,0,0.2228640681861564,0.525435413993424,0
TCGA_to_GEO,GSE26682,GSM656833,single_sample_rank,svm_rbf,0,0.2228640681861564,0.525435413993424,0
TCGA_to_GEO,GSE26682,GSM656834,single_sample_rank,svm_rbf,0,0.2228640681861564,0.525435413993424,0
TCGA_to_GEO,GSE26682,GSM656836,single_sample_rank,svm_rbf,0,0.2228640681861564,0.525435413993424,0
TCGA_to_GEO,GSE26682,GSM656837,single_sample_rank,svm_rbf,1,0.2228641484697829,0.525435413993424,0
TCGA_to_GEO,GSE26682,GSM656840,single_sample_rank,svm_rbf,0,0.2228640681861564,0.525435413993424,0
TCGA_to_GEO,GSE26682,GSM656841,single_sample_rank,svm_rbf,0,0.2228640681861564,0.525435413993424,0
TCGA_to_GEO,GSE26682,GSM656842,single_sample_rank,svm_rbf,1,0.2228640681861564,0.525435413993424,0
TCGA_to_GEO,GSE26682,GSM656843,single_sample_rank,svm_rbf,0,0.2228640681861564,0.525435413993424,0
TCGA_to_GEO,GSE26682,GSM656845,single_sample_rank,svm_rbf,0,0.2228640681861564,0.525435413993424,0
TCGA_to_GEO,GSE26682,GSM656846,single_sample_rank,svm_rbf,0,0.2228640681861564,0.525435413993424,0
TCGA_to_GEO,GSE26682,GSM656847,single_sample_rank,svm_rbf,0,0.2228640681861564,0.525435413993424,0
TCGA_to_GEO,GSE26682,GSM656849,single_sample_rank,svm_rbf,1,0.2228640681861564,0.525435413993424,0
TCGA_to_GEO,GSE26682,GSM656850,single_sample_rank,svm_rbf,1,0.2228640681861564,0.525435413993424,0
TCGA_to_GEO,GSE26682,GSM656851,single_sample_rank,svm_rbf,1,0.2228640681861564,0.525435413993424,0
TCGA_to_GEO,GSE26682,GSM656853,single_sample_rank,svm_rbf,0,0.2228640678763567,0.525435413993424,0
TCGA_to_GEO,GSE26682,GSM656854,single_sample_rank,svm_rbf,1,0.2228640681861564,0.525435413993424,0
TCGA_to_GEO,GSE26682,GSM656857,single_sample_rank,svm_rbf,0,0.2228640681861564,0.525435413993424,0
TCGA_to_GEO,GSE26682,GSM656858,single_sample_rank,svm_rbf,0,0.2228640681861564,0.525435413993424,0
TCGA_to_GEO,GSE26682,GSM656859,single_sample_rank,svm_rbf,0,0.2228640681861564,0.525435413993424,0
TCGA_to_GEO,GSE26682,GSM656860,single_sample_rank,svm_rbf,0,0.2228640681861564,0.525435413993424,0
TCGA_to_GEO,GSE26682,GSM656861,single_sample_rank,svm_rbf,0,0.2228640681861564,0.525435413993424,0
TCGA_to_GEO,GSE26682,GSM656863,single_sample_rank,svm_rbf,0,0.2228640681861564,0.525435413993424,0
TCGA_to_GEO,GSE26682,GSM656864,single_sample_rank,svm_rbf,1,0.2228640681861564,0.525435413993424,0
TCGA_to_GEO,GSE26682,GSM656865,single_sample_rank,svm_rbf,1,0.2228640681861564,0.525435413993424,0
TCGA_to_GEO,GSE26682,GSM656867,single_sample_rank,svm_rbf,0,0.2228640681861564,0.525435413993424,0
TCGA_to_GEO,GSE26682,GSM656868,single_sample_rank,svm_rbf,0,0.2228640681861564,0.525435413993424,0
TCGA_to_GEO,GSE26682,GSM656869,single_sample_rank,svm_rbf,0,0.2228640681861564,0.525435413993424,0
TCGA_to_GEO,GSE26682,GSM656870,single_sample_rank,svm_rbf,0,0.2228640681861564,0.525435413993424,0
TCGA_to_GEO,GSE39084,GSM955440,single_sample_rank,svm_rbf,0,0.2228640681861564,0.525435413993424,0
TCGA_to_GEO,GSE39084,GSM955441,single_sample_rank,svm_rbf,0,0.2228640681861564,0.525435413993424,0
TCGA_to_GEO,GSE39084,GSM955442,single_sample_rank,svm_rbf,0,0.2228640681861564,0.525435413993424,0
TCGA_to_GEO,GSE39084,GSM955443,single_sample_rank,svm_rbf,0,0.2228640681861564,0.525435413993424,0
TCGA_to_GEO,GSE39084,GSM955444,single_sample_rank,svm_rbf,0,0.2228640681861564,0.525435413993424,0
TCGA_to_GEO,GSE39084,GSM955445,single_sample_rank,svm_rbf,0,0.2228640681861564,0.525435413993424,0
TCGA_to_GEO,GSE39084,GSM955446,single_sample_rank,svm_rbf,0,0.2228640681861564,0.525435413993424,0
TCGA_to_GEO,GSE39084,GSM955447,single_sample_rank,svm_rbf,1,0.2228640681861564,0.525435413993424,0
TCGA_to_GEO,GSE39084,GSM955448,single_sample_rank,svm_rbf,1,0.2228640681861564,0.525435413993424,0
TCGA_to_GEO,GSE39084,GSM955449,single_sample_rank,svm_rbf,0,0.2228640681861564,0.525435413993424,0
TCGA_to_GEO,GSE39084,GSM955450,single_sample_rank,svm_rbf,0,0.2228640681861564,0.525435413993424,0
TCGA_to_GEO,GSE39084,GSM955451,single_sample_rank,svm_rbf,0,0.2228640681861564,0.525435413993424,0
TCGA_to_GEO,GSE39084,GSM955452,single_sample_rank,svm_rbf,0,0.2228640681861564,0.525435413993424,0
TCGA_to_GEO,GSE39084,GSM955453,single_sample_rank,svm_rbf,0,0.2228640681861564,0.525435413993424,0
TCGA_to_GEO,GSE39084,GSM955455,single_sample_rank,svm_rbf,0,0.2228640681861564,0.525435413993424,0
TCGA_to_GEO,GSE39084,GSM955456,single_sample_rank,svm_rbf,0,0.2228640681861564,0.525435413993424,0
TCGA_to_GEO,GSE39084,GSM955457,single_sample_rank,svm_rbf,0,0.2228640681861564,0.525435413993424,0
TCGA_to_GEO,GSE39084,GSM955458,single_sample_rank,svm_rbf,1,0.2228640681861564,0.525435413993424,0
TCGA_to_GEO,GSE39084,GSM955459,single_sample_rank,svm_rbf,1,0.2228640681861564,0.525435413993424,0
TCGA_to_GEO,GSE39084,GSM955460,single_sample_rank,svm_rbf,1,0.2228640681861564,0.525435413993424,0
TCGA_to_GEO,GSE39084,GSM955461,single_sample_rank,svm_rbf,1,0.2228640681861564,0.525435413993424,0
TCGA_to_GEO,GSE39084,GSM955462,single_sample_rank,svm_rbf,0,0.2228640681861564,0.525435413993424,0
TCGA_to_GEO,GSE39084,GSM955463,single_sample_rank,svm_rbf,0,0.2228640681861564,0.525435413993424,0
TCGA_to_GEO,GSE39084,GSM955464,single_sample_rank,svm_rbf,0,0.2228640681861564,0.525435413993424,0
TCGA_to_GEO,GSE39084,GSM955466,single_sample_rank,svm_rbf,1,0.2228640681861564,0.525435413993424,0
TCGA_to_GEO,GSE39084,GSM955467,single_sample_rank,svm_rbf,1,0.2228640681861564,0.525435413993424,0
TCGA_to_GEO,GSE39084,GSM955468,single_sample_rank,svm_rbf,1,0.2228640681861564,0.525435413993424,0
TCGA_to_GEO,GSE39084,GSM955469,single_sample_rank,svm_rbf,1,0.2228640681861564,0.525435413993424,0
TCGA_to_GEO,GSE39084,GSM955470,single_sample_rank,svm_rbf,1,0.2228640681861564,0.525435413993424,0
TCGA_to_GEO,GSE39084,GSM955471,single_sample_rank,svm_rbf,1,0.2228640681861564,0.525435413993424,0
TCGA_to_GEO,GSE39084,GSM955472,single_sample_rank,svm_rbf,1,0.2228640681861564,0.525435413993424,0
TCGA_to_GEO,GSE39084,GSM955473,single_sample_rank,svm_rbf,1,0.2228640681861564,0.525435413993424,0
TCGA_to_GEO,GSE39084,GSM955474,single_sample_rank,svm_rbf,0,0.2228640681861564,0.525435413993424,0
TCGA_to_GEO,GSE39084,GSM955475,single_sample_rank,svm_rbf,0,0.2228640681861564,0.525435413993424,0
TCGA_to_GEO,GSE39084,GSM955476,single_sample_rank,svm_rbf,0,0.2228640681861564,0.525435413993424,0
TCGA_to_GEO,GSE39084,GSM955477,single_sample_rank,svm_rbf,0,0.2228640681861564,0.525435413993424,0
TCGA_to_GEO,GSE39084,GSM955478,single_sample_rank,svm_rbf,0,0.2228640681861564,0.525435413993424,0
TCGA_to_GEO,GSE39084,GSM955479,single_sample_rank,svm_rbf,0,0.2228640681861564,0.525435413993424,0
TCGA_to_GEO,GSE39084,GSM955480,single_sample_rank,svm_rbf,0,0.2228640681861564,0.525435413993424,0
TCGA_to_GEO,GSE39084,GSM955482,single_sample_rank,svm_rbf,0,0.2228640681861564,0.525435413993424,0
TCGA_to_GEO,GSE39084,GSM955483,single_sample_rank,svm_rbf,0,0.2228640681861564,0.525435413993424,0
TCGA_to_GEO,GSE39084,GSM955484,single_sample_rank,svm_rbf,0,0.2228640681861564,0.525435413993424,0
TCGA_to_GEO,GSE39084,GSM955485,single_sample_rank,svm_rbf,0,0.2228640681861564,0.525435413993424,0
TCGA_to_GEO,GSE39084,GSM955486,single_sample_rank,svm_rbf,0,0.2228640681861564,0.525435413993424,0
TCGA_to_GEO,GSE39084,GSM955487,single_sample_rank,svm_rbf,0,0.2228640681861564,0.525435413993424,0
TCGA_to_GEO,GSE39084,GSM955488,single_sample_rank,svm_rbf,0,0.2228640681861564,0.525435413993424,0
TCGA_to_GEO,GSE39084,GSM955489,single_sample_rank,svm_rbf,0,0.2228640681861564,0.525435413993424,0
TCGA_to_GEO,GSE39084,GSM955490,single_sample_rank,svm_rbf,0,0.2228640681861564,0.525435413993424,0
TCGA_to_GEO,GSE39084,GSM955491,single_sample_rank,svm_rbf,0,0.2228640681861564,0.525435413993424,0
TCGA_to_GEO,GSE39084,GSM955492,single_sample_rank,svm_rbf,0,0.2228640681861564,0.525435413993424,0
TCGA_to_GEO,GSE39084,GSM955493,single_sample_rank,svm_rbf,0,0.2228640681861564,0.525435413993424,0
TCGA_to_GEO,GSE39084,GSM955494,single_sample_rank,svm_rbf,0,0.2228640681861564,0.525435413993424,0
TCGA_to_GEO,GSE39084,GSM955495,single_sample_rank,svm_rbf,0,0.2228640681861564,0.525435413993424,0
TCGA_to_GEO,GSE39084,GSM955496,single_sample_rank,svm_rbf,0,0.2228640681861564,0.525435413993424,0
TCGA_to_GEO,GSE39084,GSM955497,single_sample_rank,svm_rbf,0,0.2228640681861564,0.525435413993424,0
TCGA_to_GEO,GSE39084,GSM955498,single_sample_rank,svm_rbf,0,0.2228640681861564,0.525435413993424,0
TCGA_to_GEO,GSE39084,GSM955499,single_sample_rank,svm_rbf,0,0.2228640681861564,0.525435413993424,0
TCGA_to_GEO,GSE39084,GSM955500,single_sample_rank,svm_rbf,0,0.2228640681861564,0.525435413993424,0
TCGA_to_GEO,GSE39084,GSM955501,single_sample_rank,svm_rbf,0,0.2228640681861564,0.525435413993424,0
TCGA_to_GEO,GSE39084,GSM955502,single_sample_rank,svm_rbf,0,0.2228640681861564,0.525435413993424,0
TCGA_to_GEO,GSE39084,GSM955503,single_sample_rank,svm_rbf,0,0.2228640681861564,0.525435413993424,0
TCGA_to_GEO,GSE39084,GSM955504,single_sample_rank,svm_rbf,0,0.2228640681861564,0.525435413993424,0
TCGA_to_GEO,GSE39084,GSM955505,single_sample_rank,svm_rbf,0,0.2228640681861564,0.525435413993424,0
TCGA_to_GEO,GSE39084,GSM955506,single_sample_rank,svm_rbf,0,0.2228640681861564,0.525435413993424,0
TCGA_to_GEO,GSE39084,GSM955507,single_sample_rank,svm_rbf,0,0.2228640681861564,0.525435413993424,0
TCGA_to_GEO,GSE39084,GSM955508,single_sample_rank,svm_rbf,1,0.2228640681861564,0.525435413993424,0
TCGA_to_GEO,GSE39084,GSM955509,single_sample_rank,svm_rbf,1,0.2228640681861564,0.525435413993424,0
TCGA_to_GEO,GSE13294,GSM335510,single_sample_rank,xgboost,0,0.1366004794836044,0.235966682434082,0
TCGA_to_GEO,GSE13294,GSM335511,single_sample_rank,xgboost,1,0.6712102293968201,0.235966682434082,1
TCGA_to_GEO,GSE13294,GSM335512,single_sample_rank,xgboost,0,0.3890000283718109,0.235966682434082,1
TCGA_to_GEO,GSE13294,GSM335513,single_sample_rank,xgboost,0,0.0666205734014511,0.235966682434082,0
TCGA_to_GEO,GSE13294,GSM335514,single_sample_rank,xgboost,0,0.0676221400499343,0.235966682434082,0
TCGA_to_GEO,GSE13294,GSM335515,single_sample_rank,xgboost,0,0.1972125917673111,0.235966682434082,0
TCGA_to_GEO,GSE13294,GSM335516,single_sample_rank,xgboost,0,0.0584439896047115,0.235966682434082,0
TCGA_to_GEO,GSE13294,GSM335517,single_sample_rank,xgboost,0,0.0934231430292129,0.235966682434082,0
TCGA_to_GEO,GSE13294,GSM335518,single_sample_rank,xgboost,1,0.5805633664131165,0.235966682434082,1
TCGA_to_GEO,GSE13294,GSM335519,single_sample_rank,xgboost,1,0.4378977715969085,0.235966682434082,1
TCGA_to_GEO,GSE13294,GSM335520,single_sample_rank,xgboost,0,0.3005760610103607,0.235966682434082,1
TCGA_to_GEO,GSE13294,GSM335521,single_sample_rank,xgboost,0,0.0529202483594417,0.235966682434082,0
TCGA_to_GEO,GSE13294,GSM335522,single_sample_rank,xgboost,0,0.2299298048019409,0.235966682434082,0
TCGA_to_GEO,GSE13294,GSM335523,single_sample_rank,xgboost,0,0.2232378721237182,0.235966682434082,0
TCGA_to_GEO,GSE13294,GSM335524,single_sample_rank,xgboost,0,0.1766255795955658,0.235966682434082,0
TCGA_to_GEO,GSE13294,GSM335525,single_sample_rank,xgboost,1,0.5511630773544312,0.235966682434082,1
TCGA_to_GEO,GSE13294,GSM335526,single_sample_rank,xgboost,0,0.0895167216658592,0.235966682434082,0
TCGA_to_GEO,GSE13294,GSM335527,single_sample_rank,xgboost,1,0.2536025941371918,0.235966682434082,1
TCGA_to_GEO,GSE13294,GSM335528,single_sample_rank,xgboost,0,0.0940358117222786,0.235966682434082,0
TCGA_to_GEO,GSE13294,GSM335529,single_sample_rank,xgboost,1,0.3367747664451599,0.235966682434082,1
TCGA_to_GEO,GSE13294,GSM335530,single_sample_rank,xgboost,1,0.5321077704429626,0.235966682434082,1
TCGA_to_GEO,GSE13294,GSM335531,single_sample_rank,xgboost,0,0.0705728903412818,0.235966682434082,0
TCGA_to_GEO,GSE13294,GSM335532,single_sample_rank,xgboost,1,0.315745860338211,0.235966682434082,1
TCGA_to_GEO,GSE13294,GSM335533,single_sample_rank,xgboost,0,0.0895761922001838,0.235966682434082,0
TCGA_to_GEO,GSE13294,GSM335534,single_sample_rank,xgboost,0,0.0997462719678878,0.235966682434082,0
TCGA_to_GEO,GSE13294,GSM335535,single_sample_rank,xgboost,0,0.1222403198480606,0.235966682434082,0
TCGA_to_GEO,GSE13294,GSM335536,single_sample_rank,xgboost,0,0.0939976871013641,0.235966682434082,0
TCGA_to_GEO,GSE13294,GSM335537,single_sample_rank,xgboost,0,0.1382679641246795,0.235966682434082,0
TCGA_to_GEO,GSE13294,GSM335538,single_sample_rank,xgboost,0,0.0974207744002342,0.235966682434082,0
TCGA_to_GEO,GSE13294,GSM335539,single_sample_rank,xgboost,0,0.0966949388384819,0.235966682434082,0
TCGA_to_GEO,GSE13294,GSM335540,single_sample_rank,xgboost,0,0.0916934609413147,0.235966682434082,0
TCGA_to_GEO,GSE13294,GSM335541,single_sample_rank,xgboost,1,0.6672841310501099,0.235966682434082,1
TCGA_to_GEO,GSE13294,GSM335542,single_sample_rank,xgboost,1,0.3979574143886566,0.235966682434082,1
TCGA_to_GEO,GSE13294,GSM335543,single_sample_rank,xgboost,1,0.6384202837944031,0.235966682434082,1
TCGA_to_GEO,GSE13294,GSM335544,single_sample_rank,xgboost,1,0.4097208678722381,0.235966682434082,1
TCGA_to_GEO,GSE13294,GSM335545,single_sample_rank,xgboost,1,0.4954745471477508,0.235966682434082,1
TCGA_to_GEO,GSE13294,GSM335546,single_sample_rank,xgboost,1,0.3792661130428314,0.235966682434082,1
TCGA_to_GEO,GSE13294,GSM335547,single_sample_rank,xgboost,0,0.3199778795242309,0.235966682434082,1
TCGA_to_GEO,GSE13294,GSM335548,single_sample_rank,xgboost,0,0.1397675275802612,0.235966682434082,0
TCGA_to_GEO,GSE13294,GSM335549,single_sample_rank,xgboost,0,0.0604045577347278,0.235966682434082,0
TCGA_to_GEO,GSE13294,GSM335550,single_sample_rank,xgboost,0,0.1226973533630371,0.235966682434082,0
TCGA_to_GEO,GSE13294,GSM335551,single_sample_rank,xgboost,1,0.6210417151451111,0.235966682434082,1
TCGA_to_GEO,GSE13294,GSM335552,single_sample_rank,xgboost,0,0.1984006613492965,0.235966682434082,0
TCGA_to_GEO,GSE13294,GSM335553,single_sample_rank,xgboost,0,0.137188121676445,0.235966682434082,0
TCGA_to_GEO,GSE13294,GSM335554,single_sample_rank,xgboost,0,0.0963498502969741,0.235966682434082,0
TCGA_to_GEO,GSE13294,GSM335555,single_sample_rank,xgboost,1,0.6333274245262146,0.235966682434082,1
TCGA_to_GEO,GSE13294,GSM335556,single_sample_rank,xgboost,0,0.1596471518278122,0.235966682434082,0
TCGA_to_GEO,GSE13294,GSM335557,single_sample_rank,xgboost,0,0.0847623124718666,0.235966682434082,0
TCGA_to_GEO,GSE13294,GSM335558,single_sample_rank,xgboost,0,0.1109647303819656,0.235966682434082,0
TCGA_to_GEO,GSE13294,GSM335559,single_sample_rank,xgboost,1,0.2759441435337066,0.235966682434082,1
TCGA_to_GEO,GSE13294,GSM335560,single_sample_rank,xgboost,1,0.6441892385482788,0.235966682434082,1
TCGA_to_GEO,GSE13294,GSM335561,single_sample_rank,xgboost,0,0.0875372737646102,0.235966682434082,0
TCGA_to_GEO,GSE13294,GSM335562,single_sample_rank,xgboost,1,0.3621765971183777,0.235966682434082,1
TCGA_to_GEO,GSE13294,GSM335563,single_sample_rank,xgboost,1,0.3608170449733734,0.235966682434082,1
TCGA_to_GEO,GSE13294,GSM335564,single_sample_rank,xgboost,0,0.0985669419169426,0.235966682434082,0
TCGA_to_GEO,GSE13294,GSM335565,single_sample_rank,xgboost,1,0.6456870436668396,0.235966682434082,1
TCGA_to_GEO,GSE13294,GSM335566,single_sample_rank,xgboost,1,0.524653971195221,0.235966682434082,1
TCGA_to_GEO,GSE13294,GSM335567,single_sample_rank,xgboost,0,0.1700465530157089,0.235966682434082,0
TCGA_to_GEO,GSE13294,GSM335568,single_sample_rank,xgboost,0,0.0421935021877288,0.235966682434082,0
TCGA_to_GEO,GSE13294,GSM335569,single_sample_rank,xgboost,0,0.107836052775383,0.235966682434082,0
TCGA_to_GEO,GSE13294,GSM335570,single_sample_rank,xgboost,0,0.2223361581563949,0.235966682434082,0
TCGA_to_GEO,GSE13294,GSM335571,single_sample_rank,xgboost,0,0.069302961230278,0.235966682434082,0
TCGA_to_GEO,GSE13294,GSM335572,single_sample_rank,xgboost,0,0.1025859043002128,0.235966682434082,0
TCGA_to_GEO,GSE13294,GSM335573,single_sample_rank,xgboost,1,0.1338408440351486,0.235966682434082,0
TCGA_to_GEO,GSE13294,GSM335574,single_sample_rank,xgboost,1,0.6391990780830383,0.235966682434082,1
TCGA_to_GEO,GSE13294,GSM335575,single_sample_rank,xgboost,0,0.0873165354132652,0.235966682434082,0
TCGA_to_GEO,GSE13294,GSM335576,single_sample_rank,xgboost,1,0.5842040181159973,0.235966682434082,1
TCGA_to_GEO,GSE13294,GSM335577,single_sample_rank,xgboost,1,0.6745733022689819,0.235966682434082,1
TCGA_to_GEO,GSE13294,GSM335578,single_sample_rank,xgboost,1,0.2758744359016418,0.235966682434082,1
TCGA_to_GEO,GSE13294,GSM335579,single_sample_rank,xgboost,0,0.1466113179922104,0.235966682434082,0
TCGA_to_GEO,GSE13294,GSM335580,single_sample_rank,xgboost,0,0.1865797340869903,0.235966682434082,0
TCGA_to_GEO,GSE13294,GSM335581,single_sample_rank,xgboost,0,0.2670998573303222,0.235966682434082,1
TCGA_to_GEO,GSE13294,GSM335582,single_sample_rank,xgboost,0,0.0910669416189193,0.235966682434082,0
TCGA_to_GEO,GSE13294,GSM335583,single_sample_rank,xgboost,0,0.0583238080143928,0.235966682434082,0
TCGA_to_GEO,GSE13294,GSM335584,single_sample_rank,xgboost,0,0.1465376317501068,0.235966682434082,0
TCGA_to_GEO,GSE13294,GSM335585,single_sample_rank,xgboost,1,0.5330456495285034,0.235966682434082,1
TCGA_to_GEO,GSE13294,GSM335586,single_sample_rank,xgboost,0,0.082541137933731,0.235966682434082,0
TCGA_to_GEO,GSE13294,GSM335587,single_sample_rank,xgboost,0,0.1133652329444885,0.235966682434082,0
TCGA_to_GEO,GSE13294,GSM335588,single_sample_rank,xgboost,0,0.0962383076548576,0.235966682434082,0
TCGA_to_GEO,GSE13294,GSM335589,single_sample_rank,xgboost,0,0.0578453578054904,0.235966682434082,0
TCGA_to_GEO,GSE13294,GSM335590,single_sample_rank,xgboost,0,0.2972732484340668,0.235966682434082,1
TCGA_to_GEO,GSE13294,GSM335591,single_sample_rank,xgboost,0,0.1010126769542694,0.235966682434082,0
TCGA_to_GEO,GSE13294,GSM335592,single_sample_rank,xgboost,0,0.2680880129337311,0.235966682434082,1
TCGA_to_GEO,GSE13294,GSM335593,single_sample_rank,xgboost,0,0.1113443672657013,0.235966682434082,0
TCGA_to_GEO,GSE13294,GSM335594,single_sample_rank,xgboost,0,0.1090116500854492,0.235966682434082,0
TCGA_to_GEO,GSE13294,GSM335595,single_sample_rank,xgboost,1,0.2786667346954345,0.235966682434082,1
TCGA_to_GEO,GSE13294,GSM335596,single_sample_rank,xgboost,0,0.1643824428319931,0.235966682434082,0
TCGA_to_GEO,GSE13294,GSM335597,single_sample_rank,xgboost,1,0.5652157068252563,0.235966682434082,1
TCGA_to_GEO,GSE13294,GSM335598,single_sample_rank,xgboost,0,0.090071715414524,0.235966682434082,0
TCGA_to_GEO,GSE13294,GSM335599,single_sample_rank,xgboost,0,0.2851879000663757,0.235966682434082,1
TCGA_to_GEO,GSE13294,GSM335600,single_sample_rank,xgboost,0,0.0491190515458583,0.235966682434082,0
TCGA_to_GEO,GSE13294,GSM335601,single_sample_rank,xgboost,0,0.2573566138744354,0.235966682434082,1
TCGA_to_GEO,GSE13294,GSM335602,single_sample_rank,xgboost,0,0.1001773998141288,0.235966682434082,0
TCGA_to_GEO,GSE13294,GSM335603,single_sample_rank,xgboost,0,0.1425644010305404,0.235966682434082,0
TCGA_to_GEO,GSE13294,GSM335604,single_sample_rank,xgboost,0,0.1998246163129806,0.235966682434082,0
TCGA_to_GEO,GSE13294,GSM335605,single_sample_rank,xgboost,0,0.1184547916054725,0.235966682434082,0
TCGA_to_GEO,GSE13294,GSM335606,single_sample_rank,xgboost,0,0.0822843834757804,0.235966682434082,0
TCGA_to_GEO,GSE13294,GSM335607,single_sample_rank,xgboost,0,0.3339242935180664,0.235966682434082,1
TCGA_to_GEO,GSE13294,GSM335608,single_sample_rank,xgboost,0,0.3627926707267761,0.235966682434082,1
TCGA_to_GEO,GSE13294,GSM335609,single_sample_rank,xgboost,0,0.1257295757532119,0.235966682434082,0
TCGA_to_GEO,GSE13294,GSM335610,single_sample_rank,xgboost,0,0.1162588745355606,0.235966682434082,0
TCGA_to_GEO,GSE13294,GSM335611,single_sample_rank,xgboost,0,0.2709419727325439,0.235966682434082,1
TCGA_to_GEO,GSE13294,GSM335612,single_sample_rank,xgboost,0,0.0625961199402809,0.235966682434082,0
TCGA_to_GEO,GSE13294,GSM335613,single_sample_rank,xgboost,0,0.136199489235878,0.235966682434082,0
TCGA_to_GEO,GSE13294,GSM335614,single_sample_rank,xgboost,1,0.6415197849273682,0.235966682434082,1
TCGA_to_GEO,GSE13294,GSM335615,single_sample_rank,xgboost,0,0.1154211014509201,0.235966682434082,0
TCGA_to_GEO,GSE13294,GSM335616,single_sample_rank,xgboost,0,0.0962275490164756,0.235966682434082,0
TCGA_to_GEO,GSE13294,GSM335617,single_sample_rank,xgboost,0,0.1296713203191757,0.235966682434082,0
TCGA_to_GEO,GSE13294,GSM335618,single_sample_rank,xgboost,1,0.1133161261677742,0.235966682434082,0
TCGA_to_GEO,GSE13294,GSM335619,single_sample_rank,xgboost,1,0.3728352785110473,0.235966682434082,1
TCGA_to_GEO,GSE13294,GSM335620,single_sample_rank,xgboost,1,0.3191018402576446,0.235966682434082,1
TCGA_to_GEO,GSE13294,GSM335621,single_sample_rank,xgboost,1,0.2919007539749145,0.235966682434082,1
TCGA_to_GEO,GSE13294,GSM335622,single_sample_rank,xgboost,1,0.404530793428421,0.235966682434082,1
TCGA_to_GEO,GSE13294,GSM335623,single_sample_rank,xgboost,1,0.7572203278541565,0.235966682434082,1
TCGA_to_GEO,GSE13294,GSM335624,single_sample_rank,xgboost,1,0.4607728719711303,0.235966682434082,1
TCGA_to_GEO,GSE13294,GSM335625,single_sample_rank,xgboost,1,0.1463269144296646,0.235966682434082,0
TCGA_to_GEO,GSE13294,GSM335626,single_sample_rank,xgboost,1,0.3925830721855163,0.235966682434082,1
TCGA_to_GEO,GSE13294,GSM335627,single_sample_rank,xgboost,1,0.3519830405712127,0.235966682434082,1
TCGA_to_GEO,GSE13294,GSM335628,single_sample_rank,xgboost,1,0.4632531702518463,0.235966682434082,1
TCGA_to_GEO,GSE13294,GSM335629,single_sample_rank,xgboost,1,0.6325722336769104,0.235966682434082,1
TCGA_to_GEO,GSE13294,GSM335630,single_sample_rank,xgboost,1,0.7368109226226807,0.235966682434082,1
TCGA_to_GEO,GSE13294,GSM335631,single_sample_rank,xgboost,1,0.1596790105104446,0.235966682434082,0
TCGA_to_GEO,GSE13294,GSM335632,single_sample_rank,xgboost,1,0.602171003818512,0.235966682434082,1
TCGA_to_GEO,GSE13294,GSM335633,single_sample_rank,xgboost,1,0.3317624926567077,0.235966682434082,1
TCGA_to_GEO,GSE13294,GSM335634,single_sample_rank,xgboost,1,0.6512077450752258,0.235966682434082,1
TCGA_to_GEO,GSE13294,GSM335635,single_sample_rank,xgboost,1,0.5804576277732849,0.235966682434082,1
TCGA_to_GEO,GSE13294,GSM335636,single_sample_rank,xgboost,1,0.0825280547142028,0.235966682434082,0
TCGA_to_GEO,GSE13294,GSM335637,single_sample_rank,xgboost,1,0.2130443751811981,0.235966682434082,0
TCGA_to_GEO,GSE13294,GSM335638,single_sample_rank,xgboost,1,0.6231271028518677,0.235966682434082,1
TCGA_to_GEO,GSE13294,GSM335639,single_sample_rank,xgboost,1,0.1935391873121261,0.235966682434082,0
TCGA_to_GEO,GSE13294,GSM335640,single_sample_rank,xgboost,1,0.5169668793678284,0.235966682434082,1
TCGA_to_GEO,GSE13294,GSM335641,single_sample_rank,xgboost,1,0.535686731338501,0.235966682434082,1
TCGA_to_GEO,GSE13294,GSM335642,single_sample_rank,xgboost,1,0.2522197067737579,0.235966682434082,1
TCGA_to_GEO,GSE13294,GSM335643,single_sample_rank,xgboost,1,0.7953090667724609,0.235966682434082,1
TCGA_to_GEO,GSE13294,GSM335644,single_sample_rank,xgboost,1,0.3451594114303589,0.235966682434082,1
TCGA_to_GEO,GSE13294,GSM335645,single_sample_rank,xgboost,1,0.7302690744400024,0.235966682434082,1
TCGA_to_GEO,GSE13294,GSM335646,single_sample_rank,xgboost,1,0.4078716039657593,0.235966682434082,1
TCGA_to_GEO,GSE13294,GSM335647,single_sample_rank,xgboost,1,0.3520940244197845,0.235966682434082,1
TCGA_to_GEO,GSE13294,GSM335648,single_sample_rank,xgboost,1,0.1318105459213256,0.235966682434082,0
TCGA_to_GEO,GSE13294,GSM335649,single_sample_rank,xgboost,1,0.6042874455451965,0.235966682434082,1
TCGA_to_GEO,GSE13294,GSM335650,single_sample_rank,xgboost,1,0.5611000061035156,0.235966682434082,1
TCGA_to_GEO,GSE13294,GSM335651,single_sample_rank,xgboost,1,0.0963498502969741,0.235966682434082,0
TCGA_to_GEO,GSE13294,GSM335652,single_sample_rank,xgboost,1,0.8309841752052307,0.235966682434082,1
TCGA_to_GEO,GSE13294,GSM335653,single_sample_rank,xgboost,1,0.5077682137489319,0.235966682434082,1
TCGA_to_GEO,GSE13294,GSM335654,single_sample_rank,xgboost,1,0.2462887316942215,0.235966682434082,1
TCGA_to_GEO,GSE13294,GSM335655,single_sample_rank,xgboost,1,0.3931294977664947,0.235966682434082,1
TCGA_to_GEO,GSE13294,GSM335656,single_sample_rank,xgboost,1,0.4134765565395355,0.235966682434082,1
TCGA_to_GEO,GSE13294,GSM335657,single_sample_rank,xgboost,1,0.6497273445129395,0.235966682434082,1
TCGA_to_GEO,GSE13294,GSM335658,single_sample_rank,xgboost,1,0.4321689307689667,0.235966682434082,1
TCGA_to_GEO,GSE13294,GSM335659,single_sample_rank,xgboost,1,0.6375173926353455,0.235966682434082,1
TCGA_to_GEO,GSE13294,GSM335660,single_sample_rank,xgboost,1,0.4556816518306732,0.235966682434082,1
TCGA_to_GEO,GSE13294,GSM335661,single_sample_rank,xgboost,1,0.246898740530014,0.235966682434082,1
TCGA_to_GEO,GSE13294,GSM335662,single_sample_rank,xgboost,1,0.4870915114879608,0.235966682434082,1
TCGA_to_GEO,GSE13294,GSM335663,single_sample_rank,xgboost,1,0.5417633652687073,0.235966682434082,1
TCGA_to_GEO,GSE13294,GSM335664,single_sample_rank,xgboost,1,0.3848605453968048,0.235966682434082,1
TCGA_to_GEO,GSE13067,GSM327282,single_sample_rank,xgboost,1,0.3579558432102203,0.235966682434082,1
TCGA_to_GEO,GSE13067,GSM327283,single_sample_rank,xgboost,0,0.1296553760766983,0.235966682434082,0
TCGA_to_GEO,GSE13067,GSM327284,single_sample_rank,xgboost,0,0.1319133043289184,0.235966682434082,0
TCGA_to_GEO,GSE13067,GSM327285,single_sample_rank,xgboost,0,0.1415780782699585,0.235966682434082,0
TCGA_to_GEO,GSE13067,GSM327286,single_sample_rank,xgboost,0,0.3628707528114319,0.235966682434082,1
TCGA_to_GEO,GSE13067,GSM327287,single_sample_rank,xgboost,0,0.1975969672203064,0.235966682434082,0
TCGA_to_GEO,GSE13067,GSM327288,single_sample_rank,xgboost,1,0.3025018572807312,0.235966682434082,1
TCGA_to_GEO,GSE13067,GSM327289,single_sample_rank,xgboost,0,0.06470887362957,0.235966682434082,0
TCGA_to_GEO,GSE13067,GSM327290,single_sample_rank,xgboost,0,0.1988939344882965,0.235966682434082,0
TCGA_to_GEO,GSE13067,GSM327291,single_sample_rank,xgboost,0,0.0855901762843132,0.235966682434082,0
TCGA_to_GEO,GSE13067,GSM327292,single_sample_rank,xgboost,0,0.1347668766975402,0.235966682434082,0
TCGA_to_GEO,GSE13067,GSM327293,single_sample_rank,xgboost,0,0.2458166182041168,0.235966682434082,1
TCGA_to_GEO,GSE13067,GSM327294,single_sample_rank,xgboost,0,0.414838969707489,0.235966682434082,1
TCGA_to_GEO,GSE13067,GSM327295,single_sample_rank,xgboost,0,0.1785026043653488,0.235966682434082,0
TCGA_to_GEO,GSE13067,GSM327296,single_sample_rank,xgboost,0,0.5024601817131042,0.235966682434082,1
TCGA_to_GEO,GSE13067,GSM327297,single_sample_rank,xgboost,0,0.2200307548046112,0.235966682434082,0
TCGA_to_GEO,GSE13067,GSM327298,single_sample_rank,xgboost,0,0.1178353726863861,0.235966682434082,0
TCGA_to_GEO,GSE13067,GSM327299,single_sample_rank,xgboost,0,0.2812395095825195,0.235966682434082,1
TCGA_to_GEO,GSE13067,GSM327300,single_sample_rank,xgboost,0,0.2930190861225128,0.235966682434082,1
TCGA_to_GEO,GSE13067,GSM327301,single_sample_rank,xgboost,0,0.1489052325487136,0.235966682434082,0
TCGA_to_GEO,GSE13067,GSM327302,single_sample_rank,xgboost,0,0.3769158720970154,0.235966682434082,1
TCGA_to_GEO,GSE13067,GSM327303,single_sample_rank,xgboost,0,0.0676508024334907,0.235966682434082,0
TCGA_to_GEO,GSE13067,GSM327304,single_sample_rank,xgboost,0,0.1898123323917389,0.235966682434082,0
TCGA_to_GEO,GSE13067,GSM327305,single_sample_rank,xgboost,0,0.4088204503059387,0.235966682434082,1
TCGA_to_GEO,GSE13067,GSM327306,single_sample_rank,xgboost,0,0.1791754961013794,0.235966682434082,0
TCGA_to_GEO,GSE13067,GSM327307,single_sample_rank,xgboost,0,0.2050057798624038,0.235966682434082,0
TCGA_to_GEO,GSE13067,GSM327308,single_sample_rank,xgboost,0,0.0931995958089828,0.235966682434082,0
TCGA_to_GEO,GSE13067,GSM327309,single_sample_rank,xgboost,1,0.3479527831077575,0.235966682434082,1
TCGA_to_GEO,GSE13067,GSM327310,single_sample_rank,xgboost,1,0.619249701499939,0.235966682434082,1
TCGA_to_GEO,GSE13067,GSM327311,single_sample_rank,xgboost,1,0.7668938040733337,0.235966682434082,1
TCGA_to_GEO,GSE13067,GSM327312,single_sample_rank,xgboost,0,0.1828494518995285,0.235966682434082,0
TCGA_to_GEO,GSE13067,GSM327313,single_sample_rank,xgboost,1,0.4913263320922851,0.235966682434082,1
TCGA_to_GEO,GSE13067,GSM327314,single_sample_rank,xgboost,0,0.1547446250915527,0.235966682434082,0
TCGA_to_GEO,GSE13067,GSM327315,single_sample_rank,xgboost,0,0.1855225414037704,0.235966682434082,0
TCGA_to_GEO,GSE13067,GSM327316,single_sample_rank,xgboost,0,0.3431009352207184,0.235966682434082,1
TCGA_to_GEO,GSE13067,GSM327317,single_sample_rank,xgboost,0,0.1939413994550705,0.235966682434082,0
TCGA_to_GEO,GSE13067,GSM327318,single_sample_rank,xgboost,0,0.0904680117964744,0.235966682434082,0
TCGA_to_GEO,GSE13067,GSM327319,single_sample_rank,xgboost,0,0.0706798955798149,0.235966682434082,0
TCGA_to_GEO,GSE13067,GSM327320,single_sample_rank,xgboost,0,0.0694941058754921,0.235966682434082,0
TCGA_to_GEO,GSE13067,GSM327321,single_sample_rank,xgboost,0,0.0367502756416797,0.235966682434082,0
TCGA_to_GEO,GSE13067,GSM327322,single_sample_rank,xgboost,0,0.2202716767787933,0.235966682434082,0
TCGA_to_GEO,GSE13067,GSM327323,single_sample_rank,xgboost,0,0.0721242204308509,0.235966682434082,0
TCGA_to_GEO,GSE13067,GSM327324,single_sample_rank,xgboost,1,0.6494553089141846,0.235966682434082,1
TCGA_to_GEO,GSE13067,GSM327325,single_sample_rank,xgboost,1,0.6677583456039429,0.235966682434082,1
TCGA_to_GEO,GSE13067,GSM327326,single_sample_rank,xgboost,0,0.1281267255544662,0.235966682434082,0
TCGA_to_GEO,GSE13067,GSM327327,single_sample_rank,xgboost,0,0.3172917068004608,0.235966682434082,1
TCGA_to_GEO,GSE13067,GSM327328,single_sample_rank,xgboost,0,0.1844615787267685,0.235966682434082,0
TCGA_to_GEO,GSE13067,GSM327329,single_sample_rank,xgboost,0,0.1386793255805969,0.235966682434082,0
TCGA_to_GEO,GSE13067,GSM327330,single_sample_rank,xgboost,0,0.0822348892688751,0.235966682434082,0
TCGA_to_GEO,GSE13067,GSM327331,single_sample_rank,xgboost,1,0.7322374582290649,0.235966682434082,1
TCGA_to_GEO,GSE13067,GSM327332,single_sample_rank,xgboost,0,0.0905791297554969,0.235966682434082,0
TCGA_to_GEO,GSE13067,GSM327333,single_sample_rank,xgboost,0,0.273069679737091,0.235966682434082,1
TCGA_to_GEO,GSE13067,GSM327334,single_sample_rank,xgboost,0,0.3261421620845794,0.235966682434082,1
TCGA_to_GEO,GSE13067,GSM327335,single_sample_rank,xgboost,0,0.1996336281299591,0.235966682434082,0
TCGA_to_GEO,GSE13067,GSM327336,single_sample_rank,xgboost,0,0.2853754460811615,0.235966682434082,1
TCGA_to_GEO,GSE13067,GSM327337,single_sample_rank,xgboost,0,0.2063971608877182,0.235966682434082,0
TCGA_to_GEO,GSE13067,GSM327338,single_sample_rank,xgboost,0,0.0886574983596801,0.235966682434082,0
TCGA_to_GEO,GSE13067,GSM327339,single_sample_rank,xgboost,0,0.3270689249038696,0.235966682434082,1
TCGA_to_GEO,GSE13067,GSM327340,single_sample_rank,xgboost,0,0.1648756861686706,0.235966682434082,0
TCGA_to_GEO,GSE13067,GSM327341,single_sample_rank,xgboost,0,0.1059992238879203,0.235966682434082,0
TCGA_to_GEO,GSE13067,GSM327342,single_sample_rank,xgboost,0,0.0631421208381652,0.235966682434082,0
TCGA_to_GEO,GSE13067,GSM327343,single_sample_rank,xgboost,0,0.3890348076820373,0.235966682434082,1
TCGA_to_GEO,GSE13067,GSM327344,single_sample_rank,xgboost,0,0.0438976325094699,0.235966682434082,0
TCGA_to_GEO,GSE13067,GSM327345,single_sample_rank,xgboost,0,0.4223483204841614,0.235966682434082,1
TCGA_to_GEO,GSE13067,GSM327346,single_sample_rank,xgboost,0,0.4369522631168365,0.235966682434082,1
TCGA_to_GEO,GSE13067,GSM327347,single_sample_rank,xgboost,0,0.2356347888708114,0.235966682434082,0
TCGA_to_GEO,GSE13067,GSM327348,single_sample_rank,xgboost,0,0.1524515002965927,0.235966682434082,0
TCGA_to_GEO,GSE13067,GSM327349,single_sample_rank,xgboost,0,0.1667004078626632,0.235966682434082,0
TCGA_to_GEO,GSE13067,GSM327350,single_sample_rank,xgboost,0,0.2690947353839874,0.235966682434082,1
TCGA_to_GEO,GSE13067,GSM327351,single_sample_rank,xgboost,0,0.2930765151977539,0.235966682434082,1
TCGA_to_GEO,GSE13067,GSM327352,single_sample_rank,xgboost,1,0.6573398113250732,0.235966682434082,1
TCGA_to_GEO,GSE13067,GSM327353,single_sample_rank,xgboost,1,0.7127505540847778,0.235966682434082,1
TCGA_to_GEO,GSE13067,GSM327354,single_sample_rank,xgboost,0,0.3623976111412048,0.235966682434082,1
TCGA_to_GEO,GSE13067,GSM327355,single_sample_rank,xgboost,0,0.2264039516448974,0.235966682434082,0
TCGA_to_GEO,GSE18088,GSM452148,single_sample_rank,xgboost,1,0.1275386661291122,0.235966682434082,0
TCGA_to_GEO,GSE18088,GSM452149,single_sample_rank,xgboost,0,0.0355593748390674,0.235966682434082,0
TCGA_to_GEO,GSE18088,GSM452150,single_sample_rank,xgboost,0,0.1375056505203247,0.235966682434082,0
TCGA_to_GEO,GSE18088,GSM452151,single_sample_rank,xgboost,0,0.0889783129096031,0.235966682434082,0
TCGA_to_GEO,GSE18088,GSM452152,single_sample_rank,xgboost,0,0.0464369095861911,0.235966682434082,0
TCGA_to_GEO,GSE18088,GSM452153,single_sample_rank,xgboost,1,0.2848539352416992,0.235966682434082,1
TCGA_to_GEO,GSE18088,GSM452154,single_sample_rank,xgboost,0,0.0992770045995712,0.235966682434082,0
TCGA_to_GEO,GSE18088,GSM452155,single_sample_rank,xgboost,0,0.08709616959095,0.235966682434082,0
TCGA_to_GEO,GSE18088,GSM452156,single_sample_rank,xgboost,0,0.0550646446645259,0.235966682434082,0
TCGA_to_GEO,GSE18088,GSM452157,single_sample_rank,xgboost,1,0.9151151776313782,0.235966682434082,1
TCGA_to_GEO,GSE18088,GSM452158,single_sample_rank,xgboost,0,0.0470496453344821,0.235966682434082,0
TCGA_to_GEO,GSE18088,GSM452159,single_sample_rank,xgboost,1,0.4129716753959656,0.235966682434082,1
TCGA_to_GEO,GSE18088,GSM452160,single_sample_rank,xgboost,0,0.0388757176697254,0.235966682434082,0
TCGA_to_GEO,GSE18088,GSM452161,single_sample_rank,xgboost,0,0.0735905170440673,0.235966682434082,0
TCGA_to_GEO,GSE18088,GSM452162,single_sample_rank,xgboost,0,0.2249310910701751,0.235966682434082,0
TCGA_to_GEO,GSE18088,GSM452163,single_sample_rank,xgboost,1,0.8372765779495239,0.235966682434082,1
TCGA_to_GEO,GSE18088,GSM452164,single_sample_rank,xgboost,0,0.0633855909109115,0.235966682434082,0
TCGA_to_GEO,GSE18088,GSM452165,single_sample_rank,xgboost,0,0.0863463059067726,0.235966682434082,0
TCGA_to_GEO,GSE18088,GSM452166,single_sample_rank,xgboost,0,0.0587988086044788,0.235966682434082,0
TCGA_to_GEO,GSE18088,GSM452167,single_sample_rank,xgboost,0,0.0508969202637672,0.235966682434082,0
TCGA_to_GEO,GSE18088,GSM452168,single_sample_rank,xgboost,1,0.3160265982151031,0.235966682434082,1
TCGA_to_GEO,GSE18088,GSM452169,single_sample_rank,xgboost,1,0.8476168513298035,0.235966682434082,1
TCGA_to_GEO,GSE18088,GSM452170,single_sample_rank,xgboost,0,0.2078120112419128,0.235966682434082,0
TCGA_to_GEO,GSE18088,GSM452171,single_sample_rank,xgboost,0,0.0647370889782905,0.235966682434082,0
TCGA_to_GEO,GSE18088,GSM452172,single_sample_rank,xgboost,0,0.3255579173564911,0.235966682434082,1
TCGA_to_GEO,GSE18088,GSM452173,single_sample_rank,xgboost,1,0.6580502986907959,0.235966682434082,1
TCGA_to_GEO,GSE18088,GSM452174,single_sample_rank,xgboost,1,0.51583331823349,0.235966682434082,1
TCGA_to_GEO,GSE18088,GSM452175,single_sample_rank,xgboost,1,0.3399990200996399,0.235966682434082,1
TCGA_to_GEO,GSE18088,GSM452176,single_sample_rank,xgboost,0,0.0998346582055091,0.235966682434082,0
TCGA_to_GEO,GSE18088,GSM452177,single_sample_rank,xgboost,0,0.0633117705583572,0.235966682434082,0
TCGA_to_GEO,GSE18088,GSM452178,single_sample_rank,xgboost,0,0.0494349673390388,0.235966682434082,0
TCGA_to_GEO,GSE18088,GSM452179,single_sample_rank,xgboost,1,0.8607529401779175,0.235966682434082,1
TCGA_to_GEO,GSE18088,GSM452180,single_sample_rank,xgboost,1,0.7865028381347656,0.235966682434082,1
TCGA_to_GEO,GSE18088,GSM452181,single_sample_rank,xgboost,0,0.0761303454637527,0.235966682434082,0
TCGA_to_GEO,GSE18088,GSM452182,single_sample_rank,xgboost,1,0.3374750912189483,0.235966682434082,1
TCGA_to_GEO,GSE18088,GSM452183,single_sample_rank,xgboost,1,0.504031777381897,0.235966682434082,1
TCGA_to_GEO,GSE18088,GSM452184,single_sample_rank,xgboost,1,0.2911218404769897,0.235966682434082,1
TCGA_to_GEO,GSE18088,GSM452185,single_sample_rank,xgboost,0,0.0946294590830802,0.235966682434082,0
TCGA_to_GEO,GSE18088,GSM452186,single_sample_rank,xgboost,0,0.347348153591156,0.235966682434082,1
TCGA_to_GEO,GSE18088,GSM452187,single_sample_rank,xgboost,0,0.0309853218495845,0.235966682434082,0
TCGA_to_GEO,GSE18088,GSM452188,single_sample_rank,xgboost,1,0.7765623927116394,0.235966682434082,1
TCGA_to_GEO,GSE18088,GSM452189,single_sample_rank,xgboost,1,0.2543682157993316,0.235966682434082,1
TCGA_to_GEO,GSE18088,GSM452190,single_sample_rank,xgboost,0,0.1400491744279861,0.235966682434082,0
TCGA_to_GEO,GSE18088,GSM452191,single_sample_rank,xgboost,0,0.060921587049961,0.235966682434082,0
TCGA_to_GEO,GSE18088,GSM452192,single_sample_rank,xgboost,0,0.0516774952411651,0.235966682434082,0
TCGA_to_GEO,GSE18088,GSM452193,single_sample_rank,xgboost,0,0.0926514565944671,0.235966682434082,0
TCGA_to_GEO,GSE18088,GSM452194,single_sample_rank,xgboost,0,0.1226209923624992,0.235966682434082,0
TCGA_to_GEO,GSE18088,GSM452195,single_sample_rank,xgboost,0,0.1010992154479026,0.235966682434082,0
TCGA_to_GEO,GSE18088,GSM452196,single_sample_rank,xgboost,0,0.098110094666481,0.235966682434082,0
TCGA_to_GEO,GSE18088,GSM452197,single_sample_rank,xgboost,1,0.5817078948020935,0.235966682434082,1
TCGA_to_GEO,GSE18088,GSM452198,single_sample_rank,xgboost,0,0.3375427722930908,0.235966682434082,1
TCGA_to_GEO,GSE18088,GSM452199,single_sample_rank,xgboost,0,0.1025559604167938,0.235966682434082,0
TCGA_to_GEO,GSE18088,GSM452200,single_sample_rank,xgboost,1,0.0815403014421463,0.235966682434082,0
TCGA_to_GEO,GSE26682,GSM656542,single_sample_rank,xgboost,0,0.0800654590129852,0.235966682434082,0
TCGA_to_GEO,GSE26682,GSM656543,single_sample_rank,xgboost,0,0.1302951723337173,0.235966682434082,0
TCGA_to_GEO,GSE26682,GSM656545,single_sample_rank,xgboost,1,0.5526238679885864,0.235966682434082,1
TCGA_to_GEO,GSE26682,GSM656546,single_sample_rank,xgboost,0,0.1090661138296127,0.235966682434082,0
TCGA_to_GEO,GSE26682,GSM656548,single_sample_rank,xgboost,0,0.1001399159431457,0.235966682434082,0
TCGA_to_GEO,GSE26682,GSM656550,single_sample_rank,xgboost,0,0.1448716670274734,0.235966682434082,0
TCGA_to_GEO,GSE26682,GSM656552,single_sample_rank,xgboost,0,0.1156937703490257,0.235966682434082,0
TCGA_to_GEO,GSE26682,GSM656553,single_sample_rank,xgboost,0,0.1332259327173233,0.235966682434082,0
TCGA_to_GEO,GSE26682,GSM656555,single_sample_rank,xgboost,0,0.1909835487604141,0.235966682434082,0
TCGA_to_GEO,GSE26682,GSM656556,single_sample_rank,xgboost,0,0.0790904015302658,0.235966682434082,0
TCGA_to_GEO,GSE26682,GSM656557,single_sample_rank,xgboost,0,0.3034210801124573,0.235966682434082,1
TCGA_to_GEO,GSE26682,GSM656558,single_sample_rank,xgboost,0,0.1212436854839325,0.235966682434082,0
TCGA_to_GEO,GSE26682,GSM656559,single_sample_rank,xgboost,1,0.5708129405975342,0.235966682434082,1
TCGA_to_GEO,GSE26682,GSM656560,single_sample_rank,xgboost,0,0.1084942147135734,0.235966682434082,0
TCGA_to_GEO,GSE26682,GSM656561,single_sample_rank,xgboost,0,0.0530541725456714,0.235966682434082,0
TCGA_to_GEO,GSE26682,GSM656567,single_sample_rank,xgboost,0,0.0751639530062675,0.235966682434082,0
TCGA_to_GEO,GSE26682,GSM656568,single_sample_rank,xgboost,0,0.0840856432914733,0.235966682434082,0
TCGA_to_GEO,GSE26682,GSM656569,single_sample_rank,xgboost,0,0.0589836984872818,0.235966682434082,0
TCGA_to_GEO,GSE26682,GSM656570,single_sample_rank,xgboost,0,0.2159865349531173,0.235966682434082,0
TCGA_to_GEO,GSE26682,GSM656574,single_sample_rank,xgboost,0,0.0840803906321525,0.235966682434082,0
TCGA_to_GEO,GSE26682,GSM656580,single_sample_rank,xgboost,0,0.0737985968589782,0.235966682434082,0
TCGA_to_GEO,GSE26682,GSM656582,single_sample_rank,xgboost,0,0.066680371761322,0.235966682434082,0
TCGA_to_GEO,GSE26682,GSM656583,single_sample_rank,xgboost,1,0.5831230282783508,0.235966682434082,1
TCGA_to_GEO,GSE26682,GSM656584,single_sample_rank,xgboost,0,0.1879272758960724,0.235966682434082,0
TCGA_to_GEO,GSE26682,GSM656585,single_sample_rank,xgboost,0,0.3950107991695404,0.235966682434082,1
TCGA_to_GEO,GSE26682,GSM656586,single_sample_rank,xgboost,0,0.310362845659256,0.235966682434082,1
TCGA_to_GEO,GSE26682,GSM656587,single_sample_rank,xgboost,0,0.3556707799434662,0.235966682434082,1
TCGA_to_GEO,GSE26682,GSM656590,single_sample_rank,xgboost,1,0.501996636390686,0.235966682434082,1
TCGA_to_GEO,GSE26682,GSM656592,single_sample_rank,xgboost,0,0.1181889325380325,0.235966682434082,0
TCGA_to_GEO,GSE26682,GSM656596,single_sample_rank,xgboost,0,0.0754190236330032,0.235966682434082,0
TCGA_to_GEO,GSE26682,GSM656598,single_sample_rank,xgboost,0,0.1403884291648864,0.235966682434082,0
TCGA_to_GEO,GSE26682,GSM656601,single_sample_rank,xgboost,0,0.0671133026480674,0.235966682434082,0
TCGA_to_GEO,GSE26682,GSM656603,single_sample_rank,xgboost,1,0.7505127787590027,0.235966682434082,1
TCGA_to_GEO,GSE26682,GSM656612,single_sample_rank,xgboost,1,0.4302878677845001,0.235966682434082,1
TCGA_to_GEO,GSE26682,GSM656613,single_sample_rank,xgboost,0,0.1857246905565261,0.235966682434082,0
TCGA_to_GEO,GSE26682,GSM656617,single_sample_rank,xgboost,0,0.1917418390512466,0.235966682434082,0
TCGA_to_GEO,GSE26682,GSM656618,single_sample_rank,xgboost,0,0.0763161554932594,0.235966682434082,0
TCGA_to_GEO,GSE26682,GSM656625,single_sample_rank,xgboost,0,0.1339233368635177,0.235966682434082,0
TCGA_to_GEO,GSE26682,GSM656634,single_sample_rank,xgboost,0,0.3433330953121185,0.235966682434082,1
TCGA_to_GEO,GSE26682,GSM656635,single_sample_rank,xgboost,0,0.145484909415245,0.235966682434082,0
TCGA_to_GEO,GSE26682,GSM656636,single_sample_rank,xgboost,0,0.1017740964889526,0.235966682434082,0
TCGA_to_GEO,GSE26682,GSM656639,single_sample_rank,xgboost,0,0.1212191432714462,0.235966682434082,0
TCGA_to_GEO,GSE26682,GSM656640,single_sample_rank,xgboost,0,0.1952267587184906,0.235966682434082,0
TCGA_to_GEO,GSE26682,GSM656642,single_sample_rank,xgboost,0,0.151767611503601,0.235966682434082,0
TCGA_to_GEO,GSE26682,GSM656644,single_sample_rank,xgboost,0,0.0817514657974243,0.235966682434082,0
TCGA_to_GEO,GSE26682,GSM656657,single_sample_rank,xgboost,0,0.155957892537117,0.235966682434082,0
TCGA_to_GEO,GSE26682,GSM656662,single_sample_rank,xgboost,0,0.138472631573677,0.235966682434082,0
TCGA_to_GEO,GSE26682,GSM656663,single_sample_rank,xgboost,0,0.1574709713459015,0.235966682434082,0
TCGA_to_GEO,GSE26682,GSM656669,single_sample_rank,xgboost,1,0.5380704402923584,0.235966682434082,1
TCGA_to_GEO,GSE26682,GSM656672,single_sample_rank,xgboost,0,0.1909652948379516,0.235966682434082,0
TCGA_to_GEO,GSE26682,GSM656675,single_sample_rank,xgboost,0,0.1201028302311897,0.235966682434082,0
TCGA_to_GEO,GSE26682,GSM656676,single_sample_rank,xgboost,0,0.1766673773527145,0.235966682434082,0
TCGA_to_GEO,GSE26682,GSM656678,single_sample_rank,xgboost,0,0.1568331271409988,0.235966682434082,0
TCGA_to_GEO,GSE26682,GSM656679,single_sample_rank,xgboost,1,0.5082167983055115,0.235966682434082,1
TCGA_to_GEO,GSE26682,GSM656683,single_sample_rank,xgboost,0,0.1238551437854766,0.235966682434082,0
TCGA_to_GEO,GSE26682,GSM656687,single_sample_rank,xgboost,0,0.2007561773061752,0.235966682434082,0
TCGA_to_GEO,GSE26682,GSM656691,single_sample_rank,xgboost,0,0.2039437741041183,0.235966682434082,0
TCGA_to_GEO,GSE26682,GSM656692,single_sample_rank,xgboost,0,0.1566360890865326,0.235966682434082,0
TCGA_to_GEO,GSE26682,GSM656693,single_sample_rank,xgboost,0,0.1859125196933746,0.235966682434082,0
TCGA_to_GEO,GSE26682,GSM656695,single_sample_rank,xgboost,0,0.0816010385751724,0.235966682434082,0
TCGA_to_GEO,GSE26682,GSM656698,single_sample_rank,xgboost,0,0.1184768974781036,0.235966682434082,0
TCGA_to_GEO,GSE26682,GSM656699,single_sample_rank,xgboost,0,0.0857393145561218,0.235966682434082,0
TCGA_to_GEO,GSE26682,GSM656700,single_sample_rank,xgboost,0,0.1109691932797432,0.235966682434082,0
TCGA_to_GEO,GSE26682,GSM656701,single_sample_rank,xgboost,0,0.2783836722373962,0.235966682434082,1
TCGA_to_GEO,GSE26682,GSM656702,single_sample_rank,xgboost,0,0.1751073449850082,0.235966682434082,0
TCGA_to_GEO,GSE26682,GSM656703,single_sample_rank,xgboost,0,0.1246556043624877,0.235966682434082,0
TCGA_to_GEO,GSE26682,GSM656704,single_sample_rank,xgboost,0,0.2553383111953735,0.235966682434082,1
TCGA_to_GEO,GSE26682,GSM656705,single_sample_rank,xgboost,0,0.4143556952476501,0.235966682434082,1
TCGA_to_GEO,GSE26682,GSM656707,single_sample_rank,xgboost,0,0.1537670493125915,0.235966682434082,0
TCGA_to_GEO,GSE26682,GSM656710,single_sample_rank,xgboost,0,0.1415805965662002,0.235966682434082,0
TCGA_to_GEO,GSE26682,GSM656711,single_sample_rank,xgboost,0,0.3962330818176269,0.235966682434082,1
TCGA_to_GEO,GSE26682,GSM656714,single_sample_rank,xgboost,0,0.0933302715420723,0.235966682434082,0
TCGA_to_GEO,GSE26682,GSM656715,single_sample_rank,xgboost,0,0.107353463768959,0.235966682434082,0
TCGA_to_GEO,GSE26682,GSM656720,single_sample_rank,xgboost,0,0.186696395277977,0.235966682434082,0
TCGA_to_GEO,GSE26682,GSM656721,single_sample_rank,xgboost,0,0.1234115362167358,0.235966682434082,0
TCGA_to_GEO,GSE26682,GSM656726,single_sample_rank,xgboost,0,0.2264574915170669,0.235966682434082,0
TCGA_to_GEO,GSE26682,GSM656732,single_sample_rank,xgboost,0,0.0684986189007759,0.235966682434082,0
TCGA_to_GEO,GSE26682,GSM656735,single_sample_rank,xgboost,0,0.0790531113743782,0.235966682434082,0
TCGA_to_GEO,GSE26682,GSM656736,single_sample_rank,xgboost,1,0.4709251224994659,0.235966682434082,1
TCGA_to_GEO,GSE26682,GSM656737,single_sample_rank,xgboost,0,0.1849424988031387,0.235966682434082,0
TCGA_to_GEO,GSE26682,GSM656739,single_sample_rank,xgboost,0,0.1730443388223648,0.235966682434082,0
TCGA_to_GEO,GSE26682,GSM656742,single_sample_rank,xgboost,0,0.1303745061159134,0.235966682434082,0
TCGA_to_GEO,GSE26682,GSM656749,single_sample_rank,xgboost,0,0.0755028203129768,0.235966682434082,0
TCGA_to_GEO,GSE26682,GSM656768,single_sample_rank,xgboost,0,0.1051802188158035,0.235966682434082,0
TCGA_to_GEO,GSE26682,GSM656769,single_sample_rank,xgboost,0,0.0774157494306564,0.235966682434082,0
TCGA_to_GEO,GSE26682,GSM656770,single_sample_rank,xgboost,0,0.2386408001184463,0.235966682434082,1
TCGA_to_GEO,GSE26682,GSM656772,single_sample_rank,xgboost,0,0.113777607679367,0.235966682434082,0
TCGA_to_GEO,GSE26682,GSM656775,single_sample_rank,xgboost,0,0.0806666761636734,0.235966682434082,0
TCGA_to_GEO,GSE26682,GSM656776,single_sample_rank,xgboost,0,0.2044212967157364,0.235966682434082,0
TCGA_to_GEO,GSE26682,GSM656777,single_sample_rank,xgboost,0,0.1439202576875686,0.235966682434082,0
TCGA_to_GEO,GSE26682,GSM656783,single_sample_rank,xgboost,0,0.0882962569594383,0.235966682434082,0
TCGA_to_GEO,GSE26682,GSM656785,single_sample_rank,xgboost,0,0.1816118508577346,0.235966682434082,0
TCGA_to_GEO,GSE26682,GSM656787,single_sample_rank,xgboost,0,0.5242922306060791,0.235966682434082,1
TCGA_to_GEO,GSE26682,GSM656794,single_sample_rank,xgboost,0,0.0771535113453865,0.235966682434082,0
TCGA_to_GEO,GSE26682,GSM656800,single_sample_rank,xgboost,0,0.1497712433338165,0.235966682434082,0
TCGA_to_GEO,GSE26682,GSM656803,single_sample_rank,xgboost,0,0.1285297125577926,0.235966682434082,0
TCGA_to_GEO,GSE26682,GSM656804,single_sample_rank,xgboost,0,0.2206142097711563,0.235966682434082,0
TCGA_to_GEO,GSE26682,GSM656806,single_sample_rank,xgboost,0,0.1079676076769828,0.235966682434082,0
TCGA_to_GEO,GSE26682,GSM656809,single_sample_rank,xgboost,0,0.1013209596276283,0.235966682434082,0
TCGA_to_GEO,GSE26682,GSM656811,single_sample_rank,xgboost,0,0.1270969957113266,0.235966682434082,0
TCGA_to_GEO,GSE26682,GSM656816,single_sample_rank,xgboost,0,0.3076716959476471,0.235966682434082,1
TCGA_to_GEO,GSE26682,GSM656819,single_sample_rank,xgboost,0,0.0693959295749664,0.235966682434082,0
TCGA_to_GEO,GSE26682,GSM656820,single_sample_rank,xgboost,1,0.6233803629875183,0.235966682434082,1
TCGA_to_GEO,GSE26682,GSM656822,single_sample_rank,xgboost,0,0.463746577501297,0.235966682434082,1
TCGA_to_GEO,GSE26682,GSM656824,single_sample_rank,xgboost,0,0.0607572309672832,0.235966682434082,0
TCGA_to_GEO,GSE26682,GSM656825,single_sample_rank,xgboost,0,0.1385656595230102,0.235966682434082,0
TCGA_to_GEO,GSE26682,GSM656830,single_sample_rank,xgboost,0,0.0611769445240497,0.235966682434082,0
TCGA_to_GEO,GSE26682,GSM656831,single_sample_rank,xgboost,0,0.1831791698932647,0.235966682434082,0
TCGA_to_GEO,GSE26682,GSM656832,single_sample_rank,xgboost,0,0.0751812607049942,0.235966682434082,0
TCGA_to_GEO,GSE26682,GSM656833,single_sample_rank,xgboost,0,0.1936246454715728,0.235966682434082,0
TCGA_to_GEO,GSE26682,GSM656834,single_sample_rank,xgboost,0,0.1074725016951561,0.235966682434082,0
TCGA_to_GEO,GSE26682,GSM656836,single_sample_rank,xgboost,0,0.2537447214126587,0.235966682434082,1
TCGA_to_GEO,GSE26682,GSM656837,single_sample_rank,xgboost,1,0.5626679062843323,0.235966682434082,1
TCGA_to_GEO,GSE26682,GSM656840,single_sample_rank,xgboost,0,0.0781434550881385,0.235966682434082,0
TCGA_to_GEO,GSE26682,GSM656841,single_sample_rank,xgboost,0,0.4029083251953125,0.235966682434082,1
TCGA_to_GEO,GSE26682,GSM656842,single_sample_rank,xgboost,1,0.4683192670345306,0.235966682434082,1
TCGA_to_GEO,GSE26682,GSM656843,single_sample_rank,xgboost,0,0.1341944336891174,0.235966682434082,0
TCGA_to_GEO,GSE26682,GSM656845,single_sample_rank,xgboost,0,0.2049594819545745,0.235966682434082,0
TCGA_to_GEO,GSE26682,GSM656846,single_sample_rank,xgboost,0,0.2043168693780899,0.235966682434082,0
TCGA_to_GEO,GSE26682,GSM656847,single_sample_rank,xgboost,0,0.5221540927886963,0.235966682434082,1
TCGA_to_GEO,GSE26682,GSM656849,single_sample_rank,xgboost,1,0.7457057237625122,0.235966682434082,1
TCGA_to_GEO,GSE26682,GSM656850,single_sample_rank,xgboost,1,0.1082729771733284,0.235966682434082,0
TCGA_to_GEO,GSE26682,GSM656851,single_sample_rank,xgboost,1,0.637671947479248,0.235966682434082,1
TCGA_to_GEO,GSE26682,GSM656853,single_sample_rank,xgboost,0,0.074310727417469,0.235966682434082,0
TCGA_to_GEO,GSE26682,GSM656854,single_sample_rank,xgboost,1,0.5471883416175842,0.235966682434082,1
TCGA_to_GEO,GSE26682,GSM656857,single_sample_rank,xgboost,0,0.2622332572937011,0.235966682434082,1
TCGA_to_GEO,GSE26682,GSM656858,single_sample_rank,xgboost,0,0.1471487581729889,0.235966682434082,0
TCGA_to_GEO,GSE26682,GSM656859,single_sample_rank,xgboost,0,0.4962333142757416,0.235966682434082,1
TCGA_to_GEO,GSE26682,GSM656860,single_sample_rank,xgboost,0,0.4155296683311462,0.235966682434082,1
TCGA_to_GEO,GSE26682,GSM656861,single_sample_rank,xgboost,0,0.0647381022572517,0.235966682434082,0
TCGA_to_GEO,GSE26682,GSM656863,single_sample_rank,xgboost,0,0.172434777021408,0.235966682434082,0
TCGA_to_GEO,GSE26682,GSM656864,single_sample_rank,xgboost,1,0.6179759502410889,0.235966682434082,1
TCGA_to_GEO,GSE26682,GSM656865,single_sample_rank,xgboost,1,0.1525299251079559,0.235966682434082,0
TCGA_to_GEO,GSE26682,GSM656867,single_sample_rank,xgboost,0,0.1736579090356826,0.235966682434082,0
TCGA_to_GEO,GSE26682,GSM656868,single_sample_rank,xgboost,0,0.2511377930641174,0.235966682434082,1
TCGA_to_GEO,GSE26682,GSM656869,single_sample_rank,xgboost,0,0.1130113005638122,0.235966682434082,0
TCGA_to_GEO,GSE26682,GSM656870,single_sample_rank,xgboost,0,0.1316643208265304,0.235966682434082,0
TCGA_to_GEO,GSE39084,GSM955440,single_sample_rank,xgboost,0,0.0830401927232742,0.235966682434082,0
TCGA_to_GEO,GSE39084,GSM955441,single_sample_rank,xgboost,0,0.0394741483032703,0.235966682434082,0
TCGA_to_GEO,GSE39084,GSM955442,single_sample_rank,xgboost,0,0.0722113698720932,0.235966682434082,0
TCGA_to_GEO,GSE39084,GSM955443,single_sample_rank,xgboost,0,0.0819812268018722,0.235966682434082,0
TCGA_to_GEO,GSE39084,GSM955444,single_sample_rank,xgboost,0,0.1014605462551117,0.235966682434082,0
TCGA_to_GEO,GSE39084,GSM955445,single_sample_rank,xgboost,0,0.0522739291191101,0.235966682434082,0
TCGA_to_GEO,GSE39084,GSM955446,single_sample_rank,xgboost,0,0.0904443338513374,0.235966682434082,0
TCGA_to_GEO,GSE39084,GSM955447,single_sample_rank,xgboost,1,0.1702351123094558,0.235966682434082,0
TCGA_to_GEO,GSE39084,GSM955448,single_sample_rank,xgboost,1,0.3939088582992553,0.235966682434082,1
TCGA_to_GEO,GSE39084,GSM955449,single_sample_rank,xgboost,0,0.0620544217526912,0.235966682434082,0
TCGA_to_GEO,GSE39084,GSM955450,single_sample_rank,xgboost,0,0.0396479181945323,0.235966682434082,0
TCGA_to_GEO,GSE39084,GSM955451,single_sample_rank,xgboost,0,0.0841738954186439,0.235966682434082,0
TCGA_to_GEO,GSE39084,GSM955452,single_sample_rank,xgboost,0,0.1100137904286384,0.235966682434082,0
TCGA_to_GEO,GSE39084,GSM955453,single_sample_rank,xgboost,0,0.065997876226902,0.235966682434082,0
TCGA_to_GEO,GSE39084,GSM955455,single_sample_rank,xgboost,0,0.1752977818250656,0.235966682434082,0
TCGA_to_GEO,GSE39084,GSM955456,single_sample_rank,xgboost,0,0.0898447558283805,0.235966682434082,0
TCGA_to_GEO,GSE39084,GSM955457,single_sample_rank,xgboost,0,0.1428346633911132,0.235966682434082,0
TCGA_to_GEO,GSE39084,GSM955458,single_sample_rank,xgboost,1,0.3330577909946441,0.235966682434082,1
TCGA_to_GEO,GSE39084,GSM955459,single_sample_rank,xgboost,1,0.4301334023475647,0.235966682434082,1
TCGA_to_GEO,GSE39084,GSM955460,single_sample_rank,xgboost,1,0.2476422488689422,0.235966682434082,1
TCGA_to_GEO,GSE39084,GSM955461,single_sample_rank,xgboost,1,0.2274574041366577,0.235966682434082,0
TCGA_to_GEO,GSE39084,GSM955462,single_sample_rank,xgboost,0,0.1285600662231445,0.235966682434082,0
TCGA_to_GEO,GSE39084,GSM955463,single_sample_rank,xgboost,0,0.0782981887459755,0.235966682434082,0
TCGA_to_GEO,GSE39084,GSM955464,single_sample_rank,xgboost,0,0.1485015898942947,0.235966682434082,0
TCGA_to_GEO,GSE39084,GSM955466,single_sample_rank,xgboost,1,0.3050401210784912,0.235966682434082,1
TCGA_to_GEO,GSE39084,GSM955467,single_sample_rank,xgboost,1,0.3190653324127197,0.235966682434082,1
TCGA_to_GEO,GSE39084,GSM955468,single_sample_rank,xgboost,1,0.3108972012996673,0.235966682434082,1
TCGA_to_GEO,GSE39084,GSM955469,single_sample_rank,xgboost,1,0.3211744725704193,0.235966682434082,1
TCGA_to_GEO,GSE39084,GSM955470,single_sample_rank,xgboost,1,0.2984476685523987,0.235966682434082,1
TCGA_to_GEO,GSE39084,GSM955471,single_sample_rank,xgboost,1,0.2371155321598053,0.235966682434082,1
TCGA_to_GEO,GSE39084,GSM955472,single_sample_rank,xgboost,1,0.3020374476909637,0.235966682434082,1
TCGA_to_GEO,GSE39084,GSM955473,single_sample_rank,xgboost,1,0.363164484500885,0.235966682434082,1
TCGA_to_GEO,GSE39084,GSM955474,single_sample_rank,xgboost,0,0.1593383848667144,0.235966682434082,0
TCGA_to_GEO,GSE39084,GSM955475,single_sample_rank,xgboost,0,0.1483299434185028,0.235966682434082,0
TCGA_to_GEO,GSE39084,GSM955476,single_sample_rank,xgboost,0,0.1126515939831733,0.235966682434082,0
TCGA_to_GEO,GSE39084,GSM955477,single_sample_rank,xgboost,0,0.1258779019117355,0.235966682434082,0
TCGA_to_GEO,GSE39084,GSM955478,single_sample_rank,xgboost,0,0.1129274666309356,0.235966682434082,0
TCGA_to_GEO,GSE39084,GSM955479,single_sample_rank,xgboost,0,0.2413957864046096,0.235966682434082,1
TCGA_to_GEO,GSE39084,GSM955480,single_sample_rank,xgboost,0,0.1087430641055107,0.235966682434082,0
TCGA_to_GEO,GSE39084,GSM955482,single_sample_rank,xgboost,0,0.1329326033592224,0.235966682434082,0
TCGA_to_GEO,GSE39084,GSM955483,single_sample_rank,xgboost,0,0.1586959213018417,0.235966682434082,0
TCGA_to_GEO,GSE39084,GSM955484,single_sample_rank,xgboost,0,0.0714770257472992,0.235966682434082,0
TCGA_to_GEO,GSE39084,GSM955485,single_sample_rank,xgboost,0,0.0783090963959693,0.235966682434082,0
TCGA_to_GEO,GSE39084,GSM955486,single_sample_rank,xgboost,0,0.1109826117753982,0.235966682434082,0
TCGA_to_GEO,GSE39084,GSM955487,single_sample_rank,xgboost,0,0.1741421818733215,0.235966682434082,0
TCGA_to_GEO,GSE39084,GSM955488,single_sample_rank,xgboost,0,0.1869557946920395,0.235966682434082,0
TCGA_to_GEO,GSE39084,GSM955489,single_sample_rank,xgboost,0,0.0779417678713798,0.235966682434082,0
TCGA_to_GEO,GSE39084,GSM955490,single_sample_rank,xgboost,0,0.0497341528534889,0.235966682434082,0
TCGA_to_GEO,GSE39084,GSM955491,single_sample_rank,xgboost,0,0.058527760207653,0.235966682434082,0
TCGA_to_GEO,GSE39084,GSM955492,single_sample_rank,xgboost,0,0.0638285279273986,0.235966682434082,0
TCGA_to_GEO,GSE39084,GSM955493,single_sample_rank,xgboost,0,0.0759045556187629,0.235966682434082,0
TCGA_to_GEO,GSE39084,GSM955494,single_sample_rank,xgboost,0,0.1375376731157302,0.235966682434082,0
TCGA_to_GEO,GSE39084,GSM955495,single_sample_rank,xgboost,0,0.1453975439071655,0.235966682434082,0
TCGA_to_GEO,GSE39084,GSM955496,single_sample_rank,xgboost,0,0.0790408924221992,0.235966682434082,0
TCGA_to_GEO,GSE39084,GSM955497,single_sample_rank,xgboost,0,0.1022735089063644,0.235966682434082,0
TCGA_to_GEO,GSE39084,GSM955498,single_sample_rank,xgboost,0,0.0883387550711631,0.235966682434082,0
TCGA_to_GEO,GSE39084,GSM955499,single_sample_rank,xgboost,0,0.0833050087094307,0.235966682434082,0
TCGA_to_GEO,GSE39084,GSM955500,single_sample_rank,xgboost,0,0.168900117278099,0.235966682434082,0
TCGA_to_GEO,GSE39084,GSM955501,single_sample_rank,xgboost,0,0.1139846369624137,0.235966682434082,0
TCGA_to_GEO,GSE39084,GSM955502,single_sample_rank,xgboost,0,0.0928889736533165,0.235966682434082,0
TCGA_to_GEO,GSE39084,GSM955503,single_sample_rank,xgboost,0,0.0702277496457099,0.235966682434082,0
TCGA_to_GEO,GSE39084,GSM955504,single_sample_rank,xgboost,0,0.1337939649820327,0.235966682434082,0
TCGA_to_GEO,GSE39084,GSM955505,single_sample_rank,xgboost,0,0.072616346180439,0.235966682434082,0
TCGA_to_GEO,GSE39084,GSM955506,single_sample_rank,xgboost,0,0.0506471991539001,0.235966682434082,0
TCGA_to_GEO,GSE39084,GSM955507,single_sample_rank,xgboost,0,0.0618550218641757,0.235966682434082,0
TCGA_to_GEO,GSE39084,GSM955508,single_sample_rank,xgboost,1,0.3868119716644287,0.235966682434082,1
TCGA_to_GEO,GSE39084,GSM955509,single_sample_rank,xgboost,1,0.3339541554450989,0.235966682434082,1
GEO_LOCO,GSE13294,GSM335510,fixed_log_expression,elastic_net,0,0.0695167407393455,0.03865846991539,1
GEO_LOCO,GSE13294,GSM335511,fixed_log_expression,elastic_net,1,0.3868432939052582,0.03865846991539,1
GEO_LOCO,GSE13294,GSM335512,fixed_log_expression,elastic_net,0,0.2657914459705353,0.03865846991539,1
GEO_LOCO,GSE13294,GSM335513,fixed_log_expression,elastic_net,0,0.0001865083031589,0.03865846991539,0
GEO_LOCO,GSE13294,GSM335514,fixed_log_expression,elastic_net,0,0.0373454838991165,0.03865846991539,0
GEO_LOCO,GSE13294,GSM335515,fixed_log_expression,elastic_net,0,0.323503166437149,0.03865846991539,1
GEO_LOCO,GSE13294,GSM335516,fixed_log_expression,elastic_net,0,0.0008202024619095,0.03865846991539,0
GEO_LOCO,GSE13294,GSM335517,fixed_log_expression,elastic_net,0,6.301153916865587e-06,0.03865846991539,0
GEO_LOCO,GSE13294,GSM335518,fixed_log_expression,elastic_net,1,0.7741586565971375,0.03865846991539,1
GEO_LOCO,GSE13294,GSM335519,fixed_log_expression,elastic_net,1,0.5820199251174927,0.03865846991539,1
GEO_LOCO,GSE13294,GSM335520,fixed_log_expression,elastic_net,0,0.0083533097058534,0.03865846991539,0
GEO_LOCO,GSE13294,GSM335521,fixed_log_expression,elastic_net,0,0.0037562022916972,0.03865846991539,0
GEO_LOCO,GSE13294,GSM335522,fixed_log_expression,elastic_net,0,0.0159409642219543,0.03865846991539,0
GEO_LOCO,GSE13294,GSM335523,fixed_log_expression,elastic_net,0,0.0004129093140363,0.03865846991539,0
GEO_LOCO,GSE13294,GSM335524,fixed_log_expression,elastic_net,0,0.0367474667727947,0.03865846991539,0
GEO_LOCO,GSE13294,GSM335525,fixed_log_expression,elastic_net,1,0.9821849465370178,0.03865846991539,1
GEO_LOCO,GSE13294,GSM335526,fixed_log_expression,elastic_net,0,0.0206520054489374,0.03865846991539,0
GEO_LOCO,GSE13294,GSM335527,fixed_log_expression,elastic_net,1,0.7322598695755005,0.03865846991539,1
GEO_LOCO,GSE13294,GSM335528,fixed_log_expression,elastic_net,0,0.0073010395281016,0.03865846991539,0
GEO_LOCO,GSE13294,GSM335529,fixed_log_expression,elastic_net,1,0.0429032705724239,0.03865846991539,1
GEO_LOCO,GSE13294,GSM335530,fixed_log_expression,elastic_net,1,0.9989510774612428,0.03865846991539,1
GEO_LOCO,GSE13294,GSM335531,fixed_log_expression,elastic_net,0,0.0011204483453184,0.03865846991539,0
GEO_LOCO,GSE13294,GSM335532,fixed_log_expression,elastic_net,1,0.2422264516353607,0.03865846991539,1
GEO_LOCO,GSE13294,GSM335533,fixed_log_expression,elastic_net,0,0.2345875054597854,0.03865846991539,1
GEO_LOCO,GSE13294,GSM335534,fixed_log_expression,elastic_net,0,0.0131682930514216,0.03865846991539,0
GEO_LOCO,GSE13294,GSM335535,fixed_log_expression,elastic_net,0,0.002505833748728,0.03865846991539,0
GEO_LOCO,GSE13294,GSM335536,fixed_log_expression,elastic_net,0,0.0076244669035077,0.03865846991539,0
GEO_LOCO,GSE13294,GSM335537,fixed_log_expression,elastic_net,0,0.0522529073059558,0.03865846991539,1
GEO_LOCO,GSE13294,GSM335538,fixed_log_expression,elastic_net,0,0.1612890064716339,0.03865846991539,1
GEO_LOCO,GSE13294,GSM335539,fixed_log_expression,elastic_net,0,0.0444008409976959,0.03865846991539,1
GEO_LOCO,GSE13294,GSM335540,fixed_log_expression,elastic_net,0,3.7771282222820446e-05,0.03865846991539,0
GEO_LOCO,GSE13294,GSM335541,fixed_log_expression,elastic_net,1,0.9981206059455872,0.03865846991539,1
GEO_LOCO,GSE13294,GSM335542,fixed_log_expression,elastic_net,1,0.9949880838394164,0.03865846991539,1
GEO_LOCO,GSE13294,GSM335543,fixed_log_expression,elastic_net,1,0.7268938422203064,0.03865846991539,1
GEO_LOCO,GSE13294,GSM335544,fixed_log_expression,elastic_net,1,0.9981239438056946,0.03865846991539,1
GEO_LOCO,GSE13294,GSM335545,fixed_log_expression,elastic_net,1,0.7946900725364685,0.03865846991539,1
GEO_LOCO,GSE13294,GSM335546,fixed_log_expression,elastic_net,1,0.76756352186203,0.03865846991539,1
GEO_LOCO,GSE13294,GSM335547,fixed_log_expression,elastic_net,0,0.9999920129776,0.03865846991539,1
GEO_LOCO,GSE13294,GSM335548,fixed_log_expression,elastic_net,0,0.0361658632755279,0.03865846991539,0
GEO_LOCO,GSE13294,GSM335549,fixed_log_expression,elastic_net,0,0.0001709394273348,0.03865846991539,0
GEO_LOCO,GSE13294,GSM335550,fixed_log_expression,elastic_net,0,0.0001347804209217,0.03865846991539,0
GEO_LOCO,GSE13294,GSM335551,fixed_log_expression,elastic_net,1,0.999520778656006,0.03865846991539,1
GEO_LOCO,GSE13294,GSM335552,fixed_log_expression,elastic_net,0,0.2226564437150955,0.03865846991539,1
GEO_LOCO,GSE13294,GSM335553,fixed_log_expression,elastic_net,0,0.1762208789587021,0.03865846991539,1
GEO_LOCO,GSE13294,GSM335554,fixed_log_expression,elastic_net,0,1.8757578800432384e-05,0.03865846991539,0
GEO_LOCO,GSE13294,GSM335555,fixed_log_expression,elastic_net,1,0.9995379447937012,0.03865846991539,1
GEO_LOCO,GSE13294,GSM335556,fixed_log_expression,elastic_net,0,1.9666249500005503e-05,0.03865846991539,0
GEO_LOCO,GSE13294,GSM335557,fixed_log_expression,elastic_net,0,0.0600743405520916,0.03865846991539,1
GEO_LOCO,GSE13294,GSM335558,fixed_log_expression,elastic_net,0,0.0001061897273757,0.03865846991539,0
GEO_LOCO,GSE13294,GSM335559,fixed_log_expression,elastic_net,1,0.9921274185180664,0.03865846991539,1
GEO_LOCO,GSE13294,GSM335560,fixed_log_expression,elastic_net,1,0.9989981055259703,0.03865846991539,1
GEO_LOCO,GSE13294,GSM335561,fixed_log_expression,elastic_net,0,4.2432540794834495e-05,0.03865846991539,0
GEO_LOCO,GSE13294,GSM335562,fixed_log_expression,elastic_net,1,0.9946587681770324,0.03865846991539,1
GEO_LOCO,GSE13294,GSM335563,fixed_log_expression,elastic_net,1,0.9990216493606568,0.03865846991539,1
GEO_LOCO,GSE13294,GSM335564,fixed_log_expression,elastic_net,0,0.0024407568853348,0.03865846991539,0
GEO_LOCO,GSE13294,GSM335565,fixed_log_expression,elastic_net,1,0.999338448047638,0.03865846991539,1
GEO_LOCO,GSE13294,GSM335566,fixed_log_expression,elastic_net,1,0.9995099306106568,0.03865846991539,1
GEO_LOCO,GSE13294,GSM335567,fixed_log_expression,elastic_net,0,0.0002076968521578,0.03865846991539,0
GEO_LOCO,GSE13294,GSM335568,fixed_log_expression,elastic_net,0,4.787364741787314e-05,0.03865846991539,0
GEO_LOCO,GSE13294,GSM335569,fixed_log_expression,elastic_net,0,0.0495775081217289,0.03865846991539,1
GEO_LOCO,GSE13294,GSM335570,fixed_log_expression,elastic_net,0,0.5159092545509338,0.03865846991539,1
GEO_LOCO,GSE13294,GSM335571,fixed_log_expression,elastic_net,0,0.0080139879137277,0.03865846991539,0
GEO_LOCO,GSE13294,GSM335572,fixed_log_expression,elastic_net,0,0.0112374117597937,0.03865846991539,0
GEO_LOCO,GSE13294,GSM335573,fixed_log_expression,elastic_net,1,0.0134368296712636,0.03865846991539,0
GEO_LOCO,GSE13294,GSM335574,fixed_log_expression,elastic_net,1,0.7190486192703247,0.03865846991539,1
GEO_LOCO,GSE13294,GSM335575,fixed_log_expression,elastic_net,0,0.0041522532701492,0.03865846991539,0
GEO_LOCO,GSE13294,GSM335576,fixed_log_expression,elastic_net,1,0.993870735168457,0.03865846991539,1
GEO_LOCO,GSE13294,GSM335577,fixed_log_expression,elastic_net,1,0.9997805953025818,0.03865846991539,1
GEO_LOCO,GSE13294,GSM335578,fixed_log_expression,elastic_net,1,0.9734857082366944,0.03865846991539,1
GEO_LOCO,GSE13294,GSM335579,fixed_log_expression,elastic_net,0,0.2503577470779419,0.03865846991539,1
GEO_LOCO,GSE13294,GSM335580,fixed_log_expression,elastic_net,0,0.7629960775375366,0.03865846991539,1
GEO_LOCO,GSE13294,GSM335581,fixed_log_expression,elastic_net,0,0.0356640666723251,0.03865846991539,0
GEO_LOCO,GSE13294,GSM335582,fixed_log_expression,elastic_net,0,0.0004565067065414,0.03865846991539,0
GEO_LOCO,GSE13294,GSM335583,fixed_log_expression,elastic_net,0,4.170361535216216e-06,0.03865846991539,0
GEO_LOCO,GSE13294,GSM335584,fixed_log_expression,elastic_net,0,0.0021729739382863,0.03865846991539,0
GEO_LOCO,GSE13294,GSM335585,fixed_log_expression,elastic_net,1,0.9993966817855836,0.03865846991539,1
GEO_LOCO,GSE13294,GSM335586,fixed_log_expression,elastic_net,0,5.834382318425924e-05,0.03865846991539,0
GEO_LOCO,GSE13294,GSM335587,fixed_log_expression,elastic_net,0,0.7652842402458191,0.03865846991539,1
GEO_LOCO,GSE13294,GSM335588,fixed_log_expression,elastic_net,0,0.0087200729176402,0.03865846991539,0
GEO_LOCO,GSE13294,GSM335589,fixed_log_expression,elastic_net,0,0.0042710117995738,0.03865846991539,0
GEO_LOCO,GSE13294,GSM335590,fixed_log_expression,elastic_net,0,0.0163198765367269,0.03865846991539,0
GEO_LOCO,GSE13294,GSM335591,fixed_log_expression,elastic_net,0,0.0069354646839201,0.03865846991539,0
GEO_LOCO,GSE13294,GSM335592,fixed_log_expression,elastic_net,0,0.0593768283724784,0.03865846991539,1
GEO_LOCO,GSE13294,GSM335593,fixed_log_expression,elastic_net,0,0.0020697934087365,0.03865846991539,0
GEO_LOCO,GSE13294,GSM335594,fixed_log_expression,elastic_net,0,0.0028292008209973,0.03865846991539,0
GEO_LOCO,GSE13294,GSM335595,fixed_log_expression,elastic_net,1,0.9999997615814208,0.03865846991539,1
GEO_LOCO,GSE13294,GSM335596,fixed_log_expression,elastic_net,0,0.1132547855377197,0.03865846991539,1
GEO_LOCO,GSE13294,GSM335597,fixed_log_expression,elastic_net,1,0.999997615814209,0.03865846991539,1
GEO_LOCO,GSE13294,GSM335598,fixed_log_expression,elastic_net,0,0.0075285346247255,0.03865846991539,0
GEO_LOCO,GSE13294,GSM335599,fixed_log_expression,elastic_net,0,0.4004734754562378,0.03865846991539,1
GEO_LOCO,GSE13294,GSM335600,fixed_log_expression,elastic_net,0,0.0006365059525705,0.03865846991539,0
GEO_LOCO,GSE13294,GSM335601,fixed_log_expression,elastic_net,0,0.0042846463620662,0.03865846991539,0
GEO_LOCO,GSE13294,GSM335602,fixed_log_expression,elastic_net,0,2.262552698084619e-05,0.03865846991539,0
GEO_LOCO,GSE13294,GSM335603,fixed_log_expression,elastic_net,0,0.0002704959188122,0.03865846991539,0
GEO_LOCO,GSE13294,GSM335604,fixed_log_expression,elastic_net,0,0.0098432870581746,0.03865846991539,0
GEO_LOCO,GSE13294,GSM335605,fixed_log_expression,elastic_net,0,0.0002183032338507,0.03865846991539,0
GEO_LOCO,GSE13294,GSM335606,fixed_log_expression,elastic_net,0,0.0024708409328013,0.03865846991539,0
GEO_LOCO,GSE13294,GSM335607,fixed_log_expression,elastic_net,0,0.0819392129778862,0.03865846991539,1
GEO_LOCO,GSE13294,GSM335608,fixed_log_expression,elastic_net,0,0.8891144394874573,0.03865846991539,1
GEO_LOCO,GSE13294,GSM335609,fixed_log_expression,elastic_net,0,0.0003057191788684,0.03865846991539,0
GEO_LOCO,GSE13294,GSM335610,fixed_log_expression,elastic_net,0,0.6609354615211487,0.03865846991539,1
GEO_LOCO,GSE13294,GSM335611,fixed_log_expression,elastic_net,0,0.0007927305414341,0.03865846991539,0
GEO_LOCO,GSE13294,GSM335612,fixed_log_expression,elastic_net,0,0.0314148552715778,0.03865846991539,0
GEO_LOCO,GSE13294,GSM335613,fixed_log_expression,elastic_net,0,5.345308454707265e-05,0.03865846991539,0
GEO_LOCO,GSE13294,GSM335614,fixed_log_expression,elastic_net,1,0.999998927116394,0.03865846991539,1
GEO_LOCO,GSE13294,GSM335615,fixed_log_expression,elastic_net,0,0.1327695846557617,0.03865846991539,1
GEO_LOCO,GSE13294,GSM335616,fixed_log_expression,elastic_net,0,4.442813951754943e-05,0.03865846991539,0
GEO_LOCO,GSE13294,GSM335617,fixed_log_expression,elastic_net,0,0.0041290279477834,0.03865846991539,0
GEO_LOCO,GSE13294,GSM335618,fixed_log_expression,elastic_net,1,0.3302052319049835,0.03865846991539,1
GEO_LOCO,GSE13294,GSM335619,fixed_log_expression,elastic_net,1,0.997495174407959,0.03865846991539,1
GEO_LOCO,GSE13294,GSM335620,fixed_log_expression,elastic_net,1,0.9968425035476683,0.03865846991539,1
GEO_LOCO,GSE13294,GSM335621,fixed_log_expression,elastic_net,1,0.9932409524917604,0.03865846991539,1
GEO_LOCO,GSE13294,GSM335622,fixed_log_expression,elastic_net,1,0.6512521505355835,0.03865846991539,1
GEO_LOCO,GSE13294,GSM335623,fixed_log_expression,elastic_net,1,0.9974019527435304,0.03865846991539,1
GEO_LOCO,GSE13294,GSM335624,fixed_log_expression,elastic_net,1,0.9825512766838074,0.03865846991539,1
GEO_LOCO,GSE13294,GSM335625,fixed_log_expression,elastic_net,1,0.9949246644973756,0.03865846991539,1
GEO_LOCO,GSE13294,GSM335626,fixed_log_expression,elastic_net,1,0.9684837460517884,0.03865846991539,1
GEO_LOCO,GSE13294,GSM335627,fixed_log_expression,elastic_net,1,0.5154499411582947,0.03865846991539,1
GEO_LOCO,GSE13294,GSM335628,fixed_log_expression,elastic_net,1,0.9777857661247252,0.03865846991539,1
GEO_LOCO,GSE13294,GSM335629,fixed_log_expression,elastic_net,1,0.999902844429016,0.03865846991539,1
GEO_LOCO,GSE13294,GSM335630,fixed_log_expression,elastic_net,1,0.9969537258148192,0.03865846991539,1
GEO_LOCO,GSE13294,GSM335631,fixed_log_expression,elastic_net,1,0.0114806639030575,0.03865846991539,0
GEO_LOCO,GSE13294,GSM335632,fixed_log_expression,elastic_net,1,0.9943886399269104,0.03865846991539,1
GEO_LOCO,GSE13294,GSM335633,fixed_log_expression,elastic_net,1,0.8850050568580627,0.03865846991539,1
GEO_LOCO,GSE13294,GSM335634,fixed_log_expression,elastic_net,1,0.9990457892417908,0.03865846991539,1
GEO_LOCO,GSE13294,GSM335635,fixed_log_expression,elastic_net,1,0.9999997615814208,0.03865846991539,1
GEO_LOCO,GSE13294,GSM335636,fixed_log_expression,elastic_net,1,6.647470854659332e-06,0.03865846991539,0
GEO_LOCO,GSE13294,GSM335637,fixed_log_expression,elastic_net,1,0.7805212736129761,0.03865846991539,1
GEO_LOCO,GSE13294,GSM335638,fixed_log_expression,elastic_net,1,0.9949381351470948,0.03865846991539,1
GEO_LOCO,GSE13294,GSM335639,fixed_log_expression,elastic_net,1,0.8698675036430359,0.03865846991539,1
GEO_LOCO,GSE13294,GSM335640,fixed_log_expression,elastic_net,1,0.9999016523361206,0.03865846991539,1
GEO_LOCO,GSE13294,GSM335641,fixed_log_expression,elastic_net,1,0.999987006187439,0.03865846991539,1
GEO_LOCO,GSE13294,GSM335642,fixed_log_expression,elastic_net,1,0.993504524230957,0.03865846991539,1
GEO_LOCO,GSE13294,GSM335643,fixed_log_expression,elastic_net,1,0.995004951953888,0.03865846991539,1
GEO_LOCO,GSE13294,GSM335644,fixed_log_expression,elastic_net,1,0.9999228715896606,0.03865846991539,1
GEO_LOCO,GSE13294,GSM335645,fixed_log_expression,elastic_net,1,0.9998273253440856,0.03865846991539,1
GEO_LOCO,GSE13294,GSM335646,fixed_log_expression,elastic_net,1,0.9977962970733644,0.03865846991539,1
GEO_LOCO,GSE13294,GSM335647,fixed_log_expression,elastic_net,1,0.9986116886138916,0.03865846991539,1
GEO_LOCO,GSE13294,GSM335648,fixed_log_expression,elastic_net,1,0.0067705269902944,0.03865846991539,0
GEO_LOCO,GSE13294,GSM335649,fixed_log_expression,elastic_net,1,0.9528652429580688,0.03865846991539,1
GEO_LOCO,GSE13294,GSM335650,fixed_log_expression,elastic_net,1,0.9992853999137878,0.03865846991539,1
GEO_LOCO,GSE13294,GSM335651,fixed_log_expression,elastic_net,1,0.0090215755626559,0.03865846991539,0
GEO_LOCO,GSE13294,GSM335652,fixed_log_expression,elastic_net,1,0.9990416169166564,0.03865846991539,1
GEO_LOCO,GSE13294,GSM335653,fixed_log_expression,elastic_net,1,0.9990847110748292,0.03865846991539,1
GEO_LOCO,GSE13294,GSM335654,fixed_log_expression,elastic_net,1,0.9641560912132264,0.03865846991539,1
GEO_LOCO,GSE13294,GSM335655,fixed_log_expression,elastic_net,1,0.9970731735229492,0.03865846991539,1
GEO_LOCO,GSE13294,GSM335656,fixed_log_expression,elastic_net,1,0.9999977350234984,0.03865846991539,1
GEO_LOCO,GSE13294,GSM335657,fixed_log_expression,elastic_net,1,0.999997854232788,0.03865846991539,1
GEO_LOCO,GSE13294,GSM335658,fixed_log_expression,elastic_net,1,0.9999268054962158,0.03865846991539,1
GEO_LOCO,GSE13294,GSM335659,fixed_log_expression,elastic_net,1,0.9999992847442628,0.03865846991539,1
GEO_LOCO,GSE13294,GSM335660,fixed_log_expression,elastic_net,1,0.9996898174285888,0.03865846991539,1
GEO_LOCO,GSE13294,GSM335661,fixed_log_expression,elastic_net,1,0.9997310042381288,0.03865846991539,1
GEO_LOCO,GSE13294,GSM335662,fixed_log_expression,elastic_net,1,0.9996198415756226,0.03865846991539,1
GEO_LOCO,GSE13294,GSM335663,fixed_log_expression,elastic_net,1,0.8037026524543762,0.03865846991539,1
GEO_LOCO,GSE13294,GSM335664,fixed_log_expression,elastic_net,1,0.6205339431762695,0.03865846991539,1
GEO_LOCO,GSE13294,GSM335510,fixed_log_expression,svm_rbf,0,0.0089008281794568,0.3822679959377831,0
GEO_LOCO,GSE13294,GSM335511,fixed_log_expression,svm_rbf,1,0.3774519810898016,0.3822679959377831,0
GEO_LOCO,GSE13294,GSM335512,fixed_log_expression,svm_rbf,0,0.1787055066352244,0.3822679959377831,0
GEO_LOCO,GSE13294,GSM335513,fixed_log_expression,svm_rbf,0,0.0003289645632187,0.3822679959377831,0
GEO_LOCO,GSE13294,GSM335514,fixed_log_expression,svm_rbf,0,0.0123010862205887,0.3822679959377831,0
GEO_LOCO,GSE13294,GSM335515,fixed_log_expression,svm_rbf,0,0.0431795932649015,0.3822679959377831,0
GEO_LOCO,GSE13294,GSM335516,fixed_log_expression,svm_rbf,0,0.0025539387526258,0.3822679959377831,0
GEO_LOCO,GSE13294,GSM335517,fixed_log_expression,svm_rbf,0,1.988552522890435e-05,0.3822679959377831,0
GEO_LOCO,GSE13294,GSM335518,fixed_log_expression,svm_rbf,1,0.7935616400642316,0.3822679959377831,1
GEO_LOCO,GSE13294,GSM335519,fixed_log_expression,svm_rbf,1,0.7335153161932678,0.3822679959377831,1
GEO_LOCO,GSE13294,GSM335520,fixed_log_expression,svm_rbf,0,0.0205115251611769,0.3822679959377831,0
GEO_LOCO,GSE13294,GSM335521,fixed_log_expression,svm_rbf,0,0.0081257061525348,0.3822679959377831,0
GEO_LOCO,GSE13294,GSM335522,fixed_log_expression,svm_rbf,0,0.0546106569966369,0.3822679959377831,0
GEO_LOCO,GSE13294,GSM335523,fixed_log_expression,svm_rbf,0,0.0056407397998788,0.3822679959377831,0
GEO_LOCO,GSE13294,GSM335524,fixed_log_expression,svm_rbf,0,0.0178765744190483,0.3822679959377831,0
GEO_LOCO,GSE13294,GSM335525,fixed_log_expression,svm_rbf,1,0.9107564834237036,0.3822679959377831,1
GEO_LOCO,GSE13294,GSM335526,fixed_log_expression,svm_rbf,0,0.0504187456562,0.3822679959377831,0
GEO_LOCO,GSE13294,GSM335527,fixed_log_expression,svm_rbf,1,0.7794882891199593,0.3822679959377831,1
GEO_LOCO,GSE13294,GSM335528,fixed_log_expression,svm_rbf,0,0.0093493180595354,0.3822679959377831,0
GEO_LOCO,GSE13294,GSM335529,fixed_log_expression,svm_rbf,1,0.0911561290854558,0.3822679959377831,0
GEO_LOCO,GSE13294,GSM335530,fixed_log_expression,svm_rbf,1,0.9912504017232144,0.3822679959377831,1
GEO_LOCO,GSE13294,GSM335531,fixed_log_expression,svm_rbf,0,0.0008234767475594,0.3822679959377831,0
GEO_LOCO,GSE13294,GSM335532,fixed_log_expression,svm_rbf,1,0.5137468801316175,0.3822679959377831,1
GEO_LOCO,GSE13294,GSM335533,fixed_log_expression,svm_rbf,0,0.0833033567956313,0.3822679959377831,0
GEO_LOCO,GSE13294,GSM335534,fixed_log_expression,svm_rbf,0,0.0016685507580734,0.3822679959377831,0
GEO_LOCO,GSE13294,GSM335535,fixed_log_expression,svm_rbf,0,0.0046918228389865,0.3822679959377831,0
GEO_LOCO,GSE13294,GSM335536,fixed_log_expression,svm_rbf,0,0.0018181430606563,0.3822679959377831,0
GEO_LOCO,GSE13294,GSM335537,fixed_log_expression,svm_rbf,0,0.0293918048781258,0.3822679959377831,0
GEO_LOCO,GSE13294,GSM335538,fixed_log_expression,svm_rbf,0,0.0196154810168519,0.3822679959377831,0
GEO_LOCO,GSE13294,GSM335539,fixed_log_expression,svm_rbf,0,0.00444272676519,0.3822679959377831,0
GEO_LOCO,GSE13294,GSM335540,fixed_log_expression,svm_rbf,0,7.975145182181717e-05,0.3822679959377831,0
GEO_LOCO,GSE13294,GSM335541,fixed_log_expression,svm_rbf,1,0.9897565405845534,0.3822679959377831,1
GEO_LOCO,GSE13294,GSM335542,fixed_log_expression,svm_rbf,1,0.9882343005094232,0.3822679959377831,1
GEO_LOCO,GSE13294,GSM335543,fixed_log_expression,svm_rbf,1,0.8781530371015752,0.3822679959377831,1
GEO_LOCO,GSE13294,GSM335544,fixed_log_expression,svm_rbf,1,0.977120011667586,0.3822679959377831,1
GEO_LOCO,GSE13294,GSM335545,fixed_log_expression,svm_rbf,1,0.9129822273695202,0.3822679959377831,1
GEO_LOCO,GSE13294,GSM335546,fixed_log_expression,svm_rbf,1,0.7823269023451892,0.3822679959377831,1
GEO_LOCO,GSE13294,GSM335547,fixed_log_expression,svm_rbf,0,0.995786926180423,0.3822679959377831,1
GEO_LOCO,GSE13294,GSM335548,fixed_log_expression,svm_rbf,0,0.0810383599671623,0.3822679959377831,0
GEO_LOCO,GSE13294,GSM335549,fixed_log_expression,svm_rbf,0,0.0008087139698397,0.3822679959377831,0
GEO_LOCO,GSE13294,GSM335550,fixed_log_expression,svm_rbf,0,0.0002992163788032,0.3822679959377831,0
GEO_LOCO,GSE13294,GSM335551,fixed_log_expression,svm_rbf,1,0.9953368224572516,0.3822679959377831,1
GEO_LOCO,GSE13294,GSM335552,fixed_log_expression,svm_rbf,0,0.0333526073802497,0.3822679959377831,0
GEO_LOCO,GSE13294,GSM335553,fixed_log_expression,svm_rbf,0,0.0026174022685984,0.3822679959377831,0
GEO_LOCO,GSE13294,GSM335554,fixed_log_expression,svm_rbf,0,1.6058845325451796e-05,0.3822679959377831,0
GEO_LOCO,GSE13294,GSM335555,fixed_log_expression,svm_rbf,1,0.9793449020234284,0.3822679959377831,1
GEO_LOCO,GSE13294,GSM335556,fixed_log_expression,svm_rbf,0,0.0001898166310417,0.3822679959377831,0
GEO_LOCO,GSE13294,GSM335557,fixed_log_expression,svm_rbf,0,0.0040280191515813,0.3822679959377831,0
GEO_LOCO,GSE13294,GSM335558,fixed_log_expression,svm_rbf,0,6.270417884954053e-05,0.3822679959377831,0
GEO_LOCO,GSE13294,GSM335559,fixed_log_expression,svm_rbf,1,0.7973484022249949,0.3822679959377831,1
GEO_LOCO,GSE13294,GSM335560,fixed_log_expression,svm_rbf,1,0.9883268910576692,0.3822679959377831,1
GEO_LOCO,GSE13294,GSM335561,fixed_log_expression,svm_rbf,0,6.237018491417184e-05,0.3822679959377831,0
GEO_LOCO,GSE13294,GSM335562,fixed_log_expression,svm_rbf,1,0.9242810925678632,0.3822679959377831,1
GEO_LOCO,GSE13294,GSM335563,fixed_log_expression,svm_rbf,1,0.9224872738804216,0.3822679959377831,1
GEO_LOCO,GSE13294,GSM335564,fixed_log_expression,svm_rbf,0,0.0006427720991467,0.3822679959377831,0
GEO_LOCO,GSE13294,GSM335565,fixed_log_expression,svm_rbf,1,0.995958327481694,0.3822679959377831,1
GEO_LOCO,GSE13294,GSM335566,fixed_log_expression,svm_rbf,1,0.9744244251439932,0.3822679959377831,1
GEO_LOCO,GSE13294,GSM335567,fixed_log_expression,svm_rbf,0,0.000290147703598,0.3822679959377831,0
GEO_LOCO,GSE13294,GSM335568,fixed_log_expression,svm_rbf,0,4.981472059019384e-05,0.3822679959377831,0
GEO_LOCO,GSE13294,GSM335569,fixed_log_expression,svm_rbf,0,0.0048819433618857,0.3822679959377831,0
GEO_LOCO,GSE13294,GSM335570,fixed_log_expression,svm_rbf,0,0.6104113323384704,0.3822679959377831,1
GEO_LOCO,GSE13294,GSM335571,fixed_log_expression,svm_rbf,0,0.0038975552712533,0.3822679959377831,0
GEO_LOCO,GSE13294,GSM335572,fixed_log_expression,svm_rbf,0,0.0295367714991528,0.3822679959377831,0
GEO_LOCO,GSE13294,GSM335573,fixed_log_expression,svm_rbf,1,0.0426421642359376,0.3822679959377831,0
GEO_LOCO,GSE13294,GSM335574,fixed_log_expression,svm_rbf,1,0.7154278821217134,0.3822679959377831,1
GEO_LOCO,GSE13294,GSM335575,fixed_log_expression,svm_rbf,0,0.0010677492802046,0.3822679959377831,0
GEO_LOCO,GSE13294,GSM335576,fixed_log_expression,svm_rbf,1,0.9864971142366752,0.3822679959377831,1
GEO_LOCO,GSE13294,GSM335577,fixed_log_expression,svm_rbf,1,0.991399603216284,0.3822679959377831,1
GEO_LOCO,GSE13294,GSM335578,fixed_log_expression,svm_rbf,1,0.7994352390303885,0.3822679959377831,1
GEO_LOCO,GSE13294,GSM335579,fixed_log_expression,svm_rbf,0,0.1103531129466795,0.3822679959377831,0
GEO_LOCO,GSE13294,GSM335580,fixed_log_expression,svm_rbf,0,0.7566984917946629,0.3822679959377831,1
GEO_LOCO,GSE13294,GSM335581,fixed_log_expression,svm_rbf,0,0.233355800850826,0.3822679959377831,0
GEO_LOCO,GSE13294,GSM335582,fixed_log_expression,svm_rbf,0,0.0004254698023067,0.3822679959377831,0
GEO_LOCO,GSE13294,GSM335583,fixed_log_expression,svm_rbf,0,3.0326350892723468e-05,0.3822679959377831,0
GEO_LOCO,GSE13294,GSM335584,fixed_log_expression,svm_rbf,0,0.0013400440855713,0.3822679959377831,0
GEO_LOCO,GSE13294,GSM335585,fixed_log_expression,svm_rbf,1,0.974229654854729,0.3822679959377831,1
GEO_LOCO,GSE13294,GSM335586,fixed_log_expression,svm_rbf,0,0.0002976883154886,0.3822679959377831,0
GEO_LOCO,GSE13294,GSM335587,fixed_log_expression,svm_rbf,0,0.7809428758589576,0.3822679959377831,1
GEO_LOCO,GSE13294,GSM335588,fixed_log_expression,svm_rbf,0,0.0168481862847944,0.3822679959377831,0
GEO_LOCO,GSE13294,GSM335589,fixed_log_expression,svm_rbf,0,0.0049908624139244,0.3822679959377831,0
GEO_LOCO,GSE13294,GSM335590,fixed_log_expression,svm_rbf,0,0.1405510624651376,0.3822679959377831,0
GEO_LOCO,GSE13294,GSM335591,fixed_log_expression,svm_rbf,0,0.0083522576666224,0.3822679959377831,0
GEO_LOCO,GSE13294,GSM335592,fixed_log_expression,svm_rbf,0,0.0083380637001319,0.3822679959377831,0
GEO_LOCO,GSE13294,GSM335593,fixed_log_expression,svm_rbf,0,0.0128386058719895,0.3822679959377831,0
GEO_LOCO,GSE13294,GSM335594,fixed_log_expression,svm_rbf,0,0.0001494400936419,0.3822679959377831,0
GEO_LOCO,GSE13294,GSM335595,fixed_log_expression,svm_rbf,1,0.9999993693955996,0.3822679959377831,1
GEO_LOCO,GSE13294,GSM335596,fixed_log_expression,svm_rbf,0,0.0148199771811484,0.3822679959377831,0
GEO_LOCO,GSE13294,GSM335597,fixed_log_expression,svm_rbf,1,0.9999980022526748,0.3822679959377831,1
GEO_LOCO,GSE13294,GSM335598,fixed_log_expression,svm_rbf,0,0.0011628216243821,0.3822679959377831,0
GEO_LOCO,GSE13294,GSM335599,fixed_log_expression,svm_rbf,0,0.1025436699088977,0.3822679959377831,0
GEO_LOCO,GSE13294,GSM335600,fixed_log_expression,svm_rbf,0,0.0001544658292375,0.3822679959377831,0
GEO_LOCO,GSE13294,GSM335601,fixed_log_expression,svm_rbf,0,0.0039518136551306,0.3822679959377831,0
GEO_LOCO,GSE13294,GSM335602,fixed_log_expression,svm_rbf,0,0.000124527465158,0.3822679959377831,0
GEO_LOCO,GSE13294,GSM335603,fixed_log_expression,svm_rbf,0,0.0001746261973817,0.3822679959377831,0
GEO_LOCO,GSE13294,GSM335604,fixed_log_expression,svm_rbf,0,0.004672894401322,0.3822679959377831,0
GEO_LOCO,GSE13294,GSM335605,fixed_log_expression,svm_rbf,0,0.0004172107252465,0.3822679959377831,0
GEO_LOCO,GSE13294,GSM335606,fixed_log_expression,svm_rbf,0,0.0014159084118745,0.3822679959377831,0
GEO_LOCO,GSE13294,GSM335607,fixed_log_expression,svm_rbf,0,0.121136866053856,0.3822679959377831,0
GEO_LOCO,GSE13294,GSM335608,fixed_log_expression,svm_rbf,0,0.7757240262439806,0.3822679959377831,1
GEO_LOCO,GSE13294,GSM335609,fixed_log_expression,svm_rbf,0,0.002560684936702,0.3822679959377831,0
GEO_LOCO,GSE13294,GSM335610,fixed_log_expression,svm_rbf,0,0.0247679954816587,0.3822679959377831,0
GEO_LOCO,GSE13294,GSM335611,fixed_log_expression,svm_rbf,0,0.002414458747043,0.3822679959377831,0
GEO_LOCO,GSE13294,GSM335612,fixed_log_expression,svm_rbf,0,0.0081070321773123,0.3822679959377831,0
GEO_LOCO,GSE13294,GSM335613,fixed_log_expression,svm_rbf,0,0.0003015071223984,0.3822679959377831,0
GEO_LOCO,GSE13294,GSM335614,fixed_log_expression,svm_rbf,1,0.999999846147346,0.3822679959377831,1
GEO_LOCO,GSE13294,GSM335615,fixed_log_expression,svm_rbf,0,0.02818378041378,0.3822679959377831,0
GEO_LOCO,GSE13294,GSM335616,fixed_log_expression,svm_rbf,0,0.0001221022915673,0.3822679959377831,0
GEO_LOCO,GSE13294,GSM335617,fixed_log_expression,svm_rbf,0,0.0077023392170994,0.3822679959377831,0
GEO_LOCO,GSE13294,GSM335618,fixed_log_expression,svm_rbf,1,0.0821828771440525,0.3822679959377831,0
GEO_LOCO,GSE13294,GSM335619,fixed_log_expression,svm_rbf,1,0.9918598734217956,0.3822679959377831,1
GEO_LOCO,GSE13294,GSM335620,fixed_log_expression,svm_rbf,1,0.9345535208389304,0.3822679959377831,1
GEO_LOCO,GSE13294,GSM335621,fixed_log_expression,svm_rbf,1,0.9579436819922676,0.3822679959377831,1
GEO_LOCO,GSE13294,GSM335622,fixed_log_expression,svm_rbf,1,0.6674332904096308,0.3822679959377831,1
GEO_LOCO,GSE13294,GSM335623,fixed_log_expression,svm_rbf,1,0.9840385875385862,0.3822679959377831,1
GEO_LOCO,GSE13294,GSM335624,fixed_log_expression,svm_rbf,1,0.8995912941401578,0.3822679959377831,1
GEO_LOCO,GSE13294,GSM335625,fixed_log_expression,svm_rbf,1,0.9631032611661524,0.3822679959377831,1
GEO_LOCO,GSE13294,GSM335626,fixed_log_expression,svm_rbf,1,0.7562815827615804,0.3822679959377831,1
GEO_LOCO,GSE13294,GSM335627,fixed_log_expression,svm_rbf,1,0.5,0.3822679959377831,1
GEO_LOCO,GSE13294,GSM335628,fixed_log_expression,svm_rbf,1,0.8849517940216358,0.3822679959377831,1
GEO_LOCO,GSE13294,GSM335629,fixed_log_expression,svm_rbf,1,0.9953333560244988,0.3822679959377831,1
GEO_LOCO,GSE13294,GSM335630,fixed_log_expression,svm_rbf,1,0.9860687457999828,0.3822679959377831,1
GEO_LOCO,GSE13294,GSM335631,fixed_log_expression,svm_rbf,1,0.012662665178449,0.3822679959377831,0
GEO_LOCO,GSE13294,GSM335632,fixed_log_expression,svm_rbf,1,0.9290778043370432,0.3822679959377831,1
GEO_LOCO,GSE13294,GSM335633,fixed_log_expression,svm_rbf,1,0.7993935005857459,0.3822679959377831,1
GEO_LOCO,GSE13294,GSM335634,fixed_log_expression,svm_rbf,1,0.9801906292339836,0.3822679959377831,1
GEO_LOCO,GSE13294,GSM335635,fixed_log_expression,svm_rbf,1,0.9999978977494248,0.3822679959377831,1
GEO_LOCO,GSE13294,GSM335636,fixed_log_expression,svm_rbf,1,0.0001352101756416,0.3822679959377831,0
GEO_LOCO,GSE13294,GSM335637,fixed_log_expression,svm_rbf,1,0.8770752810827938,0.3822679959377831,1
GEO_LOCO,GSE13294,GSM335638,fixed_log_expression,svm_rbf,1,0.7958089878078347,0.3822679959377831,1
GEO_LOCO,GSE13294,GSM335639,fixed_log_expression,svm_rbf,1,0.5,0.3822679959377831,1
GEO_LOCO,GSE13294,GSM335640,fixed_log_expression,svm_rbf,1,0.988271306968208,0.3822679959377831,1
GEO_LOCO,GSE13294,GSM335641,fixed_log_expression,svm_rbf,1,0.9999824480574108,0.3822679959377831,1
GEO_LOCO,GSE13294,GSM335642,fixed_log_expression,svm_rbf,1,0.8383461753443135,0.3822679959377831,1
GEO_LOCO,GSE13294,GSM335643,fixed_log_expression,svm_rbf,1,0.9800447298620224,0.3822679959377831,1
GEO_LOCO,GSE13294,GSM335644,fixed_log_expression,svm_rbf,1,0.9953602007450404,0.3822679959377831,1
GEO_LOCO,GSE13294,GSM335645,fixed_log_expression,svm_rbf,1,0.9999866595473912,0.3822679959377831,1
GEO_LOCO,GSE13294,GSM335646,fixed_log_expression,svm_rbf,1,0.965609089038663,0.3822679959377831,1
GEO_LOCO,GSE13294,GSM335647,fixed_log_expression,svm_rbf,1,0.9876784361135968,0.3822679959377831,1
GEO_LOCO,GSE13294,GSM335648,fixed_log_expression,svm_rbf,1,0.0007681800576072,0.3822679959377831,0
GEO_LOCO,GSE13294,GSM335649,fixed_log_expression,svm_rbf,1,0.6966486200998573,0.3822679959377831,1
GEO_LOCO,GSE13294,GSM335650,fixed_log_expression,svm_rbf,1,0.9823562355306272,0.3822679959377831,1
GEO_LOCO,GSE13294,GSM335651,fixed_log_expression,svm_rbf,1,0.0022712038488274,0.3822679959377831,0
GEO_LOCO,GSE13294,GSM335652,fixed_log_expression,svm_rbf,1,0.9769371997536016,0.3822679959377831,1
GEO_LOCO,GSE13294,GSM335653,fixed_log_expression,svm_rbf,1,0.9948304015455646,0.3822679959377831,1
GEO_LOCO,GSE13294,GSM335654,fixed_log_expression,svm_rbf,1,0.9062271164750144,0.3822679959377831,1
GEO_LOCO,GSE13294,GSM335655,fixed_log_expression,svm_rbf,1,0.9837613572226032,0.3822679959377831,1
GEO_LOCO,GSE13294,GSM335656,fixed_log_expression,svm_rbf,1,0.9999811416063332,0.3822679959377831,1
GEO_LOCO,GSE13294,GSM335657,fixed_log_expression,svm_rbf,1,0.9999976999346916,0.3822679959377831,1
GEO_LOCO,GSE13294,GSM335658,fixed_log_expression,svm_rbf,1,0.9938298578823104,0.3822679959377831,1
GEO_LOCO,GSE13294,GSM335659,fixed_log_expression,svm_rbf,1,0.999999952459129,0.3822679959377831,1
GEO_LOCO,GSE13294,GSM335660,fixed_log_expression,svm_rbf,1,0.965208610522457,0.3822679959377831,1
GEO_LOCO,GSE13294,GSM335661,fixed_log_expression,svm_rbf,1,0.8331034324857924,0.3822679959377831,1
GEO_LOCO,GSE13294,GSM335662,fixed_log_expression,svm_rbf,1,0.9939314436085732,0.3822679959377831,1
GEO_LOCO,GSE13294,GSM335663,fixed_log_expression,svm_rbf,1,0.5364675080581277,0.3822679959377831,1
GEO_LOCO,GSE13294,GSM335664,fixed_log_expression,svm_rbf,1,0.719302758418857,0.3822679959377831,1
GEO_LOCO,GSE13294,GSM335510,fixed_log_expression,xgboost,0,0.0174643900245428,0.7493147850036621,0
GEO_LOCO,GSE13294,GSM335511,fixed_log_expression,xgboost,1,0.2638306617736816,0.7493147850036621,0
GEO_LOCO,GSE13294,GSM335512,fixed_log_expression,xgboost,0,0.4359270930290222,0.7493147850036621,0
GEO_LOCO,GSE13294,GSM335513,fixed_log_expression,xgboost,0,0.0061999671161174,0.7493147850036621,0
GEO_LOCO,GSE13294,GSM335514,fixed_log_expression,xgboost,0,0.0409536808729171,0.7493147850036621,0
GEO_LOCO,GSE13294,GSM335515,fixed_log_expression,xgboost,0,0.4624750912189483,0.7493147850036621,0
GEO_LOCO,GSE13294,GSM335516,fixed_log_expression,xgboost,0,0.0419795885682106,0.7493147850036621,0
GEO_LOCO,GSE13294,GSM335517,fixed_log_expression,xgboost,0,0.0053996532224118,0.7493147850036621,0
GEO_LOCO,GSE13294,GSM335518,fixed_log_expression,xgboost,1,0.7453275322914124,0.7493147850036621,0
GEO_LOCO,GSE13294,GSM335519,fixed_log_expression,xgboost,1,0.9285547137260436,0.7493147850036621,1
GEO_LOCO,GSE13294,GSM335520,fixed_log_expression,xgboost,0,0.4723929166793823,0.7493147850036621,0
GEO_LOCO,GSE13294,GSM335521,fixed_log_expression,xgboost,0,0.0217886250466108,0.7493147850036621,0
GEO_LOCO,GSE13294,GSM335522,fixed_log_expression,xgboost,0,0.1041013374924659,0.7493147850036621,0
GEO_LOCO,GSE13294,GSM335523,fixed_log_expression,xgboost,0,0.0224212128669023,0.7493147850036621,0
GEO_LOCO,GSE13294,GSM335524,fixed_log_expression,xgboost,0,0.1351987421512603,0.7493147850036621,0
GEO_LOCO,GSE13294,GSM335525,fixed_log_expression,xgboost,1,0.9336110353469848,0.7493147850036621,1
GEO_LOCO,GSE13294,GSM335526,fixed_log_expression,xgboost,0,0.0348693542182445,0.7493147850036621,0
GEO_LOCO,GSE13294,GSM335527,fixed_log_expression,xgboost,1,0.8597604632377625,0.7493147850036621,1
GEO_LOCO,GSE13294,GSM335528,fixed_log_expression,xgboost,0,0.1664655059576034,0.7493147850036621,0
GEO_LOCO,GSE13294,GSM335529,fixed_log_expression,xgboost,1,0.0614626966416835,0.7493147850036621,0
GEO_LOCO,GSE13294,GSM335530,fixed_log_expression,xgboost,1,0.9825568795204164,0.7493147850036621,1
GEO_LOCO,GSE13294,GSM335531,fixed_log_expression,xgboost,0,0.010703669860959,0.7493147850036621,0
GEO_LOCO,GSE13294,GSM335532,fixed_log_expression,xgboost,1,0.7478097081184387,0.7493147850036621,0
GEO_LOCO,GSE13294,GSM335533,fixed_log_expression,xgboost,0,0.410124659538269,0.7493147850036621,0
GEO_LOCO,GSE13294,GSM335534,fixed_log_expression,xgboost,0,0.020247334614396,0.7493147850036621,0
GEO_LOCO,GSE13294,GSM335535,fixed_log_expression,xgboost,0,0.1047976166009903,0.7493147850036621,0
GEO_LOCO,GSE13294,GSM335536,fixed_log_expression,xgboost,0,0.0127575900405645,0.7493147850036621,0
GEO_LOCO,GSE13294,GSM335537,fixed_log_expression,xgboost,0,0.1229293718934059,0.7493147850036621,0
GEO_LOCO,GSE13294,GSM335538,fixed_log_expression,xgboost,0,0.0252732951194047,0.7493147850036621,0
GEO_LOCO,GSE13294,GSM335539,fixed_log_expression,xgboost,0,0.021479282528162,0.7493147850036621,0
GEO_LOCO,GSE13294,GSM335540,fixed_log_expression,xgboost,0,0.0097404224798083,0.7493147850036621,0
GEO_LOCO,GSE13294,GSM335541,fixed_log_expression,xgboost,1,0.9592897295951844,0.7493147850036621,1
GEO_LOCO,GSE13294,GSM335542,fixed_log_expression,xgboost,1,0.995571494102478,0.7493147850036621,1
GEO_LOCO,GSE13294,GSM335543,fixed_log_expression,xgboost,1,0.9528534412384032,0.7493147850036621,1
GEO_LOCO,GSE13294,GSM335544,fixed_log_expression,xgboost,1,0.9928909540176392,0.7493147850036621,1
GEO_LOCO,GSE13294,GSM335545,fixed_log_expression,xgboost,1,0.9914686679840088,0.7493147850036621,1
GEO_LOCO,GSE13294,GSM335546,fixed_log_expression,xgboost,1,0.8444774746894836,0.7493147850036621,1
GEO_LOCO,GSE13294,GSM335547,fixed_log_expression,xgboost,0,0.991209864616394,0.7493147850036621,1
GEO_LOCO,GSE13294,GSM335548,fixed_log_expression,xgboost,0,0.8914770483970642,0.7493147850036621,1
GEO_LOCO,GSE13294,GSM335549,fixed_log_expression,xgboost,0,0.3682578206062317,0.7493147850036621,0
GEO_LOCO,GSE13294,GSM335550,fixed_log_expression,xgboost,0,0.4488765299320221,0.7493147850036621,0
GEO_LOCO,GSE13294,GSM335551,fixed_log_expression,xgboost,1,0.9930714964866638,0.7493147850036621,1
GEO_LOCO,GSE13294,GSM335552,fixed_log_expression,xgboost,0,0.7589964866638184,0.7493147850036621,1
GEO_LOCO,GSE13294,GSM335553,fixed_log_expression,xgboost,0,0.580459713935852,0.7493147850036621,0
GEO_LOCO,GSE13294,GSM335554,fixed_log_expression,xgboost,0,0.0288541801273822,0.7493147850036621,0
GEO_LOCO,GSE13294,GSM335555,fixed_log_expression,xgboost,1,0.9271248579025269,0.7493147850036621,1
GEO_LOCO,GSE13294,GSM335556,fixed_log_expression,xgboost,0,0.0411233492195606,0.7493147850036621,0
GEO_LOCO,GSE13294,GSM335557,fixed_log_expression,xgboost,0,0.5338738560676575,0.7493147850036621,0
GEO_LOCO,GSE13294,GSM335558,fixed_log_expression,xgboost,0,0.0250146444886922,0.7493147850036621,0
GEO_LOCO,GSE13294,GSM335559,fixed_log_expression,xgboost,1,0.8841620683670044,0.7493147850036621,1
GEO_LOCO,GSE13294,GSM335560,fixed_log_expression,xgboost,1,0.99036705493927,0.7493147850036621,1
GEO_LOCO,GSE13294,GSM335561,fixed_log_expression,xgboost,0,0.0448717661201953,0.7493147850036621,0
GEO_LOCO,GSE13294,GSM335562,fixed_log_expression,xgboost,1,0.8772487044334412,0.7493147850036621,1
GEO_LOCO,GSE13294,GSM335563,fixed_log_expression,xgboost,1,0.8388824462890625,0.7493147850036621,1
GEO_LOCO,GSE13294,GSM335564,fixed_log_expression,xgboost,0,0.2665309607982635,0.7493147850036621,0
GEO_LOCO,GSE13294,GSM335565,fixed_log_expression,xgboost,1,0.9945127964019777,0.7493147850036621,1
GEO_LOCO,GSE13294,GSM335566,fixed_log_expression,xgboost,1,0.9462626576423644,0.7493147850036621,1
GEO_LOCO,GSE13294,GSM335567,fixed_log_expression,xgboost,0,0.1781011223793029,0.7493147850036621,0
GEO_LOCO,GSE13294,GSM335568,fixed_log_expression,xgboost,0,0.0173164550215005,0.7493147850036621,0
GEO_LOCO,GSE13294,GSM335569,fixed_log_expression,xgboost,0,0.1100134551525116,0.7493147850036621,0
GEO_LOCO,GSE13294,GSM335570,fixed_log_expression,xgboost,0,0.1138297542929649,0.7493147850036621,0
GEO_LOCO,GSE13294,GSM335571,fixed_log_expression,xgboost,0,0.0387659631669521,0.7493147850036621,0
GEO_LOCO,GSE13294,GSM335572,fixed_log_expression,xgboost,0,0.5016852617263794,0.7493147850036621,0
GEO_LOCO,GSE13294,GSM335573,fixed_log_expression,xgboost,1,0.6562831997871399,0.7493147850036621,0
GEO_LOCO,GSE13294,GSM335574,fixed_log_expression,xgboost,1,0.98042631149292,0.7493147850036621,1
GEO_LOCO,GSE13294,GSM335575,fixed_log_expression,xgboost,0,0.3638983368873596,0.7493147850036621,0
GEO_LOCO,GSE13294,GSM335576,fixed_log_expression,xgboost,1,0.9427268505096436,0.7493147850036621,1
GEO_LOCO,GSE13294,GSM335577,fixed_log_expression,xgboost,1,0.9786717891693116,0.7493147850036621,1
GEO_LOCO,GSE13294,GSM335578,fixed_log_expression,xgboost,1,0.9297252893447876,0.7493147850036621,1
GEO_LOCO,GSE13294,GSM335579,fixed_log_expression,xgboost,0,0.2384605705738067,0.7493147850036621,0
GEO_LOCO,GSE13294,GSM335580,fixed_log_expression,xgboost,0,0.9547531008720398,0.7493147850036621,1
GEO_LOCO,GSE13294,GSM335581,fixed_log_expression,xgboost,0,0.4922880530357361,0.7493147850036621,0
GEO_LOCO,GSE13294,GSM335582,fixed_log_expression,xgboost,0,0.0511693246662616,0.7493147850036621,0
GEO_LOCO,GSE13294,GSM335583,fixed_log_expression,xgboost,0,0.0654227808117866,0.7493147850036621,0
GEO_LOCO,GSE13294,GSM335584,fixed_log_expression,xgboost,0,0.1714370846748352,0.7493147850036621,0
GEO_LOCO,GSE13294,GSM335585,fixed_log_expression,xgboost,1,0.9868919253349304,0.7493147850036621,1
GEO_LOCO,GSE13294,GSM335586,fixed_log_expression,xgboost,0,0.0354372449219226,0.7493147850036621,0
GEO_LOCO,GSE13294,GSM335587,fixed_log_expression,xgboost,0,0.7439337372779846,0.7493147850036621,0
GEO_LOCO,GSE13294,GSM335588,fixed_log_expression,xgboost,0,0.1450047940015792,0.7493147850036621,0
GEO_LOCO,GSE13294,GSM335589,fixed_log_expression,xgboost,0,0.4600132405757904,0.7493147850036621,0
GEO_LOCO,GSE13294,GSM335590,fixed_log_expression,xgboost,0,0.8522644639015198,0.7493147850036621,1
GEO_LOCO,GSE13294,GSM335591,fixed_log_expression,xgboost,0,0.0208879169076681,0.7493147850036621,0
GEO_LOCO,GSE13294,GSM335592,fixed_log_expression,xgboost,0,0.4274483025074005,0.7493147850036621,0
GEO_LOCO,GSE13294,GSM335593,fixed_log_expression,xgboost,0,0.3483692109584808,0.7493147850036621,0
GEO_LOCO,GSE13294,GSM335594,fixed_log_expression,xgboost,0,0.0761538818478584,0.7493147850036621,0
GEO_LOCO,GSE13294,GSM335595,fixed_log_expression,xgboost,1,0.9953280687332152,0.7493147850036621,1
GEO_LOCO,GSE13294,GSM335596,fixed_log_expression,xgboost,0,0.1639266312122345,0.7493147850036621,0
GEO_LOCO,GSE13294,GSM335597,fixed_log_expression,xgboost,1,0.9922010898590088,0.7493147850036621,1
GEO_LOCO,GSE13294,GSM335598,fixed_log_expression,xgboost,0,0.1502158194780349,0.7493147850036621,0
GEO_LOCO,GSE13294,GSM335599,fixed_log_expression,xgboost,0,0.7569611668586731,0.7493147850036621,1
GEO_LOCO,GSE13294,GSM335600,fixed_log_expression,xgboost,0,0.2894302606582641,0.7493147850036621,0
GEO_LOCO,GSE13294,GSM335601,fixed_log_expression,xgboost,0,0.0615542270243167,0.7493147850036621,0
GEO_LOCO,GSE13294,GSM335602,fixed_log_expression,xgboost,0,0.19946950674057,0.7493147850036621,0
GEO_LOCO,GSE13294,GSM335603,fixed_log_expression,xgboost,0,0.2090459167957306,0.7493147850036621,0
GEO_LOCO,GSE13294,GSM335604,fixed_log_expression,xgboost,0,0.5075869560241699,0.7493147850036621,0
GEO_LOCO,GSE13294,GSM335605,fixed_log_expression,xgboost,0,0.1320997327566146,0.7493147850036621,0
GEO_LOCO,GSE13294,GSM335606,fixed_log_expression,xgboost,0,0.3588180541992187,0.7493147850036621,0
GEO_LOCO,GSE13294,GSM335607,fixed_log_expression,xgboost,0,0.2262692898511886,0.7493147850036621,0
GEO_LOCO,GSE13294,GSM335608,fixed_log_expression,xgboost,0,0.8294030427932739,0.7493147850036621,1
GEO_LOCO,GSE13294,GSM335609,fixed_log_expression,xgboost,0,0.1023930683732032,0.7493147850036621,0
GEO_LOCO,GSE13294,GSM335610,fixed_log_expression,xgboost,0,0.1648654043674469,0.7493147850036621,0
GEO_LOCO,GSE13294,GSM335611,fixed_log_expression,xgboost,0,0.2265002727508545,0.7493147850036621,0
GEO_LOCO,GSE13294,GSM335612,fixed_log_expression,xgboost,0,0.0710650905966758,0.7493147850036621,0
GEO_LOCO,GSE13294,GSM335613,fixed_log_expression,xgboost,0,0.1408673226833343,0.7493147850036621,0
GEO_LOCO,GSE13294,GSM335614,fixed_log_expression,xgboost,1,0.9954159259796144,0.7493147850036621,1
GEO_LOCO,GSE13294,GSM335615,fixed_log_expression,xgboost,0,0.172496885061264,0.7493147850036621,0
GEO_LOCO,GSE13294,GSM335616,fixed_log_expression,xgboost,0,0.2227951884269714,0.7493147850036621,0
GEO_LOCO,GSE13294,GSM335617,fixed_log_expression,xgboost,0,0.17205610871315,0.7493147850036621,0
GEO_LOCO,GSE13294,GSM335618,fixed_log_expression,xgboost,1,0.2592324912548065,0.7493147850036621,0
GEO_LOCO,GSE13294,GSM335619,fixed_log_expression,xgboost,1,0.9769922494888306,0.7493147850036621,1
GEO_LOCO,GSE13294,GSM335620,fixed_log_expression,xgboost,1,0.9790800213813782,0.7493147850036621,1
GEO_LOCO,GSE13294,GSM335621,fixed_log_expression,xgboost,1,0.9810814261436462,0.7493147850036621,1
GEO_LOCO,GSE13294,GSM335622,fixed_log_expression,xgboost,1,0.9617127776145936,0.7493147850036621,1
GEO_LOCO,GSE13294,GSM335623,fixed_log_expression,xgboost,1,0.9894583225250244,0.7493147850036621,1
GEO_LOCO,GSE13294,GSM335624,fixed_log_expression,xgboost,1,0.9731789827346802,0.7493147850036621,1
GEO_LOCO,GSE13294,GSM335625,fixed_log_expression,xgboost,1,0.907660186290741,0.7493147850036621,1
GEO_LOCO,GSE13294,GSM335626,fixed_log_expression,xgboost,1,0.9310474395751952,0.7493147850036621,1
GEO_LOCO,GSE13294,GSM335627,fixed_log_expression,xgboost,1,0.8760566115379333,0.7493147850036621,1
GEO_LOCO,GSE13294,GSM335628,fixed_log_expression,xgboost,1,0.9743056297302246,0.7493147850036621,1
GEO_LOCO,GSE13294,GSM335629,fixed_log_expression,xgboost,1,0.9909852743148804,0.7493147850036621,1
GEO_LOCO,GSE13294,GSM335630,fixed_log_expression,xgboost,1,0.9729210734367372,0.7493147850036621,1
GEO_LOCO,GSE13294,GSM335631,fixed_log_expression,xgboost,1,0.0100127812474966,0.7493147850036621,0
GEO_LOCO,GSE13294,GSM335632,fixed_log_expression,xgboost,1,0.8669337630271912,0.7493147850036621,1
GEO_LOCO,GSE13294,GSM335633,fixed_log_expression,xgboost,1,0.977236270904541,0.7493147850036621,1
GEO_LOCO,GSE13294,GSM335634,fixed_log_expression,xgboost,1,0.9757249355316162,0.7493147850036621,1
GEO_LOCO,GSE13294,GSM335635,fixed_log_expression,xgboost,1,0.9953072667121888,0.7493147850036621,1
GEO_LOCO,GSE13294,GSM335636,fixed_log_expression,xgboost,1,0.0458274111151695,0.7493147850036621,0
GEO_LOCO,GSE13294,GSM335637,fixed_log_expression,xgboost,1,0.9894142150878906,0.7493147850036621,1
GEO_LOCO,GSE13294,GSM335638,fixed_log_expression,xgboost,1,0.960464894771576,0.7493147850036621,1
GEO_LOCO,GSE13294,GSM335639,fixed_log_expression,xgboost,1,0.940457046031952,0.7493147850036621,1
GEO_LOCO,GSE13294,GSM335640,fixed_log_expression,xgboost,1,0.9766228199005128,0.7493147850036621,1
GEO_LOCO,GSE13294,GSM335641,fixed_log_expression,xgboost,1,0.9960797429084778,0.7493147850036621,1
GEO_LOCO,GSE13294,GSM335642,fixed_log_expression,xgboost,1,0.9605417251586914,0.7493147850036621,1
GEO_LOCO,GSE13294,GSM335643,fixed_log_expression,xgboost,1,0.9807274341583252,0.7493147850036621,1
GEO_LOCO,GSE13294,GSM335644,fixed_log_expression,xgboost,1,0.9872809052467346,0.7493147850036621,1
GEO_LOCO,GSE13294,GSM335645,fixed_log_expression,xgboost,1,0.9932823181152344,0.7493147850036621,1
GEO_LOCO,GSE13294,GSM335646,fixed_log_expression,xgboost,1,0.9280455112457277,0.7493147850036621,1
GEO_LOCO,GSE13294,GSM335647,fixed_log_expression,xgboost,1,0.9898658394813538,0.7493147850036621,1
GEO_LOCO,GSE13294,GSM335648,fixed_log_expression,xgboost,1,0.6528306603431702,0.7493147850036621,0
GEO_LOCO,GSE13294,GSM335649,fixed_log_expression,xgboost,1,0.9691828489303588,0.7493147850036621,1
GEO_LOCO,GSE13294,GSM335650,fixed_log_expression,xgboost,1,0.9915096759796144,0.7493147850036621,1
GEO_LOCO,GSE13294,GSM335651,fixed_log_expression,xgboost,1,0.0885979309678077,0.7493147850036621,0
GEO_LOCO,GSE13294,GSM335652,fixed_log_expression,xgboost,1,0.9947044253349304,0.7493147850036621,1
GEO_LOCO,GSE13294,GSM335653,fixed_log_expression,xgboost,1,0.9917358756065368,0.7493147850036621,1
GEO_LOCO,GSE13294,GSM335654,fixed_log_expression,xgboost,1,0.9778557419776917,0.7493147850036621,1
GEO_LOCO,GSE13294,GSM335655,fixed_log_expression,xgboost,1,0.992320954799652,0.7493147850036621,1
GEO_LOCO,GSE13294,GSM335656,fixed_log_expression,xgboost,1,0.9956817626953124,0.7493147850036621,1
GEO_LOCO,GSE13294,GSM335657,fixed_log_expression,xgboost,1,0.9611334204673768,0.7493147850036621,1
GEO_LOCO,GSE13294,GSM335658,fixed_log_expression,xgboost,1,0.9909777641296388,0.7493147850036621,1
GEO_LOCO,GSE13294,GSM335659,fixed_log_expression,xgboost,1,0.9962942004203796,0.7493147850036621,1
GEO_LOCO,GSE13294,GSM335660,fixed_log_expression,xgboost,1,0.9870015382766724,0.7493147850036621,1
GEO_LOCO,GSE13294,GSM335661,fixed_log_expression,xgboost,1,0.9313819408416748,0.7493147850036621,1
GEO_LOCO,GSE13294,GSM335662,fixed_log_expression,xgboost,1,0.9899579882621764,0.7493147850036621,1
GEO_LOCO,GSE13294,GSM335663,fixed_log_expression,xgboost,1,0.7956265211105347,0.7493147850036621,1
GEO_LOCO,GSE13294,GSM335664,fixed_log_expression,xgboost,1,0.9948380589485168,0.7493147850036621,1
GEO_LOCO,GSE13294,GSM335510,target_cohort_adaptive_zscore,elastic_net,0,0.0257551968097686,0.7233717441558838,0
GEO_LOCO,GSE13294,GSM335511,target_cohort_adaptive_zscore,elastic_net,1,0.0985261872410774,0.7233717441558838,0
GEO_LOCO,GSE13294,GSM335512,target_cohort_adaptive_zscore,elastic_net,0,0.0376544520258903,0.7233717441558838,0
GEO_LOCO,GSE13294,GSM335513,target_cohort_adaptive_zscore,elastic_net,0,0.0004220911941956,0.7233717441558838,0
GEO_LOCO,GSE13294,GSM335514,target_cohort_adaptive_zscore,elastic_net,0,0.0041657336987555,0.7233717441558838,0
GEO_LOCO,GSE13294,GSM335515,target_cohort_adaptive_zscore,elastic_net,0,0.0172733552753925,0.7233717441558838,0
GEO_LOCO,GSE13294,GSM335516,target_cohort_adaptive_zscore,elastic_net,0,0.0151636349037289,0.7233717441558838,0
GEO_LOCO,GSE13294,GSM335517,target_cohort_adaptive_zscore,elastic_net,0,0.0005361756775528,0.7233717441558838,0
GEO_LOCO,GSE13294,GSM335518,target_cohort_adaptive_zscore,elastic_net,1,0.6553764939308167,0.7233717441558838,0
GEO_LOCO,GSE13294,GSM335519,target_cohort_adaptive_zscore,elastic_net,1,0.5019124150276184,0.7233717441558838,0
GEO_LOCO,GSE13294,GSM335520,target_cohort_adaptive_zscore,elastic_net,0,0.0025555125903338,0.7233717441558838,0
GEO_LOCO,GSE13294,GSM335521,target_cohort_adaptive_zscore,elastic_net,0,0.0039188717491924,0.7233717441558838,0
GEO_LOCO,GSE13294,GSM335522,target_cohort_adaptive_zscore,elastic_net,0,0.0226530246436595,0.7233717441558838,0
GEO_LOCO,GSE13294,GSM335523,target_cohort_adaptive_zscore,elastic_net,0,0.0034447875805199,0.7233717441558838,0
GEO_LOCO,GSE13294,GSM335524,target_cohort_adaptive_zscore,elastic_net,0,0.0066372696310281,0.7233717441558838,0
GEO_LOCO,GSE13294,GSM335525,target_cohort_adaptive_zscore,elastic_net,1,0.6143139004707336,0.7233717441558838,0
GEO_LOCO,GSE13294,GSM335526,target_cohort_adaptive_zscore,elastic_net,0,0.0036129613872617,0.7233717441558838,0
GEO_LOCO,GSE13294,GSM335527,target_cohort_adaptive_zscore,elastic_net,1,0.1560412347316742,0.7233717441558838,0
GEO_LOCO,GSE13294,GSM335528,target_cohort_adaptive_zscore,elastic_net,0,0.004285090137273,0.7233717441558838,0
GEO_LOCO,GSE13294,GSM335529,target_cohort_adaptive_zscore,elastic_net,1,0.0463676340878009,0.7233717441558838,0
GEO_LOCO,GSE13294,GSM335530,target_cohort_adaptive_zscore,elastic_net,1,0.5197219252586365,0.7233717441558838,0
GEO_LOCO,GSE13294,GSM335531,target_cohort_adaptive_zscore,elastic_net,0,0.0026909487787634,0.7233717441558838,0
GEO_LOCO,GSE13294,GSM335532,target_cohort_adaptive_zscore,elastic_net,1,0.6207649111747742,0.7233717441558838,0
GEO_LOCO,GSE13294,GSM335533,target_cohort_adaptive_zscore,elastic_net,0,0.0093812393024563,0.7233717441558838,0
GEO_LOCO,GSE13294,GSM335534,target_cohort_adaptive_zscore,elastic_net,0,0.0140985269099473,0.7233717441558838,0
GEO_LOCO,GSE13294,GSM335535,target_cohort_adaptive_zscore,elastic_net,0,0.0024435145314782,0.7233717441558838,0
GEO_LOCO,GSE13294,GSM335536,target_cohort_adaptive_zscore,elastic_net,0,0.005437874700874,0.7233717441558838,0
GEO_LOCO,GSE13294,GSM335537,target_cohort_adaptive_zscore,elastic_net,0,0.0069498806260526,0.7233717441558838,0
GEO_LOCO,GSE13294,GSM335538,target_cohort_adaptive_zscore,elastic_net,0,0.0014161369763314,0.7233717441558838,0
GEO_LOCO,GSE13294,GSM335539,target_cohort_adaptive_zscore,elastic_net,0,0.0039961975999176,0.7233717441558838,0
GEO_LOCO,GSE13294,GSM335540,target_cohort_adaptive_zscore,elastic_net,0,0.0013968267012387,0.7233717441558838,0
GEO_LOCO,GSE13294,GSM335541,target_cohort_adaptive_zscore,elastic_net,1,0.4617968797683716,0.7233717441558838,0
GEO_LOCO,GSE13294,GSM335542,target_cohort_adaptive_zscore,elastic_net,1,0.8900865912437439,0.7233717441558838,1
GEO_LOCO,GSE13294,GSM335543,target_cohort_adaptive_zscore,elastic_net,1,0.0869554355740547,0.7233717441558838,0
GEO_LOCO,GSE13294,GSM335544,target_cohort_adaptive_zscore,elastic_net,1,0.853544294834137,0.7233717441558838,1
GEO_LOCO,GSE13294,GSM335545,target_cohort_adaptive_zscore,elastic_net,1,0.1656762063503265,0.7233717441558838,0
GEO_LOCO,GSE13294,GSM335546,target_cohort_adaptive_zscore,elastic_net,1,0.1896551698446273,0.7233717441558838,0
GEO_LOCO,GSE13294,GSM335547,target_cohort_adaptive_zscore,elastic_net,0,0.7186508774757385,0.7233717441558838,0
GEO_LOCO,GSE13294,GSM335548,target_cohort_adaptive_zscore,elastic_net,0,0.0373500622808933,0.7233717441558838,0
GEO_LOCO,GSE13294,GSM335549,target_cohort_adaptive_zscore,elastic_net,0,0.0169425457715988,0.7233717441558838,0
GEO_LOCO,GSE13294,GSM335550,target_cohort_adaptive_zscore,elastic_net,0,0.0034209217410534,0.7233717441558838,0
GEO_LOCO,GSE13294,GSM335551,target_cohort_adaptive_zscore,elastic_net,1,0.8156439661979675,0.7233717441558838,1
GEO_LOCO,GSE13294,GSM335552,target_cohort_adaptive_zscore,elastic_net,0,0.0115898214280605,0.7233717441558838,0
GEO_LOCO,GSE13294,GSM335553,target_cohort_adaptive_zscore,elastic_net,0,0.0012574681313708,0.7233717441558838,0
GEO_LOCO,GSE13294,GSM335554,target_cohort_adaptive_zscore,elastic_net,0,0.0061584124341607,0.7233717441558838,0
GEO_LOCO,GSE13294,GSM335555,target_cohort_adaptive_zscore,elastic_net,1,0.9406269192695618,0.7233717441558838,1
GEO_LOCO,GSE13294,GSM335556,target_cohort_adaptive_zscore,elastic_net,0,0.0033343627583235,0.7233717441558838,0
GEO_LOCO,GSE13294,GSM335557,target_cohort_adaptive_zscore,elastic_net,0,0.042525690048933,0.7233717441558838,0
GEO_LOCO,GSE13294,GSM335558,target_cohort_adaptive_zscore,elastic_net,0,0.0035520971287041,0.7233717441558838,0
GEO_LOCO,GSE13294,GSM335559,target_cohort_adaptive_zscore,elastic_net,1,0.721000075340271,0.7233717441558838,0
GEO_LOCO,GSE13294,GSM335560,target_cohort_adaptive_zscore,elastic_net,1,0.9825648665428162,0.7233717441558838,1
GEO_LOCO,GSE13294,GSM335561,target_cohort_adaptive_zscore,elastic_net,0,0.000856552098412,0.7233717441558838,0
GEO_LOCO,GSE13294,GSM335562,target_cohort_adaptive_zscore,elastic_net,1,0.7746260166168213,0.7233717441558838,1
GEO_LOCO,GSE13294,GSM335563,target_cohort_adaptive_zscore,elastic_net,1,0.4555215537548065,0.7233717441558838,0
GEO_LOCO,GSE13294,GSM335564,target_cohort_adaptive_zscore,elastic_net,0,0.0248933099210262,0.7233717441558838,0
GEO_LOCO,GSE13294,GSM335565,target_cohort_adaptive_zscore,elastic_net,1,0.8637815117835999,0.7233717441558838,1
GEO_LOCO,GSE13294,GSM335566,target_cohort_adaptive_zscore,elastic_net,1,0.8752133250236511,0.7233717441558838,1
GEO_LOCO,GSE13294,GSM335567,target_cohort_adaptive_zscore,elastic_net,0,0.00328154489398,0.7233717441558838,0
GEO_LOCO,GSE13294,GSM335568,target_cohort_adaptive_zscore,elastic_net,0,0.0014226115308701,0.7233717441558838,0
GEO_LOCO,GSE13294,GSM335569,target_cohort_adaptive_zscore,elastic_net,0,0.0018487268825992,0.7233717441558838,0
GEO_LOCO,GSE13294,GSM335570,target_cohort_adaptive_zscore,elastic_net,0,0.1530213356018066,0.7233717441558838,0
GEO_LOCO,GSE13294,GSM335571,target_cohort_adaptive_zscore,elastic_net,0,0.0208634566515684,0.7233717441558838,0
GEO_LOCO,GSE13294,GSM335572,target_cohort_adaptive_zscore,elastic_net,0,0.007669205777347,0.7233717441558838,0
GEO_LOCO,GSE13294,GSM335573,target_cohort_adaptive_zscore,elastic_net,1,0.0187761448323726,0.7233717441558838,0
GEO_LOCO,GSE13294,GSM335574,target_cohort_adaptive_zscore,elastic_net,1,0.978770911693573,0.7233717441558838,1
GEO_LOCO,GSE13294,GSM335575,target_cohort_adaptive_zscore,elastic_net,0,0.0166769847273826,0.7233717441558838,0
GEO_LOCO,GSE13294,GSM335576,target_cohort_adaptive_zscore,elastic_net,1,0.8273991942405701,0.7233717441558838,1
GEO_LOCO,GSE13294,GSM335577,target_cohort_adaptive_zscore,elastic_net,1,0.7136834263801575,0.7233717441558838,0
GEO_LOCO,GSE13294,GSM335578,target_cohort_adaptive_zscore,elastic_net,1,0.759980320930481,0.7233717441558838,1
GEO_LOCO,GSE13294,GSM335579,target_cohort_adaptive_zscore,elastic_net,0,0.0887798741459846,0.7233717441558838,0
GEO_LOCO,GSE13294,GSM335580,target_cohort_adaptive_zscore,elastic_net,0,0.0115075409412384,0.7233717441558838,0
GEO_LOCO,GSE13294,GSM335581,target_cohort_adaptive_zscore,elastic_net,0,0.0037427863571792,0.7233717441558838,0
GEO_LOCO,GSE13294,GSM335582,target_cohort_adaptive_zscore,elastic_net,0,0.0069026579149067,0.7233717441558838,0
GEO_LOCO,GSE13294,GSM335583,target_cohort_adaptive_zscore,elastic_net,0,0.0022781824227422,0.7233717441558838,0
GEO_LOCO,GSE13294,GSM335584,target_cohort_adaptive_zscore,elastic_net,0,0.00536521198228,0.7233717441558838,0
GEO_LOCO,GSE13294,GSM335585,target_cohort_adaptive_zscore,elastic_net,1,0.9822911024093628,0.7233717441558838,1
GEO_LOCO,GSE13294,GSM335586,target_cohort_adaptive_zscore,elastic_net,0,0.0009299833327531,0.7233717441558838,0
GEO_LOCO,GSE13294,GSM335587,target_cohort_adaptive_zscore,elastic_net,0,0.0211652722209692,0.7233717441558838,0
GEO_LOCO,GSE13294,GSM335588,target_cohort_adaptive_zscore,elastic_net,0,0.0017228820361196,0.7233717441558838,0
GEO_LOCO,GSE13294,GSM335589,target_cohort_adaptive_zscore,elastic_net,0,0.0009399810805916,0.7233717441558838,0
GEO_LOCO,GSE13294,GSM335590,target_cohort_adaptive_zscore,elastic_net,0,0.0113842850551009,0.7233717441558838,0
GEO_LOCO,GSE13294,GSM335591,target_cohort_adaptive_zscore,elastic_net,0,0.0028785080648958,0.7233717441558838,0
GEO_LOCO,GSE13294,GSM335592,target_cohort_adaptive_zscore,elastic_net,0,0.008147451095283,0.7233717441558838,0
GEO_LOCO,GSE13294,GSM335593,target_cohort_adaptive_zscore,elastic_net,0,0.0076270038262009,0.7233717441558838,0
GEO_LOCO,GSE13294,GSM335594,target_cohort_adaptive_zscore,elastic_net,0,0.0024962171446532,0.7233717441558838,0
GEO_LOCO,GSE13294,GSM335595,target_cohort_adaptive_zscore,elastic_net,1,0.9852070808410645,0.7233717441558838,1
GEO_LOCO,GSE13294,GSM335596,target_cohort_adaptive_zscore,elastic_net,0,0.0252010896801948,0.7233717441558838,0
GEO_LOCO,GSE13294,GSM335597,target_cohort_adaptive_zscore,elastic_net,1,0.976991593837738,0.7233717441558838,1
GEO_LOCO,GSE13294,GSM335598,target_cohort_adaptive_zscore,elastic_net,0,0.0013976430054754,0.7233717441558838,0
GEO_LOCO,GSE13294,GSM335599,target_cohort_adaptive_zscore,elastic_net,0,0.0125243812799453,0.7233717441558838,0
GEO_LOCO,GSE13294,GSM335600,target_cohort_adaptive_zscore,elastic_net,0,0.0029656628612428,0.7233717441558838,0
GEO_LOCO,GSE13294,GSM335601,target_cohort_adaptive_zscore,elastic_net,0,0.0156586933881044,0.7233717441558838,0
GEO_LOCO,GSE13294,GSM335602,target_cohort_adaptive_zscore,elastic_net,0,0.0009690638980828,0.7233717441558838,0
GEO_LOCO,GSE13294,GSM335603,target_cohort_adaptive_zscore,elastic_net,0,0.0015260152285918,0.7233717441558838,0
GEO_LOCO,GSE13294,GSM335604,target_cohort_adaptive_zscore,elastic_net,0,0.0035201117862015,0.7233717441558838,0
GEO_LOCO,GSE13294,GSM335605,target_cohort_adaptive_zscore,elastic_net,0,0.0022763330489397,0.7233717441558838,0
GEO_LOCO,GSE13294,GSM335606,target_cohort_adaptive_zscore,elastic_net,0,0.0010466674575582,0.7233717441558838,0
GEO_LOCO,GSE13294,GSM335607,target_cohort_adaptive_zscore,elastic_net,0,0.0359417274594306,0.7233717441558838,0
GEO_LOCO,GSE13294,GSM335608,target_cohort_adaptive_zscore,elastic_net,0,0.0752913579344749,0.7233717441558838,0
GEO_LOCO,GSE13294,GSM335609,target_cohort_adaptive_zscore,elastic_net,0,0.0152893178164958,0.7233717441558838,0
GEO_LOCO,GSE13294,GSM335610,target_cohort_adaptive_zscore,elastic_net,0,0.0026569762267172,0.7233717441558838,0
GEO_LOCO,GSE13294,GSM335611,target_cohort_adaptive_zscore,elastic_net,0,0.0038847276009619,0.7233717441558838,0
GEO_LOCO,GSE13294,GSM335612,target_cohort_adaptive_zscore,elastic_net,0,0.0005191999371163,0.7233717441558838,0
GEO_LOCO,GSE13294,GSM335613,target_cohort_adaptive_zscore,elastic_net,0,0.0032173972576856,0.7233717441558838,0
GEO_LOCO,GSE13294,GSM335614,target_cohort_adaptive_zscore,elastic_net,1,0.9853219985961914,0.7233717441558838,1
GEO_LOCO,GSE13294,GSM335615,target_cohort_adaptive_zscore,elastic_net,0,0.0226056464016437,0.7233717441558838,0
GEO_LOCO,GSE13294,GSM335616,target_cohort_adaptive_zscore,elastic_net,0,0.0029094920028001,0.7233717441558838,0
GEO_LOCO,GSE13294,GSM335617,target_cohort_adaptive_zscore,elastic_net,0,0.0006489030783995,0.7233717441558838,0
GEO_LOCO,GSE13294,GSM335618,target_cohort_adaptive_zscore,elastic_net,1,0.1853635758161544,0.7233717441558838,0
GEO_LOCO,GSE13294,GSM335619,target_cohort_adaptive_zscore,elastic_net,1,0.8136821389198303,0.7233717441558838,1
GEO_LOCO,GSE13294,GSM335620,target_cohort_adaptive_zscore,elastic_net,1,0.791434645652771,0.7233717441558838,1
GEO_LOCO,GSE13294,GSM335621,target_cohort_adaptive_zscore,elastic_net,1,0.9791815280914308,0.7233717441558838,1
GEO_LOCO,GSE13294,GSM335622,target_cohort_adaptive_zscore,elastic_net,1,0.7746988534927368,0.7233717441558838,1
GEO_LOCO,GSE13294,GSM335623,target_cohort_adaptive_zscore,elastic_net,1,0.9649478197097778,0.7233717441558838,1
GEO_LOCO,GSE13294,GSM335624,target_cohort_adaptive_zscore,elastic_net,1,0.7932835817337036,0.7233717441558838,1
GEO_LOCO,GSE13294,GSM335625,target_cohort_adaptive_zscore,elastic_net,1,0.4562037885189056,0.7233717441558838,0
GEO_LOCO,GSE13294,GSM335626,target_cohort_adaptive_zscore,elastic_net,1,0.2517931163311004,0.7233717441558838,0
GEO_LOCO,GSE13294,GSM335627,target_cohort_adaptive_zscore,elastic_net,1,0.2506514489650726,0.7233717441558838,0
GEO_LOCO,GSE13294,GSM335628,target_cohort_adaptive_zscore,elastic_net,1,0.6717038154602051,0.7233717441558838,0
GEO_LOCO,GSE13294,GSM335629,target_cohort_adaptive_zscore,elastic_net,1,0.9082008600234984,0.7233717441558838,1
GEO_LOCO,GSE13294,GSM335630,target_cohort_adaptive_zscore,elastic_net,1,0.8912320733070374,0.7233717441558838,1
GEO_LOCO,GSE13294,GSM335631,target_cohort_adaptive_zscore,elastic_net,1,0.0052143172360956,0.7233717441558838,0
GEO_LOCO,GSE13294,GSM335632,target_cohort_adaptive_zscore,elastic_net,1,0.2527293860912323,0.7233717441558838,0
GEO_LOCO,GSE13294,GSM335633,target_cohort_adaptive_zscore,elastic_net,1,0.0344254672527313,0.7233717441558838,0
GEO_LOCO,GSE13294,GSM335634,target_cohort_adaptive_zscore,elastic_net,1,0.8340525031089783,0.7233717441558838,1
GEO_LOCO,GSE13294,GSM335635,target_cohort_adaptive_zscore,elastic_net,1,0.9858129620552064,0.7233717441558838,1
GEO_LOCO,GSE13294,GSM335636,target_cohort_adaptive_zscore,elastic_net,1,0.0008676539873704,0.7233717441558838,0
GEO_LOCO,GSE13294,GSM335637,target_cohort_adaptive_zscore,elastic_net,1,0.1320507824420929,0.7233717441558838,0
GEO_LOCO,GSE13294,GSM335638,target_cohort_adaptive_zscore,elastic_net,1,0.7574455738067627,0.7233717441558838,1
GEO_LOCO,GSE13294,GSM335639,target_cohort_adaptive_zscore,elastic_net,1,0.6613021492958069,0.7233717441558838,0
GEO_LOCO,GSE13294,GSM335640,target_cohort_adaptive_zscore,elastic_net,1,0.8242695927619934,0.7233717441558838,1
GEO_LOCO,GSE13294,GSM335641,target_cohort_adaptive_zscore,elastic_net,1,0.967500865459442,0.7233717441558838,1
GEO_LOCO,GSE13294,GSM335642,target_cohort_adaptive_zscore,elastic_net,1,0.8997469544410706,0.7233717441558838,1
GEO_LOCO,GSE13294,GSM335643,target_cohort_adaptive_zscore,elastic_net,1,0.9688254594802856,0.7233717441558838,1
GEO_LOCO,GSE13294,GSM335644,target_cohort_adaptive_zscore,elastic_net,1,0.9887040257453918,0.7233717441558838,1
GEO_LOCO,GSE13294,GSM335645,target_cohort_adaptive_zscore,elastic_net,1,0.9777708649635316,0.7233717441558838,1
GEO_LOCO,GSE13294,GSM335646,target_cohort_adaptive_zscore,elastic_net,1,0.7929679155349731,0.7233717441558838,1
GEO_LOCO,GSE13294,GSM335647,target_cohort_adaptive_zscore,elastic_net,1,0.8183832764625549,0.7233717441558838,1
GEO_LOCO,GSE13294,GSM335648,target_cohort_adaptive_zscore,elastic_net,1,0.0007432107813656,0.7233717441558838,0
GEO_LOCO,GSE13294,GSM335649,target_cohort_adaptive_zscore,elastic_net,1,0.924294114112854,0.7233717441558838,1
GEO_LOCO,GSE13294,GSM335650,target_cohort_adaptive_zscore,elastic_net,1,0.9665026664733888,0.7233717441558838,1
GEO_LOCO,GSE13294,GSM335651,target_cohort_adaptive_zscore,elastic_net,1,0.0028599246870726,0.7233717441558838,0
GEO_LOCO,GSE13294,GSM335652,target_cohort_adaptive_zscore,elastic_net,1,0.997766137123108,0.7233717441558838,1
GEO_LOCO,GSE13294,GSM335653,target_cohort_adaptive_zscore,elastic_net,1,0.8753665685653687,0.7233717441558838,1
GEO_LOCO,GSE13294,GSM335654,target_cohort_adaptive_zscore,elastic_net,1,0.4210802018642425,0.7233717441558838,0
GEO_LOCO,GSE13294,GSM335655,target_cohort_adaptive_zscore,elastic_net,1,0.885177731513977,0.7233717441558838,1
GEO_LOCO,GSE13294,GSM335656,target_cohort_adaptive_zscore,elastic_net,1,0.9757509231567384,0.7233717441558838,1
GEO_LOCO,GSE13294,GSM335657,target_cohort_adaptive_zscore,elastic_net,1,0.9321543574333192,0.7233717441558838,1
GEO_LOCO,GSE13294,GSM335658,target_cohort_adaptive_zscore,elastic_net,1,0.9826479554176332,0.7233717441558838,1
GEO_LOCO,GSE13294,GSM335659,target_cohort_adaptive_zscore,elastic_net,1,0.9919666051864624,0.7233717441558838,1
GEO_LOCO,GSE13294,GSM335660,target_cohort_adaptive_zscore,elastic_net,1,0.8172767758369446,0.7233717441558838,1
GEO_LOCO,GSE13294,GSM335661,target_cohort_adaptive_zscore,elastic_net,1,0.8189169764518738,0.7233717441558838,1
GEO_LOCO,GSE13294,GSM335662,target_cohort_adaptive_zscore,elastic_net,1,0.9129756093025208,0.7233717441558838,1
GEO_LOCO,GSE13294,GSM335663,target_cohort_adaptive_zscore,elastic_net,1,0.1517712175846099,0.7233717441558838,0
GEO_LOCO,GSE13294,GSM335664,target_cohort_adaptive_zscore,elastic_net,1,0.6816938519477844,0.7233717441558838,0
GEO_LOCO,GSE13294,GSM335510,target_cohort_adaptive_zscore,svm_rbf,0,0.0063025723640529,0.2472720328061648,0
GEO_LOCO,GSE13294,GSM335511,target_cohort_adaptive_zscore,svm_rbf,1,0.0592938024962369,0.2472720328061648,0
GEO_LOCO,GSE13294,GSM335512,target_cohort_adaptive_zscore,svm_rbf,0,0.063418234931192,0.2472720328061648,0
GEO_LOCO,GSE13294,GSM335513,target_cohort_adaptive_zscore,svm_rbf,0,0.0098948552669958,0.2472720328061648,0
GEO_LOCO,GSE13294,GSM335514,target_cohort_adaptive_zscore,svm_rbf,0,0.0029173583145411,0.2472720328061648,0
GEO_LOCO,GSE13294,GSM335515,target_cohort_adaptive_zscore,svm_rbf,0,0.0041057821773001,0.2472720328061648,0
GEO_LOCO,GSE13294,GSM335516,target_cohort_adaptive_zscore,svm_rbf,0,0.0001322063384393,0.2472720328061648,0
GEO_LOCO,GSE13294,GSM335517,target_cohort_adaptive_zscore,svm_rbf,0,0.0083919731498716,0.2472720328061648,0
GEO_LOCO,GSE13294,GSM335518,target_cohort_adaptive_zscore,svm_rbf,1,0.5831165450972391,0.2472720328061648,1
GEO_LOCO,GSE13294,GSM335519,target_cohort_adaptive_zscore,svm_rbf,1,0.3283213759188338,0.2472720328061648,1
GEO_LOCO,GSE13294,GSM335520,target_cohort_adaptive_zscore,svm_rbf,0,0.0316218813943322,0.2472720328061648,0
GEO_LOCO,GSE13294,GSM335521,target_cohort_adaptive_zscore,svm_rbf,0,0.0001527935855924,0.2472720328061648,0
GEO_LOCO,GSE13294,GSM335522,target_cohort_adaptive_zscore,svm_rbf,0,0.0017327278545598,0.2472720328061648,0
GEO_LOCO,GSE13294,GSM335523,target_cohort_adaptive_zscore,svm_rbf,0,0.0148926425589629,0.2472720328061648,0
GEO_LOCO,GSE13294,GSM335524,target_cohort_adaptive_zscore,svm_rbf,0,0.0006121332075542,0.2472720328061648,0
GEO_LOCO,GSE13294,GSM335525,target_cohort_adaptive_zscore,svm_rbf,1,0.8847096364747846,0.2472720328061648,1
GEO_LOCO,GSE13294,GSM335526,target_cohort_adaptive_zscore,svm_rbf,0,0.0037961600326022,0.2472720328061648,0
GEO_LOCO,GSE13294,GSM335527,target_cohort_adaptive_zscore,svm_rbf,1,0.0377620234946713,0.2472720328061648,0
GEO_LOCO,GSE13294,GSM335528,target_cohort_adaptive_zscore,svm_rbf,0,0.0002086476540318,0.2472720328061648,0
GEO_LOCO,GSE13294,GSM335529,target_cohort_adaptive_zscore,svm_rbf,1,0.0084481369044031,0.2472720328061648,0
GEO_LOCO,GSE13294,GSM335530,target_cohort_adaptive_zscore,svm_rbf,1,0.9617994538426722,0.2472720328061648,1
GEO_LOCO,GSE13294,GSM335531,target_cohort_adaptive_zscore,svm_rbf,0,0.0002862200814916,0.2472720328061648,0
GEO_LOCO,GSE13294,GSM335532,target_cohort_adaptive_zscore,svm_rbf,1,0.918290030908752,0.2472720328061648,1
GEO_LOCO,GSE13294,GSM335533,target_cohort_adaptive_zscore,svm_rbf,0,0.0027610999728559,0.2472720328061648,0
GEO_LOCO,GSE13294,GSM335534,target_cohort_adaptive_zscore,svm_rbf,0,0.0047655668198222,0.2472720328061648,0
GEO_LOCO,GSE13294,GSM335535,target_cohort_adaptive_zscore,svm_rbf,0,0.0010966889809714,0.2472720328061648,0
GEO_LOCO,GSE13294,GSM335536,target_cohort_adaptive_zscore,svm_rbf,0,0.0024181941244347,0.2472720328061648,0
GEO_LOCO,GSE13294,GSM335537,target_cohort_adaptive_zscore,svm_rbf,0,0.0009873239867609,0.2472720328061648,0
GEO_LOCO,GSE13294,GSM335538,target_cohort_adaptive_zscore,svm_rbf,0,0.0010007550728462,0.2472720328061648,0
GEO_LOCO,GSE13294,GSM335539,target_cohort_adaptive_zscore,svm_rbf,0,0.0001856707801465,0.2472720328061648,0
GEO_LOCO,GSE13294,GSM335540,target_cohort_adaptive_zscore,svm_rbf,0,0.0039466647929503,0.2472720328061648,0
GEO_LOCO,GSE13294,GSM335541,target_cohort_adaptive_zscore,svm_rbf,1,0.2448282207321511,0.2472720328061648,0
GEO_LOCO,GSE13294,GSM335542,target_cohort_adaptive_zscore,svm_rbf,1,0.9797285046181402,0.2472720328061648,1
GEO_LOCO,GSE13294,GSM335543,target_cohort_adaptive_zscore,svm_rbf,1,0.0299480958593759,0.2472720328061648,0
GEO_LOCO,GSE13294,GSM335544,target_cohort_adaptive_zscore,svm_rbf,1,0.957397781011148,0.2472720328061648,1
GEO_LOCO,GSE13294,GSM335545,target_cohort_adaptive_zscore,svm_rbf,1,0.1345716974803876,0.2472720328061648,0
GEO_LOCO,GSE13294,GSM335546,target_cohort_adaptive_zscore,svm_rbf,1,0.3991642384831776,0.2472720328061648,1
GEO_LOCO,GSE13294,GSM335547,target_cohort_adaptive_zscore,svm_rbf,0,0.1624747605111743,0.2472720328061648,0
GEO_LOCO,GSE13294,GSM335548,target_cohort_adaptive_zscore,svm_rbf,0,0.0189556925052237,0.2472720328061648,0
GEO_LOCO,GSE13294,GSM335549,target_cohort_adaptive_zscore,svm_rbf,0,0.0026278250088883,0.2472720328061648,0
GEO_LOCO,GSE13294,GSM335550,target_cohort_adaptive_zscore,svm_rbf,0,0.0079750291659466,0.2472720328061648,0
GEO_LOCO,GSE13294,GSM335551,target_cohort_adaptive_zscore,svm_rbf,1,0.9075117499419456,0.2472720328061648,1
GEO_LOCO,GSE13294,GSM335552,target_cohort_adaptive_zscore,svm_rbf,0,0.102667748180751,0.2472720328061648,0
GEO_LOCO,GSE13294,GSM335553,target_cohort_adaptive_zscore,svm_rbf,0,0.1372478132010631,0.2472720328061648,0
GEO_LOCO,GSE13294,GSM335554,target_cohort_adaptive_zscore,svm_rbf,0,0.000863165246323,0.2472720328061648,0
GEO_LOCO,GSE13294,GSM335555,target_cohort_adaptive_zscore,svm_rbf,1,0.9931064862423092,0.2472720328061648,1
GEO_LOCO,GSE13294,GSM335556,target_cohort_adaptive_zscore,svm_rbf,0,0.0018683914198558,0.2472720328061648,0
GEO_LOCO,GSE13294,GSM335557,target_cohort_adaptive_zscore,svm_rbf,0,0.0124669755840825,0.2472720328061648,0
GEO_LOCO,GSE13294,GSM335558,target_cohort_adaptive_zscore,svm_rbf,0,0.0016650811356596,0.2472720328061648,0
GEO_LOCO,GSE13294,GSM335559,target_cohort_adaptive_zscore,svm_rbf,1,0.8582797748816025,0.2472720328061648,1
GEO_LOCO,GSE13294,GSM335560,target_cohort_adaptive_zscore,svm_rbf,1,0.9913741266969596,0.2472720328061648,1
GEO_LOCO,GSE13294,GSM335561,target_cohort_adaptive_zscore,svm_rbf,0,0.001666275456905,0.2472720328061648,0
GEO_LOCO,GSE13294,GSM335562,target_cohort_adaptive_zscore,svm_rbf,1,0.7460968966350235,0.2472720328061648,1
GEO_LOCO,GSE13294,GSM335563,target_cohort_adaptive_zscore,svm_rbf,1,0.1369992095494554,0.2472720328061648,0
GEO_LOCO,GSE13294,GSM335564,target_cohort_adaptive_zscore,svm_rbf,0,0.0096960814192788,0.2472720328061648,0
GEO_LOCO,GSE13294,GSM335565,target_cohort_adaptive_zscore,svm_rbf,1,0.9971166031625316,0.2472720328061648,1
GEO_LOCO,GSE13294,GSM335566,target_cohort_adaptive_zscore,svm_rbf,1,0.9879564751568616,0.2472720328061648,1
GEO_LOCO,GSE13294,GSM335567,target_cohort_adaptive_zscore,svm_rbf,0,0.0012764843140706,0.2472720328061648,0
GEO_LOCO,GSE13294,GSM335568,target_cohort_adaptive_zscore,svm_rbf,0,0.0037507160330494,0.2472720328061648,0
GEO_LOCO,GSE13294,GSM335569,target_cohort_adaptive_zscore,svm_rbf,0,0.0042762820135438,0.2472720328061648,0
GEO_LOCO,GSE13294,GSM335570,target_cohort_adaptive_zscore,svm_rbf,0,0.1002626798679017,0.2472720328061648,0
GEO_LOCO,GSE13294,GSM335571,target_cohort_adaptive_zscore,svm_rbf,0,0.0010730271363404,0.2472720328061648,0
GEO_LOCO,GSE13294,GSM335572,target_cohort_adaptive_zscore,svm_rbf,0,0.0011156969988824,0.2472720328061648,0
GEO_LOCO,GSE13294,GSM335573,target_cohort_adaptive_zscore,svm_rbf,1,0.0167239552405742,0.2472720328061648,0
GEO_LOCO,GSE13294,GSM335574,target_cohort_adaptive_zscore,svm_rbf,1,0.644086678489709,0.2472720328061648,1
GEO_LOCO,GSE13294,GSM335575,target_cohort_adaptive_zscore,svm_rbf,0,0.0103514823436929,0.2472720328061648,0
GEO_LOCO,GSE13294,GSM335576,target_cohort_adaptive_zscore,svm_rbf,1,0.8837606353534425,0.2472720328061648,1
GEO_LOCO,GSE13294,GSM335577,target_cohort_adaptive_zscore,svm_rbf,1,0.7952792764723056,0.2472720328061648,1
GEO_LOCO,GSE13294,GSM335578,target_cohort_adaptive_zscore,svm_rbf,1,0.4267512670260812,0.2472720328061648,1
GEO_LOCO,GSE13294,GSM335579,target_cohort_adaptive_zscore,svm_rbf,0,0.0031482365668827,0.2472720328061648,0
GEO_LOCO,GSE13294,GSM335580,target_cohort_adaptive_zscore,svm_rbf,0,0.0219468735510161,0.2472720328061648,0
GEO_LOCO,GSE13294,GSM335581,target_cohort_adaptive_zscore,svm_rbf,0,0.0577539495011407,0.2472720328061648,0
GEO_LOCO,GSE13294,GSM335582,target_cohort_adaptive_zscore,svm_rbf,0,0.0042055185484329,0.2472720328061648,0
GEO_LOCO,GSE13294,GSM335583,target_cohort_adaptive_zscore,svm_rbf,0,0.0044921519057212,0.2472720328061648,0
GEO_LOCO,GSE13294,GSM335584,target_cohort_adaptive_zscore,svm_rbf,0,0.0036344778815909,0.2472720328061648,0
GEO_LOCO,GSE13294,GSM335585,target_cohort_adaptive_zscore,svm_rbf,1,0.9533426045728594,0.2472720328061648,1
GEO_LOCO,GSE13294,GSM335586,target_cohort_adaptive_zscore,svm_rbf,0,0.0035417284237423,0.2472720328061648,0
GEO_LOCO,GSE13294,GSM335587,target_cohort_adaptive_zscore,svm_rbf,0,0.0010625674832134,0.2472720328061648,0
GEO_LOCO,GSE13294,GSM335588,target_cohort_adaptive_zscore,svm_rbf,0,0.0007089952856809,0.2472720328061648,0
GEO_LOCO,GSE13294,GSM335589,target_cohort_adaptive_zscore,svm_rbf,0,0.0036142093106435,0.2472720328061648,0
GEO_LOCO,GSE13294,GSM335590,target_cohort_adaptive_zscore,svm_rbf,0,0.0014401815643051,0.2472720328061648,0
GEO_LOCO,GSE13294,GSM335591,target_cohort_adaptive_zscore,svm_rbf,0,0.0020745392386708,0.2472720328061648,0
GEO_LOCO,GSE13294,GSM335592,target_cohort_adaptive_zscore,svm_rbf,0,0.0141988704940529,0.2472720328061648,0
GEO_LOCO,GSE13294,GSM335593,target_cohort_adaptive_zscore,svm_rbf,0,0.0047216150969184,0.2472720328061648,0
GEO_LOCO,GSE13294,GSM335594,target_cohort_adaptive_zscore,svm_rbf,0,0.0053784326368673,0.2472720328061648,0
GEO_LOCO,GSE13294,GSM335595,target_cohort_adaptive_zscore,svm_rbf,1,0.5394800103992264,0.2472720328061648,1
GEO_LOCO,GSE13294,GSM335596,target_cohort_adaptive_zscore,svm_rbf,0,0.0178266485481612,0.2472720328061648,0
GEO_LOCO,GSE13294,GSM335597,target_cohort_adaptive_zscore,svm_rbf,1,0.4700254297196348,0.2472720328061648,1
GEO_LOCO,GSE13294,GSM335598,target_cohort_adaptive_zscore,svm_rbf,0,0.0168718933493588,0.2472720328061648,0
GEO_LOCO,GSE13294,GSM335599,target_cohort_adaptive_zscore,svm_rbf,0,0.0080972891668519,0.2472720328061648,0
GEO_LOCO,GSE13294,GSM335600,target_cohort_adaptive_zscore,svm_rbf,0,0.0507889239458632,0.2472720328061648,0
GEO_LOCO,GSE13294,GSM335601,target_cohort_adaptive_zscore,svm_rbf,0,0.0007805396999681,0.2472720328061648,0
GEO_LOCO,GSE13294,GSM335602,target_cohort_adaptive_zscore,svm_rbf,0,0.0067601215397317,0.2472720328061648,0
GEO_LOCO,GSE13294,GSM335603,target_cohort_adaptive_zscore,svm_rbf,0,0.0267122660323486,0.2472720328061648,0
GEO_LOCO,GSE13294,GSM335604,target_cohort_adaptive_zscore,svm_rbf,0,0.0028774376849746,0.2472720328061648,0
GEO_LOCO,GSE13294,GSM335605,target_cohort_adaptive_zscore,svm_rbf,0,0.0118502341550481,0.2472720328061648,0
GEO_LOCO,GSE13294,GSM335606,target_cohort_adaptive_zscore,svm_rbf,0,0.0174803382974413,0.2472720328061648,0
GEO_LOCO,GSE13294,GSM335607,target_cohort_adaptive_zscore,svm_rbf,0,0.0004469990649323,0.2472720328061648,0
GEO_LOCO,GSE13294,GSM335608,target_cohort_adaptive_zscore,svm_rbf,0,0.0964537011500313,0.2472720328061648,0
GEO_LOCO,GSE13294,GSM335609,target_cohort_adaptive_zscore,svm_rbf,0,0.0026423851793566,0.2472720328061648,0
GEO_LOCO,GSE13294,GSM335610,target_cohort_adaptive_zscore,svm_rbf,0,0.0187705179362507,0.2472720328061648,0
GEO_LOCO,GSE13294,GSM335611,target_cohort_adaptive_zscore,svm_rbf,0,0.0036779699848443,0.2472720328061648,0
GEO_LOCO,GSE13294,GSM335612,target_cohort_adaptive_zscore,svm_rbf,0,0.0127774154916481,0.2472720328061648,0
GEO_LOCO,GSE13294,GSM335613,target_cohort_adaptive_zscore,svm_rbf,0,0.0010733683808521,0.2472720328061648,0
GEO_LOCO,GSE13294,GSM335614,target_cohort_adaptive_zscore,svm_rbf,1,0.978626077905558,0.2472720328061648,1
GEO_LOCO,GSE13294,GSM335615,target_cohort_adaptive_zscore,svm_rbf,0,0.0003154405195348,0.2472720328061648,0
GEO_LOCO,GSE13294,GSM335616,target_cohort_adaptive_zscore,svm_rbf,0,0.0201003240825804,0.2472720328061648,0
GEO_LOCO,GSE13294,GSM335617,target_cohort_adaptive_zscore,svm_rbf,0,0.022445182919083,0.2472720328061648,0
GEO_LOCO,GSE13294,GSM335618,target_cohort_adaptive_zscore,svm_rbf,1,0.046833913287588,0.2472720328061648,0
GEO_LOCO,GSE13294,GSM335619,target_cohort_adaptive_zscore,svm_rbf,1,0.8384969613768751,0.2472720328061648,1
GEO_LOCO,GSE13294,GSM335620,target_cohort_adaptive_zscore,svm_rbf,1,0.0644814835215345,0.2472720328061648,0
GEO_LOCO,GSE13294,GSM335621,target_cohort_adaptive_zscore,svm_rbf,1,0.9671820527083342,0.2472720328061648,1
GEO_LOCO,GSE13294,GSM335622,target_cohort_adaptive_zscore,svm_rbf,1,0.8815506900427772,0.2472720328061648,1
GEO_LOCO,GSE13294,GSM335623,target_cohort_adaptive_zscore,svm_rbf,1,0.6729311397122987,0.2472720328061648,1
GEO_LOCO,GSE13294,GSM335624,target_cohort_adaptive_zscore,svm_rbf,1,0.1080308264758062,0.2472720328061648,0
GEO_LOCO,GSE13294,GSM335625,target_cohort_adaptive_zscore,svm_rbf,1,0.0505587365973286,0.2472720328061648,0
GEO_LOCO,GSE13294,GSM335626,target_cohort_adaptive_zscore,svm_rbf,1,0.0608010910525139,0.2472720328061648,0
GEO_LOCO,GSE13294,GSM335627,target_cohort_adaptive_zscore,svm_rbf,1,0.164512162657356,0.2472720328061648,0
GEO_LOCO,GSE13294,GSM335628,target_cohort_adaptive_zscore,svm_rbf,1,0.5210212408084622,0.2472720328061648,1
GEO_LOCO,GSE13294,GSM335629,target_cohort_adaptive_zscore,svm_rbf,1,0.9543058447832344,0.2472720328061648,1
GEO_LOCO,GSE13294,GSM335630,target_cohort_adaptive_zscore,svm_rbf,1,0.9559301349071558,0.2472720328061648,1
GEO_LOCO,GSE13294,GSM335631,target_cohort_adaptive_zscore,svm_rbf,1,0.007386141521674,0.2472720328061648,0
GEO_LOCO,GSE13294,GSM335632,target_cohort_adaptive_zscore,svm_rbf,1,0.3454268784098212,0.2472720328061648,1
GEO_LOCO,GSE13294,GSM335633,target_cohort_adaptive_zscore,svm_rbf,1,0.0893342301637122,0.2472720328061648,0
GEO_LOCO,GSE13294,GSM335634,target_cohort_adaptive_zscore,svm_rbf,1,0.5486838906557023,0.2472720328061648,1
GEO_LOCO,GSE13294,GSM335635,target_cohort_adaptive_zscore,svm_rbf,1,0.9386058534915404,0.2472720328061648,1
GEO_LOCO,GSE13294,GSM335636,target_cohort_adaptive_zscore,svm_rbf,1,0.0224194871212646,0.2472720328061648,0
GEO_LOCO,GSE13294,GSM335637,target_cohort_adaptive_zscore,svm_rbf,1,0.117763299157195,0.2472720328061648,0
GEO_LOCO,GSE13294,GSM335638,target_cohort_adaptive_zscore,svm_rbf,1,0.2070462495668912,0.2472720328061648,0
GEO_LOCO,GSE13294,GSM335639,target_cohort_adaptive_zscore,svm_rbf,1,0.319956196658741,0.2472720328061648,1
GEO_LOCO,GSE13294,GSM335640,target_cohort_adaptive_zscore,svm_rbf,1,0.8199823066128158,0.2472720328061648,1
GEO_LOCO,GSE13294,GSM335641,target_cohort_adaptive_zscore,svm_rbf,1,0.9844048879624044,0.2472720328061648,1
GEO_LOCO,GSE13294,GSM335642,target_cohort_adaptive_zscore,svm_rbf,1,0.4888932583515447,0.2472720328061648,1
GEO_LOCO,GSE13294,GSM335643,target_cohort_adaptive_zscore,svm_rbf,1,0.9689767271925124,0.2472720328061648,1
GEO_LOCO,GSE13294,GSM335644,target_cohort_adaptive_zscore,svm_rbf,1,0.8946352662134961,0.2472720328061648,1
GEO_LOCO,GSE13294,GSM335645,target_cohort_adaptive_zscore,svm_rbf,1,0.9939074306255482,0.2472720328061648,1
GEO_LOCO,GSE13294,GSM335646,target_cohort_adaptive_zscore,svm_rbf,1,0.5314705202885461,0.2472720328061648,1
GEO_LOCO,GSE13294,GSM335647,target_cohort_adaptive_zscore,svm_rbf,1,0.1269719736188952,0.2472720328061648,0
GEO_LOCO,GSE13294,GSM335648,target_cohort_adaptive_zscore,svm_rbf,1,0.076487784743029,0.2472720328061648,0
GEO_LOCO,GSE13294,GSM335649,target_cohort_adaptive_zscore,svm_rbf,1,0.6609604809729375,0.2472720328061648,1
GEO_LOCO,GSE13294,GSM335650,target_cohort_adaptive_zscore,svm_rbf,1,0.8835662184810031,0.2472720328061648,1
GEO_LOCO,GSE13294,GSM335651,target_cohort_adaptive_zscore,svm_rbf,1,0.0025466614314468,0.2472720328061648,0
GEO_LOCO,GSE13294,GSM335652,target_cohort_adaptive_zscore,svm_rbf,1,0.8728756106245252,0.2472720328061648,1
GEO_LOCO,GSE13294,GSM335653,target_cohort_adaptive_zscore,svm_rbf,1,0.9135717147156076,0.2472720328061648,1
GEO_LOCO,GSE13294,GSM335654,target_cohort_adaptive_zscore,svm_rbf,1,0.4351467939896227,0.2472720328061648,1
GEO_LOCO,GSE13294,GSM335655,target_cohort_adaptive_zscore,svm_rbf,1,0.9541239287721188,0.2472720328061648,1
GEO_LOCO,GSE13294,GSM335656,target_cohort_adaptive_zscore,svm_rbf,1,0.8914719386539168,0.2472720328061648,1
GEO_LOCO,GSE13294,GSM335657,target_cohort_adaptive_zscore,svm_rbf,1,0.939984354547898,0.2472720328061648,1
GEO_LOCO,GSE13294,GSM335658,target_cohort_adaptive_zscore,svm_rbf,1,0.8751479360780731,0.2472720328061648,1
GEO_LOCO,GSE13294,GSM335659,target_cohort_adaptive_zscore,svm_rbf,1,0.7929623239570597,0.2472720328061648,1
GEO_LOCO,GSE13294,GSM335660,target_cohort_adaptive_zscore,svm_rbf,1,0.5763951175692766,0.2472720328061648,1
GEO_LOCO,GSE13294,GSM335661,target_cohort_adaptive_zscore,svm_rbf,1,0.0533136039710493,0.2472720328061648,0
GEO_LOCO,GSE13294,GSM335662,target_cohort_adaptive_zscore,svm_rbf,1,0.8032363519037402,0.2472720328061648,1
GEO_LOCO,GSE13294,GSM335663,target_cohort_adaptive_zscore,svm_rbf,1,0.0623894525649143,0.2472720328061648,0
GEO_LOCO,GSE13294,GSM335664,target_cohort_adaptive_zscore,svm_rbf,1,0.7189767361586578,0.2472720328061648,1
GEO_LOCO,GSE13294,GSM335510,target_cohort_adaptive_zscore,xgboost,0,0.013002835214138,0.5745823383331299,0
GEO_LOCO,GSE13294,GSM335511,target_cohort_adaptive_zscore,xgboost,1,0.2932527363300323,0.5745823383331299,0
GEO_LOCO,GSE13294,GSM335512,target_cohort_adaptive_zscore,xgboost,0,0.0110887708142399,0.5745823383331299,0
GEO_LOCO,GSE13294,GSM335513,target_cohort_adaptive_zscore,xgboost,0,0.0052452669478952,0.5745823383331299,0
GEO_LOCO,GSE13294,GSM335514,target_cohort_adaptive_zscore,xgboost,0,0.0023836223408579,0.5745823383331299,0
GEO_LOCO,GSE13294,GSM335515,target_cohort_adaptive_zscore,xgboost,0,0.0059624784626066,0.5745823383331299,0
GEO_LOCO,GSE13294,GSM335516,target_cohort_adaptive_zscore,xgboost,0,0.0095917470753192,0.5745823383331299,0
GEO_LOCO,GSE13294,GSM335517,target_cohort_adaptive_zscore,xgboost,0,0.0024825672153383,0.5745823383331299,0
GEO_LOCO,GSE13294,GSM335518,target_cohort_adaptive_zscore,xgboost,1,0.3019905388355255,0.5745823383331299,0
GEO_LOCO,GSE13294,GSM335519,target_cohort_adaptive_zscore,xgboost,1,0.2989305853843689,0.5745823383331299,0
GEO_LOCO,GSE13294,GSM335520,target_cohort_adaptive_zscore,xgboost,0,0.0072311614640057,0.5745823383331299,0
GEO_LOCO,GSE13294,GSM335521,target_cohort_adaptive_zscore,xgboost,0,0.0033972740639001,0.5745823383331299,0
GEO_LOCO,GSE13294,GSM335522,target_cohort_adaptive_zscore,xgboost,0,0.0087100015953183,0.5745823383331299,0
GEO_LOCO,GSE13294,GSM335523,target_cohort_adaptive_zscore,xgboost,0,0.0022872276604175,0.5745823383331299,0
GEO_LOCO,GSE13294,GSM335524,target_cohort_adaptive_zscore,xgboost,0,0.0070364493876695,0.5745823383331299,0
GEO_LOCO,GSE13294,GSM335525,target_cohort_adaptive_zscore,xgboost,1,0.6409860849380493,0.5745823383331299,1
GEO_LOCO,GSE13294,GSM335526,target_cohort_adaptive_zscore,xgboost,0,0.0049422699958086,0.5745823383331299,0
GEO_LOCO,GSE13294,GSM335527,target_cohort_adaptive_zscore,xgboost,1,0.0216911844909191,0.5745823383331299,0
GEO_LOCO,GSE13294,GSM335528,target_cohort_adaptive_zscore,xgboost,0,0.0047894068993628,0.5745823383331299,0
GEO_LOCO,GSE13294,GSM335529,target_cohort_adaptive_zscore,xgboost,1,0.0140812918543815,0.5745823383331299,0
GEO_LOCO,GSE13294,GSM335530,target_cohort_adaptive_zscore,xgboost,1,0.8050636053085327,0.5745823383331299,1
GEO_LOCO,GSE13294,GSM335531,target_cohort_adaptive_zscore,xgboost,0,0.0012931271921843,0.5745823383331299,0
GEO_LOCO,GSE13294,GSM335532,target_cohort_adaptive_zscore,xgboost,1,0.6443083882331848,0.5745823383331299,1
GEO_LOCO,GSE13294,GSM335533,target_cohort_adaptive_zscore,xgboost,0,0.0276354420930147,0.5745823383331299,0
GEO_LOCO,GSE13294,GSM335534,target_cohort_adaptive_zscore,xgboost,0,0.0060056564398109,0.5745823383331299,0
GEO_LOCO,GSE13294,GSM335535,target_cohort_adaptive_zscore,xgboost,0,0.0071944831870496,0.5745823383331299,0
GEO_LOCO,GSE13294,GSM335536,target_cohort_adaptive_zscore,xgboost,0,0.0024222075007855,0.5745823383331299,0
GEO_LOCO,GSE13294,GSM335537,target_cohort_adaptive_zscore,xgboost,0,0.0035235022660344,0.5745823383331299,0
GEO_LOCO,GSE13294,GSM335538,target_cohort_adaptive_zscore,xgboost,0,0.0025854192208498,0.5745823383331299,0
GEO_LOCO,GSE13294,GSM335539,target_cohort_adaptive_zscore,xgboost,0,0.0019807694479823,0.5745823383331299,0
GEO_LOCO,GSE13294,GSM335540,target_cohort_adaptive_zscore,xgboost,0,0.0022592195309698,0.5745823383331299,0
GEO_LOCO,GSE13294,GSM335541,target_cohort_adaptive_zscore,xgboost,1,0.4994948208332062,0.5745823383331299,0
GEO_LOCO,GSE13294,GSM335542,target_cohort_adaptive_zscore,xgboost,1,0.9123645424842834,0.5745823383331299,1
GEO_LOCO,GSE13294,GSM335543,target_cohort_adaptive_zscore,xgboost,1,0.0191481839865446,0.5745823383331299,0
GEO_LOCO,GSE13294,GSM335544,target_cohort_adaptive_zscore,xgboost,1,0.9395835995674132,0.5745823383331299,1
GEO_LOCO,GSE13294,GSM335545,target_cohort_adaptive_zscore,xgboost,1,0.0244780723005533,0.5745823383331299,0
GEO_LOCO,GSE13294,GSM335546,target_cohort_adaptive_zscore,xgboost,1,0.142116442322731,0.5745823383331299,0
GEO_LOCO,GSE13294,GSM335547,target_cohort_adaptive_zscore,xgboost,0,0.0672177970409393,0.5745823383331299,0
GEO_LOCO,GSE13294,GSM335548,target_cohort_adaptive_zscore,xgboost,0,0.01318896189332,0.5745823383331299,0
GEO_LOCO,GSE13294,GSM335549,target_cohort_adaptive_zscore,xgboost,0,0.0089008240029215,0.5745823383331299,0
GEO_LOCO,GSE13294,GSM335550,target_cohort_adaptive_zscore,xgboost,0,0.0021227500401437,0.5745823383331299,0
GEO_LOCO,GSE13294,GSM335551,target_cohort_adaptive_zscore,xgboost,1,0.8136053681373596,0.5745823383331299,1
GEO_LOCO,GSE13294,GSM335552,target_cohort_adaptive_zscore,xgboost,0,0.0363613814115524,0.5745823383331299,0
GEO_LOCO,GSE13294,GSM335553,target_cohort_adaptive_zscore,xgboost,0,0.0116361072286963,0.5745823383331299,0
GEO_LOCO,GSE13294,GSM335554,target_cohort_adaptive_zscore,xgboost,0,0.0041018221527338,0.5745823383331299,0
GEO_LOCO,GSE13294,GSM335555,target_cohort_adaptive_zscore,xgboost,1,0.9454915523529052,0.5745823383331299,1
GEO_LOCO,GSE13294,GSM335556,target_cohort_adaptive_zscore,xgboost,0,0.0027311539743095,0.5745823383331299,0
GEO_LOCO,GSE13294,GSM335557,target_cohort_adaptive_zscore,xgboost,0,0.0181524343788623,0.5745823383331299,0
GEO_LOCO,GSE13294,GSM335558,target_cohort_adaptive_zscore,xgboost,0,0.0026163368020206,0.5745823383331299,0
GEO_LOCO,GSE13294,GSM335559,target_cohort_adaptive_zscore,xgboost,1,0.6096059083938599,0.5745823383331299,1
GEO_LOCO,GSE13294,GSM335560,target_cohort_adaptive_zscore,xgboost,1,0.994342803955078,0.5745823383331299,1
GEO_LOCO,GSE13294,GSM335561,target_cohort_adaptive_zscore,xgboost,0,0.0016272329958155,0.5745823383331299,0
GEO_LOCO,GSE13294,GSM335562,target_cohort_adaptive_zscore,xgboost,1,0.8473785519599915,0.5745823383331299,1
GEO_LOCO,GSE13294,GSM335563,target_cohort_adaptive_zscore,xgboost,1,0.4251706004142761,0.5745823383331299,0
GEO_LOCO,GSE13294,GSM335564,target_cohort_adaptive_zscore,xgboost,0,0.011129593476653,0.5745823383331299,0
GEO_LOCO,GSE13294,GSM335565,target_cohort_adaptive_zscore,xgboost,1,0.6938966512680054,0.5745823383331299,1
GEO_LOCO,GSE13294,GSM335566,target_cohort_adaptive_zscore,xgboost,1,0.9656696319580078,0.5745823383331299,1
GEO_LOCO,GSE13294,GSM335567,target_cohort_adaptive_zscore,xgboost,0,0.0026025229599326,0.5745823383331299,0
GEO_LOCO,GSE13294,GSM335568,target_cohort_adaptive_zscore,xgboost,0,0.0046860217116773,0.5745823383331299,0
GEO_LOCO,GSE13294,GSM335569,target_cohort_adaptive_zscore,xgboost,0,0.002463454613462,0.5745823383331299,0
GEO_LOCO,GSE13294,GSM335570,target_cohort_adaptive_zscore,xgboost,0,0.0184030942618846,0.5745823383331299,0
GEO_LOCO,GSE13294,GSM335571,target_cohort_adaptive_zscore,xgboost,0,0.0061448854394257,0.5745823383331299,0
GEO_LOCO,GSE13294,GSM335572,target_cohort_adaptive_zscore,xgboost,0,0.0031067421659827,0.5745823383331299,0
GEO_LOCO,GSE13294,GSM335573,target_cohort_adaptive_zscore,xgboost,1,0.0056245815940201,0.5745823383331299,0
GEO_LOCO,GSE13294,GSM335574,target_cohort_adaptive_zscore,xgboost,1,0.8058059215545654,0.5745823383331299,1
GEO_LOCO,GSE13294,GSM335575,target_cohort_adaptive_zscore,xgboost,0,0.0081728529185056,0.5745823383331299,0
GEO_LOCO,GSE13294,GSM335576,target_cohort_adaptive_zscore,xgboost,1,0.9424002170562744,0.5745823383331299,1
GEO_LOCO,GSE13294,GSM335577,target_cohort_adaptive_zscore,xgboost,1,0.5504458546638489,0.5745823383331299,0
GEO_LOCO,GSE13294,GSM335578,target_cohort_adaptive_zscore,xgboost,1,0.812424898147583,0.5745823383331299,1
GEO_LOCO,GSE13294,GSM335579,target_cohort_adaptive_zscore,xgboost,0,0.0066053257323801,0.5745823383331299,0
GEO_LOCO,GSE13294,GSM335580,target_cohort_adaptive_zscore,xgboost,0,0.0047285328619182,0.5745823383331299,0
GEO_LOCO,GSE13294,GSM335581,target_cohort_adaptive_zscore,xgboost,0,0.0181461479514837,0.5745823383331299,0
GEO_LOCO,GSE13294,GSM335582,target_cohort_adaptive_zscore,xgboost,0,0.0045146183110773,0.5745823383331299,0
GEO_LOCO,GSE13294,GSM335583,target_cohort_adaptive_zscore,xgboost,0,0.0036251577548682,0.5745823383331299,0
GEO_LOCO,GSE13294,GSM335584,target_cohort_adaptive_zscore,xgboost,0,0.0072019388899207,0.5745823383331299,0
GEO_LOCO,GSE13294,GSM335585,target_cohort_adaptive_zscore,xgboost,1,0.9577903747558594,0.5745823383331299,1
GEO_LOCO,GSE13294,GSM335586,target_cohort_adaptive_zscore,xgboost,0,0.0023612990044057,0.5745823383331299,0
GEO_LOCO,GSE13294,GSM335587,target_cohort_adaptive_zscore,xgboost,0,0.0046186037361621,0.5745823383331299,0
GEO_LOCO,GSE13294,GSM335588,target_cohort_adaptive_zscore,xgboost,0,0.0019457595190033,0.5745823383331299,0
GEO_LOCO,GSE13294,GSM335589,target_cohort_adaptive_zscore,xgboost,0,0.0017040077364072,0.5745823383331299,0
GEO_LOCO,GSE13294,GSM335590,target_cohort_adaptive_zscore,xgboost,0,0.0042088916525244,0.5745823383331299,0
GEO_LOCO,GSE13294,GSM335591,target_cohort_adaptive_zscore,xgboost,0,0.0031272394116967,0.5745823383331299,0
GEO_LOCO,GSE13294,GSM335592,target_cohort_adaptive_zscore,xgboost,0,0.004876053892076,0.5745823383331299,0
GEO_LOCO,GSE13294,GSM335593,target_cohort_adaptive_zscore,xgboost,0,0.0019966005347669,0.5745823383331299,0
GEO_LOCO,GSE13294,GSM335594,target_cohort_adaptive_zscore,xgboost,0,0.0029601536225527,0.5745823383331299,0
GEO_LOCO,GSE13294,GSM335595,target_cohort_adaptive_zscore,xgboost,1,0.9537267088890076,0.5745823383331299,1
GEO_LOCO,GSE13294,GSM335596,target_cohort_adaptive_zscore,xgboost,0,0.0115817077457904,0.5745823383331299,0
GEO_LOCO,GSE13294,GSM335597,target_cohort_adaptive_zscore,xgboost,1,0.9301556944847108,0.5745823383331299,1
GEO_LOCO,GSE13294,GSM335598,target_cohort_adaptive_zscore,xgboost,0,0.0022694126237183,0.5745823383331299,0
GEO_LOCO,GSE13294,GSM335599,target_cohort_adaptive_zscore,xgboost,0,0.0140240965411067,0.5745823383331299,0
GEO_LOCO,GSE13294,GSM335600,target_cohort_adaptive_zscore,xgboost,0,0.0180832743644714,0.5745823383331299,0
GEO_LOCO,GSE13294,GSM335601,target_cohort_adaptive_zscore,xgboost,0,0.0028969349805265,0.5745823383331299,0
GEO_LOCO,GSE13294,GSM335602,target_cohort_adaptive_zscore,xgboost,0,0.0014240700984373,0.5745823383331299,0
GEO_LOCO,GSE13294,GSM335603,target_cohort_adaptive_zscore,xgboost,0,0.0031057777814567,0.5745823383331299,0
GEO_LOCO,GSE13294,GSM335604,target_cohort_adaptive_zscore,xgboost,0,0.0027897921390831,0.5745823383331299,0
GEO_LOCO,GSE13294,GSM335605,target_cohort_adaptive_zscore,xgboost,0,0.002179381204769,0.5745823383331299,0
GEO_LOCO,GSE13294,GSM335606,target_cohort_adaptive_zscore,xgboost,0,0.0020326017402112,0.5745823383331299,0
GEO_LOCO,GSE13294,GSM335607,target_cohort_adaptive_zscore,xgboost,0,0.0088875032961368,0.5745823383331299,0
GEO_LOCO,GSE13294,GSM335608,target_cohort_adaptive_zscore,xgboost,0,0.0157009530812501,0.5745823383331299,0
GEO_LOCO,GSE13294,GSM335609,target_cohort_adaptive_zscore,xgboost,0,0.0044763288460671,0.5745823383331299,0
GEO_LOCO,GSE13294,GSM335610,target_cohort_adaptive_zscore,xgboost,0,0.0032124738208949,0.5745823383331299,0
GEO_LOCO,GSE13294,GSM335611,target_cohort_adaptive_zscore,xgboost,0,0.0036763790994882,0.5745823383331299,0
GEO_LOCO,GSE13294,GSM335612,target_cohort_adaptive_zscore,xgboost,0,0.0065268697217106,0.5745823383331299,0
GEO_LOCO,GSE13294,GSM335613,target_cohort_adaptive_zscore,xgboost,0,0.0018961646128445,0.5745823383331299,0
GEO_LOCO,GSE13294,GSM335614,target_cohort_adaptive_zscore,xgboost,1,0.9917678833007812,0.5745823383331299,1
GEO_LOCO,GSE13294,GSM335615,target_cohort_adaptive_zscore,xgboost,0,0.0041733980178833,0.5745823383331299,0
GEO_LOCO,GSE13294,GSM335616,target_cohort_adaptive_zscore,xgboost,0,0.0032199274282902,0.5745823383331299,0
GEO_LOCO,GSE13294,GSM335617,target_cohort_adaptive_zscore,xgboost,0,0.0023182076402008,0.5745823383331299,0
GEO_LOCO,GSE13294,GSM335618,target_cohort_adaptive_zscore,xgboost,1,0.3559254705905914,0.5745823383331299,0
GEO_LOCO,GSE13294,GSM335619,target_cohort_adaptive_zscore,xgboost,1,0.3903264999389648,0.5745823383331299,0
GEO_LOCO,GSE13294,GSM335620,target_cohort_adaptive_zscore,xgboost,1,0.3303507566452026,0.5745823383331299,0
GEO_LOCO,GSE13294,GSM335621,target_cohort_adaptive_zscore,xgboost,1,0.8285959959030151,0.5745823383331299,1
GEO_LOCO,GSE13294,GSM335622,target_cohort_adaptive_zscore,xgboost,1,0.6704561710357666,0.5745823383331299,1
GEO_LOCO,GSE13294,GSM335623,target_cohort_adaptive_zscore,xgboost,1,0.6374765038490295,0.5745823383331299,1
GEO_LOCO,GSE13294,GSM335624,target_cohort_adaptive_zscore,xgboost,1,0.1322681754827499,0.5745823383331299,0
GEO_LOCO,GSE13294,GSM335625,target_cohort_adaptive_zscore,xgboost,1,0.3832311630249023,0.5745823383331299,0
GEO_LOCO,GSE13294,GSM335626,target_cohort_adaptive_zscore,xgboost,1,0.0215080510824918,0.5745823383331299,0
GEO_LOCO,GSE13294,GSM335627,target_cohort_adaptive_zscore,xgboost,1,0.1440447270870208,0.5745823383331299,0
GEO_LOCO,GSE13294,GSM335628,target_cohort_adaptive_zscore,xgboost,1,0.7427880764007568,0.5745823383331299,1
GEO_LOCO,GSE13294,GSM335629,target_cohort_adaptive_zscore,xgboost,1,0.9592270851135254,0.5745823383331299,1
GEO_LOCO,GSE13294,GSM335630,target_cohort_adaptive_zscore,xgboost,1,0.9229485988616944,0.5745823383331299,1
GEO_LOCO,GSE13294,GSM335631,target_cohort_adaptive_zscore,xgboost,1,0.0047026597894728,0.5745823383331299,0
GEO_LOCO,GSE13294,GSM335632,target_cohort_adaptive_zscore,xgboost,1,0.1840867102146148,0.5745823383331299,0
GEO_LOCO,GSE13294,GSM335633,target_cohort_adaptive_zscore,xgboost,1,0.1136226058006286,0.5745823383331299,0
GEO_LOCO,GSE13294,GSM335634,target_cohort_adaptive_zscore,xgboost,1,0.1781462281942367,0.5745823383331299,0
GEO_LOCO,GSE13294,GSM335635,target_cohort_adaptive_zscore,xgboost,1,0.9227644205093384,0.5745823383331299,1
GEO_LOCO,GSE13294,GSM335636,target_cohort_adaptive_zscore,xgboost,1,0.0022066766396164,0.5745823383331299,0
GEO_LOCO,GSE13294,GSM335637,target_cohort_adaptive_zscore,xgboost,1,0.0318057611584663,0.5745823383331299,0
GEO_LOCO,GSE13294,GSM335638,target_cohort_adaptive_zscore,xgboost,1,0.1410362869501114,0.5745823383331299,0
GEO_LOCO,GSE13294,GSM335639,target_cohort_adaptive_zscore,xgboost,1,0.6308951377868652,0.5745823383331299,1
GEO_LOCO,GSE13294,GSM335640,target_cohort_adaptive_zscore,xgboost,1,0.8109156489372253,0.5745823383331299,1
GEO_LOCO,GSE13294,GSM335641,target_cohort_adaptive_zscore,xgboost,1,0.7481787204742432,0.5745823383331299,1
GEO_LOCO,GSE13294,GSM335642,target_cohort_adaptive_zscore,xgboost,1,0.6670094728469849,0.5745823383331299,1
GEO_LOCO,GSE13294,GSM335643,target_cohort_adaptive_zscore,xgboost,1,0.8521657586097717,0.5745823383331299,1
GEO_LOCO,GSE13294,GSM335644,target_cohort_adaptive_zscore,xgboost,1,0.9366066455841064,0.5745823383331299,1
GEO_LOCO,GSE13294,GSM335645,target_cohort_adaptive_zscore,xgboost,1,0.7884984612464905,0.5745823383331299,1
GEO_LOCO,GSE13294,GSM335646,target_cohort_adaptive_zscore,xgboost,1,0.7955402731895447,0.5745823383331299,1
GEO_LOCO,GSE13294,GSM335647,target_cohort_adaptive_zscore,xgboost,1,0.1290670484304428,0.5745823383331299,0
GEO_LOCO,GSE13294,GSM335648,target_cohort_adaptive_zscore,xgboost,1,0.0031644955743104,0.5745823383331299,0
GEO_LOCO,GSE13294,GSM335649,target_cohort_adaptive_zscore,xgboost,1,0.9374910593032836,0.5745823383331299,1
GEO_LOCO,GSE13294,GSM335650,target_cohort_adaptive_zscore,xgboost,1,0.9612489342689514,0.5745823383331299,1
GEO_LOCO,GSE13294,GSM335651,target_cohort_adaptive_zscore,xgboost,1,0.0039985817857086,0.5745823383331299,0
GEO_LOCO,GSE13294,GSM335652,target_cohort_adaptive_zscore,xgboost,1,0.9814413785934448,0.5745823383331299,1
GEO_LOCO,GSE13294,GSM335653,target_cohort_adaptive_zscore,xgboost,1,0.953347623348236,0.5745823383331299,1
GEO_LOCO,GSE13294,GSM335654,target_cohort_adaptive_zscore,xgboost,1,0.0788950622081756,0.5745823383331299,0
GEO_LOCO,GSE13294,GSM335655,target_cohort_adaptive_zscore,xgboost,1,0.6434831023216248,0.5745823383331299,1
GEO_LOCO,GSE13294,GSM335656,target_cohort_adaptive_zscore,xgboost,1,0.9268361926078796,0.5745823383331299,1
GEO_LOCO,GSE13294,GSM335657,target_cohort_adaptive_zscore,xgboost,1,0.9565783739089966,0.5745823383331299,1
GEO_LOCO,GSE13294,GSM335658,target_cohort_adaptive_zscore,xgboost,1,0.8835800886154175,0.5745823383331299,1
GEO_LOCO,GSE13294,GSM335659,target_cohort_adaptive_zscore,xgboost,1,0.8623193502426147,0.5745823383331299,1
GEO_LOCO,GSE13294,GSM335660,target_cohort_adaptive_zscore,xgboost,1,0.2362601161003112,0.5745823383331299,0
GEO_LOCO,GSE13294,GSM335661,target_cohort_adaptive_zscore,xgboost,1,0.350153237581253,0.5745823383331299,0
GEO_LOCO,GSE13294,GSM335662,target_cohort_adaptive_zscore,xgboost,1,0.9606167674064636,0.5745823383331299,1
GEO_LOCO,GSE13294,GSM335663,target_cohort_adaptive_zscore,xgboost,1,0.0225201547145843,0.5745823383331299,0
GEO_LOCO,GSE13294,GSM335664,target_cohort_adaptive_zscore,xgboost,1,0.2764586806297302,0.5745823383331299,0
GEO_LOCO,GSE13294,GSM335510,single_sample_rank,elastic_net,0,0.2732526659965515,0.915608048439026,0
GEO_LOCO,GSE13294,GSM335511,single_sample_rank,elastic_net,1,0.7190637588500977,0.915608048439026,0
GEO_LOCO,GSE13294,GSM335512,single_sample_rank,elastic_net,0,0.6841132044792175,0.915608048439026,0
GEO_LOCO,GSE13294,GSM335513,single_sample_rank,elastic_net,0,0.0051826569251716,0.915608048439026,0
GEO_LOCO,GSE13294,GSM335514,single_sample_rank,elastic_net,0,0.1225255951285362,0.915608048439026,0
GEO_LOCO,GSE13294,GSM335515,single_sample_rank,elastic_net,0,0.3144186437129974,0.915608048439026,0
GEO_LOCO,GSE13294,GSM335516,single_sample_rank,elastic_net,0,0.0702376663684845,0.915608048439026,0
GEO_LOCO,GSE13294,GSM335517,single_sample_rank,elastic_net,0,0.0014815799659118,0.915608048439026,0
GEO_LOCO,GSE13294,GSM335518,single_sample_rank,elastic_net,1,0.9857467412948608,0.915608048439026,1
GEO_LOCO,GSE13294,GSM335519,single_sample_rank,elastic_net,1,0.9288530945777892,0.915608048439026,1
GEO_LOCO,GSE13294,GSM335520,single_sample_rank,elastic_net,0,0.035963412374258,0.915608048439026,0
GEO_LOCO,GSE13294,GSM335521,single_sample_rank,elastic_net,0,0.1738952696323394,0.915608048439026,0
GEO_LOCO,GSE13294,GSM335522,single_sample_rank,elastic_net,0,0.1214340403676033,0.915608048439026,0
GEO_LOCO,GSE13294,GSM335523,single_sample_rank,elastic_net,0,0.0284561216831207,0.915608048439026,0
GEO_LOCO,GSE13294,GSM335524,single_sample_rank,elastic_net,0,0.071525752544403,0.915608048439026,0
GEO_LOCO,GSE13294,GSM335525,single_sample_rank,elastic_net,1,0.9988698363304138,0.915608048439026,1
GEO_LOCO,GSE13294,GSM335526,single_sample_rank,elastic_net,0,0.1677433103322982,0.915608048439026,0
GEO_LOCO,GSE13294,GSM335527,single_sample_rank,elastic_net,1,0.9467757344245912,0.915608048439026,1
GEO_LOCO,GSE13294,GSM335528,single_sample_rank,elastic_net,0,0.1874550879001617,0.915608048439026,0
GEO_LOCO,GSE13294,GSM335529,single_sample_rank,elastic_net,1,0.7321837544441223,0.915608048439026,0
GEO_LOCO,GSE13294,GSM335530,single_sample_rank,elastic_net,1,0.9998416900634766,0.915608048439026,1
GEO_LOCO,GSE13294,GSM335531,single_sample_rank,elastic_net,0,0.0537139698863029,0.915608048439026,0
GEO_LOCO,GSE13294,GSM335532,single_sample_rank,elastic_net,1,0.9992780089378356,0.915608048439026,1
GEO_LOCO,GSE13294,GSM335533,single_sample_rank,elastic_net,0,0.4295287132263183,0.915608048439026,0
GEO_LOCO,GSE13294,GSM335534,single_sample_rank,elastic_net,0,0.1873262822628021,0.915608048439026,0
GEO_LOCO,GSE13294,GSM335535,single_sample_rank,elastic_net,0,0.0946584567427635,0.915608048439026,0
GEO_LOCO,GSE13294,GSM335536,single_sample_rank,elastic_net,0,0.0446528121829032,0.915608048439026,0
GEO_LOCO,GSE13294,GSM335537,single_sample_rank,elastic_net,0,0.1593110859394073,0.915608048439026,0
GEO_LOCO,GSE13294,GSM335538,single_sample_rank,elastic_net,0,0.0101997395977377,0.915608048439026,0
GEO_LOCO,GSE13294,GSM335539,single_sample_rank,elastic_net,0,0.0435829274356365,0.915608048439026,0
GEO_LOCO,GSE13294,GSM335540,single_sample_rank,elastic_net,0,0.0116211958229541,0.915608048439026,0
GEO_LOCO,GSE13294,GSM335541,single_sample_rank,elastic_net,1,0.9984734654426576,0.915608048439026,1
GEO_LOCO,GSE13294,GSM335542,single_sample_rank,elastic_net,1,0.9967870712280272,0.915608048439026,1
GEO_LOCO,GSE13294,GSM335543,single_sample_rank,elastic_net,1,0.6891950964927673,0.915608048439026,0
GEO_LOCO,GSE13294,GSM335544,single_sample_rank,elastic_net,1,0.996788740158081,0.915608048439026,1
GEO_LOCO,GSE13294,GSM335545,single_sample_rank,elastic_net,1,0.8873350024223328,0.915608048439026,0
GEO_LOCO,GSE13294,GSM335546,single_sample_rank,elastic_net,1,0.3543583154678345,0.915608048439026,0
GEO_LOCO,GSE13294,GSM335547,single_sample_rank,elastic_net,0,0.9792765378952026,0.915608048439026,1
GEO_LOCO,GSE13294,GSM335548,single_sample_rank,elastic_net,0,0.0709667354822158,0.915608048439026,0
GEO_LOCO,GSE13294,GSM335549,single_sample_rank,elastic_net,0,0.0372087620198726,0.915608048439026,0
GEO_LOCO,GSE13294,GSM335550,single_sample_rank,elastic_net,0,0.0627345293760299,0.915608048439026,0
GEO_LOCO,GSE13294,GSM335551,single_sample_rank,elastic_net,1,0.9998132586479188,0.915608048439026,1
GEO_LOCO,GSE13294,GSM335552,single_sample_rank,elastic_net,0,0.2357133477926254,0.915608048439026,0
GEO_LOCO,GSE13294,GSM335553,single_sample_rank,elastic_net,0,0.0264341197907924,0.915608048439026,0
GEO_LOCO,GSE13294,GSM335554,single_sample_rank,elastic_net,0,0.0331836119294166,0.915608048439026,0
GEO_LOCO,GSE13294,GSM335555,single_sample_rank,elastic_net,1,0.9998840093612672,0.915608048439026,1
GEO_LOCO,GSE13294,GSM335556,single_sample_rank,elastic_net,0,0.1316829621791839,0.915608048439026,0
GEO_LOCO,GSE13294,GSM335557,single_sample_rank,elastic_net,0,0.1776638329029083,0.915608048439026,0
GEO_LOCO,GSE13294,GSM335558,single_sample_rank,elastic_net,0,0.0019087637774646,0.915608048439026,0
GEO_LOCO,GSE13294,GSM335559,single_sample_rank,elastic_net,1,0.999355137348175,0.915608048439026,1
GEO_LOCO,GSE13294,GSM335560,single_sample_rank,elastic_net,1,0.999996781349182,0.915608048439026,1
GEO_LOCO,GSE13294,GSM335561,single_sample_rank,elastic_net,0,0.0191114824265241,0.915608048439026,0
GEO_LOCO,GSE13294,GSM335562,single_sample_rank,elastic_net,1,0.9932138919830322,0.915608048439026,1
GEO_LOCO,GSE13294,GSM335563,single_sample_rank,elastic_net,1,0.9965119957923888,0.915608048439026,1
GEO_LOCO,GSE13294,GSM335564,single_sample_rank,elastic_net,0,0.4639831781387329,0.915608048439026,0
GEO_LOCO,GSE13294,GSM335565,single_sample_rank,elastic_net,1,0.9995813965797424,0.915608048439026,1
GEO_LOCO,GSE13294,GSM335566,single_sample_rank,elastic_net,1,0.9998939037322998,0.915608048439026,1
GEO_LOCO,GSE13294,GSM335567,single_sample_rank,elastic_net,0,0.0054494584910571,0.915608048439026,0
GEO_LOCO,GSE13294,GSM335568,single_sample_rank,elastic_net,0,0.005779136903584,0.915608048439026,0
GEO_LOCO,GSE13294,GSM335569,single_sample_rank,elastic_net,0,0.023545878008008,0.915608048439026,0
GEO_LOCO,GSE13294,GSM335570,single_sample_rank,elastic_net,0,0.9795372486114502,0.915608048439026,1
GEO_LOCO,GSE13294,GSM335571,single_sample_rank,elastic_net,0,0.4479061067104339,0.915608048439026,0
GEO_LOCO,GSE13294,GSM335572,single_sample_rank,elastic_net,0,0.0299425292760133,0.915608048439026,0
GEO_LOCO,GSE13294,GSM335573,single_sample_rank,elastic_net,1,0.117051213979721,0.915608048439026,0
GEO_LOCO,GSE13294,GSM335574,single_sample_rank,elastic_net,1,0.9986417889595032,0.915608048439026,1
GEO_LOCO,GSE13294,GSM335575,single_sample_rank,elastic_net,0,0.3221291601657867,0.915608048439026,0
GEO_LOCO,GSE13294,GSM335576,single_sample_rank,elastic_net,1,0.9999622106552124,0.915608048439026,1
GEO_LOCO,GSE13294,GSM335577,single_sample_rank,elastic_net,1,0.9998756647109984,0.915608048439026,1
GEO_LOCO,GSE13294,GSM335578,single_sample_rank,elastic_net,1,0.9999465942382812,0.915608048439026,1
GEO_LOCO,GSE13294,GSM335579,single_sample_rank,elastic_net,0,0.300383597612381,0.915608048439026,0
GEO_LOCO,GSE13294,GSM335580,single_sample_rank,elastic_net,0,0.00654310407117,0.915608048439026,0
GEO_LOCO,GSE13294,GSM335581,single_sample_rank,elastic_net,0,0.0173917338252067,0.915608048439026,0
GEO_LOCO,GSE13294,GSM335582,single_sample_rank,elastic_net,0,0.0116586573421955,0.915608048439026,0
GEO_LOCO,GSE13294,GSM335583,single_sample_rank,elastic_net,0,0.0667607635259628,0.915608048439026,0
GEO_LOCO,GSE13294,GSM335584,single_sample_rank,elastic_net,0,0.0576496869325637,0.915608048439026,0
GEO_LOCO,GSE13294,GSM335585,single_sample_rank,elastic_net,1,0.9997739195823668,0.915608048439026,1
GEO_LOCO,GSE13294,GSM335586,single_sample_rank,elastic_net,0,0.0291162636131048,0.915608048439026,0
GEO_LOCO,GSE13294,GSM335587,single_sample_rank,elastic_net,0,0.1329672336578369,0.915608048439026,0
GEO_LOCO,GSE13294,GSM335588,single_sample_rank,elastic_net,0,0.0106428163126111,0.915608048439026,0
GEO_LOCO,GSE13294,GSM335589,single_sample_rank,elastic_net,0,0.003393696853891,0.915608048439026,0
GEO_LOCO,GSE13294,GSM335590,single_sample_rank,elastic_net,0,0.2519077658653259,0.915608048439026,0
GEO_LOCO,GSE13294,GSM335591,single_sample_rank,elastic_net,0,0.0906178504228591,0.915608048439026,0
GEO_LOCO,GSE13294,GSM335592,single_sample_rank,elastic_net,0,0.0461492016911506,0.915608048439026,0
GEO_LOCO,GSE13294,GSM335593,single_sample_rank,elastic_net,0,0.2385607212781906,0.915608048439026,0
GEO_LOCO,GSE13294,GSM335594,single_sample_rank,elastic_net,0,0.0044810101389884,0.915608048439026,0
GEO_LOCO,GSE13294,GSM335595,single_sample_rank,elastic_net,1,0.9999911785125732,0.915608048439026,1
GEO_LOCO,GSE13294,GSM335596,single_sample_rank,elastic_net,0,0.5338249206542969,0.915608048439026,0
GEO_LOCO,GSE13294,GSM335597,single_sample_rank,elastic_net,1,0.9999690055847168,0.915608048439026,1
GEO_LOCO,GSE13294,GSM335598,single_sample_rank,elastic_net,0,0.007208829279989,0.915608048439026,0
GEO_LOCO,GSE13294,GSM335599,single_sample_rank,elastic_net,0,0.0982111170887947,0.915608048439026,0
GEO_LOCO,GSE13294,GSM335600,single_sample_rank,elastic_net,0,0.0054545672610402,0.915608048439026,0
GEO_LOCO,GSE13294,GSM335601,single_sample_rank,elastic_net,0,0.0411243550479412,0.915608048439026,0
GEO_LOCO,GSE13294,GSM335602,single_sample_rank,elastic_net,0,0.1611890941858291,0.915608048439026,0
GEO_LOCO,GSE13294,GSM335603,single_sample_rank,elastic_net,0,0.0060949414037168,0.915608048439026,0
GEO_LOCO,GSE13294,GSM335604,single_sample_rank,elastic_net,0,0.1467964053153991,0.915608048439026,0
GEO_LOCO,GSE13294,GSM335605,single_sample_rank,elastic_net,0,0.0091590099036693,0.915608048439026,0
GEO_LOCO,GSE13294,GSM335606,single_sample_rank,elastic_net,0,0.0153845576569437,0.915608048439026,0
GEO_LOCO,GSE13294,GSM335607,single_sample_rank,elastic_net,0,0.5570192337036133,0.915608048439026,0
GEO_LOCO,GSE13294,GSM335608,single_sample_rank,elastic_net,0,0.7139214873313904,0.915608048439026,0
GEO_LOCO,GSE13294,GSM335609,single_sample_rank,elastic_net,0,0.252503901720047,0.915608048439026,0
GEO_LOCO,GSE13294,GSM335610,single_sample_rank,elastic_net,0,0.0294877234846353,0.915608048439026,0
GEO_LOCO,GSE13294,GSM335611,single_sample_rank,elastic_net,0,0.001682078349404,0.915608048439026,0
GEO_LOCO,GSE13294,GSM335612,single_sample_rank,elastic_net,0,0.0054548983462154,0.915608048439026,0
GEO_LOCO,GSE13294,GSM335613,single_sample_rank,elastic_net,0,0.0031882021576166,0.915608048439026,0
GEO_LOCO,GSE13294,GSM335614,single_sample_rank,elastic_net,1,0.9999805688858032,0.915608048439026,1
GEO_LOCO,GSE13294,GSM335615,single_sample_rank,elastic_net,0,0.4926473498344421,0.915608048439026,0
GEO_LOCO,GSE13294,GSM335616,single_sample_rank,elastic_net,0,0.0351367071270942,0.915608048439026,0
GEO_LOCO,GSE13294,GSM335617,single_sample_rank,elastic_net,0,0.0145108662545681,0.915608048439026,0
GEO_LOCO,GSE13294,GSM335618,single_sample_rank,elastic_net,1,0.5155335068702698,0.915608048439026,0
GEO_LOCO,GSE13294,GSM335619,single_sample_rank,elastic_net,1,0.9996297359466552,0.915608048439026,1
GEO_LOCO,GSE13294,GSM335620,single_sample_rank,elastic_net,1,0.9994158744812012,0.915608048439026,1
GEO_LOCO,GSE13294,GSM335621,single_sample_rank,elastic_net,1,0.9999816417694092,0.915608048439026,1
GEO_LOCO,GSE13294,GSM335622,single_sample_rank,elastic_net,1,0.9993029832839966,0.915608048439026,1
GEO_LOCO,GSE13294,GSM335623,single_sample_rank,elastic_net,1,0.9941900968551636,0.915608048439026,1
GEO_LOCO,GSE13294,GSM335624,single_sample_rank,elastic_net,1,0.992986500263214,0.915608048439026,1
GEO_LOCO,GSE13294,GSM335625,single_sample_rank,elastic_net,1,0.9918672442436218,0.915608048439026,1
GEO_LOCO,GSE13294,GSM335626,single_sample_rank,elastic_net,1,0.9878631830215454,0.915608048439026,1
GEO_LOCO,GSE13294,GSM335627,single_sample_rank,elastic_net,1,0.9899142980575562,0.915608048439026,1
GEO_LOCO,GSE13294,GSM335628,single_sample_rank,elastic_net,1,0.9939826130867004,0.915608048439026,1
GEO_LOCO,GSE13294,GSM335629,single_sample_rank,elastic_net,1,0.9999366998672484,0.915608048439026,1
GEO_LOCO,GSE13294,GSM335630,single_sample_rank,elastic_net,1,0.99977844953537,0.915608048439026,1
GEO_LOCO,GSE13294,GSM335631,single_sample_rank,elastic_net,1,0.2212399691343307,0.915608048439026,0
GEO_LOCO,GSE13294,GSM335632,single_sample_rank,elastic_net,1,0.9894969463348388,0.915608048439026,1
GEO_LOCO,GSE13294,GSM335633,single_sample_rank,elastic_net,1,0.6929581165313721,0.915608048439026,0
GEO_LOCO,GSE13294,GSM335634,single_sample_rank,elastic_net,1,0.9999890327453612,0.915608048439026,1
GEO_LOCO,GSE13294,GSM335635,single_sample_rank,elastic_net,1,0.999954342842102,0.915608048439026,1
GEO_LOCO,GSE13294,GSM335636,single_sample_rank,elastic_net,1,0.0066937231458723,0.915608048439026,0
GEO_LOCO,GSE13294,GSM335637,single_sample_rank,elastic_net,1,0.924000322818756,0.915608048439026,1
GEO_LOCO,GSE13294,GSM335638,single_sample_rank,elastic_net,1,0.9965595602989196,0.915608048439026,1
GEO_LOCO,GSE13294,GSM335639,single_sample_rank,elastic_net,1,0.8998115062713623,0.915608048439026,0
GEO_LOCO,GSE13294,GSM335640,single_sample_rank,elastic_net,1,0.9999138116836548,0.915608048439026,1
GEO_LOCO,GSE13294,GSM335641,single_sample_rank,elastic_net,1,0.99998676776886,0.915608048439026,1
GEO_LOCO,GSE13294,GSM335642,single_sample_rank,elastic_net,1,0.9943411350250244,0.915608048439026,1
GEO_LOCO,GSE13294,GSM335643,single_sample_rank,elastic_net,1,0.9999949932098388,0.915608048439026,1
GEO_LOCO,GSE13294,GSM335644,single_sample_rank,elastic_net,1,0.99979430437088,0.915608048439026,1
GEO_LOCO,GSE13294,GSM335645,single_sample_rank,elastic_net,1,0.9997860789299012,0.915608048439026,1
GEO_LOCO,GSE13294,GSM335646,single_sample_rank,elastic_net,1,0.955116093158722,0.915608048439026,1
GEO_LOCO,GSE13294,GSM335647,single_sample_rank,elastic_net,1,0.9951308965682985,0.915608048439026,1
GEO_LOCO,GSE13294,GSM335648,single_sample_rank,elastic_net,1,0.003662466071546,0.915608048439026,0
GEO_LOCO,GSE13294,GSM335649,single_sample_rank,elastic_net,1,0.99931800365448,0.915608048439026,1
GEO_LOCO,GSE13294,GSM335650,single_sample_rank,elastic_net,1,0.9992194175720216,0.915608048439026,1
GEO_LOCO,GSE13294,GSM335651,single_sample_rank,elastic_net,1,0.0426350943744182,0.915608048439026,0
GEO_LOCO,GSE13294,GSM335652,single_sample_rank,elastic_net,1,0.9999983310699464,0.915608048439026,1
GEO_LOCO,GSE13294,GSM335653,single_sample_rank,elastic_net,1,0.9947922825813292,0.915608048439026,1
GEO_LOCO,GSE13294,GSM335654,single_sample_rank,elastic_net,1,0.9933521747589112,0.915608048439026,1
GEO_LOCO,GSE13294,GSM335655,single_sample_rank,elastic_net,1,0.9988963603973388,0.915608048439026,1
GEO_LOCO,GSE13294,GSM335656,single_sample_rank,elastic_net,1,0.9999942779541016,0.915608048439026,1
GEO_LOCO,GSE13294,GSM335657,single_sample_rank,elastic_net,1,0.9999600648880004,0.915608048439026,1
GEO_LOCO,GSE13294,GSM335658,single_sample_rank,elastic_net,1,0.9999635219573976,0.915608048439026,1
GEO_LOCO,GSE13294,GSM335659,single_sample_rank,elastic_net,1,0.9999970197677612,0.915608048439026,1
GEO_LOCO,GSE13294,GSM335660,single_sample_rank,elastic_net,1,0.998595893383026,0.915608048439026,1
GEO_LOCO,GSE13294,GSM335661,single_sample_rank,elastic_net,1,0.999909281730652,0.915608048439026,1
GEO_LOCO,GSE13294,GSM335662,single_sample_rank,elastic_net,1,0.9994284510612488,0.915608048439026,1
GEO_LOCO,GSE13294,GSM335663,single_sample_rank,elastic_net,1,0.9885955452919006,0.915608048439026,1
GEO_LOCO,GSE13294,GSM335664,single_sample_rank,elastic_net,1,0.9845596551895142,0.915608048439026,1
GEO_LOCO,GSE13294,GSM335510,single_sample_rank,svm_rbf,0,0.0565838931129388,0.3690416566578962,0
GEO_LOCO,GSE13294,GSM335511,single_sample_rank,svm_rbf,1,0.3715579150988685,0.3690416566578962,1
GEO_LOCO,GSE13294,GSM335512,single_sample_rank,svm_rbf,0,0.2360713739778657,0.3690416566578962,0
GEO_LOCO,GSE13294,GSM335513,single_sample_rank,svm_rbf,0,0.0257237886457879,0.3690416566578962,0
GEO_LOCO,GSE13294,GSM335514,single_sample_rank,svm_rbf,0,0.0168773145054762,0.3690416566578962,0
GEO_LOCO,GSE13294,GSM335515,single_sample_rank,svm_rbf,0,0.1033480417622093,0.3690416566578962,0
GEO_LOCO,GSE13294,GSM335516,single_sample_rank,svm_rbf,0,0.0050529379018768,0.3690416566578962,0
GEO_LOCO,GSE13294,GSM335517,single_sample_rank,svm_rbf,0,0.0083512211349121,0.3690416566578962,0
GEO_LOCO,GSE13294,GSM335518,single_sample_rank,svm_rbf,1,0.9469515735765972,0.3690416566578962,1
GEO_LOCO,GSE13294,GSM335519,single_sample_rank,svm_rbf,1,0.8542288005854323,0.3690416566578962,1
GEO_LOCO,GSE13294,GSM335520,single_sample_rank,svm_rbf,0,0.0577840362102659,0.3690416566578962,0
GEO_LOCO,GSE13294,GSM335521,single_sample_rank,svm_rbf,0,0.0029732488557145,0.3690416566578962,0
GEO_LOCO,GSE13294,GSM335522,single_sample_rank,svm_rbf,0,0.0544294895070206,0.3690416566578962,0
GEO_LOCO,GSE13294,GSM335523,single_sample_rank,svm_rbf,0,0.0165956889875851,0.3690416566578962,0
GEO_LOCO,GSE13294,GSM335524,single_sample_rank,svm_rbf,0,0.0138797342222076,0.3690416566578962,0
GEO_LOCO,GSE13294,GSM335525,single_sample_rank,svm_rbf,1,0.972497889667136,0.3690416566578962,1
GEO_LOCO,GSE13294,GSM335526,single_sample_rank,svm_rbf,0,0.0114177596405515,0.3690416566578962,0
GEO_LOCO,GSE13294,GSM335527,single_sample_rank,svm_rbf,1,0.7153134602146145,0.3690416566578962,1
GEO_LOCO,GSE13294,GSM335528,single_sample_rank,svm_rbf,0,0.0130158882891426,0.3690416566578962,0
GEO_LOCO,GSE13294,GSM335529,single_sample_rank,svm_rbf,1,0.2074620819596829,0.3690416566578962,0
GEO_LOCO,GSE13294,GSM335530,single_sample_rank,svm_rbf,1,0.993328678046664,0.3690416566578962,1
GEO_LOCO,GSE13294,GSM335531,single_sample_rank,svm_rbf,0,0.0060425237893652,0.3690416566578962,0
GEO_LOCO,GSE13294,GSM335532,single_sample_rank,svm_rbf,1,0.9623075796363556,0.3690416566578962,1
GEO_LOCO,GSE13294,GSM335533,single_sample_rank,svm_rbf,0,0.0061427140057908,0.3690416566578962,0
GEO_LOCO,GSE13294,GSM335534,single_sample_rank,svm_rbf,0,0.0123765037655729,0.3690416566578962,0
GEO_LOCO,GSE13294,GSM335535,single_sample_rank,svm_rbf,0,0.0138142136786182,0.3690416566578962,0
GEO_LOCO,GSE13294,GSM335536,single_sample_rank,svm_rbf,0,0.0156070830003512,0.3690416566578962,0
GEO_LOCO,GSE13294,GSM335537,single_sample_rank,svm_rbf,0,0.0188033058666128,0.3690416566578962,0
GEO_LOCO,GSE13294,GSM335538,single_sample_rank,svm_rbf,0,0.0036891971547578,0.3690416566578962,0
GEO_LOCO,GSE13294,GSM335539,single_sample_rank,svm_rbf,0,0.0051201555274293,0.3690416566578962,0
GEO_LOCO,GSE13294,GSM335540,single_sample_rank,svm_rbf,0,0.0044302646720219,0.3690416566578962,0
GEO_LOCO,GSE13294,GSM335541,single_sample_rank,svm_rbf,1,0.9488471330373704,0.3690416566578962,1
GEO_LOCO,GSE13294,GSM335542,single_sample_rank,svm_rbf,1,0.9836393857544184,0.3690416566578962,1
GEO_LOCO,GSE13294,GSM335543,single_sample_rank,svm_rbf,1,0.742496754968666,0.3690416566578962,1
GEO_LOCO,GSE13294,GSM335544,single_sample_rank,svm_rbf,1,0.9650071888432232,0.3690416566578962,1
GEO_LOCO,GSE13294,GSM335545,single_sample_rank,svm_rbf,1,0.8394212881029232,0.3690416566578962,1
GEO_LOCO,GSE13294,GSM335546,single_sample_rank,svm_rbf,1,0.9491875027014406,0.3690416566578962,1
GEO_LOCO,GSE13294,GSM335547,single_sample_rank,svm_rbf,0,0.4407076652638499,0.3690416566578962,1
GEO_LOCO,GSE13294,GSM335548,single_sample_rank,svm_rbf,0,0.1561885071598784,0.3690416566578962,0
GEO_LOCO,GSE13294,GSM335549,single_sample_rank,svm_rbf,0,0.0606483706733724,0.3690416566578962,0
GEO_LOCO,GSE13294,GSM335550,single_sample_rank,svm_rbf,0,0.1331990673323403,0.3690416566578962,0
GEO_LOCO,GSE13294,GSM335551,single_sample_rank,svm_rbf,1,0.9431107101631498,0.3690416566578962,1
GEO_LOCO,GSE13294,GSM335552,single_sample_rank,svm_rbf,0,0.2174465842977055,0.3690416566578962,0
GEO_LOCO,GSE13294,GSM335553,single_sample_rank,svm_rbf,0,0.1820904875526108,0.3690416566578962,0
GEO_LOCO,GSE13294,GSM335554,single_sample_rank,svm_rbf,0,0.0389544663395148,0.3690416566578962,0
GEO_LOCO,GSE13294,GSM335555,single_sample_rank,svm_rbf,1,0.9826230049035624,0.3690416566578962,1
GEO_LOCO,GSE13294,GSM335556,single_sample_rank,svm_rbf,0,0.0583942362037202,0.3690416566578962,0
GEO_LOCO,GSE13294,GSM335557,single_sample_rank,svm_rbf,0,0.0924403491702138,0.3690416566578962,0
GEO_LOCO,GSE13294,GSM335558,single_sample_rank,svm_rbf,0,0.0400050289139663,0.3690416566578962,0
GEO_LOCO,GSE13294,GSM335559,single_sample_rank,svm_rbf,1,0.9558407185191928,0.3690416566578962,1
GEO_LOCO,GSE13294,GSM335560,single_sample_rank,svm_rbf,1,0.9077181279094684,0.3690416566578962,1
GEO_LOCO,GSE13294,GSM335561,single_sample_rank,svm_rbf,0,0.0589332733219758,0.3690416566578962,0
GEO_LOCO,GSE13294,GSM335562,single_sample_rank,svm_rbf,1,0.8276149863677621,0.3690416566578962,1
GEO_LOCO,GSE13294,GSM335563,single_sample_rank,svm_rbf,1,0.5256925090738958,0.3690416566578962,1
GEO_LOCO,GSE13294,GSM335564,single_sample_rank,svm_rbf,0,0.0777796595464022,0.3690416566578962,0
GEO_LOCO,GSE13294,GSM335565,single_sample_rank,svm_rbf,1,0.9999948869067506,0.3690416566578962,1
GEO_LOCO,GSE13294,GSM335566,single_sample_rank,svm_rbf,1,0.9683950654156016,0.3690416566578962,1
GEO_LOCO,GSE13294,GSM335567,single_sample_rank,svm_rbf,0,0.0424079371285347,0.3690416566578962,0
GEO_LOCO,GSE13294,GSM335568,single_sample_rank,svm_rbf,0,0.0110868287577156,0.3690416566578962,0
GEO_LOCO,GSE13294,GSM335569,single_sample_rank,svm_rbf,0,0.04066340180246,0.3690416566578962,0
GEO_LOCO,GSE13294,GSM335570,single_sample_rank,svm_rbf,0,0.5181743028710273,0.3690416566578962,1
GEO_LOCO,GSE13294,GSM335571,single_sample_rank,svm_rbf,0,0.0698187591221775,0.3690416566578962,0
GEO_LOCO,GSE13294,GSM335572,single_sample_rank,svm_rbf,0,0.0369547285517159,0.3690416566578962,0
GEO_LOCO,GSE13294,GSM335573,single_sample_rank,svm_rbf,1,0.1339079015966881,0.3690416566578962,0
GEO_LOCO,GSE13294,GSM335574,single_sample_rank,svm_rbf,1,0.6667044590000714,0.3690416566578962,1
GEO_LOCO,GSE13294,GSM335575,single_sample_rank,svm_rbf,0,0.1190806608358203,0.3690416566578962,0
GEO_LOCO,GSE13294,GSM335576,single_sample_rank,svm_rbf,1,0.932315362380125,0.3690416566578962,1
GEO_LOCO,GSE13294,GSM335577,single_sample_rank,svm_rbf,1,0.8905969101656227,0.3690416566578962,1
GEO_LOCO,GSE13294,GSM335578,single_sample_rank,svm_rbf,1,0.6881926188057236,0.3690416566578962,1
GEO_LOCO,GSE13294,GSM335579,single_sample_rank,svm_rbf,0,0.0913972887220162,0.3690416566578962,0
GEO_LOCO,GSE13294,GSM335580,single_sample_rank,svm_rbf,0,0.0800438065872051,0.3690416566578962,0
GEO_LOCO,GSE13294,GSM335581,single_sample_rank,svm_rbf,0,0.1135732398095561,0.3690416566578962,0
GEO_LOCO,GSE13294,GSM335582,single_sample_rank,svm_rbf,0,0.0398173948327059,0.3690416566578962,0
GEO_LOCO,GSE13294,GSM335583,single_sample_rank,svm_rbf,0,0.0604011168878006,0.3690416566578962,0
GEO_LOCO,GSE13294,GSM335584,single_sample_rank,svm_rbf,0,0.0762636673502794,0.3690416566578962,0
GEO_LOCO,GSE13294,GSM335585,single_sample_rank,svm_rbf,1,0.6413808534954161,0.3690416566578962,1
GEO_LOCO,GSE13294,GSM335586,single_sample_rank,svm_rbf,0,0.0373544218344494,0.3690416566578962,0
GEO_LOCO,GSE13294,GSM335587,single_sample_rank,svm_rbf,0,0.0959023024663841,0.3690416566578962,0
GEO_LOCO,GSE13294,GSM335588,single_sample_rank,svm_rbf,0,0.0149920925090727,0.3690416566578962,0
GEO_LOCO,GSE13294,GSM335589,single_sample_rank,svm_rbf,0,0.0425086539661119,0.3690416566578962,0
GEO_LOCO,GSE13294,GSM335590,single_sample_rank,svm_rbf,0,0.0286833293337862,0.3690416566578962,0
GEO_LOCO,GSE13294,GSM335591,single_sample_rank,svm_rbf,0,0.0153776496867094,0.3690416566578962,0
GEO_LOCO,GSE13294,GSM335592,single_sample_rank,svm_rbf,0,0.0633246883370163,0.3690416566578962,0
GEO_LOCO,GSE13294,GSM335593,single_sample_rank,svm_rbf,0,0.0645606607120225,0.3690416566578962,0
GEO_LOCO,GSE13294,GSM335594,single_sample_rank,svm_rbf,0,0.0589126969828953,0.3690416566578962,0
GEO_LOCO,GSE13294,GSM335595,single_sample_rank,svm_rbf,1,0.5391108804480442,0.3690416566578962,1
GEO_LOCO,GSE13294,GSM335596,single_sample_rank,svm_rbf,0,0.1368135229891361,0.3690416566578962,0
GEO_LOCO,GSE13294,GSM335597,single_sample_rank,svm_rbf,1,0.494108752920494,0.3690416566578962,1
GEO_LOCO,GSE13294,GSM335598,single_sample_rank,svm_rbf,0,0.0732803169765952,0.3690416566578962,0
GEO_LOCO,GSE13294,GSM335599,single_sample_rank,svm_rbf,0,0.0848737443509493,0.3690416566578962,0
GEO_LOCO,GSE13294,GSM335600,single_sample_rank,svm_rbf,0,0.0947561200402325,0.3690416566578962,0
GEO_LOCO,GSE13294,GSM335601,single_sample_rank,svm_rbf,0,0.0609032615068422,0.3690416566578962,0
GEO_LOCO,GSE13294,GSM335602,single_sample_rank,svm_rbf,0,0.0853826121608056,0.3690416566578962,0
GEO_LOCO,GSE13294,GSM335603,single_sample_rank,svm_rbf,0,0.0827145934479304,0.3690416566578962,0
GEO_LOCO,GSE13294,GSM335604,single_sample_rank,svm_rbf,0,0.0805894273315788,0.3690416566578962,0
GEO_LOCO,GSE13294,GSM335605,single_sample_rank,svm_rbf,0,0.0146609328669677,0.3690416566578962,0
GEO_LOCO,GSE13294,GSM335606,single_sample_rank,svm_rbf,0,0.0398222280962019,0.3690416566578962,0
GEO_LOCO,GSE13294,GSM335607,single_sample_rank,svm_rbf,0,0.051296618402368,0.3690416566578962,0
GEO_LOCO,GSE13294,GSM335608,single_sample_rank,svm_rbf,0,0.2773656082664721,0.3690416566578962,0
GEO_LOCO,GSE13294,GSM335609,single_sample_rank,svm_rbf,0,0.0698732500385124,0.3690416566578962,0
GEO_LOCO,GSE13294,GSM335610,single_sample_rank,svm_rbf,0,0.054842059127242,0.3690416566578962,0
GEO_LOCO,GSE13294,GSM335611,single_sample_rank,svm_rbf,0,0.0238285733663111,0.3690416566578962,0
GEO_LOCO,GSE13294,GSM335612,single_sample_rank,svm_rbf,0,0.014867655815873,0.3690416566578962,0
GEO_LOCO,GSE13294,GSM335613,single_sample_rank,svm_rbf,0,0.0229893400512509,0.3690416566578962,0
GEO_LOCO,GSE13294,GSM335614,single_sample_rank,svm_rbf,1,0.9532514820536526,0.3690416566578962,1
GEO_LOCO,GSE13294,GSM335615,single_sample_rank,svm_rbf,0,0.0706692950070242,0.3690416566578962,0
GEO_LOCO,GSE13294,GSM335616,single_sample_rank,svm_rbf,0,0.0593186535218318,0.3690416566578962,0
GEO_LOCO,GSE13294,GSM335617,single_sample_rank,svm_rbf,0,0.0346710639188068,0.3690416566578962,0
GEO_LOCO,GSE13294,GSM335618,single_sample_rank,svm_rbf,1,0.3541900984510803,0.3690416566578962,0
GEO_LOCO,GSE13294,GSM335619,single_sample_rank,svm_rbf,1,0.9334652654427148,0.3690416566578962,1
GEO_LOCO,GSE13294,GSM335620,single_sample_rank,svm_rbf,1,0.4612928799049346,0.3690416566578962,1
GEO_LOCO,GSE13294,GSM335621,single_sample_rank,svm_rbf,1,0.8720614568268777,0.3690416566578962,1
GEO_LOCO,GSE13294,GSM335622,single_sample_rank,svm_rbf,1,0.8616126920420234,0.3690416566578962,1
GEO_LOCO,GSE13294,GSM335623,single_sample_rank,svm_rbf,1,0.7762028278741271,0.3690416566578962,1
GEO_LOCO,GSE13294,GSM335624,single_sample_rank,svm_rbf,1,0.5589140480585713,0.3690416566578962,1
GEO_LOCO,GSE13294,GSM335625,single_sample_rank,svm_rbf,1,0.5361923327845168,0.3690416566578962,1
GEO_LOCO,GSE13294,GSM335626,single_sample_rank,svm_rbf,1,0.456941694023833,0.3690416566578962,1
GEO_LOCO,GSE13294,GSM335627,single_sample_rank,svm_rbf,1,0.7202776658086529,0.3690416566578962,1
GEO_LOCO,GSE13294,GSM335628,single_sample_rank,svm_rbf,1,0.5756640344204915,0.3690416566578962,1
GEO_LOCO,GSE13294,GSM335629,single_sample_rank,svm_rbf,1,0.9247311430374676,0.3690416566578962,1
GEO_LOCO,GSE13294,GSM335630,single_sample_rank,svm_rbf,1,0.8972790314472421,0.3690416566578962,1
GEO_LOCO,GSE13294,GSM335631,single_sample_rank,svm_rbf,1,0.0164877781658963,0.3690416566578962,0
GEO_LOCO,GSE13294,GSM335632,single_sample_rank,svm_rbf,1,0.9773371580500014,0.3690416566578962,1
GEO_LOCO,GSE13294,GSM335633,single_sample_rank,svm_rbf,1,0.7636803707673961,0.3690416566578962,1
GEO_LOCO,GSE13294,GSM335634,single_sample_rank,svm_rbf,1,0.7343080505674567,0.3690416566578962,1
GEO_LOCO,GSE13294,GSM335635,single_sample_rank,svm_rbf,1,0.6114880455896575,0.3690416566578962,1
GEO_LOCO,GSE13294,GSM335636,single_sample_rank,svm_rbf,1,0.1218497379563196,0.3690416566578962,0
GEO_LOCO,GSE13294,GSM335637,single_sample_rank,svm_rbf,1,0.4473936133605973,0.3690416566578962,1
GEO_LOCO,GSE13294,GSM335638,single_sample_rank,svm_rbf,1,0.642939952570524,0.3690416566578962,1
GEO_LOCO,GSE13294,GSM335639,single_sample_rank,svm_rbf,1,0.6443852026110904,0.3690416566578962,1
GEO_LOCO,GSE13294,GSM335640,single_sample_rank,svm_rbf,1,0.9820952546107236,0.3690416566578962,1
GEO_LOCO,GSE13294,GSM335641,single_sample_rank,svm_rbf,1,0.9777600411097386,0.3690416566578962,1
GEO_LOCO,GSE13294,GSM335642,single_sample_rank,svm_rbf,1,0.5117975639177792,0.3690416566578962,1
GEO_LOCO,GSE13294,GSM335643,single_sample_rank,svm_rbf,1,0.7150319490252892,0.3690416566578962,1
GEO_LOCO,GSE13294,GSM335644,single_sample_rank,svm_rbf,1,0.8070347919290163,0.3690416566578962,1
GEO_LOCO,GSE13294,GSM335645,single_sample_rank,svm_rbf,1,0.9744854235301448,0.3690416566578962,1
GEO_LOCO,GSE13294,GSM335646,single_sample_rank,svm_rbf,1,0.5,0.3690416566578962,1
GEO_LOCO,GSE13294,GSM335647,single_sample_rank,svm_rbf,1,0.4800386893980357,0.3690416566578962,1
GEO_LOCO,GSE13294,GSM335648,single_sample_rank,svm_rbf,1,0.2119573543486197,0.3690416566578962,0
GEO_LOCO,GSE13294,GSM335649,single_sample_rank,svm_rbf,1,0.6130894612241755,0.3690416566578962,1
GEO_LOCO,GSE13294,GSM335650,single_sample_rank,svm_rbf,1,0.606703130179414,0.3690416566578962,1
GEO_LOCO,GSE13294,GSM335651,single_sample_rank,svm_rbf,1,0.0243663347974456,0.3690416566578962,0
GEO_LOCO,GSE13294,GSM335652,single_sample_rank,svm_rbf,1,0.6074165853435849,0.3690416566578962,1
GEO_LOCO,GSE13294,GSM335653,single_sample_rank,svm_rbf,1,0.8942220751553211,0.3690416566578962,1
GEO_LOCO,GSE13294,GSM335654,single_sample_rank,svm_rbf,1,0.7527256024422843,0.3690416566578962,1
GEO_LOCO,GSE13294,GSM335655,single_sample_rank,svm_rbf,1,0.9809223744705688,0.3690416566578962,1
GEO_LOCO,GSE13294,GSM335656,single_sample_rank,svm_rbf,1,0.8158804031061583,0.3690416566578962,1
GEO_LOCO,GSE13294,GSM335657,single_sample_rank,svm_rbf,1,0.924279363486584,0.3690416566578962,1
GEO_LOCO,GSE13294,GSM335658,single_sample_rank,svm_rbf,1,0.8514706020806582,0.3690416566578962,1
GEO_LOCO,GSE13294,GSM335659,single_sample_rank,svm_rbf,1,0.4720235807700305,0.3690416566578962,1
GEO_LOCO,GSE13294,GSM335660,single_sample_rank,svm_rbf,1,0.8497475875129273,0.3690416566578962,1
GEO_LOCO,GSE13294,GSM335661,single_sample_rank,svm_rbf,1,0.5370858998602609,0.3690416566578962,1
GEO_LOCO,GSE13294,GSM335662,single_sample_rank,svm_rbf,1,0.9445750443036304,0.3690416566578962,1
GEO_LOCO,GSE13294,GSM335663,single_sample_rank,svm_rbf,1,0.6435962420860458,0.3690416566578962,1
GEO_LOCO,GSE13294,GSM335664,single_sample_rank,svm_rbf,1,0.7437913308498687,0.3690416566578962,1
GEO_LOCO,GSE13294,GSM335510,single_sample_rank,xgboost,0,0.1221887841820716,0.5969234108924866,0
GEO_LOCO,GSE13294,GSM335511,single_sample_rank,xgboost,1,0.9257521629333496,0.5969234108924866,1
GEO_LOCO,GSE13294,GSM335512,single_sample_rank,xgboost,0,0.8586007952690125,0.5969234108924866,1
GEO_LOCO,GSE13294,GSM335513,single_sample_rank,xgboost,0,0.0068664108403027,0.5969234108924866,0
GEO_LOCO,GSE13294,GSM335514,single_sample_rank,xgboost,0,0.0256814174354076,0.5969234108924866,0
GEO_LOCO,GSE13294,GSM335515,single_sample_rank,xgboost,0,0.4298957288265228,0.5969234108924866,0
GEO_LOCO,GSE13294,GSM335516,single_sample_rank,xgboost,0,0.0186024494469165,0.5969234108924866,0
GEO_LOCO,GSE13294,GSM335517,single_sample_rank,xgboost,0,0.0041984124109148,0.5969234108924866,0
GEO_LOCO,GSE13294,GSM335518,single_sample_rank,xgboost,1,0.9853460788726808,0.5969234108924866,1
GEO_LOCO,GSE13294,GSM335519,single_sample_rank,xgboost,1,0.9679964780807496,0.5969234108924866,1
GEO_LOCO,GSE13294,GSM335520,single_sample_rank,xgboost,0,0.0552542731165885,0.5969234108924866,0
GEO_LOCO,GSE13294,GSM335521,single_sample_rank,xgboost,0,0.0956605374813079,0.5969234108924866,0
GEO_LOCO,GSE13294,GSM335522,single_sample_rank,xgboost,0,0.1139379292726516,0.5969234108924866,0
GEO_LOCO,GSE13294,GSM335523,single_sample_rank,xgboost,0,0.0579422116279602,0.5969234108924866,0
GEO_LOCO,GSE13294,GSM335524,single_sample_rank,xgboost,0,0.1541902273893356,0.5969234108924866,0
GEO_LOCO,GSE13294,GSM335525,single_sample_rank,xgboost,1,0.9838359355926514,0.5969234108924866,1
GEO_LOCO,GSE13294,GSM335526,single_sample_rank,xgboost,0,0.0382722988724708,0.5969234108924866,0
GEO_LOCO,GSE13294,GSM335527,single_sample_rank,xgboost,1,0.9801176190376282,0.5969234108924866,1
GEO_LOCO,GSE13294,GSM335528,single_sample_rank,xgboost,0,0.0470721013844013,0.5969234108924866,0
GEO_LOCO,GSE13294,GSM335529,single_sample_rank,xgboost,1,0.3278766870498657,0.5969234108924866,0
GEO_LOCO,GSE13294,GSM335530,single_sample_rank,xgboost,1,0.9981665015220642,0.5969234108924866,1
GEO_LOCO,GSE13294,GSM335531,single_sample_rank,xgboost,0,0.0158123206347227,0.5969234108924866,0
GEO_LOCO,GSE13294,GSM335532,single_sample_rank,xgboost,1,0.9825236201286316,0.5969234108924866,1
GEO_LOCO,GSE13294,GSM335533,single_sample_rank,xgboost,0,0.0261722896248102,0.5969234108924866,0
GEO_LOCO,GSE13294,GSM335534,single_sample_rank,xgboost,0,0.2542447745800018,0.5969234108924866,0
GEO_LOCO,GSE13294,GSM335535,single_sample_rank,xgboost,0,0.0439733639359474,0.5969234108924866,0
GEO_LOCO,GSE13294,GSM335536,single_sample_rank,xgboost,0,0.0273770596832036,0.5969234108924866,0
GEO_LOCO,GSE13294,GSM335537,single_sample_rank,xgboost,0,0.1274190247058868,0.5969234108924866,0
GEO_LOCO,GSE13294,GSM335538,single_sample_rank,xgboost,0,0.008889514952898,0.5969234108924866,0
GEO_LOCO,GSE13294,GSM335539,single_sample_rank,xgboost,0,0.0304459407925605,0.5969234108924866,0
GEO_LOCO,GSE13294,GSM335540,single_sample_rank,xgboost,0,0.0162481050938367,0.5969234108924866,0
GEO_LOCO,GSE13294,GSM335541,single_sample_rank,xgboost,1,0.990683913230896,0.5969234108924866,1
GEO_LOCO,GSE13294,GSM335542,single_sample_rank,xgboost,1,0.9877289533615112,0.5969234108924866,1
GEO_LOCO,GSE13294,GSM335543,single_sample_rank,xgboost,1,0.9538524746894836,0.5969234108924866,1
GEO_LOCO,GSE13294,GSM335544,single_sample_rank,xgboost,1,0.9943345785140992,0.5969234108924866,1
GEO_LOCO,GSE13294,GSM335545,single_sample_rank,xgboost,1,0.7203266024589539,0.5969234108924866,1
GEO_LOCO,GSE13294,GSM335546,single_sample_rank,xgboost,1,0.9051981568336488,0.5969234108924866,1
GEO_LOCO,GSE13294,GSM335547,single_sample_rank,xgboost,0,0.9218525290489196,0.5969234108924866,1
GEO_LOCO,GSE13294,GSM335548,single_sample_rank,xgboost,0,0.5370880365371704,0.5969234108924866,0
GEO_LOCO,GSE13294,GSM335549,single_sample_rank,xgboost,0,0.0246464684605598,0.5969234108924866,0
GEO_LOCO,GSE13294,GSM335550,single_sample_rank,xgboost,0,0.1059971675276756,0.5969234108924866,0
GEO_LOCO,GSE13294,GSM335551,single_sample_rank,xgboost,1,0.9885647892951964,0.5969234108924866,1
GEO_LOCO,GSE13294,GSM335552,single_sample_rank,xgboost,0,0.0819198563694953,0.5969234108924866,0
GEO_LOCO,GSE13294,GSM335553,single_sample_rank,xgboost,0,0.0284527223557233,0.5969234108924866,0
GEO_LOCO,GSE13294,GSM335554,single_sample_rank,xgboost,0,0.0179808195680379,0.5969234108924866,0
GEO_LOCO,GSE13294,GSM335555,single_sample_rank,xgboost,1,0.991382896900177,0.5969234108924866,1
GEO_LOCO,GSE13294,GSM335556,single_sample_rank,xgboost,0,0.128794327378273,0.5969234108924866,0
GEO_LOCO,GSE13294,GSM335557,single_sample_rank,xgboost,0,0.0335510410368442,0.5969234108924866,0
GEO_LOCO,GSE13294,GSM335558,single_sample_rank,xgboost,0,0.0049049910157918,0.5969234108924866,0
GEO_LOCO,GSE13294,GSM335559,single_sample_rank,xgboost,1,0.9615978002548218,0.5969234108924866,1
GEO_LOCO,GSE13294,GSM335560,single_sample_rank,xgboost,1,0.99884831905365,0.5969234108924866,1
GEO_LOCO,GSE13294,GSM335561,single_sample_rank,xgboost,0,0.0309385173022747,0.5969234108924866,0
GEO_LOCO,GSE13294,GSM335562,single_sample_rank,xgboost,1,0.9944320321083068,0.5969234108924866,1
GEO_LOCO,GSE13294,GSM335563,single_sample_rank,xgboost,1,0.969223141670227,0.5969234108924866,1
GEO_LOCO,GSE13294,GSM335564,single_sample_rank,xgboost,0,0.1632674783468246,0.5969234108924866,0
GEO_LOCO,GSE13294,GSM335565,single_sample_rank,xgboost,1,0.991907835006714,0.5969234108924866,1
GEO_LOCO,GSE13294,GSM335566,single_sample_rank,xgboost,1,0.9962856769561768,0.5969234108924866,1
GEO_LOCO,GSE13294,GSM335567,single_sample_rank,xgboost,0,0.0224825460463762,0.5969234108924866,0
GEO_LOCO,GSE13294,GSM335568,single_sample_rank,xgboost,0,0.0062046670354902,0.5969234108924866,0
GEO_LOCO,GSE13294,GSM335569,single_sample_rank,xgboost,0,0.0136875649914145,0.5969234108924866,0
GEO_LOCO,GSE13294,GSM335570,single_sample_rank,xgboost,0,0.8818237781524658,0.5969234108924866,1
GEO_LOCO,GSE13294,GSM335571,single_sample_rank,xgboost,0,0.1765108555555343,0.5969234108924866,0
GEO_LOCO,GSE13294,GSM335572,single_sample_rank,xgboost,0,0.0414581410586833,0.5969234108924866,0
GEO_LOCO,GSE13294,GSM335573,single_sample_rank,xgboost,1,0.0519708283245563,0.5969234108924866,0
GEO_LOCO,GSE13294,GSM335574,single_sample_rank,xgboost,1,0.994915008544922,0.5969234108924866,1
GEO_LOCO,GSE13294,GSM335575,single_sample_rank,xgboost,0,0.1459185630083084,0.5969234108924866,0
GEO_LOCO,GSE13294,GSM335576,single_sample_rank,xgboost,1,0.9971717000007628,0.5969234108924866,1
GEO_LOCO,GSE13294,GSM335577,single_sample_rank,xgboost,1,0.992701530456543,0.5969234108924866,1
GEO_LOCO,GSE13294,GSM335578,single_sample_rank,xgboost,1,0.990123689174652,0.5969234108924866,1
GEO_LOCO,GSE13294,GSM335579,single_sample_rank,xgboost,0,0.2940313220024109,0.5969234108924866,0
GEO_LOCO,GSE13294,GSM335580,single_sample_rank,xgboost,0,0.0266204178333282,0.5969234108924866,0
GEO_LOCO,GSE13294,GSM335581,single_sample_rank,xgboost,0,0.142762616276741,0.5969234108924866,0
GEO_LOCO,GSE13294,GSM335582,single_sample_rank,xgboost,0,0.0453179627656936,0.5969234108924866,0
GEO_LOCO,GSE13294,GSM335583,single_sample_rank,xgboost,0,0.0087454048916697,0.5969234108924866,0
GEO_LOCO,GSE13294,GSM335584,single_sample_rank,xgboost,0,0.3951698839664459,0.5969234108924866,0
GEO_LOCO,GSE13294,GSM335585,single_sample_rank,xgboost,1,0.9959034323692322,0.5969234108924866,1
GEO_LOCO,GSE13294,GSM335586,single_sample_rank,xgboost,0,0.0051684128120541,0.5969234108924866,0
GEO_LOCO,GSE13294,GSM335587,single_sample_rank,xgboost,0,0.0472894832491874,0.5969234108924866,0
GEO_LOCO,GSE13294,GSM335588,single_sample_rank,xgboost,0,0.0802977383136749,0.5969234108924866,0
GEO_LOCO,GSE13294,GSM335589,single_sample_rank,xgboost,0,0.0078084971755743,0.5969234108924866,0
GEO_LOCO,GSE13294,GSM335590,single_sample_rank,xgboost,0,0.1195354238152504,0.5969234108924866,0
GEO_LOCO,GSE13294,GSM335591,single_sample_rank,xgboost,0,0.0182431414723396,0.5969234108924866,0
GEO_LOCO,GSE13294,GSM335592,single_sample_rank,xgboost,0,0.0267800614237785,0.5969234108924866,0
GEO_LOCO,GSE13294,GSM335593,single_sample_rank,xgboost,0,0.0748636797070503,0.5969234108924866,0
GEO_LOCO,GSE13294,GSM335594,single_sample_rank,xgboost,0,0.006706406828016,0.5969234108924866,0
GEO_LOCO,GSE13294,GSM335595,single_sample_rank,xgboost,1,0.9818644523620604,0.5969234108924866,1
GEO_LOCO,GSE13294,GSM335596,single_sample_rank,xgboost,0,0.1493505090475082,0.5969234108924866,0
GEO_LOCO,GSE13294,GSM335597,single_sample_rank,xgboost,1,0.9921757578849792,0.5969234108924866,1
GEO_LOCO,GSE13294,GSM335598,single_sample_rank,xgboost,0,0.0125109665095806,0.5969234108924866,0
GEO_LOCO,GSE13294,GSM335599,single_sample_rank,xgboost,0,0.2967038750648498,0.5969234108924866,0
GEO_LOCO,GSE13294,GSM335600,single_sample_rank,xgboost,0,0.0142172258347272,0.5969234108924866,0
GEO_LOCO,GSE13294,GSM335601,single_sample_rank,xgboost,0,0.1098158508539199,0.5969234108924866,0
GEO_LOCO,GSE13294,GSM335602,single_sample_rank,xgboost,0,0.0070850006304681,0.5969234108924866,0
GEO_LOCO,GSE13294,GSM335603,single_sample_rank,xgboost,0,0.0043048886582255,0.5969234108924866,0
GEO_LOCO,GSE13294,GSM335604,single_sample_rank,xgboost,0,0.0065767648629844,0.5969234108924866,0
GEO_LOCO,GSE13294,GSM335605,single_sample_rank,xgboost,0,0.0249264761805534,0.5969234108924866,0
GEO_LOCO,GSE13294,GSM335606,single_sample_rank,xgboost,0,0.0063428273424506,0.5969234108924866,0
GEO_LOCO,GSE13294,GSM335607,single_sample_rank,xgboost,0,0.0514924973249435,0.5969234108924866,0
GEO_LOCO,GSE13294,GSM335608,single_sample_rank,xgboost,0,0.5149449706077576,0.5969234108924866,0
GEO_LOCO,GSE13294,GSM335609,single_sample_rank,xgboost,0,0.2973239123821258,0.5969234108924866,0
GEO_LOCO,GSE13294,GSM335610,single_sample_rank,xgboost,0,0.014610294252634,0.5969234108924866,0
GEO_LOCO,GSE13294,GSM335611,single_sample_rank,xgboost,0,0.0954979509115219,0.5969234108924866,0
GEO_LOCO,GSE13294,GSM335612,single_sample_rank,xgboost,0,0.0672143995761871,0.5969234108924866,0
GEO_LOCO,GSE13294,GSM335613,single_sample_rank,xgboost,0,0.0078825112432241,0.5969234108924866,0
GEO_LOCO,GSE13294,GSM335614,single_sample_rank,xgboost,1,0.9972304701805116,0.5969234108924866,1
GEO_LOCO,GSE13294,GSM335615,single_sample_rank,xgboost,0,0.6555424928665161,0.5969234108924866,1
GEO_LOCO,GSE13294,GSM335616,single_sample_rank,xgboost,0,0.0082726934924721,0.5969234108924866,0
GEO_LOCO,GSE13294,GSM335617,single_sample_rank,xgboost,0,0.0356084182858467,0.5969234108924866,0
GEO_LOCO,GSE13294,GSM335618,single_sample_rank,xgboost,1,0.7389152646064758,0.5969234108924866,1
GEO_LOCO,GSE13294,GSM335619,single_sample_rank,xgboost,1,0.9968423843383788,0.5969234108924866,1
GEO_LOCO,GSE13294,GSM335620,single_sample_rank,xgboost,1,0.9517129063606262,0.5969234108924866,1
GEO_LOCO,GSE13294,GSM335621,single_sample_rank,xgboost,1,0.9957322478294371,0.5969234108924866,1
GEO_LOCO,GSE13294,GSM335622,single_sample_rank,xgboost,1,0.9872704744338988,0.5969234108924866,1
GEO_LOCO,GSE13294,GSM335623,single_sample_rank,xgboost,1,0.996892273426056,0.5969234108924866,1
GEO_LOCO,GSE13294,GSM335624,single_sample_rank,xgboost,1,0.994379699230194,0.5969234108924866,1
GEO_LOCO,GSE13294,GSM335625,single_sample_rank,xgboost,1,0.9589763283729552,0.5969234108924866,1
GEO_LOCO,GSE13294,GSM335626,single_sample_rank,xgboost,1,0.9688754677772522,0.5969234108924866,1
GEO_LOCO,GSE13294,GSM335627,single_sample_rank,xgboost,1,0.9733145833015442,0.5969234108924866,1
GEO_LOCO,GSE13294,GSM335628,single_sample_rank,xgboost,1,0.9508540034294128,0.5969234108924866,1
GEO_LOCO,GSE13294,GSM335629,single_sample_rank,xgboost,1,0.9974276423454284,0.5969234108924866,1
GEO_LOCO,GSE13294,GSM335630,single_sample_rank,xgboost,1,0.9898893237113952,0.5969234108924866,1
GEO_LOCO,GSE13294,GSM335631,single_sample_rank,xgboost,1,0.0421651639044284,0.5969234108924866,0
GEO_LOCO,GSE13294,GSM335632,single_sample_rank,xgboost,1,0.9867095351219176,0.5969234108924866,1
GEO_LOCO,GSE13294,GSM335633,single_sample_rank,xgboost,1,0.9803370833396912,0.5969234108924866,1
GEO_LOCO,GSE13294,GSM335634,single_sample_rank,xgboost,1,0.9966953992843628,0.5969234108924866,1
GEO_LOCO,GSE13294,GSM335635,single_sample_rank,xgboost,1,0.9969807267189026,0.5969234108924866,1
GEO_LOCO,GSE13294,GSM335636,single_sample_rank,xgboost,1,0.008771426975727,0.5969234108924866,0
GEO_LOCO,GSE13294,GSM335637,single_sample_rank,xgboost,1,0.3636929988861084,0.5969234108924866,0
GEO_LOCO,GSE13294,GSM335638,single_sample_rank,xgboost,1,0.982748806476593,0.5969234108924866,1
GEO_LOCO,GSE13294,GSM335639,single_sample_rank,xgboost,1,0.9396719932556152,0.5969234108924866,1
GEO_LOCO,GSE13294,GSM335640,single_sample_rank,xgboost,1,0.9986491799354552,0.5969234108924866,1
GEO_LOCO,GSE13294,GSM335641,single_sample_rank,xgboost,1,0.9991759657859802,0.5969234108924866,1
GEO_LOCO,GSE13294,GSM335642,single_sample_rank,xgboost,1,0.972004771232605,0.5969234108924866,1
GEO_LOCO,GSE13294,GSM335643,single_sample_rank,xgboost,1,0.993696391582489,0.5969234108924866,1
GEO_LOCO,GSE13294,GSM335644,single_sample_rank,xgboost,1,0.9946876764297484,0.5969234108924866,1
GEO_LOCO,GSE13294,GSM335645,single_sample_rank,xgboost,1,0.9981793165206908,0.5969234108924866,1
GEO_LOCO,GSE13294,GSM335646,single_sample_rank,xgboost,1,0.9879180788993835,0.5969234108924866,1
GEO_LOCO,GSE13294,GSM335647,single_sample_rank,xgboost,1,0.90254944562912,0.5969234108924866,1
GEO_LOCO,GSE13294,GSM335648,single_sample_rank,xgboost,1,0.0506455823779106,0.5969234108924866,0
GEO_LOCO,GSE13294,GSM335649,single_sample_rank,xgboost,1,0.9765952229499816,0.5969234108924866,1
GEO_LOCO,GSE13294,GSM335650,single_sample_rank,xgboost,1,0.9984490871429444,0.5969234108924866,1
GEO_LOCO,GSE13294,GSM335651,single_sample_rank,xgboost,1,0.0157409589737653,0.5969234108924866,0
GEO_LOCO,GSE13294,GSM335652,single_sample_rank,xgboost,1,0.9990480542182922,0.5969234108924866,1
GEO_LOCO,GSE13294,GSM335653,single_sample_rank,xgboost,1,0.9962185025215148,0.5969234108924866,1
GEO_LOCO,GSE13294,GSM335654,single_sample_rank,xgboost,1,0.9798509478569032,0.5969234108924866,1
GEO_LOCO,GSE13294,GSM335655,single_sample_rank,xgboost,1,0.9965394735336304,0.5969234108924866,1
GEO_LOCO,GSE13294,GSM335656,single_sample_rank,xgboost,1,0.9933555126190186,0.5969234108924866,1
GEO_LOCO,GSE13294,GSM335657,single_sample_rank,xgboost,1,0.9982251524925232,0.5969234108924866,1
GEO_LOCO,GSE13294,GSM335658,single_sample_rank,xgboost,1,0.9977864027023317,0.5969234108924866,1
GEO_LOCO,GSE13294,GSM335659,single_sample_rank,xgboost,1,0.9903792142868042,0.5969234108924866,1
GEO_LOCO,GSE13294,GSM335660,single_sample_rank,xgboost,1,0.9771509170532228,0.5969234108924866,1
GEO_LOCO,GSE13294,GSM335661,single_sample_rank,xgboost,1,0.9607924818992616,0.5969234108924866,1
GEO_LOCO,GSE13294,GSM335662,single_sample_rank,xgboost,1,0.9877600073814392,0.5969234108924866,1
GEO_LOCO,GSE13294,GSM335663,single_sample_rank,xgboost,1,0.7431589365005493,0.5969234108924866,1
GEO_LOCO,GSE13294,GSM335664,single_sample_rank,xgboost,1,0.9696186184883118,0.5969234108924866,1
GEO_LOCO,GSE13067,GSM327282,fixed_log_expression,elastic_net,1,0.9955969452857972,0.7246192097663879,1
GEO_LOCO,GSE13067,GSM327283,fixed_log_expression,elastic_net,0,0.1340242326259613,0.7246192097663879,0
GEO_LOCO,GSE13067,GSM327284,fixed_log_expression,elastic_net,0,0.0362355075776577,0.7246192097663879,0
GEO_LOCO,GSE13067,GSM327285,fixed_log_expression,elastic_net,0,0.0382636561989784,0.7246192097663879,0
GEO_LOCO,GSE13067,GSM327286,fixed_log_expression,elastic_net,0,0.5626754760742188,0.7246192097663879,0
GEO_LOCO,GSE13067,GSM327287,fixed_log_expression,elastic_net,0,0.7480927109718323,0.7246192097663879,1
GEO_LOCO,GSE13067,GSM327288,fixed_log_expression,elastic_net,1,0.728557288646698,0.7246192097663879,1
GEO_LOCO,GSE13067,GSM327289,fixed_log_expression,elastic_net,0,0.1466444134712219,0.7246192097663879,0
GEO_LOCO,GSE13067,GSM327290,fixed_log_expression,elastic_net,0,0.0514155589044094,0.7246192097663879,0
GEO_LOCO,GSE13067,GSM327291,fixed_log_expression,elastic_net,0,0.6038683652877808,0.7246192097663879,0
GEO_LOCO,GSE13067,GSM327292,fixed_log_expression,elastic_net,0,0.5482715368270874,0.7246192097663879,0
GEO_LOCO,GSE13067,GSM327293,fixed_log_expression,elastic_net,0,0.4534107148647308,0.7246192097663879,0
GEO_LOCO,GSE13067,GSM327294,fixed_log_expression,elastic_net,0,0.2099947929382324,0.7246192097663879,0
GEO_LOCO,GSE13067,GSM327295,fixed_log_expression,elastic_net,0,0.1431500166654586,0.7246192097663879,0
GEO_LOCO,GSE13067,GSM327296,fixed_log_expression,elastic_net,0,0.324845552444458,0.7246192097663879,0
GEO_LOCO,GSE13067,GSM327297,fixed_log_expression,elastic_net,0,0.719894289970398,0.7246192097663879,0
GEO_LOCO,GSE13067,GSM327298,fixed_log_expression,elastic_net,0,0.0602406226098537,0.7246192097663879,0
GEO_LOCO,GSE13067,GSM327299,fixed_log_expression,elastic_net,0,0.1600832194089889,0.7246192097663879,0
GEO_LOCO,GSE13067,GSM327300,fixed_log_expression,elastic_net,0,0.3136146962642669,0.7246192097663879,0
GEO_LOCO,GSE13067,GSM327301,fixed_log_expression,elastic_net,0,0.3200840353965759,0.7246192097663879,0
GEO_LOCO,GSE13067,GSM327302,fixed_log_expression,elastic_net,0,0.5619980096817017,0.7246192097663879,0
GEO_LOCO,GSE13067,GSM327303,fixed_log_expression,elastic_net,0,0.180189773440361,0.7246192097663879,0
GEO_LOCO,GSE13067,GSM327304,fixed_log_expression,elastic_net,0,0.1416140645742416,0.7246192097663879,0
GEO_LOCO,GSE13067,GSM327305,fixed_log_expression,elastic_net,0,0.7876487970352173,0.7246192097663879,1
GEO_LOCO,GSE13067,GSM327306,fixed_log_expression,elastic_net,0,0.1307597905397415,0.7246192097663879,0
GEO_LOCO,GSE13067,GSM327307,fixed_log_expression,elastic_net,0,0.2138747423887252,0.7246192097663879,0
GEO_LOCO,GSE13067,GSM327308,fixed_log_expression,elastic_net,0,0.1359695792198181,0.7246192097663879,0
GEO_LOCO,GSE13067,GSM327309,fixed_log_expression,elastic_net,1,0.5736175775527954,0.7246192097663879,0
GEO_LOCO,GSE13067,GSM327310,fixed_log_expression,elastic_net,1,0.999891996383667,0.7246192097663879,1
GEO_LOCO,GSE13067,GSM327311,fixed_log_expression,elastic_net,1,0.9995388984680176,0.7246192097663879,1
GEO_LOCO,GSE13067,GSM327312,fixed_log_expression,elastic_net,0,0.1850233525037765,0.7246192097663879,0
GEO_LOCO,GSE13067,GSM327313,fixed_log_expression,elastic_net,1,0.978919506072998,0.7246192097663879,1
GEO_LOCO,GSE13067,GSM327314,fixed_log_expression,elastic_net,0,0.0473401136696338,0.7246192097663879,0
GEO_LOCO,GSE13067,GSM327315,fixed_log_expression,elastic_net,0,0.0095231914892792,0.7246192097663879,0
GEO_LOCO,GSE13067,GSM327316,fixed_log_expression,elastic_net,0,0.1076756417751312,0.7246192097663879,0
GEO_LOCO,GSE13067,GSM327317,fixed_log_expression,elastic_net,0,0.2249495983123779,0.7246192097663879,0
GEO_LOCO,GSE13067,GSM327318,fixed_log_expression,elastic_net,0,0.1353398859500885,0.7246192097663879,0
GEO_LOCO,GSE13067,GSM327319,fixed_log_expression,elastic_net,0,0.0964447706937789,0.7246192097663879,0
GEO_LOCO,GSE13067,GSM327320,fixed_log_expression,elastic_net,0,0.0013091498985886,0.7246192097663879,0
GEO_LOCO,GSE13067,GSM327321,fixed_log_expression,elastic_net,0,0.0402281731367111,0.7246192097663879,0
GEO_LOCO,GSE13067,GSM327322,fixed_log_expression,elastic_net,0,0.5048325657844543,0.7246192097663879,0
GEO_LOCO,GSE13067,GSM327323,fixed_log_expression,elastic_net,0,0.004170062020421,0.7246192097663879,0
GEO_LOCO,GSE13067,GSM327324,fixed_log_expression,elastic_net,1,0.9624074697494508,0.7246192097663879,1
GEO_LOCO,GSE13067,GSM327325,fixed_log_expression,elastic_net,1,0.9957658052444458,0.7246192097663879,1
GEO_LOCO,GSE13067,GSM327326,fixed_log_expression,elastic_net,0,0.0724874883890152,0.7246192097663879,0
GEO_LOCO,GSE13067,GSM327327,fixed_log_expression,elastic_net,0,0.6860203742980957,0.7246192097663879,0
GEO_LOCO,GSE13067,GSM327328,fixed_log_expression,elastic_net,0,0.2430854886770248,0.7246192097663879,0
GEO_LOCO,GSE13067,GSM327329,fixed_log_expression,elastic_net,0,0.3606655299663543,0.7246192097663879,0
GEO_LOCO,GSE13067,GSM327330,fixed_log_expression,elastic_net,0,0.0927202254533767,0.7246192097663879,0
GEO_LOCO,GSE13067,GSM327331,fixed_log_expression,elastic_net,1,0.5542137622833252,0.7246192097663879,0
GEO_LOCO,GSE13067,GSM327332,fixed_log_expression,elastic_net,0,0.0061142188496887,0.7246192097663879,0
GEO_LOCO,GSE13067,GSM327333,fixed_log_expression,elastic_net,0,0.0058708069846034,0.7246192097663879,0
GEO_LOCO,GSE13067,GSM327334,fixed_log_expression,elastic_net,0,0.1041668578982353,0.7246192097663879,0
GEO_LOCO,GSE13067,GSM327335,fixed_log_expression,elastic_net,0,0.0232179760932922,0.7246192097663879,0
GEO_LOCO,GSE13067,GSM327336,fixed_log_expression,elastic_net,0,0.5142647624015808,0.7246192097663879,0
GEO_LOCO,GSE13067,GSM327337,fixed_log_expression,elastic_net,0,0.0147740961983799,0.7246192097663879,0
GEO_LOCO,GSE13067,GSM327338,fixed_log_expression,elastic_net,0,0.0374033488333225,0.7246192097663879,0
GEO_LOCO,GSE13067,GSM327339,fixed_log_expression,elastic_net,0,0.9226506948471068,0.7246192097663879,1
GEO_LOCO,GSE13067,GSM327340,fixed_log_expression,elastic_net,0,0.4388507902622223,0.7246192097663879,0
GEO_LOCO,GSE13067,GSM327341,fixed_log_expression,elastic_net,0,0.1689818948507309,0.7246192097663879,0
GEO_LOCO,GSE13067,GSM327342,fixed_log_expression,elastic_net,0,0.0245747957378625,0.7246192097663879,0
GEO_LOCO,GSE13067,GSM327343,fixed_log_expression,elastic_net,0,0.762225866317749,0.7246192097663879,1
GEO_LOCO,GSE13067,GSM327344,fixed_log_expression,elastic_net,0,0.500079333782196,0.7246192097663879,0
GEO_LOCO,GSE13067,GSM327345,fixed_log_expression,elastic_net,0,0.8362834453582764,0.7246192097663879,1
GEO_LOCO,GSE13067,GSM327346,fixed_log_expression,elastic_net,0,0.918061912059784,0.7246192097663879,1
GEO_LOCO,GSE13067,GSM327347,fixed_log_expression,elastic_net,0,0.6428832411766052,0.7246192097663879,0
GEO_LOCO,GSE13067,GSM327348,fixed_log_expression,elastic_net,0,0.2293494343757629,0.7246192097663879,0
GEO_LOCO,GSE13067,GSM327349,fixed_log_expression,elastic_net,0,0.3385162651538849,0.7246192097663879,0
GEO_LOCO,GSE13067,GSM327350,fixed_log_expression,elastic_net,0,0.0915253460407257,0.7246192097663879,0
GEO_LOCO,GSE13067,GSM327351,fixed_log_expression,elastic_net,0,0.1431632786989212,0.7246192097663879,0
GEO_LOCO,GSE13067,GSM327352,fixed_log_expression,elastic_net,1,0.9991121888160706,0.7246192097663879,1
GEO_LOCO,GSE13067,GSM327353,fixed_log_expression,elastic_net,1,0.9611412286758424,0.7246192097663879,1
GEO_LOCO,GSE13067,GSM327354,fixed_log_expression,elastic_net,0,0.6907403469085693,0.7246192097663879,0
GEO_LOCO,GSE13067,GSM327355,fixed_log_expression,elastic_net,0,0.1546040028333664,0.7246192097663879,0
GEO_LOCO,GSE13067,GSM327282,fixed_log_expression,svm_rbf,1,0.9678699902782408,0.9316726000419616,1
GEO_LOCO,GSE13067,GSM327283,fixed_log_expression,svm_rbf,0,0.1178524119137298,0.9316726000419616,0
GEO_LOCO,GSE13067,GSM327284,fixed_log_expression,svm_rbf,0,0.0080815962367029,0.9316726000419616,0
GEO_LOCO,GSE13067,GSM327285,fixed_log_expression,svm_rbf,0,0.0040557962204642,0.9316726000419616,0
GEO_LOCO,GSE13067,GSM327286,fixed_log_expression,svm_rbf,0,0.3228926241551257,0.9316726000419616,0
GEO_LOCO,GSE13067,GSM327287,fixed_log_expression,svm_rbf,0,0.5271664517487334,0.9316726000419616,0
GEO_LOCO,GSE13067,GSM327288,fixed_log_expression,svm_rbf,1,0.89360668640583,0.9316726000419616,0
GEO_LOCO,GSE13067,GSM327289,fixed_log_expression,svm_rbf,0,0.0668287651303655,0.9316726000419616,0
GEO_LOCO,GSE13067,GSM327290,fixed_log_expression,svm_rbf,0,0.0172526566935931,0.9316726000419616,0
GEO_LOCO,GSE13067,GSM327291,fixed_log_expression,svm_rbf,0,0.3892003625231793,0.9316726000419616,0
GEO_LOCO,GSE13067,GSM327292,fixed_log_expression,svm_rbf,0,0.166513965098122,0.9316726000419616,0
GEO_LOCO,GSE13067,GSM327293,fixed_log_expression,svm_rbf,0,0.1039323684800527,0.9316726000419616,0
GEO_LOCO,GSE13067,GSM327294,fixed_log_expression,svm_rbf,0,0.1178198621236533,0.9316726000419616,0
GEO_LOCO,GSE13067,GSM327295,fixed_log_expression,svm_rbf,0,0.0399649468523349,0.9316726000419616,0
GEO_LOCO,GSE13067,GSM327296,fixed_log_expression,svm_rbf,0,0.1199038406176919,0.9316726000419616,0
GEO_LOCO,GSE13067,GSM327297,fixed_log_expression,svm_rbf,0,0.2409323527872348,0.9316726000419616,0
GEO_LOCO,GSE13067,GSM327298,fixed_log_expression,svm_rbf,0,0.0557398846473282,0.9316726000419616,0
GEO_LOCO,GSE13067,GSM327299,fixed_log_expression,svm_rbf,0,0.1104379564318522,0.9316726000419616,0
GEO_LOCO,GSE13067,GSM327300,fixed_log_expression,svm_rbf,0,0.0842884807558963,0.9316726000419616,0
GEO_LOCO,GSE13067,GSM327301,fixed_log_expression,svm_rbf,0,0.0821932520205859,0.9316726000419616,0
GEO_LOCO,GSE13067,GSM327302,fixed_log_expression,svm_rbf,0,0.6045531668699099,0.9316726000419616,0
GEO_LOCO,GSE13067,GSM327303,fixed_log_expression,svm_rbf,0,0.1507464789416322,0.9316726000419616,0
GEO_LOCO,GSE13067,GSM327304,fixed_log_expression,svm_rbf,0,0.0479892823762913,0.9316726000419616,0
GEO_LOCO,GSE13067,GSM327305,fixed_log_expression,svm_rbf,0,0.3787600636033552,0.9316726000419616,0
GEO_LOCO,GSE13067,GSM327306,fixed_log_expression,svm_rbf,0,0.0545584251973845,0.9316726000419616,0
GEO_LOCO,GSE13067,GSM327307,fixed_log_expression,svm_rbf,0,0.0538330285415417,0.9316726000419616,0
GEO_LOCO,GSE13067,GSM327308,fixed_log_expression,svm_rbf,0,0.0169711502864957,0.9316726000419616,0
GEO_LOCO,GSE13067,GSM327309,fixed_log_expression,svm_rbf,1,0.7045116246715377,0.9316726000419616,0
GEO_LOCO,GSE13067,GSM327310,fixed_log_expression,svm_rbf,1,0.9999994688529767,0.9316726000419616,1
GEO_LOCO,GSE13067,GSM327311,fixed_log_expression,svm_rbf,1,0.9999977851738476,0.9316726000419616,1
GEO_LOCO,GSE13067,GSM327312,fixed_log_expression,svm_rbf,0,0.0657882717939829,0.9316726000419616,0
GEO_LOCO,GSE13067,GSM327313,fixed_log_expression,svm_rbf,1,0.9719471599754318,0.9316726000419616,1
GEO_LOCO,GSE13067,GSM327314,fixed_log_expression,svm_rbf,0,0.032580498998692,0.9316726000419616,0
GEO_LOCO,GSE13067,GSM327315,fixed_log_expression,svm_rbf,0,0.0044789102347426,0.9316726000419616,0
GEO_LOCO,GSE13067,GSM327316,fixed_log_expression,svm_rbf,0,0.0259943893515481,0.9316726000419616,0
GEO_LOCO,GSE13067,GSM327317,fixed_log_expression,svm_rbf,0,0.1129633545907457,0.9316726000419616,0
GEO_LOCO,GSE13067,GSM327318,fixed_log_expression,svm_rbf,0,0.0303703746910841,0.9316726000419616,0
GEO_LOCO,GSE13067,GSM327319,fixed_log_expression,svm_rbf,0,0.0263517921664275,0.9316726000419616,0
GEO_LOCO,GSE13067,GSM327320,fixed_log_expression,svm_rbf,0,0.0009311770600372,0.9316726000419616,0
GEO_LOCO,GSE13067,GSM327321,fixed_log_expression,svm_rbf,0,0.0079618346488013,0.9316726000419616,0
GEO_LOCO,GSE13067,GSM327322,fixed_log_expression,svm_rbf,0,0.2709523649159613,0.9316726000419616,0
GEO_LOCO,GSE13067,GSM327323,fixed_log_expression,svm_rbf,0,0.0014075848892688,0.9316726000419616,0
GEO_LOCO,GSE13067,GSM327324,fixed_log_expression,svm_rbf,1,0.8697615710279505,0.9316726000419616,0
GEO_LOCO,GSE13067,GSM327325,fixed_log_expression,svm_rbf,1,0.9973865900193916,0.9316726000419616,1
GEO_LOCO,GSE13067,GSM327326,fixed_log_expression,svm_rbf,0,0.0196278973682589,0.9316726000419616,0
GEO_LOCO,GSE13067,GSM327327,fixed_log_expression,svm_rbf,0,0.4804009592585789,0.9316726000419616,0
GEO_LOCO,GSE13067,GSM327328,fixed_log_expression,svm_rbf,0,0.1400301296055159,0.9316726000419616,0
GEO_LOCO,GSE13067,GSM327329,fixed_log_expression,svm_rbf,0,0.2630044567117672,0.9316726000419616,0
GEO_LOCO,GSE13067,GSM327330,fixed_log_expression,svm_rbf,0,0.0363519746703605,0.9316726000419616,0
GEO_LOCO,GSE13067,GSM327331,fixed_log_expression,svm_rbf,1,0.5540215333001604,0.9316726000419616,0
GEO_LOCO,GSE13067,GSM327332,fixed_log_expression,svm_rbf,0,0.0094608049673376,0.9316726000419616,0
GEO_LOCO,GSE13067,GSM327333,fixed_log_expression,svm_rbf,0,0.0165810559291795,0.9316726000419616,0
GEO_LOCO,GSE13067,GSM327334,fixed_log_expression,svm_rbf,0,0.0331551139102657,0.9316726000419616,0
GEO_LOCO,GSE13067,GSM327335,fixed_log_expression,svm_rbf,0,0.0068273382421495,0.9316726000419616,0
GEO_LOCO,GSE13067,GSM327336,fixed_log_expression,svm_rbf,0,0.0903327307083592,0.9316726000419616,0
GEO_LOCO,GSE13067,GSM327337,fixed_log_expression,svm_rbf,0,0.0233579183290533,0.9316726000419616,0
GEO_LOCO,GSE13067,GSM327338,fixed_log_expression,svm_rbf,0,0.0180763486307653,0.9316726000419616,0
GEO_LOCO,GSE13067,GSM327339,fixed_log_expression,svm_rbf,0,0.9604638980907032,0.9316726000419616,1
GEO_LOCO,GSE13067,GSM327340,fixed_log_expression,svm_rbf,0,0.1082443520868293,0.9316726000419616,0
GEO_LOCO,GSE13067,GSM327341,fixed_log_expression,svm_rbf,0,0.0359269863619654,0.9316726000419616,0
GEO_LOCO,GSE13067,GSM327342,fixed_log_expression,svm_rbf,0,0.0393536765306592,0.9316726000419616,0
GEO_LOCO,GSE13067,GSM327343,fixed_log_expression,svm_rbf,0,0.5467758945547737,0.9316726000419616,0
GEO_LOCO,GSE13067,GSM327344,fixed_log_expression,svm_rbf,0,0.1916451879917986,0.9316726000419616,0
GEO_LOCO,GSE13067,GSM327345,fixed_log_expression,svm_rbf,0,0.8967196461401394,0.9316726000419616,0
GEO_LOCO,GSE13067,GSM327346,fixed_log_expression,svm_rbf,0,0.8139394819632156,0.9316726000419616,0
GEO_LOCO,GSE13067,GSM327347,fixed_log_expression,svm_rbf,0,0.5539251614403223,0.9316726000419616,0
GEO_LOCO,GSE13067,GSM327348,fixed_log_expression,svm_rbf,0,0.1028872811097023,0.9316726000419616,0
GEO_LOCO,GSE13067,GSM327349,fixed_log_expression,svm_rbf,0,0.1980842858015015,0.9316726000419616,0
GEO_LOCO,GSE13067,GSM327350,fixed_log_expression,svm_rbf,0,0.0396642379049005,0.9316726000419616,0
GEO_LOCO,GSE13067,GSM327351,fixed_log_expression,svm_rbf,0,0.2604034940319711,0.9316726000419616,0
GEO_LOCO,GSE13067,GSM327352,fixed_log_expression,svm_rbf,1,0.9999982215016762,0.9316726000419616,1
GEO_LOCO,GSE13067,GSM327353,fixed_log_expression,svm_rbf,1,0.954426380354132,0.9316726000419616,1
GEO_LOCO,GSE13067,GSM327354,fixed_log_expression,svm_rbf,0,0.238383510407826,0.9316726000419616,0
GEO_LOCO,GSE13067,GSM327355,fixed_log_expression,svm_rbf,0,0.0319009015137151,0.9316726000419616,0
GEO_LOCO,GSE13067,GSM327282,fixed_log_expression,xgboost,1,0.7135637402534485,0.8953706622123718,0
GEO_LOCO,GSE13067,GSM327283,fixed_log_expression,xgboost,0,0.0663390457630157,0.8953706622123718,0
GEO_LOCO,GSE13067,GSM327284,fixed_log_expression,xgboost,0,0.0572301894426345,0.8953706622123718,0
GEO_LOCO,GSE13067,GSM327285,fixed_log_expression,xgboost,0,0.025732509791851,0.8953706622123718,0
GEO_LOCO,GSE13067,GSM327286,fixed_log_expression,xgboost,0,0.2950275838375091,0.8953706622123718,0
GEO_LOCO,GSE13067,GSM327287,fixed_log_expression,xgboost,0,0.1021173596382141,0.8953706622123718,0
GEO_LOCO,GSE13067,GSM327288,fixed_log_expression,xgboost,1,0.8832280039787292,0.8953706622123718,0
GEO_LOCO,GSE13067,GSM327289,fixed_log_expression,xgboost,0,0.3469489514827728,0.8953706622123718,0
GEO_LOCO,GSE13067,GSM327290,fixed_log_expression,xgboost,0,0.0277649965137243,0.8953706622123718,0
GEO_LOCO,GSE13067,GSM327291,fixed_log_expression,xgboost,0,0.6946613192558289,0.8953706622123718,0
GEO_LOCO,GSE13067,GSM327292,fixed_log_expression,xgboost,0,0.0764326229691505,0.8953706622123718,0
GEO_LOCO,GSE13067,GSM327293,fixed_log_expression,xgboost,0,0.3032176196575165,0.8953706622123718,0
GEO_LOCO,GSE13067,GSM327294,fixed_log_expression,xgboost,0,0.055802933871746,0.8953706622123718,0
GEO_LOCO,GSE13067,GSM327295,fixed_log_expression,xgboost,0,0.0515660569071769,0.8953706622123718,0
GEO_LOCO,GSE13067,GSM327296,fixed_log_expression,xgboost,0,0.148378238081932,0.8953706622123718,0
GEO_LOCO,GSE13067,GSM327297,fixed_log_expression,xgboost,0,0.5179436802864075,0.8953706622123718,0
GEO_LOCO,GSE13067,GSM327298,fixed_log_expression,xgboost,0,0.1772399991750717,0.8953706622123718,0
GEO_LOCO,GSE13067,GSM327299,fixed_log_expression,xgboost,0,0.0751452147960662,0.8953706622123718,0
GEO_LOCO,GSE13067,GSM327300,fixed_log_expression,xgboost,0,0.1421800106763839,0.8953706622123718,0
GEO_LOCO,GSE13067,GSM327301,fixed_log_expression,xgboost,0,0.0845023766160011,0.8953706622123718,0
GEO_LOCO,GSE13067,GSM327302,fixed_log_expression,xgboost,0,0.9236546158790588,0.8953706622123718,1
GEO_LOCO,GSE13067,GSM327303,fixed_log_expression,xgboost,0,0.0788559764623642,0.8953706622123718,0
GEO_LOCO,GSE13067,GSM327304,fixed_log_expression,xgboost,0,0.1459138393402099,0.8953706622123718,0
GEO_LOCO,GSE13067,GSM327305,fixed_log_expression,xgboost,0,0.150936871767044,0.8953706622123718,0
GEO_LOCO,GSE13067,GSM327306,fixed_log_expression,xgboost,0,0.042895957827568,0.8953706622123718,0
GEO_LOCO,GSE13067,GSM327307,fixed_log_expression,xgboost,0,0.2187843769788742,0.8953706622123718,0
GEO_LOCO,GSE13067,GSM327308,fixed_log_expression,xgboost,0,0.0815530344843864,0.8953706622123718,0
GEO_LOCO,GSE13067,GSM327309,fixed_log_expression,xgboost,1,0.789854884147644,0.8953706622123718,0
GEO_LOCO,GSE13067,GSM327310,fixed_log_expression,xgboost,1,0.986977517604828,0.8953706622123718,1
GEO_LOCO,GSE13067,GSM327311,fixed_log_expression,xgboost,1,0.9739806652069092,0.8953706622123718,1
GEO_LOCO,GSE13067,GSM327312,fixed_log_expression,xgboost,0,0.0280567221343517,0.8953706622123718,0
GEO_LOCO,GSE13067,GSM327313,fixed_log_expression,xgboost,1,0.963818609714508,0.8953706622123718,1
GEO_LOCO,GSE13067,GSM327314,fixed_log_expression,xgboost,0,0.0597195252776145,0.8953706622123718,0
GEO_LOCO,GSE13067,GSM327315,fixed_log_expression,xgboost,0,0.0880164057016372,0.8953706622123718,0
GEO_LOCO,GSE13067,GSM327316,fixed_log_expression,xgboost,0,0.0750260651111602,0.8953706622123718,0
GEO_LOCO,GSE13067,GSM327317,fixed_log_expression,xgboost,0,0.0354918837547302,0.8953706622123718,0
GEO_LOCO,GSE13067,GSM327318,fixed_log_expression,xgboost,0,0.0527036748826503,0.8953706622123718,0
GEO_LOCO,GSE13067,GSM327319,fixed_log_expression,xgboost,0,0.0503418259322643,0.8953706622123718,0
GEO_LOCO,GSE13067,GSM327320,fixed_log_expression,xgboost,0,0.0119728036224842,0.8953706622123718,0
GEO_LOCO,GSE13067,GSM327321,fixed_log_expression,xgboost,0,0.0207886472344398,0.8953706622123718,0
GEO_LOCO,GSE13067,GSM327322,fixed_log_expression,xgboost,0,0.3807716369628906,0.8953706622123718,0
GEO_LOCO,GSE13067,GSM327323,fixed_log_expression,xgboost,0,0.0117210801690816,0.8953706622123718,0
GEO_LOCO,GSE13067,GSM327324,fixed_log_expression,xgboost,1,0.9297780394554138,0.8953706622123718,1
GEO_LOCO,GSE13067,GSM327325,fixed_log_expression,xgboost,1,0.9840154647827148,0.8953706622123718,1
GEO_LOCO,GSE13067,GSM327326,fixed_log_expression,xgboost,0,0.033808447420597,0.8953706622123718,0
GEO_LOCO,GSE13067,GSM327327,fixed_log_expression,xgboost,0,0.3957116305828094,0.8953706622123718,0
GEO_LOCO,GSE13067,GSM327328,fixed_log_expression,xgboost,0,0.1361774653196334,0.8953706622123718,0
GEO_LOCO,GSE13067,GSM327329,fixed_log_expression,xgboost,0,0.2692193984985351,0.8953706622123718,0
GEO_LOCO,GSE13067,GSM327330,fixed_log_expression,xgboost,0,0.0564791560173034,0.8953706622123718,0
GEO_LOCO,GSE13067,GSM327331,fixed_log_expression,xgboost,1,0.7541303634643555,0.8953706622123718,0
GEO_LOCO,GSE13067,GSM327332,fixed_log_expression,xgboost,0,0.024841895326972,0.8953706622123718,0
GEO_LOCO,GSE13067,GSM327333,fixed_log_expression,xgboost,0,0.3845198452472687,0.8953706622123718,0
GEO_LOCO,GSE13067,GSM327334,fixed_log_expression,xgboost,0,0.1779152005910873,0.8953706622123718,0
GEO_LOCO,GSE13067,GSM327335,fixed_log_expression,xgboost,0,0.0315663926303386,0.8953706622123718,0
GEO_LOCO,GSE13067,GSM327336,fixed_log_expression,xgboost,0,0.0794881284236908,0.8953706622123718,0
GEO_LOCO,GSE13067,GSM327337,fixed_log_expression,xgboost,0,0.0219375435262918,0.8953706622123718,0
GEO_LOCO,GSE13067,GSM327338,fixed_log_expression,xgboost,0,0.0505700148642063,0.8953706622123718,0
GEO_LOCO,GSE13067,GSM327339,fixed_log_expression,xgboost,0,0.8309257626533508,0.8953706622123718,0
GEO_LOCO,GSE13067,GSM327340,fixed_log_expression,xgboost,0,0.1390403062105178,0.8953706622123718,0
GEO_LOCO,GSE13067,GSM327341,fixed_log_expression,xgboost,0,0.0177344642579555,0.8953706622123718,0
GEO_LOCO,GSE13067,GSM327342,fixed_log_expression,xgboost,0,0.0639120489358902,0.8953706622123718,0
GEO_LOCO,GSE13067,GSM327343,fixed_log_expression,xgboost,0,0.6409129500389099,0.8953706622123718,0
GEO_LOCO,GSE13067,GSM327344,fixed_log_expression,xgboost,0,0.0270281862467527,0.8953706622123718,0
GEO_LOCO,GSE13067,GSM327345,fixed_log_expression,xgboost,0,0.8746790885925293,0.8953706622123718,0
GEO_LOCO,GSE13067,GSM327346,fixed_log_expression,xgboost,0,0.562638521194458,0.8953706622123718,0
GEO_LOCO,GSE13067,GSM327347,fixed_log_expression,xgboost,0,0.1240438446402549,0.8953706622123718,0
GEO_LOCO,GSE13067,GSM327348,fixed_log_expression,xgboost,0,0.1335430592298507,0.8953706622123718,0
GEO_LOCO,GSE13067,GSM327349,fixed_log_expression,xgboost,0,0.0512038245797157,0.8953706622123718,0
GEO_LOCO,GSE13067,GSM327350,fixed_log_expression,xgboost,0,0.0372614450752735,0.8953706622123718,0
GEO_LOCO,GSE13067,GSM327351,fixed_log_expression,xgboost,0,0.6946039795875549,0.8953706622123718,0
GEO_LOCO,GSE13067,GSM327352,fixed_log_expression,xgboost,1,0.989286482334137,0.8953706622123718,1
GEO_LOCO,GSE13067,GSM327353,fixed_log_expression,xgboost,1,0.9620783925056458,0.8953706622123718,1
GEO_LOCO,GSE13067,GSM327354,fixed_log_expression,xgboost,0,0.2002168297767639,0.8953706622123718,0
GEO_LOCO,GSE13067,GSM327355,fixed_log_expression,xgboost,0,0.1117793098092079,0.8953706622123718,0
GEO_LOCO,GSE13067,GSM327282,target_cohort_adaptive_zscore,elastic_net,1,1.0,0.6299481391906738,1
GEO_LOCO,GSE13067,GSM327283,target_cohort_adaptive_zscore,elastic_net,0,0.0001148365336121,0.6299481391906738,0
GEO_LOCO,GSE13067,GSM327284,target_cohort_adaptive_zscore,elastic_net,0,0.0016557405469939,0.6299481391906738,0
GEO_LOCO,GSE13067,GSM327285,target_cohort_adaptive_zscore,elastic_net,0,1.291397256864002e-05,0.6299481391906738,0
GEO_LOCO,GSE13067,GSM327286,target_cohort_adaptive_zscore,elastic_net,0,0.0009136364678852,0.6299481391906738,0
GEO_LOCO,GSE13067,GSM327287,target_cohort_adaptive_zscore,elastic_net,0,0.0386992283165454,0.6299481391906738,0
GEO_LOCO,GSE13067,GSM327288,target_cohort_adaptive_zscore,elastic_net,1,0.9997537732124328,0.6299481391906738,1
GEO_LOCO,GSE13067,GSM327289,target_cohort_adaptive_zscore,elastic_net,0,0.558964729309082,0.6299481391906738,0
GEO_LOCO,GSE13067,GSM327290,target_cohort_adaptive_zscore,elastic_net,0,0.0759562999010086,0.6299481391906738,0
GEO_LOCO,GSE13067,GSM327291,target_cohort_adaptive_zscore,elastic_net,0,0.002180152805522,0.6299481391906738,0
GEO_LOCO,GSE13067,GSM327292,target_cohort_adaptive_zscore,elastic_net,0,0.0001064909884007,0.6299481391906738,0
GEO_LOCO,GSE13067,GSM327293,target_cohort_adaptive_zscore,elastic_net,0,0.7901737689971924,0.6299481391906738,1
GEO_LOCO,GSE13067,GSM327294,target_cohort_adaptive_zscore,elastic_net,0,0.0013340101577341,0.6299481391906738,0
GEO_LOCO,GSE13067,GSM327295,target_cohort_adaptive_zscore,elastic_net,0,0.0091715678572654,0.6299481391906738,0
GEO_LOCO,GSE13067,GSM327296,target_cohort_adaptive_zscore,elastic_net,0,0.3161549568176269,0.6299481391906738,0
GEO_LOCO,GSE13067,GSM327297,target_cohort_adaptive_zscore,elastic_net,0,0.0292281880974769,0.6299481391906738,0
GEO_LOCO,GSE13067,GSM327298,target_cohort_adaptive_zscore,elastic_net,0,0.0357566587626934,0.6299481391906738,0
GEO_LOCO,GSE13067,GSM327299,target_cohort_adaptive_zscore,elastic_net,0,0.007182388100773,0.6299481391906738,0
GEO_LOCO,GSE13067,GSM327300,target_cohort_adaptive_zscore,elastic_net,0,0.9627376794815063,0.6299481391906738,1
GEO_LOCO,GSE13067,GSM327301,target_cohort_adaptive_zscore,elastic_net,0,0.1530545502901077,0.6299481391906738,0
GEO_LOCO,GSE13067,GSM327302,target_cohort_adaptive_zscore,elastic_net,0,0.9990658164024352,0.6299481391906738,1
GEO_LOCO,GSE13067,GSM327303,target_cohort_adaptive_zscore,elastic_net,0,0.9148731231689452,0.6299481391906738,1
GEO_LOCO,GSE13067,GSM327304,target_cohort_adaptive_zscore,elastic_net,0,0.0004202695854473,0.6299481391906738,0
GEO_LOCO,GSE13067,GSM327305,target_cohort_adaptive_zscore,elastic_net,0,0.0030810767784714,0.6299481391906738,0
GEO_LOCO,GSE13067,GSM327306,target_cohort_adaptive_zscore,elastic_net,0,0.1067240014672279,0.6299481391906738,0
GEO_LOCO,GSE13067,GSM327307,target_cohort_adaptive_zscore,elastic_net,0,0.1733073443174362,0.6299481391906738,0
GEO_LOCO,GSE13067,GSM327308,target_cohort_adaptive_zscore,elastic_net,0,0.0075413319282233,0.6299481391906738,0
GEO_LOCO,GSE13067,GSM327309,target_cohort_adaptive_zscore,elastic_net,1,0.9960440397262572,0.6299481391906738,1
GEO_LOCO,GSE13067,GSM327310,target_cohort_adaptive_zscore,elastic_net,1,0.9999998807907104,0.6299481391906738,1
GEO_LOCO,GSE13067,GSM327311,target_cohort_adaptive_zscore,elastic_net,1,1.0,0.6299481391906738,1
GEO_LOCO,GSE13067,GSM327312,target_cohort_adaptive_zscore,elastic_net,0,2.5434730559936725e-05,0.6299481391906738,0
GEO_LOCO,GSE13067,GSM327313,target_cohort_adaptive_zscore,elastic_net,1,0.9999896287918092,0.6299481391906738,1
GEO_LOCO,GSE13067,GSM327314,target_cohort_adaptive_zscore,elastic_net,0,0.0004946586559526,0.6299481391906738,0
GEO_LOCO,GSE13067,GSM327315,target_cohort_adaptive_zscore,elastic_net,0,0.136544793844223,0.6299481391906738,0
GEO_LOCO,GSE13067,GSM327316,target_cohort_adaptive_zscore,elastic_net,0,0.1209209039807319,0.6299481391906738,0
GEO_LOCO,GSE13067,GSM327317,target_cohort_adaptive_zscore,elastic_net,0,0.0067435135133564,0.6299481391906738,0
GEO_LOCO,GSE13067,GSM327318,target_cohort_adaptive_zscore,elastic_net,0,0.1407726407051086,0.6299481391906738,0
GEO_LOCO,GSE13067,GSM327319,target_cohort_adaptive_zscore,elastic_net,0,0.8106225728988647,0.6299481391906738,1
GEO_LOCO,GSE13067,GSM327320,target_cohort_adaptive_zscore,elastic_net,0,2.694932163649355e-06,0.6299481391906738,0
GEO_LOCO,GSE13067,GSM327321,target_cohort_adaptive_zscore,elastic_net,0,1.8886528778239157e-05,0.6299481391906738,0
GEO_LOCO,GSE13067,GSM327322,target_cohort_adaptive_zscore,elastic_net,0,0.8684718608856201,0.6299481391906738,1
GEO_LOCO,GSE13067,GSM327323,target_cohort_adaptive_zscore,elastic_net,0,0.0164941847324371,0.6299481391906738,0
GEO_LOCO,GSE13067,GSM327324,target_cohort_adaptive_zscore,elastic_net,1,0.9999984502792358,0.6299481391906738,1
GEO_LOCO,GSE13067,GSM327325,target_cohort_adaptive_zscore,elastic_net,1,0.9999936819076538,0.6299481391906738,1
GEO_LOCO,GSE13067,GSM327326,target_cohort_adaptive_zscore,elastic_net,0,0.0132612520828843,0.6299481391906738,0
GEO_LOCO,GSE13067,GSM327327,target_cohort_adaptive_zscore,elastic_net,0,0.1323884576559066,0.6299481391906738,0
GEO_LOCO,GSE13067,GSM327328,target_cohort_adaptive_zscore,elastic_net,0,0.006544248200953,0.6299481391906738,0
GEO_LOCO,GSE13067,GSM327329,target_cohort_adaptive_zscore,elastic_net,0,0.0002390154695603,0.6299481391906738,0
GEO_LOCO,GSE13067,GSM327330,target_cohort_adaptive_zscore,elastic_net,0,0.001420167624019,0.6299481391906738,0
GEO_LOCO,GSE13067,GSM327331,target_cohort_adaptive_zscore,elastic_net,1,0.981323540210724,0.6299481391906738,1
GEO_LOCO,GSE13067,GSM327332,target_cohort_adaptive_zscore,elastic_net,0,0.0013680298579856,0.6299481391906738,0
GEO_LOCO,GSE13067,GSM327333,target_cohort_adaptive_zscore,elastic_net,0,0.0731288716197013,0.6299481391906738,0
GEO_LOCO,GSE13067,GSM327334,target_cohort_adaptive_zscore,elastic_net,0,0.0997263565659523,0.6299481391906738,0
GEO_LOCO,GSE13067,GSM327335,target_cohort_adaptive_zscore,elastic_net,0,0.0008781381766311,0.6299481391906738,0
GEO_LOCO,GSE13067,GSM327336,target_cohort_adaptive_zscore,elastic_net,0,0.0426434315741062,0.6299481391906738,0
GEO_LOCO,GSE13067,GSM327337,target_cohort_adaptive_zscore,elastic_net,0,0.0355711169540882,0.6299481391906738,0
GEO_LOCO,GSE13067,GSM327338,target_cohort_adaptive_zscore,elastic_net,0,0.0002388295833952,0.6299481391906738,0
GEO_LOCO,GSE13067,GSM327339,target_cohort_adaptive_zscore,elastic_net,0,0.0057699331082403,0.6299481391906738,0
GEO_LOCO,GSE13067,GSM327340,target_cohort_adaptive_zscore,elastic_net,0,0.0828974097967147,0.6299481391906738,0
GEO_LOCO,GSE13067,GSM327341,target_cohort_adaptive_zscore,elastic_net,0,8.932416584173097e-09,0.6299481391906738,0
GEO_LOCO,GSE13067,GSM327342,target_cohort_adaptive_zscore,elastic_net,0,0.0012713730102404,0.6299481391906738,0
GEO_LOCO,GSE13067,GSM327343,target_cohort_adaptive_zscore,elastic_net,0,0.2096286714076995,0.6299481391906738,0
GEO_LOCO,GSE13067,GSM327344,target_cohort_adaptive_zscore,elastic_net,0,0.0048990994691848,0.6299481391906738,0
GEO_LOCO,GSE13067,GSM327345,target_cohort_adaptive_zscore,elastic_net,0,0.9818419218063354,0.6299481391906738,1
GEO_LOCO,GSE13067,GSM327346,target_cohort_adaptive_zscore,elastic_net,0,0.0006093218107707,0.6299481391906738,0
GEO_LOCO,GSE13067,GSM327347,target_cohort_adaptive_zscore,elastic_net,0,0.1570137292146682,0.6299481391906738,0
GEO_LOCO,GSE13067,GSM327348,target_cohort_adaptive_zscore,elastic_net,0,0.0012560136383399,0.6299481391906738,0
GEO_LOCO,GSE13067,GSM327349,target_cohort_adaptive_zscore,elastic_net,0,0.0011679127346724,0.6299481391906738,0
GEO_LOCO,GSE13067,GSM327350,target_cohort_adaptive_zscore,elastic_net,0,0.782274603843689,0.6299481391906738,1
GEO_LOCO,GSE13067,GSM327351,target_cohort_adaptive_zscore,elastic_net,0,8.291452832054347e-05,0.6299481391906738,0
GEO_LOCO,GSE13067,GSM327352,target_cohort_adaptive_zscore,elastic_net,1,0.9999998807907104,0.6299481391906738,1
GEO_LOCO,GSE13067,GSM327353,target_cohort_adaptive_zscore,elastic_net,1,0.9999988079071044,0.6299481391906738,1
GEO_LOCO,GSE13067,GSM327354,target_cohort_adaptive_zscore,elastic_net,0,3.778969585255254e-06,0.6299481391906738,0
GEO_LOCO,GSE13067,GSM327355,target_cohort_adaptive_zscore,elastic_net,0,3.578006726456806e-05,0.6299481391906738,0
GEO_LOCO,GSE13067,GSM327282,target_cohort_adaptive_zscore,svm_rbf,1,0.9625675205120334,0.1685015984160994,1
GEO_LOCO,GSE13067,GSM327283,target_cohort_adaptive_zscore,svm_rbf,0,0.0058715257948412,0.1685015984160994,0
GEO_LOCO,GSE13067,GSM327284,target_cohort_adaptive_zscore,svm_rbf,0,0.059785708344517,0.1685015984160994,0
GEO_LOCO,GSE13067,GSM327285,target_cohort_adaptive_zscore,svm_rbf,0,0.0445216902953655,0.1685015984160994,0
GEO_LOCO,GSE13067,GSM327286,target_cohort_adaptive_zscore,svm_rbf,0,0.0245402941701313,0.1685015984160994,0
GEO_LOCO,GSE13067,GSM327287,target_cohort_adaptive_zscore,svm_rbf,0,0.085125212093379,0.1685015984160994,0
GEO_LOCO,GSE13067,GSM327288,target_cohort_adaptive_zscore,svm_rbf,1,0.9999955773305012,0.1685015984160994,1
GEO_LOCO,GSE13067,GSM327289,target_cohort_adaptive_zscore,svm_rbf,0,0.0404821520221887,0.1685015984160994,0
GEO_LOCO,GSE13067,GSM327290,target_cohort_adaptive_zscore,svm_rbf,0,0.0384786830133214,0.1685015984160994,0
GEO_LOCO,GSE13067,GSM327291,target_cohort_adaptive_zscore,svm_rbf,0,0.0140782596126434,0.1685015984160994,0
GEO_LOCO,GSE13067,GSM327292,target_cohort_adaptive_zscore,svm_rbf,0,0.0068023058314458,0.1685015984160994,0
GEO_LOCO,GSE13067,GSM327293,target_cohort_adaptive_zscore,svm_rbf,0,0.2513538029454882,0.1685015984160994,1
GEO_LOCO,GSE13067,GSM327294,target_cohort_adaptive_zscore,svm_rbf,0,0.0348726986221172,0.1685015984160994,0
GEO_LOCO,GSE13067,GSM327295,target_cohort_adaptive_zscore,svm_rbf,0,0.0623385991851972,0.1685015984160994,0
GEO_LOCO,GSE13067,GSM327296,target_cohort_adaptive_zscore,svm_rbf,0,0.5998994202014628,0.1685015984160994,1
GEO_LOCO,GSE13067,GSM327297,target_cohort_adaptive_zscore,svm_rbf,0,0.0197724533076242,0.1685015984160994,0
GEO_LOCO,GSE13067,GSM327298,target_cohort_adaptive_zscore,svm_rbf,0,0.1974833497350975,0.1685015984160994,1
GEO_LOCO,GSE13067,GSM327299,target_cohort_adaptive_zscore,svm_rbf,0,0.0587466707712524,0.1685015984160994,0
GEO_LOCO,GSE13067,GSM327300,target_cohort_adaptive_zscore,svm_rbf,0,0.8338229224030986,0.1685015984160994,1
GEO_LOCO,GSE13067,GSM327301,target_cohort_adaptive_zscore,svm_rbf,0,0.0096019735648991,0.1685015984160994,0
GEO_LOCO,GSE13067,GSM327302,target_cohort_adaptive_zscore,svm_rbf,0,0.191782229389115,0.1685015984160994,1
GEO_LOCO,GSE13067,GSM327303,target_cohort_adaptive_zscore,svm_rbf,0,0.0455865298235185,0.1685015984160994,0
GEO_LOCO,GSE13067,GSM327304,target_cohort_adaptive_zscore,svm_rbf,0,0.0131216520703466,0.1685015984160994,0
GEO_LOCO,GSE13067,GSM327305,target_cohort_adaptive_zscore,svm_rbf,0,0.0269978069037211,0.1685015984160994,0
GEO_LOCO,GSE13067,GSM327306,target_cohort_adaptive_zscore,svm_rbf,0,0.0099198162353733,0.1685015984160994,0
GEO_LOCO,GSE13067,GSM327307,target_cohort_adaptive_zscore,svm_rbf,0,0.0454151402376232,0.1685015984160994,0
GEO_LOCO,GSE13067,GSM327308,target_cohort_adaptive_zscore,svm_rbf,0,0.0082203054699717,0.1685015984160994,0
GEO_LOCO,GSE13067,GSM327309,target_cohort_adaptive_zscore,svm_rbf,1,0.9958959450414492,0.1685015984160994,1
GEO_LOCO,GSE13067,GSM327310,target_cohort_adaptive_zscore,svm_rbf,1,0.9749125004328972,0.1685015984160994,1
GEO_LOCO,GSE13067,GSM327311,target_cohort_adaptive_zscore,svm_rbf,1,0.4249151592325053,0.1685015984160994,1
GEO_LOCO,GSE13067,GSM327312,target_cohort_adaptive_zscore,svm_rbf,0,0.0031335484022192,0.1685015984160994,0
GEO_LOCO,GSE13067,GSM327313,target_cohort_adaptive_zscore,svm_rbf,1,0.9999985843953042,0.1685015984160994,1
GEO_LOCO,GSE13067,GSM327314,target_cohort_adaptive_zscore,svm_rbf,0,0.020220125041223,0.1685015984160994,0
GEO_LOCO,GSE13067,GSM327315,target_cohort_adaptive_zscore,svm_rbf,0,0.0161069386946262,0.1685015984160994,0
GEO_LOCO,GSE13067,GSM327316,target_cohort_adaptive_zscore,svm_rbf,0,0.0435676700522069,0.1685015984160994,0
GEO_LOCO,GSE13067,GSM327317,target_cohort_adaptive_zscore,svm_rbf,0,0.0086017967362566,0.1685015984160994,0
GEO_LOCO,GSE13067,GSM327318,target_cohort_adaptive_zscore,svm_rbf,0,0.0083240427035028,0.1685015984160994,0
GEO_LOCO,GSE13067,GSM327319,target_cohort_adaptive_zscore,svm_rbf,0,0.0718524107384333,0.1685015984160994,0
GEO_LOCO,GSE13067,GSM327320,target_cohort_adaptive_zscore,svm_rbf,0,0.0070994743538705,0.1685015984160994,0
GEO_LOCO,GSE13067,GSM327321,target_cohort_adaptive_zscore,svm_rbf,0,0.0080550572918345,0.1685015984160994,0
GEO_LOCO,GSE13067,GSM327322,target_cohort_adaptive_zscore,svm_rbf,0,0.1601368601394735,0.1685015984160994,0
GEO_LOCO,GSE13067,GSM327323,target_cohort_adaptive_zscore,svm_rbf,0,0.0579999054364824,0.1685015984160994,0
GEO_LOCO,GSE13067,GSM327324,target_cohort_adaptive_zscore,svm_rbf,1,0.7739825112869702,0.1685015984160994,1
GEO_LOCO,GSE13067,GSM327325,target_cohort_adaptive_zscore,svm_rbf,1,0.9457283899997172,0.1685015984160994,1
GEO_LOCO,GSE13067,GSM327326,target_cohort_adaptive_zscore,svm_rbf,0,0.00838031507355,0.1685015984160994,0
GEO_LOCO,GSE13067,GSM327327,target_cohort_adaptive_zscore,svm_rbf,0,0.4312344197313247,0.1685015984160994,1
GEO_LOCO,GSE13067,GSM327328,target_cohort_adaptive_zscore,svm_rbf,0,0.0296119169203503,0.1685015984160994,0
GEO_LOCO,GSE13067,GSM327329,target_cohort_adaptive_zscore,svm_rbf,0,0.0266172992356043,0.1685015984160994,0
GEO_LOCO,GSE13067,GSM327330,target_cohort_adaptive_zscore,svm_rbf,0,0.0213338731779457,0.1685015984160994,0
GEO_LOCO,GSE13067,GSM327331,target_cohort_adaptive_zscore,svm_rbf,1,0.9970512445938142,0.1685015984160994,1
GEO_LOCO,GSE13067,GSM327332,target_cohort_adaptive_zscore,svm_rbf,0,0.011179378026567,0.1685015984160994,0
GEO_LOCO,GSE13067,GSM327333,target_cohort_adaptive_zscore,svm_rbf,0,0.1681195000827827,0.1685015984160994,0
GEO_LOCO,GSE13067,GSM327334,target_cohort_adaptive_zscore,svm_rbf,0,0.0734418161383499,0.1685015984160994,0
GEO_LOCO,GSE13067,GSM327335,target_cohort_adaptive_zscore,svm_rbf,0,0.0149681235656852,0.1685015984160994,0
GEO_LOCO,GSE13067,GSM327336,target_cohort_adaptive_zscore,svm_rbf,0,0.015499181975915,0.1685015984160994,0
GEO_LOCO,GSE13067,GSM327337,target_cohort_adaptive_zscore,svm_rbf,0,0.0144328794588748,0.1685015984160994,0
GEO_LOCO,GSE13067,GSM327338,target_cohort_adaptive_zscore,svm_rbf,0,0.0162788334551144,0.1685015984160994,0
GEO_LOCO,GSE13067,GSM327339,target_cohort_adaptive_zscore,svm_rbf,0,0.2099944428999658,0.1685015984160994,1
GEO_LOCO,GSE13067,GSM327340,target_cohort_adaptive_zscore,svm_rbf,0,0.039089808030031,0.1685015984160994,0
GEO_LOCO,GSE13067,GSM327341,target_cohort_adaptive_zscore,svm_rbf,0,0.0129446699688958,0.1685015984160994,0
GEO_LOCO,GSE13067,GSM327342,target_cohort_adaptive_zscore,svm_rbf,0,0.0161046782451376,0.1685015984160994,0
GEO_LOCO,GSE13067,GSM327343,target_cohort_adaptive_zscore,svm_rbf,0,0.1738587247712286,0.1685015984160994,1
GEO_LOCO,GSE13067,GSM327344,target_cohort_adaptive_zscore,svm_rbf,0,0.041978250021207,0.1685015984160994,0
GEO_LOCO,GSE13067,GSM327345,target_cohort_adaptive_zscore,svm_rbf,0,0.7478276478248868,0.1685015984160994,1
GEO_LOCO,GSE13067,GSM327346,target_cohort_adaptive_zscore,svm_rbf,0,0.0927624306320211,0.1685015984160994,0
GEO_LOCO,GSE13067,GSM327347,target_cohort_adaptive_zscore,svm_rbf,0,0.0513051241413231,0.1685015984160994,0
GEO_LOCO,GSE13067,GSM327348,target_cohort_adaptive_zscore,svm_rbf,0,0.0273137941497067,0.1685015984160994,0
GEO_LOCO,GSE13067,GSM327349,target_cohort_adaptive_zscore,svm_rbf,0,0.0159932269786458,0.1685015984160994,0
GEO_LOCO,GSE13067,GSM327350,target_cohort_adaptive_zscore,svm_rbf,0,0.0466408932147351,0.1685015984160994,0
GEO_LOCO,GSE13067,GSM327351,target_cohort_adaptive_zscore,svm_rbf,0,0.1428567514087184,0.1685015984160994,0
GEO_LOCO,GSE13067,GSM327352,target_cohort_adaptive_zscore,svm_rbf,1,0.850078187020841,0.1685015984160994,1
GEO_LOCO,GSE13067,GSM327353,target_cohort_adaptive_zscore,svm_rbf,1,0.9556468445458544,0.1685015984160994,1
GEO_LOCO,GSE13067,GSM327354,target_cohort_adaptive_zscore,svm_rbf,0,0.0184173559123891,0.1685015984160994,0
GEO_LOCO,GSE13067,GSM327355,target_cohort_adaptive_zscore,svm_rbf,0,0.063109493910525,0.1685015984160994,0
GEO_LOCO,GSE13067,GSM327282,target_cohort_adaptive_zscore,xgboost,1,0.9988296627998352,0.5609442591667175,1
GEO_LOCO,GSE13067,GSM327283,target_cohort_adaptive_zscore,xgboost,0,0.0149553939700126,0.5609442591667175,0
GEO_LOCO,GSE13067,GSM327284,target_cohort_adaptive_zscore,xgboost,0,0.057504367083311,0.5609442591667175,0
GEO_LOCO,GSE13067,GSM327285,target_cohort_adaptive_zscore,xgboost,0,0.0292221549898386,0.5609442591667175,0
GEO_LOCO,GSE13067,GSM327286,target_cohort_adaptive_zscore,xgboost,0,0.1557199358940124,0.5609442591667175,0
GEO_LOCO,GSE13067,GSM327287,target_cohort_adaptive_zscore,xgboost,0,0.2207634896039962,0.5609442591667175,0
GEO_LOCO,GSE13067,GSM327288,target_cohort_adaptive_zscore,xgboost,1,0.998590052127838,0.5609442591667175,1
GEO_LOCO,GSE13067,GSM327289,target_cohort_adaptive_zscore,xgboost,0,0.1298699676990509,0.5609442591667175,0
GEO_LOCO,GSE13067,GSM327290,target_cohort_adaptive_zscore,xgboost,0,0.0250933691859245,0.5609442591667175,0
GEO_LOCO,GSE13067,GSM327291,target_cohort_adaptive_zscore,xgboost,0,0.0679132789373397,0.5609442591667175,0
GEO_LOCO,GSE13067,GSM327292,target_cohort_adaptive_zscore,xgboost,0,0.0160482078790664,0.5609442591667175,0
GEO_LOCO,GSE13067,GSM327293,target_cohort_adaptive_zscore,xgboost,0,0.489838182926178,0.5609442591667175,0
GEO_LOCO,GSE13067,GSM327294,target_cohort_adaptive_zscore,xgboost,0,0.0273846164345741,0.5609442591667175,0
GEO_LOCO,GSE13067,GSM327295,target_cohort_adaptive_zscore,xgboost,0,0.1570149362087249,0.5609442591667175,0
GEO_LOCO,GSE13067,GSM327296,target_cohort_adaptive_zscore,xgboost,0,0.6172356605529785,0.5609442591667175,1
GEO_LOCO,GSE13067,GSM327297,target_cohort_adaptive_zscore,xgboost,0,0.1385982185602188,0.5609442591667175,0
GEO_LOCO,GSE13067,GSM327298,target_cohort_adaptive_zscore,xgboost,0,0.0909429043531417,0.5609442591667175,0
GEO_LOCO,GSE13067,GSM327299,target_cohort_adaptive_zscore,xgboost,0,0.0285994671285152,0.5609442591667175,0
GEO_LOCO,GSE13067,GSM327300,target_cohort_adaptive_zscore,xgboost,0,0.9229077100753784,0.5609442591667175,1
GEO_LOCO,GSE13067,GSM327301,target_cohort_adaptive_zscore,xgboost,0,0.0229659937322139,0.5609442591667175,0
GEO_LOCO,GSE13067,GSM327302,target_cohort_adaptive_zscore,xgboost,0,0.0859611630439758,0.5609442591667175,0
GEO_LOCO,GSE13067,GSM327303,target_cohort_adaptive_zscore,xgboost,0,0.0725696012377739,0.5609442591667175,0
GEO_LOCO,GSE13067,GSM327304,target_cohort_adaptive_zscore,xgboost,0,0.0995576232671737,0.5609442591667175,0
GEO_LOCO,GSE13067,GSM327305,target_cohort_adaptive_zscore,xgboost,0,0.0750988498330116,0.5609442591667175,0
GEO_LOCO,GSE13067,GSM327306,target_cohort_adaptive_zscore,xgboost,0,0.031512938439846,0.5609442591667175,0
GEO_LOCO,GSE13067,GSM327307,target_cohort_adaptive_zscore,xgboost,0,0.1322932094335556,0.5609442591667175,0
GEO_LOCO,GSE13067,GSM327308,target_cohort_adaptive_zscore,xgboost,0,0.0034094639122486,0.5609442591667175,0
GEO_LOCO,GSE13067,GSM327309,target_cohort_adaptive_zscore,xgboost,1,0.987570345401764,0.5609442591667175,1
GEO_LOCO,GSE13067,GSM327310,target_cohort_adaptive_zscore,xgboost,1,0.9975274205207824,0.5609442591667175,1
GEO_LOCO,GSE13067,GSM327311,target_cohort_adaptive_zscore,xgboost,1,0.997056484222412,0.5609442591667175,1
GEO_LOCO,GSE13067,GSM327312,target_cohort_adaptive_zscore,xgboost,0,0.0173858199268579,0.5609442591667175,0
GEO_LOCO,GSE13067,GSM327313,target_cohort_adaptive_zscore,xgboost,1,0.995650827884674,0.5609442591667175,1
GEO_LOCO,GSE13067,GSM327314,target_cohort_adaptive_zscore,xgboost,0,0.0512586086988449,0.5609442591667175,0
GEO_LOCO,GSE13067,GSM327315,target_cohort_adaptive_zscore,xgboost,0,0.0295934341847896,0.5609442591667175,0
GEO_LOCO,GSE13067,GSM327316,target_cohort_adaptive_zscore,xgboost,0,0.2631831169128418,0.5609442591667175,0
GEO_LOCO,GSE13067,GSM327317,target_cohort_adaptive_zscore,xgboost,0,0.0086148837581276,0.5609442591667175,0
GEO_LOCO,GSE13067,GSM327318,target_cohort_adaptive_zscore,xgboost,0,0.0660681650042533,0.5609442591667175,0
GEO_LOCO,GSE13067,GSM327319,target_cohort_adaptive_zscore,xgboost,0,0.0358869060873985,0.5609442591667175,0
GEO_LOCO,GSE13067,GSM327320,target_cohort_adaptive_zscore,xgboost,0,0.0015866666799411,0.5609442591667175,0
GEO_LOCO,GSE13067,GSM327321,target_cohort_adaptive_zscore,xgboost,0,0.0127427829429507,0.5609442591667175,0
GEO_LOCO,GSE13067,GSM327322,target_cohort_adaptive_zscore,xgboost,0,0.4484449326992035,0.5609442591667175,0
GEO_LOCO,GSE13067,GSM327323,target_cohort_adaptive_zscore,xgboost,0,0.0073828557506203,0.5609442591667175,0
GEO_LOCO,GSE13067,GSM327324,target_cohort_adaptive_zscore,xgboost,1,0.9972002506256104,0.5609442591667175,1
GEO_LOCO,GSE13067,GSM327325,target_cohort_adaptive_zscore,xgboost,1,0.9940075874328612,0.5609442591667175,1
GEO_LOCO,GSE13067,GSM327326,target_cohort_adaptive_zscore,xgboost,0,0.0502811260521411,0.5609442591667175,0
GEO_LOCO,GSE13067,GSM327327,target_cohort_adaptive_zscore,xgboost,0,0.1400544494390487,0.5609442591667175,0
GEO_LOCO,GSE13067,GSM327328,target_cohort_adaptive_zscore,xgboost,0,0.0251795426011085,0.5609442591667175,0
GEO_LOCO,GSE13067,GSM327329,target_cohort_adaptive_zscore,xgboost,0,0.0888763964176178,0.5609442591667175,0
GEO_LOCO,GSE13067,GSM327330,target_cohort_adaptive_zscore,xgboost,0,0.0242495685815811,0.5609442591667175,0
GEO_LOCO,GSE13067,GSM327331,target_cohort_adaptive_zscore,xgboost,1,0.9917650818824768,0.5609442591667175,1
GEO_LOCO,GSE13067,GSM327332,target_cohort_adaptive_zscore,xgboost,0,0.0187685210257768,0.5609442591667175,0
GEO_LOCO,GSE13067,GSM327333,target_cohort_adaptive_zscore,xgboost,0,0.1160385683178901,0.5609442591667175,0
GEO_LOCO,GSE13067,GSM327334,target_cohort_adaptive_zscore,xgboost,0,0.1840811073780059,0.5609442591667175,0
GEO_LOCO,GSE13067,GSM327335,target_cohort_adaptive_zscore,xgboost,0,0.0475114583969116,0.5609442591667175,0
GEO_LOCO,GSE13067,GSM327336,target_cohort_adaptive_zscore,xgboost,0,0.3366855978965759,0.5609442591667175,0
GEO_LOCO,GSE13067,GSM327337,target_cohort_adaptive_zscore,xgboost,0,0.0978963002562522,0.5609442591667175,0
GEO_LOCO,GSE13067,GSM327338,target_cohort_adaptive_zscore,xgboost,0,0.0140315704047679,0.5609442591667175,0
GEO_LOCO,GSE13067,GSM327339,target_cohort_adaptive_zscore,xgboost,0,0.1569649130105972,0.5609442591667175,0
GEO_LOCO,GSE13067,GSM327340,target_cohort_adaptive_zscore,xgboost,0,0.037917997688055,0.5609442591667175,0
GEO_LOCO,GSE13067,GSM327341,target_cohort_adaptive_zscore,xgboost,0,0.0025309547781944,0.5609442591667175,0
GEO_LOCO,GSE13067,GSM327342,target_cohort_adaptive_zscore,xgboost,0,0.0087453927844762,0.5609442591667175,0
GEO_LOCO,GSE13067,GSM327343,target_cohort_adaptive_zscore,xgboost,0,0.1220159456133842,0.5609442591667175,0
GEO_LOCO,GSE13067,GSM327344,target_cohort_adaptive_zscore,xgboost,0,0.0284624118357896,0.5609442591667175,0
GEO_LOCO,GSE13067,GSM327345,target_cohort_adaptive_zscore,xgboost,0,0.7163312435150146,0.5609442591667175,1
GEO_LOCO,GSE13067,GSM327346,target_cohort_adaptive_zscore,xgboost,0,0.3298203349113464,0.5609442591667175,0
GEO_LOCO,GSE13067,GSM327347,target_cohort_adaptive_zscore,xgboost,0,0.0805412530899047,0.5609442591667175,0
GEO_LOCO,GSE13067,GSM327348,target_cohort_adaptive_zscore,xgboost,0,0.2716704905033111,0.5609442591667175,0
GEO_LOCO,GSE13067,GSM327349,target_cohort_adaptive_zscore,xgboost,0,0.0054080439731478,0.5609442591667175,0
GEO_LOCO,GSE13067,GSM327350,target_cohort_adaptive_zscore,xgboost,0,0.1824301481246948,0.5609442591667175,0
GEO_LOCO,GSE13067,GSM327351,target_cohort_adaptive_zscore,xgboost,0,0.0366467498242855,0.5609442591667175,0
GEO_LOCO,GSE13067,GSM327352,target_cohort_adaptive_zscore,xgboost,1,0.9980300068855286,0.5609442591667175,1
GEO_LOCO,GSE13067,GSM327353,target_cohort_adaptive_zscore,xgboost,1,0.9925994873046876,0.5609442591667175,1
GEO_LOCO,GSE13067,GSM327354,target_cohort_adaptive_zscore,xgboost,0,0.0342139415442943,0.5609442591667175,0
GEO_LOCO,GSE13067,GSM327355,target_cohort_adaptive_zscore,xgboost,0,0.0236444026231765,0.5609442591667175,0
GEO_LOCO,GSE13067,GSM327282,single_sample_rank,elastic_net,1,0.9999996423721312,0.972101867198944,1
GEO_LOCO,GSE13067,GSM327283,single_sample_rank,elastic_net,0,0.0004608077288139,0.972101867198944,0
GEO_LOCO,GSE13067,GSM327284,single_sample_rank,elastic_net,0,6.467976618296234e-06,0.972101867198944,0
GEO_LOCO,GSE13067,GSM327285,single_sample_rank,elastic_net,0,9.321604011347516e-05,0.972101867198944,0
GEO_LOCO,GSE13067,GSM327286,single_sample_rank,elastic_net,0,0.0056408382952213,0.972101867198944,0
GEO_LOCO,GSE13067,GSM327287,single_sample_rank,elastic_net,0,0.0165523160248994,0.972101867198944,0
GEO_LOCO,GSE13067,GSM327288,single_sample_rank,elastic_net,1,0.9984980821609496,0.972101867198944,1
GEO_LOCO,GSE13067,GSM327289,single_sample_rank,elastic_net,0,0.1818813383579254,0.972101867198944,0
GEO_LOCO,GSE13067,GSM327290,single_sample_rank,elastic_net,0,0.0215970482677221,0.972101867198944,0
GEO_LOCO,GSE13067,GSM327291,single_sample_rank,elastic_net,0,0.0003757067315746,0.972101867198944,0
GEO_LOCO,GSE13067,GSM327292,single_sample_rank,elastic_net,0,0.0083323344588279,0.972101867198944,0
GEO_LOCO,GSE13067,GSM327293,single_sample_rank,elastic_net,0,0.0554999746382236,0.972101867198944,0
GEO_LOCO,GSE13067,GSM327294,single_sample_rank,elastic_net,0,0.0003185873501934,0.972101867198944,0
GEO_LOCO,GSE13067,GSM327295,single_sample_rank,elastic_net,0,0.0004842705384362,0.972101867198944,0
GEO_LOCO,GSE13067,GSM327296,single_sample_rank,elastic_net,0,0.3111428916454315,0.972101867198944,0
GEO_LOCO,GSE13067,GSM327297,single_sample_rank,elastic_net,0,0.0010164019186049,0.972101867198944,0
GEO_LOCO,GSE13067,GSM327298,single_sample_rank,elastic_net,0,0.0095362178981304,0.972101867198944,0
GEO_LOCO,GSE13067,GSM327299,single_sample_rank,elastic_net,0,0.010472054593265,0.972101867198944,0
GEO_LOCO,GSE13067,GSM327300,single_sample_rank,elastic_net,0,0.9206324815750122,0.972101867198944,0
GEO_LOCO,GSE13067,GSM327301,single_sample_rank,elastic_net,0,0.1259779632091522,0.972101867198944,0
GEO_LOCO,GSE13067,GSM327302,single_sample_rank,elastic_net,0,0.763650119304657,0.972101867198944,0
GEO_LOCO,GSE13067,GSM327303,single_sample_rank,elastic_net,0,0.0119760753586888,0.972101867198944,0
GEO_LOCO,GSE13067,GSM327304,single_sample_rank,elastic_net,0,0.0019324669847264,0.972101867198944,0
GEO_LOCO,GSE13067,GSM327305,single_sample_rank,elastic_net,0,0.1807397454977035,0.972101867198944,0
GEO_LOCO,GSE13067,GSM327306,single_sample_rank,elastic_net,0,0.0120561989024281,0.972101867198944,0
GEO_LOCO,GSE13067,GSM327307,single_sample_rank,elastic_net,0,0.2259235978126526,0.972101867198944,0
GEO_LOCO,GSE13067,GSM327308,single_sample_rank,elastic_net,0,0.0438818037509918,0.972101867198944,0
GEO_LOCO,GSE13067,GSM327309,single_sample_rank,elastic_net,1,0.6031520366668701,0.972101867198944,0
GEO_LOCO,GSE13067,GSM327310,single_sample_rank,elastic_net,1,1.0,0.972101867198944,1
GEO_LOCO,GSE13067,GSM327311,single_sample_rank,elastic_net,1,0.9999998807907104,0.972101867198944,1
GEO_LOCO,GSE13067,GSM327312,single_sample_rank,elastic_net,0,0.0022858157753944,0.972101867198944,0
GEO_LOCO,GSE13067,GSM327313,single_sample_rank,elastic_net,1,0.9999401569366456,0.972101867198944,1
GEO_LOCO,GSE13067,GSM327314,single_sample_rank,elastic_net,0,0.0027330687735229,0.972101867198944,0
GEO_LOCO,GSE13067,GSM327315,single_sample_rank,elastic_net,0,0.0327109657227993,0.972101867198944,0
GEO_LOCO,GSE13067,GSM327316,single_sample_rank,elastic_net,0,0.0057244142517447,0.972101867198944,0
GEO_LOCO,GSE13067,GSM327317,single_sample_rank,elastic_net,0,0.0069905691780149,0.972101867198944,0
GEO_LOCO,GSE13067,GSM327318,single_sample_rank,elastic_net,0,0.0039806496351957,0.972101867198944,0
GEO_LOCO,GSE13067,GSM327319,single_sample_rank,elastic_net,0,0.0140764191746711,0.972101867198944,0
GEO_LOCO,GSE13067,GSM327320,single_sample_rank,elastic_net,0,1.296619188906334e-06,0.972101867198944,0
GEO_LOCO,GSE13067,GSM327321,single_sample_rank,elastic_net,0,0.0006168478284962,0.972101867198944,0
GEO_LOCO,GSE13067,GSM327322,single_sample_rank,elastic_net,0,0.8367363810539246,0.972101867198944,0
GEO_LOCO,GSE13067,GSM327323,single_sample_rank,elastic_net,0,0.0003162728389725,0.972101867198944,0
GEO_LOCO,GSE13067,GSM327324,single_sample_rank,elastic_net,1,0.9998273253440856,0.972101867198944,1
GEO_LOCO,GSE13067,GSM327325,single_sample_rank,elastic_net,1,0.9999639987945556,0.972101867198944,1
GEO_LOCO,GSE13067,GSM327326,single_sample_rank,elastic_net,0,0.0154611943289637,0.972101867198944,0
GEO_LOCO,GSE13067,GSM327327,single_sample_rank,elastic_net,0,0.0009424080490134,0.972101867198944,0
GEO_LOCO,GSE13067,GSM327328,single_sample_rank,elastic_net,0,0.0103326821699738,0.972101867198944,0
GEO_LOCO,GSE13067,GSM327329,single_sample_rank,elastic_net,0,0.002594634424895,0.972101867198944,0
GEO_LOCO,GSE13067,GSM327330,single_sample_rank,elastic_net,0,0.0021377129014581,0.972101867198944,0
GEO_LOCO,GSE13067,GSM327331,single_sample_rank,elastic_net,1,0.8490005135536194,0.972101867198944,0
GEO_LOCO,GSE13067,GSM327332,single_sample_rank,elastic_net,0,0.0004777288704644,0.972101867198944,0
GEO_LOCO,GSE13067,GSM327333,single_sample_rank,elastic_net,0,0.0102929435670375,0.972101867198944,0
GEO_LOCO,GSE13067,GSM327334,single_sample_rank,elastic_net,0,0.7180356383323669,0.972101867198944,0
GEO_LOCO,GSE13067,GSM327335,single_sample_rank,elastic_net,0,0.0058970670215785,0.972101867198944,0
GEO_LOCO,GSE13067,GSM327336,single_sample_rank,elastic_net,0,0.0032424633391201,0.972101867198944,0
GEO_LOCO,GSE13067,GSM327337,single_sample_rank,elastic_net,0,0.004940781276673,0.972101867198944,0
GEO_LOCO,GSE13067,GSM327338,single_sample_rank,elastic_net,0,0.0026575424708426,0.972101867198944,0
GEO_LOCO,GSE13067,GSM327339,single_sample_rank,elastic_net,0,0.0012814928777515,0.972101867198944,0
GEO_LOCO,GSE13067,GSM327340,single_sample_rank,elastic_net,0,0.0823708027601242,0.972101867198944,0
GEO_LOCO,GSE13067,GSM327341,single_sample_rank,elastic_net,0,1.19076812552521e-05,0.972101867198944,0
GEO_LOCO,GSE13067,GSM327342,single_sample_rank,elastic_net,0,0.1641382426023483,0.972101867198944,0
GEO_LOCO,GSE13067,GSM327343,single_sample_rank,elastic_net,0,0.0044305752962827,0.972101867198944,0
GEO_LOCO,GSE13067,GSM327344,single_sample_rank,elastic_net,0,0.004978441633284,0.972101867198944,0
GEO_LOCO,GSE13067,GSM327345,single_sample_rank,elastic_net,0,0.9880587458610536,0.972101867198944,1
GEO_LOCO,GSE13067,GSM327346,single_sample_rank,elastic_net,0,0.0104311034083366,0.972101867198944,0
GEO_LOCO,GSE13067,GSM327347,single_sample_rank,elastic_net,0,0.0210885573178529,0.972101867198944,0
GEO_LOCO,GSE13067,GSM327348,single_sample_rank,elastic_net,0,0.0365993902087211,0.972101867198944,0
GEO_LOCO,GSE13067,GSM327349,single_sample_rank,elastic_net,0,4.464576340978965e-05,0.972101867198944,0
GEO_LOCO,GSE13067,GSM327350,single_sample_rank,elastic_net,0,0.2633887827396393,0.972101867198944,0
GEO_LOCO,GSE13067,GSM327351,single_sample_rank,elastic_net,0,0.0033161242026835,0.972101867198944,0
GEO_LOCO,GSE13067,GSM327352,single_sample_rank,elastic_net,1,0.9999986886978148,0.972101867198944,1
GEO_LOCO,GSE13067,GSM327353,single_sample_rank,elastic_net,1,0.9999927282333374,0.972101867198944,1
GEO_LOCO,GSE13067,GSM327354,single_sample_rank,elastic_net,0,2.6142031856579703e-05,0.972101867198944,0
GEO_LOCO,GSE13067,GSM327355,single_sample_rank,elastic_net,0,0.0007173615740612,0.972101867198944,0
GEO_LOCO,GSE13067,GSM327282,single_sample_rank,svm_rbf,1,0.9999976761540958,0.3826280111536063,1
GEO_LOCO,GSE13067,GSM327283,single_sample_rank,svm_rbf,0,0.0045932512412386,0.3826280111536063,0
GEO_LOCO,GSE13067,GSM327284,single_sample_rank,svm_rbf,0,0.0019465959176986,0.3826280111536063,0
GEO_LOCO,GSE13067,GSM327285,single_sample_rank,svm_rbf,0,0.0086902388239639,0.3826280111536063,0
GEO_LOCO,GSE13067,GSM327286,single_sample_rank,svm_rbf,0,0.0099031012028387,0.3826280111536063,0
GEO_LOCO,GSE13067,GSM327287,single_sample_rank,svm_rbf,0,0.0617987483567897,0.3826280111536063,0
GEO_LOCO,GSE13067,GSM327288,single_sample_rank,svm_rbf,1,0.980419362824701,0.3826280111536063,1
GEO_LOCO,GSE13067,GSM327289,single_sample_rank,svm_rbf,0,0.1050499840299263,0.3826280111536063,0
GEO_LOCO,GSE13067,GSM327290,single_sample_rank,svm_rbf,0,0.0516507963023023,0.3826280111536063,0
GEO_LOCO,GSE13067,GSM327291,single_sample_rank,svm_rbf,0,0.0063813311792218,0.3826280111536063,0
GEO_LOCO,GSE13067,GSM327292,single_sample_rank,svm_rbf,0,0.0209255899957287,0.3826280111536063,0
GEO_LOCO,GSE13067,GSM327293,single_sample_rank,svm_rbf,0,0.1020363275767916,0.3826280111536063,0
GEO_LOCO,GSE13067,GSM327294,single_sample_rank,svm_rbf,0,0.005385956902958,0.3826280111536063,0
GEO_LOCO,GSE13067,GSM327295,single_sample_rank,svm_rbf,0,0.0113138082003607,0.3826280111536063,0
GEO_LOCO,GSE13067,GSM327296,single_sample_rank,svm_rbf,0,0.2646959388890326,0.3826280111536063,0
GEO_LOCO,GSE13067,GSM327297,single_sample_rank,svm_rbf,0,0.0096389984834205,0.3826280111536063,0
GEO_LOCO,GSE13067,GSM327298,single_sample_rank,svm_rbf,0,0.0400371802342438,0.3826280111536063,0
GEO_LOCO,GSE13067,GSM327299,single_sample_rank,svm_rbf,0,0.0221253127526897,0.3826280111536063,0
GEO_LOCO,GSE13067,GSM327300,single_sample_rank,svm_rbf,0,0.7222729480309352,0.3826280111536063,1
GEO_LOCO,GSE13067,GSM327301,single_sample_rank,svm_rbf,0,0.0665038597741226,0.3826280111536063,0
GEO_LOCO,GSE13067,GSM327302,single_sample_rank,svm_rbf,0,0.2563865706120257,0.3826280111536063,0
GEO_LOCO,GSE13067,GSM327303,single_sample_rank,svm_rbf,0,0.0602020329805934,0.3826280111536063,0
GEO_LOCO,GSE13067,GSM327304,single_sample_rank,svm_rbf,0,0.0105740338420804,0.3826280111536063,0
GEO_LOCO,GSE13067,GSM327305,single_sample_rank,svm_rbf,0,0.0576711582103925,0.3826280111536063,0
GEO_LOCO,GSE13067,GSM327306,single_sample_rank,svm_rbf,0,0.0694954087559996,0.3826280111536063,0
GEO_LOCO,GSE13067,GSM327307,single_sample_rank,svm_rbf,0,0.0740889019725179,0.3826280111536063,0
GEO_LOCO,GSE13067,GSM327308,single_sample_rank,svm_rbf,0,0.0717481124517316,0.3826280111536063,0
GEO_LOCO,GSE13067,GSM327309,single_sample_rank,svm_rbf,1,0.7489325725902745,0.3826280111536063,1
GEO_LOCO,GSE13067,GSM327310,single_sample_rank,svm_rbf,1,0.9999999126675954,0.3826280111536063,1
GEO_LOCO,GSE13067,GSM327311,single_sample_rank,svm_rbf,1,0.9999994981335908,0.3826280111536063,1
GEO_LOCO,GSE13067,GSM327312,single_sample_rank,svm_rbf,0,0.0170885060812837,0.3826280111536063,0
GEO_LOCO,GSE13067,GSM327313,single_sample_rank,svm_rbf,1,0.9974593380943608,0.3826280111536063,1
GEO_LOCO,GSE13067,GSM327314,single_sample_rank,svm_rbf,0,0.0236186149538601,0.3826280111536063,0
GEO_LOCO,GSE13067,GSM327315,single_sample_rank,svm_rbf,0,0.0664134474923672,0.3826280111536063,0
GEO_LOCO,GSE13067,GSM327316,single_sample_rank,svm_rbf,0,0.0149554084578238,0.3826280111536063,0
GEO_LOCO,GSE13067,GSM327317,single_sample_rank,svm_rbf,0,0.0263992647240471,0.3826280111536063,0
GEO_LOCO,GSE13067,GSM327318,single_sample_rank,svm_rbf,0,0.0330550428035987,0.3826280111536063,0
GEO_LOCO,GSE13067,GSM327319,single_sample_rank,svm_rbf,0,0.0502065364771508,0.3826280111536063,0
GEO_LOCO,GSE13067,GSM327320,single_sample_rank,svm_rbf,0,0.0004716920287169,0.3826280111536063,0
GEO_LOCO,GSE13067,GSM327321,single_sample_rank,svm_rbf,0,0.0062886135752211,0.3826280111536063,0
GEO_LOCO,GSE13067,GSM327322,single_sample_rank,svm_rbf,0,0.3530924996582206,0.3826280111536063,0
GEO_LOCO,GSE13067,GSM327323,single_sample_rank,svm_rbf,0,0.0141315920760158,0.3826280111536063,0
GEO_LOCO,GSE13067,GSM327324,single_sample_rank,svm_rbf,1,0.9788402281109876,0.3826280111536063,1
GEO_LOCO,GSE13067,GSM327325,single_sample_rank,svm_rbf,1,0.9969793500966864,0.3826280111536063,1
GEO_LOCO,GSE13067,GSM327326,single_sample_rank,svm_rbf,0,0.0243785858172566,0.3826280111536063,0
GEO_LOCO,GSE13067,GSM327327,single_sample_rank,svm_rbf,0,0.0387874793469562,0.3826280111536063,0
GEO_LOCO,GSE13067,GSM327328,single_sample_rank,svm_rbf,0,0.0471046272171166,0.3826280111536063,0
GEO_LOCO,GSE13067,GSM327329,single_sample_rank,svm_rbf,0,0.0216830125391455,0.3826280111536063,0
GEO_LOCO,GSE13067,GSM327330,single_sample_rank,svm_rbf,0,0.0256434467186417,0.3826280111536063,0
GEO_LOCO,GSE13067,GSM327331,single_sample_rank,svm_rbf,1,0.8633706817889826,0.3826280111536063,1
GEO_LOCO,GSE13067,GSM327332,single_sample_rank,svm_rbf,0,0.0156712617837048,0.3826280111536063,0
GEO_LOCO,GSE13067,GSM327333,single_sample_rank,svm_rbf,0,0.0978222017820448,0.3826280111536063,0
GEO_LOCO,GSE13067,GSM327334,single_sample_rank,svm_rbf,0,0.239852882146149,0.3826280111536063,0
GEO_LOCO,GSE13067,GSM327335,single_sample_rank,svm_rbf,0,0.0173623971175311,0.3826280111536063,0
GEO_LOCO,GSE13067,GSM327336,single_sample_rank,svm_rbf,0,0.0203709015814429,0.3826280111536063,0
GEO_LOCO,GSE13067,GSM327337,single_sample_rank,svm_rbf,0,0.0165164376476196,0.3826280111536063,0
GEO_LOCO,GSE13067,GSM327338,single_sample_rank,svm_rbf,0,0.0121604419258046,0.3826280111536063,0
GEO_LOCO,GSE13067,GSM327339,single_sample_rank,svm_rbf,0,0.0886094863524759,0.3826280111536063,0
GEO_LOCO,GSE13067,GSM327340,single_sample_rank,svm_rbf,0,0.0793581998070353,0.3826280111536063,0
GEO_LOCO,GSE13067,GSM327341,single_sample_rank,svm_rbf,0,0.000570627729199,0.3826280111536063,0
GEO_LOCO,GSE13067,GSM327342,single_sample_rank,svm_rbf,0,0.1123920206302814,0.3826280111536063,0
GEO_LOCO,GSE13067,GSM327343,single_sample_rank,svm_rbf,0,0.0527860703830157,0.3826280111536063,0
GEO_LOCO,GSE13067,GSM327344,single_sample_rank,svm_rbf,0,0.0258238164029451,0.3826280111536063,0
GEO_LOCO,GSE13067,GSM327345,single_sample_rank,svm_rbf,0,0.9482176690810802,0.3826280111536063,1
GEO_LOCO,GSE13067,GSM327346,single_sample_rank,svm_rbf,0,0.0334907749054479,0.3826280111536063,0
GEO_LOCO,GSE13067,GSM327347,single_sample_rank,svm_rbf,0,0.0366064458525119,0.3826280111536063,0
GEO_LOCO,GSE13067,GSM327348,single_sample_rank,svm_rbf,0,0.060581185530616,0.3826280111536063,0
GEO_LOCO,GSE13067,GSM327349,single_sample_rank,svm_rbf,0,0.004265531497542,0.3826280111536063,0
GEO_LOCO,GSE13067,GSM327350,single_sample_rank,svm_rbf,0,0.1909185447936312,0.3826280111536063,0
GEO_LOCO,GSE13067,GSM327351,single_sample_rank,svm_rbf,0,0.0505407787612791,0.3826280111536063,0
GEO_LOCO,GSE13067,GSM327352,single_sample_rank,svm_rbf,1,0.9999996547431712,0.3826280111536063,1
GEO_LOCO,GSE13067,GSM327353,single_sample_rank,svm_rbf,1,0.9949621113889736,0.3826280111536063,1
GEO_LOCO,GSE13067,GSM327354,single_sample_rank,svm_rbf,0,0.0063953461461935,0.3826280111536063,0
GEO_LOCO,GSE13067,GSM327355,single_sample_rank,svm_rbf,0,0.0092522307687084,0.3826280111536063,0
GEO_LOCO,GSE13067,GSM327282,single_sample_rank,xgboost,1,0.9808860421180724,0.8202770948410034,1
GEO_LOCO,GSE13067,GSM327283,single_sample_rank,xgboost,0,0.0525630824267864,0.8202770948410034,0
GEO_LOCO,GSE13067,GSM327284,single_sample_rank,xgboost,0,0.051598846912384,0.8202770948410034,0
GEO_LOCO,GSE13067,GSM327285,single_sample_rank,xgboost,0,0.0408193171024322,0.8202770948410034,0
GEO_LOCO,GSE13067,GSM327286,single_sample_rank,xgboost,0,0.2689387798309326,0.8202770948410034,0
GEO_LOCO,GSE13067,GSM327287,single_sample_rank,xgboost,0,0.1332556307315826,0.8202770948410034,0
GEO_LOCO,GSE13067,GSM327288,single_sample_rank,xgboost,1,0.947507381439209,0.8202770948410034,1
GEO_LOCO,GSE13067,GSM327289,single_sample_rank,xgboost,0,0.3157496452331543,0.8202770948410034,0
GEO_LOCO,GSE13067,GSM327290,single_sample_rank,xgboost,0,0.0739703327417373,0.8202770948410034,0
GEO_LOCO,GSE13067,GSM327291,single_sample_rank,xgboost,0,0.0617662370204925,0.8202770948410034,0
GEO_LOCO,GSE13067,GSM327292,single_sample_rank,xgboost,0,0.0417943857610225,0.8202770948410034,0
GEO_LOCO,GSE13067,GSM327293,single_sample_rank,xgboost,0,0.3836059868335724,0.8202770948410034,0
GEO_LOCO,GSE13067,GSM327294,single_sample_rank,xgboost,0,0.0335407145321369,0.8202770948410034,0
GEO_LOCO,GSE13067,GSM327295,single_sample_rank,xgboost,0,0.0319906994700431,0.8202770948410034,0
GEO_LOCO,GSE13067,GSM327296,single_sample_rank,xgboost,0,0.3716859221458435,0.8202770948410034,0
GEO_LOCO,GSE13067,GSM327297,single_sample_rank,xgboost,0,0.0785460397601127,0.8202770948410034,0
GEO_LOCO,GSE13067,GSM327298,single_sample_rank,xgboost,0,0.1457088887691497,0.8202770948410034,0
GEO_LOCO,GSE13067,GSM327299,single_sample_rank,xgboost,0,0.0421678014099597,0.8202770948410034,0
GEO_LOCO,GSE13067,GSM327300,single_sample_rank,xgboost,0,0.3645248413085937,0.8202770948410034,0
GEO_LOCO,GSE13067,GSM327301,single_sample_rank,xgboost,0,0.0544033423066139,0.8202770948410034,0
GEO_LOCO,GSE13067,GSM327302,single_sample_rank,xgboost,0,0.2868139445781708,0.8202770948410034,0
GEO_LOCO,GSE13067,GSM327303,single_sample_rank,xgboost,0,0.1858588457107544,0.8202770948410034,0
GEO_LOCO,GSE13067,GSM327304,single_sample_rank,xgboost,0,0.2083692550659179,0.8202770948410034,0
GEO_LOCO,GSE13067,GSM327305,single_sample_rank,xgboost,0,0.0724866539239883,0.8202770948410034,0
GEO_LOCO,GSE13067,GSM327306,single_sample_rank,xgboost,0,0.0323650613427162,0.8202770948410034,0
GEO_LOCO,GSE13067,GSM327307,single_sample_rank,xgboost,0,0.141372874379158,0.8202770948410034,0
GEO_LOCO,GSE13067,GSM327308,single_sample_rank,xgboost,0,0.0611746944487094,0.8202770948410034,0
GEO_LOCO,GSE13067,GSM327309,single_sample_rank,xgboost,1,0.8587733507156372,0.8202770948410034,1
GEO_LOCO,GSE13067,GSM327310,single_sample_rank,xgboost,1,0.9791014194488524,0.8202770948410034,1
GEO_LOCO,GSE13067,GSM327311,single_sample_rank,xgboost,1,0.976925492286682,0.8202770948410034,1
GEO_LOCO,GSE13067,GSM327312,single_sample_rank,xgboost,0,0.0827581137418747,0.8202770948410034,0
GEO_LOCO,GSE13067,GSM327313,single_sample_rank,xgboost,1,0.9454571008682252,0.8202770948410034,1
GEO_LOCO,GSE13067,GSM327314,single_sample_rank,xgboost,0,0.0980797484517097,0.8202770948410034,0
GEO_LOCO,GSE13067,GSM327315,single_sample_rank,xgboost,0,0.1069051772356033,0.8202770948410034,0
GEO_LOCO,GSE13067,GSM327316,single_sample_rank,xgboost,0,0.2206864953041076,0.8202770948410034,0
GEO_LOCO,GSE13067,GSM327317,single_sample_rank,xgboost,0,0.0636475533246994,0.8202770948410034,0
GEO_LOCO,GSE13067,GSM327318,single_sample_rank,xgboost,0,0.0692913010716438,0.8202770948410034,0
GEO_LOCO,GSE13067,GSM327319,single_sample_rank,xgboost,0,0.0776820331811904,0.8202770948410034,0
GEO_LOCO,GSE13067,GSM327320,single_sample_rank,xgboost,0,0.0545758455991745,0.8202770948410034,0
GEO_LOCO,GSE13067,GSM327321,single_sample_rank,xgboost,0,0.0178963467478752,0.8202770948410034,0
GEO_LOCO,GSE13067,GSM327322,single_sample_rank,xgboost,0,0.4069905579090118,0.8202770948410034,0
GEO_LOCO,GSE13067,GSM327323,single_sample_rank,xgboost,0,0.0336536057293415,0.8202770948410034,0
GEO_LOCO,GSE13067,GSM327324,single_sample_rank,xgboost,1,0.9588558673858644,0.8202770948410034,1
GEO_LOCO,GSE13067,GSM327325,single_sample_rank,xgboost,1,0.9779663681983948,0.8202770948410034,1
GEO_LOCO,GSE13067,GSM327326,single_sample_rank,xgboost,0,0.0810026377439498,0.8202770948410034,0
GEO_LOCO,GSE13067,GSM327327,single_sample_rank,xgboost,0,0.4709904789924621,0.8202770948410034,0
GEO_LOCO,GSE13067,GSM327328,single_sample_rank,xgboost,0,0.0754069685935974,0.8202770948410034,0
GEO_LOCO,GSE13067,GSM327329,single_sample_rank,xgboost,0,0.0733243897557258,0.8202770948410034,0
GEO_LOCO,GSE13067,GSM327330,single_sample_rank,xgboost,0,0.2465245127677917,0.8202770948410034,0
GEO_LOCO,GSE13067,GSM327331,single_sample_rank,xgboost,1,0.7013079524040222,0.8202770948410034,0
GEO_LOCO,GSE13067,GSM327332,single_sample_rank,xgboost,0,0.0944704413414001,0.8202770948410034,0
GEO_LOCO,GSE13067,GSM327333,single_sample_rank,xgboost,0,0.3625311255455017,0.8202770948410034,0
GEO_LOCO,GSE13067,GSM327334,single_sample_rank,xgboost,0,0.1906036287546157,0.8202770948410034,0
GEO_LOCO,GSE13067,GSM327335,single_sample_rank,xgboost,0,0.0672817155718803,0.8202770948410034,0
GEO_LOCO,GSE13067,GSM327336,single_sample_rank,xgboost,0,0.0770534500479698,0.8202770948410034,0
GEO_LOCO,GSE13067,GSM327337,single_sample_rank,xgboost,0,0.075369544327259,0.8202770948410034,0
GEO_LOCO,GSE13067,GSM327338,single_sample_rank,xgboost,0,0.0401174873113632,0.8202770948410034,0
GEO_LOCO,GSE13067,GSM327339,single_sample_rank,xgboost,0,0.0932838395237922,0.8202770948410034,0
GEO_LOCO,GSE13067,GSM327340,single_sample_rank,xgboost,0,0.1155830770730972,0.8202770948410034,0
GEO_LOCO,GSE13067,GSM327341,single_sample_rank,xgboost,0,0.0344774052500724,0.8202770948410034,0
GEO_LOCO,GSE13067,GSM327342,single_sample_rank,xgboost,0,0.102662056684494,0.8202770948410034,0
GEO_LOCO,GSE13067,GSM327343,single_sample_rank,xgboost,0,0.46212899684906,0.8202770948410034,0
GEO_LOCO,GSE13067,GSM327344,single_sample_rank,xgboost,0,0.0530538111925125,0.8202770948410034,0
GEO_LOCO,GSE13067,GSM327345,single_sample_rank,xgboost,0,0.8522436022758484,0.8202770948410034,1
GEO_LOCO,GSE13067,GSM327346,single_sample_rank,xgboost,0,0.082174003124237,0.8202770948410034,0
GEO_LOCO,GSE13067,GSM327347,single_sample_rank,xgboost,0,0.1369350701570511,0.8202770948410034,0
GEO_LOCO,GSE13067,GSM327348,single_sample_rank,xgboost,0,0.2026785612106323,0.8202770948410034,0
GEO_LOCO,GSE13067,GSM327349,single_sample_rank,xgboost,0,0.1263969391584396,0.8202770948410034,0
GEO_LOCO,GSE13067,GSM327350,single_sample_rank,xgboost,0,0.0784285217523574,0.8202770948410034,0
GEO_LOCO,GSE13067,GSM327351,single_sample_rank,xgboost,0,0.1055952757596969,0.8202770948410034,0
GEO_LOCO,GSE13067,GSM327352,single_sample_rank,xgboost,1,0.9840721487998962,0.8202770948410034,1
GEO_LOCO,GSE13067,GSM327353,single_sample_rank,xgboost,1,0.9659349322319032,0.8202770948410034,1
GEO_LOCO,GSE13067,GSM327354,single_sample_rank,xgboost,0,0.0570697262883186,0.8202770948410034,0
GEO_LOCO,GSE13067,GSM327355,single_sample_rank,xgboost,0,0.0535970889031887,0.8202770948410034,0
GEO_LOCO,GSE18088,GSM452148,fixed_log_expression,elastic_net,1,0.6945750117301941,0.5397628545761108,1
GEO_LOCO,GSE18088,GSM452149,fixed_log_expression,elastic_net,0,0.1698464006185531,0.5397628545761108,0
GEO_LOCO,GSE18088,GSM452150,fixed_log_expression,elastic_net,0,0.2153350412845611,0.5397628545761108,0
GEO_LOCO,GSE18088,GSM452151,fixed_log_expression,elastic_net,0,0.6249138712882996,0.5397628545761108,1
GEO_LOCO,GSE18088,GSM452152,fixed_log_expression,elastic_net,0,0.1495234072208404,0.5397628545761108,0
GEO_LOCO,GSE18088,GSM452153,fixed_log_expression,elastic_net,1,0.7177962064743042,0.5397628545761108,1
GEO_LOCO,GSE18088,GSM452154,fixed_log_expression,elastic_net,0,0.5381245017051697,0.5397628545761108,0
GEO_LOCO,GSE18088,GSM452155,fixed_log_expression,elastic_net,0,0.5073420405387878,0.5397628545761108,0
GEO_LOCO,GSE18088,GSM452156,fixed_log_expression,elastic_net,0,0.2469140589237213,0.5397628545761108,0
GEO_LOCO,GSE18088,GSM452157,fixed_log_expression,elastic_net,1,0.9820749163627625,0.5397628545761108,1
GEO_LOCO,GSE18088,GSM452158,fixed_log_expression,elastic_net,0,0.4279762208461761,0.5397628545761108,0
GEO_LOCO,GSE18088,GSM452159,fixed_log_expression,elastic_net,1,0.854775071144104,0.5397628545761108,1
GEO_LOCO,GSE18088,GSM452160,fixed_log_expression,elastic_net,0,0.2726714611053467,0.5397628545761108,0
GEO_LOCO,GSE18088,GSM452161,fixed_log_expression,elastic_net,0,0.2956756353378296,0.5397628545761108,0
GEO_LOCO,GSE18088,GSM452162,fixed_log_expression,elastic_net,0,0.4752868711948395,0.5397628545761108,0
GEO_LOCO,GSE18088,GSM452163,fixed_log_expression,elastic_net,1,0.8842187523841858,0.5397628545761108,1
GEO_LOCO,GSE18088,GSM452164,fixed_log_expression,elastic_net,0,0.2021121084690094,0.5397628545761108,0
GEO_LOCO,GSE18088,GSM452165,fixed_log_expression,elastic_net,0,0.4622570872306824,0.5397628545761108,0
GEO_LOCO,GSE18088,GSM452166,fixed_log_expression,elastic_net,0,0.3440291583538055,0.5397628545761108,0
GEO_LOCO,GSE18088,GSM452167,fixed_log_expression,elastic_net,0,0.3419137001037597,0.5397628545761108,0
GEO_LOCO,GSE18088,GSM452168,fixed_log_expression,elastic_net,1,0.8382183909416199,0.5397628545761108,1
GEO_LOCO,GSE18088,GSM452169,fixed_log_expression,elastic_net,1,0.905869722366333,0.5397628545761108,1
GEO_LOCO,GSE18088,GSM452170,fixed_log_expression,elastic_net,0,0.3095836937427521,0.5397628545761108,0
GEO_LOCO,GSE18088,GSM452171,fixed_log_expression,elastic_net,0,0.5504939556121826,0.5397628545761108,1
GEO_LOCO,GSE18088,GSM452172,fixed_log_expression,elastic_net,0,0.7796962261199951,0.5397628545761108,1
GEO_LOCO,GSE18088,GSM452173,fixed_log_expression,elastic_net,1,0.848970353603363,0.5397628545761108,1
GEO_LOCO,GSE18088,GSM452174,fixed_log_expression,elastic_net,1,0.9258920550346376,0.5397628545761108,1
GEO_LOCO,GSE18088,GSM452175,fixed_log_expression,elastic_net,1,0.8985354900360107,0.5397628545761108,1
GEO_LOCO,GSE18088,GSM452176,fixed_log_expression,elastic_net,0,0.5515915155410767,0.5397628545761108,1
GEO_LOCO,GSE18088,GSM452177,fixed_log_expression,elastic_net,0,0.4434607326984405,0.5397628545761108,0
GEO_LOCO,GSE18088,GSM452178,fixed_log_expression,elastic_net,0,0.4519740641117096,0.5397628545761108,0
GEO_LOCO,GSE18088,GSM452179,fixed_log_expression,elastic_net,1,0.941807746887207,0.5397628545761108,1
GEO_LOCO,GSE18088,GSM452180,fixed_log_expression,elastic_net,1,0.910173237323761,0.5397628545761108,1
GEO_LOCO,GSE18088,GSM452181,fixed_log_expression,elastic_net,0,0.3683343231678009,0.5397628545761108,0
GEO_LOCO,GSE18088,GSM452182,fixed_log_expression,elastic_net,1,0.8391091823577881,0.5397628545761108,1
GEO_LOCO,GSE18088,GSM452183,fixed_log_expression,elastic_net,1,0.9100995659828186,0.5397628545761108,1
GEO_LOCO,GSE18088,GSM452184,fixed_log_expression,elastic_net,1,0.7790198922157288,0.5397628545761108,1
GEO_LOCO,GSE18088,GSM452185,fixed_log_expression,elastic_net,0,0.5510256886482239,0.5397628545761108,1
GEO_LOCO,GSE18088,GSM452186,fixed_log_expression,elastic_net,0,0.4246754050254822,0.5397628545761108,0
GEO_LOCO,GSE18088,GSM452187,fixed_log_expression,elastic_net,0,0.2107982784509658,0.5397628545761108,0
GEO_LOCO,GSE18088,GSM452188,fixed_log_expression,elastic_net,1,0.929612636566162,0.5397628545761108,1
GEO_LOCO,GSE18088,GSM452189,fixed_log_expression,elastic_net,1,0.8934759497642517,0.5397628545761108,1
GEO_LOCO,GSE18088,GSM452190,fixed_log_expression,elastic_net,0,0.6884649991989136,0.5397628545761108,1
GEO_LOCO,GSE18088,GSM452191,fixed_log_expression,elastic_net,0,0.2234822958707809,0.5397628545761108,0
GEO_LOCO,GSE18088,GSM452192,fixed_log_expression,elastic_net,0,0.2999059855937958,0.5397628545761108,0
GEO_LOCO,GSE18088,GSM452193,fixed_log_expression,elastic_net,0,0.4797295331954956,0.5397628545761108,0
GEO_LOCO,GSE18088,GSM452194,fixed_log_expression,elastic_net,0,0.4200299382209778,0.5397628545761108,0
GEO_LOCO,GSE18088,GSM452195,fixed_log_expression,elastic_net,0,0.508375346660614,0.5397628545761108,0
GEO_LOCO,GSE18088,GSM452196,fixed_log_expression,elastic_net,0,0.264826625585556,0.5397628545761108,0
GEO_LOCO,GSE18088,GSM452197,fixed_log_expression,elastic_net,1,0.7349936962127686,0.5397628545761108,1
GEO_LOCO,GSE18088,GSM452198,fixed_log_expression,elastic_net,0,0.5436761975288391,0.5397628545761108,1
GEO_LOCO,GSE18088,GSM452199,fixed_log_expression,elastic_net,0,0.4463756382465362,0.5397628545761108,0
GEO_LOCO,GSE18088,GSM452200,fixed_log_expression,elastic_net,1,0.5537027716636658,0.5397628545761108,1
GEO_LOCO,GSE18088,GSM452148,fixed_log_expression,svm_rbf,1,0.6747819686482677,0.2780738501986969,1
GEO_LOCO,GSE18088,GSM452149,fixed_log_expression,svm_rbf,0,0.1898090539483344,0.2780738501986969,0
GEO_LOCO,GSE18088,GSM452150,fixed_log_expression,svm_rbf,0,0.1617061043411819,0.2780738501986969,0
GEO_LOCO,GSE18088,GSM452151,fixed_log_expression,svm_rbf,0,0.518149784671557,0.2780738501986969,1
GEO_LOCO,GSE18088,GSM452152,fixed_log_expression,svm_rbf,0,0.1427778976559367,0.2780738501986969,0
GEO_LOCO,GSE18088,GSM452153,fixed_log_expression,svm_rbf,1,0.6719122974222214,0.2780738501986969,1
GEO_LOCO,GSE18088,GSM452154,fixed_log_expression,svm_rbf,0,0.3731880780585074,0.2780738501986969,1
GEO_LOCO,GSE18088,GSM452155,fixed_log_expression,svm_rbf,0,0.2294865789276466,0.2780738501986969,0
GEO_LOCO,GSE18088,GSM452156,fixed_log_expression,svm_rbf,0,0.1414019440326114,0.2780738501986969,0
GEO_LOCO,GSE18088,GSM452157,fixed_log_expression,svm_rbf,1,0.9433897641126784,0.2780738501986969,1
GEO_LOCO,GSE18088,GSM452158,fixed_log_expression,svm_rbf,0,0.2878631831861911,0.2780738501986969,1
GEO_LOCO,GSE18088,GSM452159,fixed_log_expression,svm_rbf,1,0.8350814577862846,0.2780738501986969,1
GEO_LOCO,GSE18088,GSM452160,fixed_log_expression,svm_rbf,0,0.192593508283113,0.2780738501986969,0
GEO_LOCO,GSE18088,GSM452161,fixed_log_expression,svm_rbf,0,0.2236501712731374,0.2780738501986969,0
GEO_LOCO,GSE18088,GSM452162,fixed_log_expression,svm_rbf,0,0.419538573239332,0.2780738501986969,1
GEO_LOCO,GSE18088,GSM452163,fixed_log_expression,svm_rbf,1,0.9188019369704916,0.2780738501986969,1
GEO_LOCO,GSE18088,GSM452164,fixed_log_expression,svm_rbf,0,0.1913148617116588,0.2780738501986969,0
GEO_LOCO,GSE18088,GSM452165,fixed_log_expression,svm_rbf,0,0.4071066840575938,0.2780738501986969,1
GEO_LOCO,GSE18088,GSM452166,fixed_log_expression,svm_rbf,0,0.2574042399127457,0.2780738501986969,0
GEO_LOCO,GSE18088,GSM452167,fixed_log_expression,svm_rbf,0,0.2543417899764064,0.2780738501986969,0
GEO_LOCO,GSE18088,GSM452168,fixed_log_expression,svm_rbf,1,0.8798636925489306,0.2780738501986969,1
GEO_LOCO,GSE18088,GSM452169,fixed_log_expression,svm_rbf,1,0.892869963595902,0.2780738501986969,1
GEO_LOCO,GSE18088,GSM452170,fixed_log_expression,svm_rbf,0,0.3484282689763831,0.2780738501986969,1
GEO_LOCO,GSE18088,GSM452171,fixed_log_expression,svm_rbf,0,0.3680964303874952,0.2780738501986969,1
GEO_LOCO,GSE18088,GSM452172,fixed_log_expression,svm_rbf,0,0.7609138408957034,0.2780738501986969,1
GEO_LOCO,GSE18088,GSM452173,fixed_log_expression,svm_rbf,1,0.8788233799897148,0.2780738501986969,1
GEO_LOCO,GSE18088,GSM452174,fixed_log_expression,svm_rbf,1,0.9144436108718564,0.2780738501986969,1
GEO_LOCO,GSE18088,GSM452175,fixed_log_expression,svm_rbf,1,0.8639413199744801,0.2780738501986969,1
GEO_LOCO,GSE18088,GSM452176,fixed_log_expression,svm_rbf,0,0.4130247339086226,0.2780738501986969,1
GEO_LOCO,GSE18088,GSM452177,fixed_log_expression,svm_rbf,0,0.3402294084216144,0.2780738501986969,1
GEO_LOCO,GSE18088,GSM452178,fixed_log_expression,svm_rbf,0,0.349468548932128,0.2780738501986969,1
GEO_LOCO,GSE18088,GSM452179,fixed_log_expression,svm_rbf,1,0.9484459072194812,0.2780738501986969,1
GEO_LOCO,GSE18088,GSM452180,fixed_log_expression,svm_rbf,1,0.9526637524637492,0.2780738501986969,1
GEO_LOCO,GSE18088,GSM452181,fixed_log_expression,svm_rbf,0,0.3319167420919393,0.2780738501986969,1
GEO_LOCO,GSE18088,GSM452182,fixed_log_expression,svm_rbf,1,0.861880409209843,0.2780738501986969,1
GEO_LOCO,GSE18088,GSM452183,fixed_log_expression,svm_rbf,1,0.8590590491178636,0.2780738501986969,1
GEO_LOCO,GSE18088,GSM452184,fixed_log_expression,svm_rbf,1,0.7833292840185097,0.2780738501986969,1
GEO_LOCO,GSE18088,GSM452185,fixed_log_expression,svm_rbf,0,0.451177159236323,0.2780738501986969,1
GEO_LOCO,GSE18088,GSM452186,fixed_log_expression,svm_rbf,0,0.2630878327770888,0.2780738501986969,0
GEO_LOCO,GSE18088,GSM452187,fixed_log_expression,svm_rbf,0,0.1529359440788996,0.2780738501986969,0
GEO_LOCO,GSE18088,GSM452188,fixed_log_expression,svm_rbf,1,0.9093143090578768,0.2780738501986969,1
GEO_LOCO,GSE18088,GSM452189,fixed_log_expression,svm_rbf,1,0.8915568347816938,0.2780738501986969,1
GEO_LOCO,GSE18088,GSM452190,fixed_log_expression,svm_rbf,0,0.8682276822633219,0.2780738501986969,1
GEO_LOCO,GSE18088,GSM452191,fixed_log_expression,svm_rbf,0,0.2968402827610694,0.2780738501986969,1
GEO_LOCO,GSE18088,GSM452192,fixed_log_expression,svm_rbf,0,0.235944412529928,0.2780738501986969,0
GEO_LOCO,GSE18088,GSM452193,fixed_log_expression,svm_rbf,0,0.4489996453344213,0.2780738501986969,1
GEO_LOCO,GSE18088,GSM452194,fixed_log_expression,svm_rbf,0,0.2669228114424863,0.2780738501986969,0
GEO_LOCO,GSE18088,GSM452195,fixed_log_expression,svm_rbf,0,0.2368004127516275,0.2780738501986969,0
GEO_LOCO,GSE18088,GSM452196,fixed_log_expression,svm_rbf,0,0.2862070312296887,0.2780738501986969,1
GEO_LOCO,GSE18088,GSM452197,fixed_log_expression,svm_rbf,1,0.6987119764205889,0.2780738501986969,1
GEO_LOCO,GSE18088,GSM452198,fixed_log_expression,svm_rbf,0,0.3769181576463927,0.2780738501986969,1
GEO_LOCO,GSE18088,GSM452199,fixed_log_expression,svm_rbf,0,0.344714639154321,0.2780738501986969,1
GEO_LOCO,GSE18088,GSM452200,fixed_log_expression,svm_rbf,1,0.3579748474195924,0.2780738501986969,1
GEO_LOCO,GSE18088,GSM452148,fixed_log_expression,xgboost,1,0.9654027223587036,0.3073324859142303,1
GEO_LOCO,GSE18088,GSM452149,fixed_log_expression,xgboost,0,0.3908789455890655,0.3073324859142303,1
GEO_LOCO,GSE18088,GSM452150,fixed_log_expression,xgboost,0,0.4190608859062195,0.3073324859142303,1
GEO_LOCO,GSE18088,GSM452151,fixed_log_expression,xgboost,0,0.8499239087104797,0.3073324859142303,1
GEO_LOCO,GSE18088,GSM452152,fixed_log_expression,xgboost,0,0.140726238489151,0.3073324859142303,0
GEO_LOCO,GSE18088,GSM452153,fixed_log_expression,xgboost,1,0.8738127946853638,0.3073324859142303,1
GEO_LOCO,GSE18088,GSM452154,fixed_log_expression,xgboost,0,0.921760320663452,0.3073324859142303,1
GEO_LOCO,GSE18088,GSM452155,fixed_log_expression,xgboost,0,0.4966486394405365,0.3073324859142303,1
GEO_LOCO,GSE18088,GSM452156,fixed_log_expression,xgboost,0,0.4766274094581604,0.3073324859142303,1
GEO_LOCO,GSE18088,GSM452157,fixed_log_expression,xgboost,1,0.9944106936454772,0.3073324859142303,1
GEO_LOCO,GSE18088,GSM452158,fixed_log_expression,xgboost,0,0.4994486570358276,0.3073324859142303,1
GEO_LOCO,GSE18088,GSM452159,fixed_log_expression,xgboost,1,0.9905847907066344,0.3073324859142303,1
GEO_LOCO,GSE18088,GSM452160,fixed_log_expression,xgboost,0,0.5025456547737122,0.3073324859142303,1
GEO_LOCO,GSE18088,GSM452161,fixed_log_expression,xgboost,0,0.3118945658206939,0.3073324859142303,1
GEO_LOCO,GSE18088,GSM452162,fixed_log_expression,xgboost,0,0.8168632388114929,0.3073324859142303,1
GEO_LOCO,GSE18088,GSM452163,fixed_log_expression,xgboost,1,0.9839735627174376,0.3073324859142303,1
GEO_LOCO,GSE18088,GSM452164,fixed_log_expression,xgboost,0,0.1950686424970626,0.3073324859142303,0
GEO_LOCO,GSE18088,GSM452165,fixed_log_expression,xgboost,0,0.8314202427864075,0.3073324859142303,1
GEO_LOCO,GSE18088,GSM452166,fixed_log_expression,xgboost,0,0.4688340723514557,0.3073324859142303,1
GEO_LOCO,GSE18088,GSM452167,fixed_log_expression,xgboost,0,0.4909456074237823,0.3073324859142303,1
GEO_LOCO,GSE18088,GSM452168,fixed_log_expression,xgboost,1,0.987097144126892,0.3073324859142303,1
GEO_LOCO,GSE18088,GSM452169,fixed_log_expression,xgboost,1,0.9853668212890624,0.3073324859142303,1
GEO_LOCO,GSE18088,GSM452170,fixed_log_expression,xgboost,0,0.8463889360427856,0.3073324859142303,1
GEO_LOCO,GSE18088,GSM452171,fixed_log_expression,xgboost,0,0.7217594385147095,0.3073324859142303,1
GEO_LOCO,GSE18088,GSM452172,fixed_log_expression,xgboost,0,0.6826099753379822,0.3073324859142303,1
GEO_LOCO,GSE18088,GSM452173,fixed_log_expression,xgboost,1,0.9880929589271544,0.3073324859142303,1
GEO_LOCO,GSE18088,GSM452174,fixed_log_expression,xgboost,1,0.9892510175704956,0.3073324859142303,1
GEO_LOCO,GSE18088,GSM452175,fixed_log_expression,xgboost,1,0.9829781651496888,0.3073324859142303,1
GEO_LOCO,GSE18088,GSM452176,fixed_log_expression,xgboost,0,0.8899241089820862,0.3073324859142303,1
GEO_LOCO,GSE18088,GSM452177,fixed_log_expression,xgboost,0,0.7599902153015137,0.3073324859142303,1
GEO_LOCO,GSE18088,GSM452178,fixed_log_expression,xgboost,0,0.6570895314216614,0.3073324859142303,1
GEO_LOCO,GSE18088,GSM452179,fixed_log_expression,xgboost,1,0.987360954284668,0.3073324859142303,1
GEO_LOCO,GSE18088,GSM452180,fixed_log_expression,xgboost,1,0.975313365459442,0.3073324859142303,1
GEO_LOCO,GSE18088,GSM452181,fixed_log_expression,xgboost,0,0.8706170916557312,0.3073324859142303,1
GEO_LOCO,GSE18088,GSM452182,fixed_log_expression,xgboost,1,0.9653282761573792,0.3073324859142303,1
GEO_LOCO,GSE18088,GSM452183,fixed_log_expression,xgboost,1,0.98735249042511,0.3073324859142303,1
GEO_LOCO,GSE18088,GSM452184,fixed_log_expression,xgboost,1,0.947968363761902,0.3073324859142303,1
GEO_LOCO,GSE18088,GSM452185,fixed_log_expression,xgboost,0,0.809368908405304,0.3073324859142303,1
GEO_LOCO,GSE18088,GSM452186,fixed_log_expression,xgboost,0,0.6712192296981812,0.3073324859142303,1
GEO_LOCO,GSE18088,GSM452187,fixed_log_expression,xgboost,0,0.1810929030179977,0.3073324859142303,0
GEO_LOCO,GSE18088,GSM452188,fixed_log_expression,xgboost,1,0.9780749082565308,0.3073324859142303,1
GEO_LOCO,GSE18088,GSM452189,fixed_log_expression,xgboost,1,0.9884877800941468,0.3073324859142303,1
GEO_LOCO,GSE18088,GSM452190,fixed_log_expression,xgboost,0,0.976239025592804,0.3073324859142303,1
GEO_LOCO,GSE18088,GSM452191,fixed_log_expression,xgboost,0,0.8132920861244202,0.3073324859142303,1
GEO_LOCO,GSE18088,GSM452192,fixed_log_expression,xgboost,0,0.6229004859924316,0.3073324859142303,1
GEO_LOCO,GSE18088,GSM452193,fixed_log_expression,xgboost,0,0.8181732892990112,0.3073324859142303,1
GEO_LOCO,GSE18088,GSM452194,fixed_log_expression,xgboost,0,0.3577373623847961,0.3073324859142303,1
GEO_LOCO,GSE18088,GSM452195,fixed_log_expression,xgboost,0,0.3030298054218292,0.3073324859142303,0
GEO_LOCO,GSE18088,GSM452196,fixed_log_expression,xgboost,0,0.4192838966846466,0.3073324859142303,1
GEO_LOCO,GSE18088,GSM452197,fixed_log_expression,xgboost,1,0.961927056312561,0.3073324859142303,1
GEO_LOCO,GSE18088,GSM452198,fixed_log_expression,xgboost,0,0.7394614219665527,0.3073324859142303,1
GEO_LOCO,GSE18088,GSM452199,fixed_log_expression,xgboost,0,0.4822501242160797,0.3073324859142303,1
GEO_LOCO,GSE18088,GSM452200,fixed_log_expression,xgboost,1,0.719106912612915,0.3073324859142303,1
GEO_LOCO,GSE18088,GSM452148,target_cohort_adaptive_zscore,elastic_net,1,0.1799349784851074,0.6671020984649658,0
GEO_LOCO,GSE18088,GSM452149,target_cohort_adaptive_zscore,elastic_net,0,5.506564048118889e-05,0.6671020984649658,0
GEO_LOCO,GSE18088,GSM452150,target_cohort_adaptive_zscore,elastic_net,0,6.047887382010231e-07,0.6671020984649658,0
GEO_LOCO,GSE18088,GSM452151,target_cohort_adaptive_zscore,elastic_net,0,0.0001443166838726,0.6671020984649658,0
GEO_LOCO,GSE18088,GSM452152,target_cohort_adaptive_zscore,elastic_net,0,7.929229468572885e-05,0.6671020984649658,0
GEO_LOCO,GSE18088,GSM452153,target_cohort_adaptive_zscore,elastic_net,1,0.7743470072746277,0.6671020984649658,1
GEO_LOCO,GSE18088,GSM452154,target_cohort_adaptive_zscore,elastic_net,0,0.0344854146242141,0.6671020984649658,0
GEO_LOCO,GSE18088,GSM452155,target_cohort_adaptive_zscore,elastic_net,0,0.0012526338687166,0.6671020984649658,0
GEO_LOCO,GSE18088,GSM452156,target_cohort_adaptive_zscore,elastic_net,0,0.0004924921086058,0.6671020984649658,0
GEO_LOCO,GSE18088,GSM452157,target_cohort_adaptive_zscore,elastic_net,1,1.0,0.6671020984649658,1
GEO_LOCO,GSE18088,GSM452158,target_cohort_adaptive_zscore,elastic_net,0,0.0032394949812442,0.6671020984649658,0
GEO_LOCO,GSE18088,GSM452159,target_cohort_adaptive_zscore,elastic_net,1,0.9996477365493774,0.6671020984649658,1
GEO_LOCO,GSE18088,GSM452160,target_cohort_adaptive_zscore,elastic_net,0,0.0020185911562293,0.6671020984649658,0
GEO_LOCO,GSE18088,GSM452161,target_cohort_adaptive_zscore,elastic_net,0,2.5955101591534916e-05,0.6671020984649658,0
GEO_LOCO,GSE18088,GSM452162,target_cohort_adaptive_zscore,elastic_net,0,0.0420020706951618,0.6671020984649658,0
GEO_LOCO,GSE18088,GSM452163,target_cohort_adaptive_zscore,elastic_net,1,0.9999121427536012,0.6671020984649658,1
GEO_LOCO,GSE18088,GSM452164,target_cohort_adaptive_zscore,elastic_net,0,0.00026299097226,0.6671020984649658,0
GEO_LOCO,GSE18088,GSM452165,target_cohort_adaptive_zscore,elastic_net,0,0.0010377082508057,0.6671020984649658,0
GEO_LOCO,GSE18088,GSM452166,target_cohort_adaptive_zscore,elastic_net,0,0.0001725462207105,0.6671020984649658,0
GEO_LOCO,GSE18088,GSM452167,target_cohort_adaptive_zscore,elastic_net,0,0.003137067425996,0.6671020984649658,0
GEO_LOCO,GSE18088,GSM452168,target_cohort_adaptive_zscore,elastic_net,1,0.9999977350234984,0.6671020984649658,1
GEO_LOCO,GSE18088,GSM452169,target_cohort_adaptive_zscore,elastic_net,1,0.999123752117157,0.6671020984649658,1
GEO_LOCO,GSE18088,GSM452170,target_cohort_adaptive_zscore,elastic_net,0,2.7315343686495908e-05,0.6671020984649658,0
GEO_LOCO,GSE18088,GSM452171,target_cohort_adaptive_zscore,elastic_net,0,0.0021990737877786,0.6671020984649658,0
GEO_LOCO,GSE18088,GSM452172,target_cohort_adaptive_zscore,elastic_net,0,0.0138205708935856,0.6671020984649658,0
GEO_LOCO,GSE18088,GSM452173,target_cohort_adaptive_zscore,elastic_net,1,0.9999597072601318,0.6671020984649658,1
GEO_LOCO,GSE18088,GSM452174,target_cohort_adaptive_zscore,elastic_net,1,0.999889612197876,0.6671020984649658,1
GEO_LOCO,GSE18088,GSM452175,target_cohort_adaptive_zscore,elastic_net,1,0.9999997615814208,0.6671020984649658,1
GEO_LOCO,GSE18088,GSM452176,target_cohort_adaptive_zscore,elastic_net,0,0.03049455024302,0.6671020984649658,0
GEO_LOCO,GSE18088,GSM452177,target_cohort_adaptive_zscore,elastic_net,0,1.1253756383666769e-05,0.6671020984649658,0
GEO_LOCO,GSE18088,GSM452178,target_cohort_adaptive_zscore,elastic_net,0,5.352978291739419e-07,0.6671020984649658,0
GEO_LOCO,GSE18088,GSM452179,target_cohort_adaptive_zscore,elastic_net,1,0.9999507665634156,0.6671020984649658,1
GEO_LOCO,GSE18088,GSM452180,target_cohort_adaptive_zscore,elastic_net,1,0.9997369647026062,0.6671020984649658,1
GEO_LOCO,GSE18088,GSM452181,target_cohort_adaptive_zscore,elastic_net,0,3.1140883947955444e-05,0.6671020984649658,0
GEO_LOCO,GSE18088,GSM452182,target_cohort_adaptive_zscore,elastic_net,1,0.9984034895896912,0.6671020984649658,1
GEO_LOCO,GSE18088,GSM452183,target_cohort_adaptive_zscore,elastic_net,1,0.9986452460289,0.6671020984649658,1
GEO_LOCO,GSE18088,GSM452184,target_cohort_adaptive_zscore,elastic_net,1,0.9948348999023438,0.6671020984649658,1
GEO_LOCO,GSE18088,GSM452185,target_cohort_adaptive_zscore,elastic_net,0,0.005074065644294,0.6671020984649658,0
GEO_LOCO,GSE18088,GSM452186,target_cohort_adaptive_zscore,elastic_net,0,0.0066014067269861,0.6671020984649658,0
GEO_LOCO,GSE18088,GSM452187,target_cohort_adaptive_zscore,elastic_net,0,3.9150049246927676e-07,0.6671020984649658,0
GEO_LOCO,GSE18088,GSM452188,target_cohort_adaptive_zscore,elastic_net,1,0.9985907673835754,0.6671020984649658,1
GEO_LOCO,GSE18088,GSM452189,target_cohort_adaptive_zscore,elastic_net,1,0.9999943971633912,0.6671020984649658,1
GEO_LOCO,GSE18088,GSM452190,target_cohort_adaptive_zscore,elastic_net,0,0.9792049527168274,0.6671020984649658,1
GEO_LOCO,GSE18088,GSM452191,target_cohort_adaptive_zscore,elastic_net,0,0.0160512272268533,0.6671020984649658,0
GEO_LOCO,GSE18088,GSM452192,target_cohort_adaptive_zscore,elastic_net,0,3.808955443673767e-05,0.6671020984649658,0
GEO_LOCO,GSE18088,GSM452193,target_cohort_adaptive_zscore,elastic_net,0,0.0018106832867488,0.6671020984649658,0
GEO_LOCO,GSE18088,GSM452194,target_cohort_adaptive_zscore,elastic_net,0,0.0001379614695906,0.6671020984649658,0
GEO_LOCO,GSE18088,GSM452195,target_cohort_adaptive_zscore,elastic_net,0,0.0001077636115951,0.6671020984649658,0
GEO_LOCO,GSE18088,GSM452196,target_cohort_adaptive_zscore,elastic_net,0,3.362410780027858e-06,0.6671020984649658,0
GEO_LOCO,GSE18088,GSM452197,target_cohort_adaptive_zscore,elastic_net,1,0.9999098777770996,0.6671020984649658,1
GEO_LOCO,GSE18088,GSM452198,target_cohort_adaptive_zscore,elastic_net,0,0.00548578472808,0.6671020984649658,0
GEO_LOCO,GSE18088,GSM452199,target_cohort_adaptive_zscore,elastic_net,0,5.070521729066968e-05,0.6671020984649658,0
GEO_LOCO,GSE18088,GSM452200,target_cohort_adaptive_zscore,elastic_net,1,4.860827175434679e-05,0.6671020984649658,0
GEO_LOCO,GSE18088,GSM452148,target_cohort_adaptive_zscore,svm_rbf,1,0.5575147645789009,0.338881522210836,1
GEO_LOCO,GSE18088,GSM452149,target_cohort_adaptive_zscore,svm_rbf,0,0.0075858538892309,0.338881522210836,0
GEO_LOCO,GSE18088,GSM452150,target_cohort_adaptive_zscore,svm_rbf,0,0.0027221295513956,0.338881522210836,0
GEO_LOCO,GSE18088,GSM452151,target_cohort_adaptive_zscore,svm_rbf,0,0.0067188928767791,0.338881522210836,0
GEO_LOCO,GSE18088,GSM452152,target_cohort_adaptive_zscore,svm_rbf,0,0.0206857716513066,0.338881522210836,0
GEO_LOCO,GSE18088,GSM452153,target_cohort_adaptive_zscore,svm_rbf,1,0.9852732889241832,0.338881522210836,1
GEO_LOCO,GSE18088,GSM452154,target_cohort_adaptive_zscore,svm_rbf,0,0.0095737664933773,0.338881522210836,0
GEO_LOCO,GSE18088,GSM452155,target_cohort_adaptive_zscore,svm_rbf,0,0.0319199554015571,0.338881522210836,0
GEO_LOCO,GSE18088,GSM452156,target_cohort_adaptive_zscore,svm_rbf,0,0.0162095328656376,0.338881522210836,0
GEO_LOCO,GSE18088,GSM452157,target_cohort_adaptive_zscore,svm_rbf,1,0.9860181955558698,0.338881522210836,1
GEO_LOCO,GSE18088,GSM452158,target_cohort_adaptive_zscore,svm_rbf,0,0.0026153478124997,0.338881522210836,0
GEO_LOCO,GSE18088,GSM452159,target_cohort_adaptive_zscore,svm_rbf,1,0.999999562458191,0.338881522210836,1
GEO_LOCO,GSE18088,GSM452160,target_cohort_adaptive_zscore,svm_rbf,0,0.0012593599714543,0.338881522210836,0
GEO_LOCO,GSE18088,GSM452161,target_cohort_adaptive_zscore,svm_rbf,0,0.0009176584620316,0.338881522210836,0
GEO_LOCO,GSE18088,GSM452162,target_cohort_adaptive_zscore,svm_rbf,0,0.0474866987016059,0.338881522210836,0
GEO_LOCO,GSE18088,GSM452163,target_cohort_adaptive_zscore,svm_rbf,1,0.9732912161554887,0.338881522210836,1
GEO_LOCO,GSE18088,GSM452164,target_cohort_adaptive_zscore,svm_rbf,0,0.0030879268013611,0.338881522210836,0
GEO_LOCO,GSE18088,GSM452165,target_cohort_adaptive_zscore,svm_rbf,0,0.0020813856301281,0.338881522210836,0
GEO_LOCO,GSE18088,GSM452166,target_cohort_adaptive_zscore,svm_rbf,0,0.0065304183823661,0.338881522210836,0
GEO_LOCO,GSE18088,GSM452167,target_cohort_adaptive_zscore,svm_rbf,0,0.002259387439544,0.338881522210836,0
GEO_LOCO,GSE18088,GSM452168,target_cohort_adaptive_zscore,svm_rbf,1,0.999999850591162,0.338881522210836,1
GEO_LOCO,GSE18088,GSM452169,target_cohort_adaptive_zscore,svm_rbf,1,0.999980908078797,0.338881522210836,1
GEO_LOCO,GSE18088,GSM452170,target_cohort_adaptive_zscore,svm_rbf,0,0.0090659251609579,0.338881522210836,0
GEO_LOCO,GSE18088,GSM452171,target_cohort_adaptive_zscore,svm_rbf,0,0.0012574840854265,0.338881522210836,0
GEO_LOCO,GSE18088,GSM452172,target_cohort_adaptive_zscore,svm_rbf,0,0.0971046225293748,0.338881522210836,0
GEO_LOCO,GSE18088,GSM452173,target_cohort_adaptive_zscore,svm_rbf,1,0.9964913685945788,0.338881522210836,1
GEO_LOCO,GSE18088,GSM452174,target_cohort_adaptive_zscore,svm_rbf,1,0.9892060441231556,0.338881522210836,1
GEO_LOCO,GSE18088,GSM452175,target_cohort_adaptive_zscore,svm_rbf,1,0.999999252311131,0.338881522210836,1
GEO_LOCO,GSE18088,GSM452176,target_cohort_adaptive_zscore,svm_rbf,0,0.0221056810429472,0.338881522210836,0
GEO_LOCO,GSE18088,GSM452177,target_cohort_adaptive_zscore,svm_rbf,0,0.0012965073662136,0.338881522210836,0
GEO_LOCO,GSE18088,GSM452178,target_cohort_adaptive_zscore,svm_rbf,0,0.0107779615053482,0.338881522210836,0
GEO_LOCO,GSE18088,GSM452179,target_cohort_adaptive_zscore,svm_rbf,1,0.988201563580464,0.338881522210836,1
GEO_LOCO,GSE18088,GSM452180,target_cohort_adaptive_zscore,svm_rbf,1,0.9999893351840724,0.338881522210836,1
GEO_LOCO,GSE18088,GSM452181,target_cohort_adaptive_zscore,svm_rbf,0,0.0011462738188576,0.338881522210836,0
GEO_LOCO,GSE18088,GSM452182,target_cohort_adaptive_zscore,svm_rbf,1,0.9999997705313208,0.338881522210836,1
GEO_LOCO,GSE18088,GSM452183,target_cohort_adaptive_zscore,svm_rbf,1,0.9595127007785276,0.338881522210836,1
GEO_LOCO,GSE18088,GSM452184,target_cohort_adaptive_zscore,svm_rbf,1,0.993659006257777,0.338881522210836,1
GEO_LOCO,GSE18088,GSM452185,target_cohort_adaptive_zscore,svm_rbf,0,0.0091090011673894,0.338881522210836,0
GEO_LOCO,GSE18088,GSM452186,target_cohort_adaptive_zscore,svm_rbf,0,0.0303652968344916,0.338881522210836,0
GEO_LOCO,GSE18088,GSM452187,target_cohort_adaptive_zscore,svm_rbf,0,0.0022796598019816,0.338881522210836,0
GEO_LOCO,GSE18088,GSM452188,target_cohort_adaptive_zscore,svm_rbf,1,0.9999999752020908,0.338881522210836,1
GEO_LOCO,GSE18088,GSM452189,target_cohort_adaptive_zscore,svm_rbf,1,0.9999986148341108,0.338881522210836,1
GEO_LOCO,GSE18088,GSM452190,target_cohort_adaptive_zscore,svm_rbf,0,0.2771598027944096,0.338881522210836,0
GEO_LOCO,GSE18088,GSM452191,target_cohort_adaptive_zscore,svm_rbf,0,0.0038991331751765,0.338881522210836,0
GEO_LOCO,GSE18088,GSM452192,target_cohort_adaptive_zscore,svm_rbf,0,0.002465761354779,0.338881522210836,0
GEO_LOCO,GSE18088,GSM452193,target_cohort_adaptive_zscore,svm_rbf,0,0.0335772052632562,0.338881522210836,0
GEO_LOCO,GSE18088,GSM452194,target_cohort_adaptive_zscore,svm_rbf,0,0.013558458471905,0.338881522210836,0
GEO_LOCO,GSE18088,GSM452195,target_cohort_adaptive_zscore,svm_rbf,0,0.0762373940190055,0.338881522210836,0
GEO_LOCO,GSE18088,GSM452196,target_cohort_adaptive_zscore,svm_rbf,0,0.0019764627101868,0.338881522210836,0
GEO_LOCO,GSE18088,GSM452197,target_cohort_adaptive_zscore,svm_rbf,1,0.9774685263861184,0.338881522210836,1
GEO_LOCO,GSE18088,GSM452198,target_cohort_adaptive_zscore,svm_rbf,0,0.00331312600735,0.338881522210836,0
GEO_LOCO,GSE18088,GSM452199,target_cohort_adaptive_zscore,svm_rbf,0,0.0096566528345146,0.338881522210836,0
GEO_LOCO,GSE18088,GSM452200,target_cohort_adaptive_zscore,svm_rbf,1,0.1305910279833958,0.338881522210836,0
GEO_LOCO,GSE18088,GSM452148,target_cohort_adaptive_zscore,xgboost,1,0.4201804995536804,0.4319934546947479,0
GEO_LOCO,GSE18088,GSM452149,target_cohort_adaptive_zscore,xgboost,0,0.0066925943829119,0.4319934546947479,0
GEO_LOCO,GSE18088,GSM452150,target_cohort_adaptive_zscore,xgboost,0,0.0069789504632353,0.4319934546947479,0
GEO_LOCO,GSE18088,GSM452151,target_cohort_adaptive_zscore,xgboost,0,0.0207533538341522,0.4319934546947479,0
GEO_LOCO,GSE18088,GSM452152,target_cohort_adaptive_zscore,xgboost,0,0.0201225951313972,0.4319934546947479,0
GEO_LOCO,GSE18088,GSM452153,target_cohort_adaptive_zscore,xgboost,1,0.9542620182037354,0.4319934546947479,1
GEO_LOCO,GSE18088,GSM452154,target_cohort_adaptive_zscore,xgboost,0,0.012663566507399,0.4319934546947479,0
GEO_LOCO,GSE18088,GSM452155,target_cohort_adaptive_zscore,xgboost,0,0.0219710655510425,0.4319934546947479,0
GEO_LOCO,GSE18088,GSM452156,target_cohort_adaptive_zscore,xgboost,0,0.0273487772792577,0.4319934546947479,0
GEO_LOCO,GSE18088,GSM452157,target_cohort_adaptive_zscore,xgboost,1,0.9934959411621094,0.4319934546947479,1
GEO_LOCO,GSE18088,GSM452158,target_cohort_adaptive_zscore,xgboost,0,0.0276751387864351,0.4319934546947479,0
GEO_LOCO,GSE18088,GSM452159,target_cohort_adaptive_zscore,xgboost,1,0.9929799437522888,0.4319934546947479,1
GEO_LOCO,GSE18088,GSM452160,target_cohort_adaptive_zscore,xgboost,0,0.0052557168528437,0.4319934546947479,0
GEO_LOCO,GSE18088,GSM452161,target_cohort_adaptive_zscore,xgboost,0,0.0071359584107995,0.4319934546947479,0
GEO_LOCO,GSE18088,GSM452162,target_cohort_adaptive_zscore,xgboost,0,0.0650287121534347,0.4319934546947479,0
GEO_LOCO,GSE18088,GSM452163,target_cohort_adaptive_zscore,xgboost,1,0.9704546332359314,0.4319934546947479,1
GEO_LOCO,GSE18088,GSM452164,target_cohort_adaptive_zscore,xgboost,0,0.0090433685109019,0.4319934546947479,0
GEO_LOCO,GSE18088,GSM452165,target_cohort_adaptive_zscore,xgboost,0,0.0084296092391014,0.4319934546947479,0
GEO_LOCO,GSE18088,GSM452166,target_cohort_adaptive_zscore,xgboost,0,0.0115305297076702,0.4319934546947479,0
GEO_LOCO,GSE18088,GSM452167,target_cohort_adaptive_zscore,xgboost,0,0.0063855429179966,0.4319934546947479,0
GEO_LOCO,GSE18088,GSM452168,target_cohort_adaptive_zscore,xgboost,1,0.9836097955703736,0.4319934546947479,1
GEO_LOCO,GSE18088,GSM452169,target_cohort_adaptive_zscore,xgboost,1,0.9868200421333312,0.4319934546947479,1
GEO_LOCO,GSE18088,GSM452170,target_cohort_adaptive_zscore,xgboost,0,0.0385002717375755,0.4319934546947479,0
GEO_LOCO,GSE18088,GSM452171,target_cohort_adaptive_zscore,xgboost,0,0.0094688152894377,0.4319934546947479,0
GEO_LOCO,GSE18088,GSM452172,target_cohort_adaptive_zscore,xgboost,0,0.2511730492115021,0.4319934546947479,0
GEO_LOCO,GSE18088,GSM452173,target_cohort_adaptive_zscore,xgboost,1,0.9675831198692322,0.4319934546947479,1
GEO_LOCO,GSE18088,GSM452174,target_cohort_adaptive_zscore,xgboost,1,0.9804993271827698,0.4319934546947479,1
GEO_LOCO,GSE18088,GSM452175,target_cohort_adaptive_zscore,xgboost,1,0.9805033206939696,0.4319934546947479,1
GEO_LOCO,GSE18088,GSM452176,target_cohort_adaptive_zscore,xgboost,0,0.0626807734370231,0.4319934546947479,0
GEO_LOCO,GSE18088,GSM452177,target_cohort_adaptive_zscore,xgboost,0,0.0108282249420881,0.4319934546947479,0
GEO_LOCO,GSE18088,GSM452178,target_cohort_adaptive_zscore,xgboost,0,0.0077278637327253,0.4319934546947479,0
GEO_LOCO,GSE18088,GSM452179,target_cohort_adaptive_zscore,xgboost,1,0.9950928688049316,0.4319934546947479,1
GEO_LOCO,GSE18088,GSM452180,target_cohort_adaptive_zscore,xgboost,1,0.9839959740638732,0.4319934546947479,1
GEO_LOCO,GSE18088,GSM452181,target_cohort_adaptive_zscore,xgboost,0,0.0068350224755704,0.4319934546947479,0
GEO_LOCO,GSE18088,GSM452182,target_cohort_adaptive_zscore,xgboost,1,0.9840519428253174,0.4319934546947479,1
GEO_LOCO,GSE18088,GSM452183,target_cohort_adaptive_zscore,xgboost,1,0.982305943965912,0.4319934546947479,1
GEO_LOCO,GSE18088,GSM452184,target_cohort_adaptive_zscore,xgboost,1,0.936675190925598,0.4319934546947479,1
GEO_LOCO,GSE18088,GSM452185,target_cohort_adaptive_zscore,xgboost,0,0.048997301608324,0.4319934546947479,0
GEO_LOCO,GSE18088,GSM452186,target_cohort_adaptive_zscore,xgboost,0,0.0154072102159261,0.4319934546947479,0
GEO_LOCO,GSE18088,GSM452187,target_cohort_adaptive_zscore,xgboost,0,0.0073394798673689,0.4319934546947479,0
GEO_LOCO,GSE18088,GSM452188,target_cohort_adaptive_zscore,xgboost,1,0.9861987829208374,0.4319934546947479,1
GEO_LOCO,GSE18088,GSM452189,target_cohort_adaptive_zscore,xgboost,1,0.9945953488349916,0.4319934546947479,1
GEO_LOCO,GSE18088,GSM452190,target_cohort_adaptive_zscore,xgboost,0,0.1029249802231788,0.4319934546947479,0
GEO_LOCO,GSE18088,GSM452191,target_cohort_adaptive_zscore,xgboost,0,0.0445307381451129,0.4319934546947479,0
GEO_LOCO,GSE18088,GSM452192,target_cohort_adaptive_zscore,xgboost,0,0.0080879516899585,0.4319934546947479,0
GEO_LOCO,GSE18088,GSM452193,target_cohort_adaptive_zscore,xgboost,0,0.0177965275943279,0.4319934546947479,0
GEO_LOCO,GSE18088,GSM452194,target_cohort_adaptive_zscore,xgboost,0,0.0224139764904975,0.4319934546947479,0
GEO_LOCO,GSE18088,GSM452195,target_cohort_adaptive_zscore,xgboost,0,0.0183558333665132,0.4319934546947479,0
GEO_LOCO,GSE18088,GSM452196,target_cohort_adaptive_zscore,xgboost,0,0.0093220267444849,0.4319934546947479,0
GEO_LOCO,GSE18088,GSM452197,target_cohort_adaptive_zscore,xgboost,1,0.9682050347328186,0.4319934546947479,1
GEO_LOCO,GSE18088,GSM452198,target_cohort_adaptive_zscore,xgboost,0,0.0101503804326057,0.4319934546947479,0
GEO_LOCO,GSE18088,GSM452199,target_cohort_adaptive_zscore,xgboost,0,0.0108287967741489,0.4319934546947479,0
GEO_LOCO,GSE18088,GSM452200,target_cohort_adaptive_zscore,xgboost,1,0.0133329993113875,0.4319934546947479,0
GEO_LOCO,GSE18088,GSM452148,single_sample_rank,elastic_net,1,0.5134742856025696,0.7805835008621216,0
GEO_LOCO,GSE18088,GSM452149,single_sample_rank,elastic_net,0,0.0321305282413959,0.7805835008621216,0
GEO_LOCO,GSE18088,GSM452150,single_sample_rank,elastic_net,0,0.0024283563252538,0.7805835008621216,0
GEO_LOCO,GSE18088,GSM452151,single_sample_rank,elastic_net,0,0.1319005191326141,0.7805835008621216,0
GEO_LOCO,GSE18088,GSM452152,single_sample_rank,elastic_net,0,0.0217221286147832,0.7805835008621216,0
GEO_LOCO,GSE18088,GSM452153,single_sample_rank,elastic_net,1,0.840645968914032,0.7805835008621216,1
GEO_LOCO,GSE18088,GSM452154,single_sample_rank,elastic_net,0,0.0867037624120712,0.7805835008621216,0
GEO_LOCO,GSE18088,GSM452155,single_sample_rank,elastic_net,0,0.0575694218277931,0.7805835008621216,0
GEO_LOCO,GSE18088,GSM452156,single_sample_rank,elastic_net,0,0.0317886136472225,0.7805835008621216,0
GEO_LOCO,GSE18088,GSM452157,single_sample_rank,elastic_net,1,0.998506247997284,0.7805835008621216,1
GEO_LOCO,GSE18088,GSM452158,single_sample_rank,elastic_net,0,0.1573410332202911,0.7805835008621216,0
GEO_LOCO,GSE18088,GSM452159,single_sample_rank,elastic_net,1,0.9623283743858336,0.7805835008621216,1
GEO_LOCO,GSE18088,GSM452160,single_sample_rank,elastic_net,0,0.0107021853327751,0.7805835008621216,0
GEO_LOCO,GSE18088,GSM452161,single_sample_rank,elastic_net,0,0.0213560573756694,0.7805835008621216,0
GEO_LOCO,GSE18088,GSM452162,single_sample_rank,elastic_net,0,0.3016705214977264,0.7805835008621216,0
GEO_LOCO,GSE18088,GSM452163,single_sample_rank,elastic_net,1,0.9901690483093262,0.7805835008621216,1
GEO_LOCO,GSE18088,GSM452164,single_sample_rank,elastic_net,0,0.0089846393093466,0.7805835008621216,0
GEO_LOCO,GSE18088,GSM452165,single_sample_rank,elastic_net,0,0.0615879781544208,0.7805835008621216,0
GEO_LOCO,GSE18088,GSM452166,single_sample_rank,elastic_net,0,0.0053849224932491,0.7805835008621216,0
GEO_LOCO,GSE18088,GSM452167,single_sample_rank,elastic_net,0,0.0339245498180389,0.7805835008621216,0
GEO_LOCO,GSE18088,GSM452168,single_sample_rank,elastic_net,1,0.9631391763687134,0.7805835008621216,1
GEO_LOCO,GSE18088,GSM452169,single_sample_rank,elastic_net,1,0.9659414291381836,0.7805835008621216,1
GEO_LOCO,GSE18088,GSM452170,single_sample_rank,elastic_net,0,0.0044284681789577,0.7805835008621216,0
GEO_LOCO,GSE18088,GSM452171,single_sample_rank,elastic_net,0,0.0052054678089916,0.7805835008621216,0
GEO_LOCO,GSE18088,GSM452172,single_sample_rank,elastic_net,0,0.2425146847963333,0.7805835008621216,0
GEO_LOCO,GSE18088,GSM452173,single_sample_rank,elastic_net,1,0.9364097714424132,0.7805835008621216,1
GEO_LOCO,GSE18088,GSM452174,single_sample_rank,elastic_net,1,0.9671369194984436,0.7805835008621216,1
GEO_LOCO,GSE18088,GSM452175,single_sample_rank,elastic_net,1,0.9637176394462584,0.7805835008621216,1
GEO_LOCO,GSE18088,GSM452176,single_sample_rank,elastic_net,0,0.0353482402861118,0.7805835008621216,0
GEO_LOCO,GSE18088,GSM452177,single_sample_rank,elastic_net,0,0.0075435489416122,0.7805835008621216,0
GEO_LOCO,GSE18088,GSM452178,single_sample_rank,elastic_net,0,0.0035554086789488,0.7805835008621216,0
GEO_LOCO,GSE18088,GSM452179,single_sample_rank,elastic_net,1,0.9953004121780396,0.7805835008621216,1
GEO_LOCO,GSE18088,GSM452180,single_sample_rank,elastic_net,1,0.9745833277702332,0.7805835008621216,1
GEO_LOCO,GSE18088,GSM452181,single_sample_rank,elastic_net,0,0.0048646950162947,0.7805835008621216,0
GEO_LOCO,GSE18088,GSM452182,single_sample_rank,elastic_net,1,0.9332658648490906,0.7805835008621216,1
GEO_LOCO,GSE18088,GSM452183,single_sample_rank,elastic_net,1,0.9879185557365416,0.7805835008621216,1
GEO_LOCO,GSE18088,GSM452184,single_sample_rank,elastic_net,1,0.8330017328262329,0.7805835008621216,1
GEO_LOCO,GSE18088,GSM452185,single_sample_rank,elastic_net,0,0.1435489952564239,0.7805835008621216,0
GEO_LOCO,GSE18088,GSM452186,single_sample_rank,elastic_net,0,0.0968040972948074,0.7805835008621216,0
GEO_LOCO,GSE18088,GSM452187,single_sample_rank,elastic_net,0,0.0032075776252895,0.7805835008621216,0
GEO_LOCO,GSE18088,GSM452188,single_sample_rank,elastic_net,1,0.9796019792556764,0.7805835008621216,1
GEO_LOCO,GSE18088,GSM452189,single_sample_rank,elastic_net,1,0.9782626628875732,0.7805835008621216,1
GEO_LOCO,GSE18088,GSM452190,single_sample_rank,elastic_net,0,0.5470432043075562,0.7805835008621216,0
GEO_LOCO,GSE18088,GSM452191,single_sample_rank,elastic_net,0,0.0418590754270553,0.7805835008621216,0
GEO_LOCO,GSE18088,GSM452192,single_sample_rank,elastic_net,0,0.0054074255749583,0.7805835008621216,0
GEO_LOCO,GSE18088,GSM452193,single_sample_rank,elastic_net,0,0.0571180433034896,0.7805835008621216,0
GEO_LOCO,GSE18088,GSM452194,single_sample_rank,elastic_net,0,0.027490621432662,0.7805835008621216,0
GEO_LOCO,GSE18088,GSM452195,single_sample_rank,elastic_net,0,0.0480014123022556,0.7805835008621216,0
GEO_LOCO,GSE18088,GSM452196,single_sample_rank,elastic_net,0,0.0095459995791316,0.7805835008621216,0
GEO_LOCO,GSE18088,GSM452197,single_sample_rank,elastic_net,1,0.9276230931282043,0.7805835008621216,1
GEO_LOCO,GSE18088,GSM452198,single_sample_rank,elastic_net,0,0.0277672614902257,0.7805835008621216,0
GEO_LOCO,GSE18088,GSM452199,single_sample_rank,elastic_net,0,0.0262285564094781,0.7805835008621216,0
GEO_LOCO,GSE18088,GSM452200,single_sample_rank,elastic_net,1,0.0862370878458023,0.7805835008621216,0
GEO_LOCO,GSE18088,GSM452148,single_sample_rank,svm_rbf,1,0.460456460910644,0.4368726096214722,1
GEO_LOCO,GSE18088,GSM452149,single_sample_rank,svm_rbf,0,0.0073385326225816,0.4368726096214722,0
GEO_LOCO,GSE18088,GSM452150,single_sample_rank,svm_rbf,0,0.0019550097407979,0.4368726096214722,0
GEO_LOCO,GSE18088,GSM452151,single_sample_rank,svm_rbf,0,0.0411665536694755,0.4368726096214722,0
GEO_LOCO,GSE18088,GSM452152,single_sample_rank,svm_rbf,0,0.0074912395850874,0.4368726096214722,0
GEO_LOCO,GSE18088,GSM452153,single_sample_rank,svm_rbf,1,0.7860049689979096,0.4368726096214722,1
GEO_LOCO,GSE18088,GSM452154,single_sample_rank,svm_rbf,0,0.0099629847459583,0.4368726096214722,0
GEO_LOCO,GSE18088,GSM452155,single_sample_rank,svm_rbf,0,0.0168363597786421,0.4368726096214722,0
GEO_LOCO,GSE18088,GSM452156,single_sample_rank,svm_rbf,0,0.011045001216198,0.4368726096214722,0
GEO_LOCO,GSE18088,GSM452157,single_sample_rank,svm_rbf,1,0.9910176599665702,0.4368726096214722,1
GEO_LOCO,GSE18088,GSM452158,single_sample_rank,svm_rbf,0,0.0600177636825512,0.4368726096214722,0
GEO_LOCO,GSE18088,GSM452159,single_sample_rank,svm_rbf,1,0.925018291016226,0.4368726096214722,1
GEO_LOCO,GSE18088,GSM452160,single_sample_rank,svm_rbf,0,0.0031110464623351,0.4368726096214722,0
GEO_LOCO,GSE18088,GSM452161,single_sample_rank,svm_rbf,0,0.0079885320343125,0.4368726096214722,0
GEO_LOCO,GSE18088,GSM452162,single_sample_rank,svm_rbf,0,0.2060766650693688,0.4368726096214722,0
GEO_LOCO,GSE18088,GSM452163,single_sample_rank,svm_rbf,1,0.9745709365263474,0.4368726096214722,1
GEO_LOCO,GSE18088,GSM452164,single_sample_rank,svm_rbf,0,0.0064330442122142,0.4368726096214722,0
GEO_LOCO,GSE18088,GSM452165,single_sample_rank,svm_rbf,0,0.0203831847527451,0.4368726096214722,0
GEO_LOCO,GSE18088,GSM452166,single_sample_rank,svm_rbf,0,0.0026139941498613,0.4368726096214722,0
GEO_LOCO,GSE18088,GSM452167,single_sample_rank,svm_rbf,0,0.0090744788529238,0.4368726096214722,0
GEO_LOCO,GSE18088,GSM452168,single_sample_rank,svm_rbf,1,0.9663965665548848,0.4368726096214722,1
GEO_LOCO,GSE18088,GSM452169,single_sample_rank,svm_rbf,1,0.9623523556042286,0.4368726096214722,1
GEO_LOCO,GSE18088,GSM452170,single_sample_rank,svm_rbf,0,0.004845993877144,0.4368726096214722,0
GEO_LOCO,GSE18088,GSM452171,single_sample_rank,svm_rbf,0,0.0030816662343001,0.4368726096214722,0
GEO_LOCO,GSE18088,GSM452172,single_sample_rank,svm_rbf,0,0.1094846996201062,0.4368726096214722,0
GEO_LOCO,GSE18088,GSM452173,single_sample_rank,svm_rbf,1,0.8452950838426397,0.4368726096214722,1
GEO_LOCO,GSE18088,GSM452174,single_sample_rank,svm_rbf,1,0.9606094245948748,0.4368726096214722,1
GEO_LOCO,GSE18088,GSM452175,single_sample_rank,svm_rbf,1,0.9597631183208164,0.4368726096214722,1
GEO_LOCO,GSE18088,GSM452176,single_sample_rank,svm_rbf,0,0.0043896161150386,0.4368726096214722,0
GEO_LOCO,GSE18088,GSM452177,single_sample_rank,svm_rbf,0,0.0080846938952234,0.4368726096214722,0
GEO_LOCO,GSE18088,GSM452178,single_sample_rank,svm_rbf,0,0.002365770489907,0.4368726096214722,0
GEO_LOCO,GSE18088,GSM452179,single_sample_rank,svm_rbf,1,0.9911407533954346,0.4368726096214722,1
GEO_LOCO,GSE18088,GSM452180,single_sample_rank,svm_rbf,1,0.9852674930059332,0.4368726096214722,1
GEO_LOCO,GSE18088,GSM452181,single_sample_rank,svm_rbf,0,0.0029337179918849,0.4368726096214722,0
GEO_LOCO,GSE18088,GSM452182,single_sample_rank,svm_rbf,1,0.9127705235019145,0.4368726096214722,1
GEO_LOCO,GSE18088,GSM452183,single_sample_rank,svm_rbf,1,0.9681319819425882,0.4368726096214722,1
GEO_LOCO,GSE18088,GSM452184,single_sample_rank,svm_rbf,1,0.7680501355017308,0.4368726096214722,1
GEO_LOCO,GSE18088,GSM452185,single_sample_rank,svm_rbf,0,0.0559752924050172,0.4368726096214722,0
GEO_LOCO,GSE18088,GSM452186,single_sample_rank,svm_rbf,0,0.0207537724743382,0.4368726096214722,0
GEO_LOCO,GSE18088,GSM452187,single_sample_rank,svm_rbf,0,0.0023638161195813,0.4368726096214722,0
GEO_LOCO,GSE18088,GSM452188,single_sample_rank,svm_rbf,1,0.9764639699389686,0.4368726096214722,1
GEO_LOCO,GSE18088,GSM452189,single_sample_rank,svm_rbf,1,0.9696947299269087,0.4368726096214722,1
GEO_LOCO,GSE18088,GSM452190,single_sample_rank,svm_rbf,0,0.4416075838375987,0.4368726096214722,1
GEO_LOCO,GSE18088,GSM452191,single_sample_rank,svm_rbf,0,0.0190179819760741,0.4368726096214722,0
GEO_LOCO,GSE18088,GSM452192,single_sample_rank,svm_rbf,0,0.0031963435096632,0.4368726096214722,0
GEO_LOCO,GSE18088,GSM452193,single_sample_rank,svm_rbf,0,0.0311488816851262,0.4368726096214722,0
GEO_LOCO,GSE18088,GSM452194,single_sample_rank,svm_rbf,0,0.007082233518812,0.4368726096214722,0
GEO_LOCO,GSE18088,GSM452195,single_sample_rank,svm_rbf,0,0.011675354689796,0.4368726096214722,0
GEO_LOCO,GSE18088,GSM452196,single_sample_rank,svm_rbf,0,0.0066003397287417,0.4368726096214722,0
GEO_LOCO,GSE18088,GSM452197,single_sample_rank,svm_rbf,1,0.9379673295300588,0.4368726096214722,1
GEO_LOCO,GSE18088,GSM452198,single_sample_rank,svm_rbf,0,0.0076363122911081,0.4368726096214722,0
GEO_LOCO,GSE18088,GSM452199,single_sample_rank,svm_rbf,0,0.009953217518842,0.4368726096214722,0
GEO_LOCO,GSE18088,GSM452200,single_sample_rank,svm_rbf,1,0.0054368572266424,0.4368726096214722,0
GEO_LOCO,GSE18088,GSM452148,single_sample_rank,xgboost,1,0.1427672952413559,0.5530709028244019,0
GEO_LOCO,GSE18088,GSM452149,single_sample_rank,xgboost,0,0.0119778299704194,0.5530709028244019,0
GEO_LOCO,GSE18088,GSM452150,single_sample_rank,xgboost,0,0.0209598857909441,0.5530709028244019,0
GEO_LOCO,GSE18088,GSM452151,single_sample_rank,xgboost,0,0.0544635206460952,0.5530709028244019,0
GEO_LOCO,GSE18088,GSM452152,single_sample_rank,xgboost,0,0.0156961176544427,0.5530709028244019,0
GEO_LOCO,GSE18088,GSM452153,single_sample_rank,xgboost,1,0.962467610836029,0.5530709028244019,1
GEO_LOCO,GSE18088,GSM452154,single_sample_rank,xgboost,0,0.0181954596191644,0.5530709028244019,0
GEO_LOCO,GSE18088,GSM452155,single_sample_rank,xgboost,0,0.0854281038045883,0.5530709028244019,0
GEO_LOCO,GSE18088,GSM452156,single_sample_rank,xgboost,0,0.0238807648420333,0.5530709028244019,0
GEO_LOCO,GSE18088,GSM452157,single_sample_rank,xgboost,1,0.9918808341026306,0.5530709028244019,1
GEO_LOCO,GSE18088,GSM452158,single_sample_rank,xgboost,0,0.0366809889674186,0.5530709028244019,0
GEO_LOCO,GSE18088,GSM452159,single_sample_rank,xgboost,1,0.9862356781959534,0.5530709028244019,1
GEO_LOCO,GSE18088,GSM452160,single_sample_rank,xgboost,0,0.0105311730876564,0.5530709028244019,0
GEO_LOCO,GSE18088,GSM452161,single_sample_rank,xgboost,0,0.0120970401912927,0.5530709028244019,0
GEO_LOCO,GSE18088,GSM452162,single_sample_rank,xgboost,0,0.1603878736495971,0.5530709028244019,0
GEO_LOCO,GSE18088,GSM452163,single_sample_rank,xgboost,1,0.9760841727256776,0.5530709028244019,1
GEO_LOCO,GSE18088,GSM452164,single_sample_rank,xgboost,0,0.020888902246952,0.5530709028244019,0
GEO_LOCO,GSE18088,GSM452165,single_sample_rank,xgboost,0,0.0198494344949722,0.5530709028244019,0
GEO_LOCO,GSE18088,GSM452166,single_sample_rank,xgboost,0,0.0146639365702867,0.5530709028244019,0
GEO_LOCO,GSE18088,GSM452167,single_sample_rank,xgboost,0,0.0201644264161586,0.5530709028244019,0
GEO_LOCO,GSE18088,GSM452168,single_sample_rank,xgboost,1,0.9679813981056212,0.5530709028244019,1
GEO_LOCO,GSE18088,GSM452169,single_sample_rank,xgboost,1,0.8936799168586731,0.5530709028244019,1
GEO_LOCO,GSE18088,GSM452170,single_sample_rank,xgboost,0,0.0298074390739202,0.5530709028244019,0
GEO_LOCO,GSE18088,GSM452171,single_sample_rank,xgboost,0,0.0167355593293905,0.5530709028244019,0
GEO_LOCO,GSE18088,GSM452172,single_sample_rank,xgboost,0,0.1865866035223007,0.5530709028244019,0
GEO_LOCO,GSE18088,GSM452173,single_sample_rank,xgboost,1,0.96829491853714,0.5530709028244019,1
GEO_LOCO,GSE18088,GSM452174,single_sample_rank,xgboost,1,0.8586623072624207,0.5530709028244019,1
GEO_LOCO,GSE18088,GSM452175,single_sample_rank,xgboost,1,0.9119718670845032,0.5530709028244019,1
GEO_LOCO,GSE18088,GSM452176,single_sample_rank,xgboost,0,0.0259108357131481,0.5530709028244019,0
GEO_LOCO,GSE18088,GSM452177,single_sample_rank,xgboost,0,0.021416688337922,0.5530709028244019,0
GEO_LOCO,GSE18088,GSM452178,single_sample_rank,xgboost,0,0.0092093348503112,0.5530709028244019,0
GEO_LOCO,GSE18088,GSM452179,single_sample_rank,xgboost,1,0.9816845059394836,0.5530709028244019,1
GEO_LOCO,GSE18088,GSM452180,single_sample_rank,xgboost,1,0.9814417362213136,0.5530709028244019,1
GEO_LOCO,GSE18088,GSM452181,single_sample_rank,xgboost,0,0.0167789831757545,0.5530709028244019,0
GEO_LOCO,GSE18088,GSM452182,single_sample_rank,xgboost,1,0.951848566532135,0.5530709028244019,1
GEO_LOCO,GSE18088,GSM452183,single_sample_rank,xgboost,1,0.9800935387611388,0.5530709028244019,1
GEO_LOCO,GSE18088,GSM452184,single_sample_rank,xgboost,1,0.9805846214294434,0.5530709028244019,1
GEO_LOCO,GSE18088,GSM452185,single_sample_rank,xgboost,0,0.0456484593451023,0.5530709028244019,0
GEO_LOCO,GSE18088,GSM452186,single_sample_rank,xgboost,0,0.0308833010494709,0.5530709028244019,0
GEO_LOCO,GSE18088,GSM452187,single_sample_rank,xgboost,0,0.0116682657971978,0.5530709028244019,0
GEO_LOCO,GSE18088,GSM452188,single_sample_rank,xgboost,1,0.9667336344718932,0.5530709028244019,1
GEO_LOCO,GSE18088,GSM452189,single_sample_rank,xgboost,1,0.9765481352806092,0.5530709028244019,1
GEO_LOCO,GSE18088,GSM452190,single_sample_rank,xgboost,0,0.1512684226036071,0.5530709028244019,0
GEO_LOCO,GSE18088,GSM452191,single_sample_rank,xgboost,0,0.0238942448049783,0.5530709028244019,0
GEO_LOCO,GSE18088,GSM452192,single_sample_rank,xgboost,0,0.0169256757944822,0.5530709028244019,0
GEO_LOCO,GSE18088,GSM452193,single_sample_rank,xgboost,0,0.0262599643319845,0.5530709028244019,0
GEO_LOCO,GSE18088,GSM452194,single_sample_rank,xgboost,0,0.0101962117478251,0.5530709028244019,0
GEO_LOCO,GSE18088,GSM452195,single_sample_rank,xgboost,0,0.0228067003190517,0.5530709028244019,0
GEO_LOCO,GSE18088,GSM452196,single_sample_rank,xgboost,0,0.0185325480997562,0.5530709028244019,0
GEO_LOCO,GSE18088,GSM452197,single_sample_rank,xgboost,1,0.9630414247512816,0.5530709028244019,1
GEO_LOCO,GSE18088,GSM452198,single_sample_rank,xgboost,0,0.0376035012304782,0.5530709028244019,0
GEO_LOCO,GSE18088,GSM452199,single_sample_rank,xgboost,0,0.0151778683066368,0.5530709028244019,0
GEO_LOCO,GSE18088,GSM452200,single_sample_rank,xgboost,1,0.0338028967380523,0.5530709028244019,0
GEO_LOCO,GSE26682,GSM656542,fixed_log_expression,elastic_net,0,0.0023934803903102,0.601468563079834,0
GEO_LOCO,GSE26682,GSM656543,fixed_log_expression,elastic_net,0,0.0050842347554862,0.601468563079834,0
GEO_LOCO,GSE26682,GSM656545,fixed_log_expression,elastic_net,1,0.5343235731124878,0.601468563079834,0
GEO_LOCO,GSE26682,GSM656546,fixed_log_expression,elastic_net,0,0.0018162108026444,0.601468563079834,0
GEO_LOCO,GSE26682,GSM656548,fixed_log_expression,elastic_net,0,0.0052969683893024,0.601468563079834,0
GEO_LOCO,GSE26682,GSM656550,fixed_log_expression,elastic_net,0,0.0050911256112158,0.601468563079834,0
GEO_LOCO,GSE26682,GSM656552,fixed_log_expression,elastic_net,0,0.0235866457223892,0.601468563079834,0
GEO_LOCO,GSE26682,GSM656553,fixed_log_expression,elastic_net,0,0.0007863175123929,0.601468563079834,0
GEO_LOCO,GSE26682,GSM656555,fixed_log_expression,elastic_net,0,0.0051702074706554,0.601468563079834,0
GEO_LOCO,GSE26682,GSM656556,fixed_log_expression,elastic_net,0,0.0113152535632252,0.601468563079834,0
GEO_LOCO,GSE26682,GSM656557,fixed_log_expression,elastic_net,0,0.003967217169702,0.601468563079834,0
GEO_LOCO,GSE26682,GSM656558,fixed_log_expression,elastic_net,0,0.004437502939254,0.601468563079834,0
GEO_LOCO,GSE26682,GSM656559,fixed_log_expression,elastic_net,1,0.4649322032928467,0.601468563079834,0
GEO_LOCO,GSE26682,GSM656560,fixed_log_expression,elastic_net,0,0.0273223463445901,0.601468563079834,0
GEO_LOCO,GSE26682,GSM656561,fixed_log_expression,elastic_net,0,0.0091887479647994,0.601468563079834,0
GEO_LOCO,GSE26682,GSM656567,fixed_log_expression,elastic_net,0,0.0030865371227264,0.601468563079834,0
GEO_LOCO,GSE26682,GSM656568,fixed_log_expression,elastic_net,0,0.0004878973122686,0.601468563079834,0
GEO_LOCO,GSE26682,GSM656569,fixed_log_expression,elastic_net,0,0.0014532128116115,0.601468563079834,0
GEO_LOCO,GSE26682,GSM656570,fixed_log_expression,elastic_net,0,0.0115905264392495,0.601468563079834,0
GEO_LOCO,GSE26682,GSM656574,fixed_log_expression,elastic_net,0,0.0039328266866505,0.601468563079834,0
GEO_LOCO,GSE26682,GSM656580,fixed_log_expression,elastic_net,0,0.0028980523347854,0.601468563079834,0
GEO_LOCO,GSE26682,GSM656582,fixed_log_expression,elastic_net,0,0.0090633248910307,0.601468563079834,0
GEO_LOCO,GSE26682,GSM656583,fixed_log_expression,elastic_net,1,0.7834621071815491,0.601468563079834,1
GEO_LOCO,GSE26682,GSM656584,fixed_log_expression,elastic_net,0,0.0063261305913329,0.601468563079834,0
GEO_LOCO,GSE26682,GSM656585,fixed_log_expression,elastic_net,0,0.0189383439719676,0.601468563079834,0
GEO_LOCO,GSE26682,GSM656586,fixed_log_expression,elastic_net,0,0.016684953123331,0.601468563079834,0
GEO_LOCO,GSE26682,GSM656587,fixed_log_expression,elastic_net,0,0.0205423757433891,0.601468563079834,0
GEO_LOCO,GSE26682,GSM656590,fixed_log_expression,elastic_net,1,0.1269166469573974,0.601468563079834,0
GEO_LOCO,GSE26682,GSM656592,fixed_log_expression,elastic_net,0,0.0165679547935724,0.601468563079834,0
GEO_LOCO,GSE26682,GSM656596,fixed_log_expression,elastic_net,0,0.0028386197518557,0.601468563079834,0
GEO_LOCO,GSE26682,GSM656598,fixed_log_expression,elastic_net,0,0.001205485779792,0.601468563079834,0
GEO_LOCO,GSE26682,GSM656601,fixed_log_expression,elastic_net,0,0.0023294950369745,0.601468563079834,0
GEO_LOCO,GSE26682,GSM656603,fixed_log_expression,elastic_net,1,0.4712257385253906,0.601468563079834,0
GEO_LOCO,GSE26682,GSM656612,fixed_log_expression,elastic_net,1,0.8617127537727356,0.601468563079834,1
GEO_LOCO,GSE26682,GSM656613,fixed_log_expression,elastic_net,0,0.0457876063883304,0.601468563079834,0
GEO_LOCO,GSE26682,GSM656617,fixed_log_expression,elastic_net,0,0.0051443725824356,0.601468563079834,0
GEO_LOCO,GSE26682,GSM656618,fixed_log_expression,elastic_net,0,0.0020599460694938,0.601468563079834,0
GEO_LOCO,GSE26682,GSM656625,fixed_log_expression,elastic_net,0,0.0273982658982276,0.601468563079834,0
GEO_LOCO,GSE26682,GSM656634,fixed_log_expression,elastic_net,0,0.0621395967900753,0.601468563079834,0
GEO_LOCO,GSE26682,GSM656635,fixed_log_expression,elastic_net,0,0.0172515884041786,0.601468563079834,0
GEO_LOCO,GSE26682,GSM656636,fixed_log_expression,elastic_net,0,0.0071986904367804,0.601468563079834,0
GEO_LOCO,GSE26682,GSM656639,fixed_log_expression,elastic_net,0,0.0050211832858622,0.601468563079834,0
GEO_LOCO,GSE26682,GSM656640,fixed_log_expression,elastic_net,0,0.0242094974964857,0.601468563079834,0
GEO_LOCO,GSE26682,GSM656642,fixed_log_expression,elastic_net,0,0.0074942726641893,0.601468563079834,0
GEO_LOCO,GSE26682,GSM656644,fixed_log_expression,elastic_net,0,0.0012673964956775,0.601468563079834,0
GEO_LOCO,GSE26682,GSM656657,fixed_log_expression,elastic_net,0,0.0241460632532835,0.601468563079834,0
GEO_LOCO,GSE26682,GSM656662,fixed_log_expression,elastic_net,0,0.0075034401379525,0.601468563079834,0
GEO_LOCO,GSE26682,GSM656663,fixed_log_expression,elastic_net,0,0.0193415898829698,0.601468563079834,0
GEO_LOCO,GSE26682,GSM656669,fixed_log_expression,elastic_net,1,0.7200519442558289,0.601468563079834,1
GEO_LOCO,GSE26682,GSM656672,fixed_log_expression,elastic_net,0,0.0141101041808724,0.601468563079834,0
GEO_LOCO,GSE26682,GSM656675,fixed_log_expression,elastic_net,0,0.0099023357033729,0.601468563079834,0
GEO_LOCO,GSE26682,GSM656676,fixed_log_expression,elastic_net,0,0.0076763974502682,0.601468563079834,0
GEO_LOCO,GSE26682,GSM656678,fixed_log_expression,elastic_net,0,0.0092380866408348,0.601468563079834,0
GEO_LOCO,GSE26682,GSM656679,fixed_log_expression,elastic_net,1,0.8350293636322021,0.601468563079834,1
GEO_LOCO,GSE26682,GSM656683,fixed_log_expression,elastic_net,0,0.0026493400800973,0.601468563079834,0
GEO_LOCO,GSE26682,GSM656687,fixed_log_expression,elastic_net,0,0.0210489127784967,0.601468563079834,0
GEO_LOCO,GSE26682,GSM656691,fixed_log_expression,elastic_net,0,0.0441759414970874,0.601468563079834,0
GEO_LOCO,GSE26682,GSM656692,fixed_log_expression,elastic_net,0,0.0049593145959079,0.601468563079834,0
GEO_LOCO,GSE26682,GSM656693,fixed_log_expression,elastic_net,0,0.0168819203972816,0.601468563079834,0
GEO_LOCO,GSE26682,GSM656695,fixed_log_expression,elastic_net,0,0.0099503984674811,0.601468563079834,0
GEO_LOCO,GSE26682,GSM656698,fixed_log_expression,elastic_net,0,0.0035731852985918,0.601468563079834,0
GEO_LOCO,GSE26682,GSM656699,fixed_log_expression,elastic_net,0,0.0086225802078843,0.601468563079834,0
GEO_LOCO,GSE26682,GSM656700,fixed_log_expression,elastic_net,0,0.0067974287085235,0.601468563079834,0
GEO_LOCO,GSE26682,GSM656701,fixed_log_expression,elastic_net,0,0.0074922447092831,0.601468563079834,0
GEO_LOCO,GSE26682,GSM656702,fixed_log_expression,elastic_net,0,0.0043713944032788,0.601468563079834,0
GEO_LOCO,GSE26682,GSM656703,fixed_log_expression,elastic_net,0,0.0118277808651328,0.601468563079834,0
GEO_LOCO,GSE26682,GSM656704,fixed_log_expression,elastic_net,0,0.0084008295089006,0.601468563079834,0
GEO_LOCO,GSE26682,GSM656705,fixed_log_expression,elastic_net,0,0.0687781572341919,0.601468563079834,0
GEO_LOCO,GSE26682,GSM656707,fixed_log_expression,elastic_net,0,0.003415462328121,0.601468563079834,0
GEO_LOCO,GSE26682,GSM656710,fixed_log_expression,elastic_net,0,0.0042326943948864,0.601468563079834,0
GEO_LOCO,GSE26682,GSM656711,fixed_log_expression,elastic_net,0,0.0146859446540474,0.601468563079834,0
GEO_LOCO,GSE26682,GSM656714,fixed_log_expression,elastic_net,0,0.0030602249316871,0.601468563079834,0
GEO_LOCO,GSE26682,GSM656715,fixed_log_expression,elastic_net,0,0.0652669668197631,0.601468563079834,0
GEO_LOCO,GSE26682,GSM656720,fixed_log_expression,elastic_net,0,0.0049647367559373,0.601468563079834,0
GEO_LOCO,GSE26682,GSM656721,fixed_log_expression,elastic_net,0,0.0675908699631691,0.601468563079834,0
GEO_LOCO,GSE26682,GSM656726,fixed_log_expression,elastic_net,0,0.0376974642276763,0.601468563079834,0
GEO_LOCO,GSE26682,GSM656732,fixed_log_expression,elastic_net,0,0.0473083406686782,0.601468563079834,0
GEO_LOCO,GSE26682,GSM656735,fixed_log_expression,elastic_net,0,0.0094090513885021,0.601468563079834,0
GEO_LOCO,GSE26682,GSM656736,fixed_log_expression,elastic_net,1,0.7426890134811401,0.601468563079834,1
GEO_LOCO,GSE26682,GSM656737,fixed_log_expression,elastic_net,0,0.0158039145171642,0.601468563079834,0
GEO_LOCO,GSE26682,GSM656739,fixed_log_expression,elastic_net,0,0.0416495986282825,0.601468563079834,0
GEO_LOCO,GSE26682,GSM656742,fixed_log_expression,elastic_net,0,0.0274095833301544,0.601468563079834,0
GEO_LOCO,GSE26682,GSM656749,fixed_log_expression,elastic_net,0,0.0012533367844298,0.601468563079834,0
GEO_LOCO,GSE26682,GSM656768,fixed_log_expression,elastic_net,0,0.0015396402450278,0.601468563079834,0
GEO_LOCO,GSE26682,GSM656769,fixed_log_expression,elastic_net,0,0.0005901426193304,0.601468563079834,0
GEO_LOCO,GSE26682,GSM656770,fixed_log_expression,elastic_net,0,0.0004185569996479,0.601468563079834,0
GEO_LOCO,GSE26682,GSM656772,fixed_log_expression,elastic_net,0,0.005669908132404,0.601468563079834,0
GEO_LOCO,GSE26682,GSM656775,fixed_log_expression,elastic_net,0,0.0061199502088129,0.601468563079834,0
GEO_LOCO,GSE26682,GSM656776,fixed_log_expression,elastic_net,0,0.0027729966677725,0.601468563079834,0
GEO_LOCO,GSE26682,GSM656777,fixed_log_expression,elastic_net,0,0.0080273458734154,0.601468563079834,0
GEO_LOCO,GSE26682,GSM656783,fixed_log_expression,elastic_net,0,0.0026814471930265,0.601468563079834,0
GEO_LOCO,GSE26682,GSM656785,fixed_log_expression,elastic_net,0,0.0016357523854821,0.601468563079834,0
GEO_LOCO,GSE26682,GSM656787,fixed_log_expression,elastic_net,0,0.0087918071076273,0.601468563079834,0
GEO_LOCO,GSE26682,GSM656794,fixed_log_expression,elastic_net,0,0.0107763446867465,0.601468563079834,0
GEO_LOCO,GSE26682,GSM656800,fixed_log_expression,elastic_net,0,0.0035962755791842,0.601468563079834,0
GEO_LOCO,GSE26682,GSM656803,fixed_log_expression,elastic_net,0,0.0060974927619099,0.601468563079834,0
GEO_LOCO,GSE26682,GSM656804,fixed_log_expression,elastic_net,0,0.0046136872842907,0.601468563079834,0
GEO_LOCO,GSE26682,GSM656806,fixed_log_expression,elastic_net,0,0.0183534882962703,0.601468563079834,0
GEO_LOCO,GSE26682,GSM656809,fixed_log_expression,elastic_net,0,0.0091195255517959,0.601468563079834,0
GEO_LOCO,GSE26682,GSM656811,fixed_log_expression,elastic_net,0,0.0116674844175577,0.601468563079834,0
GEO_LOCO,GSE26682,GSM656816,fixed_log_expression,elastic_net,0,0.0252572242170572,0.601468563079834,0
GEO_LOCO,GSE26682,GSM656819,fixed_log_expression,elastic_net,0,0.0108163673430681,0.601468563079834,0
GEO_LOCO,GSE26682,GSM656820,fixed_log_expression,elastic_net,1,0.7685837149620056,0.601468563079834,1
GEO_LOCO,GSE26682,GSM656822,fixed_log_expression,elastic_net,0,0.1866799890995025,0.601468563079834,0
GEO_LOCO,GSE26682,GSM656824,fixed_log_expression,elastic_net,0,0.0108996694907546,0.601468563079834,0
GEO_LOCO,GSE26682,GSM656825,fixed_log_expression,elastic_net,0,0.0086838556453585,0.601468563079834,0
GEO_LOCO,GSE26682,GSM656830,fixed_log_expression,elastic_net,0,0.0003705667331814,0.601468563079834,0
GEO_LOCO,GSE26682,GSM656831,fixed_log_expression,elastic_net,0,0.0356469005346298,0.601468563079834,0
GEO_LOCO,GSE26682,GSM656832,fixed_log_expression,elastic_net,0,0.0221939943730831,0.601468563079834,0
GEO_LOCO,GSE26682,GSM656833,fixed_log_expression,elastic_net,0,0.000491680635605,0.601468563079834,0
GEO_LOCO,GSE26682,GSM656834,fixed_log_expression,elastic_net,0,0.0585731454193592,0.601468563079834,0
GEO_LOCO,GSE26682,GSM656836,fixed_log_expression,elastic_net,0,0.0006804499425925,0.601468563079834,0
GEO_LOCO,GSE26682,GSM656837,fixed_log_expression,elastic_net,1,0.8868929743766785,0.601468563079834,1
GEO_LOCO,GSE26682,GSM656840,fixed_log_expression,elastic_net,0,0.0022732971701771,0.601468563079834,0
GEO_LOCO,GSE26682,GSM656841,fixed_log_expression,elastic_net,0,0.0038754295092076,0.601468563079834,0
GEO_LOCO,GSE26682,GSM656842,fixed_log_expression,elastic_net,1,0.2939912378787994,0.601468563079834,0
GEO_LOCO,GSE26682,GSM656843,fixed_log_expression,elastic_net,0,0.0077737653627991,0.601468563079834,0
GEO_LOCO,GSE26682,GSM656845,fixed_log_expression,elastic_net,0,0.0073299049399793,0.601468563079834,0
GEO_LOCO,GSE26682,GSM656846,fixed_log_expression,elastic_net,0,0.0213950555771589,0.601468563079834,0
GEO_LOCO,GSE26682,GSM656847,fixed_log_expression,elastic_net,0,0.0004998129443265,0.601468563079834,0
GEO_LOCO,GSE26682,GSM656849,fixed_log_expression,elastic_net,1,0.5052149891853333,0.601468563079834,0
GEO_LOCO,GSE26682,GSM656850,fixed_log_expression,elastic_net,1,0.0014008390717208,0.601468563079834,0
GEO_LOCO,GSE26682,GSM656851,fixed_log_expression,elastic_net,1,0.174292042851448,0.601468563079834,0
GEO_LOCO,GSE26682,GSM656853,fixed_log_expression,elastic_net,0,0.0034016503486782,0.601468563079834,0
GEO_LOCO,GSE26682,GSM656854,fixed_log_expression,elastic_net,1,0.8816839456558228,0.601468563079834,1
GEO_LOCO,GSE26682,GSM656857,fixed_log_expression,elastic_net,0,0.0311774369329214,0.601468563079834,0
GEO_LOCO,GSE26682,GSM656858,fixed_log_expression,elastic_net,0,0.015194728039205,0.601468563079834,0
GEO_LOCO,GSE26682,GSM656859,fixed_log_expression,elastic_net,0,0.0090864971280097,0.601468563079834,0
GEO_LOCO,GSE26682,GSM656860,fixed_log_expression,elastic_net,0,0.076109267771244,0.601468563079834,0
GEO_LOCO,GSE26682,GSM656861,fixed_log_expression,elastic_net,0,0.0018325670389458,0.601468563079834,0
GEO_LOCO,GSE26682,GSM656863,fixed_log_expression,elastic_net,0,0.0028244950808584,0.601468563079834,0
GEO_LOCO,GSE26682,GSM656864,fixed_log_expression,elastic_net,1,0.7926926612854004,0.601468563079834,1
GEO_LOCO,GSE26682,GSM656865,fixed_log_expression,elastic_net,1,0.0149901704862713,0.601468563079834,0
GEO_LOCO,GSE26682,GSM656867,fixed_log_expression,elastic_net,0,0.0398686081171035,0.601468563079834,0
GEO_LOCO,GSE26682,GSM656868,fixed_log_expression,elastic_net,0,0.0182044561952352,0.601468563079834,0
GEO_LOCO,GSE26682,GSM656869,fixed_log_expression,elastic_net,0,0.0048024612478911,0.601468563079834,0
GEO_LOCO,GSE26682,GSM656870,fixed_log_expression,elastic_net,0,0.0122652957215905,0.601468563079834,0
GEO_LOCO,GSE26682,GSM656542,fixed_log_expression,svm_rbf,0,0.3661010805296637,0.3894831551229746,0
GEO_LOCO,GSE26682,GSM656543,fixed_log_expression,svm_rbf,0,0.36251503225875,0.3894831551229746,0
GEO_LOCO,GSE26682,GSM656545,fixed_log_expression,svm_rbf,1,0.4146564244407705,0.3894831551229746,1
GEO_LOCO,GSE26682,GSM656546,fixed_log_expression,svm_rbf,0,0.3444971030233663,0.3894831551229746,0
GEO_LOCO,GSE26682,GSM656548,fixed_log_expression,svm_rbf,0,0.340191251132054,0.3894831551229746,0
GEO_LOCO,GSE26682,GSM656550,fixed_log_expression,svm_rbf,0,0.329718479994164,0.3894831551229746,0
GEO_LOCO,GSE26682,GSM656552,fixed_log_expression,svm_rbf,0,0.3624398920433811,0.3894831551229746,0
GEO_LOCO,GSE26682,GSM656553,fixed_log_expression,svm_rbf,0,0.3743109377052326,0.3894831551229746,0
GEO_LOCO,GSE26682,GSM656555,fixed_log_expression,svm_rbf,0,0.3823707216342709,0.3894831551229746,0
GEO_LOCO,GSE26682,GSM656556,fixed_log_expression,svm_rbf,0,0.3319602924795972,0.3894831551229746,0
GEO_LOCO,GSE26682,GSM656557,fixed_log_expression,svm_rbf,0,0.3638324336394275,0.3894831551229746,0
GEO_LOCO,GSE26682,GSM656558,fixed_log_expression,svm_rbf,0,0.3452897094404102,0.3894831551229746,0
GEO_LOCO,GSE26682,GSM656559,fixed_log_expression,svm_rbf,1,0.4112323459480428,0.3894831551229746,1
GEO_LOCO,GSE26682,GSM656560,fixed_log_expression,svm_rbf,0,0.3557583288594336,0.3894831551229746,0
GEO_LOCO,GSE26682,GSM656561,fixed_log_expression,svm_rbf,0,0.3642820373299264,0.3894831551229746,0
GEO_LOCO,GSE26682,GSM656567,fixed_log_expression,svm_rbf,0,0.3536921096109193,0.3894831551229746,0
GEO_LOCO,GSE26682,GSM656568,fixed_log_expression,svm_rbf,0,0.3635704955650955,0.3894831551229746,0
GEO_LOCO,GSE26682,GSM656569,fixed_log_expression,svm_rbf,0,0.3632348023336722,0.3894831551229746,0
GEO_LOCO,GSE26682,GSM656570,fixed_log_expression,svm_rbf,0,0.3452575165068999,0.3894831551229746,0
GEO_LOCO,GSE26682,GSM656574,fixed_log_expression,svm_rbf,0,0.3605263907338403,0.3894831551229746,0
GEO_LOCO,GSE26682,GSM656580,fixed_log_expression,svm_rbf,0,0.3566694041771164,0.3894831551229746,0
GEO_LOCO,GSE26682,GSM656582,fixed_log_expression,svm_rbf,0,0.3614279537083546,0.3894831551229746,0
GEO_LOCO,GSE26682,GSM656583,fixed_log_expression,svm_rbf,1,0.3958645979100813,0.3894831551229746,1
GEO_LOCO,GSE26682,GSM656584,fixed_log_expression,svm_rbf,0,0.3493331659295439,0.3894831551229746,0
GEO_LOCO,GSE26682,GSM656585,fixed_log_expression,svm_rbf,0,0.3716128012528532,0.3894831551229746,0
GEO_LOCO,GSE26682,GSM656586,fixed_log_expression,svm_rbf,0,0.3487996137965402,0.3894831551229746,0
GEO_LOCO,GSE26682,GSM656587,fixed_log_expression,svm_rbf,0,0.356684985359066,0.3894831551229746,0
GEO_LOCO,GSE26682,GSM656590,fixed_log_expression,svm_rbf,1,0.376625033367018,0.3894831551229746,0
GEO_LOCO,GSE26682,GSM656592,fixed_log_expression,svm_rbf,0,0.3545561608922503,0.3894831551229746,0
GEO_LOCO,GSE26682,GSM656596,fixed_log_expression,svm_rbf,0,0.3420285638767141,0.3894831551229746,0
GEO_LOCO,GSE26682,GSM656598,fixed_log_expression,svm_rbf,0,0.356477629746583,0.3894831551229746,0
GEO_LOCO,GSE26682,GSM656601,fixed_log_expression,svm_rbf,0,0.3648738147628177,0.3894831551229746,0
GEO_LOCO,GSE26682,GSM656603,fixed_log_expression,svm_rbf,1,0.4057893226220228,0.3894831551229746,1
GEO_LOCO,GSE26682,GSM656612,fixed_log_expression,svm_rbf,1,0.4424447534785768,0.3894831551229746,1
GEO_LOCO,GSE26682,GSM656613,fixed_log_expression,svm_rbf,0,0.3409710742995668,0.3894831551229746,0
GEO_LOCO,GSE26682,GSM656617,fixed_log_expression,svm_rbf,0,0.3708902676232777,0.3894831551229746,0
GEO_LOCO,GSE26682,GSM656618,fixed_log_expression,svm_rbf,0,0.3645368222184603,0.3894831551229746,0
GEO_LOCO,GSE26682,GSM656625,fixed_log_expression,svm_rbf,0,0.3912196687863737,0.3894831551229746,1
GEO_LOCO,GSE26682,GSM656634,fixed_log_expression,svm_rbf,0,0.3798694566388056,0.3894831551229746,0
GEO_LOCO,GSE26682,GSM656635,fixed_log_expression,svm_rbf,0,0.3741324015420764,0.3894831551229746,0
GEO_LOCO,GSE26682,GSM656636,fixed_log_expression,svm_rbf,0,0.3569760532568687,0.3894831551229746,0
GEO_LOCO,GSE26682,GSM656639,fixed_log_expression,svm_rbf,0,0.3651763907432321,0.3894831551229746,0
GEO_LOCO,GSE26682,GSM656640,fixed_log_expression,svm_rbf,0,0.3527832727536862,0.3894831551229746,0
GEO_LOCO,GSE26682,GSM656642,fixed_log_expression,svm_rbf,0,0.3700339199409577,0.3894831551229746,0
GEO_LOCO,GSE26682,GSM656644,fixed_log_expression,svm_rbf,0,0.3542383592871055,0.3894831551229746,0
GEO_LOCO,GSE26682,GSM656657,fixed_log_expression,svm_rbf,0,0.3637680608535475,0.3894831551229746,0
GEO_LOCO,GSE26682,GSM656662,fixed_log_expression,svm_rbf,0,0.347896951484094,0.3894831551229746,0
GEO_LOCO,GSE26682,GSM656663,fixed_log_expression,svm_rbf,0,0.3477186103576578,0.3894831551229746,0
GEO_LOCO,GSE26682,GSM656669,fixed_log_expression,svm_rbf,1,0.4376212733992632,0.3894831551229746,1
GEO_LOCO,GSE26682,GSM656672,fixed_log_expression,svm_rbf,0,0.3548935590731545,0.3894831551229746,0
GEO_LOCO,GSE26682,GSM656675,fixed_log_expression,svm_rbf,0,0.3332314152316326,0.3894831551229746,0
GEO_LOCO,GSE26682,GSM656676,fixed_log_expression,svm_rbf,0,0.3517016887490121,0.3894831551229746,0
GEO_LOCO,GSE26682,GSM656678,fixed_log_expression,svm_rbf,0,0.3573323021014481,0.3894831551229746,0
GEO_LOCO,GSE26682,GSM656679,fixed_log_expression,svm_rbf,1,0.4548625569495659,0.3894831551229746,1
GEO_LOCO,GSE26682,GSM656683,fixed_log_expression,svm_rbf,0,0.3660033405220565,0.3894831551229746,0
GEO_LOCO,GSE26682,GSM656687,fixed_log_expression,svm_rbf,0,0.3822524781550396,0.3894831551229746,0
GEO_LOCO,GSE26682,GSM656691,fixed_log_expression,svm_rbf,0,0.3562598378412454,0.3894831551229746,0
GEO_LOCO,GSE26682,GSM656692,fixed_log_expression,svm_rbf,0,0.3373703329852657,0.3894831551229746,0
GEO_LOCO,GSE26682,GSM656693,fixed_log_expression,svm_rbf,0,0.3522578802720947,0.3894831551229746,0
GEO_LOCO,GSE26682,GSM656695,fixed_log_expression,svm_rbf,0,0.3395327121292334,0.3894831551229746,0
GEO_LOCO,GSE26682,GSM656698,fixed_log_expression,svm_rbf,0,0.3669614470324015,0.3894831551229746,0
GEO_LOCO,GSE26682,GSM656699,fixed_log_expression,svm_rbf,0,0.3496893551753682,0.3894831551229746,0
GEO_LOCO,GSE26682,GSM656700,fixed_log_expression,svm_rbf,0,0.3535627820549064,0.3894831551229746,0
GEO_LOCO,GSE26682,GSM656701,fixed_log_expression,svm_rbf,0,0.3559044026138603,0.3894831551229746,0
GEO_LOCO,GSE26682,GSM656702,fixed_log_expression,svm_rbf,0,0.3347709613735775,0.3894831551229746,0
GEO_LOCO,GSE26682,GSM656703,fixed_log_expression,svm_rbf,0,0.338149937065994,0.3894831551229746,0
GEO_LOCO,GSE26682,GSM656704,fixed_log_expression,svm_rbf,0,0.3465308992932402,0.3894831551229746,0
GEO_LOCO,GSE26682,GSM656705,fixed_log_expression,svm_rbf,0,0.362602923775876,0.3894831551229746,0
GEO_LOCO,GSE26682,GSM656707,fixed_log_expression,svm_rbf,0,0.3664664370842757,0.3894831551229746,0
GEO_LOCO,GSE26682,GSM656710,fixed_log_expression,svm_rbf,0,0.3532417690405083,0.3894831551229746,0
GEO_LOCO,GSE26682,GSM656711,fixed_log_expression,svm_rbf,0,0.3447582022754534,0.3894831551229746,0
GEO_LOCO,GSE26682,GSM656714,fixed_log_expression,svm_rbf,0,0.3582188820768068,0.3894831551229746,0
GEO_LOCO,GSE26682,GSM656715,fixed_log_expression,svm_rbf,0,0.3442459825740333,0.3894831551229746,0
GEO_LOCO,GSE26682,GSM656720,fixed_log_expression,svm_rbf,0,0.3648274095024409,0.3894831551229746,0
GEO_LOCO,GSE26682,GSM656721,fixed_log_expression,svm_rbf,0,0.3795802106475383,0.3894831551229746,0
GEO_LOCO,GSE26682,GSM656726,fixed_log_expression,svm_rbf,0,0.3560489452150207,0.3894831551229746,0
GEO_LOCO,GSE26682,GSM656732,fixed_log_expression,svm_rbf,0,0.3579823657041456,0.3894831551229746,0
GEO_LOCO,GSE26682,GSM656735,fixed_log_expression,svm_rbf,0,0.3474741763611935,0.3894831551229746,0
GEO_LOCO,GSE26682,GSM656736,fixed_log_expression,svm_rbf,1,0.4130541293553634,0.3894831551229746,1
GEO_LOCO,GSE26682,GSM656737,fixed_log_expression,svm_rbf,0,0.3678834365829171,0.3894831551229746,0
GEO_LOCO,GSE26682,GSM656739,fixed_log_expression,svm_rbf,0,0.3630518789926834,0.3894831551229746,0
GEO_LOCO,GSE26682,GSM656742,fixed_log_expression,svm_rbf,0,0.364102588845077,0.3894831551229746,0
GEO_LOCO,GSE26682,GSM656749,fixed_log_expression,svm_rbf,0,0.3671103833446368,0.3894831551229746,0
GEO_LOCO,GSE26682,GSM656768,fixed_log_expression,svm_rbf,0,0.3466880436191877,0.3894831551229746,0
GEO_LOCO,GSE26682,GSM656769,fixed_log_expression,svm_rbf,0,0.3701336180299852,0.3894831551229746,0
GEO_LOCO,GSE26682,GSM656770,fixed_log_expression,svm_rbf,0,0.3589971211282283,0.3894831551229746,0
GEO_LOCO,GSE26682,GSM656772,fixed_log_expression,svm_rbf,0,0.3575397186206447,0.3894831551229746,0
GEO_LOCO,GSE26682,GSM656775,fixed_log_expression,svm_rbf,0,0.3548239515199933,0.3894831551229746,0
GEO_LOCO,GSE26682,GSM656776,fixed_log_expression,svm_rbf,0,0.3622890284965096,0.3894831551229746,0
GEO_LOCO,GSE26682,GSM656777,fixed_log_expression,svm_rbf,0,0.3590216470224919,0.3894831551229746,0
GEO_LOCO,GSE26682,GSM656783,fixed_log_expression,svm_rbf,0,0.3542681574122897,0.3894831551229746,0
GEO_LOCO,GSE26682,GSM656785,fixed_log_expression,svm_rbf,0,0.369981915500662,0.3894831551229746,0
GEO_LOCO,GSE26682,GSM656787,fixed_log_expression,svm_rbf,0,0.3690602505579475,0.3894831551229746,0
GEO_LOCO,GSE26682,GSM656794,fixed_log_expression,svm_rbf,0,0.3454470621284748,0.3894831551229746,0
GEO_LOCO,GSE26682,GSM656800,fixed_log_expression,svm_rbf,0,0.3630899571193673,0.3894831551229746,0
GEO_LOCO,GSE26682,GSM656803,fixed_log_expression,svm_rbf,0,0.3586219442013042,0.3894831551229746,0
GEO_LOCO,GSE26682,GSM656804,fixed_log_expression,svm_rbf,0,0.361640300718089,0.3894831551229746,0
GEO_LOCO,GSE26682,GSM656806,fixed_log_expression,svm_rbf,0,0.3640372365971564,0.3894831551229746,0
GEO_LOCO,GSE26682,GSM656809,fixed_log_expression,svm_rbf,0,0.3486105954317223,0.3894831551229746,0
GEO_LOCO,GSE26682,GSM656811,fixed_log_expression,svm_rbf,0,0.3503255236282597,0.3894831551229746,0
GEO_LOCO,GSE26682,GSM656816,fixed_log_expression,svm_rbf,0,0.3545289350925566,0.3894831551229746,0
GEO_LOCO,GSE26682,GSM656819,fixed_log_expression,svm_rbf,0,0.3636713057707356,0.3894831551229746,0
GEO_LOCO,GSE26682,GSM656820,fixed_log_expression,svm_rbf,1,0.4684231261830305,0.3894831551229746,1
GEO_LOCO,GSE26682,GSM656822,fixed_log_expression,svm_rbf,0,0.383136791956474,0.3894831551229746,0
GEO_LOCO,GSE26682,GSM656824,fixed_log_expression,svm_rbf,0,0.3413516072706162,0.3894831551229746,0
GEO_LOCO,GSE26682,GSM656825,fixed_log_expression,svm_rbf,0,0.345476787656965,0.3894831551229746,0
GEO_LOCO,GSE26682,GSM656830,fixed_log_expression,svm_rbf,0,0.370007660564644,0.3894831551229746,0
GEO_LOCO,GSE26682,GSM656831,fixed_log_expression,svm_rbf,0,0.3408658413002491,0.3894831551229746,0
GEO_LOCO,GSE26682,GSM656832,fixed_log_expression,svm_rbf,0,0.3795022670442909,0.3894831551229746,0
GEO_LOCO,GSE26682,GSM656833,fixed_log_expression,svm_rbf,0,0.3567988315680931,0.3894831551229746,0
GEO_LOCO,GSE26682,GSM656834,fixed_log_expression,svm_rbf,0,0.3564903085071721,0.3894831551229746,0
GEO_LOCO,GSE26682,GSM656836,fixed_log_expression,svm_rbf,0,0.3690643224577366,0.3894831551229746,0
GEO_LOCO,GSE26682,GSM656837,fixed_log_expression,svm_rbf,1,0.4819834615172406,0.3894831551229746,1
GEO_LOCO,GSE26682,GSM656840,fixed_log_expression,svm_rbf,0,0.3656096955898611,0.3894831551229746,0
GEO_LOCO,GSE26682,GSM656841,fixed_log_expression,svm_rbf,0,0.3719819989033719,0.3894831551229746,0
GEO_LOCO,GSE26682,GSM656842,fixed_log_expression,svm_rbf,1,0.4177352581433975,0.3894831551229746,1
GEO_LOCO,GSE26682,GSM656843,fixed_log_expression,svm_rbf,0,0.3597177941943842,0.3894831551229746,0
GEO_LOCO,GSE26682,GSM656845,fixed_log_expression,svm_rbf,0,0.3451175357443357,0.3894831551229746,0
GEO_LOCO,GSE26682,GSM656846,fixed_log_expression,svm_rbf,0,0.363503126909082,0.3894831551229746,0
GEO_LOCO,GSE26682,GSM656847,fixed_log_expression,svm_rbf,0,0.3552791748903662,0.3894831551229746,0
GEO_LOCO,GSE26682,GSM656849,fixed_log_expression,svm_rbf,1,0.4511834638226802,0.3894831551229746,1
GEO_LOCO,GSE26682,GSM656850,fixed_log_expression,svm_rbf,1,0.3615360754866049,0.3894831551229746,0
GEO_LOCO,GSE26682,GSM656851,fixed_log_expression,svm_rbf,1,0.4132799352495491,0.3894831551229746,1
GEO_LOCO,GSE26682,GSM656853,fixed_log_expression,svm_rbf,0,0.378003039011627,0.3894831551229746,0
GEO_LOCO,GSE26682,GSM656854,fixed_log_expression,svm_rbf,1,0.4336354352528462,0.3894831551229746,1
GEO_LOCO,GSE26682,GSM656857,fixed_log_expression,svm_rbf,0,0.3496663104133363,0.3894831551229746,0
GEO_LOCO,GSE26682,GSM656858,fixed_log_expression,svm_rbf,0,0.3394711303316733,0.3894831551229746,0
GEO_LOCO,GSE26682,GSM656859,fixed_log_expression,svm_rbf,0,0.3335046893406683,0.3894831551229746,0
GEO_LOCO,GSE26682,GSM656860,fixed_log_expression,svm_rbf,0,0.3899738804381483,0.3894831551229746,1
GEO_LOCO,GSE26682,GSM656861,fixed_log_expression,svm_rbf,0,0.3456125391627127,0.3894831551229746,0
GEO_LOCO,GSE26682,GSM656863,fixed_log_expression,svm_rbf,0,0.3567451267141807,0.3894831551229746,0
GEO_LOCO,GSE26682,GSM656864,fixed_log_expression,svm_rbf,1,0.4241577487451853,0.3894831551229746,1
GEO_LOCO,GSE26682,GSM656865,fixed_log_expression,svm_rbf,1,0.3736836242312065,0.3894831551229746,0
GEO_LOCO,GSE26682,GSM656867,fixed_log_expression,svm_rbf,0,0.3730072194962153,0.3894831551229746,0
GEO_LOCO,GSE26682,GSM656868,fixed_log_expression,svm_rbf,0,0.355616715421868,0.3894831551229746,0
GEO_LOCO,GSE26682,GSM656869,fixed_log_expression,svm_rbf,0,0.3618528949545071,0.3894831551229746,0
GEO_LOCO,GSE26682,GSM656870,fixed_log_expression,svm_rbf,0,0.3545638832898178,0.3894831551229746,0
GEO_LOCO,GSE26682,GSM656542,fixed_log_expression,xgboost,0,0.3873392045497894,0.4076491892337799,0
GEO_LOCO,GSE26682,GSM656543,fixed_log_expression,xgboost,0,0.3873392045497894,0.4076491892337799,0
GEO_LOCO,GSE26682,GSM656545,fixed_log_expression,xgboost,1,0.3873392045497894,0.4076491892337799,0
GEO_LOCO,GSE26682,GSM656546,fixed_log_expression,xgboost,0,0.3873392045497894,0.4076491892337799,0
GEO_LOCO,GSE26682,GSM656548,fixed_log_expression,xgboost,0,0.3873392045497894,0.4076491892337799,0
GEO_LOCO,GSE26682,GSM656550,fixed_log_expression,xgboost,0,0.3873392045497894,0.4076491892337799,0
GEO_LOCO,GSE26682,GSM656552,fixed_log_expression,xgboost,0,0.3873392045497894,0.4076491892337799,0
GEO_LOCO,GSE26682,GSM656553,fixed_log_expression,xgboost,0,0.3873392045497894,0.4076491892337799,0
GEO_LOCO,GSE26682,GSM656555,fixed_log_expression,xgboost,0,0.3873392045497894,0.4076491892337799,0
GEO_LOCO,GSE26682,GSM656556,fixed_log_expression,xgboost,0,0.4346171021461487,0.4076491892337799,1
GEO_LOCO,GSE26682,GSM656557,fixed_log_expression,xgboost,0,0.4118423163890838,0.4076491892337799,1
GEO_LOCO,GSE26682,GSM656558,fixed_log_expression,xgboost,0,0.3873392045497894,0.4076491892337799,0
GEO_LOCO,GSE26682,GSM656559,fixed_log_expression,xgboost,1,0.3873392045497894,0.4076491892337799,0
GEO_LOCO,GSE26682,GSM656560,fixed_log_expression,xgboost,0,0.3873392045497894,0.4076491892337799,0
GEO_LOCO,GSE26682,GSM656561,fixed_log_expression,xgboost,0,0.3873392045497894,0.4076491892337799,0
GEO_LOCO,GSE26682,GSM656567,fixed_log_expression,xgboost,0,0.3873392045497894,0.4076491892337799,0
GEO_LOCO,GSE26682,GSM656568,fixed_log_expression,xgboost,0,0.3873392045497894,0.4076491892337799,0
GEO_LOCO,GSE26682,GSM656569,fixed_log_expression,xgboost,0,0.3538891673088074,0.4076491892337799,0
GEO_LOCO,GSE26682,GSM656570,fixed_log_expression,xgboost,0,0.3873392045497894,0.4076491892337799,0
GEO_LOCO,GSE26682,GSM656574,fixed_log_expression,xgboost,0,0.3873392045497894,0.4076491892337799,0
GEO_LOCO,GSE26682,GSM656580,fixed_log_expression,xgboost,0,0.3873392045497894,0.4076491892337799,0
GEO_LOCO,GSE26682,GSM656582,fixed_log_expression,xgboost,0,0.3873392045497894,0.4076491892337799,0
GEO_LOCO,GSE26682,GSM656583,fixed_log_expression,xgboost,1,0.3873392045497894,0.4076491892337799,0
GEO_LOCO,GSE26682,GSM656584,fixed_log_expression,xgboost,0,0.3873392045497894,0.4076491892337799,0
GEO_LOCO,GSE26682,GSM656585,fixed_log_expression,xgboost,0,0.3873392045497894,0.4076491892337799,0
GEO_LOCO,GSE26682,GSM656586,fixed_log_expression,xgboost,0,0.3873392045497894,0.4076491892337799,0
GEO_LOCO,GSE26682,GSM656587,fixed_log_expression,xgboost,0,0.3873392045497894,0.4076491892337799,0
GEO_LOCO,GSE26682,GSM656590,fixed_log_expression,xgboost,1,0.3873392045497894,0.4076491892337799,0
GEO_LOCO,GSE26682,GSM656592,fixed_log_expression,xgboost,0,0.3873392045497894,0.4076491892337799,0
GEO_LOCO,GSE26682,GSM656596,fixed_log_expression,xgboost,0,0.3873392045497894,0.4076491892337799,0
GEO_LOCO,GSE26682,GSM656598,fixed_log_expression,xgboost,0,0.3687880039215088,0.4076491892337799,0
GEO_LOCO,GSE26682,GSM656601,fixed_log_expression,xgboost,0,0.3873392045497894,0.4076491892337799,0
GEO_LOCO,GSE26682,GSM656603,fixed_log_expression,xgboost,1,0.4118423163890838,0.4076491892337799,1
GEO_LOCO,GSE26682,GSM656612,fixed_log_expression,xgboost,1,0.3873392045497894,0.4076491892337799,0
GEO_LOCO,GSE26682,GSM656613,fixed_log_expression,xgboost,0,0.3873392045497894,0.4076491892337799,0
GEO_LOCO,GSE26682,GSM656617,fixed_log_expression,xgboost,0,0.3873392045497894,0.4076491892337799,0
GEO_LOCO,GSE26682,GSM656618,fixed_log_expression,xgboost,0,0.3873392045497894,0.4076491892337799,0
GEO_LOCO,GSE26682,GSM656625,fixed_log_expression,xgboost,0,0.418948620557785,0.4076491892337799,1
GEO_LOCO,GSE26682,GSM656634,fixed_log_expression,xgboost,0,0.4118423163890838,0.4076491892337799,1
GEO_LOCO,GSE26682,GSM656635,fixed_log_expression,xgboost,0,0.3630050420761108,0.4076491892337799,0
GEO_LOCO,GSE26682,GSM656636,fixed_log_expression,xgboost,0,0.3873392045497894,0.4076491892337799,0
GEO_LOCO,GSE26682,GSM656639,fixed_log_expression,xgboost,0,0.379470556974411,0.4076491892337799,0
GEO_LOCO,GSE26682,GSM656640,fixed_log_expression,xgboost,0,0.3873392045497894,0.4076491892337799,0
GEO_LOCO,GSE26682,GSM656642,fixed_log_expression,xgboost,0,0.3873392045497894,0.4076491892337799,0
GEO_LOCO,GSE26682,GSM656644,fixed_log_expression,xgboost,0,0.3873392045497894,0.4076491892337799,0
GEO_LOCO,GSE26682,GSM656657,fixed_log_expression,xgboost,0,0.3873392045497894,0.4076491892337799,0
GEO_LOCO,GSE26682,GSM656662,fixed_log_expression,xgboost,0,0.3873392045497894,0.4076491892337799,0
GEO_LOCO,GSE26682,GSM656663,fixed_log_expression,xgboost,0,0.3873392045497894,0.4076491892337799,0
GEO_LOCO,GSE26682,GSM656669,fixed_log_expression,xgboost,1,0.400012731552124,0.4076491892337799,0
GEO_LOCO,GSE26682,GSM656672,fixed_log_expression,xgboost,0,0.3873392045497894,0.4076491892337799,0
GEO_LOCO,GSE26682,GSM656675,fixed_log_expression,xgboost,0,0.3873392045497894,0.4076491892337799,0
GEO_LOCO,GSE26682,GSM656676,fixed_log_expression,xgboost,0,0.3873392045497894,0.4076491892337799,0
GEO_LOCO,GSE26682,GSM656678,fixed_log_expression,xgboost,0,0.3873392045497894,0.4076491892337799,0
GEO_LOCO,GSE26682,GSM656679,fixed_log_expression,xgboost,1,0.418948620557785,0.4076491892337799,1
GEO_LOCO,GSE26682,GSM656683,fixed_log_expression,xgboost,0,0.3873392045497894,0.4076491892337799,0
GEO_LOCO,GSE26682,GSM656687,fixed_log_expression,xgboost,0,0.3873392045497894,0.4076491892337799,0
GEO_LOCO,GSE26682,GSM656691,fixed_log_expression,xgboost,0,0.3873392045497894,0.4076491892337799,0
GEO_LOCO,GSE26682,GSM656692,fixed_log_expression,xgboost,0,0.3873392045497894,0.4076491892337799,0
GEO_LOCO,GSE26682,GSM656693,fixed_log_expression,xgboost,0,0.3873392045497894,0.4076491892337799,0
GEO_LOCO,GSE26682,GSM656695,fixed_log_expression,xgboost,0,0.3873392045497894,0.4076491892337799,0
GEO_LOCO,GSE26682,GSM656698,fixed_log_expression,xgboost,0,0.3582616746425628,0.4076491892337799,0
GEO_LOCO,GSE26682,GSM656699,fixed_log_expression,xgboost,0,0.3873392045497894,0.4076491892337799,0
GEO_LOCO,GSE26682,GSM656700,fixed_log_expression,xgboost,0,0.3873392045497894,0.4076491892337799,0
GEO_LOCO,GSE26682,GSM656701,fixed_log_expression,xgboost,0,0.3873392045497894,0.4076491892337799,0
GEO_LOCO,GSE26682,GSM656702,fixed_log_expression,xgboost,0,0.3873392045497894,0.4076491892337799,0
GEO_LOCO,GSE26682,GSM656703,fixed_log_expression,xgboost,0,0.3873392045497894,0.4076491892337799,0
GEO_LOCO,GSE26682,GSM656704,fixed_log_expression,xgboost,0,0.3873392045497894,0.4076491892337799,0
GEO_LOCO,GSE26682,GSM656705,fixed_log_expression,xgboost,0,0.3873392045497894,0.4076491892337799,0
GEO_LOCO,GSE26682,GSM656707,fixed_log_expression,xgboost,0,0.3873392045497894,0.4076491892337799,0
GEO_LOCO,GSE26682,GSM656710,fixed_log_expression,xgboost,0,0.3873392045497894,0.4076491892337799,0
GEO_LOCO,GSE26682,GSM656711,fixed_log_expression,xgboost,0,0.4507730901241302,0.4076491892337799,1
GEO_LOCO,GSE26682,GSM656714,fixed_log_expression,xgboost,0,0.3873392045497894,0.4076491892337799,0
GEO_LOCO,GSE26682,GSM656715,fixed_log_expression,xgboost,0,0.3873392045497894,0.4076491892337799,0
GEO_LOCO,GSE26682,GSM656720,fixed_log_expression,xgboost,0,0.3873392045497894,0.4076491892337799,0
GEO_LOCO,GSE26682,GSM656721,fixed_log_expression,xgboost,0,0.3873392045497894,0.4076491892337799,0
GEO_LOCO,GSE26682,GSM656726,fixed_log_expression,xgboost,0,0.3873392045497894,0.4076491892337799,0
GEO_LOCO,GSE26682,GSM656732,fixed_log_expression,xgboost,0,0.3873392045497894,0.4076491892337799,0
GEO_LOCO,GSE26682,GSM656735,fixed_log_expression,xgboost,0,0.3873392045497894,0.4076491892337799,0
GEO_LOCO,GSE26682,GSM656736,fixed_log_expression,xgboost,1,0.3873392045497894,0.4076491892337799,0
GEO_LOCO,GSE26682,GSM656737,fixed_log_expression,xgboost,0,0.3873392045497894,0.4076491892337799,0
GEO_LOCO,GSE26682,GSM656739,fixed_log_expression,xgboost,0,0.3873392045497894,0.4076491892337799,0
GEO_LOCO,GSE26682,GSM656742,fixed_log_expression,xgboost,0,0.3873392045497894,0.4076491892337799,0
GEO_LOCO,GSE26682,GSM656749,fixed_log_expression,xgboost,0,0.3687880039215088,0.4076491892337799,0
GEO_LOCO,GSE26682,GSM656768,fixed_log_expression,xgboost,0,0.3873392045497894,0.4076491892337799,0
GEO_LOCO,GSE26682,GSM656769,fixed_log_expression,xgboost,0,0.3687880039215088,0.4076491892337799,0
GEO_LOCO,GSE26682,GSM656770,fixed_log_expression,xgboost,0,0.3873392045497894,0.4076491892337799,0
GEO_LOCO,GSE26682,GSM656772,fixed_log_expression,xgboost,0,0.3873392045497894,0.4076491892337799,0
GEO_LOCO,GSE26682,GSM656775,fixed_log_expression,xgboost,0,0.3873392045497894,0.4076491892337799,0
GEO_LOCO,GSE26682,GSM656776,fixed_log_expression,xgboost,0,0.3873392045497894,0.4076491892337799,0
GEO_LOCO,GSE26682,GSM656777,fixed_log_expression,xgboost,0,0.3873392045497894,0.4076491892337799,0
GEO_LOCO,GSE26682,GSM656783,fixed_log_expression,xgboost,0,0.3873392045497894,0.4076491892337799,0
GEO_LOCO,GSE26682,GSM656785,fixed_log_expression,xgboost,0,0.3873392045497894,0.4076491892337799,0
GEO_LOCO,GSE26682,GSM656787,fixed_log_expression,xgboost,0,0.3873392045497894,0.4076491892337799,0
GEO_LOCO,GSE26682,GSM656794,fixed_log_expression,xgboost,0,0.3873392045497894,0.4076491892337799,0
GEO_LOCO,GSE26682,GSM656800,fixed_log_expression,xgboost,0,0.3873392045497894,0.4076491892337799,0
GEO_LOCO,GSE26682,GSM656803,fixed_log_expression,xgboost,0,0.3873392045497894,0.4076491892337799,0
GEO_LOCO,GSE26682,GSM656804,fixed_log_expression,xgboost,0,0.3873392045497894,0.4076491892337799,0
GEO_LOCO,GSE26682,GSM656806,fixed_log_expression,xgboost,0,0.379470556974411,0.4076491892337799,0
GEO_LOCO,GSE26682,GSM656809,fixed_log_expression,xgboost,0,0.3873392045497894,0.4076491892337799,0
GEO_LOCO,GSE26682,GSM656811,fixed_log_expression,xgboost,0,0.3873392045497894,0.4076491892337799,0
GEO_LOCO,GSE26682,GSM656816,fixed_log_expression,xgboost,0,0.3689249455928802,0.4076491892337799,0
GEO_LOCO,GSE26682,GSM656819,fixed_log_expression,xgboost,0,0.3873392045497894,0.4076491892337799,0
GEO_LOCO,GSE26682,GSM656820,fixed_log_expression,xgboost,1,0.418948620557785,0.4076491892337799,1
GEO_LOCO,GSE26682,GSM656822,fixed_log_expression,xgboost,0,0.4607309103012085,0.4076491892337799,1
GEO_LOCO,GSE26682,GSM656824,fixed_log_expression,xgboost,0,0.3873392045497894,0.4076491892337799,0
GEO_LOCO,GSE26682,GSM656825,fixed_log_expression,xgboost,0,0.3873392045497894,0.4076491892337799,0
GEO_LOCO,GSE26682,GSM656830,fixed_log_expression,xgboost,0,0.3873392045497894,0.4076491892337799,0
GEO_LOCO,GSE26682,GSM656831,fixed_log_expression,xgboost,0,0.3873392045497894,0.4076491892337799,0
GEO_LOCO,GSE26682,GSM656832,fixed_log_expression,xgboost,0,0.3873392045497894,0.4076491892337799,0
GEO_LOCO,GSE26682,GSM656833,fixed_log_expression,xgboost,0,0.3873392045497894,0.4076491892337799,0
GEO_LOCO,GSE26682,GSM656834,fixed_log_expression,xgboost,0,0.3873392045497894,0.4076491892337799,0
GEO_LOCO,GSE26682,GSM656836,fixed_log_expression,xgboost,0,0.3873392045497894,0.4076491892337799,0
GEO_LOCO,GSE26682,GSM656837,fixed_log_expression,xgboost,1,0.4229483902454376,0.4076491892337799,1
GEO_LOCO,GSE26682,GSM656840,fixed_log_expression,xgboost,0,0.3873392045497894,0.4076491892337799,0
GEO_LOCO,GSE26682,GSM656841,fixed_log_expression,xgboost,0,0.3873392045497894,0.4076491892337799,0
GEO_LOCO,GSE26682,GSM656842,fixed_log_expression,xgboost,1,0.4159515798091888,0.4076491892337799,1
GEO_LOCO,GSE26682,GSM656843,fixed_log_expression,xgboost,0,0.3873392045497894,0.4076491892337799,0
GEO_LOCO,GSE26682,GSM656845,fixed_log_expression,xgboost,0,0.3873392045497894,0.4076491892337799,0
GEO_LOCO,GSE26682,GSM656846,fixed_log_expression,xgboost,0,0.3873392045497894,0.4076491892337799,0
GEO_LOCO,GSE26682,GSM656847,fixed_log_expression,xgboost,0,0.3687880039215088,0.4076491892337799,0
GEO_LOCO,GSE26682,GSM656849,fixed_log_expression,xgboost,1,0.5168933272361755,0.4076491892337799,1
GEO_LOCO,GSE26682,GSM656850,fixed_log_expression,xgboost,1,0.3873392045497894,0.4076491892337799,0
GEO_LOCO,GSE26682,GSM656851,fixed_log_expression,xgboost,1,0.418948620557785,0.4076491892337799,1
GEO_LOCO,GSE26682,GSM656853,fixed_log_expression,xgboost,0,0.3873392045497894,0.4076491892337799,0
GEO_LOCO,GSE26682,GSM656854,fixed_log_expression,xgboost,1,0.3873392045497894,0.4076491892337799,0
GEO_LOCO,GSE26682,GSM656857,fixed_log_expression,xgboost,0,0.3873392045497894,0.4076491892337799,0
GEO_LOCO,GSE26682,GSM656858,fixed_log_expression,xgboost,0,0.3873392045497894,0.4076491892337799,0
GEO_LOCO,GSE26682,GSM656859,fixed_log_expression,xgboost,0,0.3873392045497894,0.4076491892337799,0
GEO_LOCO,GSE26682,GSM656860,fixed_log_expression,xgboost,0,0.4544605016708374,0.4076491892337799,1
GEO_LOCO,GSE26682,GSM656861,fixed_log_expression,xgboost,0,0.3687880039215088,0.4076491892337799,0
GEO_LOCO,GSE26682,GSM656863,fixed_log_expression,xgboost,0,0.3873392045497894,0.4076491892337799,0
GEO_LOCO,GSE26682,GSM656864,fixed_log_expression,xgboost,1,0.4690110087394714,0.4076491892337799,1
GEO_LOCO,GSE26682,GSM656865,fixed_log_expression,xgboost,1,0.3873392045497894,0.4076491892337799,0
GEO_LOCO,GSE26682,GSM656867,fixed_log_expression,xgboost,0,0.3873392045497894,0.4076491892337799,0
GEO_LOCO,GSE26682,GSM656868,fixed_log_expression,xgboost,0,0.3873392045497894,0.4076491892337799,0
GEO_LOCO,GSE26682,GSM656869,fixed_log_expression,xgboost,0,0.3873392045497894,0.4076491892337799,0
GEO_LOCO,GSE26682,GSM656870,fixed_log_expression,xgboost,0,0.3873392045497894,0.4076491892337799,0
GEO_LOCO,GSE26682,GSM656542,target_cohort_adaptive_zscore,elastic_net,0,0.001057818881236,0.535835862159729,0
GEO_LOCO,GSE26682,GSM656543,target_cohort_adaptive_zscore,elastic_net,0,0.0051384237594902,0.535835862159729,0
GEO_LOCO,GSE26682,GSM656545,target_cohort_adaptive_zscore,elastic_net,1,0.9993714690208436,0.535835862159729,1
GEO_LOCO,GSE26682,GSM656546,target_cohort_adaptive_zscore,elastic_net,0,0.0108652086928486,0.535835862159729,0
GEO_LOCO,GSE26682,GSM656548,target_cohort_adaptive_zscore,elastic_net,0,0.1492571085691452,0.535835862159729,0
GEO_LOCO,GSE26682,GSM656550,target_cohort_adaptive_zscore,elastic_net,0,0.1140936911106109,0.535835862159729,0
GEO_LOCO,GSE26682,GSM656552,target_cohort_adaptive_zscore,elastic_net,0,0.0312681160867214,0.535835862159729,0
GEO_LOCO,GSE26682,GSM656553,target_cohort_adaptive_zscore,elastic_net,0,7.992275641299784e-05,0.535835862159729,0
GEO_LOCO,GSE26682,GSM656555,target_cohort_adaptive_zscore,elastic_net,0,0.0140559589490294,0.535835862159729,0
GEO_LOCO,GSE26682,GSM656556,target_cohort_adaptive_zscore,elastic_net,0,0.0026411027647554,0.535835862159729,0
GEO_LOCO,GSE26682,GSM656557,target_cohort_adaptive_zscore,elastic_net,0,0.7183130979537964,0.535835862159729,1
GEO_LOCO,GSE26682,GSM656558,target_cohort_adaptive_zscore,elastic_net,0,0.0005584668833762,0.535835862159729,0
GEO_LOCO,GSE26682,GSM656559,target_cohort_adaptive_zscore,elastic_net,1,0.9999984502792358,0.535835862159729,1
GEO_LOCO,GSE26682,GSM656560,target_cohort_adaptive_zscore,elastic_net,0,0.2377052307128906,0.535835862159729,0
GEO_LOCO,GSE26682,GSM656561,target_cohort_adaptive_zscore,elastic_net,0,0.1609402447938919,0.535835862159729,0
GEO_LOCO,GSE26682,GSM656567,target_cohort_adaptive_zscore,elastic_net,0,0.0152571378275752,0.535835862159729,0
GEO_LOCO,GSE26682,GSM656568,target_cohort_adaptive_zscore,elastic_net,0,0.0025478375609964,0.535835862159729,0
GEO_LOCO,GSE26682,GSM656569,target_cohort_adaptive_zscore,elastic_net,0,0.0229780562222003,0.535835862159729,0
GEO_LOCO,GSE26682,GSM656570,target_cohort_adaptive_zscore,elastic_net,0,0.3717089593410492,0.535835862159729,0
GEO_LOCO,GSE26682,GSM656574,target_cohort_adaptive_zscore,elastic_net,0,0.0379077978432178,0.535835862159729,0
GEO_LOCO,GSE26682,GSM656580,target_cohort_adaptive_zscore,elastic_net,0,0.0914438068866729,0.535835862159729,0
GEO_LOCO,GSE26682,GSM656582,target_cohort_adaptive_zscore,elastic_net,0,0.007331452332437,0.535835862159729,0
GEO_LOCO,GSE26682,GSM656583,target_cohort_adaptive_zscore,elastic_net,1,1.0,0.535835862159729,1
GEO_LOCO,GSE26682,GSM656584,target_cohort_adaptive_zscore,elastic_net,0,0.3875897526741028,0.535835862159729,0
GEO_LOCO,GSE26682,GSM656585,target_cohort_adaptive_zscore,elastic_net,0,0.9643767476081848,0.535835862159729,1
GEO_LOCO,GSE26682,GSM656586,target_cohort_adaptive_zscore,elastic_net,0,0.7500415444374084,0.535835862159729,1
GEO_LOCO,GSE26682,GSM656587,target_cohort_adaptive_zscore,elastic_net,0,0.1272981613874435,0.535835862159729,0
GEO_LOCO,GSE26682,GSM656590,target_cohort_adaptive_zscore,elastic_net,1,0.9999572038650512,0.535835862159729,1
GEO_LOCO,GSE26682,GSM656592,target_cohort_adaptive_zscore,elastic_net,0,0.2672480344772339,0.535835862159729,0
GEO_LOCO,GSE26682,GSM656596,target_cohort_adaptive_zscore,elastic_net,0,0.091822974383831,0.535835862159729,0
GEO_LOCO,GSE26682,GSM656598,target_cohort_adaptive_zscore,elastic_net,0,0.0570741705596447,0.535835862159729,0
GEO_LOCO,GSE26682,GSM656601,target_cohort_adaptive_zscore,elastic_net,0,0.0021434859372675,0.535835862159729,0
GEO_LOCO,GSE26682,GSM656603,target_cohort_adaptive_zscore,elastic_net,1,0.9999996423721312,0.535835862159729,1
GEO_LOCO,GSE26682,GSM656612,target_cohort_adaptive_zscore,elastic_net,1,1.0,0.535835862159729,1
GEO_LOCO,GSE26682,GSM656613,target_cohort_adaptive_zscore,elastic_net,0,0.2826135158538818,0.535835862159729,0
GEO_LOCO,GSE26682,GSM656617,target_cohort_adaptive_zscore,elastic_net,0,0.0075632771477103,0.535835862159729,0
GEO_LOCO,GSE26682,GSM656618,target_cohort_adaptive_zscore,elastic_net,0,0.0001134546473622,0.535835862159729,0
GEO_LOCO,GSE26682,GSM656625,target_cohort_adaptive_zscore,elastic_net,0,0.8651110529899597,0.535835862159729,1
GEO_LOCO,GSE26682,GSM656634,target_cohort_adaptive_zscore,elastic_net,0,0.9934661984443665,0.535835862159729,1
GEO_LOCO,GSE26682,GSM656635,target_cohort_adaptive_zscore,elastic_net,0,0.0251112170517444,0.535835862159729,0
GEO_LOCO,GSE26682,GSM656636,target_cohort_adaptive_zscore,elastic_net,0,0.0045445798896253,0.535835862159729,0
GEO_LOCO,GSE26682,GSM656639,target_cohort_adaptive_zscore,elastic_net,0,0.0091308820992708,0.535835862159729,0
GEO_LOCO,GSE26682,GSM656640,target_cohort_adaptive_zscore,elastic_net,0,0.7832494378089905,0.535835862159729,1
GEO_LOCO,GSE26682,GSM656642,target_cohort_adaptive_zscore,elastic_net,0,0.0489811524748802,0.535835862159729,0
GEO_LOCO,GSE26682,GSM656644,target_cohort_adaptive_zscore,elastic_net,0,0.000124940634123,0.535835862159729,0
GEO_LOCO,GSE26682,GSM656657,target_cohort_adaptive_zscore,elastic_net,0,0.0332281328737735,0.535835862159729,0
GEO_LOCO,GSE26682,GSM656662,target_cohort_adaptive_zscore,elastic_net,0,0.669799268245697,0.535835862159729,1
GEO_LOCO,GSE26682,GSM656663,target_cohort_adaptive_zscore,elastic_net,0,0.875430703163147,0.535835862159729,1
GEO_LOCO,GSE26682,GSM656669,target_cohort_adaptive_zscore,elastic_net,1,0.999919891357422,0.535835862159729,1
GEO_LOCO,GSE26682,GSM656672,target_cohort_adaptive_zscore,elastic_net,0,0.0148047162219882,0.535835862159729,0
GEO_LOCO,GSE26682,GSM656675,target_cohort_adaptive_zscore,elastic_net,0,0.0170469786971807,0.535835862159729,0
GEO_LOCO,GSE26682,GSM656676,target_cohort_adaptive_zscore,elastic_net,0,0.0049662962555885,0.535835862159729,0
GEO_LOCO,GSE26682,GSM656678,target_cohort_adaptive_zscore,elastic_net,0,0.1387743949890136,0.535835862159729,0
GEO_LOCO,GSE26682,GSM656679,target_cohort_adaptive_zscore,elastic_net,1,0.9999994039535522,0.535835862159729,1
GEO_LOCO,GSE26682,GSM656683,target_cohort_adaptive_zscore,elastic_net,0,0.0061064632609486,0.535835862159729,0
GEO_LOCO,GSE26682,GSM656687,target_cohort_adaptive_zscore,elastic_net,0,0.5783585906028748,0.535835862159729,1
GEO_LOCO,GSE26682,GSM656691,target_cohort_adaptive_zscore,elastic_net,0,0.2228050380945205,0.535835862159729,0
GEO_LOCO,GSE26682,GSM656692,target_cohort_adaptive_zscore,elastic_net,0,0.0110185211524367,0.535835862159729,0
GEO_LOCO,GSE26682,GSM656693,target_cohort_adaptive_zscore,elastic_net,0,0.9603288769721984,0.535835862159729,1
GEO_LOCO,GSE26682,GSM656695,target_cohort_adaptive_zscore,elastic_net,0,0.0133213428780436,0.535835862159729,0
GEO_LOCO,GSE26682,GSM656698,target_cohort_adaptive_zscore,elastic_net,0,0.121073342859745,0.535835862159729,0
GEO_LOCO,GSE26682,GSM656699,target_cohort_adaptive_zscore,elastic_net,0,0.0967863202095031,0.535835862159729,0
GEO_LOCO,GSE26682,GSM656700,target_cohort_adaptive_zscore,elastic_net,0,0.852296769618988,0.535835862159729,1
GEO_LOCO,GSE26682,GSM656701,target_cohort_adaptive_zscore,elastic_net,0,0.0239121746271848,0.535835862159729,0
GEO_LOCO,GSE26682,GSM656702,target_cohort_adaptive_zscore,elastic_net,0,0.0048816194757819,0.535835862159729,0
GEO_LOCO,GSE26682,GSM656703,target_cohort_adaptive_zscore,elastic_net,0,0.5675296187400818,0.535835862159729,1
GEO_LOCO,GSE26682,GSM656704,target_cohort_adaptive_zscore,elastic_net,0,0.1898023933172226,0.535835862159729,0
GEO_LOCO,GSE26682,GSM656705,target_cohort_adaptive_zscore,elastic_net,0,0.979619801044464,0.535835862159729,1
GEO_LOCO,GSE26682,GSM656707,target_cohort_adaptive_zscore,elastic_net,0,0.001131925615482,0.535835862159729,0
GEO_LOCO,GSE26682,GSM656710,target_cohort_adaptive_zscore,elastic_net,0,0.2884377837181091,0.535835862159729,0
GEO_LOCO,GSE26682,GSM656711,target_cohort_adaptive_zscore,elastic_net,0,0.0710630118846893,0.535835862159729,0
GEO_LOCO,GSE26682,GSM656714,target_cohort_adaptive_zscore,elastic_net,0,0.0223033092916011,0.535835862159729,0
GEO_LOCO,GSE26682,GSM656715,target_cohort_adaptive_zscore,elastic_net,0,0.9936936497688292,0.535835862159729,1
GEO_LOCO,GSE26682,GSM656720,target_cohort_adaptive_zscore,elastic_net,0,0.1603092402219772,0.535835862159729,0
GEO_LOCO,GSE26682,GSM656721,target_cohort_adaptive_zscore,elastic_net,0,0.0033106440678238,0.535835862159729,0
GEO_LOCO,GSE26682,GSM656726,target_cohort_adaptive_zscore,elastic_net,0,0.4548987746238708,0.535835862159729,0
GEO_LOCO,GSE26682,GSM656732,target_cohort_adaptive_zscore,elastic_net,0,0.9658714532852172,0.535835862159729,1
GEO_LOCO,GSE26682,GSM656735,target_cohort_adaptive_zscore,elastic_net,0,0.0754912570118904,0.535835862159729,0
GEO_LOCO,GSE26682,GSM656736,target_cohort_adaptive_zscore,elastic_net,1,0.9999922513961792,0.535835862159729,1
GEO_LOCO,GSE26682,GSM656737,target_cohort_adaptive_zscore,elastic_net,0,0.0001901138020912,0.535835862159729,0
GEO_LOCO,GSE26682,GSM656739,target_cohort_adaptive_zscore,elastic_net,0,0.4688447713851928,0.535835862159729,0
GEO_LOCO,GSE26682,GSM656742,target_cohort_adaptive_zscore,elastic_net,0,0.2978675961494446,0.535835862159729,0
GEO_LOCO,GSE26682,GSM656749,target_cohort_adaptive_zscore,elastic_net,0,4.6453660615952685e-05,0.535835862159729,0
GEO_LOCO,GSE26682,GSM656768,target_cohort_adaptive_zscore,elastic_net,0,0.0008211401291191,0.535835862159729,0
GEO_LOCO,GSE26682,GSM656769,target_cohort_adaptive_zscore,elastic_net,0,0.0006345882429741,0.535835862159729,0
GEO_LOCO,GSE26682,GSM656770,target_cohort_adaptive_zscore,elastic_net,0,0.0009312135516665,0.535835862159729,0
GEO_LOCO,GSE26682,GSM656772,target_cohort_adaptive_zscore,elastic_net,0,0.3009378910064697,0.535835862159729,0
GEO_LOCO,GSE26682,GSM656775,target_cohort_adaptive_zscore,elastic_net,0,0.0008946833549998,0.535835862159729,0
GEO_LOCO,GSE26682,GSM656776,target_cohort_adaptive_zscore,elastic_net,0,0.001023378339596,0.535835862159729,0
GEO_LOCO,GSE26682,GSM656777,target_cohort_adaptive_zscore,elastic_net,0,0.0454193092882633,0.535835862159729,0
GEO_LOCO,GSE26682,GSM656783,target_cohort_adaptive_zscore,elastic_net,0,0.0022823601029813,0.535835862159729,0
GEO_LOCO,GSE26682,GSM656785,target_cohort_adaptive_zscore,elastic_net,0,0.0015890729846432,0.535835862159729,0
GEO_LOCO,GSE26682,GSM656787,target_cohort_adaptive_zscore,elastic_net,0,0.0481644794344902,0.535835862159729,0
GEO_LOCO,GSE26682,GSM656794,target_cohort_adaptive_zscore,elastic_net,0,0.0303637236356735,0.535835862159729,0
GEO_LOCO,GSE26682,GSM656800,target_cohort_adaptive_zscore,elastic_net,0,0.01771498657763,0.535835862159729,0
GEO_LOCO,GSE26682,GSM656803,target_cohort_adaptive_zscore,elastic_net,0,0.2643692791461944,0.535835862159729,0
GEO_LOCO,GSE26682,GSM656804,target_cohort_adaptive_zscore,elastic_net,0,0.0036532278172671,0.535835862159729,0
GEO_LOCO,GSE26682,GSM656806,target_cohort_adaptive_zscore,elastic_net,0,0.0005422389949671,0.535835862159729,0
GEO_LOCO,GSE26682,GSM656809,target_cohort_adaptive_zscore,elastic_net,0,0.0003207065165042,0.535835862159729,0
GEO_LOCO,GSE26682,GSM656811,target_cohort_adaptive_zscore,elastic_net,0,0.1049796193838119,0.535835862159729,0
GEO_LOCO,GSE26682,GSM656816,target_cohort_adaptive_zscore,elastic_net,0,0.9942144751548768,0.535835862159729,1
GEO_LOCO,GSE26682,GSM656819,target_cohort_adaptive_zscore,elastic_net,0,0.5839293599128723,0.535835862159729,1
GEO_LOCO,GSE26682,GSM656820,target_cohort_adaptive_zscore,elastic_net,1,0.9999995231628418,0.535835862159729,1
GEO_LOCO,GSE26682,GSM656822,target_cohort_adaptive_zscore,elastic_net,0,0.9723407030105592,0.535835862159729,1
GEO_LOCO,GSE26682,GSM656824,target_cohort_adaptive_zscore,elastic_net,0,0.0045118783600628,0.535835862159729,0
GEO_LOCO,GSE26682,GSM656825,target_cohort_adaptive_zscore,elastic_net,0,0.0010717042023316,0.535835862159729,0
GEO_LOCO,GSE26682,GSM656830,target_cohort_adaptive_zscore,elastic_net,0,0.0001574178022565,0.535835862159729,0
GEO_LOCO,GSE26682,GSM656831,target_cohort_adaptive_zscore,elastic_net,0,0.9251118302345276,0.535835862159729,1
GEO_LOCO,GSE26682,GSM656832,target_cohort_adaptive_zscore,elastic_net,0,0.0757127255201339,0.535835862159729,0
GEO_LOCO,GSE26682,GSM656833,target_cohort_adaptive_zscore,elastic_net,0,0.0022590688895434,0.535835862159729,0
GEO_LOCO,GSE26682,GSM656834,target_cohort_adaptive_zscore,elastic_net,0,0.3700841665267944,0.535835862159729,0
GEO_LOCO,GSE26682,GSM656836,target_cohort_adaptive_zscore,elastic_net,0,3.932812887796899e-06,0.535835862159729,0
GEO_LOCO,GSE26682,GSM656837,target_cohort_adaptive_zscore,elastic_net,1,0.9999957084655762,0.535835862159729,1
GEO_LOCO,GSE26682,GSM656840,target_cohort_adaptive_zscore,elastic_net,0,0.0460104756057262,0.535835862159729,0
GEO_LOCO,GSE26682,GSM656841,target_cohort_adaptive_zscore,elastic_net,0,0.0009526081848889,0.535835862159729,0
GEO_LOCO,GSE26682,GSM656842,target_cohort_adaptive_zscore,elastic_net,1,0.9999997615814208,0.535835862159729,1
GEO_LOCO,GSE26682,GSM656843,target_cohort_adaptive_zscore,elastic_net,0,0.0030259010381996,0.535835862159729,0
GEO_LOCO,GSE26682,GSM656845,target_cohort_adaptive_zscore,elastic_net,0,0.5877862572669983,0.535835862159729,1
GEO_LOCO,GSE26682,GSM656846,target_cohort_adaptive_zscore,elastic_net,0,0.016318766400218,0.535835862159729,0
GEO_LOCO,GSE26682,GSM656847,target_cohort_adaptive_zscore,elastic_net,0,6.116514123277739e-05,0.535835862159729,0
GEO_LOCO,GSE26682,GSM656849,target_cohort_adaptive_zscore,elastic_net,1,0.9999970197677612,0.535835862159729,1
GEO_LOCO,GSE26682,GSM656850,target_cohort_adaptive_zscore,elastic_net,1,9.887373016681522e-05,0.535835862159729,0
GEO_LOCO,GSE26682,GSM656851,target_cohort_adaptive_zscore,elastic_net,1,0.99160236120224,0.535835862159729,1
GEO_LOCO,GSE26682,GSM656853,target_cohort_adaptive_zscore,elastic_net,0,0.0015336426440626,0.535835862159729,0
GEO_LOCO,GSE26682,GSM656854,target_cohort_adaptive_zscore,elastic_net,1,1.0,0.535835862159729,1
GEO_LOCO,GSE26682,GSM656857,target_cohort_adaptive_zscore,elastic_net,0,0.005210121627897,0.535835862159729,0
GEO_LOCO,GSE26682,GSM656858,target_cohort_adaptive_zscore,elastic_net,0,0.7736225724220276,0.535835862159729,1
GEO_LOCO,GSE26682,GSM656859,target_cohort_adaptive_zscore,elastic_net,0,0.0017663293983787,0.535835862159729,0
GEO_LOCO,GSE26682,GSM656860,target_cohort_adaptive_zscore,elastic_net,0,0.0040840823203325,0.535835862159729,0
GEO_LOCO,GSE26682,GSM656861,target_cohort_adaptive_zscore,elastic_net,0,0.0003999276959802,0.535835862159729,0
GEO_LOCO,GSE26682,GSM656863,target_cohort_adaptive_zscore,elastic_net,0,0.0004673757357522,0.535835862159729,0
GEO_LOCO,GSE26682,GSM656864,target_cohort_adaptive_zscore,elastic_net,1,0.9999998807907104,0.535835862159729,1
GEO_LOCO,GSE26682,GSM656865,target_cohort_adaptive_zscore,elastic_net,1,0.0320777148008346,0.535835862159729,0
GEO_LOCO,GSE26682,GSM656867,target_cohort_adaptive_zscore,elastic_net,0,0.4254708588123321,0.535835862159729,0
GEO_LOCO,GSE26682,GSM656868,target_cohort_adaptive_zscore,elastic_net,0,0.0965116545557975,0.535835862159729,0
GEO_LOCO,GSE26682,GSM656869,target_cohort_adaptive_zscore,elastic_net,0,0.1758294701576233,0.535835862159729,0
GEO_LOCO,GSE26682,GSM656870,target_cohort_adaptive_zscore,elastic_net,0,0.0020633493550121,0.535835862159729,0
GEO_LOCO,GSE26682,GSM656542,target_cohort_adaptive_zscore,svm_rbf,0,0.0198169961276463,0.1889698949061097,0
GEO_LOCO,GSE26682,GSM656543,target_cohort_adaptive_zscore,svm_rbf,0,0.0078563739334849,0.1889698949061097,0
GEO_LOCO,GSE26682,GSM656545,target_cohort_adaptive_zscore,svm_rbf,1,0.988458408850492,0.1889698949061097,1
GEO_LOCO,GSE26682,GSM656546,target_cohort_adaptive_zscore,svm_rbf,0,0.0043555130809847,0.1889698949061097,0
GEO_LOCO,GSE26682,GSM656548,target_cohort_adaptive_zscore,svm_rbf,0,0.0055084562983837,0.1889698949061097,0
GEO_LOCO,GSE26682,GSM656550,target_cohort_adaptive_zscore,svm_rbf,0,0.1191564192986045,0.1889698949061097,0
GEO_LOCO,GSE26682,GSM656552,target_cohort_adaptive_zscore,svm_rbf,0,0.0055953347274272,0.1889698949061097,0
GEO_LOCO,GSE26682,GSM656553,target_cohort_adaptive_zscore,svm_rbf,0,0.0099905039370134,0.1889698949061097,0
GEO_LOCO,GSE26682,GSM656555,target_cohort_adaptive_zscore,svm_rbf,0,0.0684768712469428,0.1889698949061097,0
GEO_LOCO,GSE26682,GSM656556,target_cohort_adaptive_zscore,svm_rbf,0,0.2485478058265366,0.1889698949061097,1
GEO_LOCO,GSE26682,GSM656557,target_cohort_adaptive_zscore,svm_rbf,0,0.4440513577298364,0.1889698949061097,1
GEO_LOCO,GSE26682,GSM656558,target_cohort_adaptive_zscore,svm_rbf,0,0.008290102074765,0.1889698949061097,0
GEO_LOCO,GSE26682,GSM656559,target_cohort_adaptive_zscore,svm_rbf,1,0.9571140129266452,0.1889698949061097,1
GEO_LOCO,GSE26682,GSM656560,target_cohort_adaptive_zscore,svm_rbf,0,0.0048625674081861,0.1889698949061097,0
GEO_LOCO,GSE26682,GSM656561,target_cohort_adaptive_zscore,svm_rbf,0,0.0281690043742712,0.1889698949061097,0
GEO_LOCO,GSE26682,GSM656567,target_cohort_adaptive_zscore,svm_rbf,0,0.0026959827864924,0.1889698949061097,0
GEO_LOCO,GSE26682,GSM656568,target_cohort_adaptive_zscore,svm_rbf,0,0.0161865608708804,0.1889698949061097,0
GEO_LOCO,GSE26682,GSM656569,target_cohort_adaptive_zscore,svm_rbf,0,0.0129559855955713,0.1889698949061097,0
GEO_LOCO,GSE26682,GSM656570,target_cohort_adaptive_zscore,svm_rbf,0,0.0548215685385835,0.1889698949061097,0
GEO_LOCO,GSE26682,GSM656574,target_cohort_adaptive_zscore,svm_rbf,0,0.0049074133194438,0.1889698949061097,0
GEO_LOCO,GSE26682,GSM656580,target_cohort_adaptive_zscore,svm_rbf,0,0.0152892939648655,0.1889698949061097,0
GEO_LOCO,GSE26682,GSM656582,target_cohort_adaptive_zscore,svm_rbf,0,0.0106915401445817,0.1889698949061097,0
GEO_LOCO,GSE26682,GSM656583,target_cohort_adaptive_zscore,svm_rbf,1,0.966481517945631,0.1889698949061097,1
GEO_LOCO,GSE26682,GSM656584,target_cohort_adaptive_zscore,svm_rbf,0,0.0170416439486965,0.1889698949061097,0
GEO_LOCO,GSE26682,GSM656585,target_cohort_adaptive_zscore,svm_rbf,0,0.657683194410379,0.1889698949061097,1
GEO_LOCO,GSE26682,GSM656586,target_cohort_adaptive_zscore,svm_rbf,0,0.5507157134113442,0.1889698949061097,1
GEO_LOCO,GSE26682,GSM656587,target_cohort_adaptive_zscore,svm_rbf,0,0.6876694525491858,0.1889698949061097,1
GEO_LOCO,GSE26682,GSM656590,target_cohort_adaptive_zscore,svm_rbf,1,0.9929909324463632,0.1889698949061097,1
GEO_LOCO,GSE26682,GSM656592,target_cohort_adaptive_zscore,svm_rbf,0,0.0129797404796667,0.1889698949061097,0
GEO_LOCO,GSE26682,GSM656596,target_cohort_adaptive_zscore,svm_rbf,0,0.0143987825950963,0.1889698949061097,0
GEO_LOCO,GSE26682,GSM656598,target_cohort_adaptive_zscore,svm_rbf,0,0.0398994778440607,0.1889698949061097,0
GEO_LOCO,GSE26682,GSM656601,target_cohort_adaptive_zscore,svm_rbf,0,0.0049014717567944,0.1889698949061097,0
GEO_LOCO,GSE26682,GSM656603,target_cohort_adaptive_zscore,svm_rbf,1,0.9860464577002964,0.1889698949061097,1
GEO_LOCO,GSE26682,GSM656612,target_cohort_adaptive_zscore,svm_rbf,1,0.9968981644325834,0.1889698949061097,1
GEO_LOCO,GSE26682,GSM656613,target_cohort_adaptive_zscore,svm_rbf,0,0.3178117133355646,0.1889698949061097,1
GEO_LOCO,GSE26682,GSM656617,target_cohort_adaptive_zscore,svm_rbf,0,0.0520854521867816,0.1889698949061097,0
GEO_LOCO,GSE26682,GSM656618,target_cohort_adaptive_zscore,svm_rbf,0,0.0072679504278013,0.1889698949061097,0
GEO_LOCO,GSE26682,GSM656625,target_cohort_adaptive_zscore,svm_rbf,0,0.5104056404732452,0.1889698949061097,1
GEO_LOCO,GSE26682,GSM656634,target_cohort_adaptive_zscore,svm_rbf,0,0.8998353631626342,0.1889698949061097,1
GEO_LOCO,GSE26682,GSM656635,target_cohort_adaptive_zscore,svm_rbf,0,0.1155272177589253,0.1889698949061097,0
GEO_LOCO,GSE26682,GSM656636,target_cohort_adaptive_zscore,svm_rbf,0,0.0372422897335659,0.1889698949061097,0
GEO_LOCO,GSE26682,GSM656639,target_cohort_adaptive_zscore,svm_rbf,0,0.0654210929739409,0.1889698949061097,0
GEO_LOCO,GSE26682,GSM656640,target_cohort_adaptive_zscore,svm_rbf,0,0.402939186247879,0.1889698949061097,1
GEO_LOCO,GSE26682,GSM656642,target_cohort_adaptive_zscore,svm_rbf,0,0.0780599587056528,0.1889698949061097,0
GEO_LOCO,GSE26682,GSM656644,target_cohort_adaptive_zscore,svm_rbf,0,0.0094709917713624,0.1889698949061097,0
GEO_LOCO,GSE26682,GSM656657,target_cohort_adaptive_zscore,svm_rbf,0,0.4297909432192265,0.1889698949061097,1
GEO_LOCO,GSE26682,GSM656662,target_cohort_adaptive_zscore,svm_rbf,0,0.0188612999280323,0.1889698949061097,0
GEO_LOCO,GSE26682,GSM656663,target_cohort_adaptive_zscore,svm_rbf,0,0.0392935720463397,0.1889698949061097,0
GEO_LOCO,GSE26682,GSM656669,target_cohort_adaptive_zscore,svm_rbf,1,0.5374962898628425,0.1889698949061097,1
GEO_LOCO,GSE26682,GSM656672,target_cohort_adaptive_zscore,svm_rbf,0,0.0195682941083045,0.1889698949061097,0
GEO_LOCO,GSE26682,GSM656675,target_cohort_adaptive_zscore,svm_rbf,0,0.1467097283252039,0.1889698949061097,0
GEO_LOCO,GSE26682,GSM656676,target_cohort_adaptive_zscore,svm_rbf,0,0.0031807865432402,0.1889698949061097,0
GEO_LOCO,GSE26682,GSM656678,target_cohort_adaptive_zscore,svm_rbf,0,0.1959236843306318,0.1889698949061097,1
GEO_LOCO,GSE26682,GSM656679,target_cohort_adaptive_zscore,svm_rbf,1,0.993664119132082,0.1889698949061097,1
GEO_LOCO,GSE26682,GSM656683,target_cohort_adaptive_zscore,svm_rbf,0,0.0294743122289552,0.1889698949061097,0
GEO_LOCO,GSE26682,GSM656687,target_cohort_adaptive_zscore,svm_rbf,0,0.3468169980708835,0.1889698949061097,1
GEO_LOCO,GSE26682,GSM656691,target_cohort_adaptive_zscore,svm_rbf,0,0.3816908483592532,0.1889698949061097,1
GEO_LOCO,GSE26682,GSM656692,target_cohort_adaptive_zscore,svm_rbf,0,0.1830402311136706,0.1889698949061097,0
GEO_LOCO,GSE26682,GSM656693,target_cohort_adaptive_zscore,svm_rbf,0,0.40543153808594,0.1889698949061097,1
GEO_LOCO,GSE26682,GSM656695,target_cohort_adaptive_zscore,svm_rbf,0,0.0647907540768948,0.1889698949061097,0
GEO_LOCO,GSE26682,GSM656698,target_cohort_adaptive_zscore,svm_rbf,0,0.0669703057695026,0.1889698949061097,0
GEO_LOCO,GSE26682,GSM656699,target_cohort_adaptive_zscore,svm_rbf,0,0.0213020873531637,0.1889698949061097,0
GEO_LOCO,GSE26682,GSM656700,target_cohort_adaptive_zscore,svm_rbf,0,0.0295706296800446,0.1889698949061097,0
GEO_LOCO,GSE26682,GSM656701,target_cohort_adaptive_zscore,svm_rbf,0,0.208841394850516,0.1889698949061097,1
GEO_LOCO,GSE26682,GSM656702,target_cohort_adaptive_zscore,svm_rbf,0,0.0247187847961016,0.1889698949061097,0
GEO_LOCO,GSE26682,GSM656703,target_cohort_adaptive_zscore,svm_rbf,0,0.0856528017807058,0.1889698949061097,0
GEO_LOCO,GSE26682,GSM656704,target_cohort_adaptive_zscore,svm_rbf,0,0.025561976765532,0.1889698949061097,0
GEO_LOCO,GSE26682,GSM656705,target_cohort_adaptive_zscore,svm_rbf,0,0.5833001276670726,0.1889698949061097,1
GEO_LOCO,GSE26682,GSM656707,target_cohort_adaptive_zscore,svm_rbf,0,0.0221003836823218,0.1889698949061097,0
GEO_LOCO,GSE26682,GSM656710,target_cohort_adaptive_zscore,svm_rbf,0,0.0128101248504795,0.1889698949061097,0
GEO_LOCO,GSE26682,GSM656711,target_cohort_adaptive_zscore,svm_rbf,0,0.1163596821506813,0.1889698949061097,0
GEO_LOCO,GSE26682,GSM656714,target_cohort_adaptive_zscore,svm_rbf,0,0.0070677082345332,0.1889698949061097,0
GEO_LOCO,GSE26682,GSM656715,target_cohort_adaptive_zscore,svm_rbf,0,0.6483747595787787,0.1889698949061097,1
GEO_LOCO,GSE26682,GSM656720,target_cohort_adaptive_zscore,svm_rbf,0,0.01093543210479,0.1889698949061097,0
GEO_LOCO,GSE26682,GSM656721,target_cohort_adaptive_zscore,svm_rbf,0,0.0945746244618618,0.1889698949061097,0
GEO_LOCO,GSE26682,GSM656726,target_cohort_adaptive_zscore,svm_rbf,0,0.3078482526220651,0.1889698949061097,1
GEO_LOCO,GSE26682,GSM656732,target_cohort_adaptive_zscore,svm_rbf,0,0.0295603728759585,0.1889698949061097,0
GEO_LOCO,GSE26682,GSM656735,target_cohort_adaptive_zscore,svm_rbf,0,0.0285225486643161,0.1889698949061097,0
GEO_LOCO,GSE26682,GSM656736,target_cohort_adaptive_zscore,svm_rbf,1,0.9457687258132704,0.1889698949061097,1
GEO_LOCO,GSE26682,GSM656737,target_cohort_adaptive_zscore,svm_rbf,0,0.0583737486382665,0.1889698949061097,0
GEO_LOCO,GSE26682,GSM656739,target_cohort_adaptive_zscore,svm_rbf,0,0.0582741019942897,0.1889698949061097,0
GEO_LOCO,GSE26682,GSM656742,target_cohort_adaptive_zscore,svm_rbf,0,0.0085023249934918,0.1889698949061097,0
GEO_LOCO,GSE26682,GSM656749,target_cohort_adaptive_zscore,svm_rbf,0,0.007828077698576,0.1889698949061097,0
GEO_LOCO,GSE26682,GSM656768,target_cohort_adaptive_zscore,svm_rbf,0,0.0031100056355057,0.1889698949061097,0
GEO_LOCO,GSE26682,GSM656769,target_cohort_adaptive_zscore,svm_rbf,0,0.0138612240619251,0.1889698949061097,0
GEO_LOCO,GSE26682,GSM656770,target_cohort_adaptive_zscore,svm_rbf,0,0.0393955096173969,0.1889698949061097,0
GEO_LOCO,GSE26682,GSM656772,target_cohort_adaptive_zscore,svm_rbf,0,0.05204055349945,0.1889698949061097,0
GEO_LOCO,GSE26682,GSM656775,target_cohort_adaptive_zscore,svm_rbf,0,0.0152508355441341,0.1889698949061097,0
GEO_LOCO,GSE26682,GSM656776,target_cohort_adaptive_zscore,svm_rbf,0,0.0219528991922179,0.1889698949061097,0
GEO_LOCO,GSE26682,GSM656777,target_cohort_adaptive_zscore,svm_rbf,0,0.0601448090376475,0.1889698949061097,0
GEO_LOCO,GSE26682,GSM656783,target_cohort_adaptive_zscore,svm_rbf,0,0.0040023799596078,0.1889698949061097,0
GEO_LOCO,GSE26682,GSM656785,target_cohort_adaptive_zscore,svm_rbf,0,0.0316028855026744,0.1889698949061097,0
GEO_LOCO,GSE26682,GSM656787,target_cohort_adaptive_zscore,svm_rbf,0,0.3742424917883687,0.1889698949061097,1
GEO_LOCO,GSE26682,GSM656794,target_cohort_adaptive_zscore,svm_rbf,0,0.0043876051662624,0.1889698949061097,0
GEO_LOCO,GSE26682,GSM656800,target_cohort_adaptive_zscore,svm_rbf,0,0.019795272527508,0.1889698949061097,0
GEO_LOCO,GSE26682,GSM656803,target_cohort_adaptive_zscore,svm_rbf,0,0.0282814852776087,0.1889698949061097,0
GEO_LOCO,GSE26682,GSM656804,target_cohort_adaptive_zscore,svm_rbf,0,0.0086724178603003,0.1889698949061097,0
GEO_LOCO,GSE26682,GSM656806,target_cohort_adaptive_zscore,svm_rbf,0,0.0542462321979204,0.1889698949061097,0
GEO_LOCO,GSE26682,GSM656809,target_cohort_adaptive_zscore,svm_rbf,0,0.0289105370706252,0.1889698949061097,0
GEO_LOCO,GSE26682,GSM656811,target_cohort_adaptive_zscore,svm_rbf,0,0.5626602609433204,0.1889698949061097,1
GEO_LOCO,GSE26682,GSM656816,target_cohort_adaptive_zscore,svm_rbf,0,0.5240615808132271,0.1889698949061097,1
GEO_LOCO,GSE26682,GSM656819,target_cohort_adaptive_zscore,svm_rbf,0,0.0092989716156677,0.1889698949061097,0
GEO_LOCO,GSE26682,GSM656820,target_cohort_adaptive_zscore,svm_rbf,1,0.9646225373142518,0.1889698949061097,1
GEO_LOCO,GSE26682,GSM656822,target_cohort_adaptive_zscore,svm_rbf,0,0.4883426314367388,0.1889698949061097,1
GEO_LOCO,GSE26682,GSM656824,target_cohort_adaptive_zscore,svm_rbf,0,0.0216378505212142,0.1889698949061097,0
GEO_LOCO,GSE26682,GSM656825,target_cohort_adaptive_zscore,svm_rbf,0,0.0558868919465093,0.1889698949061097,0
GEO_LOCO,GSE26682,GSM656830,target_cohort_adaptive_zscore,svm_rbf,0,0.0459719446070013,0.1889698949061097,0
GEO_LOCO,GSE26682,GSM656831,target_cohort_adaptive_zscore,svm_rbf,0,0.237373327661618,0.1889698949061097,1
GEO_LOCO,GSE26682,GSM656832,target_cohort_adaptive_zscore,svm_rbf,0,0.0376894622651148,0.1889698949061097,0
GEO_LOCO,GSE26682,GSM656833,target_cohort_adaptive_zscore,svm_rbf,0,0.0469967709052389,0.1889698949061097,0
GEO_LOCO,GSE26682,GSM656834,target_cohort_adaptive_zscore,svm_rbf,0,0.0391990278610449,0.1889698949061097,0
GEO_LOCO,GSE26682,GSM656836,target_cohort_adaptive_zscore,svm_rbf,0,0.0117424921757244,0.1889698949061097,0
GEO_LOCO,GSE26682,GSM656837,target_cohort_adaptive_zscore,svm_rbf,1,0.5994300440846502,0.1889698949061097,1
GEO_LOCO,GSE26682,GSM656840,target_cohort_adaptive_zscore,svm_rbf,0,0.0251813158874289,0.1889698949061097,0
GEO_LOCO,GSE26682,GSM656841,target_cohort_adaptive_zscore,svm_rbf,0,0.1548583642996535,0.1889698949061097,0
GEO_LOCO,GSE26682,GSM656842,target_cohort_adaptive_zscore,svm_rbf,1,0.8065607581227776,0.1889698949061097,1
GEO_LOCO,GSE26682,GSM656843,target_cohort_adaptive_zscore,svm_rbf,0,0.0029215134916937,0.1889698949061097,0
GEO_LOCO,GSE26682,GSM656845,target_cohort_adaptive_zscore,svm_rbf,0,0.490067084214619,0.1889698949061097,1
GEO_LOCO,GSE26682,GSM656846,target_cohort_adaptive_zscore,svm_rbf,0,0.0903851509654374,0.1889698949061097,0
GEO_LOCO,GSE26682,GSM656847,target_cohort_adaptive_zscore,svm_rbf,0,0.0267463108511089,0.1889698949061097,0
GEO_LOCO,GSE26682,GSM656849,target_cohort_adaptive_zscore,svm_rbf,1,0.3951980084923131,0.1889698949061097,1
GEO_LOCO,GSE26682,GSM656850,target_cohort_adaptive_zscore,svm_rbf,1,0.0068967412503918,0.1889698949061097,0
GEO_LOCO,GSE26682,GSM656851,target_cohort_adaptive_zscore,svm_rbf,1,0.9663405689197224,0.1889698949061097,1
GEO_LOCO,GSE26682,GSM656853,target_cohort_adaptive_zscore,svm_rbf,0,0.0065362305484192,0.1889698949061097,0
GEO_LOCO,GSE26682,GSM656854,target_cohort_adaptive_zscore,svm_rbf,1,0.9619894205753444,0.1889698949061097,1
GEO_LOCO,GSE26682,GSM656857,target_cohort_adaptive_zscore,svm_rbf,0,0.0516588515526125,0.1889698949061097,0
GEO_LOCO,GSE26682,GSM656858,target_cohort_adaptive_zscore,svm_rbf,0,0.1337818079185891,0.1889698949061097,0
GEO_LOCO,GSE26682,GSM656859,target_cohort_adaptive_zscore,svm_rbf,0,0.2565627702849558,0.1889698949061097,1
GEO_LOCO,GSE26682,GSM656860,target_cohort_adaptive_zscore,svm_rbf,0,0.2390294111589538,0.1889698949061097,1
GEO_LOCO,GSE26682,GSM656861,target_cohort_adaptive_zscore,svm_rbf,0,0.0037884433974084,0.1889698949061097,0
GEO_LOCO,GSE26682,GSM656863,target_cohort_adaptive_zscore,svm_rbf,0,0.0030000892683089,0.1889698949061097,0
GEO_LOCO,GSE26682,GSM656864,target_cohort_adaptive_zscore,svm_rbf,1,0.9613046349198704,0.1889698949061097,1
GEO_LOCO,GSE26682,GSM656865,target_cohort_adaptive_zscore,svm_rbf,1,0.0611292374643363,0.1889698949061097,0
GEO_LOCO,GSE26682,GSM656867,target_cohort_adaptive_zscore,svm_rbf,0,0.448380016943613,0.1889698949061097,1
GEO_LOCO,GSE26682,GSM656868,target_cohort_adaptive_zscore,svm_rbf,0,0.0604260468759706,0.1889698949061097,0
GEO_LOCO,GSE26682,GSM656869,target_cohort_adaptive_zscore,svm_rbf,0,0.0630016207856336,0.1889698949061097,0
GEO_LOCO,GSE26682,GSM656870,target_cohort_adaptive_zscore,svm_rbf,0,0.0582313200728346,0.1889698949061097,0
GEO_LOCO,GSE26682,GSM656542,target_cohort_adaptive_zscore,xgboost,0,0.0303380507975816,0.4208261966705322,0
GEO_LOCO,GSE26682,GSM656543,target_cohort_adaptive_zscore,xgboost,0,0.0720439031720161,0.4208261966705322,0
GEO_LOCO,GSE26682,GSM656545,target_cohort_adaptive_zscore,xgboost,1,0.9865411520004272,0.4208261966705322,1
GEO_LOCO,GSE26682,GSM656546,target_cohort_adaptive_zscore,xgboost,0,0.0251828860491514,0.4208261966705322,0
GEO_LOCO,GSE26682,GSM656548,target_cohort_adaptive_zscore,xgboost,0,0.0592462532222271,0.4208261966705322,0
GEO_LOCO,GSE26682,GSM656550,target_cohort_adaptive_zscore,xgboost,0,0.3531963527202606,0.4208261966705322,0
GEO_LOCO,GSE26682,GSM656552,target_cohort_adaptive_zscore,xgboost,0,0.3778693675994873,0.4208261966705322,0
GEO_LOCO,GSE26682,GSM656553,target_cohort_adaptive_zscore,xgboost,0,0.0231762584298849,0.4208261966705322,0
GEO_LOCO,GSE26682,GSM656555,target_cohort_adaptive_zscore,xgboost,0,0.3008745312690735,0.4208261966705322,0
GEO_LOCO,GSE26682,GSM656556,target_cohort_adaptive_zscore,xgboost,0,0.292976975440979,0.4208261966705322,0
GEO_LOCO,GSE26682,GSM656557,target_cohort_adaptive_zscore,xgboost,0,0.346611350774765,0.4208261966705322,0
GEO_LOCO,GSE26682,GSM656558,target_cohort_adaptive_zscore,xgboost,0,0.10817551612854,0.4208261966705322,0
GEO_LOCO,GSE26682,GSM656559,target_cohort_adaptive_zscore,xgboost,1,0.9809072613716124,0.4208261966705322,1
GEO_LOCO,GSE26682,GSM656560,target_cohort_adaptive_zscore,xgboost,0,0.1664894521236419,0.4208261966705322,0
GEO_LOCO,GSE26682,GSM656561,target_cohort_adaptive_zscore,xgboost,0,0.0626310780644416,0.4208261966705322,0
GEO_LOCO,GSE26682,GSM656567,target_cohort_adaptive_zscore,xgboost,0,0.0625465586781501,0.4208261966705322,0
GEO_LOCO,GSE26682,GSM656568,target_cohort_adaptive_zscore,xgboost,0,0.0267746113240718,0.4208261966705322,0
GEO_LOCO,GSE26682,GSM656569,target_cohort_adaptive_zscore,xgboost,0,0.0352795124053955,0.4208261966705322,0
GEO_LOCO,GSE26682,GSM656570,target_cohort_adaptive_zscore,xgboost,0,0.0605227760970592,0.4208261966705322,0
GEO_LOCO,GSE26682,GSM656574,target_cohort_adaptive_zscore,xgboost,0,0.0238161757588386,0.4208261966705322,0
GEO_LOCO,GSE26682,GSM656580,target_cohort_adaptive_zscore,xgboost,0,0.140419527888298,0.4208261966705322,0
GEO_LOCO,GSE26682,GSM656582,target_cohort_adaptive_zscore,xgboost,0,0.0804802700877189,0.4208261966705322,0
GEO_LOCO,GSE26682,GSM656583,target_cohort_adaptive_zscore,xgboost,1,0.9739058017730712,0.4208261966705322,1
GEO_LOCO,GSE26682,GSM656584,target_cohort_adaptive_zscore,xgboost,0,0.1643264293670654,0.4208261966705322,0
GEO_LOCO,GSE26682,GSM656585,target_cohort_adaptive_zscore,xgboost,0,0.2407454848289489,0.4208261966705322,0
GEO_LOCO,GSE26682,GSM656586,target_cohort_adaptive_zscore,xgboost,0,0.5093715190887451,0.4208261966705322,1
GEO_LOCO,GSE26682,GSM656587,target_cohort_adaptive_zscore,xgboost,0,0.3269040882587433,0.4208261966705322,0
GEO_LOCO,GSE26682,GSM656590,target_cohort_adaptive_zscore,xgboost,1,0.9684230089187622,0.4208261966705322,1
GEO_LOCO,GSE26682,GSM656592,target_cohort_adaptive_zscore,xgboost,0,0.2254114300012588,0.4208261966705322,0
GEO_LOCO,GSE26682,GSM656596,target_cohort_adaptive_zscore,xgboost,0,0.0425514876842498,0.4208261966705322,0
GEO_LOCO,GSE26682,GSM656598,target_cohort_adaptive_zscore,xgboost,0,0.0660654753446579,0.4208261966705322,0
GEO_LOCO,GSE26682,GSM656601,target_cohort_adaptive_zscore,xgboost,0,0.0256505701690912,0.4208261966705322,0
GEO_LOCO,GSE26682,GSM656603,target_cohort_adaptive_zscore,xgboost,1,0.9614675045013428,0.4208261966705322,1
GEO_LOCO,GSE26682,GSM656612,target_cohort_adaptive_zscore,xgboost,1,0.9882732033729552,0.4208261966705322,1
GEO_LOCO,GSE26682,GSM656613,target_cohort_adaptive_zscore,xgboost,0,0.3936421871185303,0.4208261966705322,0
GEO_LOCO,GSE26682,GSM656617,target_cohort_adaptive_zscore,xgboost,0,0.063102401793003,0.4208261966705322,0
GEO_LOCO,GSE26682,GSM656618,target_cohort_adaptive_zscore,xgboost,0,0.0348664261400699,0.4208261966705322,0
GEO_LOCO,GSE26682,GSM656625,target_cohort_adaptive_zscore,xgboost,0,0.708703339099884,0.4208261966705322,1
GEO_LOCO,GSE26682,GSM656634,target_cohort_adaptive_zscore,xgboost,0,0.8217687606811523,0.4208261966705322,1
GEO_LOCO,GSE26682,GSM656635,target_cohort_adaptive_zscore,xgboost,0,0.1677570939064026,0.4208261966705322,0
GEO_LOCO,GSE26682,GSM656636,target_cohort_adaptive_zscore,xgboost,0,0.2093246430158615,0.4208261966705322,0
GEO_LOCO,GSE26682,GSM656639,target_cohort_adaptive_zscore,xgboost,0,0.0505309142172336,0.4208261966705322,0
GEO_LOCO,GSE26682,GSM656640,target_cohort_adaptive_zscore,xgboost,0,0.487218976020813,0.4208261966705322,1
GEO_LOCO,GSE26682,GSM656642,target_cohort_adaptive_zscore,xgboost,0,0.0609821304678916,0.4208261966705322,0
GEO_LOCO,GSE26682,GSM656644,target_cohort_adaptive_zscore,xgboost,0,0.0748273953795433,0.4208261966705322,0
GEO_LOCO,GSE26682,GSM656657,target_cohort_adaptive_zscore,xgboost,0,0.6185696125030518,0.4208261966705322,1
GEO_LOCO,GSE26682,GSM656662,target_cohort_adaptive_zscore,xgboost,0,0.3323135673999786,0.4208261966705322,0
GEO_LOCO,GSE26682,GSM656663,target_cohort_adaptive_zscore,xgboost,0,0.2699948847293854,0.4208261966705322,0
GEO_LOCO,GSE26682,GSM656669,target_cohort_adaptive_zscore,xgboost,1,0.9582163095474244,0.4208261966705322,1
GEO_LOCO,GSE26682,GSM656672,target_cohort_adaptive_zscore,xgboost,0,0.1819552183151245,0.4208261966705322,0
GEO_LOCO,GSE26682,GSM656675,target_cohort_adaptive_zscore,xgboost,0,0.5844808220863342,0.4208261966705322,1
GEO_LOCO,GSE26682,GSM656676,target_cohort_adaptive_zscore,xgboost,0,0.0495889671146869,0.4208261966705322,0
GEO_LOCO,GSE26682,GSM656678,target_cohort_adaptive_zscore,xgboost,0,0.2507608830928802,0.4208261966705322,0
GEO_LOCO,GSE26682,GSM656679,target_cohort_adaptive_zscore,xgboost,1,0.9917297959327698,0.4208261966705322,1
GEO_LOCO,GSE26682,GSM656683,target_cohort_adaptive_zscore,xgboost,0,0.0195456761866807,0.4208261966705322,0
GEO_LOCO,GSE26682,GSM656687,target_cohort_adaptive_zscore,xgboost,0,0.1067138239741325,0.4208261966705322,0
GEO_LOCO,GSE26682,GSM656691,target_cohort_adaptive_zscore,xgboost,0,0.6204213500022888,0.4208261966705322,1
GEO_LOCO,GSE26682,GSM656692,target_cohort_adaptive_zscore,xgboost,0,0.3145801424980163,0.4208261966705322,0
GEO_LOCO,GSE26682,GSM656693,target_cohort_adaptive_zscore,xgboost,0,0.1962526738643646,0.4208261966705322,0
GEO_LOCO,GSE26682,GSM656695,target_cohort_adaptive_zscore,xgboost,0,0.1352511793375015,0.4208261966705322,0
GEO_LOCO,GSE26682,GSM656698,target_cohort_adaptive_zscore,xgboost,0,0.0429769530892372,0.4208261966705322,0
GEO_LOCO,GSE26682,GSM656699,target_cohort_adaptive_zscore,xgboost,0,0.1003018617630004,0.4208261966705322,0
GEO_LOCO,GSE26682,GSM656700,target_cohort_adaptive_zscore,xgboost,0,0.1367856860160827,0.4208261966705322,0
GEO_LOCO,GSE26682,GSM656701,target_cohort_adaptive_zscore,xgboost,0,0.1518257707357406,0.4208261966705322,0
GEO_LOCO,GSE26682,GSM656702,target_cohort_adaptive_zscore,xgboost,0,0.0885682255029678,0.4208261966705322,0
GEO_LOCO,GSE26682,GSM656703,target_cohort_adaptive_zscore,xgboost,0,0.5327751040458679,0.4208261966705322,1
GEO_LOCO,GSE26682,GSM656704,target_cohort_adaptive_zscore,xgboost,0,0.0680352821946144,0.4208261966705322,0
GEO_LOCO,GSE26682,GSM656705,target_cohort_adaptive_zscore,xgboost,0,0.7322579622268677,0.4208261966705322,1
GEO_LOCO,GSE26682,GSM656707,target_cohort_adaptive_zscore,xgboost,0,0.0593972578644752,0.4208261966705322,0
GEO_LOCO,GSE26682,GSM656710,target_cohort_adaptive_zscore,xgboost,0,0.0356394425034523,0.4208261966705322,0
GEO_LOCO,GSE26682,GSM656711,target_cohort_adaptive_zscore,xgboost,0,0.1812986582517624,0.4208261966705322,0
GEO_LOCO,GSE26682,GSM656714,target_cohort_adaptive_zscore,xgboost,0,0.0249626617878675,0.4208261966705322,0
GEO_LOCO,GSE26682,GSM656715,target_cohort_adaptive_zscore,xgboost,0,0.5817043781280518,0.4208261966705322,1
GEO_LOCO,GSE26682,GSM656720,target_cohort_adaptive_zscore,xgboost,0,0.0462462902069091,0.4208261966705322,0
GEO_LOCO,GSE26682,GSM656721,target_cohort_adaptive_zscore,xgboost,0,0.3294371366500854,0.4208261966705322,0
GEO_LOCO,GSE26682,GSM656726,target_cohort_adaptive_zscore,xgboost,0,0.2163020670413971,0.4208261966705322,0
GEO_LOCO,GSE26682,GSM656732,target_cohort_adaptive_zscore,xgboost,0,0.3324988186359405,0.4208261966705322,0
GEO_LOCO,GSE26682,GSM656735,target_cohort_adaptive_zscore,xgboost,0,0.1686875522136688,0.4208261966705322,0
GEO_LOCO,GSE26682,GSM656736,target_cohort_adaptive_zscore,xgboost,1,0.9740270376205444,0.4208261966705322,1
GEO_LOCO,GSE26682,GSM656737,target_cohort_adaptive_zscore,xgboost,0,0.5408958196640015,0.4208261966705322,1
GEO_LOCO,GSE26682,GSM656739,target_cohort_adaptive_zscore,xgboost,0,0.3380413651466369,0.4208261966705322,0
GEO_LOCO,GSE26682,GSM656742,target_cohort_adaptive_zscore,xgboost,0,0.1077306345105171,0.4208261966705322,0
GEO_LOCO,GSE26682,GSM656749,target_cohort_adaptive_zscore,xgboost,0,0.0133599052205681,0.4208261966705322,0
GEO_LOCO,GSE26682,GSM656768,target_cohort_adaptive_zscore,xgboost,0,0.0776792839169502,0.4208261966705322,0
GEO_LOCO,GSE26682,GSM656769,target_cohort_adaptive_zscore,xgboost,0,0.028453592211008,0.4208261966705322,0
GEO_LOCO,GSE26682,GSM656770,target_cohort_adaptive_zscore,xgboost,0,0.12644924223423,0.4208261966705322,0
GEO_LOCO,GSE26682,GSM656772,target_cohort_adaptive_zscore,xgboost,0,0.3254387676715851,0.4208261966705322,0
GEO_LOCO,GSE26682,GSM656775,target_cohort_adaptive_zscore,xgboost,0,0.0441877022385597,0.4208261966705322,0
GEO_LOCO,GSE26682,GSM656776,target_cohort_adaptive_zscore,xgboost,0,0.0268411878496408,0.4208261966705322,0
GEO_LOCO,GSE26682,GSM656777,target_cohort_adaptive_zscore,xgboost,0,0.096659317612648,0.4208261966705322,0
GEO_LOCO,GSE26682,GSM656783,target_cohort_adaptive_zscore,xgboost,0,0.019396198913455,0.4208261966705322,0
GEO_LOCO,GSE26682,GSM656785,target_cohort_adaptive_zscore,xgboost,0,0.055572286248207,0.4208261966705322,0
GEO_LOCO,GSE26682,GSM656787,target_cohort_adaptive_zscore,xgboost,0,0.4272718727588653,0.4208261966705322,1
GEO_LOCO,GSE26682,GSM656794,target_cohort_adaptive_zscore,xgboost,0,0.3443241119384765,0.4208261966705322,0
GEO_LOCO,GSE26682,GSM656800,target_cohort_adaptive_zscore,xgboost,0,0.0602005049586296,0.4208261966705322,0
GEO_LOCO,GSE26682,GSM656803,target_cohort_adaptive_zscore,xgboost,0,0.0871088057756424,0.4208261966705322,0
GEO_LOCO,GSE26682,GSM656804,target_cohort_adaptive_zscore,xgboost,0,0.0804285407066345,0.4208261966705322,0
GEO_LOCO,GSE26682,GSM656806,target_cohort_adaptive_zscore,xgboost,0,0.2194941490888595,0.4208261966705322,0
GEO_LOCO,GSE26682,GSM656809,target_cohort_adaptive_zscore,xgboost,0,0.2284369617700576,0.4208261966705322,0
GEO_LOCO,GSE26682,GSM656811,target_cohort_adaptive_zscore,xgboost,0,0.4787312150001526,0.4208261966705322,1
GEO_LOCO,GSE26682,GSM656816,target_cohort_adaptive_zscore,xgboost,0,0.5416370630264282,0.4208261966705322,1
GEO_LOCO,GSE26682,GSM656819,target_cohort_adaptive_zscore,xgboost,0,0.2379117161035537,0.4208261966705322,0
GEO_LOCO,GSE26682,GSM656820,target_cohort_adaptive_zscore,xgboost,1,0.9783247113227844,0.4208261966705322,1
GEO_LOCO,GSE26682,GSM656822,target_cohort_adaptive_zscore,xgboost,0,0.7151973247528076,0.4208261966705322,1
GEO_LOCO,GSE26682,GSM656824,target_cohort_adaptive_zscore,xgboost,0,0.1281004101037979,0.4208261966705322,0
GEO_LOCO,GSE26682,GSM656825,target_cohort_adaptive_zscore,xgboost,0,0.1077667102217674,0.4208261966705322,0
GEO_LOCO,GSE26682,GSM656830,target_cohort_adaptive_zscore,xgboost,0,0.0485344566404819,0.4208261966705322,0
GEO_LOCO,GSE26682,GSM656831,target_cohort_adaptive_zscore,xgboost,0,0.4233287572860718,0.4208261966705322,1
GEO_LOCO,GSE26682,GSM656832,target_cohort_adaptive_zscore,xgboost,0,0.2713625729084015,0.4208261966705322,0
GEO_LOCO,GSE26682,GSM656833,target_cohort_adaptive_zscore,xgboost,0,0.0806636735796928,0.4208261966705322,0
GEO_LOCO,GSE26682,GSM656834,target_cohort_adaptive_zscore,xgboost,0,0.1749387830495834,0.4208261966705322,0
GEO_LOCO,GSE26682,GSM656836,target_cohort_adaptive_zscore,xgboost,0,0.0154222641140222,0.4208261966705322,0
GEO_LOCO,GSE26682,GSM656837,target_cohort_adaptive_zscore,xgboost,1,0.9793643355369568,0.4208261966705322,1
GEO_LOCO,GSE26682,GSM656840,target_cohort_adaptive_zscore,xgboost,0,0.0288669783622026,0.4208261966705322,0
GEO_LOCO,GSE26682,GSM656841,target_cohort_adaptive_zscore,xgboost,0,0.15864197909832,0.4208261966705322,0
GEO_LOCO,GSE26682,GSM656842,target_cohort_adaptive_zscore,xgboost,1,0.9748626351356506,0.4208261966705322,1
GEO_LOCO,GSE26682,GSM656843,target_cohort_adaptive_zscore,xgboost,0,0.0459708385169506,0.4208261966705322,0
GEO_LOCO,GSE26682,GSM656845,target_cohort_adaptive_zscore,xgboost,0,0.3362507820129394,0.4208261966705322,0
GEO_LOCO,GSE26682,GSM656846,target_cohort_adaptive_zscore,xgboost,0,0.3776395916938782,0.4208261966705322,0
GEO_LOCO,GSE26682,GSM656847,target_cohort_adaptive_zscore,xgboost,0,0.0303045995533466,0.4208261966705322,0
GEO_LOCO,GSE26682,GSM656849,target_cohort_adaptive_zscore,xgboost,1,0.9286128282546996,0.4208261966705322,1
GEO_LOCO,GSE26682,GSM656850,target_cohort_adaptive_zscore,xgboost,1,0.0200436152517795,0.4208261966705322,0
GEO_LOCO,GSE26682,GSM656851,target_cohort_adaptive_zscore,xgboost,1,0.9566800594329834,0.4208261966705322,1
GEO_LOCO,GSE26682,GSM656853,target_cohort_adaptive_zscore,xgboost,0,0.0265896823257207,0.4208261966705322,0
GEO_LOCO,GSE26682,GSM656854,target_cohort_adaptive_zscore,xgboost,1,0.9812834858894348,0.4208261966705322,1
GEO_LOCO,GSE26682,GSM656857,target_cohort_adaptive_zscore,xgboost,0,0.1346547901630401,0.4208261966705322,0
GEO_LOCO,GSE26682,GSM656858,target_cohort_adaptive_zscore,xgboost,0,0.0613351836800575,0.4208261966705322,0
GEO_LOCO,GSE26682,GSM656859,target_cohort_adaptive_zscore,xgboost,0,0.1079124137759208,0.4208261966705322,0
GEO_LOCO,GSE26682,GSM656860,target_cohort_adaptive_zscore,xgboost,0,0.6123563647270203,0.4208261966705322,1
GEO_LOCO,GSE26682,GSM656861,target_cohort_adaptive_zscore,xgboost,0,0.0278925821185112,0.4208261966705322,0
GEO_LOCO,GSE26682,GSM656863,target_cohort_adaptive_zscore,xgboost,0,0.119484469294548,0.4208261966705322,0
GEO_LOCO,GSE26682,GSM656864,target_cohort_adaptive_zscore,xgboost,1,0.9830434918403624,0.4208261966705322,1
GEO_LOCO,GSE26682,GSM656865,target_cohort_adaptive_zscore,xgboost,1,0.1070907562971115,0.4208261966705322,0
GEO_LOCO,GSE26682,GSM656867,target_cohort_adaptive_zscore,xgboost,0,0.7864296436309814,0.4208261966705322,1
GEO_LOCO,GSE26682,GSM656868,target_cohort_adaptive_zscore,xgboost,0,0.1817435920238495,0.4208261966705322,0
GEO_LOCO,GSE26682,GSM656869,target_cohort_adaptive_zscore,xgboost,0,0.0837075188755989,0.4208261966705322,0
GEO_LOCO,GSE26682,GSM656870,target_cohort_adaptive_zscore,xgboost,0,0.7775788903236389,0.4208261966705322,1
GEO_LOCO,GSE26682,GSM656542,single_sample_rank,elastic_net,0,0.0065374001860618,0.5850597620010376,0
GEO_LOCO,GSE26682,GSM656543,single_sample_rank,elastic_net,0,0.0234614498913288,0.5850597620010376,0
GEO_LOCO,GSE26682,GSM656545,single_sample_rank,elastic_net,1,0.9999995231628418,0.5850597620010376,1
GEO_LOCO,GSE26682,GSM656546,single_sample_rank,elastic_net,0,0.0005204585031606,0.5850597620010376,0
GEO_LOCO,GSE26682,GSM656548,single_sample_rank,elastic_net,0,0.062792994081974,0.5850597620010376,0
GEO_LOCO,GSE26682,GSM656550,single_sample_rank,elastic_net,0,0.8448830246925354,0.5850597620010376,1
GEO_LOCO,GSE26682,GSM656552,single_sample_rank,elastic_net,0,0.7299989461898804,0.5850597620010376,1
GEO_LOCO,GSE26682,GSM656553,single_sample_rank,elastic_net,0,2.672176378837321e-05,0.5850597620010376,0
GEO_LOCO,GSE26682,GSM656555,single_sample_rank,elastic_net,0,0.0125136347487568,0.5850597620010376,0
GEO_LOCO,GSE26682,GSM656556,single_sample_rank,elastic_net,0,0.5045972466468811,0.5850597620010376,0
GEO_LOCO,GSE26682,GSM656557,single_sample_rank,elastic_net,0,0.0903146043419838,0.5850597620010376,0
GEO_LOCO,GSE26682,GSM656558,single_sample_rank,elastic_net,0,0.0040116440504789,0.5850597620010376,0
GEO_LOCO,GSE26682,GSM656559,single_sample_rank,elastic_net,1,0.999997854232788,0.5850597620010376,1
GEO_LOCO,GSE26682,GSM656560,single_sample_rank,elastic_net,0,0.4635109305381775,0.5850597620010376,0
GEO_LOCO,GSE26682,GSM656561,single_sample_rank,elastic_net,0,0.0170521661639213,0.5850597620010376,0
GEO_LOCO,GSE26682,GSM656567,single_sample_rank,elastic_net,0,0.0120491534471511,0.5850597620010376,0
GEO_LOCO,GSE26682,GSM656568,single_sample_rank,elastic_net,0,1.041791620082222e-06,0.5850597620010376,0
GEO_LOCO,GSE26682,GSM656569,single_sample_rank,elastic_net,0,0.0012633181177079,0.5850597620010376,0
GEO_LOCO,GSE26682,GSM656570,single_sample_rank,elastic_net,0,0.3278093039989471,0.5850597620010376,0
GEO_LOCO,GSE26682,GSM656574,single_sample_rank,elastic_net,0,0.0312615744769573,0.5850597620010376,0
GEO_LOCO,GSE26682,GSM656580,single_sample_rank,elastic_net,0,0.0014253781409934,0.5850597620010376,0
GEO_LOCO,GSE26682,GSM656582,single_sample_rank,elastic_net,0,0.0361491553485393,0.5850597620010376,0
GEO_LOCO,GSE26682,GSM656583,single_sample_rank,elastic_net,1,1.0,0.5850597620010376,1
GEO_LOCO,GSE26682,GSM656584,single_sample_rank,elastic_net,0,0.5172148942947388,0.5850597620010376,0
GEO_LOCO,GSE26682,GSM656585,single_sample_rank,elastic_net,0,0.8749200105667114,0.5850597620010376,1
GEO_LOCO,GSE26682,GSM656586,single_sample_rank,elastic_net,0,0.0813635662198066,0.5850597620010376,0
GEO_LOCO,GSE26682,GSM656587,single_sample_rank,elastic_net,0,0.6433708071708679,0.5850597620010376,1
GEO_LOCO,GSE26682,GSM656590,single_sample_rank,elastic_net,1,0.9999510049819946,0.5850597620010376,1
GEO_LOCO,GSE26682,GSM656592,single_sample_rank,elastic_net,0,0.4104961156845093,0.5850597620010376,0
GEO_LOCO,GSE26682,GSM656596,single_sample_rank,elastic_net,0,0.1062182486057281,0.5850597620010376,0
GEO_LOCO,GSE26682,GSM656598,single_sample_rank,elastic_net,0,0.000447219266789,0.5850597620010376,0
GEO_LOCO,GSE26682,GSM656601,single_sample_rank,elastic_net,0,0.0013122338568791,0.5850597620010376,0
GEO_LOCO,GSE26682,GSM656603,single_sample_rank,elastic_net,1,0.9999997615814208,0.5850597620010376,1
GEO_LOCO,GSE26682,GSM656612,single_sample_rank,elastic_net,1,1.0,0.5850597620010376,1
GEO_LOCO,GSE26682,GSM656613,single_sample_rank,elastic_net,0,0.6245595216751099,0.5850597620010376,1
GEO_LOCO,GSE26682,GSM656617,single_sample_rank,elastic_net,0,0.0092022940516471,0.5850597620010376,0
GEO_LOCO,GSE26682,GSM656618,single_sample_rank,elastic_net,0,6.329686357275932e-07,0.5850597620010376,0
GEO_LOCO,GSE26682,GSM656625,single_sample_rank,elastic_net,0,0.8348541855812073,0.5850597620010376,1
GEO_LOCO,GSE26682,GSM656634,single_sample_rank,elastic_net,0,0.9917334318161012,0.5850597620010376,1
GEO_LOCO,GSE26682,GSM656635,single_sample_rank,elastic_net,0,0.2301062941551208,0.5850597620010376,0
GEO_LOCO,GSE26682,GSM656636,single_sample_rank,elastic_net,0,0.0650868564844131,0.5850597620010376,0
GEO_LOCO,GSE26682,GSM656639,single_sample_rank,elastic_net,0,0.0113793713971972,0.5850597620010376,0
GEO_LOCO,GSE26682,GSM656640,single_sample_rank,elastic_net,0,0.6189864873886108,0.5850597620010376,1
GEO_LOCO,GSE26682,GSM656642,single_sample_rank,elastic_net,0,0.5657020807266235,0.5850597620010376,0
GEO_LOCO,GSE26682,GSM656644,single_sample_rank,elastic_net,0,0.0004197046800982,0.5850597620010376,0
GEO_LOCO,GSE26682,GSM656657,single_sample_rank,elastic_net,0,0.6335085034370422,0.5850597620010376,1
GEO_LOCO,GSE26682,GSM656662,single_sample_rank,elastic_net,0,0.2291393876075744,0.5850597620010376,0
GEO_LOCO,GSE26682,GSM656663,single_sample_rank,elastic_net,0,0.7069960236549377,0.5850597620010376,1
GEO_LOCO,GSE26682,GSM656669,single_sample_rank,elastic_net,1,0.9999998807907104,0.5850597620010376,1
GEO_LOCO,GSE26682,GSM656672,single_sample_rank,elastic_net,0,0.1138799935579299,0.5850597620010376,0
GEO_LOCO,GSE26682,GSM656675,single_sample_rank,elastic_net,0,0.0018336157081648,0.5850597620010376,0
GEO_LOCO,GSE26682,GSM656676,single_sample_rank,elastic_net,0,0.0348617173731327,0.5850597620010376,0
GEO_LOCO,GSE26682,GSM656678,single_sample_rank,elastic_net,0,0.1582576185464859,0.5850597620010376,0
GEO_LOCO,GSE26682,GSM656679,single_sample_rank,elastic_net,1,1.0,0.5850597620010376,1
GEO_LOCO,GSE26682,GSM656683,single_sample_rank,elastic_net,0,0.0025725169107317,0.5850597620010376,0
GEO_LOCO,GSE26682,GSM656687,single_sample_rank,elastic_net,0,0.8847610354423523,0.5850597620010376,1
GEO_LOCO,GSE26682,GSM656691,single_sample_rank,elastic_net,0,0.9721235632896424,0.5850597620010376,1
GEO_LOCO,GSE26682,GSM656692,single_sample_rank,elastic_net,0,0.0431074649095535,0.5850597620010376,0
GEO_LOCO,GSE26682,GSM656693,single_sample_rank,elastic_net,0,0.9458231925964355,0.5850597620010376,1
GEO_LOCO,GSE26682,GSM656695,single_sample_rank,elastic_net,0,0.0015562566695734,0.5850597620010376,0
GEO_LOCO,GSE26682,GSM656698,single_sample_rank,elastic_net,0,0.0073134186677634,0.5850597620010376,0
GEO_LOCO,GSE26682,GSM656699,single_sample_rank,elastic_net,0,0.1099823713302612,0.5850597620010376,0
GEO_LOCO,GSE26682,GSM656700,single_sample_rank,elastic_net,0,0.6558102369308472,0.5850597620010376,1
GEO_LOCO,GSE26682,GSM656701,single_sample_rank,elastic_net,0,0.4130061864852905,0.5850597620010376,0
GEO_LOCO,GSE26682,GSM656702,single_sample_rank,elastic_net,0,0.0244483239948749,0.5850597620010376,0
GEO_LOCO,GSE26682,GSM656703,single_sample_rank,elastic_net,0,0.0636871382594108,0.5850597620010376,0
GEO_LOCO,GSE26682,GSM656704,single_sample_rank,elastic_net,0,0.7430831789970398,0.5850597620010376,1
GEO_LOCO,GSE26682,GSM656705,single_sample_rank,elastic_net,0,0.8714399933815002,0.5850597620010376,1
GEO_LOCO,GSE26682,GSM656707,single_sample_rank,elastic_net,0,0.0133573468774557,0.5850597620010376,0
GEO_LOCO,GSE26682,GSM656710,single_sample_rank,elastic_net,0,0.2719713747501373,0.5850597620010376,0
GEO_LOCO,GSE26682,GSM656711,single_sample_rank,elastic_net,0,0.1042357608675956,0.5850597620010376,0
GEO_LOCO,GSE26682,GSM656714,single_sample_rank,elastic_net,0,0.0108054848387837,0.5850597620010376,0
GEO_LOCO,GSE26682,GSM656715,single_sample_rank,elastic_net,0,0.9971843361854552,0.5850597620010376,1
GEO_LOCO,GSE26682,GSM656720,single_sample_rank,elastic_net,0,0.0015855355886742,0.5850597620010376,0
GEO_LOCO,GSE26682,GSM656721,single_sample_rank,elastic_net,0,0.6895519495010376,0.5850597620010376,1
GEO_LOCO,GSE26682,GSM656726,single_sample_rank,elastic_net,0,0.9881829619407654,0.5850597620010376,1
GEO_LOCO,GSE26682,GSM656732,single_sample_rank,elastic_net,0,0.9381778240203856,0.5850597620010376,1
GEO_LOCO,GSE26682,GSM656735,single_sample_rank,elastic_net,0,0.0363076962530612,0.5850597620010376,0
GEO_LOCO,GSE26682,GSM656736,single_sample_rank,elastic_net,1,0.9999998807907104,0.5850597620010376,1
GEO_LOCO,GSE26682,GSM656737,single_sample_rank,elastic_net,0,0.0988447442650795,0.5850597620010376,0
GEO_LOCO,GSE26682,GSM656739,single_sample_rank,elastic_net,0,0.8001200556755066,0.5850597620010376,1
GEO_LOCO,GSE26682,GSM656742,single_sample_rank,elastic_net,0,0.1630797833204269,0.5850597620010376,0
GEO_LOCO,GSE26682,GSM656749,single_sample_rank,elastic_net,0,3.863118035951629e-05,0.5850597620010376,0
GEO_LOCO,GSE26682,GSM656768,single_sample_rank,elastic_net,0,7.148920121835545e-05,0.5850597620010376,0
GEO_LOCO,GSE26682,GSM656769,single_sample_rank,elastic_net,0,0.0002853788610082,0.5850597620010376,0
GEO_LOCO,GSE26682,GSM656770,single_sample_rank,elastic_net,0,0.0007510983850806,0.5850597620010376,0
GEO_LOCO,GSE26682,GSM656772,single_sample_rank,elastic_net,0,0.064799927175045,0.5850597620010376,0
GEO_LOCO,GSE26682,GSM656775,single_sample_rank,elastic_net,0,0.0281998049467802,0.5850597620010376,0
GEO_LOCO,GSE26682,GSM656776,single_sample_rank,elastic_net,0,4.312428791308776e-05,0.5850597620010376,0
GEO_LOCO,GSE26682,GSM656777,single_sample_rank,elastic_net,0,0.0749324038624763,0.5850597620010376,0
GEO_LOCO,GSE26682,GSM656783,single_sample_rank,elastic_net,0,0.0044537191279232,0.5850597620010376,0
GEO_LOCO,GSE26682,GSM656785,single_sample_rank,elastic_net,0,0.0176151376217603,0.5850597620010376,0
GEO_LOCO,GSE26682,GSM656787,single_sample_rank,elastic_net,0,0.3994248807430267,0.5850597620010376,0
GEO_LOCO,GSE26682,GSM656794,single_sample_rank,elastic_net,0,0.0479925237596035,0.5850597620010376,0
GEO_LOCO,GSE26682,GSM656800,single_sample_rank,elastic_net,0,0.0981584414839744,0.5850597620010376,0
GEO_LOCO,GSE26682,GSM656803,single_sample_rank,elastic_net,0,0.0026928100269287,0.5850597620010376,0
GEO_LOCO,GSE26682,GSM656804,single_sample_rank,elastic_net,0,0.1379289329051971,0.5850597620010376,0
GEO_LOCO,GSE26682,GSM656806,single_sample_rank,elastic_net,0,0.003962283488363,0.5850597620010376,0
GEO_LOCO,GSE26682,GSM656809,single_sample_rank,elastic_net,0,0.1649879515171051,0.5850597620010376,0
GEO_LOCO,GSE26682,GSM656811,single_sample_rank,elastic_net,0,0.6428980827331543,0.5850597620010376,1
GEO_LOCO,GSE26682,GSM656816,single_sample_rank,elastic_net,0,0.9997244477272034,0.5850597620010376,1
GEO_LOCO,GSE26682,GSM656819,single_sample_rank,elastic_net,0,0.3815165758132934,0.5850597620010376,0
GEO_LOCO,GSE26682,GSM656820,single_sample_rank,elastic_net,1,1.0,0.5850597620010376,1
GEO_LOCO,GSE26682,GSM656822,single_sample_rank,elastic_net,0,0.9993757605552672,0.5850597620010376,1
GEO_LOCO,GSE26682,GSM656824,single_sample_rank,elastic_net,0,0.0309393014758825,0.5850597620010376,0
GEO_LOCO,GSE26682,GSM656825,single_sample_rank,elastic_net,0,0.0254187490791082,0.5850597620010376,0
GEO_LOCO,GSE26682,GSM656830,single_sample_rank,elastic_net,0,2.7001340640708804e-05,0.5850597620010376,0
GEO_LOCO,GSE26682,GSM656831,single_sample_rank,elastic_net,0,0.7133869528770447,0.5850597620010376,1
GEO_LOCO,GSE26682,GSM656832,single_sample_rank,elastic_net,0,0.3761877715587616,0.5850597620010376,0
GEO_LOCO,GSE26682,GSM656833,single_sample_rank,elastic_net,0,0.0013731609797105,0.5850597620010376,0
GEO_LOCO,GSE26682,GSM656834,single_sample_rank,elastic_net,0,0.8926146626472473,0.5850597620010376,1
GEO_LOCO,GSE26682,GSM656836,single_sample_rank,elastic_net,0,3.510928081595921e-06,0.5850597620010376,0
GEO_LOCO,GSE26682,GSM656837,single_sample_rank,elastic_net,1,1.0,0.5850597620010376,1
GEO_LOCO,GSE26682,GSM656840,single_sample_rank,elastic_net,0,0.001654302002862,0.5850597620010376,0
GEO_LOCO,GSE26682,GSM656841,single_sample_rank,elastic_net,0,0.0212451945990324,0.5850597620010376,0
GEO_LOCO,GSE26682,GSM656842,single_sample_rank,elastic_net,1,0.9999998807907104,0.5850597620010376,1
GEO_LOCO,GSE26682,GSM656843,single_sample_rank,elastic_net,0,0.0356555804610252,0.5850597620010376,0
GEO_LOCO,GSE26682,GSM656845,single_sample_rank,elastic_net,0,0.0619200989603996,0.5850597620010376,0
GEO_LOCO,GSE26682,GSM656846,single_sample_rank,elastic_net,0,0.2085677683353424,0.5850597620010376,0
GEO_LOCO,GSE26682,GSM656847,single_sample_rank,elastic_net,0,5.877867806702852e-06,0.5850597620010376,0
GEO_LOCO,GSE26682,GSM656849,single_sample_rank,elastic_net,1,0.9952055215835572,0.5850597620010376,1
GEO_LOCO,GSE26682,GSM656850,single_sample_rank,elastic_net,1,0.0006641161744482,0.5850597620010376,0
GEO_LOCO,GSE26682,GSM656851,single_sample_rank,elastic_net,1,0.9841535687446594,0.5850597620010376,1
GEO_LOCO,GSE26682,GSM656853,single_sample_rank,elastic_net,0,0.0016080024652183,0.5850597620010376,0
GEO_LOCO,GSE26682,GSM656854,single_sample_rank,elastic_net,1,1.0,0.5850597620010376,1
GEO_LOCO,GSE26682,GSM656857,single_sample_rank,elastic_net,0,0.5685007572174072,0.5850597620010376,0
GEO_LOCO,GSE26682,GSM656858,single_sample_rank,elastic_net,0,0.5270636677742004,0.5850597620010376,0
GEO_LOCO,GSE26682,GSM656859,single_sample_rank,elastic_net,0,0.0037712100893259,0.5850597620010376,0
GEO_LOCO,GSE26682,GSM656860,single_sample_rank,elastic_net,0,1.9642323323409983e-09,0.5850597620010376,0
GEO_LOCO,GSE26682,GSM656861,single_sample_rank,elastic_net,0,0.0015917950076982,0.5850597620010376,0
GEO_LOCO,GSE26682,GSM656863,single_sample_rank,elastic_net,0,0.0128413392230868,0.5850597620010376,0
GEO_LOCO,GSE26682,GSM656864,single_sample_rank,elastic_net,1,1.0,0.5850597620010376,1
GEO_LOCO,GSE26682,GSM656865,single_sample_rank,elastic_net,1,0.6792841553688049,0.5850597620010376,1
GEO_LOCO,GSE26682,GSM656867,single_sample_rank,elastic_net,0,0.8915854096412659,0.5850597620010376,1
GEO_LOCO,GSE26682,GSM656868,single_sample_rank,elastic_net,0,0.097437672317028,0.5850597620010376,0
GEO_LOCO,GSE26682,GSM656869,single_sample_rank,elastic_net,0,0.0769061595201492,0.5850597620010376,0
GEO_LOCO,GSE26682,GSM656870,single_sample_rank,elastic_net,0,0.0017760972259566,0.5850597620010376,0
GEO_LOCO,GSE26682,GSM656542,single_sample_rank,svm_rbf,0,0.5,0.4947034408253037,1
GEO_LOCO,GSE26682,GSM656543,single_sample_rank,svm_rbf,0,0.4901327846382876,0.4947034408253037,0
GEO_LOCO,GSE26682,GSM656545,single_sample_rank,svm_rbf,1,0.781075323260446,0.4947034408253037,1
GEO_LOCO,GSE26682,GSM656546,single_sample_rank,svm_rbf,0,0.4288556664701512,0.4947034408253037,0
GEO_LOCO,GSE26682,GSM656548,single_sample_rank,svm_rbf,0,0.5,0.4947034408253037,1
GEO_LOCO,GSE26682,GSM656550,single_sample_rank,svm_rbf,0,0.5174463345821354,0.4947034408253037,1
GEO_LOCO,GSE26682,GSM656552,single_sample_rank,svm_rbf,0,0.4857410611586469,0.4947034408253037,0
GEO_LOCO,GSE26682,GSM656553,single_sample_rank,svm_rbf,0,0.4231314784508168,0.4947034408253037,0
GEO_LOCO,GSE26682,GSM656555,single_sample_rank,svm_rbf,0,0.5149949773304051,0.4947034408253037,1
GEO_LOCO,GSE26682,GSM656556,single_sample_rank,svm_rbf,0,0.5163696008109779,0.4947034408253037,1
GEO_LOCO,GSE26682,GSM656557,single_sample_rank,svm_rbf,0,0.5250705715730203,0.4947034408253037,1
GEO_LOCO,GSE26682,GSM656558,single_sample_rank,svm_rbf,0,0.4151056522854403,0.4947034408253037,0
GEO_LOCO,GSE26682,GSM656559,single_sample_rank,svm_rbf,1,0.5224163762470766,0.4947034408253037,1
GEO_LOCO,GSE26682,GSM656560,single_sample_rank,svm_rbf,0,0.5120247466183354,0.4947034408253037,1
GEO_LOCO,GSE26682,GSM656561,single_sample_rank,svm_rbf,0,0.5134428658293156,0.4947034408253037,1
GEO_LOCO,GSE26682,GSM656567,single_sample_rank,svm_rbf,0,0.4820460989980012,0.4947034408253037,0
GEO_LOCO,GSE26682,GSM656568,single_sample_rank,svm_rbf,0,0.5,0.4947034408253037,1
GEO_LOCO,GSE26682,GSM656569,single_sample_rank,svm_rbf,0,0.5169738149929493,0.4947034408253037,1
GEO_LOCO,GSE26682,GSM656570,single_sample_rank,svm_rbf,0,0.5133223932359063,0.4947034408253037,1
GEO_LOCO,GSE26682,GSM656574,single_sample_rank,svm_rbf,0,0.5064115068474974,0.4947034408253037,1
GEO_LOCO,GSE26682,GSM656580,single_sample_rank,svm_rbf,0,0.4417684361499986,0.4947034408253037,0
GEO_LOCO,GSE26682,GSM656582,single_sample_rank,svm_rbf,0,0.5136470177703643,0.4947034408253037,1
GEO_LOCO,GSE26682,GSM656583,single_sample_rank,svm_rbf,1,0.5421025370411584,0.4947034408253037,1
GEO_LOCO,GSE26682,GSM656584,single_sample_rank,svm_rbf,0,0.47577489771854,0.4947034408253037,0
GEO_LOCO,GSE26682,GSM656585,single_sample_rank,svm_rbf,0,0.5174341767819861,0.4947034408253037,1
GEO_LOCO,GSE26682,GSM656586,single_sample_rank,svm_rbf,0,0.522543490105065,0.4947034408253037,1
GEO_LOCO,GSE26682,GSM656587,single_sample_rank,svm_rbf,0,0.5346038177576964,0.4947034408253037,1
GEO_LOCO,GSE26682,GSM656590,single_sample_rank,svm_rbf,1,0.5266545272705996,0.4947034408253037,1
GEO_LOCO,GSE26682,GSM656592,single_sample_rank,svm_rbf,0,0.5,0.4947034408253037,1
GEO_LOCO,GSE26682,GSM656596,single_sample_rank,svm_rbf,0,0.5099697173887862,0.4947034408253037,1
GEO_LOCO,GSE26682,GSM656598,single_sample_rank,svm_rbf,0,0.5,0.4947034408253037,1
GEO_LOCO,GSE26682,GSM656601,single_sample_rank,svm_rbf,0,0.5110293434890808,0.4947034408253037,1
GEO_LOCO,GSE26682,GSM656603,single_sample_rank,svm_rbf,1,0.5376487874243719,0.4947034408253037,1
GEO_LOCO,GSE26682,GSM656612,single_sample_rank,svm_rbf,1,0.7711640917816364,0.4947034408253037,1
GEO_LOCO,GSE26682,GSM656613,single_sample_rank,svm_rbf,0,0.5190599374433622,0.4947034408253037,1
GEO_LOCO,GSE26682,GSM656617,single_sample_rank,svm_rbf,0,0.4709300518781035,0.4947034408253037,0
GEO_LOCO,GSE26682,GSM656618,single_sample_rank,svm_rbf,0,0.5,0.4947034408253037,1
GEO_LOCO,GSE26682,GSM656625,single_sample_rank,svm_rbf,0,0.5565691262894352,0.4947034408253037,1
GEO_LOCO,GSE26682,GSM656634,single_sample_rank,svm_rbf,0,0.5339458981417621,0.4947034408253037,1
GEO_LOCO,GSE26682,GSM656635,single_sample_rank,svm_rbf,0,0.2630560685827723,0.4947034408253037,0
GEO_LOCO,GSE26682,GSM656636,single_sample_rank,svm_rbf,0,0.5,0.4947034408253037,1
GEO_LOCO,GSE26682,GSM656639,single_sample_rank,svm_rbf,0,0.4901983792574722,0.4947034408253037,0
GEO_LOCO,GSE26682,GSM656640,single_sample_rank,svm_rbf,0,0.5103135403848889,0.4947034408253037,1
GEO_LOCO,GSE26682,GSM656642,single_sample_rank,svm_rbf,0,0.5,0.4947034408253037,1
GEO_LOCO,GSE26682,GSM656644,single_sample_rank,svm_rbf,0,0.4856373449345813,0.4947034408253037,0
GEO_LOCO,GSE26682,GSM656657,single_sample_rank,svm_rbf,0,0.4298465672759398,0.4947034408253037,0
GEO_LOCO,GSE26682,GSM656662,single_sample_rank,svm_rbf,0,0.5,0.4947034408253037,1
GEO_LOCO,GSE26682,GSM656663,single_sample_rank,svm_rbf,0,0.494244799369872,0.4947034408253037,0
GEO_LOCO,GSE26682,GSM656669,single_sample_rank,svm_rbf,1,0.9365529923317564,0.4947034408253037,1
GEO_LOCO,GSE26682,GSM656672,single_sample_rank,svm_rbf,0,0.3225833660361696,0.4947034408253037,0
GEO_LOCO,GSE26682,GSM656675,single_sample_rank,svm_rbf,0,0.5188972109791942,0.4947034408253037,1
GEO_LOCO,GSE26682,GSM656676,single_sample_rank,svm_rbf,0,0.5062202858309094,0.4947034408253037,1
GEO_LOCO,GSE26682,GSM656678,single_sample_rank,svm_rbf,0,0.48811239984233,0.4947034408253037,0
GEO_LOCO,GSE26682,GSM656679,single_sample_rank,svm_rbf,1,0.601132310959431,0.4947034408253037,1
GEO_LOCO,GSE26682,GSM656683,single_sample_rank,svm_rbf,0,0.5176244013971653,0.4947034408253037,1
GEO_LOCO,GSE26682,GSM656687,single_sample_rank,svm_rbf,0,0.5255498626021455,0.4947034408253037,1
GEO_LOCO,GSE26682,GSM656691,single_sample_rank,svm_rbf,0,0.51811877871776,0.4947034408253037,1
GEO_LOCO,GSE26682,GSM656692,single_sample_rank,svm_rbf,0,0.4183351240538846,0.4947034408253037,0
GEO_LOCO,GSE26682,GSM656693,single_sample_rank,svm_rbf,0,0.5160843990069839,0.4947034408253037,1
GEO_LOCO,GSE26682,GSM656695,single_sample_rank,svm_rbf,0,0.5174651805116148,0.4947034408253037,1
GEO_LOCO,GSE26682,GSM656698,single_sample_rank,svm_rbf,0,0.458676863911906,0.4947034408253037,0
GEO_LOCO,GSE26682,GSM656699,single_sample_rank,svm_rbf,0,0.5115914030637216,0.4947034408253037,1
GEO_LOCO,GSE26682,GSM656700,single_sample_rank,svm_rbf,0,0.5141735302360527,0.4947034408253037,1
GEO_LOCO,GSE26682,GSM656701,single_sample_rank,svm_rbf,0,0.4840647039302083,0.4947034408253037,0
GEO_LOCO,GSE26682,GSM656702,single_sample_rank,svm_rbf,0,0.5069210749671955,0.4947034408253037,1
GEO_LOCO,GSE26682,GSM656703,single_sample_rank,svm_rbf,0,0.5168297701051843,0.4947034408253037,1
GEO_LOCO,GSE26682,GSM656704,single_sample_rank,svm_rbf,0,0.5145852600074767,0.4947034408253037,1
GEO_LOCO,GSE26682,GSM656705,single_sample_rank,svm_rbf,0,0.5238587099140963,0.4947034408253037,1
GEO_LOCO,GSE26682,GSM656707,single_sample_rank,svm_rbf,0,0.2671852907471338,0.4947034408253037,0
GEO_LOCO,GSE26682,GSM656710,single_sample_rank,svm_rbf,0,0.4749109378810282,0.4947034408253037,0
GEO_LOCO,GSE26682,GSM656711,single_sample_rank,svm_rbf,0,0.5141796765523741,0.4947034408253037,1
GEO_LOCO,GSE26682,GSM656714,single_sample_rank,svm_rbf,0,0.4521332298426633,0.4947034408253037,0
GEO_LOCO,GSE26682,GSM656715,single_sample_rank,svm_rbf,0,0.527796340724,0.4947034408253037,1
GEO_LOCO,GSE26682,GSM656720,single_sample_rank,svm_rbf,0,0.4764184424023099,0.4947034408253037,0
GEO_LOCO,GSE26682,GSM656721,single_sample_rank,svm_rbf,0,0.3888402677973169,0.4947034408253037,0
GEO_LOCO,GSE26682,GSM656726,single_sample_rank,svm_rbf,0,0.5251693618363473,0.4947034408253037,1
GEO_LOCO,GSE26682,GSM656732,single_sample_rank,svm_rbf,0,0.5137301042219856,0.4947034408253037,1
GEO_LOCO,GSE26682,GSM656735,single_sample_rank,svm_rbf,0,0.5050567177595373,0.4947034408253037,1
GEO_LOCO,GSE26682,GSM656736,single_sample_rank,svm_rbf,1,0.5290142930541881,0.4947034408253037,1
GEO_LOCO,GSE26682,GSM656737,single_sample_rank,svm_rbf,0,0.4404638827676863,0.4947034408253037,0
GEO_LOCO,GSE26682,GSM656739,single_sample_rank,svm_rbf,0,0.5118046406232251,0.4947034408253037,1
GEO_LOCO,GSE26682,GSM656742,single_sample_rank,svm_rbf,0,0.4584514131401082,0.4947034408253037,0
GEO_LOCO,GSE26682,GSM656749,single_sample_rank,svm_rbf,0,0.2135867600682587,0.4947034408253037,0
GEO_LOCO,GSE26682,GSM656768,single_sample_rank,svm_rbf,0,0.5137771274167253,0.4947034408253037,1
GEO_LOCO,GSE26682,GSM656769,single_sample_rank,svm_rbf,0,0.5067917917493322,0.4947034408253037,1
GEO_LOCO,GSE26682,GSM656770,single_sample_rank,svm_rbf,0,0.4708701299286984,0.4947034408253037,0
GEO_LOCO,GSE26682,GSM656772,single_sample_rank,svm_rbf,0,0.480793905189132,0.4947034408253037,0
GEO_LOCO,GSE26682,GSM656775,single_sample_rank,svm_rbf,0,0.5,0.4947034408253037,1
GEO_LOCO,GSE26682,GSM656776,single_sample_rank,svm_rbf,0,0.4703614892775934,0.4947034408253037,0
GEO_LOCO,GSE26682,GSM656777,single_sample_rank,svm_rbf,0,0.5136734105438104,0.4947034408253037,1
GEO_LOCO,GSE26682,GSM656783,single_sample_rank,svm_rbf,0,0.5121761791187465,0.4947034408253037,1
GEO_LOCO,GSE26682,GSM656785,single_sample_rank,svm_rbf,0,0.4781495960554864,0.4947034408253037,0
GEO_LOCO,GSE26682,GSM656787,single_sample_rank,svm_rbf,0,0.5056228134184124,0.4947034408253037,1
GEO_LOCO,GSE26682,GSM656794,single_sample_rank,svm_rbf,0,0.5,0.4947034408253037,1
GEO_LOCO,GSE26682,GSM656800,single_sample_rank,svm_rbf,0,0.5065308384635957,0.4947034408253037,1
GEO_LOCO,GSE26682,GSM656803,single_sample_rank,svm_rbf,0,0.5,0.4947034408253037,1
GEO_LOCO,GSE26682,GSM656804,single_sample_rank,svm_rbf,0,0.4874736775193011,0.4947034408253037,0
GEO_LOCO,GSE26682,GSM656806,single_sample_rank,svm_rbf,0,0.5142613084877481,0.4947034408253037,1
GEO_LOCO,GSE26682,GSM656809,single_sample_rank,svm_rbf,0,0.518692610782609,0.4947034408253037,1
GEO_LOCO,GSE26682,GSM656811,single_sample_rank,svm_rbf,0,0.5199464028964605,0.4947034408253037,1
GEO_LOCO,GSE26682,GSM656816,single_sample_rank,svm_rbf,0,0.5399243249613933,0.4947034408253037,1
GEO_LOCO,GSE26682,GSM656819,single_sample_rank,svm_rbf,0,0.5,0.4947034408253037,1
GEO_LOCO,GSE26682,GSM656820,single_sample_rank,svm_rbf,1,0.6227939593575501,0.4947034408253037,1
GEO_LOCO,GSE26682,GSM656822,single_sample_rank,svm_rbf,0,0.5294303624299559,0.4947034408253037,1
GEO_LOCO,GSE26682,GSM656824,single_sample_rank,svm_rbf,0,0.5187718432756627,0.4947034408253037,1
GEO_LOCO,GSE26682,GSM656825,single_sample_rank,svm_rbf,0,0.5152368306985967,0.4947034408253037,1
GEO_LOCO,GSE26682,GSM656830,single_sample_rank,svm_rbf,0,0.4736829204781675,0.4947034408253037,0
GEO_LOCO,GSE26682,GSM656831,single_sample_rank,svm_rbf,0,0.518692203245907,0.4947034408253037,1
GEO_LOCO,GSE26682,GSM656832,single_sample_rank,svm_rbf,0,0.5,0.4947034408253037,1
GEO_LOCO,GSE26682,GSM656833,single_sample_rank,svm_rbf,0,0.4521649289989618,0.4947034408253037,0
GEO_LOCO,GSE26682,GSM656834,single_sample_rank,svm_rbf,0,0.5124471584470851,0.4947034408253037,1
GEO_LOCO,GSE26682,GSM656836,single_sample_rank,svm_rbf,0,0.4749177158781946,0.4947034408253037,0
GEO_LOCO,GSE26682,GSM656837,single_sample_rank,svm_rbf,1,0.53545091234485,0.4947034408253037,1
GEO_LOCO,GSE26682,GSM656840,single_sample_rank,svm_rbf,0,0.5073369229623966,0.4947034408253037,1
GEO_LOCO,GSE26682,GSM656841,single_sample_rank,svm_rbf,0,0.4351987141834272,0.4947034408253037,0
GEO_LOCO,GSE26682,GSM656842,single_sample_rank,svm_rbf,1,0.6735954084586289,0.4947034408253037,1
GEO_LOCO,GSE26682,GSM656843,single_sample_rank,svm_rbf,0,0.4695384714439302,0.4947034408253037,0
GEO_LOCO,GSE26682,GSM656845,single_sample_rank,svm_rbf,0,0.5233061250553528,0.4947034408253037,1
GEO_LOCO,GSE26682,GSM656846,single_sample_rank,svm_rbf,0,0.4920844577994052,0.4947034408253037,0
GEO_LOCO,GSE26682,GSM656847,single_sample_rank,svm_rbf,0,0.4920711792315118,0.4947034408253037,0
GEO_LOCO,GSE26682,GSM656849,single_sample_rank,svm_rbf,1,0.53571514201092,0.4947034408253037,1
GEO_LOCO,GSE26682,GSM656850,single_sample_rank,svm_rbf,1,0.4740518780540166,0.4947034408253037,0
GEO_LOCO,GSE26682,GSM656851,single_sample_rank,svm_rbf,1,0.7292350777132923,0.4947034408253037,1
GEO_LOCO,GSE26682,GSM656853,single_sample_rank,svm_rbf,0,0.507671389351825,0.4947034408253037,1
GEO_LOCO,GSE26682,GSM656854,single_sample_rank,svm_rbf,1,0.5473805694173175,0.4947034408253037,1
GEO_LOCO,GSE26682,GSM656857,single_sample_rank,svm_rbf,0,0.4889743244769722,0.4947034408253037,0
GEO_LOCO,GSE26682,GSM656858,single_sample_rank,svm_rbf,0,0.5,0.4947034408253037,1
GEO_LOCO,GSE26682,GSM656859,single_sample_rank,svm_rbf,0,0.5056774465822883,0.4947034408253037,1
GEO_LOCO,GSE26682,GSM656860,single_sample_rank,svm_rbf,0,0.509266935348607,0.4947034408253037,1
GEO_LOCO,GSE26682,GSM656861,single_sample_rank,svm_rbf,0,0.5100892572495674,0.4947034408253037,1
GEO_LOCO,GSE26682,GSM656863,single_sample_rank,svm_rbf,0,0.4492605568994833,0.4947034408253037,0
GEO_LOCO,GSE26682,GSM656864,single_sample_rank,svm_rbf,1,0.818133390007661,0.4947034408253037,1
GEO_LOCO,GSE26682,GSM656865,single_sample_rank,svm_rbf,1,0.513129512501372,0.4947034408253037,1
GEO_LOCO,GSE26682,GSM656867,single_sample_rank,svm_rbf,0,0.5063150472775148,0.4947034408253037,1
GEO_LOCO,GSE26682,GSM656868,single_sample_rank,svm_rbf,0,0.4590358061600659,0.4947034408253037,0
GEO_LOCO,GSE26682,GSM656869,single_sample_rank,svm_rbf,0,0.4907171449788207,0.4947034408253037,0
GEO_LOCO,GSE26682,GSM656870,single_sample_rank,svm_rbf,0,0.4579939587237037,0.4947034408253037,0
GEO_LOCO,GSE26682,GSM656542,single_sample_rank,xgboost,0,0.0469244159758091,0.5448272824287415,0
GEO_LOCO,GSE26682,GSM656543,single_sample_rank,xgboost,0,0.0710155442357063,0.5448272824287415,0
GEO_LOCO,GSE26682,GSM656545,single_sample_rank,xgboost,1,0.984744131565094,0.5448272824287415,1
GEO_LOCO,GSE26682,GSM656546,single_sample_rank,xgboost,0,0.0830422416329383,0.5448272824287415,0
GEO_LOCO,GSE26682,GSM656548,single_sample_rank,xgboost,0,0.1509357988834381,0.5448272824287415,0
GEO_LOCO,GSE26682,GSM656550,single_sample_rank,xgboost,0,0.4489240348339081,0.5448272824287415,0
GEO_LOCO,GSE26682,GSM656552,single_sample_rank,xgboost,0,0.3255441784858703,0.5448272824287415,0
GEO_LOCO,GSE26682,GSM656553,single_sample_rank,xgboost,0,0.0160751566290855,0.5448272824287415,0
GEO_LOCO,GSE26682,GSM656555,single_sample_rank,xgboost,0,0.0629728883504867,0.5448272824287415,0
GEO_LOCO,GSE26682,GSM656556,single_sample_rank,xgboost,0,0.5904708504676819,0.5448272824287415,1
GEO_LOCO,GSE26682,GSM656557,single_sample_rank,xgboost,0,0.0534594506025314,0.5448272824287415,0
GEO_LOCO,GSE26682,GSM656558,single_sample_rank,xgboost,0,0.1089564114809036,0.5448272824287415,0
GEO_LOCO,GSE26682,GSM656559,single_sample_rank,xgboost,1,0.9702581167221068,0.5448272824287415,1
GEO_LOCO,GSE26682,GSM656560,single_sample_rank,xgboost,0,0.5641365051269531,0.5448272824287415,1
GEO_LOCO,GSE26682,GSM656561,single_sample_rank,xgboost,0,0.0411989390850067,0.5448272824287415,0
GEO_LOCO,GSE26682,GSM656567,single_sample_rank,xgboost,0,0.088330253958702,0.5448272824287415,0
GEO_LOCO,GSE26682,GSM656568,single_sample_rank,xgboost,0,0.0340956673026084,0.5448272824287415,0
GEO_LOCO,GSE26682,GSM656569,single_sample_rank,xgboost,0,0.0399812422692775,0.5448272824287415,0
GEO_LOCO,GSE26682,GSM656570,single_sample_rank,xgboost,0,0.1411914229393005,0.5448272824287415,0
GEO_LOCO,GSE26682,GSM656574,single_sample_rank,xgboost,0,0.0892957597970962,0.5448272824287415,0
GEO_LOCO,GSE26682,GSM656580,single_sample_rank,xgboost,0,0.1283019334077835,0.5448272824287415,0
GEO_LOCO,GSE26682,GSM656582,single_sample_rank,xgboost,0,0.2317267954349517,0.5448272824287415,0
GEO_LOCO,GSE26682,GSM656583,single_sample_rank,xgboost,1,0.9633029699325562,0.5448272824287415,1
GEO_LOCO,GSE26682,GSM656584,single_sample_rank,xgboost,0,0.2266125679016113,0.5448272824287415,0
GEO_LOCO,GSE26682,GSM656585,single_sample_rank,xgboost,0,0.1867340058088302,0.5448272824287415,0
GEO_LOCO,GSE26682,GSM656586,single_sample_rank,xgboost,0,0.154226079583168,0.5448272824287415,0
GEO_LOCO,GSE26682,GSM656587,single_sample_rank,xgboost,0,0.1396865546703338,0.5448272824287415,0
GEO_LOCO,GSE26682,GSM656590,single_sample_rank,xgboost,1,0.9001127481460571,0.5448272824287415,1
GEO_LOCO,GSE26682,GSM656592,single_sample_rank,xgboost,0,0.6941622495651245,0.5448272824287415,1
GEO_LOCO,GSE26682,GSM656596,single_sample_rank,xgboost,0,0.0524607859551906,0.5448272824287415,0
GEO_LOCO,GSE26682,GSM656598,single_sample_rank,xgboost,0,0.0412089303135871,0.5448272824287415,0
GEO_LOCO,GSE26682,GSM656601,single_sample_rank,xgboost,0,0.0448507741093635,0.5448272824287415,0
GEO_LOCO,GSE26682,GSM656603,single_sample_rank,xgboost,1,0.9357056021690368,0.5448272824287415,1
GEO_LOCO,GSE26682,GSM656612,single_sample_rank,xgboost,1,0.9896435737609864,0.5448272824287415,1
GEO_LOCO,GSE26682,GSM656613,single_sample_rank,xgboost,0,0.4415398836135864,0.5448272824287415,0
GEO_LOCO,GSE26682,GSM656617,single_sample_rank,xgboost,0,0.0545304454863071,0.5448272824287415,0
GEO_LOCO,GSE26682,GSM656618,single_sample_rank,xgboost,0,0.1234229430556297,0.5448272824287415,0
GEO_LOCO,GSE26682,GSM656625,single_sample_rank,xgboost,0,0.2263630777597427,0.5448272824287415,0
GEO_LOCO,GSE26682,GSM656634,single_sample_rank,xgboost,0,0.4994688928127289,0.5448272824287415,0
GEO_LOCO,GSE26682,GSM656635,single_sample_rank,xgboost,0,0.0386094190180301,0.5448272824287415,0
GEO_LOCO,GSE26682,GSM656636,single_sample_rank,xgboost,0,0.2568610310554504,0.5448272824287415,0
GEO_LOCO,GSE26682,GSM656639,single_sample_rank,xgboost,0,0.037185151129961,0.5448272824287415,0
GEO_LOCO,GSE26682,GSM656640,single_sample_rank,xgboost,0,0.5744953751564026,0.5448272824287415,1
GEO_LOCO,GSE26682,GSM656642,single_sample_rank,xgboost,0,0.1791995167732238,0.5448272824287415,0
GEO_LOCO,GSE26682,GSM656644,single_sample_rank,xgboost,0,0.031037988141179,0.5448272824287415,0
GEO_LOCO,GSE26682,GSM656657,single_sample_rank,xgboost,0,0.8736604452133179,0.5448272824287415,1
GEO_LOCO,GSE26682,GSM656662,single_sample_rank,xgboost,0,0.4374620616436004,0.5448272824287415,0
GEO_LOCO,GSE26682,GSM656663,single_sample_rank,xgboost,0,0.3015024960041046,0.5448272824287415,0
GEO_LOCO,GSE26682,GSM656669,single_sample_rank,xgboost,1,0.9854505062103271,0.5448272824287415,1
GEO_LOCO,GSE26682,GSM656672,single_sample_rank,xgboost,0,0.3600978553295135,0.5448272824287415,0
GEO_LOCO,GSE26682,GSM656675,single_sample_rank,xgboost,0,0.7390974164009094,0.5448272824287415,1
GEO_LOCO,GSE26682,GSM656676,single_sample_rank,xgboost,0,0.1126415356993675,0.5448272824287415,0
GEO_LOCO,GSE26682,GSM656678,single_sample_rank,xgboost,0,0.1360806077718734,0.5448272824287415,0
GEO_LOCO,GSE26682,GSM656679,single_sample_rank,xgboost,1,0.984872043132782,0.5448272824287415,1
GEO_LOCO,GSE26682,GSM656683,single_sample_rank,xgboost,0,0.0207715835422277,0.5448272824287415,0
GEO_LOCO,GSE26682,GSM656687,single_sample_rank,xgboost,0,0.300484836101532,0.5448272824287415,0
GEO_LOCO,GSE26682,GSM656691,single_sample_rank,xgboost,0,0.8125334978103638,0.5448272824287415,1
GEO_LOCO,GSE26682,GSM656692,single_sample_rank,xgboost,0,0.3157142698764801,0.5448272824287415,0
GEO_LOCO,GSE26682,GSM656693,single_sample_rank,xgboost,0,0.2877033352851867,0.5448272824287415,0
GEO_LOCO,GSE26682,GSM656695,single_sample_rank,xgboost,0,0.0526636950671672,0.5448272824287415,0
GEO_LOCO,GSE26682,GSM656698,single_sample_rank,xgboost,0,0.1418970823287964,0.5448272824287415,0
GEO_LOCO,GSE26682,GSM656699,single_sample_rank,xgboost,0,0.2195631861686706,0.5448272824287415,0
GEO_LOCO,GSE26682,GSM656700,single_sample_rank,xgboost,0,0.1270564496517181,0.5448272824287415,0
GEO_LOCO,GSE26682,GSM656701,single_sample_rank,xgboost,0,0.1968453675508499,0.5448272824287415,0
GEO_LOCO,GSE26682,GSM656702,single_sample_rank,xgboost,0,0.1091383919119834,0.5448272824287415,0
GEO_LOCO,GSE26682,GSM656703,single_sample_rank,xgboost,0,0.8211585879325867,0.5448272824287415,1
GEO_LOCO,GSE26682,GSM656704,single_sample_rank,xgboost,0,0.0549793913960456,0.5448272824287415,0
GEO_LOCO,GSE26682,GSM656705,single_sample_rank,xgboost,0,0.8936225175857544,0.5448272824287415,1
GEO_LOCO,GSE26682,GSM656707,single_sample_rank,xgboost,0,0.1290035396814346,0.5448272824287415,0
GEO_LOCO,GSE26682,GSM656710,single_sample_rank,xgboost,0,0.3439864218235016,0.5448272824287415,0
GEO_LOCO,GSE26682,GSM656711,single_sample_rank,xgboost,0,0.5497903227806091,0.5448272824287415,1
GEO_LOCO,GSE26682,GSM656714,single_sample_rank,xgboost,0,0.0113669112324714,0.5448272824287415,0
GEO_LOCO,GSE26682,GSM656715,single_sample_rank,xgboost,0,0.6636268496513367,0.5448272824287415,1
GEO_LOCO,GSE26682,GSM656720,single_sample_rank,xgboost,0,0.0524048246443271,0.5448272824287415,0
GEO_LOCO,GSE26682,GSM656721,single_sample_rank,xgboost,0,0.8253378868103027,0.5448272824287415,1
GEO_LOCO,GSE26682,GSM656726,single_sample_rank,xgboost,0,0.6379439234733582,0.5448272824287415,1
GEO_LOCO,GSE26682,GSM656732,single_sample_rank,xgboost,0,0.5983126759529114,0.5448272824287415,1
GEO_LOCO,GSE26682,GSM656735,single_sample_rank,xgboost,0,0.5565474629402161,0.5448272824287415,1
GEO_LOCO,GSE26682,GSM656736,single_sample_rank,xgboost,1,0.9792200326919556,0.5448272824287415,1
GEO_LOCO,GSE26682,GSM656737,single_sample_rank,xgboost,0,0.7786955833435059,0.5448272824287415,1
GEO_LOCO,GSE26682,GSM656739,single_sample_rank,xgboost,0,0.1445776522159576,0.5448272824287415,0
GEO_LOCO,GSE26682,GSM656742,single_sample_rank,xgboost,0,0.2244194746017456,0.5448272824287415,0
GEO_LOCO,GSE26682,GSM656749,single_sample_rank,xgboost,0,0.0354011803865432,0.5448272824287415,0
GEO_LOCO,GSE26682,GSM656768,single_sample_rank,xgboost,0,0.0692072883248329,0.5448272824287415,0
GEO_LOCO,GSE26682,GSM656769,single_sample_rank,xgboost,0,0.0713859125971794,0.5448272824287415,0
GEO_LOCO,GSE26682,GSM656770,single_sample_rank,xgboost,0,0.0585368461906909,0.5448272824287415,0
GEO_LOCO,GSE26682,GSM656772,single_sample_rank,xgboost,0,0.1461055278778076,0.5448272824287415,0
GEO_LOCO,GSE26682,GSM656775,single_sample_rank,xgboost,0,0.0770103558897972,0.5448272824287415,0
GEO_LOCO,GSE26682,GSM656776,single_sample_rank,xgboost,0,0.0276639573276042,0.5448272824287415,0
GEO_LOCO,GSE26682,GSM656777,single_sample_rank,xgboost,0,0.1264111548662185,0.5448272824287415,0
GEO_LOCO,GSE26682,GSM656783,single_sample_rank,xgboost,0,0.0356493592262268,0.5448272824287415,0
GEO_LOCO,GSE26682,GSM656785,single_sample_rank,xgboost,0,0.0295887514948844,0.5448272824287415,0
GEO_LOCO,GSE26682,GSM656787,single_sample_rank,xgboost,0,0.0591431520879268,0.5448272824287415,0
GEO_LOCO,GSE26682,GSM656794,single_sample_rank,xgboost,0,0.1194895729422569,0.5448272824287415,0
GEO_LOCO,GSE26682,GSM656800,single_sample_rank,xgboost,0,0.0780673027038574,0.5448272824287415,0
GEO_LOCO,GSE26682,GSM656803,single_sample_rank,xgboost,0,0.104739986360073,0.5448272824287415,0
GEO_LOCO,GSE26682,GSM656804,single_sample_rank,xgboost,0,0.0702298805117607,0.5448272824287415,0
GEO_LOCO,GSE26682,GSM656806,single_sample_rank,xgboost,0,0.6942201852798462,0.5448272824287415,1
GEO_LOCO,GSE26682,GSM656809,single_sample_rank,xgboost,0,0.5006736516952515,0.5448272824287415,0
GEO_LOCO,GSE26682,GSM656811,single_sample_rank,xgboost,0,0.2798553109169006,0.5448272824287415,0
GEO_LOCO,GSE26682,GSM656816,single_sample_rank,xgboost,0,0.1886059939861297,0.5448272824287415,0
GEO_LOCO,GSE26682,GSM656819,single_sample_rank,xgboost,0,0.3307254016399383,0.5448272824287415,0
GEO_LOCO,GSE26682,GSM656820,single_sample_rank,xgboost,1,0.986617624759674,0.5448272824287415,1
GEO_LOCO,GSE26682,GSM656822,single_sample_rank,xgboost,0,0.8571956753730774,0.5448272824287415,1
GEO_LOCO,GSE26682,GSM656824,single_sample_rank,xgboost,0,0.0755251944065094,0.5448272824287415,0
GEO_LOCO,GSE26682,GSM656825,single_sample_rank,xgboost,0,0.1183676868677139,0.5448272824287415,0
GEO_LOCO,GSE26682,GSM656830,single_sample_rank,xgboost,0,0.0515463575720787,0.5448272824287415,0
GEO_LOCO,GSE26682,GSM656831,single_sample_rank,xgboost,0,0.1293782591819763,0.5448272824287415,0
GEO_LOCO,GSE26682,GSM656832,single_sample_rank,xgboost,0,0.3152024149894714,0.5448272824287415,0
GEO_LOCO,GSE26682,GSM656833,single_sample_rank,xgboost,0,0.0470039471983909,0.5448272824287415,0
GEO_LOCO,GSE26682,GSM656834,single_sample_rank,xgboost,0,0.3862375319004059,0.5448272824287415,0
GEO_LOCO,GSE26682,GSM656836,single_sample_rank,xgboost,0,0.0179946720600128,0.5448272824287415,0
GEO_LOCO,GSE26682,GSM656837,single_sample_rank,xgboost,1,0.98505961894989,0.5448272824287415,1
GEO_LOCO,GSE26682,GSM656840,single_sample_rank,xgboost,0,0.0230965632945299,0.5448272824287415,0
GEO_LOCO,GSE26682,GSM656841,single_sample_rank,xgboost,0,0.0479269064962863,0.5448272824287415,0
GEO_LOCO,GSE26682,GSM656842,single_sample_rank,xgboost,1,0.955742120742798,0.5448272824287415,1
GEO_LOCO,GSE26682,GSM656843,single_sample_rank,xgboost,0,0.0417881608009338,0.5448272824287415,0
GEO_LOCO,GSE26682,GSM656845,single_sample_rank,xgboost,0,0.097701758146286,0.5448272824287415,0
GEO_LOCO,GSE26682,GSM656846,single_sample_rank,xgboost,0,0.2904927730560303,0.5448272824287415,0
GEO_LOCO,GSE26682,GSM656847,single_sample_rank,xgboost,0,0.0174614377319812,0.5448272824287415,0
GEO_LOCO,GSE26682,GSM656849,single_sample_rank,xgboost,1,0.5736970901489258,0.5448272824287415,1
GEO_LOCO,GSE26682,GSM656850,single_sample_rank,xgboost,1,0.0152038065716624,0.5448272824287415,0
GEO_LOCO,GSE26682,GSM656851,single_sample_rank,xgboost,1,0.8761595487594604,0.5448272824287415,1
GEO_LOCO,GSE26682,GSM656853,single_sample_rank,xgboost,0,0.040384866297245,0.5448272824287415,0
GEO_LOCO,GSE26682,GSM656854,single_sample_rank,xgboost,1,0.9795272946357728,0.5448272824287415,1
GEO_LOCO,GSE26682,GSM656857,single_sample_rank,xgboost,0,0.272009938955307,0.5448272824287415,0
GEO_LOCO,GSE26682,GSM656858,single_sample_rank,xgboost,0,0.2540250420570373,0.5448272824287415,0
GEO_LOCO,GSE26682,GSM656859,single_sample_rank,xgboost,0,0.1246966943144798,0.5448272824287415,0
GEO_LOCO,GSE26682,GSM656860,single_sample_rank,xgboost,0,0.918538212776184,0.5448272824287415,1
GEO_LOCO,GSE26682,GSM656861,single_sample_rank,xgboost,0,0.0936425775289535,0.5448272824287415,0
GEO_LOCO,GSE26682,GSM656863,single_sample_rank,xgboost,0,0.1517275869846344,0.5448272824287415,0
GEO_LOCO,GSE26682,GSM656864,single_sample_rank,xgboost,1,0.986409306526184,0.5448272824287415,1
GEO_LOCO,GSE26682,GSM656865,single_sample_rank,xgboost,1,0.068361222743988,0.5448272824287415,0
GEO_LOCO,GSE26682,GSM656867,single_sample_rank,xgboost,0,0.7366321086883545,0.5448272824287415,1
GEO_LOCO,GSE26682,GSM656868,single_sample_rank,xgboost,0,0.3244600296020508,0.5448272824287415,0
GEO_LOCO,GSE26682,GSM656869,single_sample_rank,xgboost,0,0.116082526743412,0.5448272824287415,0
GEO_LOCO,GSE26682,GSM656870,single_sample_rank,xgboost,0,0.6725136637687683,0.5448272824287415,1
GEO_LOCO,GSE39084,GSM955440,fixed_log_expression,elastic_net,0,0.0384245030581951,0.3775973618030548,0
GEO_LOCO,GSE39084,GSM955441,fixed_log_expression,elastic_net,0,0.0041326158680021,0.3775973618030548,0
GEO_LOCO,GSE39084,GSM955442,fixed_log_expression,elastic_net,0,0.3516510128974914,0.3775973618030548,0
GEO_LOCO,GSE39084,GSM955443,fixed_log_expression,elastic_net,0,0.0071442299522459,0.3775973618030548,0
GEO_LOCO,GSE39084,GSM955444,fixed_log_expression,elastic_net,0,0.1974164843559265,0.3775973618030548,0
GEO_LOCO,GSE39084,GSM955445,fixed_log_expression,elastic_net,0,0.0019546954426914,0.3775973618030548,0
GEO_LOCO,GSE39084,GSM955446,fixed_log_expression,elastic_net,0,0.0300468131899833,0.3775973618030548,0
GEO_LOCO,GSE39084,GSM955447,fixed_log_expression,elastic_net,1,0.136738121509552,0.3775973618030548,0
GEO_LOCO,GSE39084,GSM955448,fixed_log_expression,elastic_net,1,0.6327152252197266,0.3775973618030548,1
GEO_LOCO,GSE39084,GSM955449,fixed_log_expression,elastic_net,0,0.0802498832345008,0.3775973618030548,0
GEO_LOCO,GSE39084,GSM955450,fixed_log_expression,elastic_net,0,0.0306367464363574,0.3775973618030548,0
GEO_LOCO,GSE39084,GSM955451,fixed_log_expression,elastic_net,0,0.0051574478857219,0.3775973618030548,0
GEO_LOCO,GSE39084,GSM955452,fixed_log_expression,elastic_net,0,0.1476459354162216,0.3775973618030548,0
GEO_LOCO,GSE39084,GSM955453,fixed_log_expression,elastic_net,0,0.0082687707617878,0.3775973618030548,0
GEO_LOCO,GSE39084,GSM955455,fixed_log_expression,elastic_net,0,0.7665592432022095,0.3775973618030548,1
GEO_LOCO,GSE39084,GSM955456,fixed_log_expression,elastic_net,0,0.0364463105797767,0.3775973618030548,0
GEO_LOCO,GSE39084,GSM955457,fixed_log_expression,elastic_net,0,0.0151433823630213,0.3775973618030548,0
GEO_LOCO,GSE39084,GSM955458,fixed_log_expression,elastic_net,1,0.8338333964347839,0.3775973618030548,1
GEO_LOCO,GSE39084,GSM955459,fixed_log_expression,elastic_net,1,0.8257913589477539,0.3775973618030548,1
GEO_LOCO,GSE39084,GSM955460,fixed_log_expression,elastic_net,1,0.5835912227630615,0.3775973618030548,1
GEO_LOCO,GSE39084,GSM955461,fixed_log_expression,elastic_net,1,0.5487807989120483,0.3775973618030548,1
GEO_LOCO,GSE39084,GSM955462,fixed_log_expression,elastic_net,0,0.4631026983261108,0.3775973618030548,1
GEO_LOCO,GSE39084,GSM955463,fixed_log_expression,elastic_net,0,0.1571975648403167,0.3775973618030548,0
GEO_LOCO,GSE39084,GSM955464,fixed_log_expression,elastic_net,0,0.1868787109851837,0.3775973618030548,0
GEO_LOCO,GSE39084,GSM955466,fixed_log_expression,elastic_net,1,0.6086487770080566,0.3775973618030548,1
GEO_LOCO,GSE39084,GSM955467,fixed_log_expression,elastic_net,1,0.5210279226303101,0.3775973618030548,1
GEO_LOCO,GSE39084,GSM955468,fixed_log_expression,elastic_net,1,0.8830209374427795,0.3775973618030548,1
GEO_LOCO,GSE39084,GSM955469,fixed_log_expression,elastic_net,1,0.8326221108436584,0.3775973618030548,1
GEO_LOCO,GSE39084,GSM955470,fixed_log_expression,elastic_net,1,0.8593419194221497,0.3775973618030548,1
GEO_LOCO,GSE39084,GSM955471,fixed_log_expression,elastic_net,1,0.8880850672721863,0.3775973618030548,1
GEO_LOCO,GSE39084,GSM955472,fixed_log_expression,elastic_net,1,0.476672351360321,0.3775973618030548,1
GEO_LOCO,GSE39084,GSM955473,fixed_log_expression,elastic_net,1,0.7397144436836243,0.3775973618030548,1
GEO_LOCO,GSE39084,GSM955474,fixed_log_expression,elastic_net,0,0.0335184223949909,0.3775973618030548,0
GEO_LOCO,GSE39084,GSM955475,fixed_log_expression,elastic_net,0,0.005556215532124,0.3775973618030548,0
GEO_LOCO,GSE39084,GSM955476,fixed_log_expression,elastic_net,0,0.0353851690888404,0.3775973618030548,0
GEO_LOCO,GSE39084,GSM955477,fixed_log_expression,elastic_net,0,0.8651931285858154,0.3775973618030548,1
GEO_LOCO,GSE39084,GSM955478,fixed_log_expression,elastic_net,0,0.1099057123064994,0.3775973618030548,0
GEO_LOCO,GSE39084,GSM955479,fixed_log_expression,elastic_net,0,0.256451666355133,0.3775973618030548,0
GEO_LOCO,GSE39084,GSM955480,fixed_log_expression,elastic_net,0,0.0027658499311655,0.3775973618030548,0
GEO_LOCO,GSE39084,GSM955482,fixed_log_expression,elastic_net,0,0.1017059683799743,0.3775973618030548,0
GEO_LOCO,GSE39084,GSM955483,fixed_log_expression,elastic_net,0,0.1753671020269394,0.3775973618030548,0
GEO_LOCO,GSE39084,GSM955484,fixed_log_expression,elastic_net,0,0.0084003452211618,0.3775973618030548,0
GEO_LOCO,GSE39084,GSM955485,fixed_log_expression,elastic_net,0,0.2132085412740707,0.3775973618030548,0
GEO_LOCO,GSE39084,GSM955486,fixed_log_expression,elastic_net,0,0.1547794193029403,0.3775973618030548,0
GEO_LOCO,GSE39084,GSM955487,fixed_log_expression,elastic_net,0,0.1334298402070999,0.3775973618030548,0
GEO_LOCO,GSE39084,GSM955488,fixed_log_expression,elastic_net,0,0.6755082011222839,0.3775973618030548,1
GEO_LOCO,GSE39084,GSM955489,fixed_log_expression,elastic_net,0,0.1250981837511062,0.3775973618030548,0
GEO_LOCO,GSE39084,GSM955490,fixed_log_expression,elastic_net,0,0.0650096610188484,0.3775973618030548,0
GEO_LOCO,GSE39084,GSM955491,fixed_log_expression,elastic_net,0,0.0281538479030132,0.3775973618030548,0
GEO_LOCO,GSE39084,GSM955492,fixed_log_expression,elastic_net,0,0.0152400601655244,0.3775973618030548,0
GEO_LOCO,GSE39084,GSM955493,fixed_log_expression,elastic_net,0,0.0305274743586778,0.3775973618030548,0
GEO_LOCO,GSE39084,GSM955494,fixed_log_expression,elastic_net,0,0.1022819876670837,0.3775973618030548,0
GEO_LOCO,GSE39084,GSM955495,fixed_log_expression,elastic_net,0,0.0205263216048479,0.3775973618030548,0
GEO_LOCO,GSE39084,GSM955496,fixed_log_expression,elastic_net,0,0.0174271520227193,0.3775973618030548,0
GEO_LOCO,GSE39084,GSM955497,fixed_log_expression,elastic_net,0,0.005836124997586,0.3775973618030548,0
GEO_LOCO,GSE39084,GSM955498,fixed_log_expression,elastic_net,0,0.0545730181038379,0.3775973618030548,0
GEO_LOCO,GSE39084,GSM955499,fixed_log_expression,elastic_net,0,0.1596872508525848,0.3775973618030548,0
GEO_LOCO,GSE39084,GSM955500,fixed_log_expression,elastic_net,0,0.3179073929786682,0.3775973618030548,0
GEO_LOCO,GSE39084,GSM955501,fixed_log_expression,elastic_net,0,0.1269118785858154,0.3775973618030548,0
GEO_LOCO,GSE39084,GSM955502,fixed_log_expression,elastic_net,0,0.0580619014799594,0.3775973618030548,0
GEO_LOCO,GSE39084,GSM955503,fixed_log_expression,elastic_net,0,0.0184389762580394,0.3775973618030548,0
GEO_LOCO,GSE39084,GSM955504,fixed_log_expression,elastic_net,0,0.0121457343921065,0.3775973618030548,0
GEO_LOCO,GSE39084,GSM955505,fixed_log_expression,elastic_net,0,0.0741978511214256,0.3775973618030548,0
GEO_LOCO,GSE39084,GSM955506,fixed_log_expression,elastic_net,0,0.0132539477199316,0.3775973618030548,0
GEO_LOCO,GSE39084,GSM955507,fixed_log_expression,elastic_net,0,0.0305442847311496,0.3775973618030548,0
GEO_LOCO,GSE39084,GSM955508,fixed_log_expression,elastic_net,1,0.9876415729522704,0.3775973618030548,1
GEO_LOCO,GSE39084,GSM955509,fixed_log_expression,elastic_net,1,0.7915444374084473,0.3775973618030548,1
GEO_LOCO,GSE39084,GSM955440,fixed_log_expression,svm_rbf,0,0.0026446786839687,0.4049112050808415,0
GEO_LOCO,GSE39084,GSM955441,fixed_log_expression,svm_rbf,0,0.0145140966510954,0.4049112050808415,0
GEO_LOCO,GSE39084,GSM955442,fixed_log_expression,svm_rbf,0,0.0034239497369904,0.4049112050808415,0
GEO_LOCO,GSE39084,GSM955443,fixed_log_expression,svm_rbf,0,0.1390609269693798,0.4049112050808415,0
GEO_LOCO,GSE39084,GSM955444,fixed_log_expression,svm_rbf,0,0.0033417000743985,0.4049112050808415,0
GEO_LOCO,GSE39084,GSM955445,fixed_log_expression,svm_rbf,0,0.0344231966530716,0.4049112050808415,0
GEO_LOCO,GSE39084,GSM955446,fixed_log_expression,svm_rbf,0,0.0038766004380398,0.4049112050808415,0
GEO_LOCO,GSE39084,GSM955447,fixed_log_expression,svm_rbf,1,0.000386335593172,0.4049112050808415,0
GEO_LOCO,GSE39084,GSM955448,fixed_log_expression,svm_rbf,1,0.0035305489045448,0.4049112050808415,0
GEO_LOCO,GSE39084,GSM955449,fixed_log_expression,svm_rbf,0,0.0966784653678838,0.4049112050808415,0
GEO_LOCO,GSE39084,GSM955450,fixed_log_expression,svm_rbf,0,0.1008910088555192,0.4049112050808415,0
GEO_LOCO,GSE39084,GSM955451,fixed_log_expression,svm_rbf,0,0.0063952679499889,0.4049112050808415,0
GEO_LOCO,GSE39084,GSM955452,fixed_log_expression,svm_rbf,0,0.0317931470707288,0.4049112050808415,0
GEO_LOCO,GSE39084,GSM955453,fixed_log_expression,svm_rbf,0,0.0199699885541832,0.4049112050808415,0
GEO_LOCO,GSE39084,GSM955455,fixed_log_expression,svm_rbf,0,0.0041648038354858,0.4049112050808415,0
GEO_LOCO,GSE39084,GSM955456,fixed_log_expression,svm_rbf,0,0.0213405105158798,0.4049112050808415,0
GEO_LOCO,GSE39084,GSM955457,fixed_log_expression,svm_rbf,0,0.000667722911916,0.4049112050808415,0
GEO_LOCO,GSE39084,GSM955458,fixed_log_expression,svm_rbf,1,0.0122998044846742,0.4049112050808415,0
GEO_LOCO,GSE39084,GSM955459,fixed_log_expression,svm_rbf,1,0.0043515211211207,0.4049112050808415,0
GEO_LOCO,GSE39084,GSM955460,fixed_log_expression,svm_rbf,1,0.024069532070282,0.4049112050808415,0
GEO_LOCO,GSE39084,GSM955461,fixed_log_expression,svm_rbf,1,0.0126242193971161,0.4049112050808415,0
GEO_LOCO,GSE39084,GSM955462,fixed_log_expression,svm_rbf,0,0.009647488143349,0.4049112050808415,0
GEO_LOCO,GSE39084,GSM955463,fixed_log_expression,svm_rbf,0,0.001156829333448,0.4049112050808415,0
GEO_LOCO,GSE39084,GSM955464,fixed_log_expression,svm_rbf,0,0.0347660859597397,0.4049112050808415,0
GEO_LOCO,GSE39084,GSM955466,fixed_log_expression,svm_rbf,1,0.0081973759381116,0.4049112050808415,0
GEO_LOCO,GSE39084,GSM955467,fixed_log_expression,svm_rbf,1,0.017942249979787,0.4049112050808415,0
GEO_LOCO,GSE39084,GSM955468,fixed_log_expression,svm_rbf,1,0.0101177513856632,0.4049112050808415,0
GEO_LOCO,GSE39084,GSM955469,fixed_log_expression,svm_rbf,1,0.011377209649267,0.4049112050808415,0
GEO_LOCO,GSE39084,GSM955470,fixed_log_expression,svm_rbf,1,0.0681645115047887,0.4049112050808415,0
GEO_LOCO,GSE39084,GSM955471,fixed_log_expression,svm_rbf,1,0.0266552898219908,0.4049112050808415,0
GEO_LOCO,GSE39084,GSM955472,fixed_log_expression,svm_rbf,1,0.0092914547626946,0.4049112050808415,0
GEO_LOCO,GSE39084,GSM955473,fixed_log_expression,svm_rbf,1,0.0432710663450021,0.4049112050808415,0
GEO_LOCO,GSE39084,GSM955474,fixed_log_expression,svm_rbf,0,0.0008187586980707,0.4049112050808415,0
GEO_LOCO,GSE39084,GSM955475,fixed_log_expression,svm_rbf,0,0.0087442771199145,0.4049112050808415,0
GEO_LOCO,GSE39084,GSM955476,fixed_log_expression,svm_rbf,0,0.0019189460683415,0.4049112050808415,0
GEO_LOCO,GSE39084,GSM955477,fixed_log_expression,svm_rbf,0,0.0138514402300066,0.4049112050808415,0
GEO_LOCO,GSE39084,GSM955478,fixed_log_expression,svm_rbf,0,0.0013108960651184,0.4049112050808415,0
GEO_LOCO,GSE39084,GSM955479,fixed_log_expression,svm_rbf,0,0.006134479156613,0.4049112050808415,0
GEO_LOCO,GSE39084,GSM955480,fixed_log_expression,svm_rbf,0,0.0328214141794367,0.4049112050808415,0
GEO_LOCO,GSE39084,GSM955482,fixed_log_expression,svm_rbf,0,0.091797190622457,0.4049112050808415,0
GEO_LOCO,GSE39084,GSM955483,fixed_log_expression,svm_rbf,0,0.0060624739038025,0.4049112050808415,0
GEO_LOCO,GSE39084,GSM955484,fixed_log_expression,svm_rbf,0,0.0473612422709849,0.4049112050808415,0
GEO_LOCO,GSE39084,GSM955485,fixed_log_expression,svm_rbf,0,0.0035247564759856,0.4049112050808415,0
GEO_LOCO,GSE39084,GSM955486,fixed_log_expression,svm_rbf,0,0.0134913863111847,0.4049112050808415,0
GEO_LOCO,GSE39084,GSM955487,fixed_log_expression,svm_rbf,0,0.0016175688464209,0.4049112050808415,0
GEO_LOCO,GSE39084,GSM955488,fixed_log_expression,svm_rbf,0,0.0023877010468667,0.4049112050808415,0
GEO_LOCO,GSE39084,GSM955489,fixed_log_expression,svm_rbf,0,0.0157114369938512,0.4049112050808415,0
GEO_LOCO,GSE39084,GSM955490,fixed_log_expression,svm_rbf,0,0.0959041528094846,0.4049112050808415,0
GEO_LOCO,GSE39084,GSM955491,fixed_log_expression,svm_rbf,0,0.0164731540644488,0.4049112050808415,0
GEO_LOCO,GSE39084,GSM955492,fixed_log_expression,svm_rbf,0,0.0498472448652483,0.4049112050808415,0
GEO_LOCO,GSE39084,GSM955493,fixed_log_expression,svm_rbf,0,0.0123123549933431,0.4049112050808415,0
GEO_LOCO,GSE39084,GSM955494,fixed_log_expression,svm_rbf,0,0.0001473097644482,0.4049112050808415,0
GEO_LOCO,GSE39084,GSM955495,fixed_log_expression,svm_rbf,0,0.0092804677462502,0.4049112050808415,0
GEO_LOCO,GSE39084,GSM955496,fixed_log_expression,svm_rbf,0,0.0129614347402183,0.4049112050808415,0
GEO_LOCO,GSE39084,GSM955497,fixed_log_expression,svm_rbf,0,0.0046137640563204,0.4049112050808415,0
GEO_LOCO,GSE39084,GSM955498,fixed_log_expression,svm_rbf,0,0.0031784444527406,0.4049112050808415,0
GEO_LOCO,GSE39084,GSM955499,fixed_log_expression,svm_rbf,0,0.000763413156034,0.4049112050808415,0
GEO_LOCO,GSE39084,GSM955500,fixed_log_expression,svm_rbf,0,0.0019342007752986,0.4049112050808415,0
GEO_LOCO,GSE39084,GSM955501,fixed_log_expression,svm_rbf,0,0.0078784508064274,0.4049112050808415,0
GEO_LOCO,GSE39084,GSM955502,fixed_log_expression,svm_rbf,0,0.0056763227781014,0.4049112050808415,0
GEO_LOCO,GSE39084,GSM955503,fixed_log_expression,svm_rbf,0,0.0028822871209808,0.4049112050808415,0
GEO_LOCO,GSE39084,GSM955504,fixed_log_expression,svm_rbf,0,0.0004451522856706,0.4049112050808415,0
GEO_LOCO,GSE39084,GSM955505,fixed_log_expression,svm_rbf,0,0.007874242286244,0.4049112050808415,0
GEO_LOCO,GSE39084,GSM955506,fixed_log_expression,svm_rbf,0,0.0397829844427603,0.4049112050808415,0
GEO_LOCO,GSE39084,GSM955507,fixed_log_expression,svm_rbf,0,0.0852701255093426,0.4049112050808415,0
GEO_LOCO,GSE39084,GSM955508,fixed_log_expression,svm_rbf,1,0.1272481075221483,0.4049112050808415,0
GEO_LOCO,GSE39084,GSM955509,fixed_log_expression,svm_rbf,1,0.0061370691482747,0.4049112050808415,0
GEO_LOCO,GSE39084,GSM955440,fixed_log_expression,xgboost,0,0.0346574001014232,0.4366739690303802,0
GEO_LOCO,GSE39084,GSM955441,fixed_log_expression,xgboost,0,0.0742412507534027,0.4366739690303802,0
GEO_LOCO,GSE39084,GSM955442,fixed_log_expression,xgboost,0,0.0416196063160896,0.4366739690303802,0
GEO_LOCO,GSE39084,GSM955443,fixed_log_expression,xgboost,0,0.1674567908048629,0.4366739690303802,0
GEO_LOCO,GSE39084,GSM955444,fixed_log_expression,xgboost,0,0.0479436255991458,0.4366739690303802,0
GEO_LOCO,GSE39084,GSM955445,fixed_log_expression,xgboost,0,0.0518237054347991,0.4366739690303802,0
GEO_LOCO,GSE39084,GSM955446,fixed_log_expression,xgboost,0,0.0804366171360015,0.4366739690303802,0
GEO_LOCO,GSE39084,GSM955447,fixed_log_expression,xgboost,1,0.0924491733312606,0.4366739690303802,0
GEO_LOCO,GSE39084,GSM955448,fixed_log_expression,xgboost,1,0.1421038657426834,0.4366739690303802,0
GEO_LOCO,GSE39084,GSM955449,fixed_log_expression,xgboost,0,0.0729240328073501,0.4366739690303802,0
GEO_LOCO,GSE39084,GSM955450,fixed_log_expression,xgboost,0,0.2481451332569122,0.4366739690303802,0
GEO_LOCO,GSE39084,GSM955451,fixed_log_expression,xgboost,0,0.0628713071346283,0.4366739690303802,0
GEO_LOCO,GSE39084,GSM955452,fixed_log_expression,xgboost,0,0.1284911334514618,0.4366739690303802,0
GEO_LOCO,GSE39084,GSM955453,fixed_log_expression,xgboost,0,0.0545117445290088,0.4366739690303802,0
GEO_LOCO,GSE39084,GSM955455,fixed_log_expression,xgboost,0,0.1622541397809982,0.4366739690303802,0
GEO_LOCO,GSE39084,GSM955456,fixed_log_expression,xgboost,0,0.1269701868295669,0.4366739690303802,0
GEO_LOCO,GSE39084,GSM955457,fixed_log_expression,xgboost,0,0.0193065516650676,0.4366739690303802,0
GEO_LOCO,GSE39084,GSM955458,fixed_log_expression,xgboost,1,0.2590407431125641,0.4366739690303802,0
GEO_LOCO,GSE39084,GSM955459,fixed_log_expression,xgboost,1,0.0291551034897565,0.4366739690303802,0
GEO_LOCO,GSE39084,GSM955460,fixed_log_expression,xgboost,1,0.0551678203046321,0.4366739690303802,0
GEO_LOCO,GSE39084,GSM955461,fixed_log_expression,xgboost,1,0.090414710342884,0.4366739690303802,0
GEO_LOCO,GSE39084,GSM955462,fixed_log_expression,xgboost,0,0.2383250296115875,0.4366739690303802,0
GEO_LOCO,GSE39084,GSM955463,fixed_log_expression,xgboost,0,0.145216017961502,0.4366739690303802,0
GEO_LOCO,GSE39084,GSM955464,fixed_log_expression,xgboost,0,0.1414791494607925,0.4366739690303802,0
GEO_LOCO,GSE39084,GSM955466,fixed_log_expression,xgboost,1,0.0621007420122623,0.4366739690303802,0
GEO_LOCO,GSE39084,GSM955467,fixed_log_expression,xgboost,1,0.0342745445668697,0.4366739690303802,0
GEO_LOCO,GSE39084,GSM955468,fixed_log_expression,xgboost,1,0.1690820604562759,0.4366739690303802,0
GEO_LOCO,GSE39084,GSM955469,fixed_log_expression,xgboost,1,0.1222801208496093,0.4366739690303802,0
GEO_LOCO,GSE39084,GSM955470,fixed_log_expression,xgboost,1,0.1873397231101989,0.4366739690303802,0
GEO_LOCO,GSE39084,GSM955471,fixed_log_expression,xgboost,1,0.0947835072875022,0.4366739690303802,0
GEO_LOCO,GSE39084,GSM955472,fixed_log_expression,xgboost,1,0.0486058853566646,0.4366739690303802,0
GEO_LOCO,GSE39084,GSM955473,fixed_log_expression,xgboost,1,0.0730058774352073,0.4366739690303802,0
GEO_LOCO,GSE39084,GSM955474,fixed_log_expression,xgboost,0,0.0793960690498352,0.4366739690303802,0
GEO_LOCO,GSE39084,GSM955475,fixed_log_expression,xgboost,0,0.0292369090020656,0.4366739690303802,0
GEO_LOCO,GSE39084,GSM955476,fixed_log_expression,xgboost,0,0.0784490853548049,0.4366739690303802,0
GEO_LOCO,GSE39084,GSM955477,fixed_log_expression,xgboost,0,0.2898015081882477,0.4366739690303802,0
GEO_LOCO,GSE39084,GSM955478,fixed_log_expression,xgboost,0,0.049412615597248,0.4366739690303802,0
GEO_LOCO,GSE39084,GSM955479,fixed_log_expression,xgboost,0,0.069207988679409,0.4366739690303802,0
GEO_LOCO,GSE39084,GSM955480,fixed_log_expression,xgboost,0,0.1321890354156494,0.4366739690303802,0
GEO_LOCO,GSE39084,GSM955482,fixed_log_expression,xgboost,0,0.1238424777984619,0.4366739690303802,0
GEO_LOCO,GSE39084,GSM955483,fixed_log_expression,xgboost,0,0.0628173723816871,0.4366739690303802,0
GEO_LOCO,GSE39084,GSM955484,fixed_log_expression,xgboost,0,0.1140878573060035,0.4366739690303802,0
GEO_LOCO,GSE39084,GSM955485,fixed_log_expression,xgboost,0,0.0593272410333156,0.4366739690303802,0
GEO_LOCO,GSE39084,GSM955486,fixed_log_expression,xgboost,0,0.0643040239810943,0.4366739690303802,0
GEO_LOCO,GSE39084,GSM955487,fixed_log_expression,xgboost,0,0.0999378114938736,0.4366739690303802,0
GEO_LOCO,GSE39084,GSM955488,fixed_log_expression,xgboost,0,0.1302125006914138,0.4366739690303802,0
GEO_LOCO,GSE39084,GSM955489,fixed_log_expression,xgboost,0,0.0693920999765396,0.4366739690303802,0
GEO_LOCO,GSE39084,GSM955490,fixed_log_expression,xgboost,0,0.0917935296893119,0.4366739690303802,0
GEO_LOCO,GSE39084,GSM955491,fixed_log_expression,xgboost,0,0.0639851093292236,0.4366739690303802,0
GEO_LOCO,GSE39084,GSM955492,fixed_log_expression,xgboost,0,0.0749421715736389,0.4366739690303802,0
GEO_LOCO,GSE39084,GSM955493,fixed_log_expression,xgboost,0,0.1300894021987915,0.4366739690303802,0
GEO_LOCO,GSE39084,GSM955494,fixed_log_expression,xgboost,0,0.0523055456578731,0.4366739690303802,0
GEO_LOCO,GSE39084,GSM955495,fixed_log_expression,xgboost,0,0.0453625209629535,0.4366739690303802,0
GEO_LOCO,GSE39084,GSM955496,fixed_log_expression,xgboost,0,0.1379805356264114,0.4366739690303802,0
GEO_LOCO,GSE39084,GSM955497,fixed_log_expression,xgboost,0,0.0411794558167457,0.4366739690303802,0
GEO_LOCO,GSE39084,GSM955498,fixed_log_expression,xgboost,0,0.0558807961642742,0.4366739690303802,0
GEO_LOCO,GSE39084,GSM955499,fixed_log_expression,xgboost,0,0.1227406561374664,0.4366739690303802,0
GEO_LOCO,GSE39084,GSM955500,fixed_log_expression,xgboost,0,0.1569578796625137,0.4366739690303802,0
GEO_LOCO,GSE39084,GSM955501,fixed_log_expression,xgboost,0,0.0839231312274932,0.4366739690303802,0
GEO_LOCO,GSE39084,GSM955502,fixed_log_expression,xgboost,0,0.0975009873509407,0.4366739690303802,0
GEO_LOCO,GSE39084,GSM955503,fixed_log_expression,xgboost,0,0.0882028937339782,0.4366739690303802,0
GEO_LOCO,GSE39084,GSM955504,fixed_log_expression,xgboost,0,0.0252189897000789,0.4366739690303802,0
GEO_LOCO,GSE39084,GSM955505,fixed_log_expression,xgboost,0,0.0524445474147796,0.4366739690303802,0
GEO_LOCO,GSE39084,GSM955506,fixed_log_expression,xgboost,0,0.0963489115238189,0.4366739690303802,0
GEO_LOCO,GSE39084,GSM955507,fixed_log_expression,xgboost,0,0.1147317960858345,0.4366739690303802,0
GEO_LOCO,GSE39084,GSM955508,fixed_log_expression,xgboost,1,0.3507634699344635,0.4366739690303802,0
GEO_LOCO,GSE39084,GSM955509,fixed_log_expression,xgboost,1,0.0733722448348999,0.4366739690303802,0
GEO_LOCO,GSE39084,GSM955440,target_cohort_adaptive_zscore,elastic_net,0,0.0004934020107612,0.5840415954589844,0
GEO_LOCO,GSE39084,GSM955441,target_cohort_adaptive_zscore,elastic_net,0,0.0053505394607782,0.5840415954589844,0
GEO_LOCO,GSE39084,GSM955442,target_cohort_adaptive_zscore,elastic_net,0,0.000794781546574,0.5840415954589844,0
GEO_LOCO,GSE39084,GSM955443,target_cohort_adaptive_zscore,elastic_net,0,0.0664314553141594,0.5840415954589844,0
GEO_LOCO,GSE39084,GSM955444,target_cohort_adaptive_zscore,elastic_net,0,0.0019968305714428,0.5840415954589844,0
GEO_LOCO,GSE39084,GSM955445,target_cohort_adaptive_zscore,elastic_net,0,1.8309739971300587e-05,0.5840415954589844,0
GEO_LOCO,GSE39084,GSM955446,target_cohort_adaptive_zscore,elastic_net,0,0.000417567876866,0.5840415954589844,0
GEO_LOCO,GSE39084,GSM955447,target_cohort_adaptive_zscore,elastic_net,1,0.1582621783018112,0.5840415954589844,0
GEO_LOCO,GSE39084,GSM955448,target_cohort_adaptive_zscore,elastic_net,1,0.9998856782913208,0.5840415954589844,1
GEO_LOCO,GSE39084,GSM955449,target_cohort_adaptive_zscore,elastic_net,0,0.1330403834581375,0.5840415954589844,0
GEO_LOCO,GSE39084,GSM955450,target_cohort_adaptive_zscore,elastic_net,0,0.0013659409014508,0.5840415954589844,0
GEO_LOCO,GSE39084,GSM955451,target_cohort_adaptive_zscore,elastic_net,0,7.9752215242479e-05,0.5840415954589844,0
GEO_LOCO,GSE39084,GSM955452,target_cohort_adaptive_zscore,elastic_net,0,0.0648069977760315,0.5840415954589844,0
GEO_LOCO,GSE39084,GSM955453,target_cohort_adaptive_zscore,elastic_net,0,1.198543486680137e-06,0.5840415954589844,0
GEO_LOCO,GSE39084,GSM955455,target_cohort_adaptive_zscore,elastic_net,0,0.0024604520294815,0.5840415954589844,0
GEO_LOCO,GSE39084,GSM955456,target_cohort_adaptive_zscore,elastic_net,0,0.0016889988910406,0.5840415954589844,0
GEO_LOCO,GSE39084,GSM955457,target_cohort_adaptive_zscore,elastic_net,0,0.0001995231868932,0.5840415954589844,0
GEO_LOCO,GSE39084,GSM955458,target_cohort_adaptive_zscore,elastic_net,1,0.9999979734420776,0.5840415954589844,1
GEO_LOCO,GSE39084,GSM955459,target_cohort_adaptive_zscore,elastic_net,1,0.9999806880950928,0.5840415954589844,1
GEO_LOCO,GSE39084,GSM955460,target_cohort_adaptive_zscore,elastic_net,1,0.9999942779541016,0.5840415954589844,1
GEO_LOCO,GSE39084,GSM955461,target_cohort_adaptive_zscore,elastic_net,1,0.9997579455375672,0.5840415954589844,1
GEO_LOCO,GSE39084,GSM955462,target_cohort_adaptive_zscore,elastic_net,0,8.714658906683326e-05,0.5840415954589844,0
GEO_LOCO,GSE39084,GSM955463,target_cohort_adaptive_zscore,elastic_net,0,9.259321814170107e-06,0.5840415954589844,0
GEO_LOCO,GSE39084,GSM955464,target_cohort_adaptive_zscore,elastic_net,0,0.8577343225479126,0.5840415954589844,1
GEO_LOCO,GSE39084,GSM955466,target_cohort_adaptive_zscore,elastic_net,1,0.999200165271759,0.5840415954589844,1
GEO_LOCO,GSE39084,GSM955467,target_cohort_adaptive_zscore,elastic_net,1,0.9999914169311525,0.5840415954589844,1
GEO_LOCO,GSE39084,GSM955468,target_cohort_adaptive_zscore,elastic_net,1,0.999997854232788,0.5840415954589844,1
GEO_LOCO,GSE39084,GSM955469,target_cohort_adaptive_zscore,elastic_net,1,0.999974012374878,0.5840415954589844,1
GEO_LOCO,GSE39084,GSM955470,target_cohort_adaptive_zscore,elastic_net,1,0.9999991655349731,0.5840415954589844,1
GEO_LOCO,GSE39084,GSM955471,target_cohort_adaptive_zscore,elastic_net,1,0.9999792575836182,0.5840415954589844,1
GEO_LOCO,GSE39084,GSM955472,target_cohort_adaptive_zscore,elastic_net,1,0.999975323677063,0.5840415954589844,1
GEO_LOCO,GSE39084,GSM955473,target_cohort_adaptive_zscore,elastic_net,1,0.9999949932098388,0.5840415954589844,1
GEO_LOCO,GSE39084,GSM955474,target_cohort_adaptive_zscore,elastic_net,0,0.0573352463543415,0.5840415954589844,0
GEO_LOCO,GSE39084,GSM955475,target_cohort_adaptive_zscore,elastic_net,0,0.0035420993808656,0.5840415954589844,0
GEO_LOCO,GSE39084,GSM955476,target_cohort_adaptive_zscore,elastic_net,0,0.0003070329839829,0.5840415954589844,0
GEO_LOCO,GSE39084,GSM955477,target_cohort_adaptive_zscore,elastic_net,0,0.0198773927986621,0.5840415954589844,0
GEO_LOCO,GSE39084,GSM955478,target_cohort_adaptive_zscore,elastic_net,0,0.0025894998107105,0.5840415954589844,0
GEO_LOCO,GSE39084,GSM955479,target_cohort_adaptive_zscore,elastic_net,0,0.0239479318261146,0.5840415954589844,0
GEO_LOCO,GSE39084,GSM955480,target_cohort_adaptive_zscore,elastic_net,0,0.0008115120581351,0.5840415954589844,0
GEO_LOCO,GSE39084,GSM955482,target_cohort_adaptive_zscore,elastic_net,0,0.2321621477603912,0.5840415954589844,0
GEO_LOCO,GSE39084,GSM955483,target_cohort_adaptive_zscore,elastic_net,0,0.0044060600921511,0.5840415954589844,0
GEO_LOCO,GSE39084,GSM955484,target_cohort_adaptive_zscore,elastic_net,0,0.0156785361468791,0.5840415954589844,0
GEO_LOCO,GSE39084,GSM955485,target_cohort_adaptive_zscore,elastic_net,0,0.0017236686544492,0.5840415954589844,0
GEO_LOCO,GSE39084,GSM955486,target_cohort_adaptive_zscore,elastic_net,0,0.0779412910342216,0.5840415954589844,0
GEO_LOCO,GSE39084,GSM955487,target_cohort_adaptive_zscore,elastic_net,0,0.009211846627295,0.5840415954589844,0
GEO_LOCO,GSE39084,GSM955488,target_cohort_adaptive_zscore,elastic_net,0,0.0002793110325001,0.5840415954589844,0
GEO_LOCO,GSE39084,GSM955489,target_cohort_adaptive_zscore,elastic_net,0,0.3069437444210052,0.5840415954589844,0
GEO_LOCO,GSE39084,GSM955490,target_cohort_adaptive_zscore,elastic_net,0,0.015453546307981,0.5840415954589844,0
GEO_LOCO,GSE39084,GSM955491,target_cohort_adaptive_zscore,elastic_net,0,0.0018959237495437,0.5840415954589844,0
GEO_LOCO,GSE39084,GSM955492,target_cohort_adaptive_zscore,elastic_net,0,0.0045234411954879,0.5840415954589844,0
GEO_LOCO,GSE39084,GSM955493,target_cohort_adaptive_zscore,elastic_net,0,0.0001430473348591,0.5840415954589844,0
GEO_LOCO,GSE39084,GSM955494,target_cohort_adaptive_zscore,elastic_net,0,0.0009766955627128,0.5840415954589844,0
GEO_LOCO,GSE39084,GSM955495,target_cohort_adaptive_zscore,elastic_net,0,0.6053264737129211,0.5840415954589844,1
GEO_LOCO,GSE39084,GSM955496,target_cohort_adaptive_zscore,elastic_net,0,0.0003684675612021,0.5840415954589844,0
GEO_LOCO,GSE39084,GSM955497,target_cohort_adaptive_zscore,elastic_net,0,0.0002676172589417,0.5840415954589844,0
GEO_LOCO,GSE39084,GSM955498,target_cohort_adaptive_zscore,elastic_net,0,0.0016609540907666,0.5840415954589844,0
GEO_LOCO,GSE39084,GSM955499,target_cohort_adaptive_zscore,elastic_net,0,8.820319635560736e-05,0.5840415954589844,0
GEO_LOCO,GSE39084,GSM955500,target_cohort_adaptive_zscore,elastic_net,0,0.0149066010490059,0.5840415954589844,0
GEO_LOCO,GSE39084,GSM955501,target_cohort_adaptive_zscore,elastic_net,0,0.4118371605873108,0.5840415954589844,0
GEO_LOCO,GSE39084,GSM955502,target_cohort_adaptive_zscore,elastic_net,0,0.0001538402721052,0.5840415954589844,0
GEO_LOCO,GSE39084,GSM955503,target_cohort_adaptive_zscore,elastic_net,0,0.0001551185414427,0.5840415954589844,0
GEO_LOCO,GSE39084,GSM955504,target_cohort_adaptive_zscore,elastic_net,0,1.806911132007372e-05,0.5840415954589844,0
GEO_LOCO,GSE39084,GSM955505,target_cohort_adaptive_zscore,elastic_net,0,0.0022534108720719,0.5840415954589844,0
GEO_LOCO,GSE39084,GSM955506,target_cohort_adaptive_zscore,elastic_net,0,0.0078671472147107,0.5840415954589844,0
GEO_LOCO,GSE39084,GSM955507,target_cohort_adaptive_zscore,elastic_net,0,0.0001231351634487,0.5840415954589844,0
GEO_LOCO,GSE39084,GSM955508,target_cohort_adaptive_zscore,elastic_net,1,0.9999998807907104,0.5840415954589844,1
GEO_LOCO,GSE39084,GSM955509,target_cohort_adaptive_zscore,elastic_net,1,0.9969690442085266,0.5840415954589844,1
GEO_LOCO,GSE39084,GSM955440,target_cohort_adaptive_zscore,svm_rbf,0,0.0324154963341131,0.1177943909458568,0
GEO_LOCO,GSE39084,GSM955441,target_cohort_adaptive_zscore,svm_rbf,0,0.0056010786582193,0.1177943909458568,0
GEO_LOCO,GSE39084,GSM955442,target_cohort_adaptive_zscore,svm_rbf,0,0.3212897275862985,0.1177943909458568,1
GEO_LOCO,GSE39084,GSM955443,target_cohort_adaptive_zscore,svm_rbf,0,0.0577833546051675,0.1177943909458568,0
GEO_LOCO,GSE39084,GSM955444,target_cohort_adaptive_zscore,svm_rbf,0,0.1388720421767259,0.1177943909458568,1
GEO_LOCO,GSE39084,GSM955445,target_cohort_adaptive_zscore,svm_rbf,0,0.0098573361129862,0.1177943909458568,0
GEO_LOCO,GSE39084,GSM955446,target_cohort_adaptive_zscore,svm_rbf,0,0.0053679500537915,0.1177943909458568,0
GEO_LOCO,GSE39084,GSM955447,target_cohort_adaptive_zscore,svm_rbf,1,0.9782248845226832,0.1177943909458568,1
GEO_LOCO,GSE39084,GSM955448,target_cohort_adaptive_zscore,svm_rbf,1,0.9917858623254784,0.1177943909458568,1
GEO_LOCO,GSE39084,GSM955449,target_cohort_adaptive_zscore,svm_rbf,0,0.0161987301325568,0.1177943909458568,0
GEO_LOCO,GSE39084,GSM955450,target_cohort_adaptive_zscore,svm_rbf,0,0.0049398762488662,0.1177943909458568,0
GEO_LOCO,GSE39084,GSM955451,target_cohort_adaptive_zscore,svm_rbf,0,0.0017898630824534,0.1177943909458568,0
GEO_LOCO,GSE39084,GSM955452,target_cohort_adaptive_zscore,svm_rbf,0,0.0124992262659626,0.1177943909458568,0
GEO_LOCO,GSE39084,GSM955453,target_cohort_adaptive_zscore,svm_rbf,0,0.001095375310344,0.1177943909458568,0
GEO_LOCO,GSE39084,GSM955455,target_cohort_adaptive_zscore,svm_rbf,0,0.0970542599656044,0.1177943909458568,0
GEO_LOCO,GSE39084,GSM955456,target_cohort_adaptive_zscore,svm_rbf,0,0.0119238489711255,0.1177943909458568,0
GEO_LOCO,GSE39084,GSM955457,target_cohort_adaptive_zscore,svm_rbf,0,0.0687208355250634,0.1177943909458568,0
GEO_LOCO,GSE39084,GSM955458,target_cohort_adaptive_zscore,svm_rbf,1,0.9766350271404723,0.1177943909458568,1
GEO_LOCO,GSE39084,GSM955459,target_cohort_adaptive_zscore,svm_rbf,1,0.9661180948072408,0.1177943909458568,1
GEO_LOCO,GSE39084,GSM955460,target_cohort_adaptive_zscore,svm_rbf,1,0.9999994988678124,0.1177943909458568,1
GEO_LOCO,GSE39084,GSM955461,target_cohort_adaptive_zscore,svm_rbf,1,0.8622504427782799,0.1177943909458568,1
GEO_LOCO,GSE39084,GSM955462,target_cohort_adaptive_zscore,svm_rbf,0,0.2865685858584335,0.1177943909458568,1
GEO_LOCO,GSE39084,GSM955463,target_cohort_adaptive_zscore,svm_rbf,0,0.0030786065835001,0.1177943909458568,0
GEO_LOCO,GSE39084,GSM955464,target_cohort_adaptive_zscore,svm_rbf,0,0.0726892719806993,0.1177943909458568,0
GEO_LOCO,GSE39084,GSM955466,target_cohort_adaptive_zscore,svm_rbf,1,0.9999996871957636,0.1177943909458568,1
GEO_LOCO,GSE39084,GSM955467,target_cohort_adaptive_zscore,svm_rbf,1,0.9945715778037372,0.1177943909458568,1
GEO_LOCO,GSE39084,GSM955468,target_cohort_adaptive_zscore,svm_rbf,1,0.9957077188516132,0.1177943909458568,1
GEO_LOCO,GSE39084,GSM955469,target_cohort_adaptive_zscore,svm_rbf,1,0.9579944903703792,0.1177943909458568,1
GEO_LOCO,GSE39084,GSM955470,target_cohort_adaptive_zscore,svm_rbf,1,0.9999878996360544,0.1177943909458568,1
GEO_LOCO,GSE39084,GSM955471,target_cohort_adaptive_zscore,svm_rbf,1,0.999999535208972,0.1177943909458568,1
GEO_LOCO,GSE39084,GSM955472,target_cohort_adaptive_zscore,svm_rbf,1,0.9999999981332494,0.1177943909458568,1
GEO_LOCO,GSE39084,GSM955473,target_cohort_adaptive_zscore,svm_rbf,1,0.9893324209897156,0.1177943909458568,1
GEO_LOCO,GSE39084,GSM955474,target_cohort_adaptive_zscore,svm_rbf,0,0.0259604867309297,0.1177943909458568,0
GEO_LOCO,GSE39084,GSM955475,target_cohort_adaptive_zscore,svm_rbf,0,0.0411638245724938,0.1177943909458568,0
GEO_LOCO,GSE39084,GSM955476,target_cohort_adaptive_zscore,svm_rbf,0,0.0177153623487153,0.1177943909458568,0
GEO_LOCO,GSE39084,GSM955477,target_cohort_adaptive_zscore,svm_rbf,0,0.1627452023562173,0.1177943909458568,1
GEO_LOCO,GSE39084,GSM955478,target_cohort_adaptive_zscore,svm_rbf,0,0.0322860618849541,0.1177943909458568,0
GEO_LOCO,GSE39084,GSM955479,target_cohort_adaptive_zscore,svm_rbf,0,0.1703022396432263,0.1177943909458568,1
GEO_LOCO,GSE39084,GSM955480,target_cohort_adaptive_zscore,svm_rbf,0,0.0246679994340145,0.1177943909458568,0
GEO_LOCO,GSE39084,GSM955482,target_cohort_adaptive_zscore,svm_rbf,0,0.0356041099029251,0.1177943909458568,0
GEO_LOCO,GSE39084,GSM955483,target_cohort_adaptive_zscore,svm_rbf,0,0.063582405628434,0.1177943909458568,0
GEO_LOCO,GSE39084,GSM955484,target_cohort_adaptive_zscore,svm_rbf,0,0.0247006377765813,0.1177943909458568,0
GEO_LOCO,GSE39084,GSM955485,target_cohort_adaptive_zscore,svm_rbf,0,0.0233044065395802,0.1177943909458568,0
GEO_LOCO,GSE39084,GSM955486,target_cohort_adaptive_zscore,svm_rbf,0,0.0091759795806291,0.1177943909458568,0
GEO_LOCO,GSE39084,GSM955487,target_cohort_adaptive_zscore,svm_rbf,0,0.3358151054269698,0.1177943909458568,1
GEO_LOCO,GSE39084,GSM955488,target_cohort_adaptive_zscore,svm_rbf,0,0.1835170858659406,0.1177943909458568,1
GEO_LOCO,GSE39084,GSM955489,target_cohort_adaptive_zscore,svm_rbf,0,0.0173912770919744,0.1177943909458568,0
GEO_LOCO,GSE39084,GSM955490,target_cohort_adaptive_zscore,svm_rbf,0,0.0256969230294833,0.1177943909458568,0
GEO_LOCO,GSE39084,GSM955491,target_cohort_adaptive_zscore,svm_rbf,0,0.0098401706383479,0.1177943909458568,0
GEO_LOCO,GSE39084,GSM955492,target_cohort_adaptive_zscore,svm_rbf,0,0.0467885073698397,0.1177943909458568,0
GEO_LOCO,GSE39084,GSM955493,target_cohort_adaptive_zscore,svm_rbf,0,0.0026234390222517,0.1177943909458568,0
GEO_LOCO,GSE39084,GSM955494,target_cohort_adaptive_zscore,svm_rbf,0,0.0834788001268155,0.1177943909458568,0
GEO_LOCO,GSE39084,GSM955495,target_cohort_adaptive_zscore,svm_rbf,0,0.0102723213836393,0.1177943909458568,0
GEO_LOCO,GSE39084,GSM955496,target_cohort_adaptive_zscore,svm_rbf,0,0.0024482591268932,0.1177943909458568,0
GEO_LOCO,GSE39084,GSM955497,target_cohort_adaptive_zscore,svm_rbf,0,0.0926098703865676,0.1177943909458568,0
GEO_LOCO,GSE39084,GSM955498,target_cohort_adaptive_zscore,svm_rbf,0,0.0030517794142014,0.1177943909458568,0
GEO_LOCO,GSE39084,GSM955499,target_cohort_adaptive_zscore,svm_rbf,0,0.0722229796469615,0.1177943909458568,0
GEO_LOCO,GSE39084,GSM955500,target_cohort_adaptive_zscore,svm_rbf,0,0.2127462761605651,0.1177943909458568,1
GEO_LOCO,GSE39084,GSM955501,target_cohort_adaptive_zscore,svm_rbf,0,0.0479233336592161,0.1177943909458568,0
GEO_LOCO,GSE39084,GSM955502,target_cohort_adaptive_zscore,svm_rbf,0,0.0156762481346764,0.1177943909458568,0
GEO_LOCO,GSE39084,GSM955503,target_cohort_adaptive_zscore,svm_rbf,0,0.0048961108074605,0.1177943909458568,0
GEO_LOCO,GSE39084,GSM955504,target_cohort_adaptive_zscore,svm_rbf,0,0.034513057415431,0.1177943909458568,0
GEO_LOCO,GSE39084,GSM955505,target_cohort_adaptive_zscore,svm_rbf,0,0.0130607301888155,0.1177943909458568,0
GEO_LOCO,GSE39084,GSM955506,target_cohort_adaptive_zscore,svm_rbf,0,0.0311641353447259,0.1177943909458568,0
GEO_LOCO,GSE39084,GSM955507,target_cohort_adaptive_zscore,svm_rbf,0,0.0249997099124196,0.1177943909458568,0
GEO_LOCO,GSE39084,GSM955508,target_cohort_adaptive_zscore,svm_rbf,1,0.98142757597739,0.1177943909458568,1
GEO_LOCO,GSE39084,GSM955509,target_cohort_adaptive_zscore,svm_rbf,1,0.9961317290073642,0.1177943909458568,1
GEO_LOCO,GSE39084,GSM955440,target_cohort_adaptive_zscore,xgboost,0,0.0266054905951023,0.3666189610958099,0
GEO_LOCO,GSE39084,GSM955441,target_cohort_adaptive_zscore,xgboost,0,0.0157716907560825,0.3666189610958099,0
GEO_LOCO,GSE39084,GSM955442,target_cohort_adaptive_zscore,xgboost,0,0.1398625820875167,0.3666189610958099,0
GEO_LOCO,GSE39084,GSM955443,target_cohort_adaptive_zscore,xgboost,0,0.0041722487658262,0.3666189610958099,0
GEO_LOCO,GSE39084,GSM955444,target_cohort_adaptive_zscore,xgboost,0,0.2130011022090912,0.3666189610958099,0
GEO_LOCO,GSE39084,GSM955445,target_cohort_adaptive_zscore,xgboost,0,0.0034963856451213,0.3666189610958099,0
GEO_LOCO,GSE39084,GSM955446,target_cohort_adaptive_zscore,xgboost,0,0.0063262297771871,0.3666189610958099,0
GEO_LOCO,GSE39084,GSM955447,target_cohort_adaptive_zscore,xgboost,1,0.6741686463356018,0.3666189610958099,1
GEO_LOCO,GSE39084,GSM955448,target_cohort_adaptive_zscore,xgboost,1,0.9919013381004332,0.3666189610958099,1
GEO_LOCO,GSE39084,GSM955449,target_cohort_adaptive_zscore,xgboost,0,0.0807146951556205,0.3666189610958099,0
GEO_LOCO,GSE39084,GSM955450,target_cohort_adaptive_zscore,xgboost,0,0.0091961696743965,0.3666189610958099,0
GEO_LOCO,GSE39084,GSM955451,target_cohort_adaptive_zscore,xgboost,0,0.0032298259902745,0.3666189610958099,0
GEO_LOCO,GSE39084,GSM955452,target_cohort_adaptive_zscore,xgboost,0,0.0256329793483018,0.3666189610958099,0
GEO_LOCO,GSE39084,GSM955453,target_cohort_adaptive_zscore,xgboost,0,0.0008721979684196,0.3666189610958099,0
GEO_LOCO,GSE39084,GSM955455,target_cohort_adaptive_zscore,xgboost,0,0.1385127454996109,0.3666189610958099,0
GEO_LOCO,GSE39084,GSM955456,target_cohort_adaptive_zscore,xgboost,0,0.0138259660452604,0.3666189610958099,0
GEO_LOCO,GSE39084,GSM955457,target_cohort_adaptive_zscore,xgboost,0,0.0398278906941413,0.3666189610958099,0
GEO_LOCO,GSE39084,GSM955458,target_cohort_adaptive_zscore,xgboost,1,0.9910324215888976,0.3666189610958099,1
GEO_LOCO,GSE39084,GSM955459,target_cohort_adaptive_zscore,xgboost,1,0.9852231740951538,0.3666189610958099,1
GEO_LOCO,GSE39084,GSM955460,target_cohort_adaptive_zscore,xgboost,1,0.99549400806427,0.3666189610958099,1
GEO_LOCO,GSE39084,GSM955461,target_cohort_adaptive_zscore,xgboost,1,0.575589120388031,0.3666189610958099,1
GEO_LOCO,GSE39084,GSM955462,target_cohort_adaptive_zscore,xgboost,0,0.1346437931060791,0.3666189610958099,0
GEO_LOCO,GSE39084,GSM955463,target_cohort_adaptive_zscore,xgboost,0,0.0356720313429832,0.3666189610958099,0
GEO_LOCO,GSE39084,GSM955464,target_cohort_adaptive_zscore,xgboost,0,0.0723722279071807,0.3666189610958099,0
GEO_LOCO,GSE39084,GSM955466,target_cohort_adaptive_zscore,xgboost,1,0.983784317970276,0.3666189610958099,1
GEO_LOCO,GSE39084,GSM955467,target_cohort_adaptive_zscore,xgboost,1,0.9855121970176696,0.3666189610958099,1
GEO_LOCO,GSE39084,GSM955468,target_cohort_adaptive_zscore,xgboost,1,0.9971866011619568,0.3666189610958099,1
GEO_LOCO,GSE39084,GSM955469,target_cohort_adaptive_zscore,xgboost,1,0.9296749830245972,0.3666189610958099,1
GEO_LOCO,GSE39084,GSM955470,target_cohort_adaptive_zscore,xgboost,1,0.9966705441474916,0.3666189610958099,1
GEO_LOCO,GSE39084,GSM955471,target_cohort_adaptive_zscore,xgboost,1,0.998148798942566,0.3666189610958099,1
GEO_LOCO,GSE39084,GSM955472,target_cohort_adaptive_zscore,xgboost,1,0.9970422387123108,0.3666189610958099,1
GEO_LOCO,GSE39084,GSM955473,target_cohort_adaptive_zscore,xgboost,1,0.9919143915176392,0.3666189610958099,1
GEO_LOCO,GSE39084,GSM955474,target_cohort_adaptive_zscore,xgboost,0,0.0701454207301139,0.3666189610958099,0
GEO_LOCO,GSE39084,GSM955475,target_cohort_adaptive_zscore,xgboost,0,0.0554595254361629,0.3666189610958099,0
GEO_LOCO,GSE39084,GSM955476,target_cohort_adaptive_zscore,xgboost,0,0.0142197860404849,0.3666189610958099,0
GEO_LOCO,GSE39084,GSM955477,target_cohort_adaptive_zscore,xgboost,0,0.2182086259126663,0.3666189610958099,0
GEO_LOCO,GSE39084,GSM955478,target_cohort_adaptive_zscore,xgboost,0,0.0296931415796279,0.3666189610958099,0
GEO_LOCO,GSE39084,GSM955479,target_cohort_adaptive_zscore,xgboost,0,0.0850070565938949,0.3666189610958099,0
GEO_LOCO,GSE39084,GSM955480,target_cohort_adaptive_zscore,xgboost,0,0.0027522747404873,0.3666189610958099,0
GEO_LOCO,GSE39084,GSM955482,target_cohort_adaptive_zscore,xgboost,0,0.0300310458987951,0.3666189610958099,0
GEO_LOCO,GSE39084,GSM955483,target_cohort_adaptive_zscore,xgboost,0,0.0645718425512313,0.3666189610958099,0
GEO_LOCO,GSE39084,GSM955484,target_cohort_adaptive_zscore,xgboost,0,0.0139082763344049,0.3666189610958099,0
GEO_LOCO,GSE39084,GSM955485,target_cohort_adaptive_zscore,xgboost,0,0.0385111980140209,0.3666189610958099,0
GEO_LOCO,GSE39084,GSM955486,target_cohort_adaptive_zscore,xgboost,0,0.0291229374706745,0.3666189610958099,0
GEO_LOCO,GSE39084,GSM955487,target_cohort_adaptive_zscore,xgboost,0,0.1729001849889755,0.3666189610958099,0
GEO_LOCO,GSE39084,GSM955488,target_cohort_adaptive_zscore,xgboost,0,0.1248938739299774,0.3666189610958099,0
GEO_LOCO,GSE39084,GSM955489,target_cohort_adaptive_zscore,xgboost,0,0.018076829612255,0.3666189610958099,0
GEO_LOCO,GSE39084,GSM955490,target_cohort_adaptive_zscore,xgboost,0,0.0054826769046485,0.3666189610958099,0
GEO_LOCO,GSE39084,GSM955491,target_cohort_adaptive_zscore,xgboost,0,0.0072096548974514,0.3666189610958099,0
GEO_LOCO,GSE39084,GSM955492,target_cohort_adaptive_zscore,xgboost,0,0.0178252570331096,0.3666189610958099,0
GEO_LOCO,GSE39084,GSM955493,target_cohort_adaptive_zscore,xgboost,0,0.0045061227865517,0.3666189610958099,0
GEO_LOCO,GSE39084,GSM955494,target_cohort_adaptive_zscore,xgboost,0,0.0328161567449569,0.3666189610958099,0
GEO_LOCO,GSE39084,GSM955495,target_cohort_adaptive_zscore,xgboost,0,0.0866889059543609,0.3666189610958099,0
GEO_LOCO,GSE39084,GSM955496,target_cohort_adaptive_zscore,xgboost,0,0.0039522000588476,0.3666189610958099,0
GEO_LOCO,GSE39084,GSM955497,target_cohort_adaptive_zscore,xgboost,0,0.0055937799625098,0.3666189610958099,0
GEO_LOCO,GSE39084,GSM955498,target_cohort_adaptive_zscore,xgboost,0,0.0139200594276189,0.3666189610958099,0
GEO_LOCO,GSE39084,GSM955499,target_cohort_adaptive_zscore,xgboost,0,0.0508742965757846,0.3666189610958099,0
GEO_LOCO,GSE39084,GSM955500,target_cohort_adaptive_zscore,xgboost,0,0.1546226888895034,0.3666189610958099,0
GEO_LOCO,GSE39084,GSM955501,target_cohort_adaptive_zscore,xgboost,0,0.0207412093877792,0.3666189610958099,0
GEO_LOCO,GSE39084,GSM955502,target_cohort_adaptive_zscore,xgboost,0,0.029557017609477,0.3666189610958099,0
GEO_LOCO,GSE39084,GSM955503,target_cohort_adaptive_zscore,xgboost,0,0.0109440051019191,0.3666189610958099,0
GEO_LOCO,GSE39084,GSM955504,target_cohort_adaptive_zscore,xgboost,0,0.0054296953603625,0.3666189610958099,0
GEO_LOCO,GSE39084,GSM955505,target_cohort_adaptive_zscore,xgboost,0,0.0091233737766742,0.3666189610958099,0
GEO_LOCO,GSE39084,GSM955506,target_cohort_adaptive_zscore,xgboost,0,0.0411277674138546,0.3666189610958099,0
GEO_LOCO,GSE39084,GSM955507,target_cohort_adaptive_zscore,xgboost,0,0.0145808048546314,0.3666189610958099,0
GEO_LOCO,GSE39084,GSM955508,target_cohort_adaptive_zscore,xgboost,1,0.9971006512641908,0.3666189610958099,1
GEO_LOCO,GSE39084,GSM955509,target_cohort_adaptive_zscore,xgboost,1,0.9898936152458192,0.3666189610958099,1
GEO_LOCO,GSE39084,GSM955440,single_sample_rank,elastic_net,0,0.0385774746537208,0.9417197704315186,0
GEO_LOCO,GSE39084,GSM955441,single_sample_rank,elastic_net,0,0.0109575251117348,0.9417197704315186,0
GEO_LOCO,GSE39084,GSM955442,single_sample_rank,elastic_net,0,0.0468337573111057,0.9417197704315186,0
GEO_LOCO,GSE39084,GSM955443,single_sample_rank,elastic_net,0,0.0210754051804542,0.9417197704315186,0
GEO_LOCO,GSE39084,GSM955444,single_sample_rank,elastic_net,0,0.4015310704708099,0.9417197704315186,0
GEO_LOCO,GSE39084,GSM955445,single_sample_rank,elastic_net,0,0.004886488430202,0.9417197704315186,0
GEO_LOCO,GSE39084,GSM955446,single_sample_rank,elastic_net,0,0.000600395607762,0.9417197704315186,0
GEO_LOCO,GSE39084,GSM955447,single_sample_rank,elastic_net,1,0.2248547822237014,0.9417197704315186,0
GEO_LOCO,GSE39084,GSM955448,single_sample_rank,elastic_net,1,0.999027132987976,0.9417197704315186,1
GEO_LOCO,GSE39084,GSM955449,single_sample_rank,elastic_net,0,0.0402578450739383,0.9417197704315186,0
GEO_LOCO,GSE39084,GSM955450,single_sample_rank,elastic_net,0,0.0175308492034673,0.9417197704315186,0
GEO_LOCO,GSE39084,GSM955451,single_sample_rank,elastic_net,0,0.0019003457855433,0.9417197704315186,0
GEO_LOCO,GSE39084,GSM955452,single_sample_rank,elastic_net,0,0.0807370245456695,0.9417197704315186,0
GEO_LOCO,GSE39084,GSM955453,single_sample_rank,elastic_net,0,0.0009755516657605,0.9417197704315186,0
GEO_LOCO,GSE39084,GSM955455,single_sample_rank,elastic_net,0,0.1411077231168747,0.9417197704315186,0
GEO_LOCO,GSE39084,GSM955456,single_sample_rank,elastic_net,0,0.0047901612706482,0.9417197704315186,0
GEO_LOCO,GSE39084,GSM955457,single_sample_rank,elastic_net,0,0.0034251736942678,0.9417197704315186,0
GEO_LOCO,GSE39084,GSM955458,single_sample_rank,elastic_net,1,0.999137282371521,0.9417197704315186,1
GEO_LOCO,GSE39084,GSM955459,single_sample_rank,elastic_net,1,0.994236171245575,0.9417197704315186,1
GEO_LOCO,GSE39084,GSM955460,single_sample_rank,elastic_net,1,0.9987837672233582,0.9417197704315186,1
GEO_LOCO,GSE39084,GSM955461,single_sample_rank,elastic_net,1,0.9880947470664978,0.9417197704315186,1
GEO_LOCO,GSE39084,GSM955462,single_sample_rank,elastic_net,0,0.3227964043617248,0.9417197704315186,0
GEO_LOCO,GSE39084,GSM955463,single_sample_rank,elastic_net,0,0.0023095060605555,0.9417197704315186,0
GEO_LOCO,GSE39084,GSM955464,single_sample_rank,elastic_net,0,0.8515455722808838,0.9417197704315186,0
GEO_LOCO,GSE39084,GSM955466,single_sample_rank,elastic_net,1,0.9802156090736388,0.9417197704315186,1
GEO_LOCO,GSE39084,GSM955467,single_sample_rank,elastic_net,1,0.998102605342865,0.9417197704315186,1
GEO_LOCO,GSE39084,GSM955468,single_sample_rank,elastic_net,1,0.9995779395103456,0.9417197704315186,1
GEO_LOCO,GSE39084,GSM955469,single_sample_rank,elastic_net,1,0.9953365921974182,0.9417197704315186,1
GEO_LOCO,GSE39084,GSM955470,single_sample_rank,elastic_net,1,0.9999868869781494,0.9417197704315186,1
GEO_LOCO,GSE39084,GSM955471,single_sample_rank,elastic_net,1,0.9997413754463196,0.9417197704315186,1
GEO_LOCO,GSE39084,GSM955472,single_sample_rank,elastic_net,1,0.9998915195465088,0.9417197704315186,1
GEO_LOCO,GSE39084,GSM955473,single_sample_rank,elastic_net,1,0.9999446868896484,0.9417197704315186,1
GEO_LOCO,GSE39084,GSM955474,single_sample_rank,elastic_net,0,0.0441567674279212,0.9417197704315186,0
GEO_LOCO,GSE39084,GSM955475,single_sample_rank,elastic_net,0,0.0007082515512593,0.9417197704315186,0
GEO_LOCO,GSE39084,GSM955476,single_sample_rank,elastic_net,0,0.0084174256771802,0.9417197704315186,0
GEO_LOCO,GSE39084,GSM955477,single_sample_rank,elastic_net,0,0.0802431255578994,0.9417197704315186,0
GEO_LOCO,GSE39084,GSM955478,single_sample_rank,elastic_net,0,0.0657790005207061,0.9417197704315186,0
GEO_LOCO,GSE39084,GSM955479,single_sample_rank,elastic_net,0,0.4307816624641418,0.9417197704315186,0
GEO_LOCO,GSE39084,GSM955480,single_sample_rank,elastic_net,0,0.0017476393841207,0.9417197704315186,0
GEO_LOCO,GSE39084,GSM955482,single_sample_rank,elastic_net,0,0.4944672882556915,0.9417197704315186,0
GEO_LOCO,GSE39084,GSM955483,single_sample_rank,elastic_net,0,0.288085788488388,0.9417197704315186,0
GEO_LOCO,GSE39084,GSM955484,single_sample_rank,elastic_net,0,0.3063181936740875,0.9417197704315186,0
GEO_LOCO,GSE39084,GSM955485,single_sample_rank,elastic_net,0,0.1884576976299286,0.9417197704315186,0
GEO_LOCO,GSE39084,GSM955486,single_sample_rank,elastic_net,0,0.1100637093186378,0.9417197704315186,0
GEO_LOCO,GSE39084,GSM955487,single_sample_rank,elastic_net,0,0.2946505546569824,0.9417197704315186,0
GEO_LOCO,GSE39084,GSM955488,single_sample_rank,elastic_net,0,0.8507702946662903,0.9417197704315186,0
GEO_LOCO,GSE39084,GSM955489,single_sample_rank,elastic_net,0,0.124231681227684,0.9417197704315186,0
GEO_LOCO,GSE39084,GSM955490,single_sample_rank,elastic_net,0,0.0595801994204521,0.9417197704315186,0
GEO_LOCO,GSE39084,GSM955491,single_sample_rank,elastic_net,0,0.026191035285592,0.9417197704315186,0
GEO_LOCO,GSE39084,GSM955492,single_sample_rank,elastic_net,0,0.004769870545715,0.9417197704315186,0
GEO_LOCO,GSE39084,GSM955493,single_sample_rank,elastic_net,0,0.0038115940988063,0.9417197704315186,0
GEO_LOCO,GSE39084,GSM955494,single_sample_rank,elastic_net,0,0.07199277728796,0.9417197704315186,0
GEO_LOCO,GSE39084,GSM955495,single_sample_rank,elastic_net,0,0.8203015327453613,0.9417197704315186,0
GEO_LOCO,GSE39084,GSM955496,single_sample_rank,elastic_net,0,0.0390545912086963,0.9417197704315186,0
GEO_LOCO,GSE39084,GSM955497,single_sample_rank,elastic_net,0,0.0020166132599115,0.9417197704315186,0
GEO_LOCO,GSE39084,GSM955498,single_sample_rank,elastic_net,0,0.0034140588250011,0.9417197704315186,0
GEO_LOCO,GSE39084,GSM955499,single_sample_rank,elastic_net,0,0.0072488328441977,0.9417197704315186,0
GEO_LOCO,GSE39084,GSM955500,single_sample_rank,elastic_net,0,0.0185045413672924,0.9417197704315186,0
GEO_LOCO,GSE39084,GSM955501,single_sample_rank,elastic_net,0,0.0638707131147384,0.9417197704315186,0
GEO_LOCO,GSE39084,GSM955502,single_sample_rank,elastic_net,0,0.000872881442774,0.9417197704315186,0
GEO_LOCO,GSE39084,GSM955503,single_sample_rank,elastic_net,0,0.0005264456849545,0.9417197704315186,0
GEO_LOCO,GSE39084,GSM955504,single_sample_rank,elastic_net,0,0.0002295202721143,0.9417197704315186,0
GEO_LOCO,GSE39084,GSM955505,single_sample_rank,elastic_net,0,0.0028878601733595,0.9417197704315186,0
GEO_LOCO,GSE39084,GSM955506,single_sample_rank,elastic_net,0,0.0005936863599345,0.9417197704315186,0
GEO_LOCO,GSE39084,GSM955507,single_sample_rank,elastic_net,0,0.0015736740315333,0.9417197704315186,0
GEO_LOCO,GSE39084,GSM955508,single_sample_rank,elastic_net,1,0.9999985694885254,0.9417197704315186,1
GEO_LOCO,GSE39084,GSM955509,single_sample_rank,elastic_net,1,0.8361648917198181,0.9417197704315186,0
GEO_LOCO,GSE39084,GSM955440,single_sample_rank,svm_rbf,0,0.0570953836668629,0.5465533626099542,0
GEO_LOCO,GSE39084,GSM955441,single_sample_rank,svm_rbf,0,0.0323049686610382,0.5465533626099542,0
GEO_LOCO,GSE39084,GSM955442,single_sample_rank,svm_rbf,0,0.2959159395345125,0.5465533626099542,0
GEO_LOCO,GSE39084,GSM955443,single_sample_rank,svm_rbf,0,0.0565953465989295,0.5465533626099542,0
GEO_LOCO,GSE39084,GSM955444,single_sample_rank,svm_rbf,0,0.2844283040306172,0.5465533626099542,0
GEO_LOCO,GSE39084,GSM955445,single_sample_rank,svm_rbf,0,0.0228846800107923,0.5465533626099542,0
GEO_LOCO,GSE39084,GSM955446,single_sample_rank,svm_rbf,0,0.0050269285482101,0.5465533626099542,0
GEO_LOCO,GSE39084,GSM955447,single_sample_rank,svm_rbf,1,0.3338755051309299,0.5465533626099542,0
GEO_LOCO,GSE39084,GSM955448,single_sample_rank,svm_rbf,1,0.9598739156573723,0.5465533626099542,1
GEO_LOCO,GSE39084,GSM955449,single_sample_rank,svm_rbf,0,0.1298616951823546,0.5465533626099542,0
GEO_LOCO,GSE39084,GSM955450,single_sample_rank,svm_rbf,0,0.0341997615154874,0.5465533626099542,0
GEO_LOCO,GSE39084,GSM955451,single_sample_rank,svm_rbf,0,0.0177523529103153,0.5465533626099542,0
GEO_LOCO,GSE39084,GSM955452,single_sample_rank,svm_rbf,0,0.1793379616430573,0.5465533626099542,0
GEO_LOCO,GSE39084,GSM955453,single_sample_rank,svm_rbf,0,0.0076204111635559,0.5465533626099542,0
GEO_LOCO,GSE39084,GSM955455,single_sample_rank,svm_rbf,0,0.1598742818588886,0.5465533626099542,0
GEO_LOCO,GSE39084,GSM955456,single_sample_rank,svm_rbf,0,0.0368584296548492,0.5465533626099542,0
GEO_LOCO,GSE39084,GSM955457,single_sample_rank,svm_rbf,0,0.0380221302441199,0.5465533626099542,0
GEO_LOCO,GSE39084,GSM955458,single_sample_rank,svm_rbf,1,0.9739904469681028,0.5465533626099542,1
GEO_LOCO,GSE39084,GSM955459,single_sample_rank,svm_rbf,1,0.940456160501794,0.5465533626099542,1
GEO_LOCO,GSE39084,GSM955460,single_sample_rank,svm_rbf,1,0.971499524479046,0.5465533626099542,1
GEO_LOCO,GSE39084,GSM955461,single_sample_rank,svm_rbf,1,0.6883712642005922,0.5465533626099542,1
GEO_LOCO,GSE39084,GSM955462,single_sample_rank,svm_rbf,0,0.2610325569359529,0.5465533626099542,0
GEO_LOCO,GSE39084,GSM955463,single_sample_rank,svm_rbf,0,0.0322265183063274,0.5465533626099542,0
GEO_LOCO,GSE39084,GSM955464,single_sample_rank,svm_rbf,0,0.3357224431541633,0.5465533626099542,0
GEO_LOCO,GSE39084,GSM955466,single_sample_rank,svm_rbf,1,0.9377155906434724,0.5465533626099542,1
GEO_LOCO,GSE39084,GSM955467,single_sample_rank,svm_rbf,1,0.9799015606330548,0.5465533626099542,1
GEO_LOCO,GSE39084,GSM955468,single_sample_rank,svm_rbf,1,0.977676184282524,0.5465533626099542,1
GEO_LOCO,GSE39084,GSM955469,single_sample_rank,svm_rbf,1,0.9361515047574192,0.5465533626099542,1
GEO_LOCO,GSE39084,GSM955470,single_sample_rank,svm_rbf,1,0.9915144793607752,0.5465533626099542,1
GEO_LOCO,GSE39084,GSM955471,single_sample_rank,svm_rbf,1,0.9907518156564116,0.5465533626099542,1
GEO_LOCO,GSE39084,GSM955472,single_sample_rank,svm_rbf,1,0.9913012164850832,0.5465533626099542,1
GEO_LOCO,GSE39084,GSM955473,single_sample_rank,svm_rbf,1,0.9877079562067032,0.5465533626099542,1
GEO_LOCO,GSE39084,GSM955474,single_sample_rank,svm_rbf,0,0.0651562807041841,0.5465533626099542,0
GEO_LOCO,GSE39084,GSM955475,single_sample_rank,svm_rbf,0,0.0100939577757988,0.5465533626099542,0
GEO_LOCO,GSE39084,GSM955476,single_sample_rank,svm_rbf,0,0.0152500777411291,0.5465533626099542,0
GEO_LOCO,GSE39084,GSM955477,single_sample_rank,svm_rbf,0,0.2178991217251251,0.5465533626099542,0
GEO_LOCO,GSE39084,GSM955478,single_sample_rank,svm_rbf,0,0.1191892344426465,0.5465533626099542,0
GEO_LOCO,GSE39084,GSM955479,single_sample_rank,svm_rbf,0,0.3514138484439625,0.5465533626099542,0
GEO_LOCO,GSE39084,GSM955480,single_sample_rank,svm_rbf,0,0.012068232178874,0.5465533626099542,0
GEO_LOCO,GSE39084,GSM955482,single_sample_rank,svm_rbf,0,0.3125053862243118,0.5465533626099542,0
GEO_LOCO,GSE39084,GSM955483,single_sample_rank,svm_rbf,0,0.1938399870763259,0.5465533626099542,0
GEO_LOCO,GSE39084,GSM955484,single_sample_rank,svm_rbf,0,0.184215279768713,0.5465533626099542,0
GEO_LOCO,GSE39084,GSM955485,single_sample_rank,svm_rbf,0,0.1234330618019194,0.5465533626099542,0
GEO_LOCO,GSE39084,GSM955486,single_sample_rank,svm_rbf,0,0.0681946686964326,0.5465533626099542,0
GEO_LOCO,GSE39084,GSM955487,single_sample_rank,svm_rbf,0,0.2733021193602332,0.5465533626099542,0
GEO_LOCO,GSE39084,GSM955488,single_sample_rank,svm_rbf,0,0.4244036433850766,0.5465533626099542,0
GEO_LOCO,GSE39084,GSM955489,single_sample_rank,svm_rbf,0,0.0816916393105478,0.5465533626099542,0
GEO_LOCO,GSE39084,GSM955490,single_sample_rank,svm_rbf,0,0.0738855559847929,0.5465533626099542,0
GEO_LOCO,GSE39084,GSM955491,single_sample_rank,svm_rbf,0,0.0597166811770494,0.5465533626099542,0
GEO_LOCO,GSE39084,GSM955492,single_sample_rank,svm_rbf,0,0.0291779299848139,0.5465533626099542,0
GEO_LOCO,GSE39084,GSM955493,single_sample_rank,svm_rbf,0,0.0115313466911517,0.5465533626099542,0
GEO_LOCO,GSE39084,GSM955494,single_sample_rank,svm_rbf,0,0.2340666942875079,0.5465533626099542,0
GEO_LOCO,GSE39084,GSM955495,single_sample_rank,svm_rbf,0,0.4568047663424579,0.5465533626099542,0
GEO_LOCO,GSE39084,GSM955496,single_sample_rank,svm_rbf,0,0.0598053465274363,0.5465533626099542,0
GEO_LOCO,GSE39084,GSM955497,single_sample_rank,svm_rbf,0,0.039192830344904,0.5465533626099542,0
GEO_LOCO,GSE39084,GSM955498,single_sample_rank,svm_rbf,0,0.0087995024249932,0.5465533626099542,0
GEO_LOCO,GSE39084,GSM955499,single_sample_rank,svm_rbf,0,0.0391198546034375,0.5465533626099542,0
GEO_LOCO,GSE39084,GSM955500,single_sample_rank,svm_rbf,0,0.2987013381956483,0.5465533626099542,0
GEO_LOCO,GSE39084,GSM955501,single_sample_rank,svm_rbf,0,0.1312912332872591,0.5465533626099542,0
GEO_LOCO,GSE39084,GSM955502,single_sample_rank,svm_rbf,0,0.0196182684134559,0.5465533626099542,0
GEO_LOCO,GSE39084,GSM955503,single_sample_rank,svm_rbf,0,0.0192723418646059,0.5465533626099542,0
GEO_LOCO,GSE39084,GSM955504,single_sample_rank,svm_rbf,0,0.0050734117540851,0.5465533626099542,0
GEO_LOCO,GSE39084,GSM955505,single_sample_rank,svm_rbf,0,0.0156989568568473,0.5465533626099542,0
GEO_LOCO,GSE39084,GSM955506,single_sample_rank,svm_rbf,0,0.0095268231652019,0.5465533626099542,0
GEO_LOCO,GSE39084,GSM955507,single_sample_rank,svm_rbf,0,0.0102895274976662,0.5465533626099542,0
GEO_LOCO,GSE39084,GSM955508,single_sample_rank,svm_rbf,1,0.9999851585044052,0.5465533626099542,1
GEO_LOCO,GSE39084,GSM955509,single_sample_rank,svm_rbf,1,0.7785871227840004,0.5465533626099542,1
GEO_LOCO,GSE39084,GSM955440,single_sample_rank,xgboost,0,0.047790665179491,0.6994225382804871,0
GEO_LOCO,GSE39084,GSM955441,single_sample_rank,xgboost,0,0.0266736429184675,0.6994225382804871,0
GEO_LOCO,GSE39084,GSM955442,single_sample_rank,xgboost,0,0.2765375673770904,0.6994225382804871,0
GEO_LOCO,GSE39084,GSM955443,single_sample_rank,xgboost,0,0.0529217198491096,0.6994225382804871,0
GEO_LOCO,GSE39084,GSM955444,single_sample_rank,xgboost,0,0.3899418711662292,0.6994225382804871,0
GEO_LOCO,GSE39084,GSM955445,single_sample_rank,xgboost,0,0.0487805008888244,0.6994225382804871,0
GEO_LOCO,GSE39084,GSM955446,single_sample_rank,xgboost,0,0.0096398964524269,0.6994225382804871,0
GEO_LOCO,GSE39084,GSM955447,single_sample_rank,xgboost,1,0.5766287446022034,0.6994225382804871,0
GEO_LOCO,GSE39084,GSM955448,single_sample_rank,xgboost,1,0.9770318865776062,0.6994225382804871,1
GEO_LOCO,GSE39084,GSM955449,single_sample_rank,xgboost,0,0.0784186348319053,0.6994225382804871,0
GEO_LOCO,GSE39084,GSM955450,single_sample_rank,xgboost,0,0.0119853373616933,0.6994225382804871,0
GEO_LOCO,GSE39084,GSM955451,single_sample_rank,xgboost,0,0.0102958157658576,0.6994225382804871,0
GEO_LOCO,GSE39084,GSM955452,single_sample_rank,xgboost,0,0.1027426198124885,0.6994225382804871,0
GEO_LOCO,GSE39084,GSM955453,single_sample_rank,xgboost,0,0.0133989620953798,0.6994225382804871,0
GEO_LOCO,GSE39084,GSM955455,single_sample_rank,xgboost,0,0.2249078154563903,0.6994225382804871,0
GEO_LOCO,GSE39084,GSM955456,single_sample_rank,xgboost,0,0.044667225331068,0.6994225382804871,0
GEO_LOCO,GSE39084,GSM955457,single_sample_rank,xgboost,0,0.0368030220270156,0.6994225382804871,0
GEO_LOCO,GSE39084,GSM955458,single_sample_rank,xgboost,1,0.996242880821228,0.6994225382804871,1
GEO_LOCO,GSE39084,GSM955459,single_sample_rank,xgboost,1,0.9733573794364928,0.6994225382804871,1
GEO_LOCO,GSE39084,GSM955460,single_sample_rank,xgboost,1,0.993460178375244,0.6994225382804871,1
GEO_LOCO,GSE39084,GSM955461,single_sample_rank,xgboost,1,0.913090169429779,0.6994225382804871,1
GEO_LOCO,GSE39084,GSM955462,single_sample_rank,xgboost,0,0.5680902600288391,0.6994225382804871,0
GEO_LOCO,GSE39084,GSM955463,single_sample_rank,xgboost,0,0.0676422715187072,0.6994225382804871,0
GEO_LOCO,GSE39084,GSM955464,single_sample_rank,xgboost,0,0.2123137712478637,0.6994225382804871,0
GEO_LOCO,GSE39084,GSM955466,single_sample_rank,xgboost,1,0.9638280272483826,0.6994225382804871,1
GEO_LOCO,GSE39084,GSM955467,single_sample_rank,xgboost,1,0.9828291535377502,0.6994225382804871,1
GEO_LOCO,GSE39084,GSM955468,single_sample_rank,xgboost,1,0.9877695441246032,0.6994225382804871,1
GEO_LOCO,GSE39084,GSM955469,single_sample_rank,xgboost,1,0.854455292224884,0.6994225382804871,1
GEO_LOCO,GSE39084,GSM955470,single_sample_rank,xgboost,1,0.9944830536842346,0.6994225382804871,1
GEO_LOCO,GSE39084,GSM955471,single_sample_rank,xgboost,1,0.9954962730407716,0.6994225382804871,1
GEO_LOCO,GSE39084,GSM955472,single_sample_rank,xgboost,1,0.9956744313240052,0.6994225382804871,1
GEO_LOCO,GSE39084,GSM955473,single_sample_rank,xgboost,1,0.9945904016494752,0.6994225382804871,1
GEO_LOCO,GSE39084,GSM955474,single_sample_rank,xgboost,0,0.0839123725891113,0.6994225382804871,0
GEO_LOCO,GSE39084,GSM955475,single_sample_rank,xgboost,0,0.0135705405846238,0.6994225382804871,0
GEO_LOCO,GSE39084,GSM955476,single_sample_rank,xgboost,0,0.0189826134592294,0.6994225382804871,0
GEO_LOCO,GSE39084,GSM955477,single_sample_rank,xgboost,0,0.5054230690002441,0.6994225382804871,0
GEO_LOCO,GSE39084,GSM955478,single_sample_rank,xgboost,0,0.0882711708545684,0.6994225382804871,0
GEO_LOCO,GSE39084,GSM955479,single_sample_rank,xgboost,0,0.5245731472969055,0.6994225382804871,0
GEO_LOCO,GSE39084,GSM955480,single_sample_rank,xgboost,0,0.0067146928049623,0.6994225382804871,0
GEO_LOCO,GSE39084,GSM955482,single_sample_rank,xgboost,0,0.2616540491580963,0.6994225382804871,0
GEO_LOCO,GSE39084,GSM955483,single_sample_rank,xgboost,0,0.3241499066352844,0.6994225382804871,0
GEO_LOCO,GSE39084,GSM955484,single_sample_rank,xgboost,0,0.0395961962640285,0.6994225382804871,0
GEO_LOCO,GSE39084,GSM955485,single_sample_rank,xgboost,0,0.0931310579180717,0.6994225382804871,0
GEO_LOCO,GSE39084,GSM955486,single_sample_rank,xgboost,0,0.0177451241761446,0.6994225382804871,0
GEO_LOCO,GSE39084,GSM955487,single_sample_rank,xgboost,0,0.2812405228614807,0.6994225382804871,0
GEO_LOCO,GSE39084,GSM955488,single_sample_rank,xgboost,0,0.2701440155506134,0.6994225382804871,0
GEO_LOCO,GSE39084,GSM955489,single_sample_rank,xgboost,0,0.0469971038401126,0.6994225382804871,0
GEO_LOCO,GSE39084,GSM955490,single_sample_rank,xgboost,0,0.0406240075826644,0.6994225382804871,0
GEO_LOCO,GSE39084,GSM955491,single_sample_rank,xgboost,0,0.0394250936806201,0.6994225382804871,0
GEO_LOCO,GSE39084,GSM955492,single_sample_rank,xgboost,0,0.0040629808790981,0.6994225382804871,0
GEO_LOCO,GSE39084,GSM955493,single_sample_rank,xgboost,0,0.0102984197437763,0.6994225382804871,0
GEO_LOCO,GSE39084,GSM955494,single_sample_rank,xgboost,0,0.05373540148139,0.6994225382804871,0
GEO_LOCO,GSE39084,GSM955495,single_sample_rank,xgboost,0,0.2753150165081024,0.6994225382804871,0
GEO_LOCO,GSE39084,GSM955496,single_sample_rank,xgboost,0,0.0252463482320308,0.6994225382804871,0
GEO_LOCO,GSE39084,GSM955497,single_sample_rank,xgboost,0,0.0392419286072254,0.6994225382804871,0
GEO_LOCO,GSE39084,GSM955498,single_sample_rank,xgboost,0,0.009095199406147,0.6994225382804871,0
GEO_LOCO,GSE39084,GSM955499,single_sample_rank,xgboost,0,0.363761693239212,0.6994225382804871,0
GEO_LOCO,GSE39084,GSM955500,single_sample_rank,xgboost,0,0.3143541812896728,0.6994225382804871,0
GEO_LOCO,GSE39084,GSM955501,single_sample_rank,xgboost,0,0.1117414534091949,0.6994225382804871,0
GEO_LOCO,GSE39084,GSM955502,single_sample_rank,xgboost,0,0.089464470744133,0.6994225382804871,0
GEO_LOCO,GSE39084,GSM955503,single_sample_rank,xgboost,0,0.02107516489923,0.6994225382804871,0
GEO_LOCO,GSE39084,GSM955504,single_sample_rank,xgboost,0,0.0452123619616031,0.6994225382804871,0
GEO_LOCO,GSE39084,GSM955505,single_sample_rank,xgboost,0,0.008565085940063,0.6994225382804871,0
GEO_LOCO,GSE39084,GSM955506,single_sample_rank,xgboost,0,0.0071859490126371,0.6994225382804871,0
GEO_LOCO,GSE39084,GSM955507,single_sample_rank,xgboost,0,0.0059974952600896,0.6994225382804871,0
GEO_LOCO,GSE39084,GSM955508,single_sample_rank,xgboost,1,0.9981896281242372,0.6994225382804871,1
GEO_LOCO,GSE39084,GSM955509,single_sample_rank,xgboost,1,0.9682977199554444,0.6994225382804871,1
TCGA_to_GEO,GSE13294,GSM335510,single_sample_rank,compact_rank_20,0,0.0326076925485613,0.4934155738243804,0
TCGA_to_GEO,GSE13294,GSM335511,single_sample_rank,compact_rank_20,1,0.9592561412469968,0.4934155738243804,1
TCGA_to_GEO,GSE13294,GSM335512,single_sample_rank,compact_rank_20,0,0.247001685874309,0.4934155738243804,0
TCGA_to_GEO,GSE13294,GSM335513,single_sample_rank,compact_rank_20,0,0.0002570542617651,0.4934155738243804,0
TCGA_to_GEO,GSE13294,GSM335514,single_sample_rank,compact_rank_20,0,0.0037454709942678,0.4934155738243804,0
TCGA_to_GEO,GSE13294,GSM335515,single_sample_rank,compact_rank_20,0,0.0584715905016947,0.4934155738243804,0
TCGA_to_GEO,GSE13294,GSM335516,single_sample_rank,compact_rank_20,0,0.0016097287964105,0.4934155738243804,0
TCGA_to_GEO,GSE13294,GSM335517,single_sample_rank,compact_rank_20,0,0.0913621124033059,0.4934155738243804,0
TCGA_to_GEO,GSE13294,GSM335518,single_sample_rank,compact_rank_20,1,0.9813222940889512,0.4934155738243804,1
TCGA_to_GEO,GSE13294,GSM335519,single_sample_rank,compact_rank_20,1,0.8678123946441874,0.4934155738243804,1
TCGA_to_GEO,GSE13294,GSM335520,single_sample_rank,compact_rank_20,0,0.5431884699868011,0.4934155738243804,1
TCGA_to_GEO,GSE13294,GSM335521,single_sample_rank,compact_rank_20,0,0.0151906396224679,0.4934155738243804,0
TCGA_to_GEO,GSE13294,GSM335522,single_sample_rank,compact_rank_20,0,0.0817035019777895,0.4934155738243804,0
TCGA_to_GEO,GSE13294,GSM335523,single_sample_rank,compact_rank_20,0,0.0658418240442705,0.4934155738243804,0
TCGA_to_GEO,GSE13294,GSM335524,single_sample_rank,compact_rank_20,0,0.0057418864850763,0.4934155738243804,0
TCGA_to_GEO,GSE13294,GSM335525,single_sample_rank,compact_rank_20,1,0.999279941771368,0.4934155738243804,1
TCGA_to_GEO,GSE13294,GSM335526,single_sample_rank,compact_rank_20,0,0.0015887793491204,0.4934155738243804,0
TCGA_to_GEO,GSE13294,GSM335527,single_sample_rank,compact_rank_20,1,0.99413584427758,0.4934155738243804,1
TCGA_to_GEO,GSE13294,GSM335528,single_sample_rank,compact_rank_20,0,0.0169601965155944,0.4934155738243804,0
TCGA_to_GEO,GSE13294,GSM335529,single_sample_rank,compact_rank_20,1,0.36098829171469,0.4934155738243804,0
TCGA_to_GEO,GSE13294,GSM335530,single_sample_rank,compact_rank_20,1,0.9999909102870594,0.4934155738243804,1
TCGA_to_GEO,GSE13294,GSM335531,single_sample_rank,compact_rank_20,0,0.0015154466423291,0.4934155738243804,0
TCGA_to_GEO,GSE13294,GSM335532,single_sample_rank,compact_rank_20,1,0.9986611629818538,0.4934155738243804,1
TCGA_to_GEO,GSE13294,GSM335533,single_sample_rank,compact_rank_20,0,0.0005036195443301,0.4934155738243804,0
TCGA_to_GEO,GSE13294,GSM335534,single_sample_rank,compact_rank_20,0,0.0143807246496056,0.4934155738243804,0
TCGA_to_GEO,GSE13294,GSM335535,single_sample_rank,compact_rank_20,0,0.0161855087729737,0.4934155738243804,0
TCGA_to_GEO,GSE13294,GSM335536,single_sample_rank,compact_rank_20,0,0.0177570316395913,0.4934155738243804,0
TCGA_to_GEO,GSE13294,GSM335537,single_sample_rank,compact_rank_20,0,0.0014135828117484,0.4934155738243804,0
TCGA_to_GEO,GSE13294,GSM335538,single_sample_rank,compact_rank_20,0,0.0056956524200397,0.4934155738243804,0
TCGA_to_GEO,GSE13294,GSM335539,single_sample_rank,compact_rank_20,0,0.0004262149656112,0.4934155738243804,0
TCGA_to_GEO,GSE13294,GSM335540,single_sample_rank,compact_rank_20,0,0.0003104913913559,0.4934155738243804,0
TCGA_to_GEO,GSE13294,GSM335541,single_sample_rank,compact_rank_20,1,0.9647159300751712,0.4934155738243804,1
TCGA_to_GEO,GSE13294,GSM335542,single_sample_rank,compact_rank_20,1,0.9995651498114158,0.4934155738243804,1
TCGA_to_GEO,GSE13294,GSM335543,single_sample_rank,compact_rank_20,1,0.8865632881491756,0.4934155738243804,1
TCGA_to_GEO,GSE13294,GSM335544,single_sample_rank,compact_rank_20,1,0.9999524951909204,0.4934155738243804,1
TCGA_to_GEO,GSE13294,GSM335545,single_sample_rank,compact_rank_20,1,0.8284500020170508,0.4934155738243804,1
TCGA_to_GEO,GSE13294,GSM335546,single_sample_rank,compact_rank_20,1,0.9995176672221128,0.4934155738243804,1
TCGA_to_GEO,GSE13294,GSM335547,single_sample_rank,compact_rank_20,0,0.9764821688721874,0.4934155738243804,1
TCGA_to_GEO,GSE13294,GSM335548,single_sample_rank,compact_rank_20,0,0.8764647732097914,0.4934155738243804,1
TCGA_to_GEO,GSE13294,GSM335549,single_sample_rank,compact_rank_20,0,0.0684102127521126,0.4934155738243804,0
TCGA_to_GEO,GSE13294,GSM335550,single_sample_rank,compact_rank_20,0,0.4222965447425795,0.4934155738243804,0
TCGA_to_GEO,GSE13294,GSM335551,single_sample_rank,compact_rank_20,1,0.9758248596136928,0.4934155738243804,1
TCGA_to_GEO,GSE13294,GSM335552,single_sample_rank,compact_rank_20,0,0.9704983634803456,0.4934155738243804,1
TCGA_to_GEO,GSE13294,GSM335553,single_sample_rank,compact_rank_20,0,0.8469528230422788,0.4934155738243804,1
TCGA_to_GEO,GSE13294,GSM335554,single_sample_rank,compact_rank_20,0,0.0349112344773806,0.4934155738243804,0
TCGA_to_GEO,GSE13294,GSM335555,single_sample_rank,compact_rank_20,1,0.9999985775517928,0.4934155738243804,1
TCGA_to_GEO,GSE13294,GSM335556,single_sample_rank,compact_rank_20,0,0.0109706353361711,0.4934155738243804,0
TCGA_to_GEO,GSE13294,GSM335557,single_sample_rank,compact_rank_20,0,0.121314236780877,0.4934155738243804,0
TCGA_to_GEO,GSE13294,GSM335558,single_sample_rank,compact_rank_20,0,0.0074394663589285,0.4934155738243804,0
TCGA_to_GEO,GSE13294,GSM335559,single_sample_rank,compact_rank_20,1,0.979157953397484,0.4934155738243804,1
TCGA_to_GEO,GSE13294,GSM335560,single_sample_rank,compact_rank_20,1,0.9999862181675716,0.4934155738243804,1
TCGA_to_GEO,GSE13294,GSM335561,single_sample_rank,compact_rank_20,0,0.0207461254869452,0.4934155738243804,0
TCGA_to_GEO,GSE13294,GSM335562,single_sample_rank,compact_rank_20,1,0.9941354270365216,0.4934155738243804,1
TCGA_to_GEO,GSE13294,GSM335563,single_sample_rank,compact_rank_20,1,0.9998834572261605,0.4934155738243804,1
TCGA_to_GEO,GSE13294,GSM335564,single_sample_rank,compact_rank_20,0,0.0657077057774695,0.4934155738243804,0
TCGA_to_GEO,GSE13294,GSM335565,single_sample_rank,compact_rank_20,1,0.9999994771280908,0.4934155738243804,1
TCGA_to_GEO,GSE13294,GSM335566,single_sample_rank,compact_rank_20,1,0.9996945029871052,0.4934155738243804,1
TCGA_to_GEO,GSE13294,GSM335567,single_sample_rank,compact_rank_20,0,0.050659751205639,0.4934155738243804,0
TCGA_to_GEO,GSE13294,GSM335568,single_sample_rank,compact_rank_20,0,0.000684337474028,0.4934155738243804,0
TCGA_to_GEO,GSE13294,GSM335569,single_sample_rank,compact_rank_20,0,0.029560314633922,0.4934155738243804,0
TCGA_to_GEO,GSE13294,GSM335570,single_sample_rank,compact_rank_20,0,0.6484977316878593,0.4934155738243804,1
TCGA_to_GEO,GSE13294,GSM335571,single_sample_rank,compact_rank_20,0,0.0073019920519116,0.4934155738243804,0
TCGA_to_GEO,GSE13294,GSM335572,single_sample_rank,compact_rank_20,0,0.0258478040144548,0.4934155738243804,0
TCGA_to_GEO,GSE13294,GSM335573,single_sample_rank,compact_rank_20,1,0.0041248055410585,0.4934155738243804,0
TCGA_to_GEO,GSE13294,GSM335574,single_sample_rank,compact_rank_20,1,0.9999901035414168,0.4934155738243804,1
TCGA_to_GEO,GSE13294,GSM335575,single_sample_rank,compact_rank_20,0,0.0696037321618283,0.4934155738243804,0
TCGA_to_GEO,GSE13294,GSM335576,single_sample_rank,compact_rank_20,1,0.9995663277563788,0.4934155738243804,1
TCGA_to_GEO,GSE13294,GSM335577,single_sample_rank,compact_rank_20,1,0.9999795996664717,0.4934155738243804,1
TCGA_to_GEO,GSE13294,GSM335578,single_sample_rank,compact_rank_20,1,0.9999887961021372,0.4934155738243804,1
TCGA_to_GEO,GSE13294,GSM335579,single_sample_rank,compact_rank_20,0,0.961793930092233,0.4934155738243804,1
TCGA_to_GEO,GSE13294,GSM335580,single_sample_rank,compact_rank_20,0,0.0020905110822241,0.4934155738243804,0
TCGA_to_GEO,GSE13294,GSM335581,single_sample_rank,compact_rank_20,0,0.2834962023094038,0.4934155738243804,0
TCGA_to_GEO,GSE13294,GSM335582,single_sample_rank,compact_rank_20,0,0.0033556129418093,0.4934155738243804,0
TCGA_to_GEO,GSE13294,GSM335583,single_sample_rank,compact_rank_20,0,0.0068614547015238,0.4934155738243804,0
TCGA_to_GEO,GSE13294,GSM335584,single_sample_rank,compact_rank_20,0,0.0860426363614579,0.4934155738243804,0
TCGA_to_GEO,GSE13294,GSM335585,single_sample_rank,compact_rank_20,1,0.9999975281829546,0.4934155738243804,1
TCGA_to_GEO,GSE13294,GSM335586,single_sample_rank,compact_rank_20,0,0.0230303386800452,0.4934155738243804,0
TCGA_to_GEO,GSE13294,GSM335587,single_sample_rank,compact_rank_20,0,0.1124358600288276,0.4934155738243804,0
TCGA_to_GEO,GSE13294,GSM335588,single_sample_rank,compact_rank_20,0,0.0023859911167693,0.4934155738243804,0
TCGA_to_GEO,GSE13294,GSM335589,single_sample_rank,compact_rank_20,0,0.0084379763670943,0.4934155738243804,0
TCGA_to_GEO,GSE13294,GSM335590,single_sample_rank,compact_rank_20,0,0.006162359103813,0.4934155738243804,0
TCGA_to_GEO,GSE13294,GSM335591,single_sample_rank,compact_rank_20,0,0.006756803504593,0.4934155738243804,0
TCGA_to_GEO,GSE13294,GSM335592,single_sample_rank,compact_rank_20,0,0.0041187072956838,0.4934155738243804,0
TCGA_to_GEO,GSE13294,GSM335593,single_sample_rank,compact_rank_20,0,0.0240327399488282,0.4934155738243804,0
TCGA_to_GEO,GSE13294,GSM335594,single_sample_rank,compact_rank_20,0,0.0018890115235089,0.4934155738243804,0
TCGA_to_GEO,GSE13294,GSM335595,single_sample_rank,compact_rank_20,1,0.9999954738035994,0.4934155738243804,1
TCGA_to_GEO,GSE13294,GSM335596,single_sample_rank,compact_rank_20,0,0.1770597944506894,0.4934155738243804,0
TCGA_to_GEO,GSE13294,GSM335597,single_sample_rank,compact_rank_20,1,0.9999999979573082,0.4934155738243804,1
TCGA_to_GEO,GSE13294,GSM335598,single_sample_rank,compact_rank_20,0,0.0053648983496031,0.4934155738243804,0
TCGA_to_GEO,GSE13294,GSM335599,single_sample_rank,compact_rank_20,0,0.7038980677823689,0.4934155738243804,1
TCGA_to_GEO,GSE13294,GSM335600,single_sample_rank,compact_rank_20,0,0.0830185443526621,0.4934155738243804,0
TCGA_to_GEO,GSE13294,GSM335601,single_sample_rank,compact_rank_20,0,0.1160453274962245,0.4934155738243804,0
TCGA_to_GEO,GSE13294,GSM335602,single_sample_rank,compact_rank_20,0,0.0074393585845971,0.4934155738243804,0
TCGA_to_GEO,GSE13294,GSM335603,single_sample_rank,compact_rank_20,0,0.0006823922896086,0.4934155738243804,0
TCGA_to_GEO,GSE13294,GSM335604,single_sample_rank,compact_rank_20,0,0.053474112336031,0.4934155738243804,0
TCGA_to_GEO,GSE13294,GSM335605,single_sample_rank,compact_rank_20,0,0.0003196956546973,0.4934155738243804,0
TCGA_to_GEO,GSE13294,GSM335606,single_sample_rank,compact_rank_20,0,0.0001870264475444,0.4934155738243804,0
TCGA_to_GEO,GSE13294,GSM335607,single_sample_rank,compact_rank_20,0,0.359101314356146,0.4934155738243804,0
TCGA_to_GEO,GSE13294,GSM335608,single_sample_rank,compact_rank_20,0,0.5365666553941963,0.4934155738243804,1
TCGA_to_GEO,GSE13294,GSM335609,single_sample_rank,compact_rank_20,0,0.0075173217889826,0.4934155738243804,0
TCGA_to_GEO,GSE13294,GSM335610,single_sample_rank,compact_rank_20,0,6.172204102587294e-05,0.4934155738243804,0
TCGA_to_GEO,GSE13294,GSM335611,single_sample_rank,compact_rank_20,0,0.0835645853432767,0.4934155738243804,0
TCGA_to_GEO,GSE13294,GSM335612,single_sample_rank,compact_rank_20,0,0.0004137391151398,0.4934155738243804,0
TCGA_to_GEO,GSE13294,GSM335613,single_sample_rank,compact_rank_20,0,0.0034284809246287,0.4934155738243804,0
TCGA_to_GEO,GSE13294,GSM335614,single_sample_rank,compact_rank_20,1,0.9999898675907556,0.4934155738243804,1
TCGA_to_GEO,GSE13294,GSM335615,single_sample_rank,compact_rank_20,0,0.0035322538838799,0.4934155738243804,0
TCGA_to_GEO,GSE13294,GSM335616,single_sample_rank,compact_rank_20,0,0.0034896456587863,0.4934155738243804,0
TCGA_to_GEO,GSE13294,GSM335617,single_sample_rank,compact_rank_20,0,0.0002219468163559,0.4934155738243804,0
TCGA_to_GEO,GSE13294,GSM335618,single_sample_rank,compact_rank_20,1,0.5490575269683851,0.4934155738243804,1
TCGA_to_GEO,GSE13294,GSM335619,single_sample_rank,compact_rank_20,1,0.9947156529508284,0.4934155738243804,1
TCGA_to_GEO,GSE13294,GSM335620,single_sample_rank,compact_rank_20,1,0.9819506594593624,0.4934155738243804,1
TCGA_to_GEO,GSE13294,GSM335621,single_sample_rank,compact_rank_20,1,0.999878304261917,0.4934155738243804,1
TCGA_to_GEO,GSE13294,GSM335622,single_sample_rank,compact_rank_20,1,0.999950082863542,0.4934155738243804,1
TCGA_to_GEO,GSE13294,GSM335623,single_sample_rank,compact_rank_20,1,0.9999996501940364,0.4934155738243804,1
TCGA_to_GEO,GSE13294,GSM335624,single_sample_rank,compact_rank_20,1,0.9997555229655624,0.4934155738243804,1
TCGA_to_GEO,GSE13294,GSM335625,single_sample_rank,compact_rank_20,1,0.9974462375672888,0.4934155738243804,1
TCGA_to_GEO,GSE13294,GSM335626,single_sample_rank,compact_rank_20,1,0.7939657633804915,0.4934155738243804,1
TCGA_to_GEO,GSE13294,GSM335627,single_sample_rank,compact_rank_20,1,0.995500216160623,0.4934155738243804,1
TCGA_to_GEO,GSE13294,GSM335628,single_sample_rank,compact_rank_20,1,0.999455350384023,0.4934155738243804,1
TCGA_to_GEO,GSE13294,GSM335629,single_sample_rank,compact_rank_20,1,0.9999999795792204,0.4934155738243804,1
TCGA_to_GEO,GSE13294,GSM335630,single_sample_rank,compact_rank_20,1,0.9999526930774476,0.4934155738243804,1
TCGA_to_GEO,GSE13294,GSM335631,single_sample_rank,compact_rank_20,1,0.078611222678333,0.4934155738243804,0
TCGA_to_GEO,GSE13294,GSM335632,single_sample_rank,compact_rank_20,1,0.9987439444491092,0.4934155738243804,1
TCGA_to_GEO,GSE13294,GSM335633,single_sample_rank,compact_rank_20,1,0.9644322556548304,0.4934155738243804,1
TCGA_to_GEO,GSE13294,GSM335634,single_sample_rank,compact_rank_20,1,0.9999995406483508,0.4934155738243804,1
TCGA_to_GEO,GSE13294,GSM335635,single_sample_rank,compact_rank_20,1,0.9999932738539372,0.4934155738243804,1
TCGA_to_GEO,GSE13294,GSM335636,single_sample_rank,compact_rank_20,1,0.0004563393081464,0.4934155738243804,0
TCGA_to_GEO,GSE13294,GSM335637,single_sample_rank,compact_rank_20,1,0.9618814616448832,0.4934155738243804,1
TCGA_to_GEO,GSE13294,GSM335638,single_sample_rank,compact_rank_20,1,0.9999571784017623,0.4934155738243804,1
TCGA_to_GEO,GSE13294,GSM335639,single_sample_rank,compact_rank_20,1,0.9920631812761996,0.4934155738243804,1
TCGA_to_GEO,GSE13294,GSM335640,single_sample_rank,compact_rank_20,1,0.9999070214442146,0.4934155738243804,1
TCGA_to_GEO,GSE13294,GSM335641,single_sample_rank,compact_rank_20,1,0.9999998919642932,0.4934155738243804,1
TCGA_to_GEO,GSE13294,GSM335642,single_sample_rank,compact_rank_20,1,0.9997645405375428,0.4934155738243804,1
TCGA_to_GEO,GSE13294,GSM335643,single_sample_rank,compact_rank_20,1,0.999999994399811,0.4934155738243804,1
TCGA_to_GEO,GSE13294,GSM335644,single_sample_rank,compact_rank_20,1,0.9968176327810117,0.4934155738243804,1
TCGA_to_GEO,GSE13294,GSM335645,single_sample_rank,compact_rank_20,1,0.9999456056175464,0.4934155738243804,1
TCGA_to_GEO,GSE13294,GSM335646,single_sample_rank,compact_rank_20,1,0.999905326239082,0.4934155738243804,1
TCGA_to_GEO,GSE13294,GSM335647,single_sample_rank,compact_rank_20,1,0.9988500432812594,0.4934155738243804,1
TCGA_to_GEO,GSE13294,GSM335648,single_sample_rank,compact_rank_20,1,0.2077662981529753,0.4934155738243804,0
TCGA_to_GEO,GSE13294,GSM335649,single_sample_rank,compact_rank_20,1,0.9999696539842824,0.4934155738243804,1
TCGA_to_GEO,GSE13294,GSM335650,single_sample_rank,compact_rank_20,1,0.9994365246723312,0.4934155738243804,1
TCGA_to_GEO,GSE13294,GSM335651,single_sample_rank,compact_rank_20,1,0.012101898829246,0.4934155738243804,0
TCGA_to_GEO,GSE13294,GSM335652,single_sample_rank,compact_rank_20,1,0.9999920949852604,0.4934155738243804,1
TCGA_to_GEO,GSE13294,GSM335653,single_sample_rank,compact_rank_20,1,0.9988788491047864,0.4934155738243804,1
TCGA_to_GEO,GSE13294,GSM335654,single_sample_rank,compact_rank_20,1,0.9982734233235766,0.4934155738243804,1
TCGA_to_GEO,GSE13294,GSM335655,single_sample_rank,compact_rank_20,1,0.9998081484416476,0.4934155738243804,1
TCGA_to_GEO,GSE13294,GSM335656,single_sample_rank,compact_rank_20,1,0.9995528440950896,0.4934155738243804,1
TCGA_to_GEO,GSE13294,GSM335657,single_sample_rank,compact_rank_20,1,0.9998259452907372,0.4934155738243804,1
TCGA_to_GEO,GSE13294,GSM335658,single_sample_rank,compact_rank_20,1,0.9999955141281228,0.4934155738243804,1
TCGA_to_GEO,GSE13294,GSM335659,single_sample_rank,compact_rank_20,1,0.9999969809010668,0.4934155738243804,1
TCGA_to_GEO,GSE13294,GSM335660,single_sample_rank,compact_rank_20,1,0.9999956452548024,0.4934155738243804,1
TCGA_to_GEO,GSE13294,GSM335661,single_sample_rank,compact_rank_20,1,0.9999458076871204,0.4934155738243804,1
TCGA_to_GEO,GSE13294,GSM335662,single_sample_rank,compact_rank_20,1,0.9999765782749874,0.4934155738243804,1
TCGA_to_GEO,GSE13294,GSM335663,single_sample_rank,compact_rank_20,1,0.9799509236439736,0.4934155738243804,1
TCGA_to_GEO,GSE13294,GSM335664,single_sample_rank,compact_rank_20,1,0.999347644097691,0.4934155738243804,1
TCGA_to_GEO,GSE13067,GSM327282,single_sample_rank,compact_rank_20,1,0.9999941702850996,0.4934155738243804,1
TCGA_to_GEO,GSE13067,GSM327283,single_sample_rank,compact_rank_20,0,0.0469087057196013,0.4934155738243804,0
TCGA_to_GEO,GSE13067,GSM327284,single_sample_rank,compact_rank_20,0,0.1741138116062819,0.4934155738243804,0
TCGA_to_GEO,GSE13067,GSM327285,single_sample_rank,compact_rank_20,0,0.0136859765176994,0.4934155738243804,0
TCGA_to_GEO,GSE13067,GSM327286,single_sample_rank,compact_rank_20,0,0.3432101351499752,0.4934155738243804,0
TCGA_to_GEO,GSE13067,GSM327287,single_sample_rank,compact_rank_20,0,0.0042092798846127,0.4934155738243804,0
TCGA_to_GEO,GSE13067,GSM327288,single_sample_rank,compact_rank_20,1,0.963106154929684,0.4934155738243804,1
TCGA_to_GEO,GSE13067,GSM327289,single_sample_rank,compact_rank_20,0,0.0601009776079266,0.4934155738243804,0
TCGA_to_GEO,GSE13067,GSM327290,single_sample_rank,compact_rank_20,0,0.5593241842528904,0.4934155738243804,1
TCGA_to_GEO,GSE13067,GSM327291,single_sample_rank,compact_rank_20,0,0.0268257468743449,0.4934155738243804,0
TCGA_to_GEO,GSE13067,GSM327292,single_sample_rank,compact_rank_20,0,0.00193004342388,0.4934155738243804,0
TCGA_to_GEO,GSE13067,GSM327293,single_sample_rank,compact_rank_20,0,0.1828462340085695,0.4934155738243804,0
TCGA_to_GEO,GSE13067,GSM327294,single_sample_rank,compact_rank_20,0,0.0020511849309415,0.4934155738243804,0
TCGA_to_GEO,GSE13067,GSM327295,single_sample_rank,compact_rank_20,0,0.0031291513809261,0.4934155738243804,0
TCGA_to_GEO,GSE13067,GSM327296,single_sample_rank,compact_rank_20,0,0.0969942178524532,0.4934155738243804,0
TCGA_to_GEO,GSE13067,GSM327297,single_sample_rank,compact_rank_20,0,0.0106420046866588,0.4934155738243804,0
TCGA_to_GEO,GSE13067,GSM327298,single_sample_rank,compact_rank_20,0,0.0076407645587003,0.4934155738243804,0
TCGA_to_GEO,GSE13067,GSM327299,single_sample_rank,compact_rank_20,0,0.3567222894410211,0.4934155738243804,0
TCGA_to_GEO,GSE13067,GSM327300,single_sample_rank,compact_rank_20,0,0.0726704260913035,0.4934155738243804,0
TCGA_to_GEO,GSE13067,GSM327301,single_sample_rank,compact_rank_20,0,0.0045773170850788,0.4934155738243804,0
TCGA_to_GEO,GSE13067,GSM327302,single_sample_rank,compact_rank_20,0,0.825211785339116,0.4934155738243804,1
TCGA_to_GEO,GSE13067,GSM327303,single_sample_rank,compact_rank_20,0,0.011058921136139,0.4934155738243804,0
TCGA_to_GEO,GSE13067,GSM327304,single_sample_rank,compact_rank_20,0,0.1375726345436342,0.4934155738243804,0
TCGA_to_GEO,GSE13067,GSM327305,single_sample_rank,compact_rank_20,0,0.0243399571801428,0.4934155738243804,0
TCGA_to_GEO,GSE13067,GSM327306,single_sample_rank,compact_rank_20,0,0.0114921536170468,0.4934155738243804,0
TCGA_to_GEO,GSE13067,GSM327307,single_sample_rank,compact_rank_20,0,0.0275037637863607,0.4934155738243804,0
TCGA_to_GEO,GSE13067,GSM327308,single_sample_rank,compact_rank_20,0,0.0002796319779605,0.4934155738243804,0
TCGA_to_GEO,GSE13067,GSM327309,single_sample_rank,compact_rank_20,1,0.9990780177780254,0.4934155738243804,1
TCGA_to_GEO,GSE13067,GSM327310,single_sample_rank,compact_rank_20,1,0.9999960051921084,0.4934155738243804,1
TCGA_to_GEO,GSE13067,GSM327311,single_sample_rank,compact_rank_20,1,0.9999939133383527,0.4934155738243804,1
TCGA_to_GEO,GSE13067,GSM327312,single_sample_rank,compact_rank_20,0,0.1178002425566625,0.4934155738243804,0
TCGA_to_GEO,GSE13067,GSM327313,single_sample_rank,compact_rank_20,1,0.9995890035401364,0.4934155738243804,1
TCGA_to_GEO,GSE13067,GSM327314,single_sample_rank,compact_rank_20,0,0.0192244731366749,0.4934155738243804,0
TCGA_to_GEO,GSE13067,GSM327315,single_sample_rank,compact_rank_20,0,0.0007930882040728,0.4934155738243804,0
TCGA_to_GEO,GSE13067,GSM327316,single_sample_rank,compact_rank_20,0,0.202949275691828,0.4934155738243804,0
TCGA_to_GEO,GSE13067,GSM327317,single_sample_rank,compact_rank_20,0,0.0011611110083305,0.4934155738243804,0
TCGA_to_GEO,GSE13067,GSM327318,single_sample_rank,compact_rank_20,0,0.002397085097627,0.4934155738243804,0
TCGA_to_GEO,GSE13067,GSM327319,single_sample_rank,compact_rank_20,0,0.0090050680852748,0.4934155738243804,0
TCGA_to_GEO,GSE13067,GSM327320,single_sample_rank,compact_rank_20,0,0.000360978005548,0.4934155738243804,0
TCGA_to_GEO,GSE13067,GSM327321,single_sample_rank,compact_rank_20,0,7.395826189002152e-06,0.4934155738243804,0
TCGA_to_GEO,GSE13067,GSM327322,single_sample_rank,compact_rank_20,0,0.0019824663180059,0.4934155738243804,0
TCGA_to_GEO,GSE13067,GSM327323,single_sample_rank,compact_rank_20,0,0.0025966341016477,0.4934155738243804,0
TCGA_to_GEO,GSE13067,GSM327324,single_sample_rank,compact_rank_20,1,0.9992150757429668,0.4934155738243804,1
TCGA_to_GEO,GSE13067,GSM327325,single_sample_rank,compact_rank_20,1,0.999729765001604,0.4934155738243804,1
TCGA_to_GEO,GSE13067,GSM327326,single_sample_rank,compact_rank_20,0,0.0121925705358962,0.4934155738243804,0
TCGA_to_GEO,GSE13067,GSM327327,single_sample_rank,compact_rank_20,0,0.3161790095941246,0.4934155738243804,0
TCGA_to_GEO,GSE13067,GSM327328,single_sample_rank,compact_rank_20,0,0.0083768053262195,0.4934155738243804,0
TCGA_to_GEO,GSE13067,GSM327329,single_sample_rank,compact_rank_20,0,0.175999469644616,0.4934155738243804,0
TCGA_to_GEO,GSE13067,GSM327330,single_sample_rank,compact_rank_20,0,0.0034306766688113,0.4934155738243804,0
TCGA_to_GEO,GSE13067,GSM327331,single_sample_rank,compact_rank_20,1,0.9985376587370964,0.4934155738243804,1
TCGA_to_GEO,GSE13067,GSM327332,single_sample_rank,compact_rank_20,0,0.0046958998289721,0.4934155738243804,0
TCGA_to_GEO,GSE13067,GSM327333,single_sample_rank,compact_rank_20,0,0.1030909146577633,0.4934155738243804,0
TCGA_to_GEO,GSE13067,GSM327334,single_sample_rank,compact_rank_20,0,0.0376988551597528,0.4934155738243804,0
TCGA_to_GEO,GSE13067,GSM327335,single_sample_rank,compact_rank_20,0,0.4769760590892204,0.4934155738243804,0
TCGA_to_GEO,GSE13067,GSM327336,single_sample_rank,compact_rank_20,0,0.0707016632187328,0.4934155738243804,0
TCGA_to_GEO,GSE13067,GSM327337,single_sample_rank,compact_rank_20,0,0.0024232776112978,0.4934155738243804,0
TCGA_to_GEO,GSE13067,GSM327338,single_sample_rank,compact_rank_20,0,0.0001287416519515,0.4934155738243804,0
TCGA_to_GEO,GSE13067,GSM327339,single_sample_rank,compact_rank_20,0,0.1992228817701609,0.4934155738243804,0
TCGA_to_GEO,GSE13067,GSM327340,single_sample_rank,compact_rank_20,0,0.0172716619117787,0.4934155738243804,0
TCGA_to_GEO,GSE13067,GSM327341,single_sample_rank,compact_rank_20,0,0.0001340707406903,0.4934155738243804,0
TCGA_to_GEO,GSE13067,GSM327342,single_sample_rank,compact_rank_20,0,0.0002102333553232,0.4934155738243804,0
TCGA_to_GEO,GSE13067,GSM327343,single_sample_rank,compact_rank_20,0,0.4337305608020076,0.4934155738243804,0
TCGA_to_GEO,GSE13067,GSM327344,single_sample_rank,compact_rank_20,0,0.0007203680499041,0.4934155738243804,0
TCGA_to_GEO,GSE13067,GSM327345,single_sample_rank,compact_rank_20,0,0.5971630052827648,0.4934155738243804,1
TCGA_to_GEO,GSE13067,GSM327346,single_sample_rank,compact_rank_20,0,0.0338496382754407,0.4934155738243804,0
TCGA_to_GEO,GSE13067,GSM327347,single_sample_rank,compact_rank_20,0,0.0031424806475854,0.4934155738243804,0
TCGA_to_GEO,GSE13067,GSM327348,single_sample_rank,compact_rank_20,0,0.2339111687082199,0.4934155738243804,0
TCGA_to_GEO,GSE13067,GSM327349,single_sample_rank,compact_rank_20,0,0.0396703879562461,0.4934155738243804,0
TCGA_to_GEO,GSE13067,GSM327350,single_sample_rank,compact_rank_20,0,0.0360239222971329,0.4934155738243804,0
TCGA_to_GEO,GSE13067,GSM327351,single_sample_rank,compact_rank_20,0,0.0086240542687189,0.4934155738243804,0
TCGA_to_GEO,GSE13067,GSM327352,single_sample_rank,compact_rank_20,1,0.9999995630223462,0.4934155738243804,1
TCGA_to_GEO,GSE13067,GSM327353,single_sample_rank,compact_rank_20,1,0.9998564645218054,0.4934155738243804,1
TCGA_to_GEO,GSE13067,GSM327354,single_sample_rank,compact_rank_20,0,0.0422893354851972,0.4934155738243804,0
TCGA_to_GEO,GSE13067,GSM327355,single_sample_rank,compact_rank_20,0,0.0097341450407216,0.4934155738243804,0
TCGA_to_GEO,GSE18088,GSM452148,single_sample_rank,compact_rank_20,1,0.0994889438266291,0.4934155738243804,0
TCGA_to_GEO,GSE18088,GSM452149,single_sample_rank,compact_rank_20,0,0.0002789276267332,0.4934155738243804,0
TCGA_to_GEO,GSE18088,GSM452150,single_sample_rank,compact_rank_20,0,0.0006350611972278,0.4934155738243804,0
TCGA_to_GEO,GSE18088,GSM452151,single_sample_rank,compact_rank_20,0,0.0039663667004551,0.4934155738243804,0
TCGA_to_GEO,GSE18088,GSM452152,single_sample_rank,compact_rank_20,0,0.0004256544532967,0.4934155738243804,0
TCGA_to_GEO,GSE18088,GSM452153,single_sample_rank,compact_rank_20,1,0.2981773017309125,0.4934155738243804,0
TCGA_to_GEO,GSE18088,GSM452154,single_sample_rank,compact_rank_20,0,0.0074354873659502,0.4934155738243804,0
TCGA_to_GEO,GSE18088,GSM452155,single_sample_rank,compact_rank_20,0,0.0007812583369736,0.4934155738243804,0
TCGA_to_GEO,GSE18088,GSM452156,single_sample_rank,compact_rank_20,0,0.0006167126953477,0.4934155738243804,0
TCGA_to_GEO,GSE18088,GSM452157,single_sample_rank,compact_rank_20,1,0.9999400416353764,0.4934155738243804,1
TCGA_to_GEO,GSE18088,GSM452158,single_sample_rank,compact_rank_20,0,0.0034944830195431,0.4934155738243804,0
TCGA_to_GEO,GSE18088,GSM452159,single_sample_rank,compact_rank_20,1,0.9738217079691354,0.4934155738243804,1
TCGA_to_GEO,GSE18088,GSM452160,single_sample_rank,compact_rank_20,0,0.0008498570124348,0.4934155738243804,0
TCGA_to_GEO,GSE18088,GSM452161,single_sample_rank,compact_rank_20,0,0.0013240665788729,0.4934155738243804,0
TCGA_to_GEO,GSE18088,GSM452162,single_sample_rank,compact_rank_20,0,0.0935926954429937,0.4934155738243804,0
TCGA_to_GEO,GSE18088,GSM452163,single_sample_rank,compact_rank_20,1,0.9999421739602248,0.4934155738243804,1
TCGA_to_GEO,GSE18088,GSM452164,single_sample_rank,compact_rank_20,0,9.343681897932032e-05,0.4934155738243804,0
TCGA_to_GEO,GSE18088,GSM452165,single_sample_rank,compact_rank_20,0,0.011360929022904,0.4934155738243804,0
TCGA_to_GEO,GSE18088,GSM452166,single_sample_rank,compact_rank_20,0,0.0002895264534153,0.4934155738243804,0
TCGA_to_GEO,GSE18088,GSM452167,single_sample_rank,compact_rank_20,0,0.0011664686773527,0.4934155738243804,0
TCGA_to_GEO,GSE18088,GSM452168,single_sample_rank,compact_rank_20,1,0.9729763195548032,0.4934155738243804,1
TCGA_to_GEO,GSE18088,GSM452169,single_sample_rank,compact_rank_20,1,0.9988145969447711,0.4934155738243804,1
TCGA_to_GEO,GSE18088,GSM452170,single_sample_rank,compact_rank_20,0,0.0053072693891861,0.4934155738243804,0
TCGA_to_GEO,GSE18088,GSM452171,single_sample_rank,compact_rank_20,0,0.00021719102782,0.4934155738243804,0
TCGA_to_GEO,GSE18088,GSM452172,single_sample_rank,compact_rank_20,0,0.3943785337766847,0.4934155738243804,0
TCGA_to_GEO,GSE18088,GSM452173,single_sample_rank,compact_rank_20,1,0.9670793294695236,0.4934155738243804,1
TCGA_to_GEO,GSE18088,GSM452174,single_sample_rank,compact_rank_20,1,0.9424918578406312,0.4934155738243804,1
TCGA_to_GEO,GSE18088,GSM452175,single_sample_rank,compact_rank_20,1,0.9449098507288316,0.4934155738243804,1
TCGA_to_GEO,GSE18088,GSM452176,single_sample_rank,compact_rank_20,0,0.0030494644935517,0.4934155738243804,0
TCGA_to_GEO,GSE18088,GSM452177,single_sample_rank,compact_rank_20,0,0.0027107933375361,0.4934155738243804,0
TCGA_to_GEO,GSE18088,GSM452178,single_sample_rank,compact_rank_20,0,2.679392672341985e-06,0.4934155738243804,0
TCGA_to_GEO,GSE18088,GSM452179,single_sample_rank,compact_rank_20,1,0.9991863145615651,0.4934155738243804,1
TCGA_to_GEO,GSE18088,GSM452180,single_sample_rank,compact_rank_20,1,0.997839740475857,0.4934155738243804,1
TCGA_to_GEO,GSE18088,GSM452181,single_sample_rank,compact_rank_20,0,0.0016846016519165,0.4934155738243804,0
TCGA_to_GEO,GSE18088,GSM452182,single_sample_rank,compact_rank_20,1,0.9833043276525169,0.4934155738243804,1
TCGA_to_GEO,GSE18088,GSM452183,single_sample_rank,compact_rank_20,1,0.9915107789692674,0.4934155738243804,1
TCGA_to_GEO,GSE18088,GSM452184,single_sample_rank,compact_rank_20,1,0.9141931502269846,0.4934155738243804,1
TCGA_to_GEO,GSE18088,GSM452185,single_sample_rank,compact_rank_20,0,0.0006235935811912,0.4934155738243804,0
TCGA_to_GEO,GSE18088,GSM452186,single_sample_rank,compact_rank_20,0,0.0112859594102193,0.4934155738243804,0
TCGA_to_GEO,GSE18088,GSM452187,single_sample_rank,compact_rank_20,0,9.125118321534972e-05,0.4934155738243804,0
TCGA_to_GEO,GSE18088,GSM452188,single_sample_rank,compact_rank_20,1,0.7921577315520449,0.4934155738243804,1
TCGA_to_GEO,GSE18088,GSM452189,single_sample_rank,compact_rank_20,1,0.9917814448961428,0.4934155738243804,1
TCGA_to_GEO,GSE18088,GSM452190,single_sample_rank,compact_rank_20,0,0.0432810880831894,0.4934155738243804,0
TCGA_to_GEO,GSE18088,GSM452191,single_sample_rank,compact_rank_20,0,0.0129087454637801,0.4934155738243804,0
TCGA_to_GEO,GSE18088,GSM452192,single_sample_rank,compact_rank_20,0,0.0003031040191023,0.4934155738243804,0
TCGA_to_GEO,GSE18088,GSM452193,single_sample_rank,compact_rank_20,0,0.0001208294279865,0.4934155738243804,0
TCGA_to_GEO,GSE18088,GSM452194,single_sample_rank,compact_rank_20,0,0.0014816205477355,0.4934155738243804,0
TCGA_to_GEO,GSE18088,GSM452195,single_sample_rank,compact_rank_20,0,0.0032610933726439,0.4934155738243804,0
TCGA_to_GEO,GSE18088,GSM452196,single_sample_rank,compact_rank_20,0,0.000998641630098,0.4934155738243804,0
TCGA_to_GEO,GSE18088,GSM452197,single_sample_rank,compact_rank_20,1,0.8762051166217296,0.4934155738243804,1
TCGA_to_GEO,GSE18088,GSM452198,single_sample_rank,compact_rank_20,0,0.0063872058610756,0.4934155738243804,0
TCGA_to_GEO,GSE18088,GSM452199,single_sample_rank,compact_rank_20,0,0.0069204097588407,0.4934155738243804,0
TCGA_to_GEO,GSE18088,GSM452200,single_sample_rank,compact_rank_20,1,0.0021175650682944,0.4934155738243804,0
TCGA_to_GEO,GSE26682,GSM656542,single_sample_rank,compact_rank_20,0,0.3499276653785227,0.4934155738243804,0
TCGA_to_GEO,GSE26682,GSM656543,single_sample_rank,compact_rank_20,0,0.2159988779642946,0.4934155738243804,0
TCGA_to_GEO,GSE26682,GSM656545,single_sample_rank,compact_rank_20,1,0.9999997256106854,0.4934155738243804,1
TCGA_to_GEO,GSE26682,GSM656546,single_sample_rank,compact_rank_20,0,0.136114042777015,0.4934155738243804,0
TCGA_to_GEO,GSE26682,GSM656548,single_sample_rank,compact_rank_20,0,0.0589593804984708,0.4934155738243804,0
TCGA_to_GEO,GSE26682,GSM656550,single_sample_rank,compact_rank_20,0,0.9125993078645755,0.4934155738243804,1
TCGA_to_GEO,GSE26682,GSM656552,single_sample_rank,compact_rank_20,0,0.1342043764790543,0.4934155738243804,0
TCGA_to_GEO,GSE26682,GSM656553,single_sample_rank,compact_rank_20,0,0.5533693802851859,0.4934155738243804,1
TCGA_to_GEO,GSE26682,GSM656555,single_sample_rank,compact_rank_20,0,0.9791001375975894,0.4934155738243804,1
TCGA_to_GEO,GSE26682,GSM656556,single_sample_rank,compact_rank_20,0,0.3665543320717861,0.4934155738243804,0
TCGA_to_GEO,GSE26682,GSM656557,single_sample_rank,compact_rank_20,0,0.9986213382194804,0.4934155738243804,1
TCGA_to_GEO,GSE26682,GSM656558,single_sample_rank,compact_rank_20,0,0.0227048996311601,0.4934155738243804,0
TCGA_to_GEO,GSE26682,GSM656559,single_sample_rank,compact_rank_20,1,0.9999997519137532,0.4934155738243804,1
TCGA_to_GEO,GSE26682,GSM656560,single_sample_rank,compact_rank_20,0,0.0947913441296365,0.4934155738243804,0
TCGA_to_GEO,GSE26682,GSM656561,single_sample_rank,compact_rank_20,0,0.1888277640333559,0.4934155738243804,0
TCGA_to_GEO,GSE26682,GSM656567,single_sample_rank,compact_rank_20,0,0.0473293440838572,0.4934155738243804,0
TCGA_to_GEO,GSE26682,GSM656568,single_sample_rank,compact_rank_20,0,0.003686525017655,0.4934155738243804,0
TCGA_to_GEO,GSE26682,GSM656569,single_sample_rank,compact_rank_20,0,0.0216458603763673,0.4934155738243804,0
TCGA_to_GEO,GSE26682,GSM656570,single_sample_rank,compact_rank_20,0,0.7690304022856426,0.4934155738243804,1
TCGA_to_GEO,GSE26682,GSM656574,single_sample_rank,compact_rank_20,0,0.0033969916511682,0.4934155738243804,0
TCGA_to_GEO,GSE26682,GSM656580,single_sample_rank,compact_rank_20,0,0.0665339378279956,0.4934155738243804,0
TCGA_to_GEO,GSE26682,GSM656582,single_sample_rank,compact_rank_20,0,0.002292274656902,0.4934155738243804,0
TCGA_to_GEO,GSE26682,GSM656583,single_sample_rank,compact_rank_20,1,0.9999892957151972,0.4934155738243804,1
TCGA_to_GEO,GSE26682,GSM656584,single_sample_rank,compact_rank_20,0,0.4446742696014921,0.4934155738243804,0
TCGA_to_GEO,GSE26682,GSM656585,single_sample_rank,compact_rank_20,0,0.9808472256965904,0.4934155738243804,1
TCGA_to_GEO,GSE26682,GSM656586,single_sample_rank,compact_rank_20,0,0.9983932385183384,0.4934155738243804,1
TCGA_to_GEO,GSE26682,GSM656587,single_sample_rank,compact_rank_20,0,0.9902026377013492,0.4934155738243804,1
TCGA_to_GEO,GSE26682,GSM656590,single_sample_rank,compact_rank_20,1,0.9998578807154452,0.4934155738243804,1
TCGA_to_GEO,GSE26682,GSM656592,single_sample_rank,compact_rank_20,0,0.021527008628681,0.4934155738243804,0
TCGA_to_GEO,GSE26682,GSM656596,single_sample_rank,compact_rank_20,0,0.0072027918705009,0.4934155738243804,0
TCGA_to_GEO,GSE26682,GSM656598,single_sample_rank,compact_rank_20,0,0.7782572837911451,0.4934155738243804,1
TCGA_to_GEO,GSE26682,GSM656601,single_sample_rank,compact_rank_20,0,0.4771411110845552,0.4934155738243804,0
TCGA_to_GEO,GSE26682,GSM656603,single_sample_rank,compact_rank_20,1,0.999999953685214,0.4934155738243804,1
TCGA_to_GEO,GSE26682,GSM656612,single_sample_rank,compact_rank_20,1,0.9999958265613936,0.4934155738243804,1
TCGA_to_GEO,GSE26682,GSM656613,single_sample_rank,compact_rank_20,0,0.3451358342463838,0.4934155738243804,0
TCGA_to_GEO,GSE26682,GSM656617,single_sample_rank,compact_rank_20,0,0.9250175185652616,0.4934155738243804,1
TCGA_to_GEO,GSE26682,GSM656618,single_sample_rank,compact_rank_20,0,0.0135640247918283,0.4934155738243804,0
TCGA_to_GEO,GSE26682,GSM656625,single_sample_rank,compact_rank_20,0,0.994905890914095,0.4934155738243804,1
TCGA_to_GEO,GSE26682,GSM656634,single_sample_rank,compact_rank_20,0,0.8474087365993586,0.4934155738243804,1
TCGA_to_GEO,GSE26682,GSM656635,single_sample_rank,compact_rank_20,0,0.6285530034304545,0.4934155738243804,1
TCGA_to_GEO,GSE26682,GSM656636,single_sample_rank,compact_rank_20,0,0.0179926970945988,0.4934155738243804,0
TCGA_to_GEO,GSE26682,GSM656639,single_sample_rank,compact_rank_20,0,0.173575996258766,0.4934155738243804,0
TCGA_to_GEO,GSE26682,GSM656640,single_sample_rank,compact_rank_20,0,0.52968001903486,0.4934155738243804,1
TCGA_to_GEO,GSE26682,GSM656642,single_sample_rank,compact_rank_20,0,0.9522852471832062,0.4934155738243804,1
TCGA_to_GEO,GSE26682,GSM656644,single_sample_rank,compact_rank_20,0,0.1646230132163997,0.4934155738243804,0
TCGA_to_GEO,GSE26682,GSM656657,single_sample_rank,compact_rank_20,0,0.9995298533355396,0.4934155738243804,1
TCGA_to_GEO,GSE26682,GSM656662,single_sample_rank,compact_rank_20,0,0.5009927790375269,0.4934155738243804,1
TCGA_to_GEO,GSE26682,GSM656663,single_sample_rank,compact_rank_20,0,0.9321941808738392,0.4934155738243804,1
TCGA_to_GEO,GSE26682,GSM656669,single_sample_rank,compact_rank_20,1,0.9999995219850032,0.4934155738243804,1
TCGA_to_GEO,GSE26682,GSM656672,single_sample_rank,compact_rank_20,0,0.6440759809411791,0.4934155738243804,1
TCGA_to_GEO,GSE26682,GSM656675,single_sample_rank,compact_rank_20,0,0.337811743422018,0.4934155738243804,0
TCGA_to_GEO,GSE26682,GSM656676,single_sample_rank,compact_rank_20,0,0.021957265412054,0.4934155738243804,0
TCGA_to_GEO,GSE26682,GSM656678,single_sample_rank,compact_rank_20,0,0.4618361956510337,0.4934155738243804,0
TCGA_to_GEO,GSE26682,GSM656679,single_sample_rank,compact_rank_20,1,0.999998225958998,0.4934155738243804,1
TCGA_to_GEO,GSE26682,GSM656683,single_sample_rank,compact_rank_20,0,0.0461628630504591,0.4934155738243804,0
TCGA_to_GEO,GSE26682,GSM656687,single_sample_rank,compact_rank_20,0,0.9845039552781448,0.4934155738243804,1
TCGA_to_GEO,GSE26682,GSM656691,single_sample_rank,compact_rank_20,0,0.7373773062630907,0.4934155738243804,1
TCGA_to_GEO,GSE26682,GSM656692,single_sample_rank,compact_rank_20,0,0.7183313230101452,0.4934155738243804,1
TCGA_to_GEO,GSE26682,GSM656693,single_sample_rank,compact_rank_20,0,0.8000624964557821,0.4934155738243804,1
TCGA_to_GEO,GSE26682,GSM656695,single_sample_rank,compact_rank_20,0,0.086494646233346,0.4934155738243804,0
TCGA_to_GEO,GSE26682,GSM656698,single_sample_rank,compact_rank_20,0,0.0115753662450027,0.4934155738243804,0
TCGA_to_GEO,GSE26682,GSM656699,single_sample_rank,compact_rank_20,0,0.014943966810532,0.4934155738243804,0
TCGA_to_GEO,GSE26682,GSM656700,single_sample_rank,compact_rank_20,0,0.590013894789299,0.4934155738243804,1
TCGA_to_GEO,GSE26682,GSM656701,single_sample_rank,compact_rank_20,0,0.7939640337160221,0.4934155738243804,1
TCGA_to_GEO,GSE26682,GSM656702,single_sample_rank,compact_rank_20,0,0.1799742502460662,0.4934155738243804,0
TCGA_to_GEO,GSE26682,GSM656703,single_sample_rank,compact_rank_20,0,0.009322866700289,0.4934155738243804,0
TCGA_to_GEO,GSE26682,GSM656704,single_sample_rank,compact_rank_20,0,0.2029765416096185,0.4934155738243804,0
TCGA_to_GEO,GSE26682,GSM656705,single_sample_rank,compact_rank_20,0,0.8233782432418829,0.4934155738243804,1
TCGA_to_GEO,GSE26682,GSM656707,single_sample_rank,compact_rank_20,0,0.9993931635732114,0.4934155738243804,1
TCGA_to_GEO,GSE26682,GSM656710,single_sample_rank,compact_rank_20,0,0.8903424659803086,0.4934155738243804,1
TCGA_to_GEO,GSE26682,GSM656711,single_sample_rank,compact_rank_20,0,0.772527949875994,0.4934155738243804,1
TCGA_to_GEO,GSE26682,GSM656714,single_sample_rank,compact_rank_20,0,0.0065422374011965,0.4934155738243804,0
TCGA_to_GEO,GSE26682,GSM656715,single_sample_rank,compact_rank_20,0,0.8013809010573562,0.4934155738243804,1
TCGA_to_GEO,GSE26682,GSM656720,single_sample_rank,compact_rank_20,0,0.0064046773809301,0.4934155738243804,0
TCGA_to_GEO,GSE26682,GSM656721,single_sample_rank,compact_rank_20,0,0.0583323071974311,0.4934155738243804,0
TCGA_to_GEO,GSE26682,GSM656726,single_sample_rank,compact_rank_20,0,0.991930621844675,0.4934155738243804,1
TCGA_to_GEO,GSE26682,GSM656732,single_sample_rank,compact_rank_20,0,0.0480132755128215,0.4934155738243804,0
TCGA_to_GEO,GSE26682,GSM656735,single_sample_rank,compact_rank_20,0,0.0584226635775644,0.4934155738243804,0
TCGA_to_GEO,GSE26682,GSM656736,single_sample_rank,compact_rank_20,1,0.9996685099446952,0.4934155738243804,1
TCGA_to_GEO,GSE26682,GSM656737,single_sample_rank,compact_rank_20,0,0.8044208650615198,0.4934155738243804,1
TCGA_to_GEO,GSE26682,GSM656739,single_sample_rank,compact_rank_20,0,0.2517477807759492,0.4934155738243804,0
TCGA_to_GEO,GSE26682,GSM656742,single_sample_rank,compact_rank_20,0,0.0886370689949721,0.4934155738243804,0
TCGA_to_GEO,GSE26682,GSM656749,single_sample_rank,compact_rank_20,0,0.1896246502083485,0.4934155738243804,0
TCGA_to_GEO,GSE26682,GSM656768,single_sample_rank,compact_rank_20,0,0.0020875280838668,0.4934155738243804,0
TCGA_to_GEO,GSE26682,GSM656769,single_sample_rank,compact_rank_20,0,0.0175056208305605,0.4934155738243804,0
TCGA_to_GEO,GSE26682,GSM656770,single_sample_rank,compact_rank_20,0,0.8569314949862994,0.4934155738243804,1
TCGA_to_GEO,GSE26682,GSM656772,single_sample_rank,compact_rank_20,0,0.7120197643389299,0.4934155738243804,1
TCGA_to_GEO,GSE26682,GSM656775,single_sample_rank,compact_rank_20,0,0.0496635465855233,0.4934155738243804,0
TCGA_to_GEO,GSE26682,GSM656776,single_sample_rank,compact_rank_20,0,0.1581168034126643,0.4934155738243804,0
TCGA_to_GEO,GSE26682,GSM656777,single_sample_rank,compact_rank_20,0,0.4327458815312039,0.4934155738243804,0
TCGA_to_GEO,GSE26682,GSM656783,single_sample_rank,compact_rank_20,0,0.4236350475673345,0.4934155738243804,0
TCGA_to_GEO,GSE26682,GSM656785,single_sample_rank,compact_rank_20,0,0.7462809127138977,0.4934155738243804,1
TCGA_to_GEO,GSE26682,GSM656787,single_sample_rank,compact_rank_20,0,0.9987301970877618,0.4934155738243804,1
TCGA_to_GEO,GSE26682,GSM656794,single_sample_rank,compact_rank_20,0,0.0246080115549674,0.4934155738243804,0
TCGA_to_GEO,GSE26682,GSM656800,single_sample_rank,compact_rank_20,0,0.1601471275301836,0.4934155738243804,0
TCGA_to_GEO,GSE26682,GSM656803,single_sample_rank,compact_rank_20,0,0.2063988194400696,0.4934155738243804,0
TCGA_to_GEO,GSE26682,GSM656804,single_sample_rank,compact_rank_20,0,0.2099796166136714,0.4934155738243804,0
TCGA_to_GEO,GSE26682,GSM656806,single_sample_rank,compact_rank_20,0,0.1678868700750373,0.4934155738243804,0
TCGA_to_GEO,GSE26682,GSM656809,single_sample_rank,compact_rank_20,0,0.0022167973645994,0.4934155738243804,0
TCGA_to_GEO,GSE26682,GSM656811,single_sample_rank,compact_rank_20,0,0.845898067400345,0.4934155738243804,1
TCGA_to_GEO,GSE26682,GSM656816,single_sample_rank,compact_rank_20,0,0.989972039710068,0.4934155738243804,1
TCGA_to_GEO,GSE26682,GSM656819,single_sample_rank,compact_rank_20,0,0.0159882272646524,0.4934155738243804,0
TCGA_to_GEO,GSE26682,GSM656820,single_sample_rank,compact_rank_20,1,0.9999998501088444,0.4934155738243804,1
TCGA_to_GEO,GSE26682,GSM656822,single_sample_rank,compact_rank_20,0,0.9993746935763036,0.4934155738243804,1
TCGA_to_GEO,GSE26682,GSM656824,single_sample_rank,compact_rank_20,0,0.2121729626926733,0.4934155738243804,0
TCGA_to_GEO,GSE26682,GSM656825,single_sample_rank,compact_rank_20,0,0.3471611687863348,0.4934155738243804,0
TCGA_to_GEO,GSE26682,GSM656830,single_sample_rank,compact_rank_20,0,0.1327201721128678,0.4934155738243804,0
TCGA_to_GEO,GSE26682,GSM656831,single_sample_rank,compact_rank_20,0,0.3210806468111435,0.4934155738243804,0
TCGA_to_GEO,GSE26682,GSM656832,single_sample_rank,compact_rank_20,0,0.2306670419759051,0.4934155738243804,0
TCGA_to_GEO,GSE26682,GSM656833,single_sample_rank,compact_rank_20,0,0.7368523974053224,0.4934155738243804,1
TCGA_to_GEO,GSE26682,GSM656834,single_sample_rank,compact_rank_20,0,0.0400131960257579,0.4934155738243804,0
TCGA_to_GEO,GSE26682,GSM656836,single_sample_rank,compact_rank_20,0,0.7796122015439777,0.4934155738243804,1
TCGA_to_GEO,GSE26682,GSM656837,single_sample_rank,compact_rank_20,1,0.9999999488949424,0.4934155738243804,1
TCGA_to_GEO,GSE26682,GSM656840,single_sample_rank,compact_rank_20,0,0.0223964554145799,0.4934155738243804,0
TCGA_to_GEO,GSE26682,GSM656841,single_sample_rank,compact_rank_20,0,0.9783631165291302,0.4934155738243804,1
TCGA_to_GEO,GSE26682,GSM656842,single_sample_rank,compact_rank_20,1,0.9999999677768786,0.4934155738243804,1
TCGA_to_GEO,GSE26682,GSM656843,single_sample_rank,compact_rank_20,0,0.3281238662818727,0.4934155738243804,0
TCGA_to_GEO,GSE26682,GSM656845,single_sample_rank,compact_rank_20,0,0.8155608572708286,0.4934155738243804,1
TCGA_to_GEO,GSE26682,GSM656846,single_sample_rank,compact_rank_20,0,0.894522042310014,0.4934155738243804,1
TCGA_to_GEO,GSE26682,GSM656847,single_sample_rank,compact_rank_20,0,0.7833746334767184,0.4934155738243804,1
TCGA_to_GEO,GSE26682,GSM656849,single_sample_rank,compact_rank_20,1,0.9999970963730388,0.4934155738243804,1
TCGA_to_GEO,GSE26682,GSM656850,single_sample_rank,compact_rank_20,1,0.8669145013957549,0.4934155738243804,1
TCGA_to_GEO,GSE26682,GSM656851,single_sample_rank,compact_rank_20,1,0.9997861565464546,0.4934155738243804,1
TCGA_to_GEO,GSE26682,GSM656853,single_sample_rank,compact_rank_20,0,0.250740009730566,0.4934155738243804,0
TCGA_to_GEO,GSE26682,GSM656854,single_sample_rank,compact_rank_20,1,0.9999997326843932,0.4934155738243804,1
TCGA_to_GEO,GSE26682,GSM656857,single_sample_rank,compact_rank_20,0,0.85523448672859,0.4934155738243804,1
TCGA_to_GEO,GSE26682,GSM656858,single_sample_rank,compact_rank_20,0,0.2339326175931026,0.4934155738243804,0
TCGA_to_GEO,GSE26682,GSM656859,single_sample_rank,compact_rank_20,0,0.9651868424015196,0.4934155738243804,1
TCGA_to_GEO,GSE26682,GSM656860,single_sample_rank,compact_rank_20,0,0.9995181077146128,0.4934155738243804,1
TCGA_to_GEO,GSE26682,GSM656861,single_sample_rank,compact_rank_20,0,0.0088682371921462,0.4934155738243804,0
TCGA_to_GEO,GSE26682,GSM656863,single_sample_rank,compact_rank_20,0,0.1946665204708036,0.4934155738243804,0
TCGA_to_GEO,GSE26682,GSM656864,single_sample_rank,compact_rank_20,1,0.9999998887447378,0.4934155738243804,1
TCGA_to_GEO,GSE26682,GSM656865,single_sample_rank,compact_rank_20,1,0.9825876266897068,0.4934155738243804,1
TCGA_to_GEO,GSE26682,GSM656867,single_sample_rank,compact_rank_20,0,0.993851247422968,0.4934155738243804,1
TCGA_to_GEO,GSE26682,GSM656868,single_sample_rank,compact_rank_20,0,0.6575711513054356,0.4934155738243804,1
TCGA_to_GEO,GSE26682,GSM656869,single_sample_rank,compact_rank_20,0,0.0288631772447585,0.4934155738243804,0
TCGA_to_GEO,GSE26682,GSM656870,single_sample_rank,compact_rank_20,0,0.0634512878012617,0.4934155738243804,0
TCGA_to_GEO,GSE39084,GSM955440,single_sample_rank,compact_rank_20,0,0.0002263156569161,0.4934155738243804,0
TCGA_to_GEO,GSE39084,GSM955441,single_sample_rank,compact_rank_20,0,0.0002397335174487,0.4934155738243804,0
TCGA_to_GEO,GSE39084,GSM955442,single_sample_rank,compact_rank_20,0,0.0137059458650265,0.4934155738243804,0
TCGA_to_GEO,GSE39084,GSM955443,single_sample_rank,compact_rank_20,0,0.0044344984370934,0.4934155738243804,0
TCGA_to_GEO,GSE39084,GSM955444,single_sample_rank,compact_rank_20,0,0.0059686010113537,0.4934155738243804,0
TCGA_to_GEO,GSE39084,GSM955445,single_sample_rank,compact_rank_20,0,0.0003426157042305,0.4934155738243804,0
TCGA_to_GEO,GSE39084,GSM955446,single_sample_rank,compact_rank_20,0,0.0061812321923529,0.4934155738243804,0
TCGA_to_GEO,GSE39084,GSM955447,single_sample_rank,compact_rank_20,1,0.0508113531144799,0.4934155738243804,0
TCGA_to_GEO,GSE39084,GSM955448,single_sample_rank,compact_rank_20,1,0.6350612543486033,0.4934155738243804,1
TCGA_to_GEO,GSE39084,GSM955449,single_sample_rank,compact_rank_20,0,0.0013854928618037,0.4934155738243804,0
TCGA_to_GEO,GSE39084,GSM955450,single_sample_rank,compact_rank_20,0,0.0001226412314284,0.4934155738243804,0
TCGA_to_GEO,GSE39084,GSM955451,single_sample_rank,compact_rank_20,0,0.000452911250009,0.4934155738243804,0
TCGA_to_GEO,GSE39084,GSM955452,single_sample_rank,compact_rank_20,0,0.0011512365957104,0.4934155738243804,0
TCGA_to_GEO,GSE39084,GSM955453,single_sample_rank,compact_rank_20,0,0.0002215895742334,0.4934155738243804,0
TCGA_to_GEO,GSE39084,GSM955455,single_sample_rank,compact_rank_20,0,0.4507978983797719,0.4934155738243804,0
TCGA_to_GEO,GSE39084,GSM955456,single_sample_rank,compact_rank_20,0,0.0003708771325369,0.4934155738243804,0
TCGA_to_GEO,GSE39084,GSM955457,single_sample_rank,compact_rank_20,0,0.2427190836827641,0.4934155738243804,0
TCGA_to_GEO,GSE39084,GSM955458,single_sample_rank,compact_rank_20,1,0.8572012937017665,0.4934155738243804,1
TCGA_to_GEO,GSE39084,GSM955459,single_sample_rank,compact_rank_20,1,0.937523900100826,0.4934155738243804,1
TCGA_to_GEO,GSE39084,GSM955460,single_sample_rank,compact_rank_20,1,0.7436238316675712,0.4934155738243804,1
TCGA_to_GEO,GSE39084,GSM955461,single_sample_rank,compact_rank_20,1,0.2498918446135647,0.4934155738243804,0
TCGA_to_GEO,GSE39084,GSM955462,single_sample_rank,compact_rank_20,0,0.0102420238372408,0.4934155738243804,0
TCGA_to_GEO,GSE39084,GSM955463,single_sample_rank,compact_rank_20,0,0.002713216163225,0.4934155738243804,0
TCGA_to_GEO,GSE39084,GSM955464,single_sample_rank,compact_rank_20,0,0.0021801901338967,0.4934155738243804,0
TCGA_to_GEO,GSE39084,GSM955466,single_sample_rank,compact_rank_20,1,0.1302809138636928,0.4934155738243804,0
TCGA_to_GEO,GSE39084,GSM955467,single_sample_rank,compact_rank_20,1,0.4730591256171844,0.4934155738243804,0
TCGA_to_GEO,GSE39084,GSM955468,single_sample_rank,compact_rank_20,1,0.9995571376170724,0.4934155738243804,1
TCGA_to_GEO,GSE39084,GSM955469,single_sample_rank,compact_rank_20,1,0.8532764514247784,0.4934155738243804,1
TCGA_to_GEO,GSE39084,GSM955470,single_sample_rank,compact_rank_20,1,0.9966224101476956,0.4934155738243804,1
TCGA_to_GEO,GSE39084,GSM955471,single_sample_rank,compact_rank_20,1,0.9931228407282195,0.4934155738243804,1
TCGA_to_GEO,GSE39084,GSM955472,single_sample_rank,compact_rank_20,1,0.8269062273106864,0.4934155738243804,1
TCGA_to_GEO,GSE39084,GSM955473,single_sample_rank,compact_rank_20,1,0.986638851918514,0.4934155738243804,1
TCGA_to_GEO,GSE39084,GSM955474,single_sample_rank,compact_rank_20,0,0.0168549504421753,0.4934155738243804,0
TCGA_to_GEO,GSE39084,GSM955475,single_sample_rank,compact_rank_20,0,0.0011211052121977,0.4934155738243804,0
TCGA_to_GEO,GSE39084,GSM955476,single_sample_rank,compact_rank_20,0,0.0196352375060239,0.4934155738243804,0
TCGA_to_GEO,GSE39084,GSM955477,single_sample_rank,compact_rank_20,0,0.0215995469063918,0.4934155738243804,0
TCGA_to_GEO,GSE39084,GSM955478,single_sample_rank,compact_rank_20,0,0.0019452776728913,0.4934155738243804,0
TCGA_to_GEO,GSE39084,GSM955479,single_sample_rank,compact_rank_20,0,0.0304528607609638,0.4934155738243804,0
TCGA_to_GEO,GSE39084,GSM955480,single_sample_rank,compact_rank_20,0,0.0002595556165012,0.4934155738243804,0
TCGA_to_GEO,GSE39084,GSM955482,single_sample_rank,compact_rank_20,0,0.0046095103032303,0.4934155738243804,0
TCGA_to_GEO,GSE39084,GSM955483,single_sample_rank,compact_rank_20,0,0.0163448730770472,0.4934155738243804,0
TCGA_to_GEO,GSE39084,GSM955484,single_sample_rank,compact_rank_20,0,0.0002518235442096,0.4934155738243804,0
TCGA_to_GEO,GSE39084,GSM955485,single_sample_rank,compact_rank_20,0,0.0039687400515554,0.4934155738243804,0
TCGA_to_GEO,GSE39084,GSM955486,single_sample_rank,compact_rank_20,0,0.0142588611795306,0.4934155738243804,0
TCGA_to_GEO,GSE39084,GSM955487,single_sample_rank,compact_rank_20,0,0.1016268163645739,0.4934155738243804,0
TCGA_to_GEO,GSE39084,GSM955488,single_sample_rank,compact_rank_20,0,0.081173535252618,0.4934155738243804,0
TCGA_to_GEO,GSE39084,GSM955489,single_sample_rank,compact_rank_20,0,0.0057956676863105,0.4934155738243804,0
TCGA_to_GEO,GSE39084,GSM955490,single_sample_rank,compact_rank_20,0,0.0001034731465844,0.4934155738243804,0
TCGA_to_GEO,GSE39084,GSM955491,single_sample_rank,compact_rank_20,0,0.0011217491180423,0.4934155738243804,0
TCGA_to_GEO,GSE39084,GSM955492,single_sample_rank,compact_rank_20,0,0.0004544569338531,0.4934155738243804,0
TCGA_to_GEO,GSE39084,GSM955493,single_sample_rank,compact_rank_20,0,0.0002138359236406,0.4934155738243804,0
TCGA_to_GEO,GSE39084,GSM955494,single_sample_rank,compact_rank_20,0,0.0089028541301409,0.4934155738243804,0
TCGA_to_GEO,GSE39084,GSM955495,single_sample_rank,compact_rank_20,0,0.0246464218994275,0.4934155738243804,0
TCGA_to_GEO,GSE39084,GSM955496,single_sample_rank,compact_rank_20,0,0.000407067352824,0.4934155738243804,0
TCGA_to_GEO,GSE39084,GSM955497,single_sample_rank,compact_rank_20,0,0.0003325235424783,0.4934155738243804,0
TCGA_to_GEO,GSE39084,GSM955498,single_sample_rank,compact_rank_20,0,0.0045366893321679,0.4934155738243804,0
TCGA_to_GEO,GSE39084,GSM955499,single_sample_rank,compact_rank_20,0,0.0016981556815329,0.4934155738243804,0
TCGA_to_GEO,GSE39084,GSM955500,single_sample_rank,compact_rank_20,0,0.0643713839612317,0.4934155738243804,0
TCGA_to_GEO,GSE39084,GSM955501,single_sample_rank,compact_rank_20,0,0.0028087634827248,0.4934155738243804,0
TCGA_to_GEO,GSE39084,GSM955502,single_sample_rank,compact_rank_20,0,0.0088896570017334,0.4934155738243804,0
TCGA_to_GEO,GSE39084,GSM955503,single_sample_rank,compact_rank_20,0,0.0016892227075644,0.4934155738243804,0
TCGA_to_GEO,GSE39084,GSM955504,single_sample_rank,compact_rank_20,0,0.1437453512001254,0.4934155738243804,0
TCGA_to_GEO,GSE39084,GSM955505,single_sample_rank,compact_rank_20,0,0.0166665447726014,0.4934155738243804,0
TCGA_to_GEO,GSE39084,GSM955506,single_sample_rank,compact_rank_20,0,0.0002175210369989,0.4934155738243804,0
TCGA_to_GEO,GSE39084,GSM955507,single_sample_rank,compact_rank_20,0,0.0013558439420395,0.4934155738243804,0
TCGA_to_GEO,GSE39084,GSM955508,single_sample_rank,compact_rank_20,1,0.9994675937431808,0.4934155738243804,1
TCGA_to_GEO,GSE39084,GSM955509,single_sample_rank,compact_rank_20,1,0.7636729508304866,0.4934155738243804,1
