cohort,representation,pc1,pc2,pc1_variance_pct,pc2_variance_pct
TCGA_COAD,fixed_log_expression,-105.0421142578125,39.08892822265625,83.06768798828125,5.3973188400268555
TCGA_COAD,fixed_log_expression,-101.17118835449219,33.9527587890625,83.06768798828125,5.3973188400268555
TCGA_COAD,fixed_log_expression,-106.99951934814453,28.894716262817383,83.06768798828125,5.3973188400268555
TCGA_COAD,fixed_log_expression,-103.94757080078125,31.293718338012695,83.06768798828125,5.3973188400268555
TCGA_COAD,fixed_log_expression,-138.6654052734375,13.937496185302734,83.06768798828125,5.3973188400268555
TCGA_COAD,fixed_log_expression,-93.59754943847656,29.588199615478516,83.06768798828125,5.3973188400268555
TCGA_COAD,fixed_log_expression,-143.7437744140625,39.46292495727539,83.06768798828125,5.3973188400268555
TCGA_COAD,fixed_log_expression,-106.41342163085938,38.151371002197266,83.06768798828125,5.3973188400268555
TCGA_COAD,fixed_log_expression,-101.39112091064453,40.80516815185547,83.06768798828125,5.3973188400268555
TCGA_COAD,fixed_log_expression,-109.1390380859375,34.335655212402344,83.06768798828125,5.3973188400268555
TCGA_COAD,fixed_log_expression,-100.19852447509766,38.64637756347656,83.06768798828125,5.3973188400268555
TCGA_COAD,fixed_log_expression,-105.14862823486328,29.625892639160156,83.06768798828125,5.3973188400268555
TCGA_COAD,fixed_log_expression,-104.6976547241211,32.25981140136719,83.06768798828125,5.3973188400268555
TCGA_COAD,fixed_log_expression,-102.5735855102539,29.009733200073242,83.06768798828125,5.3973188400268555
TCGA_COAD,fixed_log_expression,-108.83283996582031,29.472261428833008,83.06768798828125,5.3973188400268555
TCGA_COAD,fixed_log_expression,-116.75305938720703,30.907413482666016,83.06768798828125,5.3973188400268555
TCGA_COAD,fixed_log_expression,-117.36112976074219,38.52067565917969,83.06768798828125,5.3973188400268555
TCGA_COAD,fixed_log_expression,-102.71001434326172,33.53947448730469,83.06768798828125,5.3973188400268555
TCGA_COAD,fixed_log_expression,-103.66873168945312,33.2483024597168,83.06768798828125,5.3973188400268555
TCGA_COAD,fixed_log_expression,-113.26164245605469,26.69854164123535,83.06768798828125,5.3973188400268555
TCGA_COAD,fixed_log_expression,-107.83345031738281,39.59735870361328,83.06768798828125,5.3973188400268555
TCGA_COAD,fixed_log_expression,-101.267822265625,27.715360641479492,83.06768798828125,5.3973188400268555
TCGA_COAD,fixed_log_expression,-113.64518737792969,33.449031829833984,83.06768798828125,5.3973188400268555
TCGA_COAD,fixed_log_expression,-117.84695434570312,44.933692932128906,83.06768798828125,5.3973188400268555
TCGA_COAD,fixed_log_expression,-110.5164566040039,30.66900634765625,83.06768798828125,5.3973188400268555
TCGA_COAD,fixed_log_expression,-106.03499603271484,31.36246681213379,83.06768798828125,5.3973188400268555
TCGA_COAD,fixed_log_expression,-122.51770782470703,29.397567749023438,83.06768798828125,5.3973188400268555
TCGA_COAD,fixed_log_expression,-108.07366943359375,32.16005325317383,83.06768798828125,5.3973188400268555
TCGA_COAD,fixed_log_expression,-107.44071960449219,25.76422882080078,83.06768798828125,5.3973188400268555
TCGA_COAD,fixed_log_expression,-104.3831787109375,29.852867126464844,83.06768798828125,5.3973188400268555
TCGA_COAD,fixed_log_expression,-109.80821228027344,31.506214141845703,83.06768798828125,5.3973188400268555
TCGA_COAD,fixed_log_expression,-127.4154052734375,43.992042541503906,83.06768798828125,5.3973188400268555
TCGA_COAD,fixed_log_expression,-103.54244995117188,25.649938583374023,83.06768798828125,5.3973188400268555
TCGA_COAD,fixed_log_expression,-101.27540588378906,32.37752151489258,83.06768798828125,5.3973188400268555
TCGA_COAD,fixed_log_expression,-99.51866912841797,29.494155883789062,83.06768798828125,5.3973188400268555
TCGA_COAD,fixed_log_expression,-97.70217895507812,32.062068939208984,83.06768798828125,5.3973188400268555
TCGA_COAD,fixed_log_expression,-139.5394744873047,35.3250617980957,83.06768798828125,5.3973188400268555
TCGA_COAD,fixed_log_expression,-105.48239135742188,35.05894470214844,83.06768798828125,5.3973188400268555
TCGA_COAD,fixed_log_expression,-116.35430145263672,35.70317840576172,83.06768798828125,5.3973188400268555
TCGA_COAD,fixed_log_expression,-117.25772857666016,35.73161697387695,83.06768798828125,5.3973188400268555
TCGA_COAD,fixed_log_expression,-112.61156463623047,32.489566802978516,83.06768798828125,5.3973188400268555
TCGA_COAD,fixed_log_expression,-107.55132293701172,34.517127990722656,83.06768798828125,5.3973188400268555
TCGA_COAD,fixed_log_expression,-99.38329315185547,35.21549606323242,83.06768798828125,5.3973188400268555
TCGA_COAD,fixed_log_expression,-90.9618148803711,30.334514617919922,83.06768798828125,5.3973188400268555
TCGA_COAD,fixed_log_expression,-95.21512603759766,29.579925537109375,83.06768798828125,5.3973188400268555
TCGA_COAD,fixed_log_expression,-121.28372192382812,26.60246467590332,83.06768798828125,5.3973188400268555
TCGA_COAD,fixed_log_expression,-121.3419189453125,25.109045028686523,83.06768798828125,5.3973188400268555
TCGA_COAD,fixed_log_expression,-102.57183837890625,35.060386657714844,83.06768798828125,5.3973188400268555
TCGA_COAD,fixed_log_expression,-106.0815200805664,24.438196182250977,83.06768798828125,5.3973188400268555
TCGA_COAD,fixed_log_expression,-105.63755798339844,29.72614097595215,83.06768798828125,5.3973188400268555
TCGA_COAD,fixed_log_expression,-113.31674194335938,41.13074493408203,83.06768798828125,5.3973188400268555
TCGA_COAD,fixed_log_expression,-96.12419128417969,33.65020751953125,83.06768798828125,5.3973188400268555
TCGA_COAD,fixed_log_expression,-105.03341674804688,30.812551498413086,83.06768798828125,5.3973188400268555
TCGA_COAD,fixed_log_expression,-102.78740692138672,32.01295852661133,83.06768798828125,5.3973188400268555
TCGA_COAD,fixed_log_expression,-109.5465087890625,33.969051361083984,83.06768798828125,5.3973188400268555
TCGA_COAD,fixed_log_expression,-103.67133331298828,30.943735122680664,83.06768798828125,5.3973188400268555
TCGA_COAD,fixed_log_expression,-111.3109359741211,42.973907470703125,83.06768798828125,5.3973188400268555
TCGA_COAD,fixed_log_expression,-113.34027099609375,30.263893127441406,83.06768798828125,5.3973188400268555
TCGA_COAD,fixed_log_expression,-108.34780883789062,27.441099166870117,83.06768798828125,5.3973188400268555
TCGA_COAD,fixed_log_expression,-98.65440368652344,30.115026473999023,83.06768798828125,5.3973188400268555
TCGA_COAD,fixed_log_expression,-94.8796615600586,35.506134033203125,83.06768798828125,5.3973188400268555
TCGA_COAD,fixed_log_expression,-99.28471374511719,30.69289779663086,83.06768798828125,5.3973188400268555
TCGA_COAD,fixed_log_expression,-110.80146789550781,40.24934768676758,83.06768798828125,5.3973188400268555
TCGA_COAD,fixed_log_expression,-104.74052429199219,31.70644187927246,83.06768798828125,5.3973188400268555
TCGA_COAD,fixed_log_expression,-119.21633911132812,43.82096481323242,83.06768798828125,5.3973188400268555
TCGA_COAD,fixed_log_expression,-105.76924896240234,30.66611671447754,83.06768798828125,5.3973188400268555
TCGA_COAD,fixed_log_expression,-101.76271057128906,32.967491149902344,83.06768798828125,5.3973188400268555
TCGA_COAD,fixed_log_expression,-107.8402328491211,30.957002639770508,83.06768798828125,5.3973188400268555
TCGA_COAD,fixed_log_expression,-96.61260223388672,28.164321899414062,83.06768798828125,5.3973188400268555
TCGA_COAD,fixed_log_expression,-109.21923828125,31.825454711914062,83.06768798828125,5.3973188400268555
TCGA_COAD,fixed_log_expression,-107.61563873291016,34.796051025390625,83.06768798828125,5.3973188400268555
TCGA_COAD,fixed_log_expression,-106.77732849121094,35.8070182800293,83.06768798828125,5.3973188400268555
TCGA_COAD,fixed_log_expression,-113.22355651855469,43.676307678222656,83.06768798828125,5.3973188400268555
TCGA_COAD,fixed_log_expression,-98.9864501953125,32.44488525390625,83.06768798828125,5.3973188400268555
TCGA_COAD,fixed_log_expression,-113.00743865966797,27.19643783569336,83.06768798828125,5.3973188400268555
TCGA_COAD,fixed_log_expression,-95.66642761230469,26.7713623046875,83.06768798828125,5.3973188400268555
TCGA_COAD,fixed_log_expression,-109.80875396728516,24.835824966430664,83.06768798828125,5.3973188400268555
TCGA_COAD,fixed_log_expression,-120.32709503173828,39.93791198730469,83.06768798828125,5.3973188400268555
TCGA_COAD,fixed_log_expression,-116.17787170410156,30.317546844482422,83.06768798828125,5.3973188400268555
TCGA_COAD,fixed_log_expression,-108.5461196899414,30.76932716369629,83.06768798828125,5.3973188400268555
TCGA_COAD,fixed_log_expression,-108.5489273071289,32.01433563232422,83.06768798828125,5.3973188400268555
TCGA_COAD,fixed_log_expression,-105.50785827636719,37.48434829711914,83.06768798828125,5.3973188400268555
TCGA_COAD,fixed_log_expression,-107.74368286132812,32.211036682128906,83.06768798828125,5.3973188400268555
TCGA_COAD,fixed_log_expression,-113.52047729492188,28.085758209228516,83.06768798828125,5.3973188400268555
TCGA_COAD,fixed_log_expression,-97.04132080078125,28.650541305541992,83.06768798828125,5.3973188400268555
TCGA_COAD,fixed_log_expression,-100.13904571533203,36.12450408935547,83.06768798828125,5.3973188400268555
TCGA_COAD,fixed_log_expression,-104.12027740478516,29.81510353088379,83.06768798828125,5.3973188400268555
TCGA_COAD,fixed_log_expression,-109.06743621826172,36.678863525390625,83.06768798828125,5.3973188400268555
TCGA_COAD,fixed_log_expression,-97.84477996826172,36.89018249511719,83.06768798828125,5.3973188400268555
TCGA_COAD,fixed_log_expression,-104.96051788330078,28.470378875732422,83.06768798828125,5.3973188400268555
TCGA_COAD,fixed_log_expression,-101.558349609375,28.90653419494629,83.06768798828125,5.3973188400268555
TCGA_COAD,fixed_log_expression,-115.5598373413086,26.654109954833984,83.06768798828125,5.3973188400268555
TCGA_COAD,fixed_log_expression,-117.76329803466797,5.526206970214844,83.06768798828125,5.3973188400268555
TCGA_COAD,fixed_log_expression,-114.27310180664062,26.54486846923828,83.06768798828125,5.3973188400268555
TCGA_COAD,fixed_log_expression,-108.66024780273438,27.15481185913086,83.06768798828125,5.3973188400268555
TCGA_COAD,fixed_log_expression,-120.27153778076172,29.173633575439453,83.06768798828125,5.3973188400268555
TCGA_COAD,fixed_log_expression,-102.80927276611328,27.054811477661133,83.06768798828125,5.3973188400268555
TCGA_COAD,fixed_log_expression,-109.58316040039062,29.18061637878418,83.06768798828125,5.3973188400268555
TCGA_COAD,fixed_log_expression,-105.04021453857422,32.10281753540039,83.06768798828125,5.3973188400268555
TCGA_COAD,fixed_log_expression,-102.59649658203125,28.940309524536133,83.06768798828125,5.3973188400268555
TCGA_COAD,fixed_log_expression,-101.16378021240234,29.360658645629883,83.06768798828125,5.3973188400268555
TCGA_COAD,fixed_log_expression,-108.44589233398438,30.908082962036133,83.06768798828125,5.3973188400268555
TCGA_COAD,fixed_log_expression,-110.20819091796875,34.95294189453125,83.06768798828125,5.3973188400268555
TCGA_COAD,fixed_log_expression,-103.879150390625,31.203481674194336,83.06768798828125,5.3973188400268555
TCGA_COAD,fixed_log_expression,-99.81995391845703,27.946134567260742,83.06768798828125,5.3973188400268555
TCGA_COAD,fixed_log_expression,-109.99687194824219,28.241046905517578,83.06768798828125,5.3973188400268555
TCGA_COAD,fixed_log_expression,-110.59593963623047,26.835908889770508,83.06768798828125,5.3973188400268555
TCGA_COAD,fixed_log_expression,-102.5277328491211,28.860746383666992,83.06768798828125,5.3973188400268555
TCGA_COAD,fixed_log_expression,-111.29537200927734,30.295190811157227,83.06768798828125,5.3973188400268555
TCGA_COAD,fixed_log_expression,-112.33009338378906,35.3292236328125,83.06768798828125,5.3973188400268555
TCGA_COAD,fixed_log_expression,-108.93448638916016,33.475135803222656,83.06768798828125,5.3973188400268555
TCGA_COAD,fixed_log_expression,-107.2631607055664,32.05219650268555,83.06768798828125,5.3973188400268555
TCGA_COAD,fixed_log_expression,-107.2897720336914,30.375856399536133,83.06768798828125,5.3973188400268555
TCGA_COAD,fixed_log_expression,-101.62507629394531,32.33871841430664,83.06768798828125,5.3973188400268555
TCGA_COAD,fixed_log_expression,-114.53404998779297,32.17075729370117,83.06768798828125,5.3973188400268555
TCGA_COAD,fixed_log_expression,-106.99932861328125,26.988033294677734,83.06768798828125,5.3973188400268555
TCGA_COAD,fixed_log_expression,-113.67481231689453,31.35736083984375,83.06768798828125,5.3973188400268555
TCGA_COAD,fixed_log_expression,-109.54047393798828,32.46723556518555,83.06768798828125,5.3973188400268555
TCGA_COAD,fixed_log_expression,-106.74205017089844,30.817211151123047,83.06768798828125,5.3973188400268555
TCGA_COAD,fixed_log_expression,-107.44865417480469,32.784027099609375,83.06768798828125,5.3973188400268555
TCGA_COAD,fixed_log_expression,-107.67215728759766,32.8599739074707,83.06768798828125,5.3973188400268555
TCGA_COAD,fixed_log_expression,-100.50737762451172,33.14616775512695,83.06768798828125,5.3973188400268555
TCGA_COAD,fixed_log_expression,-117.55946350097656,32.36653518676758,83.06768798828125,5.3973188400268555
TCGA_COAD,fixed_log_expression,-109.83983612060547,36.247093200683594,83.06768798828125,5.3973188400268555
TCGA_COAD,fixed_log_expression,-96.93312072753906,35.80953598022461,83.06768798828125,5.3973188400268555
TCGA_COAD,fixed_log_expression,-131.58224487304688,28.350341796875,83.06768798828125,5.3973188400268555
TCGA_COAD,fixed_log_expression,-120.28033447265625,19.07090187072754,83.06768798828125,5.3973188400268555
TCGA_COAD,fixed_log_expression,-107.73048400878906,30.935131072998047,83.06768798828125,5.3973188400268555
TCGA_COAD,fixed_log_expression,-110.09706115722656,30.827556610107422,83.06768798828125,5.3973188400268555
TCGA_COAD,fixed_log_expression,-135.7366485595703,24.277008056640625,83.06768798828125,5.3973188400268555
TCGA_COAD,fixed_log_expression,-112.34972381591797,38.967525482177734,83.06768798828125,5.3973188400268555
TCGA_COAD,fixed_log_expression,-137.59674072265625,38.620887756347656,83.06768798828125,5.3973188400268555
TCGA_COAD,fixed_log_expression,-116.05622863769531,33.88985824584961,83.06768798828125,5.3973188400268555
TCGA_COAD,fixed_log_expression,-113.78495025634766,36.50265884399414,83.06768798828125,5.3973188400268555
TCGA_COAD,fixed_log_expression,-121.92717742919922,33.67292404174805,83.06768798828125,5.3973188400268555
TCGA_COAD,fixed_log_expression,-119.02970123291016,32.82559585571289,83.06768798828125,5.3973188400268555
TCGA_COAD,fixed_log_expression,-108.54866790771484,28.82245445251465,83.06768798828125,5.3973188400268555
TCGA_COAD,fixed_log_expression,-109.1926040649414,31.779680252075195,83.06768798828125,5.3973188400268555
TCGA_COAD,fixed_log_expression,-104.34687042236328,33.49413299560547,83.06768798828125,5.3973188400268555
TCGA_COAD,fixed_log_expression,-113.7200927734375,31.38346290588379,83.06768798828125,5.3973188400268555
TCGA_COAD,fixed_log_expression,-123.23511505126953,36.709354400634766,83.06768798828125,5.3973188400268555
TCGA_COAD,fixed_log_expression,-100.02913665771484,35.22925567626953,83.06768798828125,5.3973188400268555
TCGA_COAD,fixed_log_expression,-124.06283569335938,29.04612922668457,83.06768798828125,5.3973188400268555
TCGA_COAD,fixed_log_expression,-134.7731475830078,37.5457649230957,83.06768798828125,5.3973188400268555
TCGA_COAD,fixed_log_expression,-121.5965805053711,38.531856536865234,83.06768798828125,5.3973188400268555
TCGA_COAD,fixed_log_expression,-108.92211151123047,33.37831115722656,83.06768798828125,5.3973188400268555
TCGA_COAD,fixed_log_expression,-118.95215606689453,32.82568359375,83.06768798828125,5.3973188400268555
TCGA_COAD,fixed_log_expression,-125.6644058227539,42.06664276123047,83.06768798828125,5.3973188400268555
TCGA_COAD,fixed_log_expression,-121.76673126220703,36.885520935058594,83.06768798828125,5.3973188400268555
TCGA_COAD,fixed_log_expression,-115.00074768066406,29.982656478881836,83.06768798828125,5.3973188400268555
TCGA_COAD,fixed_log_expression,-103.3330307006836,28.545072555541992,83.06768798828125,5.3973188400268555
TCGA_COAD,fixed_log_expression,-128.023193359375,36.27872848510742,83.06768798828125,5.3973188400268555
TCGA_COAD,fixed_log_expression,-111.68795776367188,29.6937255859375,83.06768798828125,5.3973188400268555
TCGA_COAD,fixed_log_expression,-119.12471771240234,25.425283432006836,83.06768798828125,5.3973188400268555
TCGA_COAD,fixed_log_expression,-102.67706298828125,30.9153995513916,83.06768798828125,5.3973188400268555
TCGA_COAD,fixed_log_expression,-116.94246673583984,30.79214859008789,83.06768798828125,5.3973188400268555
TCGA_COAD,fixed_log_expression,-126.27684783935547,31.511594772338867,83.06768798828125,5.3973188400268555
TCGA_COAD,fixed_log_expression,-94.50796508789062,34.4655647277832,83.06768798828125,5.3973188400268555
TCGA_COAD,fixed_log_expression,-109.46480560302734,31.652408599853516,83.06768798828125,5.3973188400268555
TCGA_COAD,fixed_log_expression,-120.58780670166016,20.94757652282715,83.06768798828125,5.3973188400268555
GSE13294,fixed_log_expression,-32.34756851196289,-28.132150650024414,83.06768798828125,5.3973188400268555
GSE13294,fixed_log_expression,-35.6195182800293,-30.777149200439453,83.06768798828125,5.3973188400268555
GSE13294,fixed_log_expression,-33.911563873291016,-27.873737335205078,83.06768798828125,5.3973188400268555
GSE13294,fixed_log_expression,-35.10201644897461,-28.780010223388672,83.06768798828125,5.3973188400268555
GSE13294,fixed_log_expression,-34.66952896118164,-28.289344787597656,83.06768798828125,5.3973188400268555
GSE13294,fixed_log_expression,-31.87789535522461,-25.385141372680664,83.06768798828125,5.3973188400268555
GSE13294,fixed_log_expression,-33.175323486328125,-28.990163803100586,83.06768798828125,5.3973188400268555
GSE13294,fixed_log_expression,-36.50105667114258,-30.68964385986328,83.06768798828125,5.3973188400268555
GSE13294,fixed_log_expression,-31.081016540527344,-28.668947219848633,83.06768798828125,5.3973188400268555
GSE13294,fixed_log_expression,-31.697608947753906,-29.110210418701172,83.06768798828125,5.3973188400268555
GSE13294,fixed_log_expression,-29.928890228271484,-25.726526260375977,83.06768798828125,5.3973188400268555
GSE13294,fixed_log_expression,-32.41579055786133,-28.30480194091797,83.06768798828125,5.3973188400268555
GSE13294,fixed_log_expression,-34.262264251708984,-28.046167373657227,83.06768798828125,5.3973188400268555
GSE13294,fixed_log_expression,-32.37295913696289,-27.59974479675293,83.06768798828125,5.3973188400268555
GSE13294,fixed_log_expression,-30.387004852294922,-26.029895782470703,83.06768798828125,5.3973188400268555
GSE13294,fixed_log_expression,-31.951276779174805,-28.82073211669922,83.06768798828125,5.3973188400268555
GSE13294,fixed_log_expression,-33.88604736328125,-28.94563865661621,83.06768798828125,5.3973188400268555
GSE13294,fixed_log_expression,-32.7803840637207,-29.53285789489746,83.06768798828125,5.3973188400268555
GSE13294,fixed_log_expression,-35.298675537109375,-28.525331497192383,83.06768798828125,5.3973188400268555
GSE13294,fixed_log_expression,-33.01875686645508,-29.50297737121582,83.06768798828125,5.3973188400268555
GSE13294,fixed_log_expression,-31.087331771850586,-27.3432559967041,83.06768798828125,5.3973188400268555
GSE13294,fixed_log_expression,-31.577617645263672,-28.16160011291504,83.06768798828125,5.3973188400268555
GSE13294,fixed_log_expression,-31.39543914794922,-28.611173629760742,83.06768798828125,5.3973188400268555
GSE13294,fixed_log_expression,-33.99966812133789,-28.442853927612305,83.06768798828125,5.3973188400268555
GSE13294,fixed_log_expression,-30.0225830078125,-26.226411819458008,83.06768798828125,5.3973188400268555
GSE13294,fixed_log_expression,-33.22384262084961,-28.951400756835938,83.06768798828125,5.3973188400268555
GSE13294,fixed_log_expression,-35.16908264160156,-29.347980499267578,83.06768798828125,5.3973188400268555
GSE13294,fixed_log_expression,-31.23122787475586,-27.7562313079834,83.06768798828125,5.3973188400268555
GSE13294,fixed_log_expression,-30.667842864990234,-26.463167190551758,83.06768798828125,5.3973188400268555
GSE13294,fixed_log_expression,-30.756282806396484,-27.087142944335938,83.06768798828125,5.3973188400268555
GSE13294,fixed_log_expression,-31.15382957458496,-25.915414810180664,83.06768798828125,5.3973188400268555
GSE13294,fixed_log_expression,-32.58982467651367,-27.526742935180664,83.06768798828125,5.3973188400268555
GSE13294,fixed_log_expression,-30.09214973449707,-27.544647216796875,83.06768798828125,5.3973188400268555
GSE13294,fixed_log_expression,-31.638172149658203,-28.055898666381836,83.06768798828125,5.3973188400268555
GSE13294,fixed_log_expression,-30.986204147338867,-24.857955932617188,83.06768798828125,5.3973188400268555
GSE13294,fixed_log_expression,-33.49424362182617,-28.48474884033203,83.06768798828125,5.3973188400268555
GSE13294,fixed_log_expression,-31.631942749023438,-28.313962936401367,83.06768798828125,5.3973188400268555
GSE13294,fixed_log_expression,-38.18260955810547,-27.526222229003906,83.06768798828125,5.3973188400268555
GSE13294,fixed_log_expression,-37.86611557006836,-26.248231887817383,83.06768798828125,5.3973188400268555
GSE13294,fixed_log_expression,-36.521541595458984,-27.70394515991211,83.06768798828125,5.3973188400268555
GSE13294,fixed_log_expression,-41.570343017578125,-27.500951766967773,83.06768798828125,5.3973188400268555
GSE13294,fixed_log_expression,-33.365203857421875,-27.30065155029297,83.06768798828125,5.3973188400268555
GSE13294,fixed_log_expression,-44.92808532714844,-29.923898696899414,83.06768798828125,5.3973188400268555
GSE13294,fixed_log_expression,-43.707054138183594,-26.615995407104492,83.06768798828125,5.3973188400268555
GSE13294,fixed_log_expression,-35.73316192626953,-31.09210968017578,83.06768798828125,5.3973188400268555
GSE13294,fixed_log_expression,-33.116519927978516,-28.543657302856445,83.06768798828125,5.3973188400268555
GSE13294,fixed_log_expression,-37.31426239013672,-28.659727096557617,83.06768798828125,5.3973188400268555
GSE13294,fixed_log_expression,-38.27386474609375,-29.999183654785156,83.06768798828125,5.3973188400268555
GSE13294,fixed_log_expression,-38.176109313964844,-25.712717056274414,83.06768798828125,5.3973188400268555
GSE13294,fixed_log_expression,-32.58297348022461,-28.88771629333496,83.06768798828125,5.3973188400268555
GSE13294,fixed_log_expression,-32.72779083251953,-25.890676498413086,83.06768798828125,5.3973188400268555
GSE13294,fixed_log_expression,-38.14983367919922,-28.49244499206543,83.06768798828125,5.3973188400268555
GSE13294,fixed_log_expression,-32.88804244995117,-30.38215446472168,83.06768798828125,5.3973188400268555
GSE13294,fixed_log_expression,-35.88936233520508,-32.5435905456543,83.06768798828125,5.3973188400268555
GSE13294,fixed_log_expression,-35.63007736206055,-29.15359878540039,83.06768798828125,5.3973188400268555
GSE13294,fixed_log_expression,-30.522136688232422,-28.812572479248047,83.06768798828125,5.3973188400268555
GSE13294,fixed_log_expression,-34.02059555053711,-28.10186195373535,83.06768798828125,5.3973188400268555
GSE13294,fixed_log_expression,-39.15545654296875,-27.02114486694336,83.06768798828125,5.3973188400268555
GSE13294,fixed_log_expression,-34.31843185424805,-27.79944610595703,83.06768798828125,5.3973188400268555
GSE13294,fixed_log_expression,-39.510833740234375,-26.853511810302734,83.06768798828125,5.3973188400268555
GSE13294,fixed_log_expression,-37.388004302978516,-31.40540885925293,83.06768798828125,5.3973188400268555
GSE13294,fixed_log_expression,-37.696815490722656,-28.007471084594727,83.06768798828125,5.3973188400268555
GSE13294,fixed_log_expression,-39.71184539794922,-26.44036102294922,83.06768798828125,5.3973188400268555
GSE13294,fixed_log_expression,-36.99588394165039,-26.32398796081543,83.06768798828125,5.3973188400268555
GSE13294,fixed_log_expression,-35.15990447998047,-31.863109588623047,83.06768798828125,5.3973188400268555
GSE13294,fixed_log_expression,-35.64601135253906,-27.735963821411133,83.06768798828125,5.3973188400268555
GSE13294,fixed_log_expression,-32.8213005065918,-29.148099899291992,83.06768798828125,5.3973188400268555
GSE13294,fixed_log_expression,-34.281105041503906,-27.56786346435547,83.06768798828125,5.3973188400268555
GSE13294,fixed_log_expression,-34.37804412841797,-29.243309020996094,83.06768798828125,5.3973188400268555
GSE13294,fixed_log_expression,-37.48851776123047,-27.98212432861328,83.06768798828125,5.3973188400268555
GSE13294,fixed_log_expression,-34.62065887451172,-28.200563430786133,83.06768798828125,5.3973188400268555
GSE13294,fixed_log_expression,-38.50093078613281,-27.847665786743164,83.06768798828125,5.3973188400268555
GSE13294,fixed_log_expression,-36.99336242675781,-25.60249137878418,83.06768798828125,5.3973188400268555
GSE13294,fixed_log_expression,-34.414241790771484,-28.152441024780273,83.06768798828125,5.3973188400268555
GSE13294,fixed_log_expression,-37.209739685058594,-25.110034942626953,83.06768798828125,5.3973188400268555
GSE13294,fixed_log_expression,-34.613319396972656,-27.258832931518555,83.06768798828125,5.3973188400268555
GSE13294,fixed_log_expression,-37.373138427734375,-26.4332332611084,83.06768798828125,5.3973188400268555
GSE13294,fixed_log_expression,-32.640933990478516,-25.694337844848633,83.06768798828125,5.3973188400268555
GSE13294,fixed_log_expression,-34.151039123535156,-25.042062759399414,83.06768798828125,5.3973188400268555
GSE13294,fixed_log_expression,-35.39118576049805,-24.13374137878418,83.06768798828125,5.3973188400268555
GSE13294,fixed_log_expression,-35.36776351928711,-25.78455352783203,83.06768798828125,5.3973188400268555
GSE13294,fixed_log_expression,-33.45047378540039,-27.37572479248047,83.06768798828125,5.3973188400268555
GSE13294,fixed_log_expression,-37.16067123413086,-26.163331985473633,83.06768798828125,5.3973188400268555
GSE13294,fixed_log_expression,-35.82601547241211,-28.09750747680664,83.06768798828125,5.3973188400268555
GSE13294,fixed_log_expression,-34.90318298339844,-26.412364959716797,83.06768798828125,5.3973188400268555
GSE13294,fixed_log_expression,-34.95779037475586,-24.722904205322266,83.06768798828125,5.3973188400268555
GSE13294,fixed_log_expression,-38.216392517089844,-26.465803146362305,83.06768798828125,5.3973188400268555
GSE13294,fixed_log_expression,-36.09272003173828,-24.32738494873047,83.06768798828125,5.3973188400268555
GSE13294,fixed_log_expression,-36.24159622192383,-24.04985809326172,83.06768798828125,5.3973188400268555
GSE13294,fixed_log_expression,-35.99650192260742,-25.163782119750977,83.06768798828125,5.3973188400268555
GSE13294,fixed_log_expression,-40.347164154052734,-27.77625846862793,83.06768798828125,5.3973188400268555
GSE13294,fixed_log_expression,-34.99469757080078,-25.71657371520996,83.06768798828125,5.3973188400268555
GSE13294,fixed_log_expression,-37.55133819580078,-27.438997268676758,83.06768798828125,5.3973188400268555
GSE13294,fixed_log_expression,-36.658992767333984,-24.241403579711914,83.06768798828125,5.3973188400268555
GSE13294,fixed_log_expression,-37.39129638671875,-26.90595817565918,83.06768798828125,5.3973188400268555
GSE13294,fixed_log_expression,-37.10291290283203,-26.779495239257812,83.06768798828125,5.3973188400268555
GSE13294,fixed_log_expression,-36.31406021118164,-26.89679718017578,83.06768798828125,5.3973188400268555
GSE13294,fixed_log_expression,-36.47711944580078,-29.711578369140625,83.06768798828125,5.3973188400268555
GSE13294,fixed_log_expression,-34.92021942138672,-24.899532318115234,83.06768798828125,5.3973188400268555
GSE13294,fixed_log_expression,-35.418006896972656,-25.90433692932129,83.06768798828125,5.3973188400268555
GSE13294,fixed_log_expression,-37.17835235595703,-25.39497184753418,83.06768798828125,5.3973188400268555
GSE13294,fixed_log_expression,-38.13682556152344,-26.741594314575195,83.06768798828125,5.3973188400268555
GSE13294,fixed_log_expression,-36.238590240478516,-28.287195205688477,83.06768798828125,5.3973188400268555
GSE13294,fixed_log_expression,-35.036903381347656,-28.620128631591797,83.06768798828125,5.3973188400268555
GSE13294,fixed_log_expression,-30.88006591796875,-26.669424057006836,83.06768798828125,5.3973188400268555
GSE13294,fixed_log_expression,-34.07084655761719,-27.743383407592773,83.06768798828125,5.3973188400268555
GSE13294,fixed_log_expression,-35.24320983886719,-25.460529327392578,83.06768798828125,5.3973188400268555
GSE13294,fixed_log_expression,-35.95133590698242,-28.43573760986328,83.06768798828125,5.3973188400268555
GSE13294,fixed_log_expression,-33.72689437866211,-28.443178176879883,83.06768798828125,5.3973188400268555
GSE13294,fixed_log_expression,-32.59414291381836,-26.553266525268555,83.06768798828125,5.3973188400268555
GSE13294,fixed_log_expression,-36.517879486083984,-29.222007751464844,83.06768798828125,5.3973188400268555
GSE13294,fixed_log_expression,-34.51776123046875,-27.248266220092773,83.06768798828125,5.3973188400268555
GSE13294,fixed_log_expression,-29.341638565063477,-22.37179183959961,83.06768798828125,5.3973188400268555
GSE13294,fixed_log_expression,-33.65478515625,-25.91251564025879,83.06768798828125,5.3973188400268555
GSE13294,fixed_log_expression,-34.0549201965332,-26.35822296142578,83.06768798828125,5.3973188400268555
GSE13294,fixed_log_expression,-34.30668640136719,-26.02948760986328,83.06768798828125,5.3973188400268555
GSE13294,fixed_log_expression,-33.81434631347656,-25.68587303161621,83.06768798828125,5.3973188400268555
GSE13294,fixed_log_expression,-32.39955520629883,-24.910072326660156,83.06768798828125,5.3973188400268555
GSE13294,fixed_log_expression,-33.661598205566406,-25.501827239990234,83.06768798828125,5.3973188400268555
GSE13294,fixed_log_expression,-31.715059280395508,-31.065799713134766,83.06768798828125,5.3973188400268555
GSE13294,fixed_log_expression,-33.620445251464844,-29.466089248657227,83.06768798828125,5.3973188400268555
GSE13294,fixed_log_expression,-31.22263526916504,-26.716522216796875,83.06768798828125,5.3973188400268555
GSE13294,fixed_log_expression,-31.11820411682129,-29.353601455688477,83.06768798828125,5.3973188400268555
GSE13294,fixed_log_expression,-30.084096908569336,-22.027395248413086,83.06768798828125,5.3973188400268555
GSE13294,fixed_log_expression,-35.851253509521484,-25.402814865112305,83.06768798828125,5.3973188400268555
GSE13294,fixed_log_expression,-32.45327377319336,-25.682613372802734,83.06768798828125,5.3973188400268555
GSE13294,fixed_log_expression,-37.34361267089844,-27.826894760131836,83.06768798828125,5.3973188400268555
GSE13294,fixed_log_expression,-36.30945587158203,-30.668540954589844,83.06768798828125,5.3973188400268555
GSE13294,fixed_log_expression,-35.526546478271484,-25.630834579467773,83.06768798828125,5.3973188400268555
GSE13294,fixed_log_expression,-31.431594848632812,-27.71078872680664,83.06768798828125,5.3973188400268555
GSE13294,fixed_log_expression,-31.385292053222656,-27.351625442504883,83.06768798828125,5.3973188400268555
GSE13294,fixed_log_expression,-33.21425247192383,-30.206636428833008,83.06768798828125,5.3973188400268555
GSE13294,fixed_log_expression,-37.73544692993164,-31.507205963134766,83.06768798828125,5.3973188400268555
GSE13294,fixed_log_expression,-33.03834915161133,-26.215435028076172,83.06768798828125,5.3973188400268555
GSE13294,fixed_log_expression,-32.805625915527344,-26.905376434326172,83.06768798828125,5.3973188400268555
GSE13294,fixed_log_expression,-31.099546432495117,-30.21335792541504,83.06768798828125,5.3973188400268555
GSE13294,fixed_log_expression,-36.93821334838867,-29.0009765625,83.06768798828125,5.3973188400268555
GSE13294,fixed_log_expression,-39.33776092529297,-31.31279945373535,83.06768798828125,5.3973188400268555
GSE13294,fixed_log_expression,-39.52667236328125,-22.93186378479004,83.06768798828125,5.3973188400268555
GSE13294,fixed_log_expression,-36.172584533691406,-30.900009155273438,83.06768798828125,5.3973188400268555
GSE13294,fixed_log_expression,-33.43857955932617,-26.6477108001709,83.06768798828125,5.3973188400268555
GSE13294,fixed_log_expression,-33.727806091308594,-26.0252685546875,83.06768798828125,5.3973188400268555
GSE13294,fixed_log_expression,-32.40071105957031,-28.122100830078125,83.06768798828125,5.3973188400268555
GSE13294,fixed_log_expression,-31.91822624206543,-28.91786003112793,83.06768798828125,5.3973188400268555
GSE13294,fixed_log_expression,-32.298797607421875,-27.176130294799805,83.06768798828125,5.3973188400268555
GSE13294,fixed_log_expression,-32.22007751464844,-27.04201316833496,83.06768798828125,5.3973188400268555
GSE13294,fixed_log_expression,-35.03413391113281,-28.20321273803711,83.06768798828125,5.3973188400268555
GSE13294,fixed_log_expression,-32.16322326660156,-26.673416137695312,83.06768798828125,5.3973188400268555
GSE13294,fixed_log_expression,-33.83369445800781,-29.181739807128906,83.06768798828125,5.3973188400268555
GSE13294,fixed_log_expression,-36.91202163696289,-27.588125228881836,83.06768798828125,5.3973188400268555
GSE13294,fixed_log_expression,-34.23654556274414,-28.94972801208496,83.06768798828125,5.3973188400268555
GSE13294,fixed_log_expression,-37.73540115356445,-29.08095359802246,83.06768798828125,5.3973188400268555
GSE13294,fixed_log_expression,-32.38911819458008,-28.59982681274414,83.06768798828125,5.3973188400268555
GSE13294,fixed_log_expression,-35.27342224121094,-25.852083206176758,83.06768798828125,5.3973188400268555
GSE13294,fixed_log_expression,-34.60994338989258,-30.297523498535156,83.06768798828125,5.3973188400268555
GSE13067,fixed_log_expression,-23.870393753051758,-31.686704635620117,83.06768798828125,5.3973188400268555
GSE13067,fixed_log_expression,-25.744169235229492,-29.377727508544922,83.06768798828125,5.3973188400268555
GSE13067,fixed_log_expression,-26.675596237182617,-28.55452537536621,83.06768798828125,5.3973188400268555
GSE13067,fixed_log_expression,-30.120878219604492,-29.919710159301758,83.06768798828125,5.3973188400268555
GSE13067,fixed_log_expression,-23.493000030517578,-29.233530044555664,83.06768798828125,5.3973188400268555
GSE13067,fixed_log_expression,-24.760997772216797,-28.68383026123047,83.06768798828125,5.3973188400268555
GSE13067,fixed_log_expression,-20.497098922729492,-27.631149291992188,83.06768798828125,5.3973188400268555
GSE13067,fixed_log_expression,-21.509475708007812,-27.291601181030273,83.06768798828125,5.3973188400268555
GSE13067,fixed_log_expression,-25.824478149414062,-26.85486602783203,83.06768798828125,5.3973188400268555
GSE13067,fixed_log_expression,-23.274063110351562,-29.35057830810547,83.06768798828125,5.3973188400268555
GSE13067,fixed_log_expression,-23.174428939819336,-27.882511138916016,83.06768798828125,5.3973188400268555
GSE13067,fixed_log_expression,-19.61346435546875,-26.26332664489746,83.06768798828125,5.3973188400268555
GSE13067,fixed_log_expression,-27.66381072998047,-30.056224822998047,83.06768798828125,5.3973188400268555
GSE13067,fixed_log_expression,-23.513015747070312,-26.89765739440918,83.06768798828125,5.3973188400268555
GSE13067,fixed_log_expression,-22.339874267578125,-27.4591007232666,83.06768798828125,5.3973188400268555
GSE13067,fixed_log_expression,-25.04643440246582,-30.246912002563477,83.06768798828125,5.3973188400268555
GSE13067,fixed_log_expression,-22.57171058654785,-30.009302139282227,83.06768798828125,5.3973188400268555
GSE13067,fixed_log_expression,-26.09367561340332,-27.42283058166504,83.06768798828125,5.3973188400268555
GSE13067,fixed_log_expression,-22.887712478637695,-29.239978790283203,83.06768798828125,5.3973188400268555
GSE13067,fixed_log_expression,-22.468778610229492,-28.645217895507812,83.06768798828125,5.3973188400268555
GSE13067,fixed_log_expression,-25.07952117919922,-28.036373138427734,83.06768798828125,5.3973188400268555
GSE13067,fixed_log_expression,-21.420515060424805,-27.954008102416992,83.06768798828125,5.3973188400268555
GSE13067,fixed_log_expression,-23.22056770324707,-28.4281005859375,83.06768798828125,5.3973188400268555
GSE13067,fixed_log_expression,-22.995986938476562,-26.893531799316406,83.06768798828125,5.3973188400268555
GSE13067,fixed_log_expression,-23.23871612548828,-27.69062042236328,83.06768798828125,5.3973188400268555
GSE13067,fixed_log_expression,-23.17320442199707,-26.78447723388672,83.06768798828125,5.3973188400268555
GSE13067,fixed_log_expression,-22.981592178344727,-27.117530822753906,83.06768798828125,5.3973188400268555
GSE13067,fixed_log_expression,-22.40022087097168,-28.912607192993164,83.06768798828125,5.3973188400268555
GSE13067,fixed_log_expression,-23.013051986694336,-27.589372634887695,83.06768798828125,5.3973188400268555
GSE13067,fixed_log_expression,-22.775840759277344,-26.250307083129883,83.06768798828125,5.3973188400268555
GSE13067,fixed_log_expression,-25.793210983276367,-29.35163116455078,83.06768798828125,5.3973188400268555
GSE13067,fixed_log_expression,-20.696533203125,-26.540454864501953,83.06768798828125,5.3973188400268555
GSE13067,fixed_log_expression,-24.840240478515625,-28.69059181213379,83.06768798828125,5.3973188400268555
GSE13067,fixed_log_expression,-22.054641723632812,-28.6560001373291,83.06768798828125,5.3973188400268555
GSE13067,fixed_log_expression,-22.826946258544922,-27.716957092285156,83.06768798828125,5.3973188400268555
GSE13067,fixed_log_expression,-21.830917358398438,-27.013912200927734,83.06768798828125,5.3973188400268555
GSE13067,fixed_log_expression,-23.481346130371094,-27.081871032714844,83.06768798828125,5.3973188400268555
GSE13067,fixed_log_expression,-22.211559295654297,-27.049705505371094,83.06768798828125,5.3973188400268555
GSE13067,fixed_log_expression,-22.91126251220703,-26.899518966674805,83.06768798828125,5.3973188400268555
GSE13067,fixed_log_expression,-21.561769485473633,-25.69646453857422,83.06768798828125,5.3973188400268555
GSE13067,fixed_log_expression,-20.931665420532227,-26.655664443969727,83.06768798828125,5.3973188400268555
GSE13067,fixed_log_expression,-24.743003845214844,-26.741634368896484,83.06768798828125,5.3973188400268555
GSE13067,fixed_log_expression,-21.674232482910156,-27.9019775390625,83.06768798828125,5.3973188400268555
GSE13067,fixed_log_expression,-22.129440307617188,-27.515396118164062,83.06768798828125,5.3973188400268555
GSE13067,fixed_log_expression,-22.123214721679688,-26.51922607421875,83.06768798828125,5.3973188400268555
GSE13067,fixed_log_expression,-21.35222625732422,-28.083173751831055,83.06768798828125,5.3973188400268555
GSE13067,fixed_log_expression,-21.844478607177734,-28.060157775878906,83.06768798828125,5.3973188400268555
GSE13067,fixed_log_expression,-25.511184692382812,-28.029447555541992,83.06768798828125,5.3973188400268555
GSE13067,fixed_log_expression,-20.985801696777344,-27.22908592224121,83.06768798828125,5.3973188400268555
GSE13067,fixed_log_expression,-20.51714324951172,-26.574138641357422,83.06768798828125,5.3973188400268555
GSE13067,fixed_log_expression,-22.253231048583984,-28.031429290771484,83.06768798828125,5.3973188400268555
GSE13067,fixed_log_expression,-24.28214454650879,-28.568159103393555,83.06768798828125,5.3973188400268555
GSE13067,fixed_log_expression,-24.27420997619629,-29.030742645263672,83.06768798828125,5.3973188400268555
GSE13067,fixed_log_expression,-26.021257400512695,-28.579792022705078,83.06768798828125,5.3973188400268555
GSE13067,fixed_log_expression,-25.647348403930664,-30.653911590576172,83.06768798828125,5.3973188400268555
GSE13067,fixed_log_expression,-25.34880256652832,-28.15456771850586,83.06768798828125,5.3973188400268555
GSE13067,fixed_log_expression,-23.753101348876953,-26.536226272583008,83.06768798828125,5.3973188400268555
GSE13067,fixed_log_expression,-28.721294403076172,-31.359474182128906,83.06768798828125,5.3973188400268555
GSE13067,fixed_log_expression,-23.94820213317871,-31.266801834106445,83.06768798828125,5.3973188400268555
GSE13067,fixed_log_expression,-26.18914031982422,-29.46509552001953,83.06768798828125,5.3973188400268555
GSE13067,fixed_log_expression,-23.017309188842773,-25.8599910736084,83.06768798828125,5.3973188400268555
GSE13067,fixed_log_expression,-24.694705963134766,-27.518701553344727,83.06768798828125,5.3973188400268555
GSE13067,fixed_log_expression,-23.36773681640625,-25.881933212280273,83.06768798828125,5.3973188400268555
GSE13067,fixed_log_expression,-22.880367279052734,-28.11966896057129,83.06768798828125,5.3973188400268555
GSE13067,fixed_log_expression,-23.13011932373047,-27.184595108032227,83.06768798828125,5.3973188400268555
GSE13067,fixed_log_expression,-22.68312644958496,-28.65982437133789,83.06768798828125,5.3973188400268555
GSE13067,fixed_log_expression,-26.0836124420166,-30.50374412536621,83.06768798828125,5.3973188400268555
GSE13067,fixed_log_expression,-25.959877014160156,-30.32025146484375,83.06768798828125,5.3973188400268555
GSE13067,fixed_log_expression,-27.043546676635742,-30.926990509033203,83.06768798828125,5.3973188400268555
GSE13067,fixed_log_expression,-30.396888732910156,-30.491058349609375,83.06768798828125,5.3973188400268555
GSE13067,fixed_log_expression,-24.804906845092773,-30.16259765625,83.06768798828125,5.3973188400268555
GSE13067,fixed_log_expression,-23.12075424194336,-29.08741569519043,83.06768798828125,5.3973188400268555
GSE13067,fixed_log_expression,-23.877321243286133,-29.565448760986328,83.06768798828125,5.3973188400268555
GSE13067,fixed_log_expression,-27.814722061157227,-31.15887451171875,83.06768798828125,5.3973188400268555
GSE18088,fixed_log_expression,-6.612860202789307,-6.682684898376465,83.06768798828125,5.3973188400268555
GSE18088,fixed_log_expression,-5.219689846038818,-5.852314472198486,83.06768798828125,5.3973188400268555
GSE18088,fixed_log_expression,-5.535430908203125,-5.710666179656982,83.06768798828125,5.3973188400268555
GSE18088,fixed_log_expression,-6.078837871551514,-7.210635185241699,83.06768798828125,5.3973188400268555
GSE18088,fixed_log_expression,-3.3440754413604736,-8.445298194885254,83.06768798828125,5.3973188400268555
GSE18088,fixed_log_expression,-4.088578701019287,-7.329440593719482,83.06768798828125,5.3973188400268555
GSE18088,fixed_log_expression,-6.455767631530762,-6.472310543060303,83.06768798828125,5.3973188400268555
GSE18088,fixed_log_expression,-3.1402103900909424,-10.248936653137207,83.06768798828125,5.3973188400268555
GSE18088,fixed_log_expression,-3.5533854961395264,-10.466157913208008,83.06768798828125,5.3973188400268555
GSE18088,fixed_log_expression,-4.669140815734863,-10.06333065032959,83.06768798828125,5.3973188400268555
GSE18088,fixed_log_expression,-2.7814459800720215,-6.6640729904174805,83.06768798828125,5.3973188400268555
GSE18088,fixed_log_expression,-5.340590953826904,-6.512949466705322,83.06768798828125,5.3973188400268555
GSE18088,fixed_log_expression,-5.713267803192139,-6.950343608856201,83.06768798828125,5.3973188400268555
GSE18088,fixed_log_expression,-3.5022246837615967,-7.606964588165283,83.06768798828125,5.3973188400268555
GSE18088,fixed_log_expression,-3.677219867706299,-8.03051471710205,83.06768798828125,5.3973188400268555
GSE18088,fixed_log_expression,-12.870800018310547,-6.537536144256592,83.06768798828125,5.3973188400268555
GSE18088,fixed_log_expression,-3.208035707473755,-7.165101051330566,83.06768798828125,5.3973188400268555
GSE18088,fixed_log_expression,-5.984546184539795,-5.748108386993408,83.06768798828125,5.3973188400268555
GSE18088,fixed_log_expression,-8.497562408447266,-7.2112884521484375,83.06768798828125,5.3973188400268555
GSE18088,fixed_log_expression,-7.615203380584717,-6.482049465179443,83.06768798828125,5.3973188400268555
GSE18088,fixed_log_expression,-5.079857349395752,-7.763117790222168,83.06768798828125,5.3973188400268555
GSE18088,fixed_log_expression,-4.341006278991699,-8.214154243469238,83.06768798828125,5.3973188400268555
GSE18088,fixed_log_expression,-11.290639877319336,-6.116649627685547,83.06768798828125,5.3973188400268555
GSE18088,fixed_log_expression,-11.023125648498535,-5.527964115142822,83.06768798828125,5.3973188400268555
GSE18088,fixed_log_expression,-8.479049682617188,-7.959798336029053,83.06768798828125,5.3973188400268555
GSE18088,fixed_log_expression,-5.535922050476074,-7.6279683113098145,83.06768798828125,5.3973188400268555
GSE18088,fixed_log_expression,-6.938988208770752,-5.767627716064453,83.06768798828125,5.3973188400268555
GSE18088,fixed_log_expression,-5.251148700714111,-7.568953514099121,83.06768798828125,5.3973188400268555
GSE18088,fixed_log_expression,-13.928197860717773,-5.474742412567139,83.06768798828125,5.3973188400268555
GSE18088,fixed_log_expression,-7.564957618713379,-5.34502649307251,83.06768798828125,5.3973188400268555
GSE18088,fixed_log_expression,-10.056327819824219,-5.070456027984619,83.06768798828125,5.3973188400268555
GSE18088,fixed_log_expression,-7.735495567321777,-7.438350200653076,83.06768798828125,5.3973188400268555
GSE18088,fixed_log_expression,-8.288232803344727,-6.338403224945068,83.06768798828125,5.3973188400268555
GSE18088,fixed_log_expression,-4.726634502410889,-7.601205825805664,83.06768798828125,5.3973188400268555
GSE18088,fixed_log_expression,-4.862701416015625,-8.077960968017578,83.06768798828125,5.3973188400268555
GSE18088,fixed_log_expression,-4.929784297943115,-6.892074108123779,83.06768798828125,5.3973188400268555
GSE18088,fixed_log_expression,-7.888236999511719,-7.362730979919434,83.06768798828125,5.3973188400268555
GSE18088,fixed_log_expression,-7.741164684295654,-6.200732231140137,83.06768798828125,5.3973188400268555
GSE18088,fixed_log_expression,-2.7069501876831055,-6.816453456878662,83.06768798828125,5.3973188400268555
GSE18088,fixed_log_expression,-5.902552604675293,-6.4855475425720215,83.06768798828125,5.3973188400268555
GSE18088,fixed_log_expression,-7.3182172775268555,-7.185172080993652,83.06768798828125,5.3973188400268555
GSE18088,fixed_log_expression,-5.741253852844238,-6.910160064697266,83.06768798828125,5.3973188400268555
GSE18088,fixed_log_expression,-8.061415672302246,-5.895723819732666,83.06768798828125,5.3973188400268555
GSE18088,fixed_log_expression,-6.041201591491699,-5.32615327835083,83.06768798828125,5.3973188400268555
GSE18088,fixed_log_expression,-9.929439544677734,-5.506672382354736,83.06768798828125,5.3973188400268555
GSE18088,fixed_log_expression,-5.782665729522705,-6.962583541870117,83.06768798828125,5.3973188400268555
GSE18088,fixed_log_expression,-4.692160606384277,-6.653868198394775,83.06768798828125,5.3973188400268555
GSE18088,fixed_log_expression,-0.00601918576285243,-10.867907524108887,83.06768798828125,5.3973188400268555
GSE18088,fixed_log_expression,-8.367253303527832,-9.146202087402344,83.06768798828125,5.3973188400268555
GSE18088,fixed_log_expression,-3.585216522216797,-10.522608757019043,83.06768798828125,5.3973188400268555
GSE18088,fixed_log_expression,-10.998594284057617,-5.469804286956787,83.06768798828125,5.3973188400268555
GSE18088,fixed_log_expression,-5.079818248748779,-9.474071502685547,83.06768798828125,5.3973188400268555
GSE18088,fixed_log_expression,-10.868401527404785,-6.942753791809082,83.06768798828125,5.3973188400268555
GSE26682,fixed_log_expression,166.3828887939453,16.890047073364258,83.06768798828125,5.3973188400268555
GSE26682,fixed_log_expression,165.90655517578125,17.42995262145996,83.06768798828125,5.3973188400268555
GSE26682,fixed_log_expression,165.9175262451172,14.073199272155762,83.06768798828125,5.3973188400268555
GSE26682,fixed_log_expression,166.3124542236328,15.229204177856445,83.06768798828125,5.3973188400268555
GSE26682,fixed_log_expression,168.00726318359375,18.16132164001465,83.06768798828125,5.3973188400268555
GSE26682,fixed_log_expression,166.5547637939453,17.59214210510254,83.06768798828125,5.3973188400268555
GSE26682,fixed_log_expression,167.8147430419922,17.747196197509766,83.06768798828125,5.3973188400268555
GSE26682,fixed_log_expression,165.7430877685547,13.090093612670898,83.06768798828125,5.3973188400268555
GSE26682,fixed_log_expression,165.77317810058594,13.169439315795898,83.06768798828125,5.3973188400268555
GSE26682,fixed_log_expression,167.1057586669922,17.739534378051758,83.06768798828125,5.3973188400268555
GSE26682,fixed_log_expression,166.33872985839844,14.462411880493164,83.06768798828125,5.3973188400268555
GSE26682,fixed_log_expression,168.04339599609375,19.313032150268555,83.06768798828125,5.3973188400268555
GSE26682,fixed_log_expression,166.9757537841797,11.548532485961914,83.06768798828125,5.3973188400268555
GSE26682,fixed_log_expression,167.0189666748047,17.854761123657227,83.06768798828125,5.3973188400268555
GSE26682,fixed_log_expression,165.8756103515625,10.981719970703125,83.06768798828125,5.3973188400268555
GSE26682,fixed_log_expression,166.81028747558594,15.704068183898926,83.06768798828125,5.3973188400268555
GSE26682,fixed_log_expression,165.56216430664062,15.065741539001465,83.06768798828125,5.3973188400268555
GSE26682,fixed_log_expression,166.56753540039062,18.662952423095703,83.06768798828125,5.3973188400268555
GSE26682,fixed_log_expression,167.75802612304688,15.71600341796875,83.06768798828125,5.3973188400268555
GSE26682,fixed_log_expression,166.91000366210938,15.809527397155762,83.06768798828125,5.3973188400268555
GSE26682,fixed_log_expression,167.29995727539062,13.673041343688965,83.06768798828125,5.3973188400268555
GSE26682,fixed_log_expression,166.75189208984375,19.991243362426758,83.06768798828125,5.3973188400268555
GSE26682,fixed_log_expression,168.4990234375,15.873529434204102,83.06768798828125,5.3973188400268555
GSE26682,fixed_log_expression,167.4480743408203,18.256317138671875,83.06768798828125,5.3973188400268555
GSE26682,fixed_log_expression,165.87916564941406,15.611587524414062,83.06768798828125,5.3973188400268555
GSE26682,fixed_log_expression,167.30271911621094,14.061771392822266,83.06768798828125,5.3973188400268555
GSE26682,fixed_log_expression,167.0178680419922,12.566543579101562,83.06768798828125,5.3973188400268555
GSE26682,fixed_log_expression,167.9923858642578,15.483222007751465,83.06768798828125,5.3973188400268555
GSE26682,fixed_log_expression,167.4560546875,16.527019500732422,83.06768798828125,5.3973188400268555
GSE26682,fixed_log_expression,167.04489135742188,17.82311248779297,83.06768798828125,5.3973188400268555
GSE26682,fixed_log_expression,167.1513214111328,15.17636775970459,83.06768798828125,5.3973188400268555
GSE26682,fixed_log_expression,166.6678924560547,12.396835327148438,83.06768798828125,5.3973188400268555
GSE26682,fixed_log_expression,166.83258056640625,14.048190116882324,83.06768798828125,5.3973188400268555
GSE26682,fixed_log_expression,167.70448303222656,18.477853775024414,83.06768798828125,5.3973188400268555
GSE26682,fixed_log_expression,168.04638671875,22.00122833251953,83.06768798828125,5.3973188400268555
GSE26682,fixed_log_expression,165.01327514648438,17.628244400024414,83.06768798828125,5.3973188400268555
GSE26682,fixed_log_expression,166.21038818359375,16.210668563842773,83.06768798828125,5.3973188400268555
GSE26682,fixed_log_expression,165.86026000976562,17.32830238342285,83.06768798828125,5.3973188400268555
GSE26682,fixed_log_expression,167.46163940429688,18.420263290405273,83.06768798828125,5.3973188400268555
GSE26682,fixed_log_expression,166.2023162841797,17.23324203491211,83.06768798828125,5.3973188400268555
GSE26682,fixed_log_expression,167.23204040527344,19.369483947753906,83.06768798828125,5.3973188400268555
GSE26682,fixed_log_expression,166.57669067382812,18.90011215209961,83.06768798828125,5.3973188400268555
GSE26682,fixed_log_expression,167.36648559570312,17.317340850830078,83.06768798828125,5.3973188400268555
GSE26682,fixed_log_expression,166.3236846923828,16.311037063598633,83.06768798828125,5.3973188400268555
GSE26682,fixed_log_expression,167.05389404296875,14.880499839782715,83.06768798828125,5.3973188400268555
GSE26682,fixed_log_expression,167.0292510986328,18.037822723388672,83.06768798828125,5.3973188400268555
GSE26682,fixed_log_expression,167.74008178710938,16.23293685913086,83.06768798828125,5.3973188400268555
GSE26682,fixed_log_expression,167.46133422851562,16.461328506469727,83.06768798828125,5.3973188400268555
GSE26682,fixed_log_expression,166.9505615234375,16.832857131958008,83.06768798828125,5.3973188400268555
GSE26682,fixed_log_expression,167.07937622070312,17.2365665435791,83.06768798828125,5.3973188400268555
GSE26682,fixed_log_expression,169.15541076660156,22.15803337097168,83.06768798828125,5.3973188400268555
GSE26682,fixed_log_expression,166.90553283691406,16.505014419555664,83.06768798828125,5.3973188400268555
GSE26682,fixed_log_expression,166.77255249023438,18.162649154663086,83.06768798828125,5.3973188400268555
GSE26682,fixed_log_expression,166.65797424316406,14.521533012390137,83.06768798828125,5.3973188400268555
GSE26682,fixed_log_expression,166.84988403320312,14.334466934204102,83.06768798828125,5.3973188400268555
GSE26682,fixed_log_expression,167.05908203125,15.607073783874512,83.06768798828125,5.3973188400268555
GSE26682,fixed_log_expression,167.5289306640625,19.09278106689453,83.06768798828125,5.3973188400268555
GSE26682,fixed_log_expression,167.1463165283203,16.62500762939453,83.06768798828125,5.3973188400268555
GSE26682,fixed_log_expression,167.72622680664062,17.263662338256836,83.06768798828125,5.3973188400268555
GSE26682,fixed_log_expression,169.15731811523438,22.650897979736328,83.06768798828125,5.3973188400268555
GSE26682,fixed_log_expression,167.71420288085938,19.047521591186523,83.06768798828125,5.3973188400268555
GSE26682,fixed_log_expression,167.4400634765625,19.63003921508789,83.06768798828125,5.3973188400268555
GSE26682,fixed_log_expression,167.9095458984375,18.29467010498047,83.06768798828125,5.3973188400268555
GSE26682,fixed_log_expression,167.56381225585938,17.280031204223633,83.06768798828125,5.3973188400268555
GSE26682,fixed_log_expression,167.84693908691406,18.226966857910156,83.06768798828125,5.3973188400268555
GSE26682,fixed_log_expression,167.8321075439453,19.589513778686523,83.06768798828125,5.3973188400268555
GSE26682,fixed_log_expression,167.1544647216797,18.82262420654297,83.06768798828125,5.3973188400268555
GSE26682,fixed_log_expression,166.19076538085938,18.259965896606445,83.06768798828125,5.3973188400268555
GSE26682,fixed_log_expression,165.50128173828125,13.519281387329102,83.06768798828125,5.3973188400268555
GSE26682,fixed_log_expression,166.9133758544922,15.505193710327148,83.06768798828125,5.3973188400268555
GSE26682,fixed_log_expression,168.20050048828125,18.381553649902344,83.06768798828125,5.3973188400268555
GSE26682,fixed_log_expression,166.82891845703125,15.931235313415527,83.06768798828125,5.3973188400268555
GSE26682,fixed_log_expression,167.86679077148438,17.0947322845459,83.06768798828125,5.3973188400268555
GSE26682,fixed_log_expression,167.73516845703125,17.538188934326172,83.06768798828125,5.3973188400268555
GSE26682,fixed_log_expression,166.1062774658203,18.45768165588379,83.06768798828125,5.3973188400268555
GSE26682,fixed_log_expression,167.249267578125,19.2060604095459,83.06768798828125,5.3973188400268555
GSE26682,fixed_log_expression,168.54562377929688,20.276592254638672,83.06768798828125,5.3973188400268555
GSE26682,fixed_log_expression,167.40695190429688,18.62535858154297,83.06768798828125,5.3973188400268555
GSE26682,fixed_log_expression,168.83956909179688,16.23487663269043,83.06768798828125,5.3973188400268555
GSE26682,fixed_log_expression,166.0653076171875,18.525436401367188,83.06768798828125,5.3973188400268555
GSE26682,fixed_log_expression,167.95591735839844,18.766366958618164,83.06768798828125,5.3973188400268555
GSE26682,fixed_log_expression,166.84548950195312,16.120399475097656,83.06768798828125,5.3973188400268555
GSE26682,fixed_log_expression,166.62466430664062,15.26135540008545,83.06768798828125,5.3973188400268555
GSE26682,fixed_log_expression,167.31588745117188,19.14423370361328,83.06768798828125,5.3973188400268555
GSE26682,fixed_log_expression,165.96963500976562,14.350714683532715,83.06768798828125,5.3973188400268555
GSE26682,fixed_log_expression,166.51014709472656,14.273957252502441,83.06768798828125,5.3973188400268555
GSE26682,fixed_log_expression,167.12014770507812,18.162128448486328,83.06768798828125,5.3973188400268555
GSE26682,fixed_log_expression,166.93894958496094,17.758033752441406,83.06768798828125,5.3973188400268555
GSE26682,fixed_log_expression,165.5516815185547,14.034045219421387,83.06768798828125,5.3973188400268555
GSE26682,fixed_log_expression,165.2064208984375,18.030147552490234,83.06768798828125,5.3973188400268555
GSE26682,fixed_log_expression,167.2763214111328,14.405427932739258,83.06768798828125,5.3973188400268555
GSE26682,fixed_log_expression,165.84971618652344,12.296788215637207,83.06768798828125,5.3973188400268555
GSE26682,fixed_log_expression,166.424560546875,11.793769836425781,83.06768798828125,5.3973188400268555
GSE26682,fixed_log_expression,167.44439697265625,19.50039291381836,83.06768798828125,5.3973188400268555
GSE26682,fixed_log_expression,166.7892303466797,16.883037567138672,83.06768798828125,5.3973188400268555
GSE26682,fixed_log_expression,167.2252197265625,18.542875289916992,83.06768798828125,5.3973188400268555
GSE26682,fixed_log_expression,167.3125,17.90117835998535,83.06768798828125,5.3973188400268555
GSE26682,fixed_log_expression,168.89959716796875,21.679868698120117,83.06768798828125,5.3973188400268555
GSE26682,fixed_log_expression,168.28688049316406,19.509611129760742,83.06768798828125,5.3973188400268555
GSE26682,fixed_log_expression,167.8372344970703,15.192980766296387,83.06768798828125,5.3973188400268555
GSE26682,fixed_log_expression,168.23394775390625,19.484375,83.06768798828125,5.3973188400268555
GSE26682,fixed_log_expression,167.20848083496094,19.02865982055664,83.06768798828125,5.3973188400268555
GSE26682,fixed_log_expression,167.76156616210938,16.859224319458008,83.06768798828125,5.3973188400268555
GSE26682,fixed_log_expression,167.28526306152344,17.631587982177734,83.06768798828125,5.3973188400268555
GSE26682,fixed_log_expression,166.8325653076172,18.888181686401367,83.06768798828125,5.3973188400268555
GSE26682,fixed_log_expression,166.528076171875,18.265993118286133,83.06768798828125,5.3973188400268555
GSE26682,fixed_log_expression,165.9742431640625,14.059121131896973,83.06768798828125,5.3973188400268555
GSE26682,fixed_log_expression,167.7414093017578,20.51251792907715,83.06768798828125,5.3973188400268555
GSE26682,fixed_log_expression,167.03851318359375,17.886306762695312,83.06768798828125,5.3973188400268555
GSE26682,fixed_log_expression,166.57431030273438,14.411754608154297,83.06768798828125,5.3973188400268555
GSE26682,fixed_log_expression,168.4941864013672,20.863569259643555,83.06768798828125,5.3973188400268555
GSE26682,fixed_log_expression,166.3475799560547,15.210851669311523,83.06768798828125,5.3973188400268555
GSE26682,fixed_log_expression,166.02540588378906,13.913386344909668,83.06768798828125,5.3973188400268555
GSE26682,fixed_log_expression,166.05221557617188,14.40821647644043,83.06768798828125,5.3973188400268555
GSE26682,fixed_log_expression,165.19932556152344,13.568303108215332,83.06768798828125,5.3973188400268555
GSE26682,fixed_log_expression,167.0160675048828,12.308573722839355,83.06768798828125,5.3973188400268555
GSE26682,fixed_log_expression,167.23484802246094,16.431665420532227,83.06768798828125,5.3973188400268555
GSE26682,fixed_log_expression,167.49014282226562,14.410261154174805,83.06768798828125,5.3973188400268555
GSE26682,fixed_log_expression,166.80322265625,14.61146068572998,83.06768798828125,5.3973188400268555
GSE26682,fixed_log_expression,165.40377807617188,13.471426010131836,83.06768798828125,5.3973188400268555
GSE26682,fixed_log_expression,165.6693115234375,13.30909538269043,83.06768798828125,5.3973188400268555
GSE26682,fixed_log_expression,166.62445068359375,13.886961936950684,83.06768798828125,5.3973188400268555
GSE26682,fixed_log_expression,166.24151611328125,14.99347972869873,83.06768798828125,5.3973188400268555
GSE26682,fixed_log_expression,166.3670654296875,16.114444732666016,83.06768798828125,5.3973188400268555
GSE26682,fixed_log_expression,169.302734375,20.319509506225586,83.06768798828125,5.3973188400268555
GSE26682,fixed_log_expression,168.1743927001953,20.09225082397461,83.06768798828125,5.3973188400268555
GSE26682,fixed_log_expression,168.75973510742188,20.203004837036133,83.06768798828125,5.3973188400268555
GSE26682,fixed_log_expression,167.58323669433594,13.882122993469238,83.06768798828125,5.3973188400268555
GSE26682,fixed_log_expression,159.40090942382812,19.413301467895508,83.06768798828125,5.3973188400268555
GSE26682,fixed_log_expression,168.10696411132812,19.487899780273438,83.06768798828125,5.3973188400268555
GSE26682,fixed_log_expression,166.78131103515625,17.779199600219727,83.06768798828125,5.3973188400268555
GSE26682,fixed_log_expression,167.6129150390625,14.700790405273438,83.06768798828125,5.3973188400268555
GSE26682,fixed_log_expression,166.76779174804688,16.74639129638672,83.06768798828125,5.3973188400268555
GSE26682,fixed_log_expression,167.0337677001953,15.480988502502441,83.06768798828125,5.3973188400268555
GSE26682,fixed_log_expression,168.1115264892578,17.863096237182617,83.06768798828125,5.3973188400268555
GSE26682,fixed_log_expression,166.0130615234375,14.537054061889648,83.06768798828125,5.3973188400268555
GSE26682,fixed_log_expression,168.10214233398438,18.332216262817383,83.06768798828125,5.3973188400268555
GSE39084,fixed_log_expression,32.13405990600586,-9.99071216583252,83.06768798828125,5.3973188400268555
GSE39084,fixed_log_expression,34.402061462402344,-10.792174339294434,83.06768798828125,5.3973188400268555
GSE39084,fixed_log_expression,31.904165267944336,-8.812076568603516,83.06768798828125,5.3973188400268555
GSE39084,fixed_log_expression,34.157840728759766,-9.233154296875,83.06768798828125,5.3973188400268555
GSE39084,fixed_log_expression,35.317466735839844,-8.268271446228027,83.06768798828125,5.3973188400268555
GSE39084,fixed_log_expression,34.53939437866211,-8.773050308227539,83.06768798828125,5.3973188400268555
GSE39084,fixed_log_expression,32.24267578125,-9.060266494750977,83.06768798828125,5.3973188400268555
GSE39084,fixed_log_expression,34.098793029785156,-9.976175308227539,83.06768798828125,5.3973188400268555
GSE39084,fixed_log_expression,34.52726745605469,-9.722149848937988,83.06768798828125,5.3973188400268555
GSE39084,fixed_log_expression,33.552310943603516,-10.437613487243652,83.06768798828125,5.3973188400268555
GSE39084,fixed_log_expression,31.321266174316406,-9.952885627746582,83.06768798828125,5.3973188400268555
GSE39084,fixed_log_expression,33.87379837036133,-7.658604621887207,83.06768798828125,5.3973188400268555
GSE39084,fixed_log_expression,32.646541595458984,-10.813151359558105,83.06768798828125,5.3973188400268555
GSE39084,fixed_log_expression,32.14729309082031,-8.022249221801758,83.06768798828125,5.3973188400268555
GSE39084,fixed_log_expression,31.923404693603516,-12.165579795837402,83.06768798828125,5.3973188400268555
GSE39084,fixed_log_expression,31.18072509765625,-9.2982816696167,83.06768798828125,5.3973188400268555
GSE39084,fixed_log_expression,33.65394973754883,-12.848882675170898,83.06768798828125,5.3973188400268555
GSE39084,fixed_log_expression,36.258819580078125,-8.801648139953613,83.06768798828125,5.3973188400268555
GSE39084,fixed_log_expression,34.695838928222656,-6.852671146392822,83.06768798828125,5.3973188400268555
GSE39084,fixed_log_expression,34.30878829956055,-10.473027229309082,83.06768798828125,5.3973188400268555
GSE39084,fixed_log_expression,34.56889343261719,-7.1026930809021,83.06768798828125,5.3973188400268555
GSE39084,fixed_log_expression,33.56012725830078,-10.21250057220459,83.06768798828125,5.3973188400268555
GSE39084,fixed_log_expression,31.330427169799805,-7.3073225021362305,83.06768798828125,5.3973188400268555
GSE39084,fixed_log_expression,32.3578987121582,-7.427586555480957,83.06768798828125,5.3973188400268555
GSE39084,fixed_log_expression,33.74076461791992,-10.971076011657715,83.06768798828125,5.3973188400268555
GSE39084,fixed_log_expression,35.2520751953125,-10.781854629516602,83.06768798828125,5.3973188400268555
GSE39084,fixed_log_expression,32.27998352050781,-10.86867618560791,83.06768798828125,5.3973188400268555
GSE39084,fixed_log_expression,31.54530906677246,-13.428814888000488,83.06768798828125,5.3973188400268555
GSE39084,fixed_log_expression,33.00802993774414,-11.172062873840332,83.06768798828125,5.3973188400268555
GSE39084,fixed_log_expression,34.167236328125,-11.146979331970215,83.06768798828125,5.3973188400268555
GSE39084,fixed_log_expression,34.86979675292969,-11.522085189819336,83.06768798828125,5.3973188400268555
GSE39084,fixed_log_expression,35.506309509277344,-10.576135635375977,83.06768798828125,5.3973188400268555
GSE39084,fixed_log_expression,29.86390495300293,-12.488325119018555,83.06768798828125,5.3973188400268555
GSE39084,fixed_log_expression,24.183223724365234,-3.343421459197998,83.06768798828125,5.3973188400268555
GSE39084,fixed_log_expression,31.165435791015625,-13.1399507522583,83.06768798828125,5.3973188400268555
GSE39084,fixed_log_expression,29.10930633544922,-10.241765975952148,83.06768798828125,5.3973188400268555
GSE39084,fixed_log_expression,30.445030212402344,-11.614469528198242,83.06768798828125,5.3973188400268555
GSE39084,fixed_log_expression,33.780208587646484,-12.602145195007324,83.06768798828125,5.3973188400268555
GSE39084,fixed_log_expression,28.59438133239746,-10.122711181640625,83.06768798828125,5.3973188400268555
GSE39084,fixed_log_expression,31.99955177307129,-9.791203498840332,83.06768798828125,5.3973188400268555
GSE39084,fixed_log_expression,43.14139175415039,-10.517294883728027,83.06768798828125,5.3973188400268555
GSE39084,fixed_log_expression,32.824581146240234,-10.269442558288574,83.06768798828125,5.3973188400268555
GSE39084,fixed_log_expression,31.829126358032227,-10.47467041015625,83.06768798828125,5.3973188400268555
GSE39084,fixed_log_expression,31.629798889160156,-9.66566276550293,83.06768798828125,5.3973188400268555
GSE39084,fixed_log_expression,33.83382034301758,-9.477904319763184,83.06768798828125,5.3973188400268555
GSE39084,fixed_log_expression,32.4310188293457,-11.415578842163086,83.06768798828125,5.3973188400268555
GSE39084,fixed_log_expression,32.138580322265625,-10.947519302368164,83.06768798828125,5.3973188400268555
GSE39084,fixed_log_expression,30.17261505126953,-8.306899070739746,83.06768798828125,5.3973188400268555
GSE39084,fixed_log_expression,34.07282257080078,-9.870420455932617,83.06768798828125,5.3973188400268555
GSE39084,fixed_log_expression,28.791061401367188,-8.439336776733398,83.06768798828125,5.3973188400268555
GSE39084,fixed_log_expression,32.09455108642578,-10.293886184692383,83.06768798828125,5.3973188400268555
GSE39084,fixed_log_expression,33.30636978149414,-9.880094528198242,83.06768798828125,5.3973188400268555
GSE39084,fixed_log_expression,30.29071617126465,-8.480793952941895,83.06768798828125,5.3973188400268555
GSE39084,fixed_log_expression,31.37689208984375,-8.805577278137207,83.06768798828125,5.3973188400268555
GSE39084,fixed_log_expression,29.718307495117188,-9.745430946350098,83.06768798828125,5.3973188400268555
GSE39084,fixed_log_expression,29.880998611450195,-11.713093757629395,83.06768798828125,5.3973188400268555
GSE39084,fixed_log_expression,32.06489944458008,-8.665475845336914,83.06768798828125,5.3973188400268555
GSE39084,fixed_log_expression,33.72581481933594,-8.282155990600586,83.06768798828125,5.3973188400268555
GSE39084,fixed_log_expression,32.0876579284668,-9.80629825592041,83.06768798828125,5.3973188400268555
GSE39084,fixed_log_expression,31.202741622924805,-8.081709861755371,83.06768798828125,5.3973188400268555
GSE39084,fixed_log_expression,31.113636016845703,-12.1806058883667,83.06768798828125,5.3973188400268555
GSE39084,fixed_log_expression,29.999399185180664,-11.056560516357422,83.06768798828125,5.3973188400268555
GSE39084,fixed_log_expression,29.652053833007812,-10.792428970336914,83.06768798828125,5.3973188400268555
GSE39084,fixed_log_expression,30.35971450805664,-11.059686660766602,83.06768798828125,5.3973188400268555
GSE39084,fixed_log_expression,31.320247650146484,-12.26587200164795,83.06768798828125,5.3973188400268555
GSE39084,fixed_log_expression,33.64120864868164,-10.983543395996094,83.06768798828125,5.3973188400268555
GSE39084,fixed_log_expression,34.62614059448242,-8.076671600341797,83.06768798828125,5.3973188400268555
TCGA_COAD,single_sample_rank,-16.082517623901367,1.1484483480453491,34.112247467041016,13.854269981384277
TCGA_COAD,single_sample_rank,-15.250267028808594,1.9245978593826294,34.112247467041016,13.854269981384277
TCGA_COAD,single_sample_rank,-14.697253227233887,1.7519111633300781,34.112247467041016,13.854269981384277
TCGA_COAD,single_sample_rank,-14.20307445526123,1.6849974393844604,34.112247467041016,13.854269981384277
TCGA_COAD,single_sample_rank,-11.854676246643066,-1.3751901388168335,34.112247467041016,13.854269981384277
TCGA_COAD,single_sample_rank,-13.952841758728027,0.2237049639225006,34.112247467041016,13.854269981384277
TCGA_COAD,single_sample_rank,-16.742534637451172,2.7120583057403564,34.112247467041016,13.854269981384277
TCGA_COAD,single_sample_rank,-16.22205924987793,1.4660638570785522,34.112247467041016,13.854269981384277
TCGA_COAD,single_sample_rank,-16.684375762939453,1.8081010580062866,34.112247467041016,13.854269981384277
TCGA_COAD,single_sample_rank,-15.658968925476074,1.7850064039230347,34.112247467041016,13.854269981384277
TCGA_COAD,single_sample_rank,-16.613216400146484,2.37524151802063,34.112247467041016,13.854269981384277
TCGA_COAD,single_sample_rank,-14.740962028503418,1.7706305980682373,34.112247467041016,13.854269981384277
TCGA_COAD,single_sample_rank,-14.880386352539062,0.8626364469528198,34.112247467041016,13.854269981384277
TCGA_COAD,single_sample_rank,-13.860541343688965,1.4016634225845337,34.112247467041016,13.854269981384277
TCGA_COAD,single_sample_rank,-14.569677352905273,0.7862732410430908,34.112247467041016,13.854269981384277
TCGA_COAD,single_sample_rank,-15.101283073425293,1.3514766693115234,34.112247467041016,13.854269981384277
TCGA_COAD,single_sample_rank,-15.768033027648926,1.3864096403121948,34.112247467041016,13.854269981384277
TCGA_COAD,single_sample_rank,-14.829948425292969,1.6408617496490479,34.112247467041016,13.854269981384277
TCGA_COAD,single_sample_rank,-15.068660736083984,0.6360927224159241,34.112247467041016,13.854269981384277
TCGA_COAD,single_sample_rank,-14.156495094299316,0.7699192762374878,34.112247467041016,13.854269981384277
TCGA_COAD,single_sample_rank,-16.64583396911621,2.124753713607788,34.112247467041016,13.854269981384277
TCGA_COAD,single_sample_rank,-13.886183738708496,0.4061277508735657,34.112247467041016,13.854269981384277
TCGA_COAD,single_sample_rank,-15.408319473266602,1.7906194925308228,34.112247467041016,13.854269981384277
TCGA_COAD,single_sample_rank,-17.21706771850586,2.173001766204834,34.112247467041016,13.854269981384277
TCGA_COAD,single_sample_rank,-14.560080528259277,2.0064878463745117,34.112247467041016,13.854269981384277
TCGA_COAD,single_sample_rank,-14.99089241027832,1.661618709564209,34.112247467041016,13.854269981384277
TCGA_COAD,single_sample_rank,-14.884124755859375,1.122259497642517,34.112247467041016,13.854269981384277
TCGA_COAD,single_sample_rank,-15.24346923828125,0.5370938181877136,34.112247467041016,13.854269981384277
TCGA_COAD,single_sample_rank,-13.558662414550781,0.5709517598152161,34.112247467041016,13.854269981384277
TCGA_COAD,single_sample_rank,-13.86240291595459,0.6945125460624695,34.112247467041016,13.854269981384277
TCGA_COAD,single_sample_rank,-14.982645988464355,2.178760290145874,34.112247467041016,13.854269981384277
TCGA_COAD,single_sample_rank,-17.175878524780273,2.5709877014160156,34.112247467041016,13.854269981384277
TCGA_COAD,single_sample_rank,-13.77531909942627,-0.2765931487083435,34.112247467041016,13.854269981384277
TCGA_COAD,single_sample_rank,-15.097650527954102,1.4256950616836548,34.112247467041016,13.854269981384277
TCGA_COAD,single_sample_rank,-14.467072486877441,-0.005182461813092232,34.112247467041016,13.854269981384277
TCGA_COAD,single_sample_rank,-15.026936531066895,0.7191978096961975,34.112247467041016,13.854269981384277
TCGA_COAD,single_sample_rank,-15.580867767333984,1.7094240188598633,34.112247467041016,13.854269981384277
TCGA_COAD,single_sample_rank,-15.604453086853027,2.3927645683288574,34.112247467041016,13.854269981384277
TCGA_COAD,single_sample_rank,-15.873566627502441,2.217154026031494,34.112247467041016,13.854269981384277
TCGA_COAD,single_sample_rank,-15.953083992004395,1.6433489322662354,34.112247467041016,13.854269981384277
TCGA_COAD,single_sample_rank,-15.18019962310791,1.1846184730529785,34.112247467041016,13.854269981384277
TCGA_COAD,single_sample_rank,-16.029617309570312,1.6929324865341187,34.112247467041016,13.854269981384277
TCGA_COAD,single_sample_rank,-15.79975414276123,2.5101218223571777,34.112247467041016,13.854269981384277
TCGA_COAD,single_sample_rank,-14.101699829101562,0.4220326542854309,34.112247467041016,13.854269981384277
TCGA_COAD,single_sample_rank,-14.071474075317383,0.8317078948020935,34.112247467041016,13.854269981384277
TCGA_COAD,single_sample_rank,-14.368363380432129,1.1194508075714111,34.112247467041016,13.854269981384277
TCGA_COAD,single_sample_rank,-13.283146858215332,0.14143064618110657,34.112247467041016,13.854269981384277
TCGA_COAD,single_sample_rank,-15.483362197875977,1.3832066059112549,34.112247467041016,13.854269981384277
TCGA_COAD,single_sample_rank,-13.690637588500977,0.27069321274757385,34.112247467041016,13.854269981384277
TCGA_COAD,single_sample_rank,-14.247296333312988,0.7137680053710938,34.112247467041016,13.854269981384277
TCGA_COAD,single_sample_rank,-16.87198829650879,2.9378976821899414,34.112247467041016,13.854269981384277
TCGA_COAD,single_sample_rank,-15.225788116455078,0.6618610620498657,34.112247467041016,13.854269981384277
TCGA_COAD,single_sample_rank,-14.6121187210083,0.4787088632583618,34.112247467041016,13.854269981384277
TCGA_COAD,single_sample_rank,-15.218010902404785,1.122992992401123,34.112247467041016,13.854269981384277
TCGA_COAD,single_sample_rank,-15.422776222229004,1.2117737531661987,34.112247467041016,13.854269981384277
TCGA_COAD,single_sample_rank,-14.869919776916504,1.2289268970489502,34.112247467041016,13.854269981384277
TCGA_COAD,single_sample_rank,-17.694990158081055,3.3455421924591064,34.112247467041016,13.854269981384277
TCGA_COAD,single_sample_rank,-14.668787002563477,1.5550994873046875,34.112247467041016,13.854269981384277
TCGA_COAD,single_sample_rank,-13.792938232421875,-0.33464571833610535,34.112247467041016,13.854269981384277
TCGA_COAD,single_sample_rank,-13.547718048095703,0.34975653886795044,34.112247467041016,13.854269981384277
TCGA_COAD,single_sample_rank,-15.270142555236816,0.3609771430492401,34.112247467041016,13.854269981384277
TCGA_COAD,single_sample_rank,-14.721033096313477,2.230712652206421,34.112247467041016,13.854269981384277
TCGA_COAD,single_sample_rank,-16.662824630737305,3.2135794162750244,34.112247467041016,13.854269981384277
TCGA_COAD,single_sample_rank,-15.185454368591309,1.270628571510315,34.112247467041016,13.854269981384277
TCGA_COAD,single_sample_rank,-17.65216636657715,2.9894843101501465,34.112247467041016,13.854269981384277
TCGA_COAD,single_sample_rank,-15.042303085327148,1.2599061727523804,34.112247467041016,13.854269981384277
TCGA_COAD,single_sample_rank,-15.2979154586792,1.94853675365448,34.112247467041016,13.854269981384277
TCGA_COAD,single_sample_rank,-14.7219877243042,0.51654052734375,34.112247467041016,13.854269981384277
TCGA_COAD,single_sample_rank,-14.129136085510254,0.8272770643234253,34.112247467041016,13.854269981384277
TCGA_COAD,single_sample_rank,-15.215959548950195,0.9600920081138611,34.112247467041016,13.854269981384277
TCGA_COAD,single_sample_rank,-16.025230407714844,2.6200408935546875,34.112247467041016,13.854269981384277
TCGA_COAD,single_sample_rank,-15.930779457092285,1.2945432662963867,34.112247467041016,13.854269981384277
TCGA_COAD,single_sample_rank,-17.40104103088379,2.710538387298584,34.112247467041016,13.854269981384277
TCGA_COAD,single_sample_rank,-14.450494766235352,0.7067839503288269,34.112247467041016,13.854269981384277
TCGA_COAD,single_sample_rank,-14.007078170776367,0.49792417883872986,34.112247467041016,13.854269981384277
TCGA_COAD,single_sample_rank,-13.583539962768555,1.124613881111145,34.112247467041016,13.854269981384277
TCGA_COAD,single_sample_rank,-13.5906400680542,0.23610331118106842,34.112247467041016,13.854269981384277
TCGA_COAD,single_sample_rank,-16.671865463256836,1.754623293876648,34.112247467041016,13.854269981384277
TCGA_COAD,single_sample_rank,-15.458629608154297,1.6627674102783203,34.112247467041016,13.854269981384277
TCGA_COAD,single_sample_rank,-14.89460277557373,1.3441137075424194,34.112247467041016,13.854269981384277
TCGA_COAD,single_sample_rank,-15.35906982421875,1.3308323621749878,34.112247467041016,13.854269981384277
TCGA_COAD,single_sample_rank,-15.93417739868164,1.231590747833252,34.112247467041016,13.854269981384277
TCGA_COAD,single_sample_rank,-15.131552696228027,1.316308856010437,34.112247467041016,13.854269981384277
TCGA_COAD,single_sample_rank,-14.190418243408203,1.2385352849960327,34.112247467041016,13.854269981384277
TCGA_COAD,single_sample_rank,-13.780653953552246,0.9162684679031372,34.112247467041016,13.854269981384277
TCGA_COAD,single_sample_rank,-15.863367080688477,1.2847778797149658,34.112247467041016,13.854269981384277
TCGA_COAD,single_sample_rank,-14.560291290283203,0.8441016674041748,34.112247467041016,13.854269981384277
TCGA_COAD,single_sample_rank,-16.1955509185791,2.3304593563079834,34.112247467041016,13.854269981384277
TCGA_COAD,single_sample_rank,-16.037151336669922,1.533664345741272,34.112247467041016,13.854269981384277
TCGA_COAD,single_sample_rank,-14.515645027160645,1.040683627128601,34.112247467041016,13.854269981384277
TCGA_COAD,single_sample_rank,-14.47368049621582,1.5951627492904663,34.112247467041016,13.854269981384277
TCGA_COAD,single_sample_rank,-13.96990966796875,0.9124575853347778,34.112247467041016,13.854269981384277
TCGA_COAD,single_sample_rank,-9.04291820526123,-0.8965766429901123,34.112247467041016,13.854269981384277
TCGA_COAD,single_sample_rank,-13.944581985473633,1.8147227764129639,34.112247467041016,13.854269981384277
TCGA_COAD,single_sample_rank,-13.601999282836914,1.2196481227874756,34.112247467041016,13.854269981384277
TCGA_COAD,single_sample_rank,-14.72353458404541,1.4245256185531616,34.112247467041016,13.854269981384277
TCGA_COAD,single_sample_rank,-13.331340789794922,0.0521729551255703,34.112247467041016,13.854269981384277
TCGA_COAD,single_sample_rank,-14.873191833496094,0.8965276479721069,34.112247467041016,13.854269981384277
TCGA_COAD,single_sample_rank,-15.316520690917969,2.182499647140503,34.112247467041016,13.854269981384277
TCGA_COAD,single_sample_rank,-14.635828018188477,0.7277580499649048,34.112247467041016,13.854269981384277
TCGA_COAD,single_sample_rank,-14.56846809387207,0.9997219443321228,34.112247467041016,13.854269981384277
TCGA_COAD,single_sample_rank,-15.34585189819336,1.3801010847091675,34.112247467041016,13.854269981384277
TCGA_COAD,single_sample_rank,-16.162769317626953,1.1810297966003418,34.112247467041016,13.854269981384277
TCGA_COAD,single_sample_rank,-14.429908752441406,0.3505426347255707,34.112247467041016,13.854269981384277
TCGA_COAD,single_sample_rank,-13.91693115234375,1.0562230348587036,34.112247467041016,13.854269981384277
TCGA_COAD,single_sample_rank,-13.423999786376953,0.23030732572078705,34.112247467041016,13.854269981384277
TCGA_COAD,single_sample_rank,-14.05056381225586,0.6879053711891174,34.112247467041016,13.854269981384277
TCGA_COAD,single_sample_rank,-14.165238380432129,0.6680370569229126,34.112247467041016,13.854269981384277
TCGA_COAD,single_sample_rank,-15.549288749694824,1.4857548475265503,34.112247467041016,13.854269981384277
TCGA_COAD,single_sample_rank,-15.793784141540527,1.2121690511703491,34.112247467041016,13.854269981384277
TCGA_COAD,single_sample_rank,-15.284798622131348,1.4038496017456055,34.112247467041016,13.854269981384277
TCGA_COAD,single_sample_rank,-14.916123390197754,1.2111598253250122,34.112247467041016,13.854269981384277
TCGA_COAD,single_sample_rank,-14.917764663696289,1.0204744338989258,34.112247467041016,13.854269981384277
TCGA_COAD,single_sample_rank,-14.896025657653809,1.8877876996994019,34.112247467041016,13.854269981384277
TCGA_COAD,single_sample_rank,-15.854779243469238,1.2622638940811157,34.112247467041016,13.854269981384277
TCGA_COAD,single_sample_rank,-14.130888938903809,0.5875349640846252,34.112247467041016,13.854269981384277
TCGA_COAD,single_sample_rank,-14.726887702941895,0.09088873118162155,34.112247467041016,13.854269981384277
TCGA_COAD,single_sample_rank,-15.113118171691895,0.28192752599716187,34.112247467041016,13.854269981384277
TCGA_COAD,single_sample_rank,-14.606348991394043,1.6082764863967896,34.112247467041016,13.854269981384277
TCGA_COAD,single_sample_rank,-14.875391006469727,0.38071155548095703,34.112247467041016,13.854269981384277
TCGA_COAD,single_sample_rank,-14.795998573303223,0.250448077917099,34.112247467041016,13.854269981384277
TCGA_COAD,single_sample_rank,-15.111248016357422,0.5318843126296997,34.112247467041016,13.854269981384277
TCGA_COAD,single_sample_rank,-15.519624710083008,0.5283045768737793,34.112247467041016,13.854269981384277
TCGA_COAD,single_sample_rank,-15.839896202087402,0.9453940987586975,34.112247467041016,13.854269981384277
TCGA_COAD,single_sample_rank,-15.889115333557129,1.433545708656311,34.112247467041016,13.854269981384277
TCGA_COAD,single_sample_rank,-14.500584602355957,0.11464305967092514,34.112247467041016,13.854269981384277
TCGA_COAD,single_sample_rank,-12.529621124267578,-0.7094622254371643,34.112247467041016,13.854269981384277
TCGA_COAD,single_sample_rank,-15.397821426391602,0.78709477186203,34.112247467041016,13.854269981384277
TCGA_COAD,single_sample_rank,-15.106743812561035,1.7646478414535522,34.112247467041016,13.854269981384277
TCGA_COAD,single_sample_rank,-14.38576602935791,0.7872834205627441,34.112247467041016,13.854269981384277
TCGA_COAD,single_sample_rank,-15.918840408325195,2.1584367752075195,34.112247467041016,13.854269981384277
TCGA_COAD,single_sample_rank,-16.11546516418457,1.6851022243499756,34.112247467041016,13.854269981384277
TCGA_COAD,single_sample_rank,-15.780988693237305,1.231782078742981,34.112247467041016,13.854269981384277
TCGA_COAD,single_sample_rank,-16.31497573852539,1.0834187269210815,34.112247467041016,13.854269981384277
TCGA_COAD,single_sample_rank,-15.386241912841797,0.6863852143287659,34.112247467041016,13.854269981384277
TCGA_COAD,single_sample_rank,-15.779706954956055,2.2961761951446533,34.112247467041016,13.854269981384277
TCGA_COAD,single_sample_rank,-14.060381889343262,-0.5846158862113953,34.112247467041016,13.854269981384277
TCGA_COAD,single_sample_rank,-15.010814666748047,0.13820087909698486,34.112247467041016,13.854269981384277
TCGA_COAD,single_sample_rank,-14.65958309173584,0.009194226935505867,34.112247467041016,13.854269981384277
TCGA_COAD,single_sample_rank,-14.781705856323242,0.38187339901924133,34.112247467041016,13.854269981384277
TCGA_COAD,single_sample_rank,-16.197357177734375,1.5261977910995483,34.112247467041016,13.854269981384277
TCGA_COAD,single_sample_rank,-15.27192211151123,1.6290152072906494,34.112247467041016,13.854269981384277
TCGA_COAD,single_sample_rank,-14.468364715576172,0.8278347253799438,34.112247467041016,13.854269981384277
TCGA_COAD,single_sample_rank,-16.488252639770508,2.0320491790771484,34.112247467041016,13.854269981384277
TCGA_COAD,single_sample_rank,-16.699939727783203,2.0152502059936523,34.112247467041016,13.854269981384277
TCGA_COAD,single_sample_rank,-15.863738059997559,1.4143308401107788,34.112247467041016,13.854269981384277
TCGA_COAD,single_sample_rank,-15.77546215057373,1.5350078344345093,34.112247467041016,13.854269981384277
TCGA_COAD,single_sample_rank,-16.849485397338867,2.2750070095062256,34.112247467041016,13.854269981384277
TCGA_COAD,single_sample_rank,-15.452187538146973,1.7431302070617676,34.112247467041016,13.854269981384277
TCGA_COAD,single_sample_rank,-14.272048950195312,1.253504753112793,34.112247467041016,13.854269981384277
TCGA_COAD,single_sample_rank,-13.826714515686035,1.0996208190917969,34.112247467041016,13.854269981384277
TCGA_COAD,single_sample_rank,-15.12509822845459,1.0036649703979492,34.112247467041016,13.854269981384277
TCGA_COAD,single_sample_rank,-14.380090713500977,0.5514656901359558,34.112247467041016,13.854269981384277
TCGA_COAD,single_sample_rank,-13.168327331542969,0.054097987711429596,34.112247467041016,13.854269981384277
TCGA_COAD,single_sample_rank,-14.73136043548584,1.7607402801513672,34.112247467041016,13.854269981384277
TCGA_COAD,single_sample_rank,-14.246968269348145,0.9528006315231323,34.112247467041016,13.854269981384277
TCGA_COAD,single_sample_rank,-14.775350570678711,1.3336118459701538,34.112247467041016,13.854269981384277
TCGA_COAD,single_sample_rank,-15.874303817749023,1.483798861503601,34.112247467041016,13.854269981384277
TCGA_COAD,single_sample_rank,-14.937395095825195,1.2571922540664673,34.112247467041016,13.854269981384277
TCGA_COAD,single_sample_rank,-12.459253311157227,0.6278767585754395,34.112247467041016,13.854269981384277
GSE13294,single_sample_rank,6.3577117919921875,3.5293288230895996,34.112247467041016,13.854269981384277
GSE13294,single_sample_rank,6.618887424468994,3.6751277446746826,34.112247467041016,13.854269981384277
GSE13294,single_sample_rank,6.29020881652832,2.7100353240966797,34.112247467041016,13.854269981384277
GSE13294,single_sample_rank,6.250527381896973,3.3210763931274414,34.112247467041016,13.854269981384277
GSE13294,single_sample_rank,6.540484428405762,2.640303373336792,34.112247467041016,13.854269981384277
GSE13294,single_sample_rank,5.616090774536133,3.745375871658325,34.112247467041016,13.854269981384277
GSE13294,single_sample_rank,6.648065090179443,3.323560953140259,34.112247467041016,13.854269981384277
GSE13294,single_sample_rank,6.637186050415039,2.088776111602783,34.112247467041016,13.854269981384277
GSE13294,single_sample_rank,6.435286045074463,4.744978904724121,34.112247467041016,13.854269981384277
GSE13294,single_sample_rank,6.630680084228516,4.581543922424316,34.112247467041016,13.854269981384277
GSE13294,single_sample_rank,5.575634002685547,5.742956161499023,34.112247467041016,13.854269981384277
GSE13294,single_sample_rank,6.403310775756836,3.970270872116089,34.112247467041016,13.854269981384277
GSE13294,single_sample_rank,6.266875267028809,2.917161703109741,34.112247467041016,13.854269981384277
GSE13294,single_sample_rank,6.009411334991455,4.166036605834961,34.112247467041016,13.854269981384277
GSE13294,single_sample_rank,5.906623840332031,4.032535552978516,34.112247467041016,13.854269981384277
GSE13294,single_sample_rank,6.487067699432373,4.352881908416748,34.112247467041016,13.854269981384277
GSE13294,single_sample_rank,6.533416271209717,3.459606170654297,34.112247467041016,13.854269981384277
GSE13294,single_sample_rank,6.657464981079102,4.881229877471924,34.112247467041016,13.854269981384277
GSE13294,single_sample_rank,6.3212175369262695,3.8003175258636475,34.112247467041016,13.854269981384277
GSE13294,single_sample_rank,6.625324726104736,3.7569406032562256,34.112247467041016,13.854269981384277
GSE13294,single_sample_rank,5.942859649658203,4.67572546005249,34.112247467041016,13.854269981384277
GSE13294,single_sample_rank,6.374528884887695,3.995255708694458,34.112247467041016,13.854269981384277
GSE13294,single_sample_rank,6.4144134521484375,4.121434688568115,34.112247467041016,13.854269981384277
GSE13294,single_sample_rank,6.4110541343688965,3.0153591632843018,34.112247467041016,13.854269981384277
GSE13294,single_sample_rank,6.032342910766602,3.8177220821380615,34.112247467041016,13.854269981384277
GSE13294,single_sample_rank,6.665097236633301,4.373659133911133,34.112247467041016,13.854269981384277
GSE13294,single_sample_rank,6.616213798522949,3.2331035137176514,34.112247467041016,13.854269981384277
GSE13294,single_sample_rank,6.117521286010742,3.8523216247558594,34.112247467041016,13.854269981384277
GSE13294,single_sample_rank,6.278010368347168,4.331390857696533,34.112247467041016,13.854269981384277
GSE13294,single_sample_rank,6.401665687561035,3.8371613025665283,34.112247467041016,13.854269981384277
GSE13294,single_sample_rank,5.711169719696045,3.9120547771453857,34.112247467041016,13.854269981384277
GSE13294,single_sample_rank,6.198379039764404,4.720818042755127,34.112247467041016,13.854269981384277
GSE13294,single_sample_rank,6.296010494232178,4.941705226898193,34.112247467041016,13.854269981384277
GSE13294,single_sample_rank,6.327131748199463,5.128957748413086,34.112247467041016,13.854269981384277
GSE13294,single_sample_rank,5.4880266189575195,4.703939437866211,34.112247467041016,13.854269981384277
GSE13294,single_sample_rank,6.427396297454834,4.95896053314209,34.112247467041016,13.854269981384277
GSE13294,single_sample_rank,6.095521450042725,4.9486002922058105,34.112247467041016,13.854269981384277
GSE13294,single_sample_rank,5.79976749420166,2.2892935276031494,34.112247467041016,13.854269981384277
GSE13294,single_sample_rank,5.818473815917969,1.9592759609222412,34.112247467041016,13.854269981384277
GSE13294,single_sample_rank,5.926064968109131,1.8735103607177734,34.112247467041016,13.854269981384277
GSE13294,single_sample_rank,5.754534721374512,1.0567843914031982,34.112247467041016,13.854269981384277
GSE13294,single_sample_rank,6.220527648925781,3.1981801986694336,34.112247467041016,13.854269981384277
GSE13294,single_sample_rank,7.230073928833008,1.7954026460647583,34.112247467041016,13.854269981384277
GSE13294,single_sample_rank,6.078874588012695,0.9368143081665039,34.112247467041016,13.854269981384277
GSE13294,single_sample_rank,6.932727813720703,2.308628559112549,34.112247467041016,13.854269981384277
GSE13294,single_sample_rank,6.142940998077393,3.1606998443603516,34.112247467041016,13.854269981384277
GSE13294,single_sample_rank,6.290535926818848,1.5604138374328613,34.112247467041016,13.854269981384277
GSE13294,single_sample_rank,6.5989861488342285,1.5575122833251953,34.112247467041016,13.854269981384277
GSE13294,single_sample_rank,5.457821846008301,1.2769705057144165,34.112247467041016,13.854269981384277
GSE13294,single_sample_rank,6.346024036407471,4.154431343078613,34.112247467041016,13.854269981384277
GSE13294,single_sample_rank,5.615582466125488,3.6407129764556885,34.112247467041016,13.854269981384277
GSE13294,single_sample_rank,6.290231227874756,1.7420151233673096,34.112247467041016,13.854269981384277
GSE13294,single_sample_rank,6.662736415863037,3.1097419261932373,34.112247467041016,13.854269981384277
GSE13294,single_sample_rank,7.6468024253845215,3.3911077976226807,34.112247467041016,13.854269981384277
GSE13294,single_sample_rank,6.854947566986084,2.91300630569458,34.112247467041016,13.854269981384277
GSE13294,single_sample_rank,6.372684955596924,4.185147285461426,34.112247467041016,13.854269981384277
GSE13294,single_sample_rank,6.065280437469482,3.6640498638153076,34.112247467041016,13.854269981384277
GSE13294,single_sample_rank,5.892029762268066,1.7170281410217285,34.112247467041016,13.854269981384277
GSE13294,single_sample_rank,6.3866987228393555,2.5352323055267334,34.112247467041016,13.854269981384277
GSE13294,single_sample_rank,5.927674770355225,1.2917900085449219,34.112247467041016,13.854269981384277
GSE13294,single_sample_rank,6.82461404800415,2.6896145343780518,34.112247467041016,13.854269981384277
GSE13294,single_sample_rank,6.059689044952393,1.7306679487228394,34.112247467041016,13.854269981384277
GSE13294,single_sample_rank,5.6931657791137695,2.3348374366760254,34.112247467041016,13.854269981384277
GSE13294,single_sample_rank,5.698665142059326,2.5422255992889404,34.112247467041016,13.854269981384277
GSE13294,single_sample_rank,7.120758533477783,3.7851200103759766,34.112247467041016,13.854269981384277
GSE13294,single_sample_rank,6.4716362953186035,2.9527111053466797,34.112247467041016,13.854269981384277
GSE13294,single_sample_rank,6.517751216888428,4.260955333709717,34.112247467041016,13.854269981384277
GSE13294,single_sample_rank,6.150211334228516,3.1362719535827637,34.112247467041016,13.854269981384277
GSE13294,single_sample_rank,6.606673240661621,3.5444188117980957,34.112247467041016,13.854269981384277
GSE13294,single_sample_rank,6.049023628234863,2.6680259704589844,34.112247467041016,13.854269981384277
GSE13294,single_sample_rank,6.535356044769287,3.5710947513580322,34.112247467041016,13.854269981384277
GSE13294,single_sample_rank,6.055322647094727,2.7141010761260986,34.112247467041016,13.854269981384277
GSE13294,single_sample_rank,5.616110801696777,1.8590517044067383,34.112247467041016,13.854269981384277
GSE13294,single_sample_rank,6.025928974151611,2.351558208465576,34.112247467041016,13.854269981384277
GSE13294,single_sample_rank,5.308693885803223,1.8576854467391968,34.112247467041016,13.854269981384277
GSE13294,single_sample_rank,6.020270347595215,3.252314805984497,34.112247467041016,13.854269981384277
GSE13294,single_sample_rank,5.767921447753906,2.7156496047973633,34.112247467041016,13.854269981384277
GSE13294,single_sample_rank,5.8168840408325195,3.572222948074341,34.112247467041016,13.854269981384277
GSE13294,single_sample_rank,5.905412197113037,2.808264970779419,34.112247467041016,13.854269981384277
GSE13294,single_sample_rank,5.335063457489014,3.1019575595855713,34.112247467041016,13.854269981384277
GSE13294,single_sample_rank,5.7816901206970215,3.646482229232788,34.112247467041016,13.854269981384277
GSE13294,single_sample_rank,6.038444995880127,2.7318615913391113,34.112247467041016,13.854269981384277
GSE13294,single_sample_rank,5.997824668884277,1.9667936563491821,34.112247467041016,13.854269981384277
GSE13294,single_sample_rank,6.346801280975342,2.923440456390381,34.112247467041016,13.854269981384277
GSE13294,single_sample_rank,6.042062282562256,2.3468315601348877,34.112247467041016,13.854269981384277
GSE13294,single_sample_rank,5.526108741760254,3.456784963607788,34.112247467041016,13.854269981384277
GSE13294,single_sample_rank,5.803034782409668,1.8559799194335938,34.112247467041016,13.854269981384277
GSE13294,single_sample_rank,5.425741672515869,3.018944025039673,34.112247467041016,13.854269981384277
GSE13294,single_sample_rank,5.417754650115967,3.144109010696411,34.112247467041016,13.854269981384277
GSE13294,single_sample_rank,5.320700645446777,2.3659300804138184,34.112247467041016,13.854269981384277
GSE13294,single_sample_rank,6.339301109313965,1.4460914134979248,34.112247467041016,13.854269981384277
GSE13294,single_sample_rank,5.512279510498047,2.6742985248565674,34.112247467041016,13.854269981384277
GSE13294,single_sample_rank,6.193424701690674,2.1937527656555176,34.112247467041016,13.854269981384277
GSE13294,single_sample_rank,5.570660591125488,2.08634877204895,34.112247467041016,13.854269981384277
GSE13294,single_sample_rank,6.253232002258301,2.6107537746429443,34.112247467041016,13.854269981384277
GSE13294,single_sample_rank,6.02852201461792,2.0534586906433105,34.112247467041016,13.854269981384277
GSE13294,single_sample_rank,6.411497592926025,2.232987880706787,34.112247467041016,13.854269981384277
GSE13294,single_sample_rank,6.592675685882568,2.8408398628234863,34.112247467041016,13.854269981384277
GSE13294,single_sample_rank,5.591053485870361,3.4277055263519287,34.112247467041016,13.854269981384277
GSE13294,single_sample_rank,5.536428928375244,2.3522932529449463,34.112247467041016,13.854269981384277
GSE13294,single_sample_rank,5.872996807098389,1.9738562107086182,34.112247467041016,13.854269981384277
GSE13294,single_sample_rank,5.733087062835693,2.402658224105835,34.112247467041016,13.854269981384277
GSE13294,single_sample_rank,6.506399631500244,2.4495270252227783,34.112247467041016,13.854269981384277
GSE13294,single_sample_rank,6.456205368041992,3.195535898208618,34.112247467041016,13.854269981384277
GSE13294,single_sample_rank,5.979380130767822,4.084052085876465,34.112247467041016,13.854269981384277
GSE13294,single_sample_rank,6.213662624359131,2.6290018558502197,34.112247467041016,13.854269981384277
GSE13294,single_sample_rank,5.719925880432129,2.0268421173095703,34.112247467041016,13.854269981384277
GSE13294,single_sample_rank,6.960822582244873,2.8141849040985107,34.112247467041016,13.854269981384277
GSE13294,single_sample_rank,6.382111072540283,2.9732208251953125,34.112247467041016,13.854269981384277
GSE13294,single_sample_rank,5.938820838928223,3.8747360706329346,34.112247467041016,13.854269981384277
GSE13294,single_sample_rank,6.848559856414795,2.777597188949585,34.112247467041016,13.854269981384277
GSE13294,single_sample_rank,5.910733699798584,2.9130284786224365,34.112247467041016,13.854269981384277
GSE13294,single_sample_rank,4.891550064086914,4.307924747467041,34.112247467041016,13.854269981384277
GSE13294,single_sample_rank,5.732507705688477,3.875868797302246,34.112247467041016,13.854269981384277
GSE13294,single_sample_rank,5.812567234039307,3.6630806922912598,34.112247467041016,13.854269981384277
GSE13294,single_sample_rank,5.773560047149658,3.4714620113372803,34.112247467041016,13.854269981384277
GSE13294,single_sample_rank,5.657690525054932,2.9899866580963135,34.112247467041016,13.854269981384277
GSE13294,single_sample_rank,5.4202728271484375,3.3945515155792236,34.112247467041016,13.854269981384277
GSE13294,single_sample_rank,5.533623695373535,3.3125827312469482,34.112247467041016,13.854269981384277
GSE13294,single_sample_rank,7.2125043869018555,4.4962239265441895,34.112247467041016,13.854269981384277
GSE13294,single_sample_rank,6.41636848449707,3.406853437423706,34.112247467041016,13.854269981384277
GSE13294,single_sample_rank,5.7892537117004395,3.5362284183502197,34.112247467041016,13.854269981384277
GSE13294,single_sample_rank,6.3663787841796875,3.839446544647217,34.112247467041016,13.854269981384277
GSE13294,single_sample_rank,4.868705749511719,5.421710968017578,34.112247467041016,13.854269981384277
GSE13294,single_sample_rank,5.678658485412598,3.2351386547088623,34.112247467041016,13.854269981384277
GSE13294,single_sample_rank,5.57879114151001,3.6869916915893555,34.112247467041016,13.854269981384277
GSE13294,single_sample_rank,6.370253562927246,1.4066166877746582,34.112247467041016,13.854269981384277
GSE13294,single_sample_rank,7.339531898498535,4.195463180541992,34.112247467041016,13.854269981384277
GSE13294,single_sample_rank,5.744183540344238,3.0476233959198,34.112247467041016,13.854269981384277
GSE13294,single_sample_rank,5.993905067443848,3.6882147789001465,34.112247467041016,13.854269981384277
GSE13294,single_sample_rank,6.350674152374268,3.9213614463806152,34.112247467041016,13.854269981384277
GSE13294,single_sample_rank,6.78250789642334,3.7943997383117676,34.112247467041016,13.854269981384277
GSE13294,single_sample_rank,6.994921684265137,2.4122846126556396,34.112247467041016,13.854269981384277
GSE13294,single_sample_rank,5.447836875915527,3.804384469985962,34.112247467041016,13.854269981384277
GSE13294,single_sample_rank,5.898891448974609,3.869530439376831,34.112247467041016,13.854269981384277
GSE13294,single_sample_rank,6.790220737457275,4.300822734832764,34.112247467041016,13.854269981384277
GSE13294,single_sample_rank,6.296536445617676,2.757157564163208,34.112247467041016,13.854269981384277
GSE13294,single_sample_rank,6.93976354598999,3.014937162399292,34.112247467041016,13.854269981384277
GSE13294,single_sample_rank,4.806553840637207,1.7936588525772095,34.112247467041016,13.854269981384277
GSE13294,single_sample_rank,6.845658779144287,3.1526176929473877,34.112247467041016,13.854269981384277
GSE13294,single_sample_rank,5.814526081085205,3.369917631149292,34.112247467041016,13.854269981384277
GSE13294,single_sample_rank,5.692659854888916,3.3354692459106445,34.112247467041016,13.854269981384277
GSE13294,single_sample_rank,6.011410236358643,3.7027459144592285,34.112247467041016,13.854269981384277
GSE13294,single_sample_rank,6.474818706512451,4.105379104614258,34.112247467041016,13.854269981384277
GSE13294,single_sample_rank,6.424123764038086,4.201819896697998,34.112247467041016,13.854269981384277
GSE13294,single_sample_rank,5.970247745513916,4.163946628570557,34.112247467041016,13.854269981384277
GSE13294,single_sample_rank,6.54543924331665,3.1460156440734863,34.112247467041016,13.854269981384277
GSE13294,single_sample_rank,5.823705196380615,4.330322265625,34.112247467041016,13.854269981384277
GSE13294,single_sample_rank,6.728137493133545,3.8135428428649902,34.112247467041016,13.854269981384277
GSE13294,single_sample_rank,6.280202388763428,3.6893575191497803,34.112247467041016,13.854269981384277
GSE13294,single_sample_rank,6.611564636230469,3.4434268474578857,34.112247467041016,13.854269981384277
GSE13294,single_sample_rank,6.45565938949585,2.6416828632354736,34.112247467041016,13.854269981384277
GSE13294,single_sample_rank,6.51299524307251,3.533045530319214,34.112247467041016,13.854269981384277
GSE13294,single_sample_rank,5.683193206787109,3.318662166595459,34.112247467041016,13.854269981384277
GSE13294,single_sample_rank,6.923914909362793,3.974407434463501,34.112247467041016,13.854269981384277
GSE13067,single_sample_rank,7.908073902130127,2.7206079959869385,34.112247467041016,13.854269981384277
GSE13067,single_sample_rank,7.547948837280273,1.718082308769226,34.112247467041016,13.854269981384277
GSE13067,single_sample_rank,7.12691593170166,1.0643818378448486,34.112247467041016,13.854269981384277
GSE13067,single_sample_rank,7.486107349395752,0.8770744204521179,34.112247467041016,13.854269981384277
GSE13067,single_sample_rank,7.411343097686768,3.559504270553589,34.112247467041016,13.854269981384277
GSE13067,single_sample_rank,7.150102138519287,2.1178078651428223,34.112247467041016,13.854269981384277
GSE13067,single_sample_rank,7.033875942230225,4.196685314178467,34.112247467041016,13.854269981384277
GSE13067,single_sample_rank,7.1151556968688965,3.59236741065979,34.112247467041016,13.854269981384277
GSE13067,single_sample_rank,6.9548797607421875,1.448124885559082,34.112247467041016,13.854269981384277
GSE13067,single_sample_rank,7.603163242340088,3.6816442012786865,34.112247467041016,13.854269981384277
GSE13067,single_sample_rank,7.154392719268799,2.221885919570923,34.112247467041016,13.854269981384277
GSE13067,single_sample_rank,6.723343372344971,4.431626796722412,34.112247467041016,13.854269981384277
GSE13067,single_sample_rank,7.353342056274414,1.4540289640426636,34.112247467041016,13.854269981384277
GSE13067,single_sample_rank,6.652324199676514,2.0296549797058105,34.112247467041016,13.854269981384277
GSE13067,single_sample_rank,6.849294185638428,3.117033004760742,34.112247467041016,13.854269981384277
GSE13067,single_sample_rank,7.847377300262451,2.9564261436462402,34.112247467041016,13.854269981384277
GSE13067,single_sample_rank,7.778615951538086,4.035894870758057,34.112247467041016,13.854269981384277
GSE13067,single_sample_rank,6.6562395095825195,1.7811436653137207,34.112247467041016,13.854269981384277
GSE13067,single_sample_rank,7.539113521575928,3.758415460586548,34.112247467041016,13.854269981384277
GSE13067,single_sample_rank,7.389708995819092,2.9467432498931885,34.112247467041016,13.854269981384277
GSE13067,single_sample_rank,6.924385070800781,2.682908296585083,34.112247467041016,13.854269981384277
GSE13067,single_sample_rank,7.167479515075684,3.8346171379089355,34.112247467041016,13.854269981384277
GSE13067,single_sample_rank,7.232048511505127,3.2985453605651855,34.112247467041016,13.854269981384277
GSE13067,single_sample_rank,6.964400291442871,2.7393689155578613,34.112247467041016,13.854269981384277
GSE13067,single_sample_rank,7.054160118103027,2.4509470462799072,34.112247467041016,13.854269981384277
GSE13067,single_sample_rank,6.819508075714111,2.6041054725646973,34.112247467041016,13.854269981384277
GSE13067,single_sample_rank,6.802626132965088,2.808134078979492,34.112247467041016,13.854269981384277
GSE13067,single_sample_rank,7.203771114349365,4.221877098083496,34.112247467041016,13.854269981384277
GSE13067,single_sample_rank,6.605380535125732,2.98136043548584,34.112247467041016,13.854269981384277
GSE13067,single_sample_rank,6.319841384887695,3.1901748180389404,34.112247467041016,13.854269981384277
GSE13067,single_sample_rank,7.390148639678955,2.0664961338043213,34.112247467041016,13.854269981384277
GSE13067,single_sample_rank,6.615149021148682,4.514898777008057,34.112247467041016,13.854269981384277
GSE13067,single_sample_rank,7.235867977142334,2.6584343910217285,34.112247467041016,13.854269981384277
GSE13067,single_sample_rank,7.6234846115112305,3.554425001144409,34.112247467041016,13.854269981384277
GSE13067,single_sample_rank,7.229137420654297,2.6911356449127197,34.112247467041016,13.854269981384277
GSE13067,single_sample_rank,7.340657711029053,3.0594747066497803,34.112247467041016,13.854269981384277
GSE13067,single_sample_rank,6.885801315307617,2.4274773597717285,34.112247467041016,13.854269981384277
GSE13067,single_sample_rank,6.836899757385254,2.714747190475464,34.112247467041016,13.854269981384277
GSE13067,single_sample_rank,6.8345441818237305,2.7708017826080322,34.112247467041016,13.854269981384277
GSE13067,single_sample_rank,6.689549922943115,3.218407392501831,34.112247467041016,13.854269981384277
GSE13067,single_sample_rank,6.725490093231201,3.3810575008392334,34.112247467041016,13.854269981384277
GSE13067,single_sample_rank,6.720376014709473,1.5533305406570435,34.112247467041016,13.854269981384277
GSE13067,single_sample_rank,6.913604736328125,3.1830127239227295,34.112247467041016,13.854269981384277
GSE13067,single_sample_rank,6.73414945602417,3.756610155105591,34.112247467041016,13.854269981384277
GSE13067,single_sample_rank,6.7769317626953125,2.581146717071533,34.112247467041016,13.854269981384277
GSE13067,single_sample_rank,7.094882011413574,4.5169677734375,34.112247467041016,13.854269981384277
GSE13067,single_sample_rank,7.22447395324707,3.944319725036621,34.112247467041016,13.854269981384277
GSE13067,single_sample_rank,6.828742504119873,2.4166972637176514,34.112247467041016,13.854269981384277
GSE13067,single_sample_rank,6.925594329833984,4.183020114898682,34.112247467041016,13.854269981384277
GSE13067,single_sample_rank,6.795389175415039,4.342946529388428,34.112247467041016,13.854269981384277
GSE13067,single_sample_rank,7.121181488037109,3.6529791355133057,34.112247467041016,13.854269981384277
GSE13067,single_sample_rank,7.319443702697754,4.026339054107666,34.112247467041016,13.854269981384277
GSE13067,single_sample_rank,7.123081684112549,2.5305256843566895,34.112247467041016,13.854269981384277
GSE13067,single_sample_rank,7.212418079376221,2.120161533355713,34.112247467041016,13.854269981384277
GSE13067,single_sample_rank,7.887983798980713,2.3720662593841553,34.112247467041016,13.854269981384277
GSE13067,single_sample_rank,7.014593601226807,2.1459975242614746,34.112247467041016,13.854269981384277
GSE13067,single_sample_rank,6.6788201332092285,2.0717077255249023,34.112247467041016,13.854269981384277
GSE13067,single_sample_rank,7.895147800445557,2.4064135551452637,34.112247467041016,13.854269981384277
GSE13067,single_sample_rank,7.860060691833496,2.9910683631896973,34.112247467041016,13.854269981384277
GSE13067,single_sample_rank,7.664324760437012,2.5228850841522217,34.112247467041016,13.854269981384277
GSE13067,single_sample_rank,6.62069034576416,2.952087640762329,34.112247467041016,13.854269981384277
GSE13067,single_sample_rank,6.964204788208008,3.700319766998291,34.112247467041016,13.854269981384277
GSE13067,single_sample_rank,6.852355003356934,3.383125066757202,34.112247467041016,13.854269981384277
GSE13067,single_sample_rank,7.020622730255127,4.623544216156006,34.112247467041016,13.854269981384277
GSE13067,single_sample_rank,6.843771934509277,3.09969162940979,34.112247467041016,13.854269981384277
GSE13067,single_sample_rank,7.382562637329102,2.927983283996582,34.112247467041016,13.854269981384277
GSE13067,single_sample_rank,7.879550457000732,2.9384050369262695,34.112247467041016,13.854269981384277
GSE13067,single_sample_rank,7.517397403717041,2.555666446685791,34.112247467041016,13.854269981384277
GSE13067,single_sample_rank,7.764065742492676,1.7847014665603638,34.112247467041016,13.854269981384277
GSE13067,single_sample_rank,7.846436977386475,2.2886743545532227,34.112247467041016,13.854269981384277
GSE13067,single_sample_rank,7.46824312210083,3.7243504524230957,34.112247467041016,13.854269981384277
GSE13067,single_sample_rank,7.532216548919678,3.0892653465270996,34.112247467041016,13.854269981384277
GSE13067,single_sample_rank,7.737442970275879,2.7861273288726807,34.112247467041016,13.854269981384277
GSE13067,single_sample_rank,7.8590545654296875,1.4417582750320435,34.112247467041016,13.854269981384277
GSE18088,single_sample_rank,3.8445916175842285,5.24733304977417,34.112247467041016,13.854269981384277
GSE18088,single_sample_rank,3.2931859493255615,4.246212959289551,34.112247467041016,13.854269981384277
GSE18088,single_sample_rank,3.4253733158111572,3.681424617767334,34.112247467041016,13.854269981384277
GSE18088,single_sample_rank,3.6394941806793213,4.035982131958008,34.112247467041016,13.854269981384277
GSE18088,single_sample_rank,4.180385589599609,3.1580967903137207,34.112247467041016,13.854269981384277
GSE18088,single_sample_rank,3.410032033920288,4.138829708099365,34.112247467041016,13.854269981384277
GSE18088,single_sample_rank,3.556735038757324,4.211780548095703,34.112247467041016,13.854269981384277
GSE18088,single_sample_rank,4.737174034118652,2.7949626445770264,34.112247467041016,13.854269981384277
GSE18088,single_sample_rank,5.120213985443115,2.676943302154541,34.112247467041016,13.854269981384277
GSE18088,single_sample_rank,4.128000736236572,3.5693159103393555,34.112247467041016,13.854269981384277
GSE18088,single_sample_rank,3.705137252807617,4.620729446411133,34.112247467041016,13.854269981384277
GSE18088,single_sample_rank,3.5081098079681396,5.146108627319336,34.112247467041016,13.854269981384277
GSE18088,single_sample_rank,4.041460990905762,3.5698771476745605,34.112247467041016,13.854269981384277
GSE18088,single_sample_rank,3.973830223083496,3.989396572113037,34.112247467041016,13.854269981384277
GSE18088,single_sample_rank,4.489441394805908,4.540945053100586,34.112247467041016,13.854269981384277
GSE18088,single_sample_rank,3.855228900909424,4.631590366363525,34.112247467041016,13.854269981384277
GSE18088,single_sample_rank,4.051523685455322,4.714258193969727,34.112247467041016,13.854269981384277
GSE18088,single_sample_rank,3.4903886318206787,4.409855842590332,34.112247467041016,13.854269981384277
GSE18088,single_sample_rank,3.76293683052063,3.085596799850464,34.112247467041016,13.854269981384277
GSE18088,single_sample_rank,3.957839250564575,4.132081985473633,34.112247467041016,13.854269981384277
GSE18088,single_sample_rank,3.898784875869751,4.72871208190918,34.112247467041016,13.854269981384277
GSE18088,single_sample_rank,3.767686605453491,4.48244047164917,34.112247467041016,13.854269981384277
GSE18088,single_sample_rank,3.4220478534698486,3.4650285243988037,34.112247467041016,13.854269981384277
GSE18088,single_sample_rank,3.708911657333374,3.9183881282806396,34.112247467041016,13.854269981384277
GSE18088,single_sample_rank,3.701967716217041,2.5533299446105957,34.112247467041016,13.854269981384277
GSE18088,single_sample_rank,4.1070427894592285,4.893865585327148,34.112247467041016,13.854269981384277
GSE18088,single_sample_rank,3.298790216445923,5.47334623336792,34.112247467041016,13.854269981384277
GSE18088,single_sample_rank,3.960458278656006,4.832314491271973,34.112247467041016,13.854269981384277
GSE18088,single_sample_rank,3.5248920917510986,3.3914027214050293,34.112247467041016,13.854269981384277
GSE18088,single_sample_rank,3.351170063018799,4.21321964263916,34.112247467041016,13.854269981384277
GSE18088,single_sample_rank,3.1252787113189697,3.762084722518921,34.112247467041016,13.854269981384277
GSE18088,single_sample_rank,3.604888439178467,4.48388147354126,34.112247467041016,13.854269981384277
GSE18088,single_sample_rank,3.351667881011963,5.127699375152588,34.112247467041016,13.854269981384277
GSE18088,single_sample_rank,4.419203281402588,3.816169500350952,34.112247467041016,13.854269981384277
GSE18088,single_sample_rank,4.193266868591309,4.6362199783325195,34.112247467041016,13.854269981384277
GSE18088,single_sample_rank,3.4994566440582275,4.729844570159912,34.112247467041016,13.854269981384277
GSE18088,single_sample_rank,4.085285663604736,4.149097919464111,34.112247467041016,13.854269981384277
GSE18088,single_sample_rank,3.4291634559631348,4.222604751586914,34.112247467041016,13.854269981384277
GSE18088,single_sample_rank,4.025562286376953,4.658603191375732,34.112247467041016,13.854269981384277
GSE18088,single_sample_rank,3.698256254196167,3.8113114833831787,34.112247467041016,13.854269981384277
GSE18088,single_sample_rank,3.8110578060150146,4.899199485778809,34.112247467041016,13.854269981384277
GSE18088,single_sample_rank,3.7248687744140625,4.898373603820801,34.112247467041016,13.854269981384277
GSE18088,single_sample_rank,3.4774909019470215,5.238255023956299,34.112247467041016,13.854269981384277
GSE18088,single_sample_rank,3.343015432357788,4.386178493499756,34.112247467041016,13.854269981384277
GSE18088,single_sample_rank,3.7511703968048096,3.4021682739257812,34.112247467041016,13.854269981384277
GSE18088,single_sample_rank,3.63173770904541,3.957404136657715,34.112247467041016,13.854269981384277
GSE18088,single_sample_rank,3.6295006275177,3.500455379486084,34.112247467041016,13.854269981384277
GSE18088,single_sample_rank,5.0501508712768555,3.3888890743255615,34.112247467041016,13.854269981384277
GSE18088,single_sample_rank,4.9457831382751465,3.9176337718963623,34.112247467041016,13.854269981384277
GSE18088,single_sample_rank,4.818838596343994,4.658622741699219,34.112247467041016,13.854269981384277
GSE18088,single_sample_rank,3.5384445190429688,3.9341578483581543,34.112247467041016,13.854269981384277
GSE18088,single_sample_rank,5.019773006439209,3.4087319374084473,34.112247467041016,13.854269981384277
GSE18088,single_sample_rank,3.722599506378174,1.7921353578567505,34.112247467041016,13.854269981384277
GSE26682,single_sample_rank,2.7116708755493164,-10.67505931854248,34.112247467041016,13.854269981384277
GSE26682,single_sample_rank,2.6379148960113525,-10.622838020324707,34.112247467041016,13.854269981384277
GSE26682,single_sample_rank,3.4609076976776123,-9.617735862731934,34.112247467041016,13.854269981384277
GSE26682,single_sample_rank,3.400866746902466,-10.882652282714844,34.112247467041016,13.854269981384277
GSE26682,single_sample_rank,2.3170573711395264,-10.0809326171875,34.112247467041016,13.854269981384277
GSE26682,single_sample_rank,2.4410834312438965,-9.39280891418457,34.112247467041016,13.854269981384277
GSE26682,single_sample_rank,2.9487221240997314,-10.934240341186523,34.112247467041016,13.854269981384277
GSE26682,single_sample_rank,3.902620315551758,-11.529387474060059,34.112247467041016,13.854269981384277
GSE26682,single_sample_rank,3.9508514404296875,-11.454275131225586,34.112247467041016,13.854269981384277
GSE26682,single_sample_rank,2.483431816101074,-9.337509155273438,34.112247467041016,13.854269981384277
GSE26682,single_sample_rank,3.3375658988952637,-9.864039421081543,34.112247467041016,13.854269981384277
GSE26682,single_sample_rank,2.251577138900757,-10.822699546813965,34.112247467041016,13.854269981384277
GSE26682,single_sample_rank,3.9089787006378174,-8.850693702697754,34.112247467041016,13.854269981384277
GSE26682,single_sample_rank,2.6771934032440186,-10.183999061584473,34.112247467041016,13.854269981384277
GSE26682,single_sample_rank,4.439479351043701,-10.611806869506836,34.112247467041016,13.854269981384277
GSE26682,single_sample_rank,3.2496390342712402,-10.327289581298828,34.112247467041016,13.854269981384277
GSE26682,single_sample_rank,3.3729934692382812,-11.529215812683105,34.112247467041016,13.854269981384277
GSE26682,single_sample_rank,2.140000104904175,-9.964630126953125,34.112247467041016,13.854269981384277
GSE26682,single_sample_rank,2.9437453746795654,-10.312910079956055,34.112247467041016,13.854269981384277
GSE26682,single_sample_rank,3.288843870162964,-10.995482444763184,34.112247467041016,13.854269981384277
GSE26682,single_sample_rank,3.7404963970184326,-11.051424980163574,34.112247467041016,13.854269981384277
GSE26682,single_sample_rank,1.9034098386764526,-10.271733283996582,34.112247467041016,13.854269981384277
GSE26682,single_sample_rank,3.0163276195526123,-9.601262092590332,34.112247467041016,13.854269981384277
GSE26682,single_sample_rank,2.45650577545166,-10.701112747192383,34.112247467041016,13.854269981384277
GSE26682,single_sample_rank,2.809267997741699,-9.388958930969238,34.112247467041016,13.854269981384277
GSE26682,single_sample_rank,3.384873867034912,-9.630085945129395,34.112247467041016,13.854269981384277
GSE26682,single_sample_rank,3.793240785598755,-9.5708589553833,34.112247467041016,13.854269981384277
GSE26682,single_sample_rank,2.8042407035827637,-8.888222694396973,34.112247467041016,13.854269981384277
GSE26682,single_sample_rank,2.956190824508667,-10.871857643127441,34.112247467041016,13.854269981384277
GSE26682,single_sample_rank,2.2848880290985107,-9.530911445617676,34.112247467041016,13.854269981384277
GSE26682,single_sample_rank,2.9866061210632324,-9.819306373596191,34.112247467041016,13.854269981384277
GSE26682,single_sample_rank,4.200573921203613,-11.723200798034668,34.112247467041016,13.854269981384277
GSE26682,single_sample_rank,3.187121868133545,-9.605767250061035,34.112247467041016,13.854269981384277
GSE26682,single_sample_rank,2.291931629180908,-9.658246994018555,34.112247467041016,13.854269981384277
GSE26682,single_sample_rank,1.5413823127746582,-10.596860885620117,34.112247467041016,13.854269981384277
GSE26682,single_sample_rank,2.8210971355438232,-11.739275932312012,34.112247467041016,13.854269981384277
GSE26682,single_sample_rank,3.079298973083496,-11.206429481506348,34.112247467041016,13.854269981384277
GSE26682,single_sample_rank,2.883782386779785,-10.974218368530273,34.112247467041016,13.854269981384277
GSE26682,single_sample_rank,2.218859910964966,-9.293701171875,34.112247467041016,13.854269981384277
GSE26682,single_sample_rank,3.1293437480926514,-11.916133880615234,34.112247467041016,13.854269981384277
GSE26682,single_sample_rank,2.1827030181884766,-11.44774341583252,34.112247467041016,13.854269981384277
GSE26682,single_sample_rank,2.5168209075927734,-11.367827415466309,34.112247467041016,13.854269981384277
GSE26682,single_sample_rank,2.6427111625671387,-10.004352569580078,34.112247467041016,13.854269981384277
GSE26682,single_sample_rank,3.2129476070404053,-11.703498840332031,34.112247467041016,13.854269981384277
GSE26682,single_sample_rank,3.345409631729126,-10.348467826843262,34.112247467041016,13.854269981384277
GSE26682,single_sample_rank,2.5168986320495605,-11.354497909545898,34.112247467041016,13.854269981384277
GSE26682,single_sample_rank,2.830782651901245,-9.683258056640625,34.112247467041016,13.854269981384277
GSE26682,single_sample_rank,2.95404314994812,-10.697712898254395,34.112247467041016,13.854269981384277
GSE26682,single_sample_rank,2.7535207271575928,-10.199662208557129,34.112247467041016,13.854269981384277
GSE26682,single_sample_rank,2.978970527648926,-11.385181427001953,34.112247467041016,13.854269981384277
GSE26682,single_sample_rank,1.1378077268600464,-9.589189529418945,34.112247467041016,13.854269981384277
GSE26682,single_sample_rank,3.00525164604187,-10.727697372436523,34.112247467041016,13.854269981384277
GSE26682,single_sample_rank,2.423598051071167,-10.27963924407959,34.112247467041016,13.854269981384277
GSE26682,single_sample_rank,3.2411227226257324,-9.228790283203125,34.112247467041016,13.854269981384277
GSE26682,single_sample_rank,3.4604251384735107,-10.481720924377441,34.112247467041016,13.854269981384277
GSE26682,single_sample_rank,3.171191692352295,-10.599743843078613,34.112247467041016,13.854269981384277
GSE26682,single_sample_rank,2.074658155441284,-9.648792266845703,34.112247467041016,13.854269981384277
GSE26682,single_sample_rank,2.820847272872925,-10.05100154876709,34.112247467041016,13.854269981384277
GSE26682,single_sample_rank,2.7113170623779297,-10.632133483886719,34.112247467041016,13.854269981384277
GSE26682,single_sample_rank,1.0418707132339478,-10.073973655700684,34.112247467041016,13.854269981384277
GSE26682,single_sample_rank,2.0064003467559814,-10.834025382995605,34.112247467041016,13.854269981384277
GSE26682,single_sample_rank,2.0698318481445312,-10.134533882141113,34.112247467041016,13.854269981384277
GSE26682,single_sample_rank,2.280895948410034,-10.424071311950684,34.112247467041016,13.854269981384277
GSE26682,single_sample_rank,2.479851007461548,-9.736360549926758,34.112247467041016,13.854269981384277
GSE26682,single_sample_rank,2.178295373916626,-9.623479843139648,34.112247467041016,13.854269981384277
GSE26682,single_sample_rank,2.0531346797943115,-10.711453437805176,34.112247467041016,13.854269981384277
GSE26682,single_sample_rank,2.2090907096862793,-10.024726867675781,34.112247467041016,13.854269981384277
GSE26682,single_sample_rank,2.3586254119873047,-9.53337574005127,34.112247467041016,13.854269981384277
GSE26682,single_sample_rank,3.7074248790740967,-11.20183277130127,34.112247467041016,13.854269981384277
GSE26682,single_sample_rank,3.1979291439056396,-10.968472480773926,34.112247467041016,13.854269981384277
GSE26682,single_sample_rank,2.2224762439727783,-10.195459365844727,34.112247467041016,13.854269981384277
GSE26682,single_sample_rank,2.9891912937164307,-10.820115089416504,34.112247467041016,13.854269981384277
GSE26682,single_sample_rank,2.5325772762298584,-9.569611549377441,34.112247467041016,13.854269981384277
GSE26682,single_sample_rank,2.6799490451812744,-11.10058307647705,34.112247467041016,13.854269981384277
GSE26682,single_sample_rank,2.896010160446167,-12.191280364990234,34.112247467041016,13.854269981384277
GSE26682,single_sample_rank,2.4068281650543213,-10.99592399597168,34.112247467041016,13.854269981384277
GSE26682,single_sample_rank,1.8739982843399048,-10.544313430786133,34.112247467041016,13.854269981384277
GSE26682,single_sample_rank,2.3468825817108154,-10.890748023986816,34.112247467041016,13.854269981384277
GSE26682,single_sample_rank,2.799309730529785,-9.101091384887695,34.112247467041016,13.854269981384277
GSE26682,single_sample_rank,2.748105764389038,-11.516277313232422,34.112247467041016,13.854269981384277
GSE26682,single_sample_rank,2.2616796493530273,-10.33668327331543,34.112247467041016,13.854269981384277
GSE26682,single_sample_rank,3.1287333965301514,-10.877546310424805,34.112247467041016,13.854269981384277
GSE26682,single_sample_rank,3.2762162685394287,-11.017520904541016,34.112247467041016,13.854269981384277
GSE26682,single_sample_rank,2.1002650260925293,-10.889509201049805,34.112247467041016,13.854269981384277
GSE26682,single_sample_rank,3.5210790634155273,-11.663105964660645,34.112247467041016,13.854269981384277
GSE26682,single_sample_rank,3.3287103176116943,-10.616540908813477,34.112247467041016,13.854269981384277
GSE26682,single_sample_rank,2.377216339111328,-10.806466102600098,34.112247467041016,13.854269981384277
GSE26682,single_sample_rank,2.782526731491089,-11.114990234375,34.112247467041016,13.854269981384277
GSE26682,single_sample_rank,3.4848783016204834,-10.612604141235352,34.112247467041016,13.854269981384277
GSE26682,single_sample_rank,2.6584420204162598,-10.425658226013184,34.112247467041016,13.854269981384277
GSE26682,single_sample_rank,3.534552812576294,-10.25710678100586,34.112247467041016,13.854269981384277
GSE26682,single_sample_rank,4.0272979736328125,-10.828764915466309,34.112247467041016,13.854269981384277
GSE26682,single_sample_rank,3.921299457550049,-9.892843246459961,34.112247467041016,13.854269981384277
GSE26682,single_sample_rank,1.9842685461044312,-9.996673583984375,34.112247467041016,13.854269981384277
GSE26682,single_sample_rank,2.8650667667388916,-11.458568572998047,34.112247467041016,13.854269981384277
GSE26682,single_sample_rank,2.407313823699951,-11.306192398071289,34.112247467041016,13.854269981384277
GSE26682,single_sample_rank,2.5134801864624023,-10.956644058227539,34.112247467041016,13.854269981384277
GSE26682,single_sample_rank,1.6460500955581665,-11.350066184997559,34.112247467041016,13.854269981384277
GSE26682,single_sample_rank,1.8921468257904053,-9.905200004577637,34.112247467041016,13.854269981384277
GSE26682,single_sample_rank,3.1931424140930176,-9.648222923278809,34.112247467041016,13.854269981384277
GSE26682,single_sample_rank,2.0046114921569824,-9.39787483215332,34.112247467041016,13.854269981384277
GSE26682,single_sample_rank,2.0918264389038086,-9.822370529174805,34.112247467041016,13.854269981384277
GSE26682,single_sample_rank,2.416551113128662,-9.291531562805176,34.112247467041016,13.854269981384277
GSE26682,single_sample_rank,2.540220260620117,-10.0641450881958,34.112247467041016,13.854269981384277
GSE26682,single_sample_rank,2.402175188064575,-10.28019905090332,34.112247467041016,13.854269981384277
GSE26682,single_sample_rank,2.493011474609375,-9.816740036010742,34.112247467041016,13.854269981384277
GSE26682,single_sample_rank,3.24356746673584,-10.995511054992676,34.112247467041016,13.854269981384277
GSE26682,single_sample_rank,1.6690360307693481,-9.692126274108887,34.112247467041016,13.854269981384277
GSE26682,single_sample_rank,2.566193103790283,-11.39254379272461,34.112247467041016,13.854269981384277
GSE26682,single_sample_rank,3.338810920715332,-10.636021614074707,34.112247467041016,13.854269981384277
GSE26682,single_sample_rank,1.8182603120803833,-10.512947082519531,34.112247467041016,13.854269981384277
GSE26682,single_sample_rank,3.20123553276062,-11.327994346618652,34.112247467041016,13.854269981384277
GSE26682,single_sample_rank,3.5079734325408936,-10.317694664001465,34.112247467041016,13.854269981384277
GSE26682,single_sample_rank,3.5596814155578613,-11.078721046447754,34.112247467041016,13.854269981384277
GSE26682,single_sample_rank,3.4416391849517822,-9.823101997375488,34.112247467041016,13.854269981384277
GSE26682,single_sample_rank,3.874018669128418,-9.92877197265625,34.112247467041016,13.854269981384277
GSE26682,single_sample_rank,3.1387078762054443,-11.139448165893555,34.112247467041016,13.854269981384277
GSE26682,single_sample_rank,3.3115923404693604,-9.453646659851074,34.112247467041016,13.854269981384277
GSE26682,single_sample_rank,3.4175071716308594,-11.268960952758789,34.112247467041016,13.854269981384277
GSE26682,single_sample_rank,3.7714288234710693,-10.198734283447266,34.112247467041016,13.854269981384277
GSE26682,single_sample_rank,3.3993165493011475,-9.581063270568848,34.112247467041016,13.854269981384277
GSE26682,single_sample_rank,3.587076425552368,-10.349543571472168,34.112247467041016,13.854269981384277
GSE26682,single_sample_rank,3.1580350399017334,-9.696737289428711,34.112247467041016,13.854269981384277
GSE26682,single_sample_rank,3.089725971221924,-11.607317924499512,34.112247467041016,13.854269981384277
GSE26682,single_sample_rank,1.4285677671432495,-8.512167930603027,34.112247467041016,13.854269981384277
GSE26682,single_sample_rank,1.936769723892212,-10.460826873779297,34.112247467041016,13.854269981384277
GSE26682,single_sample_rank,1.6705328226089478,-9.749034881591797,34.112247467041016,13.854269981384277
GSE26682,single_sample_rank,3.309283494949341,-10.200407028198242,34.112247467041016,13.854269981384277
GSE26682,single_sample_rank,0.8346236348152161,-8.341472625732422,34.112247467041016,13.854269981384277
GSE26682,single_sample_rank,1.9889323711395264,-10.806185722351074,34.112247467041016,13.854269981384277
GSE26682,single_sample_rank,2.870588779449463,-11.459498405456543,34.112247467041016,13.854269981384277
GSE26682,single_sample_rank,3.1762120723724365,-9.38748550415039,34.112247467041016,13.854269981384277
GSE26682,single_sample_rank,2.9455862045288086,-11.138204574584961,34.112247467041016,13.854269981384277
GSE26682,single_sample_rank,3.1180970668792725,-10.481382369995117,34.112247467041016,13.854269981384277
GSE26682,single_sample_rank,2.4155709743499756,-10.34060001373291,34.112247467041016,13.854269981384277
GSE26682,single_sample_rank,3.350008487701416,-11.544695854187012,34.112247467041016,13.854269981384277
GSE26682,single_sample_rank,2.4598495960235596,-10.767078399658203,34.112247467041016,13.854269981384277
GSE39084,single_sample_rank,4.737298965454102,4.230721950531006,34.112247467041016,13.854269981384277
GSE39084,single_sample_rank,5.403867244720459,4.652642726898193,34.112247467041016,13.854269981384277
GSE39084,single_sample_rank,4.368791103363037,4.247208595275879,34.112247467041016,13.854269981384277
GSE39084,single_sample_rank,4.551498889923096,4.541576862335205,34.112247467041016,13.854269981384277
GSE39084,single_sample_rank,4.472954273223877,5.780348300933838,34.112247467041016,13.854269981384277
GSE39084,single_sample_rank,4.69844388961792,4.511867523193359,34.112247467041016,13.854269981384277
GSE39084,single_sample_rank,4.929375648498535,4.5706305503845215,34.112247467041016,13.854269981384277
GSE39084,single_sample_rank,5.206742763519287,5.121749401092529,34.112247467041016,13.854269981384277
GSE39084,single_sample_rank,4.830092906951904,5.752731800079346,34.112247467041016,13.854269981384277
GSE39084,single_sample_rank,4.9204206466674805,4.281474590301514,34.112247467041016,13.854269981384277
GSE39084,single_sample_rank,5.117107391357422,4.281015396118164,34.112247467041016,13.854269981384277
GSE39084,single_sample_rank,4.358272552490234,4.471068859100342,34.112247467041016,13.854269981384277
GSE39084,single_sample_rank,5.069115161895752,4.141831874847412,34.112247467041016,13.854269981384277
GSE39084,single_sample_rank,4.513082027435303,4.374802589416504,34.112247467041016,13.854269981384277
GSE39084,single_sample_rank,5.113808631896973,3.749837636947632,34.112247467041016,13.854269981384277
GSE39084,single_sample_rank,4.793900012969971,3.7767114639282227,34.112247467041016,13.854269981384277
GSE39084,single_sample_rank,5.7577996253967285,4.704947471618652,34.112247467041016,13.854269981384277
GSE39084,single_sample_rank,4.31182861328125,5.6925859451293945,34.112247467041016,13.854269981384277
GSE39084,single_sample_rank,3.7068307399749756,4.355117321014404,34.112247467041016,13.854269981384277
GSE39084,single_sample_rank,4.837604522705078,5.199276447296143,34.112247467041016,13.854269981384277
GSE39084,single_sample_rank,4.055757522583008,4.836075782775879,34.112247467041016,13.854269981384277
GSE39084,single_sample_rank,4.7444586753845215,4.381755828857422,34.112247467041016,13.854269981384277
GSE39084,single_sample_rank,4.2036848068237305,4.298344135284424,34.112247467041016,13.854269981384277
GSE39084,single_sample_rank,4.018017292022705,4.414444446563721,34.112247467041016,13.854269981384277
GSE39084,single_sample_rank,5.268328666687012,5.3180460929870605,34.112247467041016,13.854269981384277
GSE39084,single_sample_rank,4.9184980392456055,5.14855432510376,34.112247467041016,13.854269981384277
GSE39084,single_sample_rank,5.019932746887207,4.769561290740967,34.112247467041016,13.854269981384277
GSE39084,single_sample_rank,5.616787433624268,5.289126873016357,34.112247467041016,13.854269981384277
GSE39084,single_sample_rank,5.40106725692749,4.97898530960083,34.112247467041016,13.854269981384277
GSE39084,single_sample_rank,5.07247257232666,5.270221710205078,34.112247467041016,13.854269981384277
GSE39084,single_sample_rank,5.224907875061035,5.584649562835693,34.112247467041016,13.854269981384277
GSE39084,single_sample_rank,4.925588130950928,4.837662696838379,34.112247467041016,13.854269981384277
GSE39084,single_sample_rank,5.520156383514404,4.087582111358643,34.112247467041016,13.854269981384277
GSE39084,single_sample_rank,3.115901470184326,4.623222827911377,34.112247467041016,13.854269981384277
GSE39084,single_sample_rank,6.030900478363037,4.512236595153809,34.112247467041016,13.854269981384277
GSE39084,single_sample_rank,4.819389343261719,4.55647087097168,34.112247467041016,13.854269981384277
GSE39084,single_sample_rank,5.220948696136475,3.808230400085449,34.112247467041016,13.854269981384277
GSE39084,single_sample_rank,5.401948928833008,4.907317161560059,34.112247467041016,13.854269981384277
GSE39084,single_sample_rank,5.137784004211426,3.3949546813964844,34.112247467041016,13.854269981384277
GSE39084,single_sample_rank,4.669173717498779,3.8105368614196777,34.112247467041016,13.854269981384277
GSE39084,single_sample_rank,5.321445465087891,4.938045501708984,34.112247467041016,13.854269981384277
GSE39084,single_sample_rank,4.9598708152771,3.985717296600342,34.112247467041016,13.854269981384277
GSE39084,single_sample_rank,4.941476821899414,5.076187610626221,34.112247467041016,13.854269981384277
GSE39084,single_sample_rank,4.837951183319092,4.932088375091553,34.112247467041016,13.854269981384277
GSE39084,single_sample_rank,5.0029072761535645,5.583298683166504,34.112247467041016,13.854269981384277
GSE39084,single_sample_rank,5.348380088806152,5.273990631103516,34.112247467041016,13.854269981384277
GSE39084,single_sample_rank,5.087696075439453,4.699232578277588,34.112247467041016,13.854269981384277
GSE39084,single_sample_rank,4.493338108062744,4.136101722717285,34.112247467041016,13.854269981384277
GSE39084,single_sample_rank,4.902980327606201,5.090578556060791,34.112247467041016,13.854269981384277
GSE39084,single_sample_rank,4.654716968536377,3.644465923309326,34.112247467041016,13.854269981384277
GSE39084,single_sample_rank,5.035731315612793,4.001116752624512,34.112247467041016,13.854269981384277
GSE39084,single_sample_rank,4.5929131507873535,4.035604000091553,34.112247467041016,13.854269981384277
GSE39084,single_sample_rank,4.5935187339782715,4.085842609405518,34.112247467041016,13.854269981384277
GSE39084,single_sample_rank,4.735666275024414,4.273036479949951,34.112247467041016,13.854269981384277
GSE39084,single_sample_rank,4.448907852172852,3.154520034790039,34.112247467041016,13.854269981384277
GSE39084,single_sample_rank,5.680285930633545,4.066965579986572,34.112247467041016,13.854269981384277
GSE39084,single_sample_rank,4.6840925216674805,5.241867542266846,34.112247467041016,13.854269981384277
GSE39084,single_sample_rank,4.362567901611328,5.080268859863281,34.112247467041016,13.854269981384277
GSE39084,single_sample_rank,4.71634578704834,5.001652717590332,34.112247467041016,13.854269981384277
GSE39084,single_sample_rank,4.3232340812683105,5.402696132659912,34.112247467041016,13.854269981384277
GSE39084,single_sample_rank,5.678192138671875,4.346493721008301,34.112247467041016,13.854269981384277
GSE39084,single_sample_rank,5.510262489318848,4.264952659606934,34.112247467041016,13.854269981384277
GSE39084,single_sample_rank,5.066098213195801,3.983114004135132,34.112247467041016,13.854269981384277
GSE39084,single_sample_rank,5.357889652252197,3.277275800704956,34.112247467041016,13.854269981384277
GSE39084,single_sample_rank,5.477211952209473,3.15757155418396,34.112247467041016,13.854269981384277
GSE39084,single_sample_rank,4.963352203369141,4.570755481719971,34.112247467041016,13.854269981384277
GSE39084,single_sample_rank,4.348537445068359,5.539214134216309,34.112247467041016,13.854269981384277
